$MeshFormat
2.2 0 8
$EndMeshFormat
$Nodes
2013
1 0 0 0
2 1.5 0 0
3 5 0 0
4 5 1 0
5 1.5 1 0
6 0 1 0
7 0.6 0.55 0
8 0.8 0.55 0
9 0 0.7 0
10 0 0.3 0
11 0.09999999999956016 0 0
12 0.1999999999991797 0 0
13 0.2999999999987273 0 0
14 0.399999999998371 0 0
15 0.4999999999980147 0 0
16 0.5999999999976584 0 0
17 0.6999999999973021 0 0
18 0.799999999997316 0 0
19 0.8999999999976995 0 0
20 0.9999999999980829 0 0
21 1.099999999998466 0 0
22 1.19999999999885 0 0
23 1.299999999999233 0 0
24 1.399999999999616 0 0
25 0.0499999999997871 0 0
26 0.1499999999993731 0 0
27 0.2499999999989535 0 0
28 0.3499999999985535 0 0
29 0.4499999999981982 0 0
30 0.5499999999978246 0 0
31 0.6499999999974704 0 0
32 0.7499999999971865 0 0
33 0.8499999999975114 0 0
34 0.9499999999978943 0 0
35 1.049999999998275 0 0
36 1.149999999998661 0 0
37 1.249999999999001 0 0
38 1.349999999999425 0 0
39 1.449999999999827 0 0
40 1.598398406406691 0 0
41 1.69956316622664 0 0
42 1.803572037350657 0 0
43 1.910505005593579 0 0
44 2.020444248140296 0 0
45 2.133474334969415 0 0
46 2.249682114879001 0 0
47 2.369156932883387 0 0
48 2.491990648637298 0 0
49 2.618277705187979 0 0
50 2.748115164958391 0 0
51 2.881602842581207 0 0
52 3.018843388647588 0 0
53 3.159942280436479 0 0
54 3.305008002622814 0 0
55 3.45415206721074 0 0
56 3.60748918701745 0 0
57 3.76513718708045 0 0
58 3.927217238287477 0 0
59 4.093853987411402 0 0
60 4.265175503547953 0 0
61 4.44131357396772 0 0
62 4.622403538742169 0 0
63 4.808584633364633 0 0
64 1.549199203203357 0 0
65 1.648980786316663 0 0
66 1.751567601788671 0 0
67 1.857038521472099 0 0
68 1.96547462686695 0 0
69 2.076959291554819 0 0
70 2.191578224924208 0 0
71 2.309419523881173 0 0
72 2.430573790760364 0 0
73 2.555134176912639 0 0
74 2.683196435073135 0 0
75 2.814859003769767 0 0
76 2.950223115614397 0 0
77 3.08939283454205 0 0
78 3.232475141529548 0 0
79 3.379580034916787 0 0
80 3.530820627114029 0 0
81 3.686313187048969 0 0
82 3.846177212683973 0 0
83 4.010535612849404 0 0
84 4.179514745479738 0 0
85 4.353244538757997 0 0
86 4.531858556354918 0 0
87 4.715494086053537 0 0
88 4.904292316682271 0 0
89 5 0.1999999999995579 0
90 5 0.3999999999989749 0
91 5 0.5999999999989468 0
92 5 0.7999999999994734 0
93 5 0.09999999999981678 0
94 5 0.2999999999992664 0
95 5 0.4999999999986832 0
96 5 0.6999999999992101 0
97 5 0.8999999999997367 0
98 4.808584633362061 1 0
99 4.622403538739024 1 0
100 4.441313573964803 1 0
101 4.265175503545255 1 0
102 4.093853987408912 1 0
103 3.927217238285182 1 0
104 3.765137187078344 1 0
105 3.607489187015524 1 0
106 3.454152067209565 1 0
107 3.305008002623656 1 0
108 3.159942280436959 1 0
109 3.018843388646401 1 0
110 2.881602842579925 1 0
111 2.748115164957249 1 0
112 2.618277705186969 1 0
113 2.491990648636413 1 0
114 2.369156932882623 1 0
115 2.249682114878349 1 0
116 2.133474334968872 1 0
117 2.020444248139856 1 0
118 1.910505005593236 1 0
119 1.803572037350407 1 0
120 1.699563166226477 1 0
121 1.598398406406613 1 0
122 4.904292316680941 1 0
123 4.715494086050587 1 0
124 4.531858556351828 1 0
125 4.353244538755165 1 0
126 4.179514745477161 1 0
127 4.010535612847018 1 0
128 3.84617721268177 1 0
129 3.686313187046926 1 0
130 3.530820627112526 1 0
131 3.37958003491661 1 0
132 3.23247514153046 1 0
133 3.089392834541631 1 0
134 2.950223115613143 1 0
135 2.814859003768591 1 0
136 2.683196435072086 1 0
137 2.555134176911691 1 0
138 2.430573790759518 1 0
139 2.309419523880486 1 0
140 2.191578224923628 1 0
141 2.076959291554378 1 0
142 1.965474626866533 1 0
143 1.857038521471798 1 0
144 1.751567601788488 1 0
145 1.648980786316545 1 0
146 1.549199203203352 1 0
147 1.400000000001087 1 0
148 1.300000000001012 1 0
149 1.2000000000015 1 0
150 1.100000000001219 1 0
151 1.000000000000967 1 0
152 0.900000000001412 1 0
153 0.8000000000018716 1 0
154 0.7000000000019609 1 0
155 0.6000000000016807 1 0
156 0.5000000000014007 1 0
157 0.4000000000011206 1 0
158 0.3000000000008405 1 0
159 0.2000000000005604 1 0
160 0.1000000000002801 1 0
161 1.450000000000543 1 0
162 1.350000000001042 1 0
163 1.250000000001313 1 0
164 1.150000000001281 1 0
165 1.050000000001072 1 0
166 0.9500000000012142 1 0
167 0.8500000000016594 1 0
168 0.7500000000020588 1 0
169 0.6500000000018265 1 0
170 0.5500000000013841 1 0
171 0.4500000000011282 1 0
172 0.3500000000008474 1 0
173 0.2500000000005476 1 0
174 0.1500000000003863 1 0
175 0.05000000000015215 1 0
176 0.6292893218811712 0.4792893218815194 0
177 0.6999999999996845 0.4500000000000001 0
178 0.7707106781185962 0.4792893218812868 0
179 0.6076120467488725 0.5117316567634882 0
180 0.6617316567631263 0.4576120467490225 0
181 0.7382683432363478 0.4576120467488046 0
182 0.7923879532510844 0.5117316567633843 0
183 0.7707106781188101 0.6207106781184996 0
184 0.7000000000003934 0.6500000000000001 0
185 0.629289321881475 0.6207106781187848 0
186 0.7923879532511916 0.5882683432363572 0
187 0.7382683432368575 0.6423879532509844 0
188 0.6617316567637539 0.6423879532512378 0
189 0.6076120467489107 0.5882683432366043 0
190 0 0.9000000000001807 0
191 0 0.8000000000001664 0
192 0 0.9500000000001064 0
193 0 0.8500000000004694 0
194 0 0.7500000000000832 0
195 0 0.6000000000002439 0
196 0 0.5000000000005315 0
197 0 0.4000000000002657 0
198 0 0.6500000000001219 0
199 0 0.5500000000003877 0
200 0 0.4500000000003366 0
201 0 0.3500000000001899 0
202 0 0.2000000000002564 0
203 0 0.1000000000002544 0
204 0 0.2500000000001282 0
205 0 0.1500000000003991 0
206 0 0.05000000000013985 0
207 1.297797345561487 0.5002888688906455 0
208 1.797090902794036 0.4998262600631559 0
209 2.300642600415605 0.491274637769746 0
210 2.813596617150187 0.4777528541384913 0
211 0.3162977735044363 0.4296239458085395 0
212 1.056639677336328 0.6909255533515355 0
213 0.33297256693407 0.7032867454276282 0
214 3.314787398311945 0.5093680153784258 0
215 1.038844615857621 0.3108657271408521 0
216 3.804642985280019 0.5000000000000835 0
217 1.555767259733486 0.6958763446288323 0
218 1.550698556099632 0.3055661166563022 0
219 4.275982125590374 0.5041103446137323 0
220 0.5689189394650843 0.2429008278963705 0
221 2.048802631539043 0.6876694924973195 0
222 2.051298905342069 0.3173161932951232 0
223 0.8264225583052018 0.2583524163251897 0
224 1.283133941352689 0.2499219197067918 0
225 1.306835909408539 0.7504787446873212 0
226 2.551574921091062 0.6902949745935346 0
227 2.523985502817195 0.3198192935235441 0
228 1.794636721095877 0.7527215393587842 0
229 1.792561535410759 0.2453886522892082 0
230 0.9960486667029105 0.51101779257693 0
231 0.8732130865370499 0.7912683801913234 0
232 0.523209291823232 0.7917990954712596 0
233 3.053766666151173 0.3149717017363584 0
234 3.025486411939408 0.6793025249047205 0
235 0.2049255951013881 0.1976372658836138 0
236 2.289695888022651 0.7346789490385347 0
237 2.303153885694349 0.2564995968124843 0
238 0.2071453641952625 0.5568296812020732 0
239 0.4233672359018462 0.5455583580981337 0
240 3.535350487692479 0.7082960261187085 0
241 3.540553915104873 0.2814573299808051 0
242 0.4952280678315751 0.3940060897709943 0
243 0.391217750609392 0.2601143937577666 0
244 0.7232502181040927 0.823063616773472 0
245 1.495628836134173 0.4999999999999826 0
246 2.798265049018605 0.7466502312913042 0
247 2.79620691770371 0.2477344364128552 0
248 4.651055831699363 0.3564065532925249 0
249 0.1767708774192683 0.8324718519845671 0
250 4.060394741843841 0.3048183072365427 0
251 4.055488572753531 0.6885483962867809 0
252 0.9172136648071788 0.6442569434522381 0
253 0.8920695908380494 0.3905561582130224 0
254 4.567857183559031 0.6858366476722466 0
255 1.982014692664899 0.4923209803486577 0
256 0.9712665373650211 0.154514863050477 0
257 1.135944645929393 0.1659580089248913 0
258 1.440252267660457 0.1695884927281749 0
259 3.298071025194703 0.2330445381917934 0
260 3.297402851820171 0.7717700287845712 0
261 1.161779603818139 0.8360031696350262 0
262 1.145034493819697 0.4404705948487541 0
263 1.45607779098986 0.834473348727538 0
264 0.1509163149379568 0.3848926720872543 0
265 1.642873919512797 0.834385322700406 0
266 1.648661632254411 0.1573613977188721 0
267 0.705314649836478 0.163845343258992 0
268 0.496677659465622 0.6553062396840553 0
269 1.2044658356816 0.6288809513261686 0
270 0.6947165117370647 0.3077618156024617 0
271 1.396256405310828 0.3688751320621837 0
272 0.3721421737820373 0.8604240220208655 0
273 1.944178770076671 0.8413344418346359 0
274 1.944178770076728 0.1586655581653874 0
275 2.525798234590604 0.5026885922734675 0
276 3.799913109926671 0.7460583004499509 0
277 3.781758359765388 0.2468815531591062 0
278 1.64658263169818 0.5605028411034581 0
279 1.401626936520986 0.6294504135757644 0
280 1.694521452677018 0.3770853916189833 0
281 1.013867163150102 0.8460283095625983 0
282 1.895395333625016 0.6271896164668305 0
283 1.899980612324622 0.3621586361315068 0
284 4.355152637966344 0.2546887017445234 0
285 2.125317581818498 0.8330098878031436 0
286 2.13243921133003 0.1715066317069744 0
287 4.303940413023249 0.7610468474026786 0
288 2.145685426060492 0.553851489711455 0
289 0.5992094938138404 0.7354138814448344 0
290 0.4851621665739729 0.1327019474716854 0
291 0.138875941853041 0.6811538024586327 0
292 2.99927521112923 0.5000000000000626 0
293 2.44805708632849 0.1690366290334445 0
294 2.448057086328404 0.830963370966484 0
295 0.776170248689424 0.7390694687152269 0
296 2.192300706860205 0.3738121667223152 0
297 0.8350135926938876 0.1236305373130132 0
298 2.393831135348588 0.6208066150196886 0
299 2.39894068634904 0.3709860444764014 0
300 0.5893774108657381 0.3760859430045216 0
301 1.163903549389448 0.3133021640917824 0
302 0.3118738010939947 0.1314347069486469 0
303 0.7999223214612419 0.3730957176433743 0
304 2.643403943831554 0.8296223667182928 0
305 2.633718816267523 0.1672316104808552 0
306 0.2834331715826171 0.5125003239868639 0
307 3.487836134473416 0.5238377112963185 0
308 1.248175586725462 0.1433393284623163 0
309 2.951720261699589 0.1160846314458387 0
310 2.951720261698657 0.8839153685541974 0
311 1.339049322044234 0.8749515102967618 0
312 1.092762008207416 0.5833689171475425 0
313 2.628120541688836 0.5680494502842297 0
314 0.6060497315513026 0.8853221647732377 0
315 0.1440105395760885 0.1213479505176722 0
316 1.671074341759504 0.6561206143046056 0
317 0.5170987074915197 0.4842556382878691 0
318 0.9316870105889437 0.2833272009849612 0
319 1.752623370857552 0.8495116720905318 0
320 1.757431111122366 0.1402096530014938 0
321 2.698690707887675 0.3766181351762992 0
322 0.8949243104648544 0.4995036863742013 0
323 0.801300585730077 0.8872279147397817 0
324 1.26473787257403 0.3788358748004208 0
325 4.773269303233726 0.5376588974621497 0
326 0.2809745579324023 0.2732508873969981 0
327 2.90107191040821 0.6370455123416956 0
328 2.90117810874773 0.3711004722548844 0
329 0.1133521811230678 0.4730543726159875 0
330 3.99909916268888 0.4974127169276091 0
331 3.153545247319014 0.1677864457678574 0
332 3.15419752350762 0.8364109363997899 0
333 0.1126890000410338 0.2744647907373685 0
334 4.76240222572102 0.762927749318705 0
335 1.552775944062236 0.1144569586780761 0
336 1.586266135892399 0.4207917868522145 0
337 0.9648495829141968 0.7356393728631915 0
338 0.4244401507519383 0.3441608893601773 0
339 0.598725997491705 0.1054908479630516 0
340 0.2788033872285849 0.8877733548614637 0
341 3.140209111884616 0.4522317380541011 0
342 3.445802883086612 0.8300228662853616 0
343 3.449722548807692 0.1724673832278011 0
344 0.4418977732447765 0.7312116021648656 0
345 2.201131871842891 0.6663153549356079 0
346 0.9250731855408303 0.8941360322660625 0
347 1.549199203203307 0.8983544104844108 0
348 0.4014247669023101 0.4223904604683191 0
349 1.776479786795536 0.6174416769893398 0
350 0.4750539460012466 0.8941485415320357 0
351 0.2349880421433343 0.4335153323068929 0
352 0.241996652201626 0.6513941959871868 0
353 0.9991116764433616 0.40765386929777 0
354 1.416077058058429 0.7309627504583753 0
355 1.161570956360358 0.7309711734240925 0
356 4.185382235961895 0.1670840714214229 0
357 1.049464929059686 0.0981300469928114 0
358 3.199877509787225 0.5929382956408434 0
359 2.305191349045774 0.913192946705353 0
360 2.305191349046279 0.08680705329465606 0
361 4.511251893455352 0.1696715523117667 0
362 4.797636086698567 0.2038166647001619 0
363 0.1116821526826021 0.8942390598812489 0
364 3.681126102761064 0.8456682288842004 0
365 3.661748948187134 0.1562874268880328 0
366 0.3485065771223189 0.5931783041221722 0
367 3.426267528901808 0.3902610281763171 0
368 3.405920729778004 0.6254377321749995 0
369 4.48056805050047 0.4916038766410469 0
370 0.4841921882374799 0.2957895596019166 0
371 1.652719847805374 0.2855855437743402 0
372 1.347586696447295 0.08990232554652859 0
373 2.09017330213003 0.4327172180975723 0
374 0.8253802542425721 0.6816607947196077 0
375 3.952740785803324 0.8283717976947237 0
376 3.943655335231076 0.1796633201313869 0
377 0.2897459648197309 0.7958127906144503 0
378 3.65513286222148 0.548108865712171 0
379 1.388593497035284 0.2632402176433085 0
380 0.118423638317951 0.5752843045223621 0
381 0.510365007724892 0.5543722751688768 0
382 1.188184492185894 0.52523103724972 0
383 1.251752248769108 0.9151912011450031 0
384 3.716506773566395 0.3859775064390906 0
385 4.171189138342905 0.8351531140145199 0
386 2.051796435778519 0.8947096738309248 0
387 2.052315504985044 0.1056195185532513 0
388 1.048797791573316 0.2020446106710992 0
389 1.003128251801136 0.6013358225498946 0
390 1.399365838824413 0.4717008522997813 0
391 2.66945397084736 0.7247543657196343 0
392 1.497203669788739 0.6024547154073721 0
393 4.456158446319368 0.8100643983416747 0
394 0.09524406420169054 0.7551172535164685 0
395 1.552604281049359 0.7938637088410621 0
396 1.304536413137022 0.6487081286397548 0
397 2.289264262544299 0.6180319430222507 0
398 2.81495994134237 0.1202790708484102 0
399 2.815210329770051 0.8772676771738339 0
400 1.088615957092188 0.8859643416366919 0
401 1.903155869010716 0.7399720487055195 0
402 1.898391901942767 0.2626618990488832 0
403 3.9027850410056 0.628417602718787 0
404 3.889612078189117 0.3579227568296786 0
405 1.853815256192283 0.9105959186220904 0
406 1.854502076230256 0.08793569924820398 0
407 0.4035563018349413 0.09181852038241889 0
408 1.529169757160572 0.2102970512532427 0
409 4.223570532478843 0.3395459996317537 0
410 0.2355659297218932 0.08090839080450935 0
411 1.802734294095814 0.3484961846400571 0
412 0.6584626262538122 0.238932724418116 0
413 0.8689075126644328 0.5610379529995482 0
414 4.126142322166962 0.5610448216180848 0
415 1.483694060933536 0.3979050256762222 0
416 1.685128648247105 0.4779273511427405 0
417 0.572740327972866 0.6760100547591207 0
418 2.142876690899282 0.2718449416228659 0
419 0.7645627217535429 0.08806105453303439 0
420 0.4101892745924931 0.6548430889912108 0
421 0.6958677603642636 0.7289092296532118 0
422 0.723703239349768 0.9214222607026615 0
423 2.551290735627604 0.9005039790114926 0
424 2.549907145976144 0.09904658915985301 0
425 2.594491897251391 0.4209364385669093 0
426 1.894889050487933 0.530909566336065 0
427 1.089354076850662 0.7846652835304344 0
428 0.2465290306831346 0.3537543945717625 0
429 1.16393086028515 0.07641753131482051 0
430 0.7400160302344002 0.2440379911484386 0
431 0.839034594881603 0.4426801283577835 0
432 1.449605337046436 0.07759967811727531 0
433 1.994019050664452 0.6018292683154746 0
434 0.9055894441180701 0.09711961201961986 0
435 0.8913029788662934 0.1912959898985872 0
436 4.82391629336568 0.3786953815536188 0
437 1.082456176635591 0.4901834346561467 0
438 4.385985236609916 0.6483279878633496 0
439 3.167560747811653 0.2996321966372092 0
440 2.021542322345334 0.7743385846100099 0
441 2.026259765557583 0.229798154650687 0
442 2.773939840449156 0.5939644507351448 0
443 0.5669076935006139 0.4388503007216998 0
444 1.432387719373256 0.9258215120067677 0
445 1.255409683332796 0.8093813430319992 0
446 1.982616084778163 0.3982162093088751 0
447 1.66092613751844 0.9226501563241505 0
448 1.66261330345488 0.07666882161319587 0
449 3.258178271340918 0.09792317756325715 0
450 3.260766778936922 0.8959886276776123 0
451 0.07277783492116355 0.3500000000001328 0
452 0.6719893412561784 0.3819287456600711 0
453 1.19782084789776 0.2321836345702855 0
454 1.092179366244942 0.3894846267695262 0
455 0.2126010112382377 0.7365394399981555 0
456 2.406632782040778 0.2657514053785849 0
457 2.409979642874472 0.7240815057628569 0
458 4.473150119673326 0.3325988335650046 0
459 4.62206784699541 0.8479495498806959 0
460 0.8610579547969826 0.3273312730356216 0
461 0.484647627736059 0.2109205653695742 0
462 2.290872390905371 0.3623723106348889 0
463 1.341548397844237 0.183198456817424 0
464 2.184686864327627 0.08970424367961856 0
465 2.183413414540964 0.9111033749693848 0
466 0.1968846490101416 0.2950366519732227 0
467 1.457138804648991 0.3148371593704553 0
468 0.8131237182163009 0.8085334467879678 0
469 0.3502168068319658 0.9324074823603396 0
470 1.706223729612254 0.755122164878169 0
471 0.6210904702456519 0.3058516453910913 0
472 2.663138340624649 0.2811016839428573 0
473 1.230148925281819 0.4474061860897169 0
474 2.206883007684189 0.4655030357017512 0
475 1.128859619396425 0.6585366488123348 0
476 0.1901059570528427 0.9160648603287674 0
477 1.00364384181461 0.9179737427178719 0
478 1.956147943156113 0.9293280068575304 0
479 1.956389121005181 0.07044415519336854 0
480 0.6216060642909572 0.8147927054906844 0
481 0.3152625012033345 0.2070114473126457 0
482 3.087861429807462 0.583633625831131 0
483 2.414178379268966 0.5154310424943653 0
484 1.84968199744662 0.8188271241223124 0
485 1.849413078956575 0.1789722923506353 0
486 1.367746004391033 0.7970124165830737 0
487 1.705545075106899 0.2201330345037162 0
488 3.829232702293838 0.8817145116518543 0
489 3.829232702293977 0.1182854883487699 0
490 3.689016470784717 0.691251417944458 0
491 0.2703414313577346 0.5775179843011635 0
492 1.117062290129508 0.2448708290797821 0
493 1.581161859833039 0.5183187882693202 0
494 1.269113484779336 0.574054542292251 0
495 1.62570870633348 0.747073631070615 0
496 2.490360901283443 0.6032984932505021 0
497 0.4518954181562825 0.818756443945843 0
498 2.54353553957826 0.7928023673754707 0
499 2.5404935699001 0.2121977530133951 0
500 1.585616222549083 0.6096427487021308 0
501 0.6736215400089011 0.08281349197474264 0
502 0.893148124680311 0.7237333367795921 0
503 3.29118683782792 0.3584318044723754 0
504 0.3735079637458425 0.7792799582036707 0
505 1.24517133841342 0.7109623619689216 0
506 0.9419008058906522 0.5609063547080728 0
507 0.5267469092640674 0.7179481747048272 0
508 3.05022724763447 0.8910945545329706 0
509 3.050227247634826 0.1089054454669315 0
510 0.5525258189217046 0.9321709561146754 0
511 1.325263372208199 0.3223183904665841 0
512 2.917041920274064 0.7602043530219339 0
513 2.919589917596753 0.2662413482182538 0
514 1.358089212643925 0.5549152719135522 0
515 0.7916440145592991 0.1869980266626399 0
516 0.07889431598553572 0.1892739329717378 0
517 0.5344430058420342 0.06991135646534 0
518 2.23627393350344 0.1955266924717768 0
519 2.225161279579114 0.8018547002736032 0
520 0.4378211509614345 0.6006516532128898 0
521 0.9410182909213067 0.4471993086722734 0
522 0.6501310773250401 0.9414224332439515 0
523 2.491806796421114 0.4190034817241853 0
524 4.340950084518803 0.8834946330346251 0
525 0.06624849390675976 0.6576621885875083 0
526 0.5522753758960631 0.1631130393722156 0
527 0.5534721023607651 0.3202849623734854 0
528 0.9373716526136142 0.802974263410417 0
529 4.130446163096917 0.4382881775980946 0
530 0.9853131408722837 0.6688650226765464 0
531 4.352665322366439 0.1107055703441833 0
532 2.427857143530867 0.9214100803521952 0
533 2.427797116908487 0.07857042118228792 0
534 1.163051056918397 0.9311155443742216 0
535 0.9517536745227795 0.3543634058051186 0
536 1.621051498118606 0.34725720972546 0
537 2.795717147177063 0.3527994473103666 0
538 1.729625282284335 0.2994943672423592 0
539 2.119417707199009 0.738575750142905 0
540 1.971709453989041 0.3140302184870151 0
541 1.727245595672271 0.5531223148211131 0
542 1.86914814673772 0.4430615159839 0
543 0.6442738110566771 0.6808799452703362 0
544 3.546533143122995 0.897367115162513 0
545 3.546533143123168 0.1026328848370082 0
546 1.4720567537684 0.6791786374486535 0
547 0.8620332792099613 0.9351066379759528 0
548 1.829910012640706 0.6748319163832202 0
549 2.683867346954267 0.08813927662419425 0
550 2.68521485953023 0.91114063925592 0
551 1.972583041436912 0.6861998021190309 0
552 0.7639550208440494 0.3091316274384668 0
553 3.583563008313154 0.4071797349192544 0
554 0.7523165547633399 0.4161096051597602 0
555 3.157471090211773 0.7064048625839535 0
556 2.717426125267384 0.4650201293685735 0
557 4.210184154728616 0.6715828343616596 0
558 1.76381593194301 0.4270453435376682 0
559 1.328141172819088 0.4266928500756675 0
560 3.366562986956577 0.09312240966564929 0
561 3.358826026562899 0.9028873878619498 0
562 0.561814463408971 0.6112798495461675 0
563 2.061805033787811 0.5504026407774161 0
564 1.192596967325939 0.383992308282374 0
565 0.7534020802067722 0.6806025718019149 0
566 4.358501730903007 0.3820874069408176 0
567 0.07881747592675904 0.07748480743929653 0
568 4.631966526754258 0.550329134121355 0
569 4.673854083536083 0.130353707883488 0
570 1.435191528181871 0.551893899795213 0
571 2.898347226978766 0.5289157484723785 0
572 4.885575868269021 0.6785453285213446 0
573 3.779796353878143 0.6193483593041804 0
574 0.8470941551167481 0.05604519862671285 0
575 1.490516628719907 0.7468709580208922 0
576 0.5671516456283057 0.500246186196307 0
577 0.398620024841949 0.1723335968737896 0
578 1.241797261416398 0.3126964735828637 0
579 0.3706514400360372 0.4983142055596871 0
580 2.999496028601266 0.3980545029271193 0
581 0.1776104511502542 0.6218308598643665 0
582 0.8304214335689714 0.615044386077679 0
583 4.059389572639051 0.1230482626619377 0
584 0.3381515722845041 0.06165185113551782 0
585 0.1499999999993699 0.05428696114611484 0
586 2.112851317295943 0.6334514959325622 0
587 0.5361183994444028 0.8622213508600111 0
588 4.885811404599616 0.8622701297893798 0
589 3.044830237206333 0.2112956868097514 0
590 3.042690742544332 0.792888766666261 0
591 0.8289390279343889 0.5010753690396009 0
592 0.9763797868502389 0.2284096783491953 0
593 0.9736293490684591 0.07018779432042999 0
594 0.4508791152026948 0.4866338408740946 0
595 0.4636982980023573 0.06080982524938172 0
596 1.350000000001049 0.9471498025318954 0
597 1.023366077841728 0.769639513870052 0
598 0.6225236890709891 0.1748905889419803 0
599 4.898200001779603 0.1046411820838706 0
600 0.06271650476517088 0.8356045993759849 0
601 2.724508907986873 0.1784648956211214 0
602 2.733448519135771 0.8240704057745025 0
603 0.7285743257478206 0.3603102736888466 0
604 0.1847097853833649 0.4893461144535724 0
605 2.352175530185802 0.8178965763570122 0
606 2.354517692253637 0.1753652996955391 0
607 0.06431950281865609 0.5223054710908652 0
608 1.471250841476612 0.2486753781828577 0
609 0.05880273238745547 0.9411972676127346 0
610 2.119200992237657 0.351740881831441 0
611 1.353844045427062 0.698109979458018 0
612 3.400225214862863 0.7339466896035743 0
613 3.400893183651798 0.2811098149774148 0
614 0.8362070864731316 0.7488530854387436 0
615 0.6293813230664387 0.4212857798404267 0
616 2.985785329392601 0.5892527743065193 0
617 1.832187557957519 0.5668212631401032 0
618 0.06716275088978514 0.4267074534096425 0
619 4.896880961019352 0.5118020488608269 0
620 1.251938628691198 0.06193183706473307 0
621 3.297025959557868 0.6537283730894284 0
622 0.8686859179746388 0.8532077792285842 0
623 1.755664918380775 0.6912475823828237 0
624 2.231790534590935 0.2970930724239378 0
625 0.3421496138915888 0.3427512349627083 0
626 0.4180301470509019 0.9348399021092226 0
627 3.658270180329065 0.275850955740071 0
628 1.754099993629032 0.9365515494073545 0
629 1.75553633887696 0.06096283477257874 0
630 2.228721433709495 0.5589952922281622 0
631 0.6649480661242322 0.8772046361968015 0
632 1.604762931603966 0.2200889252597012 0
633 0.3717871903969495 0.3825708477155137 0
634 0.3588612702033732 0.4260072031384293 0
635 0.3292236936980126 0.3861875903856239 0
636 0.4129324588271242 0.3832756749142482 0
637 0.3832948823217636 0.3434560621614428 0
638 4.697184376237638 0.65662844172003 0
639 4.665129704640025 0.7243821984954758 0
640 4.599911855156645 0.6180828908968008 0
641 4.767835764477373 0.6502933233904273 0
642 4.702617914993992 0.5439940157917523 0
643 2.442096018316015 0.6120525541350954 0
644 2.450170272078957 0.6636899995066795 0
645 2.40190538911153 0.6724440603912727 0
646 2.349837765448561 0.7293802274006958 0
647 2.289480075283476 0.6763554460303927 0
648 2.349621952709386 0.6710567243925538 0
649 0.1419099555434619 0.1934555994276758 0
650 0.1114524277808121 0.155310941744705 0
651 0.1744680673387383 0.159492608200643 0
652 2.461463094583118 0.3454026689999727 0
653 2.402786734194909 0.3183687249274932 0
654 2.465309142428986 0.2927853494510645 0
655 2.985281825173589 0.05804231572291936 0
656 2.916661552140398 0.05804231572291936 0
657 2.916661552139291 0.9419576842770987 0
658 2.985281825172529 0.9419576842770987 0
659 0.234071478482991 0.5009232192202181 0
660 0.2098489137633496 0.4614307233802326 0
661 0.2592106068629757 0.4730078281468784 0
662 2.349791643382322 0.4311303411230737 0
663 2.406559532809003 0.4432085434853834 0
664 2.357410489842285 0.5033528401320556 0
665 2.341547698946443 0.6194192790209696 0
666 2.520967911187252 0.6467967339220184 0
667 2.480777281982767 0.7071882401781957 0
668 0.1959275747893137 0.5230878978278228 0
669 0.2452892678889398 0.5346650025944686 0
670 1.029883964568732 0.646130687950715 0
671 1.047945130004276 0.5923523698487185 0
672 1.074700842771872 0.637147235249539 0
673 0.5612093928185362 0.763606488458047 0
674 0.6104077790523987 0.7751032934677594 0
675 0.5724076780570946 0.803295900480972 0
676 2.295757495660488 0.4268234742023174 0
677 2.344906538627205 0.3666791775556452 0
678 2.610514445969211 0.7075246701565845 0
679 2.60649475521281 0.7587783665475525 0
680 2.547555230334661 0.7415486709845027 0
681 0.2894016936147127 0.9438866774307319 0
682 0.2450529785268416 0.9580324301643837 0
683 0.2344546721407138 0.9019191075951156 0
684 0.4483264173669426 0.4081982751196567 0
685 0.4598341092917567 0.3690834895655858 0
686 0.2998654725435267 0.4710621348977017 0
687 0.2756429078238853 0.4315696390577162 0
688 1.937869455223814 0.7130859254122752 0
689 1.997062681891123 0.7302691933645205 0
690 1.962349095678025 0.7571553166577647 0
691 1.962325833750175 0.2462300268497851 0
692 1.998984609773312 0.271914186568851 0
693 1.935050677965904 0.2883460587679491 0
694 1.686914113685226 0.5568125779622856 0
695 1.699159968715887 0.6046214645628594 0
696 1.658828486728842 0.6083117277040318 0
697 0.1950529785267015 0.9580324301643837 0
698 1.148613921944508 0.6061249342368555 0
699 1.140473250196655 0.5542999771986312 0
700 1.196325163933747 0.5770559942879443 0
701 1.101374082623534 0.3120839456163173 0
702 1.128041457817195 0.3513933954306543 0
703 1.065511991051281 0.3501751769551892 0
704 1.923667319543694 0.7906532452700776 0
705 1.982860546211002 0.8078365132223229 0
706 1.985219267817155 0.1942318564080372 0
707 1.921285336009747 0.2106637286071353 0
708 0.2202457624116406 0.1392728283440616 0
709 0.2737198654079439 0.1061715488765781 0
710 0.2583996980976914 0.1645359864161303 0
711 4.023297386606118 0.9141858988473619 0
712 4.061964962073114 0.8317624558546217 0
713 4.132521562875908 0.9175765570072599 0
714 2.593469741704907 0.8112123670468818 0
715 2.656428957339457 0.7771883662189636 0
716 0.1588072975712109 0.2360510283104912 0
717 0.09579165801328474 0.2318693618545532 0
718 3.257332454049585 0.5511531555096346 0
719 3.17004331083592 0.5225850168474723 0
720 3.227498255098281 0.4807998767162635 0
721 4.330983681100145 0.576219166238541 0
722 4.298084695669266 0.6599554111125046 0
723 4.243083140159495 0.5878465894876959 0
724 2.507896149619154 0.3694113876238647 0
725 2.445373741385077 0.3949947631002934 0
726 0.3434746067702368 0.4639690756841133 0
727 0.3270423058093271 0.5054072647732755 0
728 0.437704969423436 0.2779519766798416 0
729 0.4543161694947091 0.319975224481047 0
730 0.4078289506806652 0.3021376415589719 0
731 2.159080599648521 0.04485212183980928 0
732 2.118501184656336 0.09766188111643492 0
733 2.09289491997723 0.05280975927662565 0
734 2.092635385373696 0.9473548369154624 0
735 2.117604925159742 0.9029065244001548 0
736 2.158443874754918 0.9555516874846923 0
737 0.05634450002051689 0.2872323953686843 0
738 0.03944715799276786 0.2446369664858689 0
739 3.370527463606877 0.4498145217773715 0
740 3.457051831687612 0.4570493697363178 0
741 3.401311766392681 0.5166028633373722 0
742 3.44687843212571 0.5746377217356591 0
743 3.360354064044975 0.5674028737767127 0
744 0.03944715799276786 0.1946369664859971 0
745 4.531690710480106 0.923974774940348 0
746 4.448736010142085 0.9050321991708373 0
747 4.539113146657389 0.8290069741111853 0
748 3.540941815407737 0.8028315706406107 0
749 3.496168013104803 0.8636949907239373 0
750 3.490576685389546 0.769159446202035 0
751 3.495138231956283 0.2269623566043031 0
752 3.49812784596543 0.1375501340324047 0
753 3.543543529114021 0.1920451074089067 0
754 1.444232755181558 0.8801474303671528 0
755 1.385718520708745 0.9003865111517647 0
756 1.397563556517047 0.8547124295121499 0
757 2.253762804049897 0.4783888367357486 0
758 2.24887769929478 0.4139376731683201 0
759 1.087609092421503 0.5367761759018446 0
760 1.135320334410743 0.5077072359529333 0
761 1.751862691233904 0.5852819959052265 0
762 1.72377706427752 0.6367811456469728 0
763 3.939979012044253 0.9141858988473619 0
764 1.192060116327428 0.1546486686936038 0
765 1.222998217311611 0.1877614815163009 0
766 1.166882746913577 0.1990708217475884 0
767 1.92558141970131 0.4676912481662788 0
768 1.925882115757942 0.4206388626463876 0
769 1.982315388721531 0.4452685948287664 0
770 2.57695938813972 0.5353690212788487 0
771 2.559240721486139 0.5856739717673659 0
772 2.508079567937023 0.5529935427619848 0
773 0.9975801715731361 0.45933583093735 0
774 1.040783926539477 0.4489186519769584 0
775 1.039252421669251 0.5006006136165384 0
776 4.622235692867218 0.923974774940348 0
777 0.1897882346489908 0.1011281706610908 0
778 3.470635608735242 0.6668668791468539 0
779 3.511593311082947 0.6160668687075135 0
780 1.240477394625225 0.2410527771385387 0
781 1.265654764039076 0.196630624084554 0
782 1.045645521344152 0.3985692480336481 0
783 1.087317771440267 0.4398340307128364 0
784 0.1757384765456394 0.7088466212283942 0
785 0.1539225377199641 0.745828346757312 0
786 0.1170600030273658 0.7181355279875505 0
787 2.213146575711003 0.7340850276046056 0
788 2.172289493389061 0.7702152252082541 0
789 2.16027478952095 0.7024455525392565 0
790 2.589847731389948 0.6291722124388821 0
791 0.9125365927711211 0.9470680161330313 0
792 0.9643585136777201 0.9060548874919672 0
793 0.951821920908011 0.958986871358936 0
794 2.560145065920997 0.4618125154201884 0
795 2.611306219470113 0.4944929444255695 0
796 0.5249781005436497 0.7548736350880434 0
797 0.562978201538954 0.7266810280748308 0
798 3.608238295226771 0.7769821275014543 0
799 3.61382962294203 0.8715176720233566 0
800 3.604141045655151 0.1294601558625205 0
801 3.601151431646004 0.218872378434419 0
802 2.476757591226366 0.7584419365691638 0
803 2.473563175970439 0.23897457919599 0
804 2.532239536358648 0.2660085232684696 0
805 0.7095589892341782 0.7759864232133419 0
806 0.7360190045268438 0.7339893491842193 0
807 0.7497102333967584 0.7810665427443495 0
808 0.3135681511486646 0.1692230771306463 0
809 0.2600940481523613 0.2023243565981298 0
810 2.452992587845039 0.4672172621092753 0
811 1.077953452993564 0.2778682781103171 0
812 1.140482919759478 0.2790864965857822 0
813 4.91195814668284 0.2893476907765883 0
814 4.810776190032124 0.2912560231268904 0
815 4.898818043349284 0.2019083323498599 0
816 2.241586548882788 0.3680922386786021 0
817 2.199591857272197 0.4196576012120332 0
818 1.149937753107272 0.1211877701198559 0
819 1.206053223505306 0.1098784298885684 0
820 3.713443067633792 0.07814371344401638 0
821 3.634619067602292 0.07814371344401638 0
822 3.644307644888294 0.9228341144421002 0
823 3.723131644919704 0.9228341144421002 0
824 0.1360074708104794 0.7937945527505178 0
825 0.194685944328753 0.7845056459913613 0
826 1.044405337455163 0.5471933548622363 0
827 0.9995884592520231 0.5561768075634124 0
828 4.715326240178736 0.923974774940348 0
829 4.692235036358214 0.8054386495997005 0
830 4.785493429541541 0.8814638746593525 0
831 0.5137318576082058 0.5193139567283729 0
832 0.4806220614637934 0.5205030580214857 0
833 0.4839889113471072 0.4854447395809818 0
834 3.571484498347448 0.5359732885042448 0
835 3.595241674956979 0.6282024459154397 0
836 1.697748645185174 0.841948497395469 0
837 1.706774754187996 0.8860809142073411 0
838 1.651900028515618 0.8785177395122783 0
839 1.655637467854645 0.117015109666034 0
840 1.710022207288623 0.1084392373073448 0
841 1.703046371688389 0.148785525360183 0
842 2.88334010152098 0.1181818511471245 0
843 2.848281391961788 0.06013953542420511 0
844 2.848406586174988 0.938633838586917 0
845 2.883465295734355 0.8805915228640157 0
846 0.3190757861416157 0.03082592556775891 0
847 0.2868587510031986 0.07128012097001359 0
848 0.2677829648603102 0.04045419540225467 0
849 0.3860381034691737 0.4603523330140031 0
850 1.575587175234463 0.05722847933903805 0
851 1.526387972031118 0.05722847933903805 0
852 0.4371231755522705 0.5160960994861141 0
853 0.4668661218133691 0.5499653166335052 0
854 1.001821920907788 0.958986871358936 0
855 3.797184944687213 0.05914274417438497 0
856 3.745490825240555 0.1372864576184014 0
857 3.755179402527451 0.8636913702680273 0
858 3.797184944686091 0.9408572558259272 0
859 0.2874846095678479 0.6773404707074076 0
860 0.2952516146619724 0.6222862500546795 0
861 0.3407395720281944 0.6482325247749001 0
862 0.5423027393486566 0.3850460163877579 0
863 0.578142552183176 0.4074681218631107 0
864 0.5310678806660945 0.416428195246347 0
865 4.91195814668284 0.3893476907762968 0
866 0.1627845012566067 0.5660569928622177 0
867 0.151566711850658 0.5323152094879673 0
868 4.257062283875932 0.7163148408821691 0
869 4.344962824816582 0.704687417633014 0
870 2.092377358157537 0.1385630751301128 0
871 2.158563037828829 0.1306054376932965 0
872 2.154365498179731 0.8720566313862641 0
873 2.088557008798508 0.8638597808170342 0
874 0.7946469834528624 0.7738014577515974 0
875 0.7681869681601968 0.8157985317807199 0
876 3.143869469797344 0.5882859607359872 0
877 3.114035270846039 0.517932681942616 0
878 1.294861992284849 0.1632688926398701 0
879 1.312341169598463 0.2165601882621079 0
880 2.648787256268098 0.646401908001932 0
881 0.1490309832532163 0.48120024353478 0
882 0.1158879097205094 0.5241693385691748 0
883 1.570691741141284 0.6527595466654815 0
884 1.628345282154293 0.6328816815033682 0
885 1.613420800746495 0.6759984794667189 0
886 0.3552469129679718 0.1518841519112182 0
887 0.3569412630226417 0.1896725220932176 0
888 0.1678130501606609 0.4371193932704133 0
889 0.1321342480305123 0.4289735223516209 0
890 2.257428583800883 0.7682668246560689 0
891 2.245413879932771 0.7004971519870713 0
892 3.851349075466136 0.687237951584369 0
893 3.927762913404462 0.7283947002067553 0
894 3.876326947864998 0.7872150490723373 0
895 3.862706847498232 0.2132724366452465 0
896 3.916633706710097 0.2687930384805328 0
897 3.835685218977252 0.3024021549943924 0
898 0.3666836822504904 0.3014328143602375 0
899 0.3115620859119955 0.3080010611798532 0
900 0.3360961542708971 0.2666826405773823 0
901 0.2727867890861538 0.7199130927128918 0
902 0.2272988317199319 0.6939668179926712 0
903 1.689825050462062 0.4275063713808619 0
904 1.635697392069752 0.4493595689974775 0
905 1.640393794284709 0.3989385892355989 0
906 0.1929521785406456 0.4092040021970737 0
907 1.616099427123631 0.5850727949027944 0
908 1.566966344382269 0.215192988256472 0
909 1.540972850611404 0.1623770049656594 0
910 1.578769437833101 0.1672729419688886 0
911 0.8655520928598262 0.4166181432854029 0
912 0.8194784581714225 0.4078879230005789 0
913 0.8459959561496456 0.3818259379281984 0
914 1.674548824562526 0.7947537437892875 0
915 1.729423550234903 0.8023169184843504 0
916 3.034535318141207 0.05445272273346573 0
917 3.000973754667207 0.1124950384563851 0
918 3.000973754666564 0.8875049615435839 0
919 3.034535318140435 0.9455472772664852 0
920 0.4379326891727255 0.2355174795636704 0
921 0.4844199079867694 0.2533550624857454 0
922 1.010365733212354 0.1263224550216442 0
923 1.049131360316501 0.1500873288319553 0
924 1.010032164469169 0.1782797368607881 0
925 1.633145254040072 0.4981230697060304 0
926 1.583713997862719 0.4695552875607674 0
927 1.938451871576417 0.5116152733423613 0
928 1.882018598612826 0.4869855411599825 0
929 0.7618516196758198 0.9607111303513307 0
930 0.7625019125399225 0.9043250877212217 0
931 0.8006502928659742 0.9436139573698908 0
932 2.03637987656267 0.05280975927662565 0
933 2.036120341959188 0.9473548369154624 0
934 1.353397663217633 0.8359819634399177 0
935 1.411911897690447 0.8157428826553058 0
936 1.626712281929189 0.1887251614892867 0
937 1.600718788158323 0.1359091781984741 0
938 2.469988306929785 0.5090598173839165 0
939 2.508802515505859 0.4608460369988264 0
940 1.845476718676763 0.2540252756690457 0
941 1.85056309801929 0.3055790418444701 0
942 1.797647914753286 0.2969424184646327 0
943 1.11081081380192 0.6209527829799386 0
944 1.092749648366377 0.6747311010819351 0
945 0.2768873014701758 0.5450091541440136 0
946 0.2387433977764986 0.5671738327516184 0
947 3.803059425877756 0.3719501316343846 0
948 3.749132566665892 0.3164295297990983 0
949 3.760574879423207 0.442988753219587 0
950 3.847127531734568 0.428961378414881 0
951 3.975003410016479 0.3313705320331107 0
952 4.002025038537459 0.2422408136839648 0
953 4.004114679278428 0.7584600969907522 0
954 3.979136806879566 0.6584829995027839 0
955 4.168163238447789 0.6163138279898721 0
956 4.201062223878668 0.5325775831159085 0
957 0.5061633876615475 0.4391308640294317 0
958 0.473053591517135 0.4403199653225444 0
959 0.5243500850961701 0.3571455260722398 0
960 0.5714247566132515 0.3481854526890035 0
961 0.3250126866892494 0.09654327904208235 0
962 1.630505854930785 0.03833441080659793 0
963 1.607694623758558 0.09556289014563599 0
964 3.504915268607481 0.3987203815477858 0
965 3.535699571393285 0.4655087231077865 0
966 1.773630045976715 0.8011166057246579 0
967 1.750430225354066 0.7539218521184765 0
968 0.5788622318676799 0.8385070281753477 0
969 0.5296638456338174 0.8270102231656353 0
970 0.3113592658769004 0.7495497680210392 0
971 0.2511734880289843 0.7661761153063029 0
972 0.2177829648605364 0.04045419540225467 0
973 1.092371218751355 0.1840013097979952 0
974 1.09270478749454 0.1320440279588513 0
975 2.122367644508753 0.7857928189730243 0
976 2.175239430698806 0.8174322940383734 0
977 3.562058461709014 0.3443185324500298 0
978 3.483410722003341 0.3358591790785611 0
979 2.117929364095261 0.4932843539045136 0
980 2.14852815490711 0.4491101268996618 0
981 2.17628421687234 0.5096772627066031 0
982 1.851357453210218 0.3553274103857819 0
983 1.899186257133694 0.312410267590195 0
984 2.857653484646335 0.753427292156619 0
985 2.866126125022058 0.818736015097884 0
986 2.806737689394328 0.811958954232569 0
987 2.80558342952304 0.1840067536306327 0
988 2.867274929469562 0.193260209533332 0
989 2.857898417650231 0.2569878923155545 0
990 0.807212151973189 0.8478806807638748 0
991 0.7622754019170849 0.8551457657566268 0
992 1.051821920907914 0.958986871358936 0
993 1.046129899453399 0.9019690421772819 0
994 1.094307978546703 0.9429821708183459 0
995 0.8588627685857476 0.2248242031118884 0
996 0.9114949947276185 0.2373115954417742 0
997 0.8790547844470728 0.2708398086550754 0
998 2.103745229924152 0.5521270652444356 0
999 2.07598916795892 0.4915599294374942 0
1000 0.3254727805053111 0.8740986884411646 0
1001 0.2842746760241579 0.841793072737957 0
1002 0.3309440693008841 0.8281184063176579 0
1003 1.166609493002795 0.4828508160492371 0
1004 1.113745335227644 0.4653270147524504 0
1005 1.203371147386889 0.720966767696507 0
1006 1.250290510873108 0.7601718525004604 0
1007 1.208490319846577 0.7701762582280458 0
1008 1.161675280089248 0.7834871715295593 0
1009 1.208594643575467 0.8226922563335126 0
1010 0.1197436910922196 0.834038225680276 0
1011 0.07898028448343071 0.7953609264462267 0
1012 0.1442265150509352 0.863355455932908 0
1013 0.08719932872388647 0.8649218296286169 0
1014 0.4897101280345275 0.3448978246864555 0
1015 3.106195492508993 0.2554639417234803 0
1016 3.110663706981413 0.3073019491867838 0
1017 3.049298451678753 0.2631336942730549 0
1018 1.166662727539012 0.6437088000692517 0
1019 0.4305941934316404 0.5731050056555118 0
1020 0.3931638640418766 0.596914978667531 0
1021 0.3859369065120826 0.569368331110153 0
1022 0.5420032004960668 0.4615529695047844 0
1023 2.934381090986361 0.8220598607880656 0
1024 2.935655089648171 0.1911629898320463 0
1025 1.020976409104306 0.679895288014041 0
1026 0.9942206963367097 0.6351004226132204 0
1027 0.7349386857950104 0.1259531988960132 0
1028 0.778103368156421 0.1375295405978371 0
1029 0.7484793321978885 0.175421684960816 0
1030 2.429018364601438 0.7775224383646704 0
1031 2.495796312953332 0.8118828691709774 0
1032 2.494275328114295 0.1906171910234198 0
1033 2.427344934184634 0.2173940172060147 0
1034 4.566827716098761 0.08483577615588336 0
1035 4.476282733711535 0.08483577615588336 0
1036 0.8304901381291122 0.350213495339498 0
1037 0.876563772817516 0.358943715624322 0
1038 0.03312424695337988 0.6788310942937541 0
1039 0.08074627905422516 0.7063897210519884 0
1040 0.04762203210084527 0.7275586267582342 0
1041 1.297229502688515 0.8421664266643805 0
1042 1.311577843861915 0.8031968798075364 0
1043 0.672428141197525 0.8189281611320782 0
1044 0.6587369123276103 0.771850967571948 0
1045 1.648391524046492 0.7015971226876103 0
1046 1.590737983033483 0.7214749878497236 0
1047 2.245198067193595 0.6421736489789294 0
1048 1.337290956899786 0.7737455806351974 0
1049 1.281122796370667 0.7799300438596601 0
1050 4.581153862577358 0.2630390528021458 0
1051 4.592552988495718 0.1500126300976274 0
1052 4.662454957617723 0.2433801305880065 0
1053 1.941298348551392 0.380187422720191 0
1054 1.884564379531171 0.4026100760577034 0
1055 2.593561921720922 0.3004604887332007 0
1056 2.62881511893802 0.3510190612548833 0
1057 2.559238700034293 0.3703778660452267 0
1058 0.3532401259063632 0.2335629205352062 0
1059 0.3949188877256705 0.2162239953157781 0
1060 3.209060275888698 0.04896158878162858 0
1061 3.205861759329966 0.1328548116655573 0
1062 3.156743763877747 0.0838932228839287 0
1063 3.15706990197229 0.918205468199895 0
1064 3.207482151222271 0.8661997820387011 0
1065 3.210354529686941 0.9479943138388062 0
1066 3.160552997565334 0.2337093212025333 0
1067 3.099187742262673 0.1895410662888044 0
1068 3.729887923750749 0.5240544328561272 0
1069 3.685819817893937 0.4670431860756308 0
1070 2.680914524256162 0.3288599095595782 0
1071 2.729427743900856 0.316950565626612 0
1072 2.747203927532369 0.3647087912433329 0
1073 2.351721320906632 0.566731492758308 0
1074 2.294953431479952 0.5546532903959983 0
1075 0.7234767287269304 0.8722429387380668 0
1076 0.1058410763414411 0.9471195299406244 0
1077 0.1508940548677224 0.9051519601050082 0
1078 0.1450529785265614 0.9580324301643837 0
1079 0.8963724826929631 0.3053292370102914 0
1080 0.8437402565510922 0.2928418446804056 0
1081 1.524599601601653 0.9491772052422054 0
1082 1.57379880480496 0.9491772052422054 0
1083 0.03940873796337952 0.08874240371977545 0
1084 0.07885589595614738 0.1333793702055172 0
1085 0.03944715799276786 0.1446369664859961 0
1086 0.2332584211194996 0.8141423212995087 0
1087 0.2277871323239266 0.8601226034230154 0
1088 4.735745085117325 0.1670851862918249 0
1089 4.724345959198965 0.2801116089963434 0
1090 1.731488093114633 0.180171343752605 0
1091 1.677103353680655 0.1887472161112942 0
1092 1.051610620000382 0.8153467965465164 0
1093 1.088985016971425 0.8353148125835632 0
1094 1.051241560121145 0.8659963255996451 0
1095 1.178250258357693 0.3486472361870782 0
1096 1.14238816678544 0.3867384675259501 0
1097 2.795962032440386 0.3002669418616109 0
1098 2.729672629164179 0.2644180601778562 0
1099 4.113338855548218 0.7618507551506504 0
1100 3.371602867453392 0.8008964475349665 0
1101 3.402314454824755 0.8664551270736557 0
1102 3.328114439191535 0.8373287083232606 0
1103 3.33231700607564 0.1630834739287213 0
1104 3.408142767882135 0.1327948964467252 0
1105 3.373896787001198 0.2027559607097972 0
1106 1.391193859687152 0.9364856572693315 0
1107 1.344524661022641 0.9110506564143286 0
1108 2.646591302569533 0.3987772868716042 0
1109 2.910384013172242 0.3186709102365691 0
1110 2.959542973099009 0.3321479255726866 0
1111 2.950337068674498 0.3845774875910019 0
1112 2.67277333347811 0.5165347898264016 0
1113 2.74568298285827 0.5294922900518592 0
1114 2.701030191068996 0.5810069505096873 0
1115 2.404004757308777 0.5681188287570269 0
1116 0.647538627089052 0.7321615555490231 0
1117 1.539182764810889 0.5603867518383461 0
1118 1.583389041191061 0.5639807684857254 0
1119 1.541409946168911 0.6060487320547514 0
1120 2.857387362948958 0.4244266631966879 0
1121 2.899762667863248 0.4500081103636315 0
1122 2.855971922064476 0.503334301305435 0
1123 4.21818232094408 0.9175765570072599 0
1124 1.538395347983606 0.5091593941346514 0
1125 1.496416252961456 0.5512273577036774 0
1126 1.822159359271248 0.7857743317405483 0
1127 1.801152684152086 0.8341693981064221 0
1128 1.774996323266563 0.192799152645351 0
1129 1.803422095039471 0.1595909726760646 0
1130 1.820987307183667 0.2121804723199218 0
1131 3.90187107398445 0.4987063584638463 0
1132 3.95094210184724 0.5629151598231981 0
1133 3.85371401314281 0.5642088013594353 0
1134 3.944355620438999 0.4276677368786439 0
1135 0.4240052127769638 0.6277473711020503 0
1136 0.379347925857406 0.6240106965566915 0
1137 1.568482345996015 0.3631789517542584 0
1138 1.534980098412968 0.4093484062642183 0
1139 1.517196308516584 0.3517355711662622 0
1140 1.749053305258829 0.2327608433964623 0
1141 2.971264166106736 0.7197534389633272 0
1142 2.909056915341137 0.6986249326818148 0
1143 2.963279161173809 0.6581740186232081 0
1144 4.122888488902868 0.2359511893289828 0
1145 4.204476384220369 0.2533150355265883 0
1146 4.141982637161342 0.3221821534341482 0
1147 1.125197780455163 0.8609837556358591 0
1148 1.1255668403344 0.8103342265827302 0
1149 4.431958607910896 0.140188561327975 0
1150 4.39698944816708 0.05535278517209165 0
1151 0.04762203210084527 0.7775586267583174 0
1152 4.225278869754924 0.08354203571071144 0
1153 4.139618111686648 0.08354203571071144 0
1154 1.373793348223455 0.0449511627732643 0
1155 1.323793348223264 0.0449511627732643 0
1156 0.2429500765168952 0.235444076640306 0
1157 0.238929603471272 0.2841437696851104 0
1158 0.2009051220557649 0.2463369589284183 0
1159 2.277436731962061 0.9565964733526765 0
1160 2.337174140964199 0.9565964733526765 0
1161 2.337174140964833 0.04340352664732803 0
1162 2.27743673196264 0.04340352664732803 0
1163 0.4261519410525024 0.4545121506712068 0
1164 2.804656882163624 0.415276150724429 0
1165 2.848447627962396 0.3619499597826255 0
1166 4.256069611430855 0.8593238735245725 0
1167 4.303062794032028 0.9417473165173125 0
1168 2.786102444733881 0.6703073410132245 0
1169 2.837505875428683 0.6155049815384202 0
1170 2.849668479713408 0.6918478718164999 0
1171 2.986678291873963 0.2906065249773061 0
1172 3.026631347376219 0.3565131023317388 0
1173 0.8133288036265933 0.1553142819878265 0
1174 0.7997881572237153 0.1058457959230238 0
1175 0.357715051464468 0.1116266136655329 0
1176 0.4010881633384452 0.1320760586281042 0
1177 1.275876124385059 0.9575956005725015 0
1178 1.300876124385078 0.9311705018384493 0
1179 1.32500000000103 0.9735749012659477 0
1180 4.712162567466544 0.4470327253773373 0
1181 4.641511179226811 0.4533678437069399 0
1182 1.286824948958179 0.6113813354660029 0
1183 1.313601348711631 0.5644849071029016 0
1184 1.331312812890473 0.6018117002766534 0
1185 0.2981185295678684 0.2401311673548219 0
1186 4.029746952266361 0.401115512082076 0
1187 4.027293867721205 0.5929805566071951 0
1188 0.1114140077514238 0.09941637897848435 0
1189 1.504341036019609 0.8141685287843 0
1190 1.550901742126333 0.8461090596627364 0
1191 1.502638497096583 0.8664138796059744 0
1192 2.948811219053998 0.5144578742362206 0
1193 2.95022665993848 0.4355502361274735 0
1194 0.9852658132232821 0.2970964640629066 0
1195 0.9540333987195913 0.2558684396670782 0
1196 1.00761220135393 0.2696377027450237 0
1197 3.10188624747692 0.1383459456173944 0
1198 3.105084764035652 0.05445272273346573 0
1199 3.105084764035714 0.9455472772664852 0
1200 3.102212385571045 0.8637527454663803 0
1201 0.359579008579178 0.5457462548409297 0
1202 0.3970093379689417 0.5219362818289104 0
1203 1.074732464529076 0.0490650234964057 0
1204 1.024732464528884 0.0490650234964057 0
1205 1.299762662569246 0.07591708130563082 0
1206 1.275969314345216 0.03096591853236654 0
1207 1.353081674829004 0.6390792711077595 0
1208 1.379858074582455 0.5921828427446583 0
1209 3.348814033341517 0.7528583591940727 0
1210 3.423014048974738 0.781984777944468 0
1211 3.425307866229745 0.226788599102608 0
1212 3.349482104423251 0.2570771765846041 0
1213 1.596036561358052 0.8663698665924084 0
1214 1.597739100281078 0.814124515770734 0
1215 3.278124648267811 0.1654838578775253 0
1216 3.312370629148747 0.09552279361445322 0
1217 3.30979640274991 0.899438007769781 0
1218 3.279084815378547 0.8338793282310918 0
1219 2.187203429884994 0.5564233909698086 0
1220 2.214926652776193 0.612655323581885 0
1221 2.173408648951692 0.6100834223235314 0
1222 4.737486062532522 0.3675509674230719 0
1223 4.798592798299703 0.4581771395078843 0
1224 3.232815886503178 0.2663383674145013 0
1225 3.225808136256859 0.2004154919798254 0
1226 0.9952991451902 0.3326145664729854 0
1227 0.9417203425558616 0.3188453033950399 0
1228 2.701451244991565 0.7744123857470684 0
1229 2.688426231483662 0.8268463862463977 0
1230 2.765511371208786 0.4713864917535324 0
1231 2.756571636222224 0.40890978833947 0
1232 4.289361585222594 0.2971173506881386 0
1233 4.27026743696412 0.2108863865829732 0
1234 3.814572906110255 0.8138864060509026 0
1235 3.740519606343868 0.7958632646670756 0
1236 3.721753653976261 0.2015844900235695 0
1237 3.805495531029682 0.182583520753938 0
1238 2.943428619900406 0.6131491433241074 0
1239 3.005635870666005 0.6342776496056199 0
1240 0.09137157056830353 0.5487948878066137 0
1241 0.08883584197086195 0.4976799218534264 0
1242 2.793768228799671 0.5358586524368181 0
1243 2.999385619865248 0.449027251463591 0
1244 1.77883601548972 0.9682757747036772 0
1245 1.803957624910658 0.9235737340147225 0
1246 1.828693646771345 0.9552979593110452 0
1247 1.829037056790456 0.04396784962410199 0
1248 1.805019207553608 0.07444926701039135 0
1249 1.779554188113808 0.03048141738628937 0
1250 1.496514105861346 0.1420227257031255 0
1251 1.484711012410514 0.1899427719907088 0
1252 0.1025622178799004 0.6694079955230705 0
1253 4.353908980166391 0.1826971360443533 0
1254 4.433202265710849 0.2121801270281451 0
1255 1.753361682243292 0.8930316107489431 0
1256 1.707513065573736 0.9296008528657525 0
1257 1.70907482116592 0.0688158281928873 0
1258 1.756483724999663 0.1005862438870363 0
1259 0.09025746600642647 0.449880913012815 0
1260 0.109039532913871 0.4058000627484484 0
1261 0.5265555638512821 0.2693451937491436 0
1262 0.5267832836005717 0.2269106966329723 0
1263 4.062620742427921 0.529228769272847 0
1264 4.090815447460247 0.6247966089524328 0
1265 1.225876124385304 0.9575956005725015 0
1266 0.9689747362967813 0.5359620736425015 0
1267 0.9184125581777534 0.5302050205411371 0
1268 0.9454864885838825 0.5052607394755657 0
1269 0.7118516196758644 0.9607111303513307 0
1270 1.439975233122182 0.383390078869203 0
1271 1.441529949878974 0.4348029389880018 0
1272 1.39781112206762 0.4202879921809825 0
1273 1.295400785406671 0.8950713557208825 0
1274 3.069852570242941 0.4251431204906102 0
1275 3.069742161506923 0.4761158690270818 0
1276 0.315969874352468 0.552839314054518 0
1277 0.6368107700032797 0.04140674598737132 0
1278 0.6361737687503031 0.09415216996889712 0
1279 0.5993629987446817 0.05274542398152581 0
1280 0.4740930793431633 0.5775119641908832 0
1281 0.2561690417796803 0.6144560901441751 0
1282 0.3094240042400267 0.5853481442116679 0
1283 1.447497337479293 0.4858504261498819 0
1284 1.489661448533854 0.4489525128381025 0
1285 2.708058416577529 0.4208191322724363 0
1286 0.4692877163551992 0.6932589209244604 0
1287 0.4260435239186348 0.6930273455780383 0
1288 0.4534334670290575 0.6550746643376331 0
1289 0.9179713006930805 0.4733514975232374 0
1290 0.9685334788121086 0.4791085506246017 0
1291 1.613872245765609 0.5394108146863892 0
1292 1.665855639972643 0.5192150961230992 0
1293 2.035172476942188 0.7310040385536647 0
1294 2.010692836487978 0.6869346473081752 0
1295 3.096987889017894 0.3836017198952297 0
1296 3.619347935267317 0.4776443003157127 0
1297 3.650034890939774 0.3965786206791725 0
1298 1.540947486013286 0.4603958934260986 0
1299 4.512007814939199 0.7479505230069606 0
1300 4.421071841464642 0.7291961931025122 0
1301 4.476921210084473 0.667082317767798 0
1302 0.1118470749295602 0.3674463360436936 0
1303 0.09273341748109866 0.3122323953687507 0
1304 0.1318026574894953 0.3296787314123114 0
1305 0.8669794526732287 0.4710919073659924 0
1306 0.8900264429014548 0.4449397185150285 0
1307 1.25005710770833 0.1026355827635247 0
1308 1.297881141586378 0.1166208270044224 0
1309 3.043568320468346 0.5418168129155968 0
1310 4.824106815160318 0.8125989395540424 0
1311 4.847198018980839 0.9311350648946899 0
1312 4.594962515277221 0.7668930987764713 0
1313 2.011504179665555 0.3156732058910691 0
1314 2.038779335449826 0.2735571739729051 0
1315 1.803219313524918 0.8800537953563111 0
1316 1.805966593676311 0.1140726761248489 0
1317 0.5551825038624461 0.5521861375844384 0
1318 0.5387583266765988 0.527309230682592 0
1319 0.5835758228141528 0.5251230930981535 0
1320 1.882160130892759 0.9552979593110452 0
1321 1.882503540911918 0.04396784962410199 0
1322 2.137657951114656 0.2216757866649202 0
1323 2.084568228228433 0.2508215481367765 0
1324 2.079349488443807 0.2006523931788307 0
1325 1.501190640554336 0.0960283183976757 0
1326 1.474802668523218 0.03879983905863765 0
1327 1.766072352588156 0.6543446296860818 0
1328 1.713369630070139 0.6736840983437147 0
1329 4.380049429671308 0.7855556228721766 0
1330 4.203214144343646 0.4711992611059135 0
1331 4.17700834778788 0.3889170886149241 0
1332 4.249776329034608 0.421828172122743 0
1333 0.5497436186184668 0.6969791147319739 0
1334 0.5859749108933532 0.7057119681019776 0
1335 4.12829424263194 0.4996664996080897 0
1336 0.1834384172360555 0.8742683561566673 0
1337 0.1547868245255877 0.2847507213552956 0
1338 0.1739004819740492 0.3399646620302385 0
1339 1.466193859686628 0.9629107560033838 0
1340 1.490793461288281 0.9120879612455892 0
1341 4.059892157241446 0.2139332849492402 0
1342 4.122385904300473 0.1450661670416803 0
1343 0.9410316238606877 0.6899481581577147 0
1344 0.9289988537972539 0.7296863548213918 0
1345 0.905180894743745 0.683995140115915 0
1346 1.605062670360873 0.9105022834042806 0
1347 1.629662271962526 0.9613250781620752 0
1348 1.444928802353446 0.1235940854227251 0
1349 0.5710840654978526 0.8737717578166244 0
1350 0.6138278979211299 0.850057435131961 0
1351 1.106697894672418 0.08727378915381595 0
1352 2.258992848126897 0.5885136176252065 0
1353 1.109105316848343 0.710948363387814 0
1354 1.12546251660551 0.7578182284772634 0
1355 1.072996877093495 0.737795418440985 0
1356 0.8703015184059788 0.1103750746663165 0
1357 0.8984462114921817 0.1442078009591035 0
1358 0.8631582857800906 0.1574632636058002 0
1359 3.225800187663896 0.8040904825921806 0
1360 3.155834306859696 0.7714078994918717 0
1361 3.227436971015972 0.7390874456842624 0
1362 0.2407585364132345 0.3936348634393277 0
1363 0.2814134020937855 0.391689170190151 0
1364 0.9312847581156573 0.1729054264745321 0
1365 0.9384279907415456 0.1258172375350484 0
1366 4.829422585751374 0.6081021129917472 0
1367 4.82398904699502 0.7207365389200249 0
1368 2.097087798120676 0.2945805674589945 0
1369 1.344567547145766 0.1365503911819763 0
1370 0.5117122843648447 0.6866272071944413 0
1371 0.484322341254422 0.7245798884348464 0
1372 2.189575312201361 0.2336858170473214 0
1373 2.234032234047188 0.2463098824478573 0
1374 2.187333612745109 0.2844690070234019 0
1375 0.9165439408796781 0.4188777334426479 0
1376 0.8316669324700192 0.9111672763578673 0
1377 0.8310166396059164 0.9675533189879764 0
1378 2.244939106686953 0.08825564848713731 0
1379 2.217184489603314 0.04485212183980928 0
1380 2.216547764709657 0.9555516874846923 0
1381 2.244302381793369 0.9121481608373689 0
1382 1.131965430141808 0.03820876565741026 0
1383 0.03638891746058177 0.3250000000000664 0
1384 1.895142192056475 0.5790495914014477 0
1385 1.944454050576193 0.5663694173257698 0
1386 1.944707192144734 0.6145094423911526 0
1387 2.655959011259387 0.4429782839677414 0
1388 3.281593136981866 0.04896158878162858 0
1389 3.282887390780289 0.9479943138388062 0
1390 0.518461501816061 0.1870168023708949 0
1391 0.5605971576805737 0.203006933634293 0
1392 2.721696905648258 0.6593594082273895 0
1393 2.036093997397465 0.462519099223115 0
1394 2.021909863226355 0.5213618105630369 0
1395 0.3715809207632815 0.6790649172094194 0
1396 0.3874351700894232 0.7172491737962469 0
1397 4.095420452470379 0.3715532424173187 0
1398 4.064772662892899 0.4678504472628519 0
1399 1.118606930032319 0.4149776108091402 0
1400 3.153884929848134 0.3759319673456552 0
1401 2.156991594569417 0.6498834254340851 0
1402 2.129268371678218 0.5936514928220087 0
1403 0.5421251765599127 0.4922509122420881 0
1404 0.1904362970273335 0.6662739992229098 0
1405 4.322445248771026 0.8222707402186518 0
1406 4.237564775683078 0.7980999807085992 0
1407 2.141237004495117 0.4032646924099438 0
1408 4.001522453935063 0.1513557913966623 0
1409 2.366494232977383 0.08268873723847199 0
1410 2.391157404581062 0.1269678604389135 0
1411 2.329854520649958 0.1310861764950976 0
1412 2.328683439615788 0.8655447615311827 0
1413 2.390016336858334 0.8696533283546037 0
1414 2.366524246288321 0.9173015135287741 0
1415 1.988016871664676 0.5470751243320662 0
1416 0.9512634028397313 0.6565609830643922 0
1417 0.9750813618932402 0.7022521977698689 0
1418 4.31724192824669 0.4430988757772749 0
1419 4.419534890701739 0.4368456417909322 0
1420 4.378275088045422 0.4978571106273896 0
1421 0.4825535325340042 0.7615053488180625 0
1422 2.765856784077188 0.7853603185329033 0
1423 2.733859509932983 0.7357022985054692 0
1424 1.168815730572818 0.4122314515655641 0
1425 3.467787851277671 0.7211213578611414 0
1426 3.470723549378336 0.28128357247911 0
1427 0.906405814659881 0.3408473394203701 0
1428 0.6868107700031016 0.04140674598737132 0
1429 2.982210077401543 0.2387685175140026 0
1430 3.03408857724187 0.7360956457854908 0
1431 2.979866331409198 0.7765465598440975 0
1432 2.184356572416735 0.1835166620893756 0
1433 0.3611794903070015 0.8964157521906025 0
1434 0.3145100970302753 0.9100904186109016 0
1435 0.9219116326804144 0.3724597820090705 0
1436 0.9694701743454662 0.8700821709143305 0
1437 0.9312224190772223 0.8485551478382398 0
1438 0.9756194078818582 0.8245012864865077 0
1439 0.8144695139671945 0.5255376845198005 0
1440 0.8489232702994108 0.5310566610195746 0
1441 0.8344537563322164 0.5555189764997741 0
1442 4.308920412957196 0.05535278517209165 0
1443 4.269023779164167 0.1388948208828031 0
1444 1.585875027109119 0.3264116631908811 0
1445 1.603658817005502 0.3840244982888372 0
1446 2.398507038206745 0.9607050401760976 0
1447 2.398477024895937 0.03928521059114396 0
1448 0.1987226728105457 0.3693235333295084 0
1449 3.215697974856268 0.4053317712632382 0
1450 3.302987118069932 0.4338999099254006 0
1451 1.276003623910979 0.7307205533281214 0
1452 0.8712969595248754 0.6629588690859229 0
1453 0.8279008439057718 0.6483525903986434 0
1454 0.8738175491880751 0.6296506647649585 0
1455 0.605233940555695 0.3409687941978065 0
1456 0.6465399057509151 0.3438901955255812 0
1457 0.6306833760609583 0.3790073443322963 0
1458 2.781537553150381 0.06013953542420511 0
1459 2.78166274736365 0.938633838586917 0
1460 0.4590150735261513 0.9674199510546113 0
1461 0.4465420465260743 0.9144942218206291 0
1462 0.4875269730013236 0.9470742707660178 0
1463 3.406489046886231 0.9514436939309749 0
1464 3.449977475148089 0.9150114331426809 0
1465 3.451937308009216 0.08623369161390054 0
1466 3.410357527083658 0.04656120483282464 0
1467 0.6833529264966216 0.3448452806312664 0
1468 0.6579034909913584 0.3068067304967765 0
1469 0.5665845016668696 0.0877011022141958 0
1470 0.5672215029198463 0.03495567823267 0
1471 0.9338413828582661 0.2098528341238913 0
1472 4.492201006564339 0.2511351929383857 0
1473 4.414151378819835 0.293643767654764 0
1474 1.657786475397812 0.3621713006722216 0
1475 0.2637517943077684 0.3135026409843803 0
1476 0.2217068398466381 0.3243955232724926 0
1477 3.993303405463264 0.06152413133096883 0
1478 3.935436286759277 0.08983166006569346 0
1479 4.433276643555193 0.5699659322521983 0
1480 4.52421261702975 0.5887202621566468 0
1481 0.7980454661806911 0.6511857364190536 0
1482 0.7893911672246722 0.6811316832607612 0
1483 0.7620563791627912 0.6506566249602073 0
1484 0.5188321452991225 0.308037260987701 0
1485 1.253580966050952 0.8622862720885012 0
1486 1.207934744488174 0.06917468418977679 0
1487 0.3251084034164031 0.9662037411801698 0
1488 0.9700649836823342 0.4274265889850217 0
1489 3.50034260516628 0.9486835575812564 0
1490 3.500342605166954 0.05131644241850412 0
1491 2.354893333867564 0.2611255010955346 0
1492 2.348752586473074 0.3140618580067369 0
1493 2.29701313829986 0.3094359537236866 0
1494 0.8819159115646436 0.5302708196868747 0
1495 0.8619316691996217 0.5002895277069011 0
1496 3.612183479238598 0.6997737220315832 0
1497 3.685071286772891 0.7684598234143292 0
1498 4.8031103600316 0.1019083323500809 0
1499 4.741219358450358 0.065176853941744 0
1500 0.849664473116702 0.5880411695386136 0
1501 0.8930605887358059 0.6026474482258931 0
1502 3.056673920873435 0.6314680753679258 0
1503 3.122666260009617 0.6450192442075422 0
1504 3.091478751075591 0.692853693744337 0
1505 1.018978146150491 0.359259798219311 0
1506 0.9754326754830706 0.3810086375514443 0
1507 0.4120187959691599 0.8395902329833542 0
1508 0.4634746820787646 0.8564524927389394 0
1509 0.423598059891642 0.8772862817764506 0
1510 1.008755502482356 0.8820010261402351 0
1511 3.403072972320434 0.6796922108892869 0
1512 3.413580356276803 0.335685421576866 0
1513 1.835941220416767 0.3957788503119785 0
1514 1.816482039340365 0.4350534297607841 0
1515 1.783275113019412 0.3877707640888626 0
1516 1.145215287878391 0.6947539111182136 0
1517 3.248451734672546 0.6233333343651359 0
1518 3.22724852488482 0.680066617836691 0
1519 3.178674299999499 0.6496715791123985 0
1520 1.010744630125262 0.7132824631073635 0
1521 0.9724479432167401 0.1123513286854535 0
1522 1.011547139064073 0.0841589206566207 0
1523 2.584092425582062 0.04952329457992651 0
1524 2.520948897306721 0.04952329457992651 0
1525 2.521640692132008 0.9502519895057463 0
1526 2.584784220407286 0.9502519895057463 0
1527 1.362198789064958 0.3977839910689256 0
1528 1.326702272513643 0.3745056202711258 0
1529 1.360759888759513 0.3455967612643839 0
1530 4.076621780025226 0.06152413133096883 0
1531 2.693823624305761 0.2297832897819894 0
1532 2.760357912845292 0.2130996660169883 0
1533 2.401287389291063 0.1722009643644918 0
1534 2.437927101618489 0.1238035251078662 0
1535 2.437957114929636 0.8761867256593396 0
1536 2.400116308257103 0.8244299736617481 0
1537 1.043821203715468 0.2564551689059756 0
1538 1.082930040851412 0.2234577198754406 0
1539 1.424802668523026 0.03879983905863765 0
1540 1.398596016746865 0.08375100183190196 0
1541 0.6859946706279314 0.4159643728300356 0
1542 0.7121529480097592 0.3990191754099156 0
1543 0.7261582773815123 0.4330548025798802 0
1544 2.651072526071123 0.04406963831209713 0
1545 2.616887246465206 0.09359293289202364 0
1546 2.618252797578917 0.9058223091337063 0
1547 2.6517462823586 0.95557031962796 0
1548 2.836143533713961 0.5614400996037616 0
1549 1.393919482053875 0.1297454091373518 0
1550 1.391911531224731 0.7639875835207245 0
1551 1.436077424524144 0.7827180495929567 0
1552 4.562102975686345 0.3445026934287648 0
1553 1.012588789211778 0.2152271445101472 0
1554 3.297214405689019 0.7127492009369998 0
1555 2.070736103736049 0.3750167056963477 0
1556 2.036394693454096 0.4154667137032237 0
1557 2.016957495060116 0.3577662013019992 0
1558 1.470416432791263 0.3563710925233388 0
1559 1.503918680374311 0.3102016380133787 0
1560 0.4875523549897572 0.8052777697085514 0
1561 0.4468965957005295 0.7749840230553543 0
1562 3.6600095642581 0.2160691913140519 0
1563 3.599412047716969 0.2786541428604381 0
1564 1.390900332752347 0.1763934747727995 0
1565 0.8831806056086804 0.7575008584854577 0
1566 0.9152598886469626 0.7633538000950045 0
1567 0.9052923695753321 0.7971213218008701 0
1568 3.305906678934906 0.5815481942339271 0
1569 3.744464790355694 0.7186548591972044 0
1570 0.3950861604164696 0.8976319620650441 0
1571 0.1582431965016476 0.6514923311614995 0
1572 0.2098035516759401 0.6366125279257766 0
1573 1.295000622391114 0.3505771326335024 0
1574 1.296439522696559 0.4027643624380441 0
1575 1.436841845144693 0.6543145255122089 0
1576 1.444066905913414 0.7050706939535144 0
1577 1.408851997289707 0.6802065820170699 0
1578 1.851748626819451 0.8647115213722014 0
1579 1.851957577593416 0.1334539957994197 0
1580 0.9511106177639055 0.7693068181368042 0
1581 0.6639191694537335 0.1693679661004862 0
1582 0.6480726145399451 0.1288520404583615 0
1583 0.6894680949226895 0.1233294176168673 0
1584 3.346040010739859 0.3197708097248951 0
1585 3.294628931511312 0.2957381713320844 0
1586 2.899709568693488 0.5829806304070371 0
1587 0.722665340035439 0.2039416672037153 0
1588 0.6992393282441063 0.2414853577832773 0
1589 0.6818886380451451 0.201389033838554 0
1590 1.183018396020979 0.6799260623751305 0
1591 1.040002877589028 0.7302825336107938 0
1592 0.9941078303779621 0.7526394433666217 0
1593 0.7956755748224715 0.4293948667587718 0
1594 0.7761194381122909 0.3946026614015673 0
1595 0.7658300223968497 0.2155180089055392 0
1596 3.351473344667936 0.6395830526322139 0
1597 0.03358137544489257 0.463353726705087 0
1598 0.06574112685422062 0.4745064622502538 0
1599 0.03215975140932804 0.5111527355456984 0
1600 3.358727183364864 0.3743464163243463 0
1601 0.7647861644480981 0.709836020258571 0
1602 0.800775251465998 0.7103651317174173 0
1603 4.556267288627364 0.5209665053812009 0
1604 4.565811941099916 0.4240052149667859 0
1605 1.41442288234787 0.2164143551857417 0
1606 1.365070947439761 0.2232193372303662 0
1607 0.8592641894614416 0.7026970657495999 0
1608 1.453296843389168 0.7389168542396338 0
1609 1.473297209854883 0.7906721533742152 0
1610 4.853392317572118 0.05232059104193531 0
1611 4.847918044239085 0.1542289233920162 0
1612 0.3316269642827867 0.7875463744090605 0
1613 0.3728250687639399 0.8198519901122681 0
1614 1.384960551742745 0.7145363649581966 0
1615 1.377735490974024 0.6637801965168912 0
1616 0.8125064878205159 0.3182314502370442 0
1617 0.7951887895746257 0.2837420218818282 0
1618 1.22481858704751 0.6699216566475451 0
1619 2.036669379061927 0.8345241292204674 0
1620 2.073429952081916 0.8036742362065767 0
1621 2.039287635271314 0.1677088366019692 0
1622 0.986814674533271 0.03509389716021499 0
1623 0.9368146745330793 0.03509389716021499 0
1624 0.761513616440968 0.4476994635205235 0
1625 0.8048726365000996 0.4609847251195351 0
1626 0.6280904044381713 0.9133722990085946 0
1627 0.6013284481233723 0.9367966946793134 0
1628 0.5792877752365035 0.9087465604439565 0
1629 2.749413644148318 0.1042091737363022 0
1630 2.715991255956329 0.04406963831209713 0
1631 2.71666501224374 0.95557031962796 0
1632 2.750212594650141 0.894204158214877 0
1633 2.591812981121834 0.1331390998203541 0
1634 2.658793081610895 0.1276854435525247 0
1635 2.664309401680892 0.8703815029871065 0
1636 2.597347339729579 0.8650631728648928 0
1637 0.07940136619386778 0.9705986338063672 0
1638 0.08524244253502877 0.9177181637469918 0
1639 0.9295572353489154 0.6025816490801554 0
1640 0.972514528845894 0.5811210886289837 0
1641 0.9601709583041573 0.6227963830010663 0
1642 0.4077028684953095 0.7552457801842681 0
1643 0.3532402653399562 0.7412833518156494 0
1644 0.8810166396056867 0.9675533189879764 0
1645 0.8935532323753959 0.9146213351210077 0
1646 3.886444018762527 0.1489744042400784 0
1647 3.878224970290726 0.05914274417438497 0
1648 3.87822497028951 0.9408572558259272 0
1649 3.890986744048581 0.8550431546732891 0
1650 2.021410841101747 0.6447493804063971 0
1651 2.053435183980197 0.6176403821240184 0
1652 2.080826974417493 0.6605604942149408 0
1653 0.5137898824614756 0.9131597488233556 0
1654 0.5262629094615526 0.9660854780573377 0
1655 3.577011165069259 0.9486835575812564 0
1656 3.577011165070309 0.05131644241850412 0
1657 4.885693636434318 0.7704077291553622 0
1658 0.7822813608754294 0.0440305272665172 0
1659 0.7322813608754225 0.0440305272665172 0
1660 0.7819386711526457 0.3411136725409205 0
1661 0.610624843281347 0.140190718452516 0
1662 0.4090150735260112 0.9674199510546113 0
1663 4.476859085086899 0.4121013551030258 0
1664 1.510974698788122 0.27712074741958 0
1665 1.500210299318592 0.2294862147180502 0
1666 1.539934156630102 0.2579315839547725 0
1667 4.942905702299808 0.8311350648944266 0
1668 4.94278793413451 0.7392726642604091 0
1669 2.027912042226131 0.5761159545464454 0
1670 2.087328175541877 0.5919270683549891 0
1671 1.577730743851799 0.2628275209580017 0
1672 1.62874138970467 0.2528372345170207 0
1673 1.601709201952503 0.2955758302153212 0
1674 1.997987602927595 0.8680220578327804 0
1675 1.998247137530886 0.1321425383593193 0
1676 0.06997029290547435 0.3883537267048877 0
1677 1.206765926293623 0.8755971853900146 0
1678 0.5611955209129247 0.2815928951349279 0
1679 0.9396093965932646 0.08365370317002492 0
1680 0.9027947220578848 0.04855980600980993 0
1681 4.415825925288166 0.3573431202529111 0
1682 0.5762629094616927 0.9660854780573377 0
1683 0.6250655386633603 0.9707112166219758 0
1684 0.97382316210763 0.1914622706998362 0
1685 1.181965430142 0.03820876565741026 0
1686 0.6765895689954384 0.2733472700102889 0
1687 0.7173662709857325 0.2758999033754502 0
1688 0.9463859827220431 0.400781357238696 0
1689 1.335863719193987 0.2565810686750502 0
1690 0.7002818335019995 0.3711195096744588 0
1691 0.7404454402555802 0.3882099394243034 0
1692 0.4940069088003427 0.840488897402927 0
1693 2.267472210142642 0.2767963346182111 0
1694 2.269713909598894 0.2260131446421306 0
1695 1.655154003355432 0.2201109798817087 0
1696 4.648128811139126 0.065176853941744 0
1697 3.720014270047226 0.2613662544495886 0
1698 4.949100000889802 0.1523205910417143 0
1699 1.207401652843752 0.9231533727596124 0
1700 1.162415330368268 0.8835593570046239 0
1701 1.679132461456137 0.2528592891390282 0
1702 0.503521333595257 0.6048392574264661 0
1703 0.5360897355669315 0.5828260623575221 0
1704 0.5292460614372965 0.6332930446151115 0
1705 0.03358137544489257 0.4133537267049541 0
1706 0.2239759412539944 0.599674422082765 0
1707 1.392424951173056 0.3160576748527461 0
1708 1.422866150842137 0.2890386885068819 0
1709 1.426697604979909 0.3418561457163195 0
1710 0.2943393222873617 0.3482528147672354 0
1711 0.1923779076727584 0.5893302705332199 0
1712 0.8005660558438907 0.6178775320980893 0
1713 0.8968795517577346 0.8736719057473233 0
1714 0.9030287852941266 0.8280910213195005 0
1715 1.416193859687171 0.9629107560033838 0
1716 0.03215975140932804 0.5611527355455546 0
1717 0.05921181915897548 0.587642152261303 0
1718 1.680244651872459 0.9613250781620752 0
1719 1.68108823484076 0.03833441080659793 0
1720 1.187591709550758 0.4439383904692355 0
1721 1.209166708733857 0.4863186116697185 0
1722 0.5098025862080036 0.1013066519685127 0
1723 0.5433591908690487 0.1165121979187778 0
1724 0.518718771235018 0.1479074934219505 0
1725 0.9054041592775425 0.5609721538538105 0
1726 1.63688567296199 0.3164213767499001 0
1727 0.5809072317044854 0.5806399247730838 0
1728 0.5755006866938841 0.1343019436676336 0
1729 1.58915649369142 0.7704686699558385 0
1730 1.554185770391423 0.7448700267349472 0
1731 0.5055861727228247 0.8781849461960234 0
1732 3.672074666503098 0.6196801418283144 0
1733 1.464194823062801 0.2817562687766565 0
1734 1.988296095647985 0.9646640034287652 0
1735 2.003972189467316 0.9120188403442275 0
1736 2.004352312995112 0.08803183687330993 0
1737 1.988416684572739 0.03522207759668427 0
1738 0.8709495022558443 0.8222380797099538 0
1739 1.125833507005293 0.9085399430054568 0
1740 1.228648988482615 0.5496427897709855 0
1741 1.236789660230468 0.6014677468092098 0
1742 2.648428578446086 0.2241666472118562 0
1743 2.601815955262374 0.2466497184781262 0
1744 2.587106193083812 0.1897146817471251 0
1745 1.24299091887369 0.5127599530701827 0
1746 1.263973135421653 0.4738475274901812 0
1747 2.204287347060039 0.8564790376214939 0
1748 2.265176314312444 0.8575238234894781 0
1749 2.27073264127486 0.1411668728832164 0
1750 2.210480398915534 0.1426154680756977 0
1751 1.673620650241196 0.3313354676966617 0
1752 1.356928434621741 0.2927793040549462 0
1753 1.93344706329938 0.03522207759668427 0
1754 1.933326474374674 0.9646640034287652 0
1755 0.03638891746058177 0.3750000000001993 0
1756 1.279145049050454 0.4370495180826922 0
1757 1.312969259190287 0.4634908594831565 0
1758 0.5172215029200245 0.03495567823267 0
1759 0.1480170447341026 0.5985575821933643 0
1760 1.3303399774178 0.7242943620726696 0
1761 1.360795024909048 0.7475611980205459 0
1762 1.247443398927925 0.4131210304450689 0
1763 0.6397765482497321 0.2723921849046037 0
1764 1.449415303154863 0.6159525644915682 0
1765 1.48463021177857 0.6408166764280128 0
1766 1.691172565044854 0.2925399555083497 0
1767 1.712073367480676 0.3382898794306712 0
1768 1.304198656780444 0.2861201550866879 0
1769 4.132836363741074 0.6800656153242202 0
1770 4.19068664653576 0.7533679741880897 0
1771 2.085249948789863 0.3345285375632821 0
1772 2.104687147183844 0.3922290499645066 0
1773 3.229373792819786 0.3290320005547923 0
1774 1.950163356616392 0.8853312243460831 0
1775 1.950283945540954 0.114554856679378 0
1776 0.03940873796337952 0.03874240371964827 0
1777 0.0894087379631596 0.03874240371964827 0
1778 0.03135825238258544 0.8678022996880828 0
1779 0.06075961857631318 0.8884009334943597 0
1780 0.02940136619372774 0.9205986338064576 0
1781 0.8090332864322505 0.2226752214939148 0
1782 0.8414734967127963 0.1891470082806135 0
1783 1.283455415170411 0.5371717055914482 0
1784 0.3751084034165432 0.9662037411801698 0
1785 3.792219669579081 0.559674179652132 0
1786 3.717464608049812 0.5837286125081758 0
1787 1.225969314345024 0.03096591853236654 0
1788 0.128649790085496 0.6282190534904975 0
1789 2.998275249452961 0.1636901591277951 0
1790 2.997205502121495 0.8384020676102292 0
1791 2.709331689333001 0.8676055225152113 0
1792 2.774329424452911 0.8506690414741682 0
1793 2.769734424664622 0.1493719832347658 0
1794 2.70418812747057 0.1333020861226578 0
1795 0.8058284384351455 0.07205312657987362 0
1796 0.8410538739053179 0.08983786796986301 0
1797 2.452269640276204 0.5593647678724337 0
1798 0.5672773956909185 0.6436449521526442 0
1799 0.534708993719244 0.665658147221588 0
1800 1.131525528459808 0.9655577721871108 0
1801 1.181525528459948 0.9655577721871108 0
1802 1.254501124409311 0.6387945399829618 0
1803 1.274853875775221 0.6798352453043381 0
1804 0.6136907828594482 0.2409167761572433 0
1805 0.5950047048553682 0.2743762366437309 0
1806 4.94278793413451 0.6392726642601457 0
1807 1.862652673132861 0.6510107664250253 0
1808 1.831048785299112 0.6208265897616616 0
1809 1.863791445791267 0.5970054398034668 0
1810 0.09233606611235537 0.6164732465549352 0
1811 0.03312424695337988 0.6288310942938761 0
1812 1.363753505821751 0.4491968511877245 0
1813 1.804333672376528 0.5921314700647216 0
1814 1.803194899718121 0.64613679668628 0
1815 2.499673910978004 0.8657336749889883 0
1816 2.489573939579235 0.9109570296818439 0
1817 2.488852131442315 0.08880850517107047 0
1818 2.498982116152317 0.1340416090966488 0
1819 1.521560454884633 0.7703673334309771 0
1820 0.629335322473805 0.4502875508609731 0
1821 0.6646906615330617 0.4356428899202134 0
1822 1.465410182158022 0.5259469498975978 0
1823 1.417278683503142 0.5117973760474972 0
1824 2.155750849548931 0.3627765242768781 0
1825 0.8307936703578518 0.7152569400791757 0
1826 0.8061886675812777 0.7439612770769852 0
1827 1.848896295053297 0.7463467940321518 0
1828 1.876418933228668 0.7793995864139159 0
1829 1.873902490449671 0.2208170956997592 0
1830 2.857653532386908 0.3095203977643102 0
1831 1.634291312923139 0.7907294768855104 0
1832 2.45992389608364 0.9607050401760976 0
1833 2.459893882772892 0.03928521059114396 0
1834 4.391131829241803 0.9417473165173125 0
1835 4.398554265419085 0.8467795156881499 0
1836 1.455751554568534 0.2091319354555163 0
1837 1.429922169255948 0.2559577979130831 0
1838 1.375000000001068 0.9735749012659477 0
1839 2.679113862127198 0.1728482530509883 0
1840 1.726831579927755 0.9682757747036772 0
1841 1.7275497525518 0.03048141738628937 0
1842 1.898997013134477 0.8759651802283632 0
1843 1.896930383761645 0.8300807829784742 0
1844 1.896795924516652 0.1688189252580113 0
1845 1.899340423153492 0.1233006287067957 0
1846 3.62091659432111 0.3415153453296627 0
1847 1.12650346802945 0.2054144190023367 0
1848 1.904981599674198 0.9199619627398104 0
1849 1.905445598617719 0.07918992722078626 0
1850 0.484904897155016 0.1718112564206298 0
1851 1.34858159219295 0.4859948605952134 0
1852 1.378727525734169 0.5133080621066668 0
1853 1.327943279102706 0.5276020704020988 0
1854 1.526485464761113 0.6491655300181022 0
1855 1.30568616127278 0.699593436663538 0
1856 3.68738847694773 0.3309142310895808 0
1857 0.6367815664690761 0.6507953116945605 0
1858 0.6085070695147716 0.6784450000147284 0
1859 0.6010148249271705 0.6483603664389528 0
1860 0.595551892645223 0.6159952638324762 0
1861 0.4127016909510625 0.7990182010747569 0
1862 4.942905702299808 0.9311350648946899 0
1863 0.8235470775570321 0.02802259931335643 0
1864 0.8152107167844858 0.5825221930388396 0
1865 1.418409232351429 0.5906721566854887 0
1866 1.466197598985305 0.5771743076012925 0
1867 0.4672494052135282 0.6279789464484726 0
1868 1.329190229282042 0.6734090540488864 0
1869 1.812273366868291 0.7137767278710021 0
1870 1.866532940825711 0.7074019825443698 0
1871 1.523141944226697 0.7213736513248623 0
1872 0.5957213142680367 0.2088957084191754 0
1873 0.6404931576624007 0.2069116566800481 0
1874 0.03135825238258544 0.8178022996880756 0
1875 0.481849149000186 0.03040491262469086 0
1876 0.4318491490003641 0.03040491262469086 0
1877 2.320935709104226 0.7762877626977734 0
1878 2.288668404882458 0.8098756383153076 0
1879 2.295395812878539 0.1854459960836579 0
1880 2.328835788973993 0.2159324482540117 0
1881 0.7190921308812219 0.08543727325388852 0
1882 0.3690757861414376 0.03082592556775891 0
1883 3.789854731902407 0.6827033298770657 0
1884 3.841290697441872 0.6238829810114837 0
1885 4.949100000889802 0.05232059104193531 0
1886 1.513912006750943 0.6875274910387429 0
1887 0.7267010401035828 0.6653012859009575 0
1888 0.7246349202855179 0.7047559007275633 0
1889 0.6979338801823285 0.689454614826606 0
1890 0.4336272999186493 0.07631417281590031 0
1891 0.4017781509166561 0.04590926019120944 0
1892 0.4418910957079609 0.1525177721727375 0
1893 0.4443592342044571 0.1122602339270521 0
1894 1.814639230375778 0.5333237616016295 0
1895 1.779716576814895 0.5599717889806082 0
1896 1.762168249233154 0.5264742874421344 0
1897 1.899275601317866 0.683580832586175 0
1898 0.3708539370597227 0.07673518575896836 0
1899 3.335785494789696 0.04656120483282464 0
1900 3.331917014593277 0.9514436939309749 0
1901 0.6700707857104704 0.704894587461774 0
1902 0.6721369055285353 0.6654399726351682 0
1903 1.180862198643604 0.2727428993310339 0
1904 1.219809054657079 0.2724400540765746 0
1905 1.202850405402923 0.312999318837323 0
1906 0.4744302322881651 0.09675588636053355 0
1907 2.26468201706255 0.5251349649989541 0
1908 0.6506853321613085 0.4016072627502489 0
1909 0.6750655386635005 0.9707112166219758 0
1910 2.543149346836252 0.4199699601455473 0
1911 1.748627873386416 0.3627907881295202 0
1912 1.729168692310014 0.4020653675783257 0
1913 2.547413137602932 0.8466531731934817 0
1914 2.545200357938122 0.1556221710866241 0
1915 1.935845033156831 0.3380944273092609 0
1916 0.6217416524352588 0.7081469133575853 0
1917 1.933989187530964 0.6566947092929307 0
1918 0.02940136619372774 0.9705986338063672 0
1919 1.262465601384544 0.2813091966448277 0
1920 1.766179788190074 0.3239952759412081 0
1921 1.706187121959688 0.5155248329819268 0
1922 1.741109775520571 0.4888768056029482 0
1923 1.761093408847547 0.2724415097657837 0
1924 0.8735470775572238 0.02802259931335643 0
1925 0.1470052697877292 0.08781745583189352 0
1926 0.1927829648606315 0.06759767597531209 0
1927 2.070480014772171 0.7564571673764575 0
1928 4.948440480509676 0.5559010244298869 0
1929 4.948440480509676 0.4559010244299009 0
1930 2.116134512247476 0.6860136230377336 0
1931 2.084110169369026 0.7131226213201123 0
1932 1.724472290095058 0.4524863473402043 0
1933 0.1749999999992748 0.02714348057305742 0
1934 0.124999999999465 0.02714348057305742 0
1935 0.7519855255392248 0.2765848092934527 0
1936 0.7832192942698011 0.2511952037368141 0
1937 4.291036131690925 0.3608167032862856 0
1938 4.356827184434676 0.3183880543426705 0
1939 1.780453417368523 0.463435801800412 0
1940 1.833119524765878 0.4714438880235279 0
1941 0.3841234769414338 0.9336236922347811 0
1942 3.098444133025976 0.8146498515330254 0
1943 3.100080916378053 0.7496468146251072 0
1944 0.5982204837547385 0.4897677540389132 0
1945 0.5872812863032084 0.3130683038822884 0
1946 1.056360077346195 0.7771523987002432 0
1947 1.157441569013634 0.2385272318250338 0
1948 1.977162769383602 0.3561232138979451 0
1949 0.7998248530264925 0.4901823454604438 0
1950 1.845989976640985 0.5153679131996105 0
1951 1.665966217972867 0.751097897974392 0
1952 1.730944323996515 0.7231848736304963 0
1953 1.688649035685879 0.7056213895913872 0
1954 0.8409048180954699 0.8308706130082759 0
1955 0.8431684023766755 0.7999009134896455 0
1956 1.775150819738326 0.721984560870804 0
1957 1.863538304222726 0.548865414738084 0
1958 0.833986811407996 0.4718777486986922 0
1959 3.73440641233143 0.6552998886243192 0
1960 0.7293357662905571 0.3084467215204643 0
1961 0.6943256527370001 0.8993134484497315 0
1962 0.6940991421141625 0.8501341264851368 0
1963 1.717585178695617 0.2598137008730377 0
1964 1.983301046050682 0.6440145352172527 0
1965 0.6869171583374041 0.9314223469733065 0
1966 2.131038841568469 0.3117929117271535 0
1967 0.5980985076908925 0.4590698113016096 0
1968 0.5981445082835263 0.4300680402810633 0
1969 0.834993251852358 0.8702178469841829 0
1970 1.396640370412898 0.5534045858543826 0
1971 0.5873995324835262 0.1690018141570979 0
1972 1.228667419949984 0.3814140915413974 0
1973 1.217197114371168 0.3483443909326188 0
1974 1.253267566995214 0.3457661741916422 0
1975 0.8763417996174091 0.07658240532316635 0
1976 4.860398627192516 0.4452487152072229 0
1977 2.167588698879744 0.3228285541725906 0
1978 1.018616620495915 0.8078339117163251 0
1979 0.8646776055767214 0.7362932111091678 0
1980 0.410765277619366 0.4924740232168908 0
1981 2.21204562072557 0.3354526195731266 0
1982 0.5670296695644598 0.4695482434590034 0
1983 1.211372946303879 0.4156992471860455 0
1984 0.9803688652276709 0.7863068886402345 0
1985 0.6093793669660884 0.3986858614224742 0
1986 1.283530316812298 0.3175074320247239 0
1987 0.4416338262890039 0.1916270811216819 0
1988 2.381077586530137 0.7709890410599345 0
1989 2.380575237147208 0.220558352537062 0
1990 0.8246654023447162 0.7786932661133557 0
1991 3.348625587210365 0.6938375313465014 0
1992 4.835075132126539 0.5247304731614884 0
1993 4.891228414644186 0.5951736886910858 0
1994 0.6432770652075948 0.8459986708437429 0
1995 1.481286691244153 0.7130247977347728 0
1996 2.261331462748153 0.3297326915294134 0
1997 0.7116454187424426 0.3340360446456542 0
1998 3.046458995089401 0.8419916605996158 0
1999 3.047528742420579 0.1601005661383415 0
2000 2.942066278185683 0.5590842613894489 0
2001 0.8547100865050907 0.7700607328150335 0
2002 3.036823379600032 0.5864432000688251 0
2003 0.4990706519221957 0.06536059085736086 0
2004 2.992530270260915 0.544626387153291 0
2005 0.1144087379630645 0.06588588429270569 0
2006 2.217802220696842 0.5122491639649567 0
2007 0.6354988988377675 0.8812634004850195 0
2008 0.5443221091830537 0.8971961534873432 0
2009 0.8653595985923001 0.8941572086022684 0
2010 1.79278746551074 0.6830397493830219 0
2011 0.7642483236045312 0.3667029956661104 0
2012 0.6575395717246362 0.9093135347203765 0
2013 0.746264673295935 0.3347209505636567 0
$EndNodes
$Elements
1058
1 8 2 100 1 1 11 25
2 8 2 100 1 11 12 26
3 8 2 100 1 12 13 27
4 8 2 100 1 13 14 28
5 8 2 100 1 14 15 29
6 8 2 100 1 15 16 30
7 8 2 100 1 16 17 31
8 8 2 100 1 17 18 32
9 8 2 100 1 18 19 33
10 8 2 100 1 19 20 34
11 8 2 100 1 20 21 35
12 8 2 100 1 21 22 36
13 8 2 100 1 22 23 37
14 8 2 100 1 23 24 38
15 8 2 100 1 24 2 39
16 8 2 100 2 2 40 64
17 8 2 100 2 40 41 65
18 8 2 100 2 41 42 66
19 8 2 100 2 42 43 67
20 8 2 100 2 43 44 68
21 8 2 100 2 44 45 69
22 8 2 100 2 45 46 70
23 8 2 100 2 46 47 71
24 8 2 100 2 47 48 72
25 8 2 100 2 48 49 73
26 8 2 100 2 49 50 74
27 8 2 100 2 50 51 75
28 8 2 100 2 51 52 76
29 8 2 100 2 52 53 77
30 8 2 100 2 53 54 78
31 8 2 100 2 54 55 79
32 8 2 100 2 55 56 80
33 8 2 100 2 56 57 81
34 8 2 100 2 57 58 82
35 8 2 100 2 58 59 83
36 8 2 100 2 59 60 84
37 8 2 100 2 60 61 85
38 8 2 100 2 61 62 86
39 8 2 100 2 62 63 87
40 8 2 100 2 63 3 88
41 8 2 200 3 3 89 93
42 8 2 200 3 89 90 94
43 8 2 200 3 90 91 95
44 8 2 200 3 91 92 96
45 8 2 200 3 92 4 97
46 8 2 300 4 4 98 122
47 8 2 300 4 98 99 123
48 8 2 300 4 99 100 124
49 8 2 300 4 100 101 125
50 8 2 300 4 101 102 126
51 8 2 300 4 102 103 127
52 8 2 300 4 103 104 128
53 8 2 300 4 104 105 129
54 8 2 300 4 105 106 130
55 8 2 300 4 106 107 131
56 8 2 300 4 107 108 132
57 8 2 300 4 108 109 133
58 8 2 300 4 109 110 134
59 8 2 300 4 110 111 135
60 8 2 300 4 111 112 136
61 8 2 300 4 112 113 137
62 8 2 300 4 113 114 138
63 8 2 300 4 114 115 139
64 8 2 300 4 115 116 140
65 8 2 300 4 116 117 141
66 8 2 300 4 117 118 142
67 8 2 300 4 118 119 143
68 8 2 300 4 119 120 144
69 8 2 300 4 120 121 145
70 8 2 300 4 121 5 146
71 8 2 300 5 5 147 161
72 8 2 300 5 147 148 162
73 8 2 300 5 148 149 163
74 8 2 300 5 149 150 164
75 8 2 300 5 150 151 165
76 8 2 300 5 151 152 166
77 8 2 300 5 152 153 167
78 8 2 300 5 153 154 168
79 8 2 300 5 154 155 169
80 8 2 300 5 155 156 170
81 8 2 300 5 156 157 171
82 8 2 300 5 157 158 172
83 8 2 300 5 158 159 173
84 8 2 300 5 159 160 174
85 8 2 300 5 160 6 175
86 8 2 500 6 7 176 179
87 8 2 500 6 176 177 180
88 8 2 500 6 177 178 181
89 8 2 500 6 178 8 182
90 8 2 500 7 8 183 186
91 8 2 500 7 183 184 187
92 8 2 500 7 184 185 188
93 8 2 500 7 185 7 189
94 8 2 400 8 6 190 192
95 8 2 400 8 190 191 193
96 8 2 400 8 191 9 194
97 8 2 400 9 9 195 198
98 8 2 400 9 195 196 199
99 8 2 400 9 196 197 200
100 8 2 400 9 197 10 201
101 8 2 400 10 10 202 204
102 8 2 400 10 202 203 205
103 8 2 400 10 203 1 206
104 9 2 10 12 625 348 211 633 634 635
105 9 2 10 12 338 348 625 636 633 637
106 9 2 10 12 568 334 254 638 639 640
107 9 2 10 12 325 334 568 641 638 642
108 9 2 10 12 298 496 457 643 644 645
109 9 2 10 12 457 236 397 646 647 648
110 9 2 10 12 235 516 315 649 650 651
111 9 2 10 12 227 299 456 652 653 654
112 9 2 10 12 51 52 309 76 655 656
113 9 2 10 12 109 110 310 134 657 658
114 9 2 10 12 306 604 351 659 660 661
115 9 2 10 12 209 299 483 662 663 664
116 9 2 10 12 298 457 397 645 648 665
117 9 2 10 12 496 226 457 666 667 644
118 9 2 10 12 238 604 306 668 659 669
119 9 2 10 12 212 389 312 670 671 672
120 9 2 10 12 232 289 480 673 674 675
121 9 2 10 12 209 462 299 676 677 662
122 9 2 10 12 226 391 498 678 679 680
123 9 2 10 12 340 158 476 681 682 683
124 9 2 10 12 242 348 338 684 636 685
125 9 2 10 12 211 306 351 686 661 687
126 9 2 10 12 401 551 440 688 689 690
127 9 2 10 12 402 441 540 691 692 693
128 9 2 10 12 278 541 316 694 695 696
129 9 2 10 12 476 158 159 682 173 697
130 9 2 10 12 269 312 382 698 699 700
131 9 2 10 12 215 301 454 701 702 703
132 9 2 10 12 273 401 440 704 690 705
133 9 2 10 12 274 441 402 706 691 707
134 9 2 10 12 235 410 302 708 709 710
135 9 2 10 12 102 375 385 711 712 713
136 9 2 10 12 304 498 391 714 679 715
137 9 2 10 12 235 333 516 716 717 649
138 9 2 10 12 214 358 341 718 719 720
139 9 2 10 12 219 438 557 721 722 723
140 9 2 10 12 227 523 299 724 725 652
141 9 2 10 12 211 579 306 726 727 686
142 9 2 10 12 243 370 338 728 729 730
143 9 2 10 12 45 464 387 731 732 733
144 9 2 10 12 116 386 465 734 735 736
145 9 2 10 12 333 10 516 737 738 717
146 9 2 10 12 214 367 307 739 740 741
147 9 2 10 12 214 307 368 741 742 743
148 9 2 10 12 516 10 202 738 204 744
149 9 2 10 12 459 100 393 745 746 747
150 9 2 10 12 240 544 342 748 749 750
151 9 2 10 12 241 343 545 751 752 753
152 9 2 10 12 263 444 311 754 755 756
153 9 2 10 12 209 474 462 757 758 676
154 9 2 10 12 312 437 382 759 760 699
155 9 2 10 12 316 541 349 695 761 762
156 9 2 10 12 102 103 375 127 763 711
157 9 2 10 12 257 308 453 764 765 766
158 9 2 10 12 255 542 446 767 768 769
159 9 2 10 12 275 313 496 770 771 772
160 9 2 10 12 230 353 437 773 774 775
161 9 2 10 12 99 100 459 124 745 776
162 9 2 10 12 235 315 410 651 777 708
163 9 2 10 12 240 368 307 778 742 779
164 9 2 10 12 224 453 308 780 765 781
165 9 2 10 12 353 454 437 782 783 774
166 9 2 10 12 291 455 394 784 785 786
167 9 2 10 12 345 519 539 787 788 789
168 9 2 10 12 226 496 313 666 771 790
169 9 2 10 12 152 346 477 791 792 793
170 9 2 10 12 275 425 313 794 795 770
171 9 2 10 12 232 507 289 796 797 673
172 9 2 10 12 240 364 544 798 799 748
173 9 2 10 12 241 545 365 753 800 801
174 9 2 10 12 226 498 457 680 802 667
175 9 2 10 12 227 456 499 654 803 804
176 9 2 10 12 244 421 295 805 806 807
177 9 2 10 12 235 302 481 710 808 809
178 9 2 10 12 299 523 483 725 810 663
179 9 2 10 12 215 492 301 811 812 701
180 9 2 10 12 89 436 362 813 814 815
181 9 2 10 12 296 462 474 816 758 817
182 9 2 10 12 257 429 308 818 819 764
183 9 2 10 12 56 57 365 81 820 821
184 9 2 10 12 104 105 364 129 822 823
185 9 2 10 12 249 394 455 824 785 825
186 9 2 10 12 230 312 389 826 671 827
187 9 2 10 12 98 459 334 828 829 830
188 9 2 10 12 317 381 594 831 832 833
189 9 2 10 12 240 307 378 779 834 835
190 9 2 10 12 265 319 447 836 837 838
191 9 2 10 12 266 448 320 839 840 841
192 9 2 10 12 51 309 398 656 842 843
193 9 2 10 12 110 399 310 844 845 657
194 9 2 10 12 13 584 410 846 847 848
195 9 2 10 12 211 348 579 634 849 726
196 9 2 10 12 2 40 335 64 850 851
197 9 2 10 12 239 594 381 852 832 853
198 9 2 10 12 151 152 477 166 793 854
199 9 2 10 12 57 489 365 855 856 820
200 9 2 10 12 104 364 488 823 857 858
201 9 2 10 12 213 352 366 859 860 861
202 9 2 10 12 242 300 443 862 863 864
203 9 2 10 12 89 90 436 94 865 813
204 9 2 10 12 238 380 604 866 867 668
205 9 2 10 12 287 557 438 868 722 869
206 9 2 10 12 286 387 464 870 732 871
207 9 2 10 12 285 465 386 872 735 873
208 9 2 10 12 98 99 459 123 776 828
209 9 2 10 12 244 295 468 807 874 875
210 9 2 10 12 341 358 482 719 876 877
211 9 2 10 12 224 308 463 781 878 879
212 9 2 10 12 226 313 391 790 880 678
213 9 2 10 12 329 604 380 881 867 882
214 9 2 10 12 217 500 316 883 884 885
215 9 2 10 12 302 577 481 886 887 808
216 9 2 10 12 264 604 329 888 881 889
217 9 2 10 12 236 519 345 890 787 891
218 9 2 10 12 276 403 375 892 893 894
219 9 2 10 12 277 376 404 895 896 897
220 9 2 10 12 243 625 326 898 899 900
221 9 2 10 12 213 455 352 901 902 859
222 9 2 10 12 280 416 336 903 904 905
223 9 2 10 12 264 351 604 906 660 888
224 9 2 10 12 278 316 500 696 884 907
225 9 2 10 12 230 437 312 775 759 826
226 9 2 10 12 632 408 335 908 909 910
227 9 2 10 12 253 431 303 911 912 913
228 9 2 10 12 265 470 319 914 915 836
229 9 2 10 12 52 509 309 916 917 655
230 9 2 10 12 109 310 508 658 918 919
231 9 2 10 12 243 461 370 920 921 728
232 9 2 10 12 256 357 388 922 923 924
233 9 2 10 12 336 416 493 904 925 926
234 9 2 10 12 243 338 625 730 637 898
235 9 2 10 12 255 426 542 927 928 767
236 9 2 10 12 153 422 323 929 930 931
237 9 2 10 12 44 45 387 69 733 932
238 9 2 10 12 116 117 386 141 933 734
239 9 2 10 12 263 311 486 756 934 935
240 9 2 10 12 266 632 335 936 910 937
241 9 2 10 12 275 483 523 938 810 939
242 9 2 10 12 229 402 411 940 941 942
243 9 2 10 12 212 312 475 672 943 944
244 9 2 10 12 238 306 491 669 945 946
245 9 2 10 12 277 404 384 897 947 948
246 9 2 10 12 216 384 404 949 947 950
247 9 2 10 12 250 404 376 951 896 952
248 9 2 10 12 251 375 403 953 893 954
249 9 2 10 12 219 557 414 723 955 956
250 9 2 10 12 242 317 594 957 833 958
251 9 2 10 12 242 527 300 959 960 862
252 9 2 10 12 302 410 584 709 847 961
253 9 2 10 12 40 448 335 962 963 850
254 9 2 10 12 307 367 553 740 964 965
255 9 2 10 12 228 319 470 966 915 967
256 9 2 10 12 232 480 587 675 968 969
257 9 2 10 12 213 377 455 970 971 901
258 9 2 10 12 12 13 410 27 848 972
259 9 2 10 12 257 388 357 973 923 974
260 9 2 10 12 285 539 519 975 788 976
261 9 2 10 12 241 553 367 977 964 978
262 9 2 10 12 288 373 474 979 980 981
263 9 2 10 12 283 411 402 982 941 983
264 9 2 10 12 246 512 399 984 985 986
265 9 2 10 12 247 398 513 987 988 989
266 9 2 10 12 244 468 323 875 990 991
267 9 2 10 12 150 477 400 992 993 994
268 9 2 10 12 223 435 318 995 996 997
269 9 2 10 12 288 563 373 998 999 979
270 9 2 10 12 272 340 377 1000 1001 1002
271 9 2 10 12 262 382 437 1003 760 1004
272 9 2 10 12 355 505 445 1005 1006 1007
273 9 2 10 12 261 355 445 1008 1007 1009
274 9 2 10 12 249 600 394 1010 1011 824
275 9 2 10 12 249 363 600 1012 1013 1010
276 9 2 10 12 242 338 370 685 729 1014
277 9 2 10 12 589 439 233 1015 1016 1017
278 9 2 10 12 269 475 312 1018 943 698
279 9 2 10 12 239 520 366 1019 1020 1021
280 9 2 10 12 242 443 317 864 1022 957
281 9 2 10 12 310 399 512 845 985 1023
282 9 2 10 12 309 513 398 1024 988 842
283 9 2 10 12 212 530 389 1025 1026 670
284 9 2 10 12 267 419 515 1027 1028 1029
285 9 2 10 12 294 457 498 1030 802 1031
286 9 2 10 12 293 499 456 1032 803 1033
287 9 2 10 12 61 62 361 86 1034 1035
288 9 2 10 12 253 303 460 913 1036 1037
289 9 2 10 12 9 525 394 1038 1039 1040
290 9 2 10 12 311 445 486 1041 1042 934
291 9 2 10 12 244 480 421 1043 1044 805
292 9 2 10 12 217 316 495 885 1045 1046
293 9 2 10 12 236 345 397 891 1047 647
294 9 2 10 12 225 486 445 1048 1042 1049
295 9 2 10 12 150 151 477 165 854 992
296 9 2 10 12 248 361 569 1050 1051 1052
297 9 2 10 12 283 446 542 1053 768 1054
298 9 2 10 12 227 472 425 1055 1056 1057
299 9 2 10 12 243 481 577 1058 887 1059
300 9 2 10 12 53 449 331 1060 1061 1062
301 9 2 10 12 108 332 450 1063 1064 1065
302 9 2 10 12 331 439 589 1066 1015 1067
303 9 2 10 12 216 378 384 1068 1069 949
304 9 2 10 12 321 472 537 1070 1071 1072
305 9 2 10 12 209 483 397 664 1073 1074
306 9 2 10 12 244 323 422 991 930 1075
307 9 2 10 12 160 363 476 1076 1077 1078
308 9 2 10 12 223 318 460 997 1079 1080
309 9 2 10 12 5 347 121 1081 1082 146
310 9 2 10 12 203 567 516 1083 1084 1085
311 9 2 10 12 249 377 340 1086 1001 1087
312 9 2 10 12 248 569 362 1052 1088 1089
313 9 2 10 12 266 320 487 841 1090 1091
314 9 2 10 12 281 427 400 1092 1093 1094
315 9 2 10 12 301 564 454 1095 1096 702
316 9 2 10 12 247 537 472 1097 1071 1098
317 9 2 10 12 251 385 375 1099 712 953
318 9 2 10 12 260 342 561 1100 1101 1102
319 9 2 10 12 259 560 343 1103 1104 1105
320 9 2 10 12 311 444 596 755 1106 1107
321 9 2 10 12 321 425 472 1108 1056 1070
322 9 2 10 12 328 513 580 1109 1110 1111
323 9 2 10 12 313 556 442 1112 1113 1114
324 9 2 10 12 298 397 483 665 1073 1115
325 9 2 10 12 289 421 480 1116 1044 674
326 9 2 10 12 392 493 500 1117 1118 1119
327 9 2 10 12 210 328 571 1120 1121 1122
328 9 2 10 12 101 102 385 126 713 1123
329 9 2 10 12 245 493 392 1124 1117 1125
330 9 2 10 12 228 484 319 1126 1127 966
331 9 2 10 12 229 320 485 1128 1129 1130
332 9 2 10 12 216 330 403 1131 1132 1133
333 9 2 10 12 216 404 330 950 1134 1131
334 9 2 10 12 366 520 420 1020 1135 1136
335 9 2 10 12 218 336 415 1137 1138 1139
336 9 2 10 12 229 487 320 1140 1090 1128
337 9 2 10 12 234 512 327 1141 1142 1143
338 9 2 10 12 250 356 409 1144 1145 1146
339 9 2 10 12 261 400 427 1147 1093 1148
340 9 2 10 12 61 361 531 1035 1149 1150
341 9 2 10 12 9 394 191 1040 1151 194
342 9 2 10 12 59 60 356 84 1152 1153
343 9 2 10 12 23 24 372 38 1154 1155
344 9 2 10 12 235 326 466 1156 1157 1158
345 9 2 10 12 114 115 359 139 1159 1160
346 9 2 10 12 46 47 360 71 1161 1162
347 9 2 10 12 242 594 348 958 1163 684
348 9 2 10 12 210 537 328 1164 1165 1120
349 9 2 10 12 266 335 448 937 963 839
350 9 2 10 12 101 385 524 1123 1166 1167
351 9 2 10 12 246 442 327 1168 1169 1170
352 9 2 10 12 580 513 233 1110 1171 1172
353 9 2 10 12 297 515 419 1173 1028 1174
354 9 2 10 12 302 407 577 1175 1176 886
355 9 2 10 12 148 383 596 1177 1178 1179
356 9 2 10 12 248 325 568 1180 642 1181
357 9 2 10 12 396 494 514 1182 1183 1184
358 9 2 10 12 235 481 326 809 1185 1156
359 9 2 10 12 250 330 404 1186 1134 951
360 9 2 10 12 251 403 330 954 1132 1187
361 9 2 10 12 315 516 567 650 1084 1188
362 9 2 10 12 263 395 347 1189 1190 1191
363 9 2 10 12 292 571 328 1192 1121 1193
364 9 2 10 12 215 318 592 1194 1195 1196
365 9 2 10 12 53 331 509 1062 1197 1198
366 9 2 10 12 108 508 332 1199 1200 1063
367 9 2 10 12 159 160 476 174 1078 697
368 9 2 10 12 239 366 579 1021 1201 1202
369 9 2 10 12 20 21 357 35 1203 1204
370 9 2 10 12 23 372 620 1155 1205 1206
371 9 2 10 12 279 396 514 1207 1184 1208
372 9 2 10 12 260 612 342 1209 1210 1100
373 9 2 10 12 259 343 613 1105 1211 1212
374 9 2 10 12 265 347 395 1213 1190 1214
375 9 2 10 12 259 449 560 1215 1216 1103
376 9 2 10 12 260 561 450 1102 1217 1218
377 9 2 10 12 288 630 345 1219 1220 1221
378 9 2 10 12 248 436 325 1222 1223 1180
379 9 2 10 12 259 439 331 1224 1066 1225
380 9 2 10 12 215 535 318 1226 1227 1194
381 9 2 10 12 304 391 602 715 1228 1229
382 9 2 10 12 210 556 537 1230 1231 1164
383 9 2 10 12 284 409 356 1232 1145 1233
384 9 2 10 12 276 488 364 1234 857 1235
385 9 2 10 12 277 365 489 1236 856 1237
386 9 2 10 12 234 327 616 1143 1238 1239
387 9 2 10 12 329 380 607 882 1240 1241
388 9 2 10 12 210 442 556 1242 1113 1230
389 9 2 10 12 292 328 580 1193 1111 1243
390 9 2 10 12 119 628 405 1244 1245 1246
391 9 2 10 12 42 406 629 1247 1248 1249
392 9 2 10 12 258 335 408 1250 909 1251
393 9 2 10 12 291 394 525 786 1039 1252
394 9 2 10 12 284 531 361 1253 1149 1254
395 9 2 10 12 319 628 447 1255 1256 837
396 9 2 10 12 320 448 629 840 1257 1258
397 9 2 10 12 264 329 618 889 1259 1260
398 9 2 10 12 220 370 461 1261 921 1262
399 9 2 10 12 251 330 414 1187 1263 1264
400 9 2 10 12 148 149 383 163 1265 1177
401 9 2 10 12 230 506 322 1266 1267 1268
402 9 2 10 12 153 154 422 168 1269 929
403 9 2 10 12 271 415 390 1270 1271 1272
404 9 2 10 12 311 596 383 1107 1178 1273
405 9 2 10 12 292 580 341 1243 1274 1275
406 9 2 10 12 306 579 366 727 1201 1276
407 9 2 10 12 16 501 339 1277 1278 1279
408 9 2 10 12 239 381 520 853 1280 1019
409 9 2 10 12 352 491 366 1281 1282 860
410 9 2 10 12 245 390 415 1283 1271 1284
411 9 2 10 12 321 537 556 1072 1231 1285
412 9 2 10 12 246 327 512 1170 1142 984
413 9 2 10 12 268 344 420 1286 1287 1288
414 9 2 10 12 230 322 521 1268 1289 1290
415 9 2 10 12 278 493 416 1291 925 1292
416 9 2 10 12 221 440 551 1293 689 1294
417 9 2 10 12 233 341 580 1295 1274 1172
418 9 2 10 12 378 553 384 1296 1297 1069
419 9 2 10 12 245 415 336 1284 1138 1298
420 9 2 10 12 254 393 438 1299 1300 1301
421 9 2 10 12 264 451 333 1302 1303 1304
422 9 2 10 12 322 431 521 1305 1306 1289
423 9 2 10 12 308 620 372 1307 1205 1308
424 9 2 10 12 292 341 482 1275 877 1309
425 9 2 10 12 98 334 588 830 1310 1311
426 9 2 10 12 254 334 459 639 829 1312
427 9 2 10 12 222 540 441 1313 692 1314
428 9 2 10 12 319 405 628 1315 1245 1255
429 9 2 10 12 320 629 406 1258 1248 1316
430 9 2 10 12 7 381 576 1317 1318 1319
431 9 2 10 12 118 119 405 143 1246 1320
432 9 2 10 12 42 43 406 67 1321 1247
433 9 2 10 12 286 418 441 1322 1323 1324
434 9 2 10 12 243 326 481 900 1185 1058
435 9 2 10 12 2 335 432 851 1325 1326
436 9 2 10 12 316 349 623 762 1327 1328
437 9 2 10 12 287 438 393 869 1300 1329
438 9 2 10 12 219 529 409 1330 1331 1332
439 9 2 10 12 289 507 417 797 1333 1334
440 9 2 10 12 219 414 529 956 1335 1330
441 9 2 10 12 249 340 476 1087 683 1336
442 9 2 10 12 202 203 516 205 1085 744
443 9 2 10 12 264 333 466 1304 1337 1338
444 9 2 10 12 5 444 347 1339 1340 1081
445 9 2 10 12 235 466 333 1158 1337 716
446 9 2 10 12 250 583 356 1341 1342 1144
447 9 2 10 12 263 347 444 1191 1340 754
448 9 2 10 12 252 337 502 1343 1344 1345
449 9 2 10 12 121 347 447 1082 1346 1347
450 9 2 10 12 258 432 335 1348 1325 1250
451 9 2 10 12 314 587 480 1349 968 1350
452 9 2 10 12 257 357 429 974 1351 818
453 9 2 10 12 345 630 397 1220 1352 1047
454 9 2 10 12 212 355 427 1353 1354 1355
455 9 2 10 12 297 434 435 1356 1357 1358
456 9 2 10 12 260 332 555 1359 1360 1361
457 9 2 10 12 211 351 428 687 1362 1363
458 9 2 10 12 256 435 434 1364 1357 1365
459 9 2 10 12 325 572 334 1366 1367 641
460 9 2 10 12 222 441 418 1314 1323 1368
461 9 2 10 12 308 372 463 1308 1369 878
462 9 2 10 12 268 507 344 1370 1371 1286
463 9 2 10 12 259 331 449 1225 1061 1215
464 9 2 10 12 260 450 332 1218 1064 1359
465 9 2 10 12 418 518 624 1372 1373 1374
466 9 2 10 12 253 521 431 1375 1306 911
467 9 2 10 12 265 447 347 838 1346 1213
468 9 2 10 12 153 323 547 931 1376 1377
469 9 2 10 12 46 360 464 1162 1378 1379
470 9 2 10 12 115 465 359 1380 1381 1159
471 9 2 10 12 21 429 357 1382 1351 1203
472 9 2 10 12 10 333 451 737 1303 1383
473 9 2 10 12 282 426 433 1384 1385 1386
474 9 2 10 12 313 425 556 795 1387 1112
475 9 2 10 12 53 54 449 78 1388 1060
476 9 2 10 12 107 108 450 132 1065 1389
477 9 2 10 12 220 461 526 1262 1390 1391
478 9 2 10 12 313 442 391 1114 1392 880
479 9 2 10 12 255 373 563 1393 999 1394
480 9 2 10 12 213 420 344 1395 1287 1396
481 9 2 10 12 250 529 330 1397 1398 1186
482 9 2 10 12 262 437 454 1004 783 1399
483 9 2 10 12 233 439 341 1016 1400 1295
484 9 2 10 12 288 345 586 1221 1401 1402
485 9 2 10 12 317 576 381 1403 1318 831
486 9 2 10 12 291 352 455 1404 902 784
487 9 2 10 12 287 524 385 1405 1166 1406
488 9 2 10 12 296 474 373 817 980 1407
489 9 2 10 12 250 376 583 952 1408 1341
490 9 2 10 12 249 476 363 1336 1077 1012
491 9 2 10 12 360 533 606 1409 1410 1411
492 9 2 10 12 359 605 532 1412 1413 1414
493 9 2 10 12 255 433 426 1415 1385 927
494 9 2 10 12 252 530 337 1416 1417 1343
495 9 2 10 12 261 427 355 1148 1354 1008
496 9 2 10 12 219 566 369 1418 1419 1420
497 9 2 10 12 232 344 507 1421 1371 796
498 9 2 10 12 246 602 391 1422 1228 1423
499 9 2 10 12 262 454 564 1399 1096 1424
500 9 2 10 12 240 342 612 750 1210 1425
501 9 2 10 12 241 613 343 1426 1211 751
502 9 2 10 12 318 535 460 1227 1427 1079
503 9 2 10 12 16 17 501 31 1428 1277
504 9 2 10 12 233 513 589 1171 1429 1017
505 9 2 10 12 234 590 512 1430 1431 1141
506 9 2 10 12 286 518 418 1432 1372 1322
507 9 2 10 12 272 469 340 1433 1434 1000
508 9 2 10 12 253 460 535 1037 1427 1435
509 9 2 10 12 281 346 528 1436 1437 1438
510 9 2 10 12 8 591 413 1439 1440 1441
511 9 2 10 12 60 531 356 1442 1443 1152
512 9 2 10 12 218 536 336 1444 1445 1137
513 9 2 10 12 114 359 532 1160 1414 1446
514 9 2 10 12 47 533 360 1447 1409 1161
515 9 2 10 12 264 428 351 1448 1362 906
516 9 2 10 12 214 341 503 720 1449 1450
517 9 2 10 12 225 445 505 1049 1006 1451
518 9 2 10 12 245 336 493 1298 926 1124
519 9 2 10 12 252 374 582 1452 1453 1454
520 9 2 10 12 300 471 452 1455 1456 1457
521 9 2 10 12 50 51 398 75 843 1458
522 9 2 10 12 110 111 399 135 1459 844
523 9 2 10 12 156 626 350 1460 1461 1462
524 9 2 10 12 284 356 531 1233 1443 1253
525 9 2 10 12 106 561 342 1463 1101 1464
526 9 2 10 12 55 343 560 1465 1104 1466
527 9 2 10 12 270 452 471 1467 1456 1468
528 9 2 10 12 16 339 517 1279 1469 1470
529 9 2 10 12 318 435 592 996 1471 1195
530 9 2 10 12 284 361 458 1254 1472 1473
531 9 2 10 12 280 336 536 905 1445 1474
532 9 2 10 12 326 428 466 1475 1476 1157
533 9 2 10 12 58 583 376 1477 1408 1478
534 9 2 10 12 254 438 369 1301 1479 1480
535 9 2 10 12 183 374 565 1481 1482 1483
536 9 2 10 12 242 370 527 1014 1484 959
537 9 2 10 12 248 362 436 1089 814 1222
538 9 2 10 12 311 383 445 1273 1485 1041
539 9 2 10 12 308 429 620 819 1486 1307
540 9 2 10 12 158 340 469 681 1434 1487
541 9 2 10 12 230 521 353 1290 1488 773
542 9 2 10 12 108 109 508 133 919 1199
543 9 2 10 12 52 53 509 77 1198 916
544 9 2 10 12 106 342 544 1464 749 1489
545 9 2 10 12 55 545 343 1490 752 1465
546 9 2 10 12 237 456 462 1491 1492 1493
547 9 2 10 12 322 413 591 1494 1440 1495
548 9 2 10 12 240 490 364 1496 1497 798
549 9 2 10 12 213 366 420 861 1136 1395
550 9 2 10 12 63 362 569 1498 1088 1499
551 9 2 10 12 252 582 413 1454 1500 1501
552 9 2 10 12 219 369 438 1420 1479 721
553 9 2 10 12 234 482 555 1502 1503 1504
554 9 2 10 12 215 353 535 1505 1506 1226
555 9 2 10 12 272 497 350 1507 1508 1509
556 9 2 10 12 281 477 346 1510 792 1436
557 9 2 10 12 240 612 368 1425 1511 778
558 9 2 10 12 241 367 613 978 1512 1426
559 9 2 10 12 411 542 558 1513 1514 1515
560 9 2 10 12 212 475 355 944 1516 1353
561 9 2 10 12 358 621 555 1517 1518 1519
562 9 2 10 12 212 337 530 1520 1417 1025
563 9 2 10 12 256 593 357 1521 1522 922
564 9 2 10 12 48 49 424 73 1523 1524
565 9 2 10 12 112 113 423 137 1525 1526
566 9 2 10 12 271 559 511 1527 1528 1529
567 9 2 10 12 59 356 583 1153 1342 1530
568 9 2 10 12 246 391 442 1423 1392 1168
569 9 2 10 12 299 462 456 677 1492 653
570 9 2 10 12 283 542 411 1054 1513 982
571 9 2 10 12 247 472 601 1098 1531 1532
572 9 2 10 12 293 606 533 1533 1410 1534
573 9 2 10 12 294 532 605 1535 1413 1536
574 9 2 10 12 215 388 492 1537 1538 811
575 9 2 10 12 24 432 372 1539 1540 1154
576 9 2 10 12 177 452 554 1541 1542 1543
577 9 2 10 12 49 549 424 1544 1545 1523
578 9 2 10 12 112 423 550 1526 1546 1547
579 9 2 10 12 210 571 442 1122 1548 1242
580 9 2 10 12 258 372 432 1549 1540 1348
581 9 2 10 12 263 486 354 935 1550 1551
582 9 2 10 12 248 458 361 1552 1472 1050
583 9 2 10 12 58 59 583 83 1530 1477
584 9 2 10 12 215 592 388 1196 1553 1537
585 9 2 10 12 621 260 555 1554 1361 1518
586 9 2 10 12 215 454 353 703 782 1505
587 9 2 10 12 222 373 446 1555 1556 1557
588 9 2 10 12 358 555 482 1519 1503 876
589 9 2 10 12 218 415 467 1139 1558 1559
590 9 2 10 12 232 497 344 1560 1561 1421
591 9 2 10 12 241 365 627 801 1562 1563
592 9 2 10 12 258 463 372 1564 1369 1549
593 9 2 10 12 231 502 528 1565 1566 1567
594 9 2 10 12 214 621 358 1568 1517 718
595 9 2 10 12 276 364 490 1235 1497 1569
596 9 2 10 12 272 350 626 1509 1461 1570
597 9 2 10 12 291 581 352 1571 1572 1404
598 9 2 10 12 324 511 559 1573 1528 1574
599 9 2 10 12 279 546 354 1575 1576 1577
600 9 2 10 12 319 484 405 1127 1578 1315
601 9 2 10 12 320 406 485 1316 1579 1129
602 9 2 10 12 337 528 502 1580 1566 1344
603 9 2 10 12 267 598 501 1581 1582 1583
604 9 2 10 12 613 503 259 1584 1585 1212
605 9 2 10 12 327 442 571 1169 1548 1586
606 9 2 10 12 267 430 412 1587 1588 1589
607 9 2 10 12 269 355 475 1590 1516 1018
608 9 2 10 12 212 597 337 1591 1592 1520
609 9 2 10 12 303 431 554 912 1593 1594
610 9 2 10 12 267 515 430 1029 1595 1587
611 9 2 10 12 214 368 621 743 1596 1568
612 9 2 10 12 196 618 607 1597 1598 1599
613 9 2 10 12 367 503 613 1600 1584 1512
614 9 2 10 12 295 565 374 1601 1482 1602
615 9 2 10 12 248 568 369 1181 1603 1604
616 9 2 10 12 258 379 463 1605 1606 1564
617 9 2 10 12 255 446 373 769 1556 1393
618 9 2 10 12 252 502 374 1345 1607 1452
619 9 2 10 12 263 354 575 1551 1608 1609
620 9 2 10 12 63 599 362 1610 1611 1498
621 9 2 10 12 272 377 504 1002 1612 1613
622 9 2 10 12 279 354 611 1577 1614 1615
623 9 2 10 12 223 460 552 1080 1616 1617
624 9 2 10 12 269 505 355 1618 1005 1590
625 9 2 10 12 285 386 440 873 1619 1620
626 9 2 10 12 286 441 387 1324 1621 870
627 9 2 10 12 19 20 593 34 1622 1623
628 9 2 10 12 20 357 593 1204 1522 1622
629 9 2 10 12 178 554 431 1624 1593 1625
630 9 2 10 12 314 522 510 1626 1627 1628
631 9 2 10 12 50 398 549 1458 1629 1630
632 9 2 10 12 111 550 399 1631 1632 1459
633 9 2 10 12 305 424 549 1633 1545 1634
634 9 2 10 12 304 550 423 1635 1546 1636
635 9 2 10 12 160 609 363 1637 1638 1076
636 9 2 10 12 252 506 389 1639 1640 1641
637 9 2 10 12 213 344 504 1396 1642 1643
638 9 2 10 12 152 547 346 1644 1645 791
639 9 2 10 12 58 376 489 1478 1646 1647
640 9 2 10 12 103 488 375 1648 1649 763
641 9 2 10 12 221 433 586 1650 1651 1652
642 9 2 10 12 156 350 510 1462 1653 1654
643 9 2 10 12 105 544 364 1655 799 822
644 9 2 10 12 56 365 545 821 800 1656
645 9 2 10 12 334 572 588 1367 1657 1310
646 9 2 10 12 17 18 419 32 1658 1659
647 9 2 10 12 303 552 460 1660 1616 1036
648 9 2 10 12 339 501 598 1278 1582 1661
649 9 2 10 12 156 157 626 171 1662 1460
650 9 2 10 12 248 369 458 1604 1663 1552
651 9 2 10 12 218 608 408 1664 1665 1666
652 9 2 10 12 307 553 378 965 1296 834
653 9 2 10 12 92 588 572 1667 1657 1668
654 9 2 10 12 214 503 367 1450 1600 739
655 9 2 10 12 433 563 586 1669 1670 1651
656 9 2 10 12 218 632 371 1671 1672 1673
657 9 2 10 12 273 440 386 705 1619 1674
658 9 2 10 12 274 387 441 1675 1621 706
659 9 2 10 12 264 618 451 1260 1676 1302
660 9 2 10 12 2 432 24 1326 1539 39
661 9 2 10 12 261 445 383 1009 1485 1677
662 9 2 10 12 249 455 377 825 971 1086
663 9 2 10 12 220 527 370 1678 1484 1261
664 9 2 10 12 19 593 434 1623 1679 1680
665 9 2 10 12 369 566 458 1419 1681 1663
666 9 2 10 12 155 510 522 1682 1627 1683
667 9 2 10 12 256 592 435 1684 1471 1364
668 9 2 10 12 21 22 429 36 1685 1382
669 9 2 10 12 270 412 430 1686 1588 1687
670 9 2 10 12 253 535 521 1435 1688 1375
671 9 2 10 12 224 463 379 879 1606 1689
672 9 2 10 12 306 366 491 1276 1282 945
673 9 2 10 12 452 603 554 1690 1691 1542
674 9 2 10 12 232 587 497 969 1692 1560
675 9 2 10 12 237 624 518 1693 1373 1694
676 9 2 10 12 266 487 632 1091 1695 936
677 9 2 10 12 62 569 361 1696 1051 1034
678 9 2 10 12 277 627 365 1697 1562 1236
679 9 2 10 12 89 362 599 815 1611 1698
680 9 2 10 12 261 383 534 1677 1699 1700
681 9 2 10 12 371 632 487 1672 1695 1701
682 9 2 10 12 268 381 562 1702 1703 1704
683 9 2 10 12 196 197 618 200 1705 1597
684 9 2 10 12 276 375 488 894 1649 1234
685 9 2 10 12 277 489 376 1237 1646 895
686 9 2 10 12 352 581 491 1572 1706 1281
687 9 2 10 12 213 504 377 1643 1612 970
688 9 2 10 12 271 379 467 1707 1708 1709
689 9 2 10 12 211 428 625 1363 1710 635
690 9 2 10 12 238 491 581 946 1706 1711
691 9 2 10 12 183 582 374 1712 1453 1481
692 9 2 10 12 62 63 569 87 1499 1696
693 9 2 10 12 346 622 528 1713 1714 1437
694 9 2 10 12 5 147 444 161 1715 1339
695 9 2 10 12 195 607 380 1716 1240 1717
696 9 2 10 12 353 521 535 1488 1688 1506
697 9 2 10 12 57 58 489 82 1647 855
698 9 2 10 12 103 104 488 128 858 1648
699 9 2 10 12 120 121 447 145 1347 1718
700 9 2 10 12 40 41 448 65 1719 962
701 9 2 10 12 262 473 382 1720 1721 1003
702 9 2 10 12 290 517 526 1722 1723 1724
703 9 2 10 12 252 413 506 1501 1725 1639
704 9 2 10 12 254 459 393 1312 747 1299
705 9 2 10 12 329 607 618 1241 1598 1259
706 9 2 10 12 218 371 536 1673 1726 1444
707 9 2 10 12 7 562 381 1727 1703 1317
708 9 2 10 12 339 526 517 1728 1723 1469
709 9 2 10 12 217 495 395 1046 1729 1730
710 9 2 10 12 350 497 587 1508 1692 1731
711 9 2 10 12 240 378 490 835 1732 1496
712 9 2 10 12 218 467 608 1559 1733 1664
713 9 2 10 12 117 478 386 1734 1735 933
714 9 2 10 12 44 387 479 932 1736 1737
715 9 2 10 12 231 528 622 1567 1714 1738
716 9 2 10 12 261 534 400 1700 1739 1147
717 9 2 10 12 269 382 494 700 1740 1741
718 9 2 10 12 281 400 477 1094 993 1510
719 9 2 10 12 305 472 499 1742 1743 1744
720 9 2 10 12 207 382 473 1745 1721 1746
721 9 2 10 12 359 465 519 1381 1747 1748
722 9 2 10 12 360 518 464 1749 1750 1378
723 9 2 10 12 326 625 428 899 1710 1475
724 9 2 10 12 280 536 371 1474 1726 1751
725 9 2 10 12 271 511 379 1529 1752 1707
726 9 2 10 12 43 44 479 68 1737 1753
727 9 2 10 12 117 118 478 142 1754 1734
728 9 2 10 12 10 451 197 1383 1755 201
729 9 2 10 12 271 467 415 1709 1558 1270
730 9 2 10 12 207 473 559 1746 1756 1757
731 9 2 10 12 15 16 517 30 1470 1758
732 9 2 10 12 238 581 380 1711 1759 866
733 9 2 10 12 225 611 486 1760 1761 1048
734 9 2 10 12 227 499 472 804 1743 1055
735 9 2 10 12 324 559 473 1574 1756 1762
736 9 2 10 12 270 471 412 1468 1763 1686
737 9 2 10 12 279 392 546 1764 1765 1575
738 9 2 10 12 280 371 538 1751 1766 1767
739 9 2 10 12 224 379 511 1689 1752 1768
740 9 2 10 12 45 46 464 70 1379 731
741 9 2 10 12 115 116 465 140 736 1380
742 9 2 10 12 254 369 568 1480 1603 640
743 9 2 10 12 251 557 385 1769 1770 1099
744 9 2 10 12 322 506 413 1267 1725 1494
745 9 2 10 12 222 610 373 1771 1772 1555
746 9 2 10 12 341 439 503 1400 1773 1449
747 9 2 10 12 273 386 478 1674 1735 1774
748 9 2 10 12 274 479 387 1775 1736 1675
749 9 2 10 12 1 567 203 1776 1083 206
750 9 2 10 12 1 11 567 25 1777 1776
751 9 2 10 12 195 196 607 199 1599 1716
752 9 2 10 12 190 600 609 1778 1779 1780
753 9 2 10 12 223 515 435 1781 1782 995
754 9 2 10 12 354 486 611 1550 1761 1614
755 9 2 10 12 207 494 382 1783 1740 1745
756 9 2 10 12 157 158 469 172 1487 1784
757 9 2 10 12 216 573 378 1785 1786 1068
758 9 2 10 12 22 620 429 1787 1486 1685
759 9 2 10 12 291 380 581 1788 1759 1571
760 9 2 10 12 309 589 513 1789 1429 1024
761 9 2 10 12 310 512 590 1023 1431 1790
762 9 2 10 12 363 609 600 1638 1779 1013
763 9 2 10 12 399 550 602 1632 1791 1792
764 9 2 10 12 398 601 549 1793 1794 1629
765 9 2 10 12 297 419 574 1174 1795 1796
766 9 2 10 12 298 483 496 1115 1797 643
767 9 2 10 12 268 562 417 1704 1798 1799
768 9 2 10 12 218 408 632 1666 908 1671
769 9 2 10 12 149 150 534 164 1800 1801
770 9 2 10 12 278 500 493 907 1118 1291
771 9 2 10 12 150 400 534 994 1739 1800
772 9 2 10 12 269 396 505 1802 1803 1618
773 9 2 10 12 321 556 425 1285 1387 1108
774 9 2 10 12 220 412 471 1804 1763 1805
775 9 2 10 12 91 92 572 96 1668 1806
776 9 2 10 12 282 548 617 1807 1808 1809
777 9 2 10 12 195 380 525 1717 1810 1811
778 9 2 10 12 271 390 559 1272 1812 1527
779 9 2 10 12 349 617 548 1813 1808 1814
780 9 2 10 12 294 423 532 1815 1816 1535
781 9 2 10 12 293 533 424 1534 1817 1818
782 9 2 10 12 263 575 395 1609 1819 1189
783 9 2 10 12 176 615 177 1820 1821 180
784 9 2 10 12 245 570 390 1822 1823 1283
785 9 2 10 12 296 373 610 1407 1772 1824
786 9 2 10 12 287 385 557 1406 1770 868
787 9 2 10 12 295 374 614 1602 1825 1826
788 9 2 10 12 105 106 544 130 1489 1655
789 9 2 10 12 55 56 545 80 1656 1490
790 9 2 10 12 228 401 484 1827 1828 1126
791 9 2 10 12 229 485 402 1130 1829 940
792 9 2 10 12 247 513 537 989 1830 1097
793 9 2 10 12 269 494 396 1741 1182 1802
794 9 2 10 12 265 395 495 1214 1729 1831
795 9 2 10 12 113 532 423 1832 1816 1525
796 9 2 10 12 48 424 533 1524 1817 1833
797 9 2 10 12 275 496 483 772 1797 938
798 9 2 10 12 100 524 393 1834 1835 746
799 9 2 10 12 258 608 379 1836 1837 1605
800 9 2 10 12 291 525 380 1252 1810 1788
801 9 2 10 12 147 596 444 1838 1106 1715
802 9 2 10 12 305 601 472 1839 1531 1742
803 9 2 10 12 120 447 628 1718 1256 1840
804 9 2 10 12 41 629 448 1841 1257 1719
805 9 2 10 12 273 405 484 1842 1578 1843
806 9 2 10 12 274 485 406 1844 1579 1845
807 9 2 10 12 230 389 506 827 1640 1266
808 9 2 10 12 273 484 401 1843 1828 704
809 9 2 10 12 274 402 485 707 1829 1844
810 9 2 10 12 627 553 241 1846 977 1563
811 9 2 10 12 257 492 388 1847 1538 973
812 9 2 10 12 100 101 524 125 1167 1834
813 9 2 10 12 252 389 530 1641 1026 1416
814 9 2 10 12 118 405 478 1320 1848 1754
815 9 2 10 12 43 479 406 1753 1849 1321
816 9 2 10 12 290 526 461 1724 1390 1850
817 9 2 10 12 155 156 510 170 1654 1682
818 9 2 10 12 273 478 405 1774 1848 1842
819 9 2 10 12 274 406 479 1845 1849 1775
820 9 2 10 12 207 390 514 1851 1852 1853
821 9 2 10 12 328 537 513 1165 1830 1109
822 9 2 10 12 152 153 547 167 1377 1644
823 9 2 10 12 217 392 500 1854 1119 883
824 9 2 10 12 225 505 396 1451 1803 1855
825 9 2 10 12 297 435 515 1358 1782 1173
826 9 2 10 12 277 384 627 948 1856 1697
827 9 2 10 12 185 543 417 1857 1858 1859
828 9 2 10 12 256 434 593 1365 1679 1521
829 9 2 10 12 7 185 562 189 1860 1727
830 9 2 10 12 207 514 494 1853 1183 1783
831 9 2 10 12 344 497 504 1561 1861 1642
832 9 2 10 12 4 588 92 1862 1667 97
833 9 2 10 12 18 574 419 1863 1795 1658
834 9 2 10 12 287 393 524 1329 1835 1405
835 9 2 10 12 384 553 627 1297 1846 1856
836 9 2 10 12 4 98 588 122 1311 1862
837 9 2 10 12 8 582 183 1864 1712 186
838 9 2 10 12 8 413 582 1441 1500 1864
839 9 2 10 12 149 534 383 1801 1699 1265
840 9 2 10 12 279 570 392 1865 1866 1764
841 9 2 10 12 9 195 525 198 1811 1038
842 9 2 10 12 268 520 381 1867 1280 1702
843 9 2 10 12 279 611 396 1615 1868 1207
844 9 2 10 12 228 548 401 1869 1870 1827
845 9 2 10 12 217 395 575 1730 1819 1871
846 9 2 10 12 220 598 412 1872 1873 1804
847 9 2 10 12 207 559 390 1757 1812 1851
848 9 2 10 12 256 388 592 924 1553 1684
849 9 2 10 12 190 191 600 193 1874 1778
850 9 2 10 12 14 15 595 29 1875 1876
851 9 2 10 12 236 605 519 1877 1878 890
852 9 2 10 12 237 518 606 1694 1879 1880
853 9 2 10 12 17 419 501 1659 1881 1428
854 9 2 10 12 13 14 584 28 1882 846
855 9 2 10 12 359 519 605 1748 1878 1412
856 9 2 10 12 360 606 518 1411 1879 1749
857 9 2 10 12 276 573 403 1883 1884 892
858 9 2 10 12 250 409 529 1146 1331 1397
859 9 2 10 12 3 89 599 93 1698 1885
860 9 2 10 12 217 546 392 1886 1765 1854
861 9 2 10 12 113 114 532 138 1446 1832
862 9 2 10 12 47 48 533 72 1833 1447
863 9 2 10 12 184 565 421 1887 1888 1889
864 9 2 10 12 14 595 407 1876 1890 1891
865 9 2 10 12 60 61 531 85 1150 1442
866 9 2 10 12 290 577 407 1892 1176 1893
867 9 2 10 12 208 617 541 1894 1895 1896
868 9 2 10 12 282 401 548 1897 1870 1807
869 9 2 10 12 14 407 584 1891 1898 1882
870 9 2 10 12 54 55 560 79 1466 1899
871 9 2 10 12 106 107 561 131 1900 1463
872 9 2 10 12 272 504 497 1613 1861 1507
873 9 2 10 12 184 421 543 1889 1901 1902
874 9 2 10 12 264 466 428 1338 1476 1448
875 9 2 10 12 259 503 439 1585 1773 1224
876 9 2 10 12 245 392 570 1125 1866 1822
877 9 2 10 12 301 453 578 1903 1904 1905
878 9 2 10 12 290 407 595 1893 1890 1906
879 9 2 10 12 49 50 549 74 1630 1544
880 9 2 10 12 111 112 550 136 1547 1631
881 9 2 10 12 209 397 630 1074 1352 1907
882 9 2 10 12 177 615 452 1821 1908 1541
883 9 2 10 12 154 155 522 169 1683 1909
884 9 2 10 12 3 599 63 1885 1610 88
885 9 2 10 12 227 425 523 1057 1910 724
886 9 2 10 12 280 411 558 1911 1515 1912
887 9 2 10 12 247 601 398 1532 1793 987
888 9 2 10 12 246 399 602 986 1792 1422
889 9 2 10 12 304 423 498 1636 1913 714
890 9 2 10 12 305 499 424 1744 1914 1633
891 9 2 10 12 225 396 611 1855 1868 1760
892 9 2 10 12 283 402 540 983 693 1915
893 9 2 10 12 267 501 419 1583 1881 1027
894 9 2 10 12 289 417 543 1334 1858 1916
895 9 2 10 12 349 541 617 761 1895 1813
896 9 2 10 12 216 403 573 1133 1884 1785
897 9 2 10 12 282 551 401 1917 688 1897
898 9 2 10 12 294 498 423 1031 1913 1815
899 9 2 10 12 293 424 499 1818 1914 1032
900 9 2 10 12 6 609 160 1918 1637 175
901 9 2 10 12 6 190 609 192 1780 1918
902 9 2 10 12 268 420 520 1288 1135 1867
903 9 2 10 12 184 543 185 1902 1857 188
904 9 2 10 12 224 578 453 1919 1904 780
905 9 2 10 12 280 538 411 1767 1920 1911
906 9 2 10 12 208 541 416 1896 1921 1922
907 9 2 10 12 229 411 538 942 1920 1923
908 9 2 10 12 18 19 574 33 1924 1863
909 9 2 10 12 41 42 629 66 1249 1841
910 9 2 10 12 119 120 628 144 1840 1244
911 9 2 10 12 315 585 410 1925 1926 777
912 9 2 10 12 267 412 598 1589 1873 1581
913 9 2 10 12 330 529 414 1398 1335 1263
914 9 2 10 12 285 440 539 1620 1927 975
915 9 2 10 12 302 584 407 961 1898 1175
916 9 2 10 12 177 554 178 1543 1624 181
917 9 2 10 12 191 394 600 1151 1011 1874
918 9 2 10 12 90 91 619 95 1928 1929
919 9 2 10 12 221 586 539 1652 1930 1931
920 9 2 10 12 280 558 416 1912 1932 903
921 9 2 10 12 185 417 562 1859 1798 1860
922 9 2 10 12 11 12 585 26 1933 1934
923 9 2 10 12 183 565 184 1483 1887 187
924 9 2 10 12 223 552 430 1617 1935 1936
925 9 2 10 12 12 410 585 972 1926 1933
926 9 2 10 12 219 409 566 1332 1937 1418
927 9 2 10 12 147 148 596 162 1179 1838
928 9 2 10 12 268 417 507 1799 1333 1370
929 9 2 10 12 258 408 608 1251 1665 1836
930 9 2 10 12 295 421 565 806 1888 1601
931 9 2 10 12 284 566 409 1938 1937 1232
932 9 2 10 12 22 23 620 37 1206 1787
933 9 2 10 12 278 416 541 1292 1921 694
934 9 2 10 12 208 558 542 1939 1514 1940
935 9 2 10 12 272 626 469 1570 1941 1433
936 9 2 10 12 275 523 425 939 1910 794
937 9 2 10 12 332 590 555 1942 1943 1360
938 9 2 10 12 7 576 176 1319 1944 179
939 9 2 10 12 251 414 557 1264 955 1769
940 9 2 10 12 289 543 421 1916 1901 1116
941 9 2 10 12 345 539 586 789 1930 1401
942 9 2 10 12 220 471 527 1805 1945 1678
943 9 2 10 12 285 519 465 976 1747 872
944 9 2 10 12 286 464 518 871 1750 1432
945 9 2 10 12 212 427 597 1355 1946 1591
946 9 2 10 12 301 492 453 812 1947 1903
947 9 2 10 12 222 446 540 1557 1948 1313
948 9 2 10 12 8 178 591 182 1949 1439
949 9 2 10 12 208 542 426 1940 928 1950
950 9 2 10 12 257 453 492 766 1947 1847
951 9 2 10 12 223 430 515 1936 1595 1781
952 9 2 10 12 208 416 558 1922 1932 1939
953 9 2 10 12 265 495 470 1831 1951 914
954 9 2 10 12 316 623 470 1328 1952 1953
955 9 2 10 12 234 555 590 1504 1943 1430
956 9 2 10 12 231 622 468 1738 1954 1955
957 9 2 10 12 228 470 623 967 1952 1956
958 9 2 10 12 282 617 426 1809 1957 1384
959 9 2 10 12 178 431 591 1625 1958 1949
960 9 2 10 12 316 470 495 1953 1951 1045
961 9 2 10 12 378 573 490 1786 1959 1732
962 9 2 10 12 270 430 552 1687 1935 1960
963 9 2 10 12 244 422 631 1075 1961 1962
964 9 2 10 12 371 487 538 1701 1963 1766
965 9 2 10 12 282 433 551 1386 1964 1917
966 9 2 10 12 221 551 433 1294 1964 1650
967 9 2 10 12 154 522 422 1909 1965 1269
968 9 2 10 12 229 538 487 1923 1963 1140
969 9 2 10 12 222 418 610 1368 1966 1771
970 9 2 10 12 322 591 431 1495 1958 1305
971 9 2 10 12 176 443 615 1967 1968 1820
972 9 2 10 12 323 468 622 990 1954 1969
973 9 2 10 12 390 570 514 1823 1970 1852
974 9 2 10 12 220 526 598 1391 1971 1872
975 9 2 10 12 283 540 446 1915 1948 1053
976 9 2 10 12 221 539 440 1931 1927 1293
977 9 2 10 12 255 563 433 1394 1669 1415
978 9 2 10 12 208 426 617 1950 1957 1894
979 9 2 10 12 324 564 578 1972 1973 1974
980 9 2 10 12 297 574 434 1796 1975 1356
981 9 2 10 12 90 619 436 1929 1976 865
982 9 2 10 12 296 610 418 1824 1966 1977
983 9 2 10 12 281 597 427 1978 1946 1092
984 9 2 10 12 374 502 614 1607 1979 1825
985 9 2 10 12 300 527 471 960 1945 1455
986 9 2 10 12 19 434 574 1680 1975 1924
987 9 2 10 12 239 579 594 1202 1980 852
988 9 2 10 12 296 418 624 1977 1374 1981
989 9 2 10 12 176 576 443 1944 1982 1967
990 9 2 10 12 284 458 566 1473 1681 1938
991 9 2 10 12 348 594 579 1163 1980 849
992 9 2 10 12 301 578 564 1905 1973 1095
993 9 2 10 12 54 560 449 1899 1216 1388
994 9 2 10 12 107 450 561 1389 1217 1900
995 9 2 10 12 324 473 564 1762 1983 1972
996 9 2 10 12 276 490 573 1569 1959 1883
997 9 2 10 12 337 597 528 1592 1984 1580
998 9 2 10 12 300 615 443 1985 1968 863
999 9 2 10 12 324 578 511 1974 1986 1573
1000 9 2 10 12 379 608 467 1837 1733 1708
1001 9 2 10 12 290 461 577 1850 1987 1892
1002 9 2 10 12 317 443 576 1022 1982 1403
1003 9 2 10 12 294 605 457 1536 1988 1030
1004 9 2 10 12 293 456 606 1033 1989 1533
1005 9 2 10 12 224 511 578 1768 1986 1919
1006 9 2 10 12 295 614 468 1826 1990 874
1007 9 2 10 12 260 621 612 1554 1991 1209
1008 9 2 10 12 281 528 597 1438 1984 1978
1009 9 2 10 12 243 577 461 1059 1987 920
1010 9 2 10 12 279 514 570 1208 1970 1865
1011 9 2 10 12 325 436 619 1223 1976 1992
1012 9 2 10 12 304 602 550 1229 1791 1635
1013 9 2 10 12 305 549 601 1634 1794 1839
1014 9 2 10 12 325 619 572 1992 1993 1366
1015 9 2 10 12 262 564 473 1424 1983 1720
1016 9 2 10 12 368 612 621 1511 1991 1596
1017 9 2 10 12 91 572 619 1806 1993 1928
1018 9 2 10 12 236 457 605 646 1988 1877
1019 9 2 10 12 237 606 456 1880 1989 1491
1020 9 2 10 12 244 631 480 1962 1994 1043
1021 9 2 10 12 288 586 563 1402 1670 998
1022 9 2 10 12 157 469 626 1784 1941 1662
1023 9 2 10 12 217 575 546 1871 1995 1886
1024 9 2 10 12 197 451 618 1755 1676 1705
1025 9 2 10 12 300 452 615 1457 1908 1985
1026 9 2 10 12 296 624 462 1981 1996 816
1027 9 2 10 12 270 603 452 1997 1690 1467
1028 9 2 10 12 332 508 590 1200 1998 1942
1029 9 2 10 12 331 589 509 1067 1999 1197
1030 9 2 10 12 327 571 616 1586 2000 1238
1031 9 2 10 12 231 468 614 1955 1990 2001
1032 9 2 10 12 234 616 482 1239 2002 1502
1033 9 2 10 12 290 595 517 1906 2003 1722
1034 9 2 10 12 237 462 624 1493 1996 1693
1035 9 2 10 12 292 616 571 2004 2000 1192
1036 9 2 10 12 315 567 585 1188 2005 1925
1037 9 2 10 12 209 630 474 1907 2006 757
1038 9 2 10 12 314 480 631 1350 1994 2007
1039 9 2 10 12 314 510 587 1628 2008 1349
1040 9 2 10 12 11 585 567 1934 2005 1777
1041 9 2 10 12 350 587 510 1731 2008 1653
1042 9 2 10 12 288 474 630 981 2006 1219
1043 9 2 10 12 292 482 616 1309 2002 2004
1044 9 2 10 12 310 590 508 1790 1998 918
1045 9 2 10 12 309 509 589 917 1999 1789
1046 9 2 10 12 323 622 547 1969 2009 1376
1047 9 2 10 12 354 546 575 1576 1995 1608
1048 9 2 10 12 346 547 622 1645 2009 1713
1049 9 2 10 12 231 614 502 2001 1979 1565
1050 9 2 10 12 228 623 548 1956 2010 1869
1051 9 2 10 12 15 517 595 1758 2003 1875
1052 9 2 10 12 349 548 623 1814 2010 1327
1053 9 2 10 12 303 554 603 1594 1691 2011
1054 9 2 10 12 314 631 522 2007 2012 1626
1055 9 2 10 12 339 598 526 1661 1971 1728
1056 9 2 10 12 422 522 631 1965 2012 1961
1057 9 2 10 12 270 552 603 1960 2013 1997
1058 9 2 10 12 303 603 552 2011 2013 1660
$EndElements
