$MeshFormat
2.2 0 8
$EndMeshFormat
$Nodes
1898
1 0 0 0
2 1.5 0 0
3 5 0 0
4 5 1 0
5 1.5 1 0
6 0 1 0
7 0 0.7 0
8 0 0.3 0
9 0.09999999999956016 0 0
10 0.1999999999991797 0 0
11 0.2999999999987273 0 0
12 0.399999999998371 0 0
13 0.4999999999980147 0 0
14 0.5999999999976584 0 0
15 0.6999999999973021 0 0
16 0.799999999997316 0 0
17 0.8999999999976995 0 0
18 0.9999999999980829 0 0
19 1.099999999998466 0 0
20 1.19999999999885 0 0
21 1.299999999999233 0 0
22 1.399999999999616 0 0
23 0.0499999999997871 0 0
24 0.1499999999993731 0 0
25 0.2499999999989535 0 0
26 0.3499999999985535 0 0
27 0.4499999999981982 0 0
28 0.5499999999978246 0 0
29 0.6499999999974704 0 0
30 0.7499999999971865 0 0
31 0.8499999999975114 0 0
32 0.9499999999978943 0 0
33 1.049999999998275 0 0
34 1.149999999998661 0 0
35 1.249999999999001 0 0
36 1.349999999999425 0 0
37 1.449999999999827 0 0
38 1.598398406406691 0 0
39 1.69956316622664 0 0
40 1.803572037350657 0 0
41 1.910505005593579 0 0
42 2.020444248140296 0 0
43 2.133474334969415 0 0
44 2.249682114879001 0 0
45 2.369156932883387 0 0
46 2.491990648637298 0 0
47 2.618277705187979 0 0
48 2.748115164958391 0 0
49 2.881602842581207 0 0
50 3.018843388647588 0 0
51 3.159942280436479 0 0
52 3.305008002622814 0 0
53 3.45415206721074 0 0
54 3.60748918701745 0 0
55 3.76513718708045 0 0
56 3.927217238287477 0 0
57 4.093853987411402 0 0
58 4.265175503547953 0 0
59 4.44131357396772 0 0
60 4.622403538742169 0 0
61 4.808584633364633 0 0
62 1.549199203203357 0 0
63 1.648980786316663 0 0
64 1.751567601788671 0 0
65 1.857038521472099 0 0
66 1.96547462686695 0 0
67 2.076959291554819 0 0
68 2.191578224924208 0 0
69 2.309419523881173 0 0
70 2.430573790760364 0 0
71 2.555134176912639 0 0
72 2.683196435073135 0 0
73 2.814859003769767 0 0
74 2.950223115614397 0 0
75 3.08939283454205 0 0
76 3.232475141529548 0 0
77 3.379580034916787 0 0
78 3.530820627114029 0 0
79 3.686313187048969 0 0
80 3.846177212683973 0 0
81 4.010535612849404 0 0
82 4.179514745479738 0 0
83 4.353244538757997 0 0
84 4.531858556354918 0 0
85 4.715494086053537 0 0
86 4.904292316682271 0 0
87 5 0.1999999999995579 0
88 5 0.3999999999989749 0
89 5 0.5999999999989468 0
90 5 0.7999999999994734 0
91 5 0.09999999999981678 0
92 5 0.2999999999992664 0
93 5 0.4999999999986832 0
94 5 0.6999999999992101 0
95 5 0.8999999999997367 0
96 4.808584633362061 1 0
97 4.622403538739024 1 0
98 4.441313573964803 1 0
99 4.265175503545255 1 0
100 4.093853987408912 1 0
101 3.927217238285182 1 0
102 3.765137187078344 1 0
103 3.607489187015524 1 0
104 3.454152067209565 1 0
105 3.305008002623656 1 0
106 3.159942280436959 1 0
107 3.018843388646401 1 0
108 2.881602842579925 1 0
109 2.748115164957249 1 0
110 2.618277705186969 1 0
111 2.491990648636413 1 0
112 2.369156932882623 1 0
113 2.249682114878349 1 0
114 2.133474334968872 1 0
115 2.020444248139856 1 0
116 1.910505005593236 1 0
117 1.803572037350407 1 0
118 1.699563166226477 1 0
119 1.598398406406613 1 0
120 4.904292316680941 1 0
121 4.715494086050587 1 0
122 4.531858556351828 1 0
123 4.353244538755165 1 0
124 4.179514745477161 1 0
125 4.010535612847018 1 0
126 3.84617721268177 1 0
127 3.686313187046926 1 0
128 3.530820627112526 1 0
129 3.37958003491661 1 0
130 3.23247514153046 1 0
131 3.089392834541631 1 0
132 2.950223115613143 1 0
133 2.814859003768591 1 0
134 2.683196435072086 1 0
135 2.555134176911691 1 0
136 2.430573790759518 1 0
137 2.309419523880486 1 0
138 2.191578224923628 1 0
139 2.076959291554378 1 0
140 1.965474626866533 1 0
141 1.857038521471798 1 0
142 1.751567601788488 1 0
143 1.648980786316545 1 0
144 1.549199203203352 1 0
145 1.400000000001087 1 0
146 1.300000000001012 1 0
147 1.2000000000015 1 0
148 1.100000000001219 1 0
149 1.000000000000967 1 0
150 0.900000000001412 1 0
151 0.8000000000018716 1 0
152 0.7000000000019609 1 0
153 0.6000000000016807 1 0
154 0.5000000000014007 1 0
155 0.4000000000011206 1 0
156 0.3000000000008405 1 0
157 0.2000000000005604 1 0
158 0.1000000000002801 1 0
159 1.450000000000543 1 0
160 1.350000000001042 1 0
161 1.250000000001313 1 0
162 1.150000000001281 1 0
163 1.050000000001072 1 0
164 0.9500000000012142 1 0
165 0.8500000000016594 1 0
166 0.7500000000020588 1 0
167 0.6500000000018265 1 0
168 0.5500000000013841 1 0
169 0.4500000000011282 1 0
170 0.3500000000008474 1 0
171 0.2500000000005476 1 0
172 0.1500000000003863 1 0
173 0.05000000000015215 1 0
174 0 0.9000000000001807 0
175 0 0.8000000000001664 0
176 0 0.9500000000001064 0
177 0 0.8500000000004694 0
178 0 0.7500000000000832 0
179 0 0.6000000000002439 0
180 0 0.5000000000005315 0
181 0 0.4000000000002657 0
182 0 0.6500000000001219 0
183 0 0.5500000000003877 0
184 0 0.4500000000003366 0
185 0 0.3500000000001899 0
186 0 0.2000000000002564 0
187 0 0.1000000000002544 0
188 0 0.2500000000001282 0
189 0 0.1500000000003991 0
190 0 0.05000000000013985 0
191 1.550643614069389 0.5000927114254916 0
192 1.041856681578687 0.4948710436137742 0
193 0.5382715078718127 0.4927180748622485 0
194 2.043514155741842 0.506025980950334 0
195 2.56484851678584 0.4775263072878042 0
196 3.055215106360009 0.5000000000000434 0
197 3.557689040593201 0.4999999999999039 0
198 1.30292406762095 0.6856961351826475 0
199 1.298097343631381 0.313048523779225 0
200 0.7959860719223372 0.6870103866372058 0
201 0.7959860719223496 0.3129896133627231 0
202 4.058908724373385 0.499999999999914 0
203 0.2957568169499799 0.3014891570753628 0
204 0.3067207231985732 0.6932792768014079 0
205 1.799637853672719 0.6872959601522691 0
206 1.802367160581239 0.3175141664889453 0
207 2.324976043821192 0.6596431045996349 0
208 2.301985227053504 0.3107223891356996 0
209 4.531425888505913 0.4730744368781896 0
210 1.554576012900439 0.746675383093557 0
211 1.549199203203345 0.2475794384041561 0
212 1.052614495600271 0.7635034471843871 0
213 1.05050204625117 0.2428657088255715 0
214 0.5522262577793464 0.7522297737747744 0
215 0.5459770009616909 0.2344251808186683 0
216 2.804554528162426 0.6903546762566756 0
217 2.777228079355862 0.3198052612088536 0
218 2.035026147976066 0.7597717117971223 0
219 2.042091174228255 0.2495951760847827 0
220 3.301981686170414 0.2646831234883676 0
221 3.300698829748073 0.7199273207324616 0
222 0.2292417586550976 0.499185712578521 0
223 2.543512795684987 0.7356294979252186 0
224 2.546902848409489 0.2470335258171641 0
225 3.810085518271315 0.7045237790631509 0
226 3.820957909402445 0.2985265206984533 0
227 1.35149395047415 0.4975975725617974 0
228 0.8497907756246079 0.4992574452138638 0
229 1.745267462893254 0.4927310230949351 0
230 3.02209737137967 0.2234900968409387 0
231 3.013107245300009 0.7758568016952463 0
232 4.322580638108938 0.6850567733528122 0
233 0.1761423380143587 0.1758236174325052 0
234 0.1761423380142697 0.8241763825676032 0
235 0.8982739978048981 0.8267956281266589 0
236 0.898273997805311 0.173204371873463 0
237 4.281330593694136 0.2992105010144694 0
238 1.386032663403172 0.8413835755385142 0
239 1.386032663403285 0.1586164244615149 0
240 2.235333209270403 0.4923001220279687 0
241 1.208233949661469 0.8313694048181538 0
242 1.214712815641263 0.1583402254213974 0
243 0.714750475171608 0.1590279676251312 0
244 0.707529092902747 0.8310506407145819 0
245 0.3783464836249537 0.4636548359188689 0
246 1.699900524780072 0.8451300634108844 0
247 1.699900524780112 0.1548699365891159 0
248 3.551735065616882 0.7472304032178465 0
249 3.550876136101744 0.2468413781335765 0
250 0.3966950504684044 0.1691650142184772 0
251 0.3920525390129748 0.8251931402656832 0
252 1.203175726216566 0.5619756110541296 0
253 0.7013868315903219 0.561702947085327 0
254 0.9600189018672725 0.6284409975087012 0
255 0.9475696448684472 0.3709256674938622 0
256 1.450794712772543 0.6255364362016928 0
257 1.446348541915203 0.3778828557840612 0
258 4.710357650774279 0.7096080883975315 0
259 1.150542443773437 0.3769698667345776 0
260 0.648321437655355 0.3767512686344192 0
261 0.1594474116294045 0.642055851114714 0
262 0.153583662685144 0.3500088879099079 0
263 1.648857902348851 0.6270013730996062 0
264 1.649472927059135 0.3735484933610889 0
265 1.883893993177362 0.8473972801395184 0
266 1.892205190752118 0.1529687336768071 0
267 0.4443390870856645 0.6320988045065286 0
268 4.045565225056255 0.7468412136324549 0
269 1.896052988603102 0.5537114497792208 0
270 2.192207509493937 0.1614908971812233 0
271 2.192207509493814 0.8385091028188072 0
272 2.778796645390472 0.5028860898155906 0
273 4.731812329121512 0.294512002559759 0
274 1.946070588349507 0.3779869786906931 0
275 4.043202625421013 0.2400756193927629 0
276 2.148608243640759 0.6284718824933936 0
277 2.152684053665169 0.3610883169118856 0
278 2.375280881363164 0.8355753247656053 0
279 2.386286580547213 0.168952995981543 0
280 0.443557877205394 0.3359013820845753 0
281 2.400516966552123 0.5581421609293056 0
282 3.25033950125318 0.5000000000000049 0
283 2.702472817640525 0.1682855678404114 0
284 2.702472817640455 0.8317144321594817 0
285 2.449777228621063 0.3762975773399193 0
286 1.169867461322694 0.6853298601637849 0
287 0.6684221517623235 0.6855384013114896 0
288 1.549199203203307 0.8810987352096484 0
289 1.549199203203344 0.1189012647903416 0
290 1.050000000001093 0.8810058793293274 0
291 1.049999999998274 0.1189941206708057 0
292 0.5499999999978364 0.1188501179596276 0
293 0.5509174684745459 0.9013619590308113 0
294 2.647595478715413 0.6210746969461609 0
295 2.652698505658701 0.3706895486076814 0
296 4.475555822009665 0.2203701871746872 0
297 2.898825538003452 0.8313059804812311 0
298 2.898825538003395 0.1686940195189045 0
299 3.743261603675185 0.5223108670956428 0
300 0.3020283690056989 0.5852761402415996 0
301 3.196461608554552 0.1502367768243564 0
302 3.204797263058333 0.8301525424987418 0
303 4.739952114423485 0.4841088409466358 0
304 0.2872632075807486 0.1341763699014631 0
305 0.2865999916588748 0.8650176521676544 0
306 2.880769266515007 0.5682042487690222 0
307 4.509942900276271 0.7598596591230873 0
308 1.962717936570259 0.6651765340475834 0
309 1.257804445706029 0.4216349898705617 0
310 2.005483630416545 0.8594576638425664 0
311 2.010323034960084 0.1403468385620707 0
312 0.7551001562813136 0.4203663358643673 0
313 1.064552798719272 0.6188466836629473 0
314 3.412356441693816 0.1688656645037404 0
315 3.390911497996155 0.8464876371803481 0
316 2.950652193546634 0.3774760127128319 0
317 0.5761208808192843 0.6183916882562823 0
318 4.246228944528458 0.489503084815393 0
319 0.1097389983144003 0.4555883265989422 0
320 3.184594351641975 0.5885217405153908 0
321 3.152260099257076 0.3720866529888826 0
322 0.8018692856230789 0.886578703778632 0
323 0.8018692856234821 0.1134212962213619 0
324 1.841659261481015 0.4330269491992816 0
325 3.68646082382856 0.1694597723513052 0
326 3.695789071430604 0.8349441321820037 0
327 1.300511064930962 0.8869203430141592 0
328 1.300703139975265 0.1137912798833819 0
329 3.392197683946796 0.4449391147458872 0
330 0.5427485841340911 0.3905563479192776 0
331 0.2848767957408159 0.413447357804324 0
332 0.09910814630106586 0.2559277070052544 0
333 0.09941817683960061 0.7458342224459329 0
334 2.443084837319053 0.6902332434918503 0
335 1.203781116524129 0.2709058665354348 0
336 1.39666286234027 0.7281077006674855 0
337 1.393563748507548 0.276686429743062 0
338 0.7000953512834284 0.2731551352447177 0
339 1.899284320305265 0.2728797962937881 0
340 2.061032465404881 0.5932865795383986 0
341 3.454727483079418 0.6239001233990246 0
342 1.653100096625195 0.7357531937335263 0
343 1.656991283683406 0.2601046358112188 0
344 0.4613050849238157 0.7393374726575968 0
345 2.553651857198597 0.08527846810144518 0
346 2.553651857197933 0.9147215318985833 0
347 3.671462702949651 0.3655005601717714 0
348 3.650674180598072 0.6361284318895151 0
349 0.9506308717789117 0.7355817170597429 0
350 0.9504855225029246 0.2639276453241403 0
351 3.918707253980561 0.8225446996138719 0
352 0.1049096354520317 0.1049096354519976 0
353 0.1049096354520243 0.8950903645479534 0
354 0.08419150724179403 0.5669376356775979 0
355 3.868851190927489 0.1532922783875791 0
356 1.056087474753667 0.3985092044594242 0
357 4.182341764733494 0.8294013036719823 0
358 1.302164435809159 0.5844395865462947 0
359 1.451109417652694 0.5245576262608264 0
360 1.46330013287147 0.9162611366713099 0
361 1.463300132871327 0.08373886332874048 0
362 0.8009078419958267 0.5938501985268472 0
363 0.9471762440052729 0.5240159905135432 0
364 3.913315922655584 0.5472757088073147 0
365 1.556783499003001 0.6557588028705507 0
366 1.544026170683729 0.3957569982319334 0
367 1.303564803267845 0.7865076255707906 0
368 1.299481804613812 0.2152314583040026 0
369 2.35115319138723 0.4302175795776898 0
370 1.635877973917983 0.9156537019462008 0
371 1.635877973918035 0.08434629805380155 0
372 1.792776933464668 0.8885049164647518 0
373 1.79416213306054 0.1115560858379567 0
374 0.9538731067905635 0.9106162138290677 0
375 0.9538731067887574 0.08938378617056571 0
376 1.146000862671349 0.08933082954727638 0
377 1.146000862673217 0.9106691704531831 0
378 4.169375954872522 0.164139500132412 0
379 1.354308932130677 0.3953683624290673 0
380 1.654884768486669 0.5284419917824175 0
381 0.8009873292762687 0.7889792405070082 0
382 0.8019412935462582 0.2128750442145258 0
383 0.646802055902245 0.08918333608661255 0
384 0.6453146919152476 0.9109936948587103 0
385 2.298596570025293 0.8979638075706236 0
386 2.298712948432633 0.1035376864449766 0
387 0.8546806896048645 0.3977549558481522 0
388 2.106979032231551 0.9016563870015129 0
389 2.108685234429547 0.09454537128080592 0
390 0.2010222871941411 0.2731246678203854 0
391 0.2051309143649099 0.7268469061412938 0
392 1.15652434981541 0.4737775424906 0
393 0.4521748528855561 0.5289402188942269 0
394 0.6528578525331463 0.471833805364801 0
395 1.747119820413965 0.6006061514570169 0
396 3.956001391139812 0.3757815263228945 0
397 0.4577070354620693 0.9122649293455274 0
398 0.45219434852649 0.08913429571028973 0
399 2.913247138684738 0.7052898528670066 0
400 4.15893509560105 0.6286159696679072 0
401 2.541798694279305 0.6071845046592533 0
402 3.082578941171778 0.1199794557287331 0
403 3.087991079296489 0.8740455369948755 0
404 1.74105432961526 0.3999474456291905 0
405 2.149457731770641 0.2634395561633269 0
406 2.153152414473266 0.7410709341044489 0
407 4.467908052069712 0.6233702481227703 0
408 0.3212878244305085 0.2161052525073122 0
409 0.3207397560691428 0.7817845755002227 0
410 0.2222540423355509 0.5899372333876567 0
411 4.326550289618399 0.1367440376643137 0
412 2.054662212467115 0.3490828638613475 0
413 0.4595481038277729 0.2449903676910502 0
414 1.773347415869527 0.7752942158428707 0
415 1.780267531868681 0.2274046930219765 0
416 4.13398197352713 0.3574708859869432 0
417 1.490115133014141 0.8082638562380444 0
418 1.48729365671483 0.1875254263120776 0
419 0.2032846286556316 0.09117881497440479 0
420 0.2032846286554333 0.9088211850256406 0
421 1.94946699382081 0.7775133675993429 0
422 1.612929478623346 0.8167596484027441 0
423 1.608629402863401 0.1812396613630235 0
424 2.41105185872484 0.279356532566844 0
425 1.953882950647761 0.4753470692781323 0
426 1.121108992349946 0.1870269601315842 0
427 1.122171296313738 0.8284419514980626 0
428 4.344270876125752 0.8548635472295765 0
429 0.6286770240094113 0.1960583783199773 0
430 0.6042910069020587 0.8250578901938501 0
431 2.145300377931606 0.5360428928225469 0
432 3.522346882783731 0.8681353724964076 0
433 3.542266931170462 0.1170333629977244 0
434 2.849192378626225 0.4200560016778469 0
435 2.789708837452178 0.8966653200499219 0
436 2.789708837452603 0.1033346799501713 0
437 0.9828388152640135 0.8217085769924892 0
438 0.9806269346692874 0.1776751265729092 0
439 4.831583103753505 0.8304116967475249 0
440 3.438813097903975 0.3089873679288213 0
441 0.4531790848504614 0.4309056371008361 0
442 0.367271913227176 0.920495144355773 0
443 0.3672305213145483 0.07849513596604602 0
444 0.7279228683335937 0.741090279136751 0
445 0.5030832320924683 0.8259075275447071 0
446 2.243310745856605 0.5996070096021089 0
447 0.3683942680746792 0.371293008460862 0
448 2.275596985033386 0.7717086365810741 0
449 2.283119845329385 0.2234545528340411 0
450 4.407945020171348 0.3974157591217904 0
451 1.227468694489211 0.7415416226170781 0
452 3.022765975919964 0.6214776615562051 0
453 1.366729834113099 0.6360265994971706 0
454 0.876950228490662 0.663694407095868 0
455 0.8845243505626388 0.3175691248612363 0
456 2.236103864195528 0.3970573881164763 0
457 0.9788946366349351 0.4488059558532149 0
458 4.834766424572681 0.1654071931322489 0
459 2.662591043363637 0.2641476311768611 0
460 2.658656757508188 0.730188175690667 0
461 0.8850513872734444 0.5811886870141636 0
462 0.06861141914215983 0.6509655418476976 0
463 0.07119405593619094 0.3516464173592336 0
464 1.487479580284252 0.7102696244450171 0
465 1.488501822775694 0.2981363556064051 0
466 0.3629284557375775 0.6422146680263099 0
467 4.646843471937941 0.8488866263211088 0
468 2.546546437955048 0.3522190412798032 0
469 1.481238620552534 0.4493264772539121 0
470 1.519229426323675 0.5761875422603268 0
471 4.867473059955303 0.3397099149238017 0
472 1.872050219842639 0.7309600411976152 0
473 1.021412756350023 0.3170096146861784 0
474 1.26433600021119 0.5082812514630044 0
475 1.580586422649405 0.3211920470885151 0
476 1.616559887388932 0.4499145386966367 0
477 0.200431045888524 0.4160211952812727 0
478 1.86734502418427 0.06911118171399766 0
479 1.865959824588348 0.9309498205887088 0
480 4.591917321209932 0.6100042546936429 0
481 4.006725856870495 0.122866261975782 0
482 0.3803030501291181 0.269866755508356 0
483 0.7272091561676937 0.07801968315034535 0
484 0.7272091561688692 0.9219803168498558 0
485 1.020871528005984 0.6850830766375593 0
486 0.7657593078258781 0.5084228395394552 0
487 4.863366726760901 0.6530600131659577 0
488 1.112172449624294 0.5543889919495728 0
489 1.110754016797085 0.300867794528806 0
490 1.233792966040859 0.6360265994971435 0
491 3.330804392554621 0.5743688533986784 0
492 0.5972760472786249 0.29789577984252 0
493 0.7315867939692957 0.6360893986762629 0
494 2.196552428440906 0.07191479098140118 0
495 2.196187912319576 0.9276258594781887 0
496 4.033537093892881 0.8797574433836618 0
497 1.226868255323482 0.07722770082677349 0
498 1.226868255324456 0.9227722991735944 0
499 0.5186026193943002 0.6752521832255234 0
500 2.46386280926665 0.4726045272212112 0
501 2.907978651983912 0.2819436589337686 0
502 1.812758659415295 0.5501914368661962 0
503 2.430784730837681 0.08117735360277054 0
504 2.429923351970766 0.9175000551727726 0
505 1.227515651059848 0.3488962592908869 0
506 0.4808829007564389 0.1713129952796226 0
507 1.36996877224154 0.9289130110447966 0
508 1.370007187249745 0.07122931353472746 0
509 1.726030646561545 0.315703886862484 0
510 0.873953082267968 0.9233740803934244 0
511 0.8739530822671647 0.07662591960647461 0
512 3.945352752237556 0.6879605452019123 0
513 0.7250180531620589 0.3476393788543264 0
514 4.626629654257534 0.1464108585834428 0
515 2.668950369452808 0.5120371958900147 0
516 1.724412617786052 0.6851901788570578 0
517 0.3168687328780146 0.505912675716142 0
518 0.6098127771719746 0.5534931772614687 0
519 4.588057259651302 0.3306214189959832 0
520 3.424752162589819 0.7434216372774175 0
521 0.227134121691721 0.3508182531782506 0
522 2.745655073600783 0.6033410789529941 0
523 0.07613478526367278 0.1785800384432141 0
524 0.07613478526362663 0.8214199615568917 0
525 1.966004479682421 0.2143597678845254 0
526 2.797464525033315 0.792773277410209 0
527 2.791990455699948 0.2147089229577424 0
528 1.852631735807899 0.6318262509606853 0
529 3.52975110232167 0.3778847359993478 0
530 2.977009894712718 0.09727797326276322 0
531 2.97700989471285 0.902722026736933 0
532 0.5178215226815148 0.3007538116712183 0
533 3.151056628018691 0.2687724406785857 0
534 3.135659124160807 0.7349969339988201 0
535 1.412813554941081 0.4483933305438728 0
536 2.67671715286452 0.9182955137460376 0
537 2.67671715286532 0.08170448625390925 0
538 1.872345332679256 0.350351972668177 0
539 0.3785922460607636 0.7228232649362891 0
540 1.981272675089521 0.2982464017274983 0
541 2.100552936976493 0.1818835678544419 0
542 2.100145263252843 0.8165743680810237 0
543 2.745338409295197 0.4186031212579014 0
544 2.229128886565041 0.6801003134761321 0
545 1.983440099393569 0.5587095227187339 0
546 2.224670144402845 0.3111524406322859 0
547 3.051088548023455 0.3526193561874202 0
548 2.373627909754541 0.7502728431549113 0
549 1.386752917762857 0.569567407664422 0
550 3.820999905964536 0.4218790366192153 0
551 1.589595878228147 0.5764043058993225 0
552 2.487116694296243 0.1773072189332707 0
553 2.475691071789582 0.8084118621039371 0
554 1.097894236878233 0.6872975834593719 0
555 2.121598810733233 0.4435923286143736 0
556 1.013430750446687 0.5660756215020667 0
557 0.5975772656309638 0.6860296724188548 0
558 2.084019544848258 0.6795406515631027 0
559 1.146375022377602 0.756247311623473 0
560 0.6509271989917689 0.755429936513186 0
561 2.958182319313634 0.4769291360083943 0
562 0.5172953286304423 0.572610598575242 0
563 0.8672325924431227 0.7453665564102263 0
564 0.8719064938837059 0.2458570242561441 0
565 0.9094966008626865 0.4500447144482928 0
566 0.2501467611148934 0.2117817430993446 0
567 0.2466216844408468 0.7930130217217514 0
568 4.039089841224063 0.6186173248927694 0
569 2.022039543055267 0.4295130383179205 0
570 2.311058031377511 0.5479819953473415 0
571 1.940842835239734 0.9286102169506151 0
572 1.942104622562657 0.07102053191050646 0
573 3.92776599317452 0.2519937766155914 0
574 3.304983681114802 0.09729759413607737 0
575 3.302584990178789 0.8994279167352586 0
576 1.684712831724087 0.4506076994636214 0
577 3.811859597462751 0.8854644712456528 0
578 1.726338127147922 0.9298577363643674 0
579 1.726615167067197 0.07015446409617483 0
580 3.152777303806588 0.4729574841150088 0
581 0.3761143302029109 0.5596828905506126 0
582 4.894158380227938 0.4953757538068634 0
583 0.2407418561688375 0.6549453349213434 0
584 4.386202067381095 0.5353192414484852 0
585 1.154040678403177 0.6167935941786411 0
586 0.1609747436352495 0.5507409518714864 0
587 0.6515040454730885 0.6182576110434547 0
588 0.05469014282484343 0.05469014282515797 0
589 0.05469014282506544 0.9453098571751436 0
590 3.250928141573886 0.3983116226914019 0
591 2.607486143608952 0.8179423862056583 0
592 2.604908735628968 0.170626149687177 0
593 1.549199203203307 0.9507282399663093 0
594 1.549199203203344 0.04927176003366984 0
595 3.303482683642608 0.1809903588122225 0
596 3.249221647362483 0.207459950156362 0
597 3.250722644834677 0.1237671854802169 0
598 3.253691126618561 0.8647902296170003 0
599 3.252748046403203 0.7750399316156017 0
600 3.301641909963431 0.8096776187338601 0
601 3.346748244087472 0.8729577769578034 0
602 3.345805163872114 0.7832074789564049 0
603 3.357169063932115 0.216774393996054 0
604 3.358670061404309 0.1330816293199089 0
605 4.544078522951372 0.9244433131605544 0
606 4.634623505338483 0.9244433131605544 0
607 4.475628237120537 0.8799298295615436 0
608 4.578393186107106 0.804373142722098 0
609 1.718629407776044 0.2437546644165977 0
610 1.753149089215113 0.2715542899422302 0
611 1.691510965122475 0.2879042613368514 0
612 2.023368740709258 0.6723585928053431 0
613 2.01187520098757 0.6292315567929909 0
614 2.072526005126569 0.6364136155507507 0
615 1.688756357205623 0.710471686295292 0
616 1.748880016827789 0.7302421973499642 0
617 1.713223756247361 0.7555237047881985 0
618 1.676500310702634 0.7904416285722054 0
619 1.736623970324799 0.8102121396268776 0
620 1.740084028324397 0.1911373148055462 0
621 1.678445904231759 0.2074872862001674 0
622 2.362746505186657 0.6088926327644703 0
623 2.421800901935588 0.624187702210578 0
624 2.384030440570122 0.6749381740457426 0
625 3.601204623107477 0.6916794175536808 0
626 3.673231626014338 0.7355362820357594 0
627 3.623762068523742 0.7910872676999251 0
628 3.618668479965152 0.2081505752424409 0
629 3.678961763389106 0.2674801662615383 0
630 3.611169419525698 0.3061709691526739 0
631 1.02500000000103 0.9405029396646637 0
632 1.075000000001156 0.9405029396646637 0
633 1.07499999999837 0.05949706033540284 0
634 1.024999999998179 0.05949706033540284 0
635 1.998872042273163 0.7124741229223528 0
636 2.059522846412162 0.7196561816801126 0
637 0.5749999999977474 0.0594250589798138 0
638 0.5249999999979256 0.0594250589798138 0
639 0.5254587342379733 0.9506809795154056 0
640 0.5754587342381133 0.9506809795154056 0
641 3.2905719469039 0.5371844266993416 0
642 3.257699372098298 0.5814452969570345 0
643 3.217466926447577 0.5442608702576979 0
644 3.242646590695024 0.6542245306239262 0
645 3.315751611151347 0.6471480870655699 0
646 3.752937294850959 0.7697339556225773 0
647 3.730379849434693 0.670326105476333 0
648 3.746210306176048 0.3320135404351123 0
649 3.753709366615502 0.2339931465248792 0
650 0.1516423143275959 0.0455894074872024 0
651 0.1540971320538316 0.09804422521320116 0
652 0.1024548177257959 0.05245481772599878 0
653 0.1024548177261522 0.9475451822739767 0
654 0.1540971320537288 0.901955774786797 0
655 0.1516423143278567 0.9544105925128203 0
656 2.318017037599351 0.6038125499734882 0
657 2.355787498964817 0.5530620781383235 0
658 1.868856125042058 0.4933691994892512 0
659 1.897771106064388 0.454187009238707 0
660 1.924967969625431 0.5145292595286766 0
661 0.2016423143274056 0.0455894074872024 0
662 0.2016423143279969 0.9544105925128203 0
663 0.2516423143281369 0.9544105925128203 0
664 0.2449423101571541 0.8869194185966475 0
665 0.2932999958298577 0.9325088260838272 0
666 0.293631603789738 0.06708818495073153 0
667 0.2452739181181901 0.1126775924379339 0
668 0.2516423143271794 0.0455894074872024 0
669 1.854405824009199 0.5519514433227085 0
670 1.827208960448155 0.4916091930327389 0
671 3.379567874162771 0.04864879706803869 0
672 3.304995841868808 0.04864879706803869 0
673 3.378368528694177 0.9497139583676293 0
674 3.303796496401223 0.9497139583676293 0
675 0.758345884358933 0.1859515059198285 0
676 0.7510183224148432 0.2430150897296217 0
677 0.7074229132275182 0.2160915514349244 0
678 3.50323127434815 0.6855652633084355 0
679 3.552700831838745 0.6300142776442699 0
680 3.604181610595636 0.5680642159447095 0
681 3.50620826183631 0.5619500616994643 0
682 1.55567975595172 0.7012170929820538 0
683 1.604941797814098 0.6957559983020385 0
684 1.603838054762818 0.7412142884135416 0
685 1.26107022295861 0.4649581206667831 0
686 1.2104301750133 0.4910293969768022 0
687 1.20716439776072 0.4477062661805809 0
688 2.356518542889172 0.2950394608512718 0
689 2.381102525056035 0.3547870560722669 0
690 2.326569209220367 0.3704699843566947 0
691 2.430414543672951 0.3278270549533816 0
692 2.478799148339943 0.3157877869233235 0
693 2.498161833288055 0.3642583093098613 0
694 0.6505896450942507 0.4242925369996101 0
695 0.5978032183336187 0.4311950766420393 0
696 0.5955350108947231 0.3836538082768484 0
697 0.5405100460029519 0.4416372113907631 0
698 0.5955646802024794 0.4822759401135248 0
699 1.204173444739733 0.3993024283025696 0
700 1.153533396794424 0.4253737046125888 0
701 0.7604297320535958 0.4643945877019113 0
702 0.7093085801795123 0.4901283224521281 0
703 0.7039790044072299 0.4461000706145842 0
704 1.650978999487023 0.6813772834165663 0
705 1.602820700675926 0.6413800879850784 0
706 2.094407266836724 0.5210344368864405 0
707 2.103166421668243 0.5646647361804728 0
708 2.052273310573361 0.5496562802443663 0
709 3.42253178260286 0.9232438185901741 0
710 3.433254254452278 0.08443283225187019 0
711 4.533971614112627 0.0732054292917214 0
712 4.551092738133599 0.183390522879065 0
713 4.458434697988692 0.1101850935873436 0
714 0.7017107969683343 0.3985588022493933 0
715 2.601084776596588 0.7329088368079428 0
716 2.542655744982146 0.671407001292236 0
717 2.600227725893747 0.6686863401749601 0
718 2.696625276158098 0.6122078879495775 0
719 2.702155915554486 0.6667646273218305 0
720 2.653126118111801 0.6756314363184139 0
721 4.3784432078519 0.2597903440945784 0
722 4.441750421090506 0.3088929731482388 0
723 4.344637806932742 0.3483131300681299 0
724 3.49484461700286 0.2779143730311989 0
725 3.425584769798896 0.2389265162162809 0
726 3.48161628889778 0.2078535213186584 0
727 2.478977353567164 0.263195029192004 0
728 2.546724643182269 0.2996262835484836 0
729 2.432189887909387 0.5153733440752584 0
730 2.502830751772978 0.5398945159402322 0
731 2.471157830415714 0.5826633327942794 0
732 2.400465210004146 0.4032575784588046 0
733 2.594697086497359 0.6141296008027071 0
734 2.17267996198354 0.789790018461628 0
735 2.214374699753326 0.7563897853427615 0
736 2.233902247263599 0.8051088696999407 0
737 2.237663677411661 0.1924727250076322 0
738 2.216288788550013 0.243447054498684 0
739 2.170832620632289 0.2124652266722751 0
740 2.10482035452282 0.6108792310158961 0
741 2.146954310786183 0.5822573876579702 0
742 0.748040711602889 0.2930723743037204 0
743 0.7989636827343039 0.2629323287886244 0
744 2.191140650519154 0.7105856237902906 0
745 2.252362935799213 0.7259044750286031 0
746 2.253894994866116 0.2673034967331636 0
747 2.187063938086743 0.2872959983978064 0
748 2.60877351122227 0.4241079279477428 0
749 2.660824437555754 0.4413633722488481 0
750 2.616899443119324 0.4947817515889095 0
751 2.012963939278201 0.9297288319212832 0
752 2.056231331324048 0.8805570254220396 0
753 2.063711640185703 0.9508281935007564 0
754 2.064564741284922 0.04727268564040296 0
755 2.059504134694816 0.1174461049214383 0
756 2.01538364155019 0.07017341928103534 0
757 1.257097310127537 0.1867858418627 0
758 1.251631460568971 0.2430686624197187 0
759 1.209246966082696 0.2146230459784161 0
760 2.714963292507282 0.3452474049082675 0
761 2.657644774511169 0.3174185898922713 0
762 2.719909561359749 0.2919764461928573 0
763 2.555697477370444 0.4148726742838037 0
764 2.599622471806874 0.3614542949437423 0
765 3.423462583513107 0.5344196190724559 0
766 3.474943362269998 0.4724695573728955 0
767 2.775104800881604 0.6468478776048348 0
768 2.731605642835307 0.7102714259736713 0
769 3.477311686432139 0.1429495137507324 0
770 3.546571533636103 0.1819373705656505 0
771 3.564918034899627 0.9340676862482038 0
772 3.609067977107167 0.8515397523392057 0
773 3.651639129223064 0.9174720660910019 0
774 3.646975005423005 0.08472988617565259 0
775 3.614363877499511 0.1432465676745148 0
776 3.574878059093956 0.0585166814988622 0
777 4.821675528968657 0.08270359656612443 0
778 4.730698039415108 0.1559090258578458 0
779 4.717607143811083 0.0732054292917214 0
780 3.730463129254474 0.9174720660910019 0
781 3.725799005454505 0.08472988617565259 0
782 3.614575871771426 0.4327502800858376 0
783 3.707362153312418 0.4439057136337071 0
784 3.650475322134193 0.5111554335477734 0
785 3.696967892136629 0.579219649492579 0
786 1.250939230077755 0.2919771951573299 0
787 1.298789574122597 0.2641399910416138 0
788 0.8429796146346356 0.5875194427705054 0
789 0.8810008078820532 0.6224415470550158 0
790 0.8389290352432444 0.6287723028113577 0
791 2.858900833423582 0.697822264561841 0
792 2.855355831859026 0.7490315651386078 0
793 2.80100952659787 0.7415639768334423 0
794 0.798446956959082 0.6404302925820264 0
795 0.8364681502064996 0.6753523968665369 0
796 1.442071221312261 0.7191886625562514 0
797 1.488797356649197 0.7592667403415307 0
798 1.443388997677205 0.768185778452765 0
799 1.440428702611189 0.2321059280275698 0
800 1.487897739745262 0.2428308909592414 0
801 1.441032785641621 0.2874113926747335 0
802 1.40032873702294 0.3866256091065643 0
803 1.373936340319113 0.3360273960860647 0
804 1.419956145211375 0.3272846427635616 0
805 0.403633771411621 0.6371567362664192 0
806 0.411465666573214 0.6774610347214088 0
807 0.3707603508991705 0.6825189664812995 0
808 1.391347762871721 0.7847456381029998 0
809 1.438073898208657 0.8248237158882793 0
810 1.436663160059057 0.1730709253867963 0
811 1.389798205955416 0.2176514271022885 0
812 0.9769365533957651 0.9553081069145338 0
813 1.001936553395828 0.8958110465791975 0
814 1.001936553393516 0.1041889534206857 0
815 0.9769365533934201 0.04469189308528285 0
816 1.123000431334908 0.04466541477363819 0
817 1.098000431334812 0.104162475109041 0
818 1.098000431337155 0.8958375248912552 0
819 1.123000431337218 0.9553345852265915 0
820 2.553323605532572 0.5423554059735287 0
821 2.514355663026245 0.4750654172545077 0
822 1.939746543998335 0.5562104862489774 0
823 1.973079017981914 0.6119430283831586 0
824 1.92938546258668 0.609443991913402 0
825 2.848145031518384 0.81203962894572 0
826 2.906036338344095 0.7682979166741188 0
827 0.4528220860047401 0.6857181385820627 0
828 0.4199486654922896 0.7310803687969429 0
829 4.559741574078608 0.4018479279370865 0
830 4.664004687037394 0.4073651299713095 0
831 4.635689001464699 0.4785916389124127 0
832 1.345830546069465 0.2948674767611435 0
833 1.326203137881029 0.3542084431041461 0
834 1.157267566660607 0.2858868305321204 0
835 1.115931504573515 0.2439473773301951 0
836 1.162445054437038 0.2289664133335095 0
837 2.505204623610849 0.4124117842505072 0
838 3.816994189003969 0.07664613919378953 0
839 3.777656007378025 0.1613760253694421 0
840 0.6234010279499518 0.04459166804330628 0
841 0.5984010279500407 0.1040167270231201 0
842 0.5981160801948968 0.9061778269447608 0
843 0.6226573459584641 0.9554968474293552 0
844 0.05486949915720017 0.427794163299604 0
845 0.05486949915720017 0.4777941632997368 0
846 2.960461454691533 0.1960920581799216 0
847 2.937917716358057 0.1329859963908339 0
848 2.999553633046194 0.160384035051851 0
849 2.99505857000643 0.8392894142160896 0
850 2.937917716358151 0.8670140036090821 0
851 2.955966391651731 0.8035813910882387 0
852 3.407831830292987 0.7949546372288828 0
853 3.473549522686775 0.8057785048869126 0
854 3.456629190389942 0.8573115048383779 0
855 4.106289290146767 0.2021075597625874 0
856 4.151678964199826 0.2608051930596776 0
857 4.088592299474072 0.2987732526898531 0
858 3.77667356097325 0.6134173230793969 0
859 2.761283244325529 0.3692041912333775 0
860 2.699018457476949 0.3946463349327914 0
861 4.624516596499851 0.0732054292917214 0
862 4.735882221772498 0.3893104217531974 0
863 4.659934794386407 0.3125667107778711 0
864 0.5010971742621633 0.1039922068349587 0
865 0.4760971742622524 0.04456714785514487 0
866 0.478853517731735 0.9561324646727637 0
867 0.5043122519683077 0.9068134441881693 0
868 1.179850038015988 0.5178765767723648 0
869 1.233755863213878 0.535128431258567 0
870 2.963177191992374 0.7405733272811265 0
871 0.6486856992810266 0.2855254575436189 0
872 0.6129765356440181 0.2469770790812487 0
873 0.6643861876464199 0.2346067567823475 0
874 4.303940441656268 0.2179772693393916 0
875 4.401053055814032 0.1785571124195005 0
876 3.810972557867033 0.7949941251544018 0
877 3.753824334446677 0.8602043017138282 0
878 0.09696525277809719 0.5112629811382701 0
879 0.04209575362089701 0.5334688178390648 0
880 0.5134299508590648 0.2028690880491454 0
881 0.5154414503771376 0.1450815566196251 0
882 0.5479885004797637 0.1766376493891479 0
883 0.6771223420617341 0.516768376225064 0
884 0.7335730697081 0.5350628933123911 0
885 2.456820018943856 0.4244510522805652 0
886 1.051307247800682 0.8222546632568573 0
887 1.087392895957005 0.7959726993412248 0
888 1.086085648157416 0.854723915413695 0
889 1.08555449617411 0.1530105404011949 0
890 1.085805519300558 0.2149463344785778 0
891 1.050251023124722 0.1809299147481886 0
892 1.017726655432142 0.7926060120884382 0
893 1.016419407632553 0.8513572281609083 0
894 1.015313467333781 0.1483346236218575 0
895 1.015564490460229 0.2102704176992404 0
896 2.829782955952739 0.5355451692923063 0
897 2.813212170057895 0.5857726638610081 0
898 2.762225859495628 0.5531135843842923 0
899 4.610150275525275 0.7347338737603094 0
900 4.550930110743101 0.6849319569083652 0
901 4.651137485992106 0.6598061715455872 0
902 2.813994512008348 0.4614710457467187 0
903 2.864980822570616 0.4941301252234346 0
904 0.5893385120036239 0.1574542481398025 0
905 0.5873270124855511 0.2152417795693228 0
906 1.519657168108724 0.8446812957238464 0
907 1.551522305818744 0.8125117523203942 0
908 1.581064340913327 0.8489291918061963 0
909 1.583752745761893 0.7817175157481505 0
910 1.52234557295729 0.7774696196658006 0
911 1.518246429959087 0.2175524323581169 0
912 1.547961529789115 0.1843825438375506 0
913 1.578914303033373 0.2144095498835898 0
914 1.578914303033372 0.1500704630766825 0
915 1.518246429959087 0.1532133455512096 0
916 3.537040974200306 0.8076828878571271 0
917 3.48824361410335 0.745326020247632 0
918 2.178466010001818 0.4679462253211711 0
919 2.178851337464381 0.4203248583654249 0
920 2.235718536732966 0.4446787550722225 0
921 1.167910903995604 0.1726835927764908 0
922 4.531806540830484 0.2754958030853352 0
923 4.498001139911326 0.3640185890588868 0
924 2.842661897338716 0.6292794625128488 0
925 4.102250160328653 0.6877285916501811 0
926 4.170638430167272 0.7290086366699448 0
927 4.113953494894874 0.7881212586522186 0
928 3.828288763165384 0.5347932879514787 0
929 3.861700720463449 0.6258997439352327 0
930 4.207656283610634 0.3283406935007063 0
931 4.225353274283329 0.2316750005734407 0
932 0.2737312896837054 0.6741123058613756 0
933 0.2713851125872682 0.6201107375814715 0
934 0.3043745461021361 0.6392777085215038 0
935 1.106305912284539 0.4361433734750121 0
936 1.103314959263552 0.3877395355970009 0
937 1.048972078166177 0.4466901240365992 0
938 1.099190515697049 0.4843242930521871 0
939 2.707144389374003 0.4653201585739581 0
940 2.835655840016051 0.948332660024961 0
941 2.844267187727815 0.8639856502655765 0
942 2.890214190291689 0.9156529902406155 0
943 2.890214190292301 0.08434700975945225 0
944 2.844267187727999 0.1360143497345379 0
945 2.835655840016905 0.05166733997508564 0
946 4.383931931793059 0.06837201883215686 0
947 2.728060641270751 0.761480726550438 0
948 2.727290749531793 0.2394282770673018 0
949 2.784609267527905 0.267257092083298 0
950 3.864396386125938 0.7635342393385114 0
951 3.865283425721656 0.8540045854297623 0
952 0.6717137495905097 0.1775431729725543 0
953 1.79131734622496 0.2724594297554609 0
954 1.839775926086973 0.2501422446578823 0
955 1.850825740443252 0.2951969813913667 0
956 3.178201944495515 0.07511838841217819 0
957 3.139520274863165 0.1351081162765448 0
958 3.121260610804129 0.05998972786436656 0
959 3.123966679866724 0.9370227684974377 0
960 3.146394171177411 0.8520990397468087 0
961 3.182369771747646 0.915076271249371 0
962 4.820083868557783 0.9152058483737624 0
963 4.915791551876753 0.9152058483737624 0
964 1.344798733335508 0.8139456005546524 0
965 1.350113832804057 0.757307663119138 0
966 1.34652277656068 0.2459589440235323 0
967 1.342757234008548 0.1869239413827588 0
968 1.34979346498061 0.7069019179250665 0
969 1.303244435444397 0.736101880376719 0
970 2.022236282399225 0.5759980511285663 0
971 1.304649198090089 0.4596162812161795 0
972 1.306056688918353 0.4085016761498145 0
973 1.352901441302414 0.4464829674954324 0
974 1.895744755528691 0.2129242649852976 0
975 1.836236361310399 0.1901867133493918 0
976 0.4483684810279277 0.3834035095927057 0
977 0.4107866764625703 0.401099322780849 0
978 0.4059760726400366 0.3535971952727187 0
979 2.492441765799179 0.6487088740755518 0
980 3.370397392037195 0.2868352457085944 0
981 2.120226683600212 0.9508281935007564 0
982 2.121079784699481 0.04727268564040296 0
983 0.3336152606566378 0.03924756798302301 0
984 0.3272468644476484 0.1063357529337545 0
985 0.3269359524430254 0.8927563982617137 0
986 0.3336359566140082 0.9602475721778865 0
987 1.65187133541776 0.5777216824410119 0
988 1.701002294450317 0.5645240716197172 0
989 1.697988861381408 0.6138037622783116 0
990 4.252461201421216 0.7572290385123972 0
991 4.240757866854994 0.6568363715103598 0
992 3.392765937817019 0.5991344883988514 0
993 3.361501038250708 0.5096539840722828 0
994 4.416261769192605 0.7224582162379498 0
995 4.427106888201012 0.8073616031763319 0
996 4.333425757117345 0.7699601602911943 0
997 3.898034214607483 0.07664613919378953 0
998 4.138097876071203 0.9147006518359911 0
999 4.223758634139374 0.9147006518359911 0
1000 2.929306368646388 0.9513610133684665 0
1001 2.929306368646962 0.04863898663138161 0
1002 0.8253333807636071 0.3553722846054377 0
1003 0.8048904229430891 0.4090606458562598 0
1004 0.7755431141018316 0.3666779746135452 0
1005 0.03559702796809547 0.3758232086797497 0
1006 0.09046652712529564 0.4036173719790879 0
1007 3.746231304457094 0.3936897983954933 0
1008 3.78213075481986 0.472094951857429 0
1009 2.965038011681791 0.2527168778873536 0
1010 2.903402094993654 0.2253188392263366 0
1011 1.793463362187134 0.4628789861471084 0
1012 1.779013061154275 0.5214612299805657 0
1013 1.949976769498634 0.4266670239844127 0
1014 1.893864924915261 0.4055069639449874 0
1015 0.7542582110895079 0.810014940610795 0
1016 0.8014283074496738 0.8377789721428202 0
1017 0.7546991892629129 0.858814672246607 0
1018 0.758309880397545 0.1362246319232465 0
1019 0.8019052895848702 0.1631481702179438 0
1020 0.2656350638303983 0.5422309264100603 0
1021 0.2621412056706249 0.5876066868146281 0
1022 0.2257479004953243 0.5445614729830889 0
1023 3.82097890768349 0.3602027786588343 0
1024 4.915791551876753 0.8152058483734992 0
1025 4.847474915257203 0.7417358549567413 0
1026 4.931683363380451 0.7265300065827156 0
1027 0.1822891629971572 0.6844513786280039 0
1028 0.1522745456022552 0.7363405642936134 0
1029 0.1294327942345026 0.6939450367803235 0
1030 0.126345904493105 0.3029682974575811 0
1031 0.1500652167476035 0.2645261874128199 0
1032 0.1773029749396426 0.3115667778651466 0
1033 0.1885823126042499 0.2244741426264453 0
1034 0.1376252421577123 0.2158756622188798 0
1035 0.1377802574269352 0.785005302506768 0
1036 0.1906366261895898 0.7755116443544485 0
1037 1.746193641653609 0.546668587275976 0
1038 1.700076115689962 0.5105865074386763 0
1039 0.3324784123716382 0.6137454041339547 0
1040 0.3348245894680754 0.6677469724138589 0
1041 1.277950894668705 0.3673417568248933 0
1042 3.23246298077564 0.04864879706803869 0
1043 3.231263635307874 0.9497139583676293 0
1044 4.063695540650897 0.939878721691831 0
1045 4.107939429313188 0.854579373527822 0
1046 1.907674836189079 0.6485013925041343 0
1047 1.8743423622055 0.5927688503699531 0
1048 4.488925476172991 0.6916149536229288 0
1049 4.529912686639822 0.6166872514082067 0
1050 4.395244345089325 0.6542135107377913 0
1051 1.516263996729711 0.3469466769191693 0
1052 1.534544122712549 0.3096642013474601 0
1053 1.562306296666567 0.3584745226602243 0
1054 2.897008202599873 0.6367470508180144 0
1055 1.467425182345448 0.3380096056952331 0
1056 1.495187356299466 0.3868199270079973 0
1057 3.226519157094552 0.2667277820834767 0
1058 3.173759118286621 0.2095046087514711 0
1059 3.17022819360957 0.7825747382487809 0
1060 3.21817897695444 0.7274621273656408 0
1061 0.2730552457665561 0.5025491941473315 0
1062 0.3094485509418568 0.5455944079788708 0
1063 2.459387954554318 0.7493225527978937 0
1064 2.424659490772061 0.7793423526294242 0
1065 2.408356373536797 0.7202530433233808 0
1066 0.3589914374494564 0.1926351333628947 0
1067 0.3042755160056285 0.1751408112043876 0
1068 0.3419791290245765 0.1516706920599701 0
1069 0.3393262653359248 0.8451053962166688 0
1070 0.3036698738640088 0.8234011138339386 0
1071 0.3563961475410588 0.803488857882953 0
1072 0.04955407315053293 0.2279638535027554 0
1073 0.04955407315053293 0.2779638535026272 0
1074 0.0497090884198003 0.7229171112229664 0
1075 0.0497090884198003 0.7729171112230496 0
1076 0.8024454659529607 0.4598118905391155 0
1077 0.8522357326147363 0.448506200531008 0
1078 2.375835078969677 0.4941798702534977 0
1079 2.40750800032694 0.4514110533994505 0
1080 4.392792225045278 0.9274317736147882 0
1081 2.331105611382371 0.4890997874625156 0
1082 2.190316793601004 0.5141715074252578 0
1083 2.133449594332419 0.4898176107184603 0
1084 0.5782586323407026 0.7886438319843123 0
1085 0.5536871194972635 0.8254827088692787 0
1086 0.5276547449359074 0.7890686506597407 0
1087 0.5270003502835071 0.8636347432877591 0
1088 0.5776042376883024 0.8632099246123307 0
1089 3.844904550164967 0.2259093995430162 0
1090 0.1897134833349951 0.133501216203455 0
1091 0.2317027727975536 0.1549999936669841 0
1092 0.2313711648365723 0.8445970173676287 0
1093 0.1897134833348515 0.8664987837966218 0
1094 0.268704984347821 0.1729790565004038 0
1095 0.213144549564626 0.1938026802659248 0
1096 0.2113820112275583 0.8085947021446773 0
1097 0.2666108380498608 0.8290153369447029 0
1098 0.3733703758498165 0.4174739221898655 0
1099 0.4157627842377076 0.4472802365098525 0
1100 0.04209575362089701 0.5834688178389209 0
1101 0.3819627858914764 0.1238300750922616 0
1102 0.3796622261200754 0.872844142310728 0
1103 4.665934717816708 0.5470565478201394 0
1104 4.561671604857922 0.5415393457859163 0
1105 3.488249474996648 0.9340676862482038 0
1106 3.498209499190601 0.0585166814988622 0
1107 4.096445348950258 0.4287354429934286 0
1108 4.190105459027794 0.4234869854011681 0
1109 4.152568834450921 0.4947515424076535 0
1110 1.764198903571392 0.3166090266757146 0
1111 2.095774452999448 0.2565173661240548 0
1112 2.102059972118878 0.3062612100123372 0
1113 2.048376693347685 0.2993390199730651 0
1114 1.255899376464657 0.8089385151944721 0
1115 1.302037934099403 0.8367139842924749 0
1116 1.254372507296215 0.8591448739161565 0
1117 1.257707977808264 0.1360657526523897 0
1118 1.300092472294538 0.1645113690936923 0
1119 0.1316613304997722 0.4027986072544251 0
1120 0.1123888593106675 0.3508276526345708 0
1121 2.067585705614454 0.788173039939073 0
1122 2.052814446834694 0.8380160159617951 0
1123 2.020254889196306 0.8096146878198444 0
1124 2.026207104594169 0.1949710073234267 0
1125 2.055437985968288 0.1611152032082563 0
1126 2.071322055602374 0.2157393719696123 0
1127 2.72387350742164 0.5074616428528027 0
1128 2.762067527342834 0.460744605536746 0
1129 1.916680493499086 0.8124553238694307 0
1130 1.977475312118678 0.8184855157209546 0
1131 1.944688811796953 0.8534274719910424 0
1132 4.725154882598882 0.5968584646720836 0
1133 2.103673133066142 0.3550855903866166 0
1134 2.151070892717905 0.3122639365376063 0
1135 3.986112323514484 0.5236378544036143 0
1136 3.934658656897698 0.4615286175651046 0
1137 4.007455057756599 0.4378907631614042 0
1138 1.973163232828139 0.8940339403965907 0
1139 1.912368414208548 0.8880037485450667 0
1140 1.917154906657387 0.1119946327936568 0
1141 1.97621382876137 0.1056836852362886 0
1142 1.951264112856101 0.1466577861194389 0
1143 1.786492634771123 0.7312950879975699 0
1144 1.762025235729386 0.6862430695046635 0
1145 4.202582020064754 0.5590595272416501 0
1146 4.108921909987218 0.5643079848339105 0
1147 4.727714052650001 0.9244433131605544 0
1148 3.029794417942248 0.1086287144957482 0
1149 3.052338156275724 0.1717347762848359 0
1150 3.050549162298249 0.8249511693450609 0
1151 3.032500487004669 0.8883837818659043 0
1152 4.263779769111297 0.3943567929149312 0
1153 0.570012315706358 0.3442260638808988 0
1154 0.62279874246699 0.3373235242384696 0
1155 1.988163757321253 0.1773533032232981 0
1156 1.929104835217269 0.1836642507806663 0
1157 2.509601933737285 0.7720206800145779 0
1158 2.49329881650202 0.7129313707085345 0
1159 4.739213287845723 0.8396491615343169 0
1160 4.931683363380451 0.6265300065824523 0
1161 3.074383184730408 0.7554268678470332 0
1162 3.017936610609987 0.6986672316257256 0
1163 3.079212550040386 0.6782372977775126 0
1164 1.343271864167067 0.8641519592763367 0
1165 1.343367901689275 0.1362038521724484 0
1166 0.8500716417139885 0.8566871659526454 0
1167 0.8496306635405835 0.8078874343168335 0
1168 0.8501076456757846 0.1930397080439944 0
1169 0.8500716417143965 0.1433128340474124 0
1170 3.160126737901391 0.6617593372571053 0
1171 3.103680163780969 0.6049997010357979 0
1172 0.1951082511451736 0.5249633322250037 0
1173 0.1353568709748249 0.5031646392352143 0
1174 0.169490378484749 0.4773870195887316 0
1175 1.992246570898438 0.7686425396982326 0
1176 1.956092465195535 0.7213449508234631 0
1177 1.080628031524128 0.2718667516771887 0
1178 1.242660048382938 0.3852656245807243 0
1179 1.262806497345615 0.330972391535056 0
1180 4.799642694538408 0.3171109587417804 0
1181 4.803712587189394 0.4119093779352188 0
1182 1.189029047416643 0.3629330630127322 0
1183 4.78686218876759 0.6813340507817447 0
1184 4.801659420592193 0.5685844270562968 0
1185 2.680564787574322 0.7809513039250744 0
1186 2.749968671336885 0.8122438547848454 0
1187 2.747231636670237 0.1914972453990769 0
1188 2.682531930502081 0.2162165995086363 0
1189 2.842603365669887 0.3008744600713111 0
1190 2.878585515305068 0.3509998303058077 0
1191 2.813210228991044 0.3699306314433503 0
1192 1.822013211031127 0.3752705578441135 0
1193 1.791356795548137 0.4164871974142361 0
1194 1.771710745098249 0.3587308060590679 0
1195 2.605374531866056 0.559610850274634 0
1196 0.2314979492521942 0.6224412841545001 0
1197 2.004047826955338 0.231977471984654 0
1198 4.917383212286341 0.08270359656612443 0
1199 1.30791497534267 0.5029394120124009 0
1200 2.522821252917173 0.9573607659492917 0
1201 2.585964781192451 0.9573607659492917 0
1202 2.585964781193288 0.04263923405072259 0
1203 2.522821252917948 0.04263923405072259 0
1204 0.7400591047216862 0.3840028573593469 0
1205 0.7605020625422043 0.3303144961085248 0
1206 0.686669745408707 0.3621953237443728 0
1207 0.3772304069139323 0.5116688632347407 0
1208 0.3464915315404628 0.5327977831333772 0
1209 0.3476076082514842 0.4847837558175054 0
1210 3.151658363637883 0.3204295468337342 0
1211 3.200992384796288 0.3335420316849938 0
1212 3.201594120415481 0.3851991378401423 0
1213 2.929315422765273 0.3297098358233003 0
1214 2.979533600003683 0.3172815075605944 0
1215 3.000870370785044 0.3650476844501261 0
1216 4.469685454338631 0.43524509799999 0
1217 4.284404791318698 0.5872799290841027 0
1218 2.399970831860534 0.04058867680138527 0
1219 2.364748839635157 0.09235752002387357 0
1220 2.33393494065801 0.05176884322248831 0
1221 2.333876751453958 0.9489819037853118 0
1222 2.364259960998029 0.9077319313716981 0
1223 2.399540142426694 0.9587500275863863 0
1224 1.083420745775376 0.3496884994941151 0
1225 1.130648230285261 0.3389188306316918 0
1226 1.038750115551845 0.3577594095728013 0
1227 1.066083386573554 0.3089387046074922 0
1228 0.807775041725243 0.5038401423766595 0
1229 2.658272924084111 0.5665559464180878 0
1230 2.449084276510541 0.2283318757500573 0
1231 2.517009771352866 0.2121703723752174 0
1232 0.4931532306697426 0.3632288650019265 0
1233 0.4979638344922763 0.4107309925100569 0
1234 1.042712163362628 0.6519648801502533 0
1235 0.9904452149366284 0.6567620370731302 0
1236 1.012285850293273 0.6236438405858242 0
1237 3.036592959701562 0.2880547265141795 0
1238 1.980643541689795 0.9643051084753076 0
1239 1.981274435351477 0.03551026595525323 0
1240 1.03899177458298 0.592461152582507 0
1241 0.9867248261569795 0.5972583095053839 0
1242 2.194393958930348 0.379072852514181 0
1243 2.137141432199201 0.4023403227631296 0
1244 0.5716265241201579 0.2661604803305941 0
1245 3.27645491387215 0.3314973730898847 0
1246 2.274197531655817 0.05176884322248831 0
1247 2.274139342451821 0.9489819037853118 0
1248 2.899922286086429 0.3987660071953394 0
1249 4.67860056135611 0.7792473573593202 0
1250 3.103996205083298 0.4864787420575261 0
1251 3.168685827724281 0.5307396123151997 0
1252 3.119904729000992 0.5442608702577171 0
1253 4.217275729210238 0.082069750066206 0
1254 4.131614971141962 0.082069750066206 0
1255 2.91947579291432 0.5225666923887082 0
1256 2.990474147616799 0.5492033987822997 0
1257 2.951767621217486 0.5948409551626137 0
1258 2.284143394838898 0.6296250571008719 0
1259 2.277184388617058 0.5737945024747252 0
1260 1.743160896254257 0.4463392343620628 0
1261 0.7636045780853704 0.9609901584249279 0
1262 0.764539220895974 0.9042795103142439 0
1263 0.8009346428124753 0.943289351889316 0
1264 0.8009346428103991 0.05671064811068093 0
1265 0.7645392208955879 0.09572048968585362 0
1266 0.7636045780825048 0.03900984157517268 0
1267 4.917383212286341 0.1827035965659034 0
1268 4.679220991689522 0.2204614305716009 0
1269 4.783289376847097 0.229959597846004 0
1270 4.088050905871508 0.143502881054097 0
1271 4.050289922140948 0.06143313098789102 0
1272 1.783062174667098 0.8318995661538113 0
1273 1.74633872912237 0.866817489937818 0
1274 1.747031328920326 0.1332130112135363 0
1275 1.78721483246461 0.1694803894299666 0
1276 0.8369765411322403 0.0383129598032373 0
1277 0.8379111839453235 0.09502360791391823 0
1278 0.8379111839455234 0.9049763920860282 0
1279 0.8369765411349197 0.9616870401967121 0
1280 4.039551159474568 0.8132993285080583 0
1281 2.374454395558852 0.7929240839602583 0
1282 2.425485976576373 0.8219935934347712 0
1283 1.481650066435664 0.04186943166437024 0
1284 1.431650066435472 0.04186943166437024 0
1285 1.431650066436278 0.9581305683356549 0
1286 1.481650066435735 0.9581305683356549 0
1287 1.773378837043342 0.6439510558046431 0
1288 1.799875778110932 0.6162162012088511 0
1289 1.826134794740309 0.6595611055564772 0
1290 1.617138190162298 0.9578268509731004 0
1291 1.66772057007223 0.9578268509731004 0
1292 1.667720570072337 0.04217314902690077 0
1293 1.617138190162363 0.04217314902690077 0
1294 3.201558402529884 0.4864787420575069 0
1295 1.263434127662733 0.9613861495867973 0
1296 1.263689660127709 0.9048463210938769 0
1297 1.300255532465986 0.9434601715070796 0
1298 1.300351569987249 0.05689563994169096 0
1299 1.263785697649373 0.09550949035507771 0
1300 1.263434127661358 0.03861385041338675 0
1301 0.1550850221014622 0.4358047609401075 0
1302 0.2148364022718108 0.4576034539298969 0
1303 0.177007354286834 0.3830150415955903 0
1304 3.116817784595234 0.1943759482036594 0
1305 3.08657699969918 0.2461312687597622 0
1306 3.111825101728648 0.8045212354968478 0
1307 1.335239918586251 0.907916677029478 0
1308 1.334984386121276 0.9644565055223984 0
1309 1.335003593624489 0.03561465676736373 0
1310 1.335355163612505 0.0925102967090547 0
1311 3.250633821413532 0.4491558113457034 0
1312 3.32156291276034 0.4216253687186445 0
1313 3.321268592599988 0.4724695573729461 0
1314 1.173000431337359 0.9553345852265915 0
1315 1.1730004313351 0.04466541477363819 0
1316 0.9269365533959877 0.9553081069145338 0
1317 0.9269365533932285 0.04469189308528285 0
1318 4.044991682333471 0.3666262061549188 0
1319 3.999602008280412 0.3079285728578287 0
1320 3.86715791431006 0.484577372713265 0
1321 3.888500648552174 0.3988302814710549 0
1322 1.77993923991463 0.5753987941616066 0
1323 1.832695197611597 0.5910088439134408 0
1324 3.362725496168946 0.7316744790049395 0
1325 0.6734010279497735 0.04459166804330628 0
1326 0.6726573459586043 0.9554968474293552 0
1327 0.530285053407803 0.345655079795248 0
1328 0.5575487849800699 0.2993247957568692 0
1329 0.2483895520720605 0.2873069124478741 0
1330 0.2255845241545172 0.242453205459865 0
1331 0.2729517890324367 0.2566354500873537 0
1332 0.2766712038197101 0.7431461492615796 0
1333 0.2258762994028783 0.7599299639315226 0
1334 0.2559258187817415 0.7100630914713508 0
1335 3.347089685058605 0.3548111191171274 0
1336 0.1225831254385218 0.5588392937745421 0
1337 1.838335463321015 0.8679510983021351 0
1338 1.828620704523444 0.8113457479911945 0
1339 1.843183661906329 0.1322624097573819 0
1340 3.006698712836822 0.4884645680042189 0
1341 3.004635433668544 0.4147742460979073 0
1342 3.053151827191732 0.4263096780937318 0
1343 0.3390713496043049 0.5724795153961061 0
1344 3.101932925915022 0.4127884201512145 0
1345 2.342499764489923 0.1362453412132598 0
1346 2.408535655692447 0.1250651747921567 0
1347 2.402602116666965 0.8765376899691889 0
1348 2.336938725694228 0.8667695661681144 0
1349 3.038990541139987 0.5607388307781243 0
1350 0.285717292772701 0.2139434978033284 0
1351 0.3085223206902442 0.2587972047913375 0
1352 0.313730239633858 0.7375319261508153 0
1353 0.2836807202549948 0.7873987986109871 0
1354 0.428853517731595 0.9561324646727637 0
1355 0.4260971742624305 0.04456714785514487 0
1356 4.024964241145754 0.1814709406842724 0
1357 0.8861135400364331 0.8750848542600416 0
1358 0.8861135400362379 0.1249151457399688 0
1359 1.521027796592346 0.728472503769287 0
1360 1.518850512989519 0.2728578970052806 0
1361 3.050711164909683 0.05998972786436656 0
1362 3.053417233971445 0.9370227684974377 0
1363 2.103562147742197 0.8591153775412683 0
1364 2.10461908570302 0.1382144695676239 0
1365 4.327086982349902 0.4434594219685917 0
1366 0.7209798156696508 0.1185238253877383 0
1367 0.717369124535808 0.8765154787822189 0
1368 0.4957252963611371 0.4618118559815423 0
1369 0.05245481772601583 0.102454817726126 0
1370 0.09052221035785221 0.1417448369476058 0
1371 0.03806739263183639 0.1392900192217342 0
1372 0.03806739263181332 0.8607099807785361 0
1373 0.09052221035782546 0.8582551630524226 0
1374 0.05245481772601215 0.897545182274067 0
1375 0.3836152606564597 0.03924756798302301 0
1376 0.3836359566141483 0.9602475721778865 0
1377 2.954417256430133 0.4272025743606132 0
1378 1.378000717822356 0.8851482932916555 0
1379 1.378019925326515 0.1149228689981212 0
1380 0.08401479799088021 0.6983998821468153 0
1381 0.1140294153857822 0.6465106964812057 0
1382 0.08515110111862839 0.3037870621822441 0
1383 0.03559702796809547 0.3258232086796168 0
1384 0.03430570957107992 0.6754827709238488 0
1385 4.263306320429622 0.8421324254507794 0
1386 2.398669219636027 0.2241547642741935 0
1387 2.347085852027113 0.2514055427004426 0
1388 2.334703212938299 0.1962037744077921 0
1389 2.492218294018139 0.08322791085210786 0
1390 2.46138768973749 0.04058867680138527 0
1391 2.46095700030359 0.9587500275863863 0
1392 2.49178760458435 0.9161107935356779 0
1393 0.08762146578236932 0.2172538727242342 0
1394 0.1261385616390157 0.1772018279378596 0
1395 0.1261385616389482 0.8227981720622475 0
1396 0.08777648105161362 0.7836270920014123 0
1397 4.316215505954776 0.512411163131939 0
1398 4.354391352745017 0.6101880074006487 0
1399 4.933736529977652 0.2698549574616798 0
1400 4.851119742263992 0.2525585540280253 0
1401 3.152518701531832 0.4225220685519457 0
1402 3.101674323640266 0.3623530045881515 0
1403 1.217551102492962 0.8770708519958741 0
1404 1.220790535482373 0.1177839631240855 0
1405 0.1405259867331952 0.1403666264422513 0
1406 0.140525986733147 0.8596333735577784 0
1407 3.415505390925385 0.3769632413373543 0
1408 0.7177259806181704 0.7860704599256665 0
1409 0.7644550988049312 0.7650347598218796 0
1410 2.300286514427289 0.7156758705903545 0
1411 2.277052465193116 0.6698717090378835 0
1412 4.24796312224546 0.1504417688983629 0
1413 2.292552536191445 0.2670884709848704 0
1414 2.903687348969929 0.4484925688431206 0
1415 2.263327685728175 0.3109374148839927 0
1416 4.933736529977652 0.3698549574613883 0
1417 3.788498392270547 0.9427322356228264 0
1418 3.937788523898992 0.1380792701816805 0
1419 3.967245925022508 0.1874300192956867 0
1420 3.898308592051005 0.2026430275015852 0
1421 1.506249668037389 0.8986799359404791 0
1422 1.476707632942806 0.8622624964546772 0
1423 1.475296894793079 0.1356321448204091 0
1424 1.506249668037336 0.101320064059541 0
1425 0.03806739263183639 0.1892900192217352 0
1426 0.03806739263181332 0.810709980778529 0
1427 1.633014787624271 0.7762564210681352 0
1428 1.632810343273403 0.2206721485871212 0
1429 1.603095243443375 0.2538420371076875 0
1430 2.64749742902665 0.04085224312695462 0
1431 2.615184505031959 0.08349147717767722 0
1432 2.615184505031227 0.9165085228223104 0
1433 2.647497429025745 0.9591477568730188 0
1434 0.3316116396828848 0.4385510968615964 0
1435 0.3266355319077475 0.392370183132593 0
1436 0.3320755425123295 0.3363910827681124 0
1437 0.2903168063453979 0.3574682574398434 0
1438 1.837356246630248 0.3339330695785611 0
1439 1.857002297080135 0.3916894609337293 0
1440 1.424666398137321 0.878822356104912 0
1441 1.424666398137306 0.1211776438951277 0
1442 4.304723189835503 0.9274317736147882 0
1443 1.932644399993843 0.2436197820891568 0
1444 1.765093602208927 0.03507723204808742 0
1445 1.713089166646918 0.03507723204808742 0
1446 1.7129506466872 0.9649288681821837 0
1447 1.764955082249164 0.9649288681821837 0
1448 0.4808172078580534 0.6023547015408852 0
1449 0.5179489740123713 0.6239313909003827 0
1450 0.4814708532399823 0.653675493866026 0
1451 2.293243200328816 0.4612588508028293 0
1452 2.273195620323957 0.5201410586876551 0
1453 0.713604578085415 0.9609901584249279 0
1454 0.7136045780824979 0.03900984157517268 0
1455 1.624403726270665 0.8662066751744724 0
1456 1.592538588560645 0.8983762185779246 0
1457 1.592538588560689 0.1016237814220716 0
1458 1.622253688390718 0.1327929797084125 0
1459 2.194305561894105 0.5678249512123279 0
1460 2.195959494748682 0.6140394460477512 0
1461 2.640812944247144 0.1261653179705431 0
1462 2.579280296413782 0.1279523088943111 0
1463 2.580569000403443 0.8663319590521208 0
1464 2.642101648236736 0.8681189499758479 0
1465 1.26519638105508 0.7136188788998628 0
1466 1.230630830265035 0.6887841110571108 0
1467 1.268358516830904 0.6608613673398955 0
1468 3.985484309297767 0.2460346980041771 0
1469 0.3853223925368692 0.7740082026009862 0
1470 0.4266788119683952 0.7822653064616401 0
1471 1.213434127662978 0.9613861495867973 0
1472 1.213434127661166 0.03861385041338675 0
1473 1.798867085205598 0.05577804291897835 0
1474 1.760388650063868 0.09085527496706576 0
1475 1.759557530306295 0.9091813264145596 0
1476 1.798174485407538 0.9442524582323759 0
1477 3.460974393134233 0.4114119253726175 0
1478 3.543720071457435 0.4389423679996258 0
1479 1.423728787556406 0.6768220684345891 0
1480 1.381696348226685 0.6820671500823281 0
1481 1.408762273442821 0.6307815178494316 0
1482 2.768912001205497 0.05166733997508564 0
1483 2.768912001204713 0.948332660024961 0
1484 0.8869765411324322 0.0383129598032373 0
1485 0.8869765411346899 0.9616870401967121 0
1486 1.656415001701709 0.8309448559068142 0
1487 1.654264963821756 0.1680547989760697 0
1488 1.334826950867025 0.6608613673399091 0
1489 2.968006557302351 0.6633837572116059 0
1490 0.5473617501067922 0.6468219357409029 0
1491 0.5467081047248632 0.5955011434157622 0
1492 1.384984386121313 0.9644565055223984 0
1493 1.385003593624681 0.03561465676736373 0
1494 1.909207960514382 0.364169475679435 0
1495 2.239321977563504 0.5459535658150387 0
1496 0.9667348435214627 0.778645147026116 0
1497 1.001622683689591 0.7495425821220649 0
1498 1.000493784377047 0.2533966770748559 0
1499 0.965556228586106 0.2208013859485248 0
1500 4.770970377263891 0.7700098925725283 0
1501 0.9405564065344558 0.824252102559574 0
1502 0.9683559610272885 0.8661623954107784 0
1503 0.9260735522977308 0.8687059209778633 0
1504 0.9260735522970343 0.1312940790220143 0
1505 0.9672500207290224 0.1335294563717375 0
1506 0.9394504662372992 0.1754397492231861 0
1507 1.667889249349027 0.8803918826785426 0
1508 1.667889249349073 0.1196081173214587 0
1509 0.3743486591018986 0.320579881984609 0
1510 0.4119304636672561 0.3028840687964657 0
1511 1.201830213681776 0.6606782298304642 0
1512 1.198668077905952 0.7134357413904315 0
1513 0.2570592771979567 0.4563165351914225 0
1514 0.3008727643094152 0.459680016760233 0
1515 0.482194158508142 0.782622500101152 0
1516 0.506765671351581 0.7457836232161856 0
1517 0.4475678855527215 0.8255503339051952 0
1518 0.4803951337772688 0.8690862284451173 0
1519 0.4248797872375221 0.8687290348056054 0
1520 0.6764218924089973 0.8710221677866461 0
1521 0.6248028494086532 0.8680257925262802 0
1522 0.6559100499024029 0.828054265454216 0
1523 0.6377395399558281 0.1426208572032949 0
1524 0.6807762655369265 0.1241056518558719 0
1525 4.295862896583175 0.06837201883215686 0
1526 1.177117406167343 0.8710192876356684 0
1527 1.134086079493478 0.8695555609756228 0
1528 1.165202622987604 0.8299056781581082 0
1529 1.133554927510647 0.1381788948394303 0
1530 1.180356839156306 0.1238355274843369 0
1531 1.618788853166405 0.290648341449867 0
1532 1.564892812926375 0.2843857427463356 0
1533 0.4152606682552549 0.4962975274065479 0
1534 0.4141445915442336 0.5443115547224198 0
1535 2.349301976787866 0.7049579738772731 0
1536 0.7619544701279655 0.7140503328869784 0
1537 0.7297548311514447 0.6885898389065069 0
1538 0.7637864329458164 0.6615498926567344 0
1539 0.7000044728658096 0.6608138999938762 0
1540 0.6981725100479586 0.7133143402241202 0
1541 0.924452434791905 0.7811886725932009 0
1542 0.9243797601541178 0.2185660085988017 0
1543 1.506249668037389 0.9334946883188096 0
1544 1.524599601601654 0.9753641199831546 0
1545 1.549199203203307 0.9159134875879789 0
1546 1.506249668037336 0.06650531168120516 0
1547 1.549199203203344 0.08408651241200571 0
1548 1.524599601601672 0.02463588001683492 0
1549 3.869538417873967 0.9427322356228264 0
1550 3.922962246132872 0.9112723498069359 0
1551 0.24265392081467 0.4147342765427984 0
1552 0.07640146319197694 0.6089515887626478 0
1553 0.1218194594355993 0.6044967433961559 0
1554 0.03430570957107992 0.6254827709239708 0
1555 1.469137146528397 0.6679030303233549 0
1556 1.61502967485427 0.347370270224802 0
1557 1.65323210537127 0.3168265645861539 0
1558 3.377713156413746 0.6719137220657431 0
1559 0.4124894743446227 0.9163800368506502 0
1560 0.4097124349205192 0.08381471583816788 0
1561 0.4952231803786844 0.5108291468782378 0
1562 0.4526769688680088 0.4799229279975315 0
1563 3.439739822834619 0.683660880338221 0
1564 1.21785132207534 0.7864555137176159 0
1565 1.265516748878528 0.7640246240939344 0
1566 0.8316093321827299 0.7161884715237161 0
1567 0.8341099608596957 0.7671728984586173 0
1568 0.7984867005993029 0.7379948135721071 0
1569 0.8369238937149821 0.2293660342353349 0
1570 0.8339462829030278 0.2794233188094336 0
1571 3.877719135254435 0.6962421621325317 0
1572 3.932030003109059 0.7552526224078922 0
1573 0.4806896999434545 0.3183275968778968 0
1574 1.57379880480496 0.9753641199831546 0
1575 1.592538588560645 0.933190970956255 0
1576 1.592538588560689 0.0668090290437357 0
1577 1.573798804805018 0.02463588001683492 0
1578 0.2560054587162685 0.3821328054912873 0
1579 0.2614454693208504 0.3261537051268068 0
1580 0.5027625523947319 0.2397077742548592 0
1581 0.4702155022921059 0.2081516814853364 0
1582 3.976122173936721 0.8511510714987669 0
1583 3.980377166089032 0.939878721691831 0
1584 1.177161780148783 0.3239378666350061 0
1585 0.8402552112424941 0.3152793691119797 0
1586 0.8696025200837516 0.3576620403546943 0
1587 1.215648383791989 0.3099010629131608 0
1588 1.416634452556505 0.9225870738580533 0
1589 1.416653660060536 0.07748408843173396 0
1590 0.9139130945292657 0.9169951471112461 0
1591 0.913913094527961 0.08300485288852016 0
1592 0.6742083944693917 0.3249532019395685 0
1593 2.997926641679626 0.9513610133684665 0
1594 2.997926641680153 0.04863898663138161 0
1595 2.604746945886563 0.2555905784970126 0
1596 2.604568740659342 0.3081833362283322 0
1597 0.489953852159058 0.7072948279415601 0
1598 0.5354144385868234 0.713740978500149 0
1599 0.3884990502987613 0.2195158848634166 0
1600 0.3507954372798133 0.2429860040078341 0
1601 1.885814826492261 0.3116158844809825 0
1602 1.903401329914041 0.9297800187696619 0
1603 1.874926908882855 0.8891735503641136 0
1604 1.879775107468194 0.1110399576954024 0
1605 1.904724823373464 0.07006585681225205 0
1606 0.338029933539549 0.2856779562918594 0
1607 2.452807211880174 0.8629559586383548 0
1608 2.514671464493758 0.8615666970012602 0
1609 2.52038427574742 0.131292843517358 0
1610 2.458950712566962 0.1292422862680207 0
1611 0.7125567022227437 0.310397257049522 0
1612 0.4281215771480886 0.2070776909547637 0
1613 0.4199255769784455 0.2574285615997031 0
1614 3.982136239518408 0.7846929566231634 0
1615 3.995458988646905 0.7174008794171836 0
1616 3.60060690263566 0.3716926480855596 0
1617 3.540313619211707 0.3123630570664622 0
1618 0.9553248868230921 0.682011357284222 0
1619 0.9137905501347868 0.6996380620778054 0
1620 0.9184845651789673 0.6460677023022846 0
1621 0.916046997715543 0.3442473961775493 0
1622 0.9175049365327817 0.2907483850926883 0
1623 0.9490275836856859 0.3174266564090013 0
1624 2.013477127567706 0.532367751834534 0
1625 0.9225351445703585 0.6048148422614323 0
1626 0.160211077632327 0.5963984014931002 0
1627 2.245402039759553 0.8682364551947154 0
1628 2.247392241172434 0.9127948335244061 0
1629 2.194197710906694 0.883067481148498 0
1630 2.194379968967422 0.1167028440813122 0
1631 2.24763268843677 0.0877262387131889 0
1632 2.245460228963285 0.1325142918131 0
1633 1.686635260067451 0.656095775978332 0
1634 2.088130511600174 0.3963375962378605 0
1635 2.07181917689425 0.4365526834661471 0
1636 2.038350877761191 0.3892979510896339 0
1637 1.010375659106811 0.4718384997334946 0
1638 1.017491055694301 0.4236575801563196 0
1639 1.001828559811057 0.3847174359766432 0
1640 0.9632321407516912 0.4098658116735386 0
1641 1.68775178681034 0.3446261901117864 0
1642 2.436701637421728 0.1731301074574068 0
1643 0.3496660010649532 0.752303920218256 0
1644 2.29362852779138 0.413637483847083 0
1645 2.269044545624516 0.353889888626088 0
1646 1.186434558998837 0.9167207348133888 0
1647 1.186434558997416 0.08327926518702494 0
1648 1.922677454327386 0.3254333874922406 0
1649 0.6870056060349694 0.08360150961847895 0
1650 0.6862619240420584 0.9164870058542831 0
1651 1.035957401300597 0.279937661755875 0
1652 0.9859491394264739 0.2904686300051594 0
1653 0.9844912006092352 0.3439676410900203 0
1654 2.287096777529339 0.8348362220758488 0
1655 2.325438933198275 0.8036419806733397 0
1656 2.290916396881009 0.1634961196395089 0
1657 1.713119325963997 0.8874938998876258 0
1658 1.713257845923655 0.1125122003426454 0
1659 3.966971547578986 0.06143313098789102 0
1660 1.07701456560149 0.5246300177816735 0
1661 1.06280160003549 0.5602323067258197 0
1662 1.027643716012687 0.5304733325579205 0
1663 2.222935013598963 0.9638129297390943 0
1664 2.223117271659953 0.03595739549070059 0
1665 0.4244446994974472 0.1291496549643835 0
1666 0.985751199892448 0.710332396848651 0
1667 1.036743011803127 0.7242932619109732 0
1668 0.5740421425218936 0.5231056260618586 0
1669 0.5635540529012084 0.5630518879183554 0
1670 0.5277834182511274 0.5326643367187453 0
1671 1.302544251715054 0.6350678608644711 0
1672 1.334447134961129 0.6102330930217326 0
1673 0.5749017617051551 0.7191297230968146 0
1674 0.6242522323113664 0.7207298044660204 0
1675 0.6015767283855577 0.7538298551439802 0
1676 1.829368379026508 0.9097273685267303 0
1677 1.834765930969378 0.9654749102943544 0
1678 1.835458530767463 0.03455559085699883 0
1679 1.830753578622405 0.09033363377597717 0
1680 1.888232415090792 0.9654749102943544 0
1681 1.888925014888925 0.03455559085699883 0
1682 1.926304814078118 0.03551026595525323 0
1683 1.925673920416485 0.9643051084753076 0
1684 1.681108050532953 0.9227557191552841 0
1685 1.681246570492616 0.07725038107498819 0
1686 2.116313894244509 0.6540062670282482 0
1687 1.369123434118504 0.5335824901131097 0
1688 1.344458676786008 0.5770034971053584 0
1689 1.326829193141655 0.5410185795540461 0
1690 0.9011251672366558 0.3843403116710072 0
1691 1.283250218010175 0.5463604190046496 0
1692 1.940278497697393 0.2855630990106432 0
1693 1.963671631719514 0.3381166902090957 0
1694 1.862340977825269 0.6813931460791503 0
1695 1.835844036757679 0.7091280006749421 0
1696 1.252670081012863 0.5732075988002121 0
1697 1.267978700925009 0.610233093021719 0
1698 1.218484346128713 0.5990011052756366 0
1699 1.522131539643627 0.6830142136577839 0
1700 0.9945164627919801 0.5094435170636587 0
1701 0.963035440320104 0.4864109731833791 0
1702 0.8984835098149404 0.5116367178637035 0
1703 0.9161138156393587 0.5526023387638535 0
1704 0.8674210814490262 0.5402230661140137 0
1705 0.9535975729362727 0.5762284940111222 0
1706 1.503789105887772 0.6406476195361217 0
1707 1.088362624171783 0.5866178378062601 0
1708 0.8720914104668923 0.7045304817530471 0
1709 0.8782154222231724 0.2817130745586902 0
1710 0.8253493088102173 0.5465538218703555 0
1711 0.7833335749108523 0.5511365190331512 0
1712 0.6276091029469137 0.7902439133535181 0
1713 0.7511473367930743 0.5777765728060871 0
1714 0.7662473179825612 0.614969798601555 0
1715 0.7164868127798088 0.5988961728807949 0
1716 1.383561243535879 0.4218808464864701 0
1717 1.382153752707616 0.4729954515528351 0
1718 0.5929668289956294 0.5859424327588756 0
1719 1.500876515861041 0.5123251688431589 0
1720 1.466174019102614 0.4869420517573692 0
1721 1.515941117310961 0.4747095943397018 0
1722 0.9803034972259798 0.5450458060078049 0
1723 1.534936520196532 0.5381401268429091 0
1724 1.485169421988184 0.5503725842605766 0
1725 0.07979988913843754 0.07979988913857776 0
1726 0.07734507141220179 0.02734507141257898 0
1727 0.02734507141242171 0.07734507141270616 0
1728 0.07979988913854487 0.9202001108615485 0
1729 0.02734507141253272 0.9226549285876622 0
1730 0.07734507141267277 0.9726549285875719 0
1731 1.512632395618131 0.4225417377429228 0
1732 1.547334892376559 0.4479248548287125 0
1733 0.8827532951240105 0.7860810922684426 0
1734 0.9089317321110172 0.7404741367349845 0
1735 0.9111960081933153 0.2548923347901422 0
1736 0.8850902458445085 0.2095306980648035 0
1737 1.134348399719852 0.5140832672200864 0
1738 1.450952065212618 0.5750470312312596 0
1739 1.485012069548109 0.6008619892310098 0
1740 1.431961486296888 0.4864754784023496 0
1741 1.401301684063422 0.5110775994113119 0
1742 1.917384078206449 0.6980682876225992 0
1743 1.463793581233868 0.4136046665189866 0
1744 1.538006462663338 0.6159731725654387 0
1745 0.6313353148525605 0.5126634913131349 0
1746 1.58029302903633 0.4228357684642851 0
1747 1.58360175072916 0.4750036250610641 0
1748 2.653690776634747 0.1694558587637942 0
1749 2.689594985252923 0.1249950270471603 0
1750 2.689594985252488 0.8750049729527596 0
1751 2.654979480624704 0.8248284091825699 0
1752 1.109296738561225 0.6178201389207942 0
1753 1.125967457640705 0.6520455888190064 0
1754 1.081223517798753 0.6530721335611596 0
1755 1.4187738152677 0.5975519219330574 0
1756 1.418931167707775 0.5470625169626242 0
1757 1.733542488088402 0.3578256662458372 0
1758 1.075254366239252 0.7254005153218794 0
1759 1.122134629627918 0.7217724475414225 0
1760 1.099494758988937 0.7598753794039301 0
1761 0.8796436882436471 0.4746510798310782 0
1762 0.9283364224339796 0.487030352480918 0
1763 1.6357223279378 0.4891782652395271 0
1764 1.602764191278029 0.5142673516039545 0
1765 1.596749548871432 0.3846527457965112 0
1766 4.607343456954418 0.238516138789713 0
1767 1.735766219100008 0.6428981651570374 0
1768 2.165013381705161 0.03595739549070059 0
1769 2.164831123644224 0.9638129297390943 0
1770 3.92933433744657 0.6176181270046135 0
1771 1.633016407224033 0.4117315160288628 0
1772 3.484282100112822 0.3434360519640846 0
1773 1.622240323357408 0.55242314884087 0
1774 1.570119746148768 0.538248508662407 0
1775 3.874361951288482 0.2752601486570223 0
1776 1.13427315934567 0.7923446315607678 0
1777 0.9285331228655669 0.4104851909710775 0
1778 0.8820886452337755 0.4238998351482225 0
1779 0.4515529905165835 0.2904458748878128 0
1780 1.429581048428142 0.413138093163967 0
1781 0.6138124631461863 0.6183246496498684 0
1782 0.6245406555520261 0.6521436417311548 0
1783 0.586849073225124 0.6522106803375686 0
1784 1.573189688615574 0.6160815543849365 0
1785 1.619226890288499 0.6017028394994644 0
1786 1.15767408792043 0.5581823015018512 0
1787 0.1916143929854002 0.5703390926295715 0
1788 0.1908507269824777 0.6159965422511853 0
1789 0.200094633899121 0.6485005930180288 0
1790 0.2229363852668737 0.6908961205313187 0
1791 4.048999282798724 0.5593086624463417 0
1792 3.976202881939824 0.5829465168500421 0
1793 2.152618831435227 0.08323008113110356 0
1794 2.151583472275563 0.9146411232398508 0
1795 2.149593270862682 0.87008274491016 0
1796 2.150446371961742 0.1280181342310146 0
1797 0.4886848132546439 0.2728720896811342 0
1798 0.5318992618216029 0.2675894962449433 0
1799 0.214078204442931 0.311971460499318 0
1800 4.427055059725404 0.5793447447856277 0
1801 1.822698817856083 0.753127128520243 0
1802 1.87797210651 0.7891786606685668 0
1803 0.4482569699856103 0.5805195117003777 0
1804 0.4847350907579992 0.5507754087347345 0
1805 1.695263628337197 0.3867479694951397 0
1806 0.1903588921884325 0.3504135705440793 0
1807 2.84998455384193 0.2483262909457555 0
1808 2.845407996851672 0.1917014712383235 0
1809 1.910758606831724 0.754236704398479 0
1810 0.4665386246414645 0.1302236454949562 0
1811 0.4387889756124216 0.1702390047490499 0
1812 2.712416158910885 0.9591477568730188 0
1813 2.712416158911856 0.04085224312695462 0
1814 4.499666970287812 0.54822234250048 0
1815 4.458813977943504 0.5041968391633374 0
1816 2.146176386373329 0.8275417354499155 0
1817 2.146380223235215 0.1716872325178326 0
1818 0.6555998043811482 0.5575980621733978 0
1819 0.4102267086442877 0.5958908475285706 0
1820 2.746090827546317 0.8641898761047018 0
1821 2.733212995158349 0.9074804168979798 0
1822 2.733212995158962 0.09251958310204027 0
1823 2.746090827546564 0.1358101238952914 0
1824 3.888479650271129 0.3371540235106739 0
1825 1.669798800105378 0.4895248456230195 0
1826 1.71499014730867 0.4716693612792783 0
1827 4.94707919011397 0.5476878769029051 0
1828 4.94707919011397 0.4476878769029191 0
1829 2.707302721526796 0.5576891374215044 0
1830 1.712883580669673 0.425277572546406 0
1831 1.667092879391611 0.4120780964123552 0
1832 0.02734507141242171 0.02734507141257898 0
1833 0.02734507141253272 0.9726549285875719 0
1834 1.133880849100464 0.6863137218115785 0
1835 1.161954069862936 0.651061727171213 0
1836 0.6329997086966437 0.6857840368651722 0
1837 0.659963098617706 0.6518980061774722 0
1838 3.941883692157166 0.3138876514692429 0
1839 0.3426564846296684 0.7080512708688485 0
1840 2.57549946964697 0.7767859420654384 0
1841 2.541588607699267 0.8131771241547977 0
1842 2.546012714962605 0.1739666843102238 0
1843 2.575905792019229 0.2088298377521705 0
1844 2.125005334373567 0.2226615620088844 0
1845 2.126648838863055 0.7788226510927363 0
1846 4.04232753314016 0.6827292692626121 0
1847 4.099012468412557 0.6236166472803384 0
1848 1.177304486019536 0.7938083582208134 0
1849 1.376741375937978 0.6027970035807964 0
1850 3.101072588021073 0.310695898433003 0
1851 4.397073543776221 0.4663675002851378 0
1852 1.186921858433407 0.7488944671202755 0
1853 0.679228145947258 0.793240288613884 0
1854 2.118585979660762 0.7103057928337758 0
1855 2.094089281224666 0.7504213229507857 0
1856 0.9441956187488108 0.4494253351507538 0
1857 0.6894250336626813 0.7482601078249684 0
1858 2.000366400408311 0.3635349212760203 0
1859 1.984055065702387 0.4037500085043068 0
1860 2.150880329057013 0.6847714082989213 0
1861 2.017967443778318 0.3236646327944229 0
1862 2.188677099034007 0.3361203787720858 0
1863 1.447026087746808 0.4488599038988924 0
1864 2.1888685651029 0.6542860979847629 0
1865 2.797265393960711 0.4193295614678742 0
1866 1.133106564013735 0.585591293064107 0
1867 2.011681924658888 0.2739207889061405 0
1868 2.793586681242746 0.8447192987300655 0
1869 2.790849646576276 0.1590218014539568 0
1870 1.968661525020665 0.5170282959984331 0
1871 1.998698553194802 0.4906865251142332 0
1872 0.6596746753770462 0.7204841689123378 0
1873 2.324612447393963 0.7609907398679927 0
1874 1.554412652275911 0.5762959240798247 0
1875 1.987961246851514 0.4524300537980264 0
1876 2.230387004299187 0.3541049143743811 0
1877 1.158121241850148 0.7207885858936289 0
1878 1.973638577385971 0.2563030848060118 0
1879 3.99222129673081 0.6532889350473409 0
1880 0.2137825837901225 0.3834197242297617 0
1881 0.3695213929702442 0.6009487792884612 0
1882 1.650636359556509 0.450261119080129 0
1883 2.082556483237537 0.4748091547823538 0
1884 2.032776849398555 0.4677695096341272 0
1885 2.236219816210823 0.6398536615391205 0
1886 0.6306584113225315 0.5858753941524617 0
1887 1.193916822222018 0.6264100968378923 0
1888 1.178608202309872 0.5893846026163854 0
1889 0.6915454197211921 0.6271735048598588 0
1890 0.6764454385317051 0.5899802790643909 0
1891 1.059382882442109 0.6861903300484655 0
1892 4.88081572009162 0.4175428343653326 0
1893 4.817055247325712 0.4897422973767496 0
1894 3.201852722690237 0.4356345534032053 0
1895 0.558089942512632 0.6806409278221891 0
1896 2.63307145055857 0.7740652809481626 0
1897 2.633749889496302 0.217386890432019 0
1898 4.87876255349442 0.5742178834864106 0
$EndNodes
$Elements
996
1 8 2 100 1 1 9 23
2 8 2 100 1 9 10 24
3 8 2 100 1 10 11 25
4 8 2 100 1 11 12 26
5 8 2 100 1 12 13 27
6 8 2 100 1 13 14 28
7 8 2 100 1 14 15 29
8 8 2 100 1 15 16 30
9 8 2 100 1 16 17 31
10 8 2 100 1 17 18 32
11 8 2 100 1 18 19 33
12 8 2 100 1 19 20 34
13 8 2 100 1 20 21 35
14 8 2 100 1 21 22 36
15 8 2 100 1 22 2 37
16 8 2 100 2 2 38 62
17 8 2 100 2 38 39 63
18 8 2 100 2 39 40 64
19 8 2 100 2 40 41 65
20 8 2 100 2 41 42 66
21 8 2 100 2 42 43 67
22 8 2 100 2 43 44 68
23 8 2 100 2 44 45 69
24 8 2 100 2 45 46 70
25 8 2 100 2 46 47 71
26 8 2 100 2 47 48 72
27 8 2 100 2 48 49 73
28 8 2 100 2 49 50 74
29 8 2 100 2 50 51 75
30 8 2 100 2 51 52 76
31 8 2 100 2 52 53 77
32 8 2 100 2 53 54 78
33 8 2 100 2 54 55 79
34 8 2 100 2 55 56 80
35 8 2 100 2 56 57 81
36 8 2 100 2 57 58 82
37 8 2 100 2 58 59 83
38 8 2 100 2 59 60 84
39 8 2 100 2 60 61 85
40 8 2 100 2 61 3 86
41 8 2 200 3 3 87 91
42 8 2 200 3 87 88 92
43 8 2 200 3 88 89 93
44 8 2 200 3 89 90 94
45 8 2 200 3 90 4 95
46 8 2 300 4 4 96 120
47 8 2 300 4 96 97 121
48 8 2 300 4 97 98 122
49 8 2 300 4 98 99 123
50 8 2 300 4 99 100 124
51 8 2 300 4 100 101 125
52 8 2 300 4 101 102 126
53 8 2 300 4 102 103 127
54 8 2 300 4 103 104 128
55 8 2 300 4 104 105 129
56 8 2 300 4 105 106 130
57 8 2 300 4 106 107 131
58 8 2 300 4 107 108 132
59 8 2 300 4 108 109 133
60 8 2 300 4 109 110 134
61 8 2 300 4 110 111 135
62 8 2 300 4 111 112 136
63 8 2 300 4 112 113 137
64 8 2 300 4 113 114 138
65 8 2 300 4 114 115 139
66 8 2 300 4 115 116 140
67 8 2 300 4 116 117 141
68 8 2 300 4 117 118 142
69 8 2 300 4 118 119 143
70 8 2 300 4 119 5 144
71 8 2 300 5 5 145 159
72 8 2 300 5 145 146 160
73 8 2 300 5 146 147 161
74 8 2 300 5 147 148 162
75 8 2 300 5 148 149 163
76 8 2 300 5 149 150 164
77 8 2 300 5 150 151 165
78 8 2 300 5 151 152 166
79 8 2 300 5 152 153 167
80 8 2 300 5 153 154 168
81 8 2 300 5 154 155 169
82 8 2 300 5 155 156 170
83 8 2 300 5 156 157 171
84 8 2 300 5 157 158 172
85 8 2 300 5 158 6 173
86 8 2 400 8 6 174 176
87 8 2 400 8 174 175 177
88 8 2 400 8 175 7 178
89 8 2 400 9 7 179 182
90 8 2 400 9 179 180 183
91 8 2 400 9 180 181 184
92 8 2 400 9 181 8 185
93 8 2 400 10 8 186 188
94 8 2 400 10 186 187 189
95 8 2 400 10 187 1 190
96 9 2 10 12 574 220 301 595 596 597
97 9 2 10 12 575 302 221 598 599 600
98 9 2 10 12 315 575 221 601 600 602
99 9 2 10 12 314 220 574 603 595 604
100 9 2 10 12 97 98 467 122 605 606
101 9 2 10 12 467 98 307 605 607 608
102 9 2 10 12 343 415 509 609 610 611
103 9 2 10 12 558 308 340 612 613 614
104 9 2 10 12 342 516 414 615 616 617
105 9 2 10 12 246 342 414 618 617 619
106 9 2 10 12 247 415 343 620 609 621
107 9 2 10 12 207 281 334 622 623 624
108 9 2 10 12 248 348 326 625 626 627
109 9 2 10 12 249 325 347 628 629 630
110 9 2 10 12 148 149 290 163 631 632
111 9 2 10 12 18 19 291 33 633 634
112 9 2 10 12 218 308 558 635 612 636
113 9 2 10 12 13 14 292 28 637 638
114 9 2 10 12 153 154 293 168 639 640
115 9 2 10 12 282 491 320 641 642 643
116 9 2 10 12 221 320 491 644 642 645
117 9 2 10 12 225 326 348 646 626 647
118 9 2 10 12 226 347 325 648 629 649
119 9 2 10 12 9 419 352 650 651 652
120 9 2 10 12 158 353 420 653 654 655
121 9 2 10 12 207 570 281 656 657 622
122 9 2 10 12 269 324 425 658 659 660
123 9 2 10 12 9 10 419 24 661 650
124 9 2 10 12 157 158 420 172 655 662
125 9 2 10 12 156 420 305 663 664 665
126 9 2 10 12 11 304 419 666 667 668
127 9 2 10 12 269 502 324 669 670 658
128 9 2 10 12 52 53 574 77 671 672
129 9 2 10 12 575 104 105 673 129 674
130 9 2 10 12 243 382 338 675 676 677
131 9 2 10 12 248 341 348 678 679 625
132 9 2 10 12 197 348 341 680 679 681
133 9 2 10 12 210 365 342 682 683 684
134 9 2 10 12 309 474 392 685 686 687
135 9 2 10 12 208 424 369 688 689 690
136 9 2 10 12 285 424 468 691 692 693
137 9 2 10 12 260 394 330 694 695 696
138 9 2 10 12 193 330 394 697 695 698
139 9 2 10 12 259 309 392 699 687 700
140 9 2 10 12 312 486 394 701 702 703
141 9 2 10 12 263 342 365 704 683 705
142 9 2 10 12 194 431 340 706 707 708
143 9 2 10 12 315 104 575 709 673 601
144 9 2 10 12 574 53 314 671 710 604
145 9 2 10 12 59 514 296 711 712 713
146 9 2 10 12 260 312 394 714 703 694
147 9 2 10 12 460 223 401 715 716 717
148 9 2 10 12 294 522 460 718 719 720
149 9 2 10 12 237 296 450 721 722 723
150 9 2 10 12 249 440 314 724 725 726
151 9 2 10 12 468 424 224 692 727 728
152 9 2 10 12 281 500 401 729 730 731
153 9 2 10 12 285 369 424 732 689 691
154 9 2 10 12 294 460 401 720 717 733
155 9 2 10 12 271 406 448 734 735 736
156 9 2 10 12 270 449 405 737 738 739
157 9 2 10 12 276 340 431 740 707 741
158 9 2 10 12 201 338 382 742 676 743
159 9 2 10 12 448 406 544 735 744 745
160 9 2 10 12 449 546 405 746 747 738
161 9 2 10 12 195 295 515 748 749 750
162 9 2 10 12 115 310 388 751 752 753
163 9 2 10 12 42 389 311 754 755 756
164 9 2 10 12 242 368 335 757 758 759
165 9 2 10 12 156 157 420 171 662 663
166 9 2 10 12 10 11 419 25 668 661
167 9 2 10 12 217 295 459 760 761 762
168 9 2 10 12 195 468 295 763 764 748
169 9 2 10 12 197 341 329 681 765 766
170 9 2 10 12 522 216 460 767 768 719
171 9 2 10 12 249 314 433 726 769 770
172 9 2 10 12 103 432 326 771 772 773
173 9 2 10 12 54 325 433 774 775 776
174 9 2 10 12 61 458 514 777 778 779
175 9 2 10 12 102 103 326 127 773 780
176 9 2 10 12 54 55 325 79 781 774
177 9 2 10 12 197 347 299 782 783 784
178 9 2 10 12 197 299 348 784 785 680
179 9 2 10 12 199 335 368 786 758 787
180 9 2 10 12 362 461 454 788 789 790
181 9 2 10 12 216 399 526 791 792 793
182 9 2 10 12 200 362 454 794 790 795
183 9 2 10 12 336 464 417 796 797 798
184 9 2 10 12 337 418 465 799 800 801
185 9 2 10 12 257 379 337 802 803 804
186 9 2 10 12 466 267 539 805 806 807
187 9 2 10 12 238 336 417 808 798 809
188 9 2 10 12 239 418 337 810 799 811
189 9 2 10 12 149 374 290 812 813 631
190 9 2 10 12 18 291 375 634 814 815
191 9 2 10 12 19 376 291 816 817 633
192 9 2 10 12 148 290 377 632 818 819
193 9 2 10 12 195 401 500 820 730 821
194 9 2 10 12 269 545 308 822 823 824
195 9 2 10 12 297 526 399 825 792 826
196 9 2 10 12 539 267 344 806 827 828
197 9 2 10 12 209 519 303 829 830 831
198 9 2 10 12 199 337 379 832 803 833
199 9 2 10 12 335 489 426 834 835 836
200 9 2 10 12 195 500 468 821 837 763
201 9 2 10 12 55 355 325 838 839 781
202 9 2 10 12 14 383 292 840 841 637
203 9 2 10 12 153 293 384 640 842 843
204 9 2 10 12 180 181 319 184 844 845
205 9 2 10 12 230 298 530 846 847 848
206 9 2 10 12 231 531 297 849 850 851
207 9 2 10 12 315 520 432 852 853 854
208 9 2 10 12 275 378 416 855 856 857
209 9 2 10 12 225 348 299 647 785 858
210 9 2 10 12 217 543 295 859 860 760
211 9 2 10 12 60 61 514 85 779 861
212 9 2 10 12 273 303 519 862 830 863
213 9 2 10 12 13 292 398 638 864 865
214 9 2 10 12 154 397 293 866 867 639
215 9 2 10 12 252 392 474 868 686 869
216 9 2 10 12 231 297 399 851 826 870
217 9 2 10 12 338 492 429 871 872 873
218 9 2 10 12 237 411 296 874 875 721
219 9 2 10 12 225 577 326 876 877 646
220 9 2 10 12 180 319 354 845 878 879
221 9 2 10 12 215 506 292 880 881 882
222 9 2 10 12 253 394 486 883 702 884
223 9 2 10 12 285 468 500 693 837 885
224 9 2 10 12 290 212 427 886 887 888
225 9 2 10 12 291 426 213 889 890 891
226 9 2 10 12 437 212 290 892 886 893
227 9 2 10 12 438 291 213 894 891 895
228 9 2 10 12 272 306 522 896 897 898
229 9 2 10 12 258 307 480 899 900 901
230 9 2 10 12 272 434 306 902 903 896
231 9 2 10 12 215 292 429 882 904 905
232 9 2 10 12 288 417 422 906 907 908
233 9 2 10 12 210 422 417 909 907 910
234 9 2 10 12 211 418 423 911 912 913
235 9 2 10 12 289 423 418 914 912 915
236 9 2 10 12 59 60 514 84 861 711
237 9 2 10 12 248 432 520 916 853 917
238 9 2 10 12 240 555 456 918 919 920
239 9 2 10 12 242 335 426 759 836 921
240 9 2 10 12 296 519 450 922 923 722
241 9 2 10 12 216 522 306 767 897 924
242 9 2 10 12 268 400 357 925 926 927
243 9 2 10 12 225 299 364 858 928 929
244 9 2 10 12 237 416 378 930 856 931
245 9 2 10 12 204 583 300 932 933 934
246 9 2 10 12 259 392 356 700 935 936
247 9 2 10 12 192 356 392 937 935 938
248 9 2 10 12 295 543 515 860 939 749
249 9 2 10 12 108 435 297 940 941 942
250 9 2 10 12 49 298 436 943 944 945
251 9 2 10 12 59 296 411 713 875 946
252 9 2 10 12 216 526 460 793 947 768
253 9 2 10 12 217 459 527 762 948 949
254 9 2 10 12 225 351 577 950 951 876
255 9 2 10 12 243 338 429 677 873 952
256 9 2 10 12 206 415 339 953 954 955
257 9 2 10 12 248 326 432 627 772 916
258 9 2 10 12 249 433 325 770 775 628
259 9 2 10 12 51 301 402 956 957 958
260 9 2 10 12 106 403 302 959 960 961
261 9 2 10 12 4 96 439 120 962 963
262 9 2 10 12 238 367 336 964 965 808
263 9 2 10 12 239 337 368 811 966 967
264 9 2 10 12 198 336 367 968 965 969
265 9 2 10 12 199 368 337 787 966 832
266 9 2 10 12 308 545 340 823 970 613
267 9 2 10 12 227 309 379 971 972 973
268 9 2 10 12 266 339 415 974 954 975
269 9 2 10 12 280 441 447 976 977 978
270 9 2 10 12 281 401 334 731 979 623
271 9 2 10 12 220 314 440 603 725 980
272 9 2 10 12 114 115 388 139 753 981
273 9 2 10 12 42 43 389 67 982 754
274 9 2 10 12 11 443 304 983 984 666
275 9 2 10 12 156 305 442 665 985 986
276 9 2 10 12 263 380 395 987 988 989
277 9 2 10 12 232 357 400 990 926 991
278 9 2 10 12 329 341 491 765 992 993
279 9 2 10 12 232 307 428 994 995 996
280 9 2 10 12 55 56 355 80 997 838
281 9 2 10 12 99 100 357 124 998 999
282 9 2 10 12 108 297 531 942 850 1000
283 9 2 10 12 49 530 298 1001 847 943
284 9 2 10 12 201 387 312 1002 1003 1004
285 9 2 10 12 181 463 319 1005 1006 844
286 9 2 10 12 299 347 550 783 1007 1008
287 9 2 10 12 230 501 298 1009 1010 846
288 9 2 10 12 229 324 502 1011 670 1012
289 9 2 10 12 274 425 324 1013 659 1014
290 9 2 10 12 244 381 322 1015 1016 1017
291 9 2 10 12 243 323 382 1018 1019 675
292 9 2 10 12 222 300 410 1020 1021 1022
293 9 2 10 12 226 550 347 1023 1007 648
294 9 2 10 12 90 439 487 1024 1025 1026
295 9 2 10 12 261 391 333 1027 1028 1029
296 9 2 10 12 262 332 390 1030 1031 1032
297 9 2 10 12 233 390 332 1033 1031 1034
298 9 2 10 12 234 333 391 1035 1028 1036
299 9 2 10 12 229 395 380 1037 988 1038
300 9 2 10 12 204 300 466 934 1039 1040
301 9 2 10 12 199 379 309 833 972 1041
302 9 2 10 12 51 574 301 1042 597 956
303 9 2 10 12 106 302 575 961 598 1043
304 9 2 10 12 100 496 357 1044 1045 998
305 9 2 10 12 269 308 528 824 1046 1047
306 9 2 10 12 307 407 480 1048 1049 900
307 9 2 10 12 232 407 307 1050 1048 994
308 9 2 10 12 366 465 475 1051 1052 1053
309 9 2 10 12 216 306 399 924 1054 791
310 9 2 10 12 257 465 366 1055 1051 1056
311 9 2 10 12 220 533 301 1057 1058 596
312 9 2 10 12 221 302 534 599 1059 1060
313 9 2 10 12 4 439 90 963 1024 95
314 9 2 10 12 222 517 300 1061 1062 1020
315 9 2 10 12 334 553 548 1063 1064 1065
316 9 2 10 12 250 408 304 1066 1067 1068
317 9 2 10 12 251 305 409 1069 1070 1071
318 9 2 10 12 8 186 332 188 1072 1073
319 9 2 10 12 7 333 175 1074 1075 178
320 9 2 10 12 228 312 387 1076 1003 1077
321 9 2 10 12 281 369 500 1078 1079 729
322 9 2 10 12 98 428 307 1080 995 607
323 9 2 10 12 281 570 369 657 1081 1078
324 9 2 10 12 240 431 555 1082 1083 918
325 9 2 10 12 214 430 445 1084 1085 1086
326 9 2 10 12 293 445 430 1087 1085 1088
327 9 2 10 12 226 325 355 649 839 1089
328 9 2 10 12 233 419 304 1090 667 1091
329 9 2 10 12 234 305 420 1092 664 1093
330 9 2 10 12 233 304 566 1091 1094 1095
331 9 2 10 12 234 567 305 1096 1097 1092
332 9 2 10 12 245 447 441 1098 977 1099
333 9 2 10 12 179 180 354 183 879 1100
334 9 2 10 12 250 304 443 1068 984 1101
335 9 2 10 12 251 442 305 1102 985 1069
336 9 2 10 12 209 303 480 831 1103 1104
337 9 2 10 12 104 315 432 709 854 1105
338 9 2 10 12 53 433 314 1106 769 710
339 9 2 10 12 202 416 318 1107 1108 1109
340 9 2 10 12 206 509 415 1110 610 953
341 9 2 10 12 219 405 412 1111 1112 1113
342 9 2 10 12 241 367 327 1114 1115 1116
343 9 2 10 12 242 328 368 1117 1118 757
344 9 2 10 12 262 319 463 1119 1006 1120
345 9 2 10 12 218 542 310 1121 1122 1123
346 9 2 10 12 219 311 541 1124 1125 1126
347 9 2 10 12 272 515 543 1127 939 1128
348 9 2 10 12 265 421 310 1129 1130 1131
349 9 2 10 12 303 258 480 1132 901 1103
350 9 2 10 12 277 412 405 1133 1112 1134
351 9 2 10 12 202 364 396 1135 1136 1137
352 9 2 10 12 265 310 571 1131 1138 1139
353 9 2 10 12 266 572 311 1140 1141 1142
354 9 2 10 12 205 414 516 1143 616 1144
355 9 2 10 12 202 318 400 1109 1145 1146
356 9 2 10 12 96 97 467 121 606 1147
357 9 2 10 12 230 530 402 848 1148 1149
358 9 2 10 12 231 403 531 1150 1151 849
359 9 2 10 12 237 318 416 1152 1108 930
360 9 2 10 12 260 330 492 696 1153 1154
361 9 2 10 12 266 311 525 1142 1155 1156
362 9 2 10 12 223 553 334 1157 1063 1158
363 9 2 10 12 96 467 439 1147 1159 962
364 9 2 10 12 89 90 487 94 1026 1160
365 9 2 10 12 534 231 452 1161 1162 1163
366 9 2 10 12 238 327 367 1164 1115 964
367 9 2 10 12 239 368 328 967 1118 1165
368 9 2 10 12 235 322 381 1166 1016 1167
369 9 2 10 12 236 382 323 1168 1019 1169
370 9 2 10 12 223 334 401 1158 979 716
371 9 2 10 12 320 534 452 1170 1163 1171
372 9 2 10 12 222 586 319 1172 1173 1174
373 9 2 10 12 218 310 421 1123 1130 1175
374 9 2 10 12 218 421 308 1175 1176 635
375 9 2 10 12 213 426 489 890 835 1177
376 9 2 10 12 199 309 505 1041 1178 1179
377 9 2 10 12 273 471 303 1180 1181 862
378 9 2 10 12 259 505 309 1182 1178 699
379 9 2 10 12 221 534 320 1060 1170 644
380 9 2 10 12 487 258 303 1183 1132 1184
381 9 2 10 12 284 460 526 1185 947 1186
382 9 2 10 12 283 527 459 1187 948 1188
383 9 2 10 12 217 501 434 1189 1190 1191
384 9 2 10 12 206 324 404 1192 1193 1194
385 9 2 10 12 195 515 401 750 1195 820
386 9 2 10 12 300 583 410 933 1196 1021
387 9 2 10 12 219 525 311 1197 1155 1124
388 9 2 10 12 3 458 61 1198 777 86
389 9 2 10 12 227 474 309 1199 685 971
390 9 2 10 12 110 111 346 135 1200 1201
391 9 2 10 12 46 47 345 71 1202 1203
392 9 2 10 12 201 312 513 1004 1204 1205
393 9 2 10 12 260 513 312 1206 1204 714
394 9 2 10 12 245 581 517 1207 1208 1209
395 9 2 10 12 321 533 590 1210 1211 1212
396 9 2 10 12 316 501 547 1213 1214 1215
397 9 2 10 12 209 450 519 1216 923 829
398 9 2 10 12 232 400 318 991 1145 1217
399 9 2 10 12 45 503 386 1218 1219 1220
400 9 2 10 12 112 385 504 1221 1222 1223
401 9 2 10 12 259 356 489 936 1224 1225
402 9 2 10 12 356 473 489 1226 1227 1224
403 9 2 10 12 228 486 312 1228 701 1076
404 9 2 10 12 294 401 515 733 1195 1229
405 9 2 10 12 224 424 552 727 1230 1231
406 9 2 10 12 280 330 441 1232 1233 976
407 9 2 10 12 313 485 254 1234 1235 1236
408 9 2 10 12 230 547 501 1237 1214 1009
409 9 2 10 12 115 571 310 1238 1138 751
410 9 2 10 12 42 311 572 756 1141 1239
411 9 2 10 12 556 313 254 1240 1236 1241
412 9 2 10 12 277 456 555 1242 919 1243
413 9 2 10 12 215 429 492 905 872 1244
414 9 2 10 12 220 590 533 1245 1211 1057
415 9 2 10 12 44 45 386 69 1220 1246
416 9 2 10 12 112 113 385 137 1247 1221
417 9 2 10 12 316 434 501 1248 1190 1213
418 9 2 10 12 258 467 307 1249 608 899
419 9 2 10 12 196 580 320 1250 1251 1252
420 9 2 10 12 57 58 378 82 1253 1254
421 9 2 10 12 306 561 452 1255 1256 1257
422 9 2 10 12 207 446 570 1258 1259 656
423 9 2 10 12 229 404 324 1260 1193 1011
424 9 2 10 12 151 484 322 1261 1262 1263
425 9 2 10 12 16 323 483 1264 1265 1266
426 9 2 10 12 3 87 458 91 1267 1198
427 9 2 10 12 273 514 458 1268 778 1269
428 9 2 10 12 57 378 481 1254 1270 1271
429 9 2 10 12 246 414 372 619 1272 1273
430 9 2 10 12 247 373 415 1274 1275 620
431 9 2 10 12 16 511 323 1276 1277 1264
432 9 2 10 12 151 322 510 1263 1278 1279
433 9 2 10 12 268 357 496 927 1045 1280
434 9 2 10 12 278 548 553 1281 1064 1282
435 9 2 10 12 2 361 22 1283 1284 37
436 9 2 10 12 5 145 360 159 1285 1286
437 9 2 10 12 205 395 528 1287 1288 1289
438 9 2 10 12 118 119 370 143 1290 1291
439 9 2 10 12 38 39 371 63 1292 1293
440 9 2 10 12 282 320 580 643 1251 1294
441 9 2 10 12 146 498 327 1295 1296 1297
442 9 2 10 12 21 328 497 1298 1299 1300
443 9 2 10 12 222 319 477 1174 1301 1302
444 9 2 10 12 262 477 319 1303 1301 1119
445 9 2 10 12 230 402 533 1149 1304 1305
446 9 2 10 12 231 534 403 1161 1306 1150
447 9 2 10 12 146 327 507 1297 1307 1308
448 9 2 10 12 21 508 328 1309 1310 1298
449 9 2 10 12 282 590 329 1311 1312 1313
450 9 2 10 12 147 148 377 162 819 1314
451 9 2 10 12 19 20 376 34 1315 816
452 9 2 10 12 149 150 374 164 1316 812
453 9 2 10 12 17 18 375 32 815 1317
454 9 2 10 12 202 396 416 1137 1318 1107
455 9 2 10 12 275 416 396 857 1318 1319
456 9 2 10 12 364 550 396 1320 1321 1136
457 9 2 10 12 395 502 528 1322 1323 1288
458 9 2 10 12 221 520 315 1324 852 602
459 9 2 10 12 14 15 383 29 1325 840
460 9 2 10 12 152 153 384 167 843 1326
461 9 2 10 12 330 532 492 1327 1328 1153
462 9 2 10 12 203 390 566 1329 1330 1331
463 9 2 10 12 204 567 391 1332 1333 1334
464 9 2 10 12 220 329 590 1335 1312 1245
465 9 2 10 12 319 586 354 1173 1336 878
466 9 2 10 12 265 372 414 1337 1272 1338
467 9 2 10 12 266 415 373 975 1275 1339
468 9 2 10 12 196 561 547 1340 1341 1342
469 9 2 10 12 300 517 581 1062 1208 1343
470 9 2 10 12 196 547 580 1342 1344 1250
471 9 2 10 12 279 386 503 1345 1219 1346
472 9 2 10 12 278 504 385 1347 1222 1348
473 9 2 10 12 196 452 561 1349 1256 1340
474 9 2 10 12 203 566 408 1331 1350 1351
475 9 2 10 12 204 409 567 1352 1353 1332
476 9 2 10 12 196 320 452 1252 1171 1349
477 9 2 10 12 154 155 397 169 1354 866
478 9 2 10 12 12 13 398 27 865 1355
479 9 2 10 12 275 481 378 1356 1270 855
480 9 2 10 12 301 533 402 1058 1304 957
481 9 2 10 12 302 403 534 960 1306 1059
482 9 2 10 12 235 510 322 1357 1278 1166
483 9 2 10 12 236 323 511 1169 1277 1358
484 9 2 10 12 210 417 464 910 797 1359
485 9 2 10 12 211 465 418 1360 800 911
486 9 2 10 12 50 51 402 75 958 1361
487 9 2 10 12 106 107 403 131 1362 959
488 9 2 10 12 310 542 388 1122 1363 752
489 9 2 10 12 311 389 541 755 1364 1125
490 9 2 10 12 237 450 318 723 1365 1152
491 9 2 10 12 243 483 323 1366 1265 1018
492 9 2 10 12 244 322 484 1017 1262 1367
493 9 2 10 12 193 441 330 1368 1233 697
494 9 2 10 12 187 352 523 1369 1370 1371
495 9 2 10 12 174 524 353 1372 1373 1374
496 9 2 10 12 11 12 443 26 1375 983
497 9 2 10 12 155 156 442 170 986 1376
498 9 2 10 12 316 547 561 1215 1341 1377
499 9 2 10 12 238 507 327 1378 1307 1164
500 9 2 10 12 239 328 508 1165 1310 1379
501 9 2 10 12 261 333 462 1029 1380 1381
502 9 2 10 12 262 463 332 1120 1382 1030
503 9 2 10 12 8 332 463 1073 1382 1383
504 9 2 10 12 7 462 333 1384 1380 1074
505 9 2 10 12 232 428 357 996 1385 990
506 9 2 10 12 279 424 449 1386 1387 1388
507 9 2 10 12 282 329 491 1313 993 641
508 9 2 10 12 51 52 574 76 672 1042
509 9 2 10 12 105 106 575 130 1043 674
510 9 2 10 12 46 345 503 1203 1389 1390
511 9 2 10 12 111 504 346 1391 1392 1200
512 9 2 10 12 233 332 523 1034 1393 1394
513 9 2 10 12 234 524 333 1395 1396 1035
514 9 2 10 12 232 318 584 1217 1397 1398
515 9 2 10 12 87 471 458 1399 1400 1267
516 9 2 10 12 321 580 547 1401 1344 1402
517 9 2 10 12 241 327 498 1116 1296 1403
518 9 2 10 12 242 497 328 1404 1299 1117
519 9 2 10 12 233 352 419 1405 651 1090
520 9 2 10 12 234 420 353 1093 654 1406
521 9 2 10 12 220 440 329 980 1407 1335
522 9 2 10 12 244 444 381 1408 1409 1015
523 9 2 10 12 207 448 544 1410 745 1411
524 9 2 10 12 237 378 411 931 1412 874
525 9 2 10 12 208 449 424 1413 1387 688
526 9 2 10 12 306 434 561 903 1414 1255
527 9 2 10 12 208 546 449 1415 746 1413
528 9 2 10 12 87 88 471 92 1416 1399
529 9 2 10 12 102 326 577 780 877 1417
530 9 2 10 12 355 481 573 1418 1419 1420
531 9 2 10 12 288 360 417 1421 1422 906
532 9 2 10 12 289 418 361 915 1423 1424
533 9 2 10 12 186 187 523 189 1371 1425
534 9 2 10 12 174 175 524 177 1426 1372
535 9 2 10 12 210 342 422 684 1427 909
536 9 2 10 12 211 423 343 913 1428 1429
537 9 2 10 12 47 537 345 1430 1431 1202
538 9 2 10 12 110 346 536 1201 1432 1433
539 9 2 10 12 245 331 447 1434 1435 1098
540 9 2 10 12 203 447 331 1436 1435 1437
541 9 2 10 12 206 538 324 1438 1439 1192
542 9 2 10 12 238 417 360 809 1422 1440
543 9 2 10 12 239 361 418 1441 1423 810
544 9 2 10 12 186 523 332 1425 1393 1072
545 9 2 10 12 175 333 524 1075 1396 1426
546 9 2 10 12 99 357 428 999 1385 1442
547 9 2 10 12 266 525 339 1156 1443 974
548 9 2 10 12 39 40 579 64 1444 1445
549 9 2 10 12 117 118 578 142 1446 1447
550 9 2 10 12 267 562 499 1448 1449 1450
551 9 2 10 12 240 369 570 1451 1081 1452
552 9 2 10 12 151 152 484 166 1453 1261
553 9 2 10 12 15 16 483 30 1266 1454
554 9 2 10 12 288 422 370 908 1455 1456
555 9 2 10 12 289 371 423 1457 1458 914
556 9 2 10 12 276 431 446 741 1459 1460
557 9 2 10 12 345 537 592 1431 1461 1462
558 9 2 10 12 346 591 536 1463 1464 1432
559 9 2 10 12 198 451 490 1465 1466 1467
560 9 2 10 12 275 573 481 1468 1419 1356
561 9 2 10 12 251 539 344 1469 828 1470
562 9 2 10 12 146 147 498 161 1471 1295
563 9 2 10 12 20 21 497 35 1300 1472
564 9 2 10 12 40 373 579 1473 1474 1444
565 9 2 10 12 117 578 372 1447 1475 1476
566 9 2 10 12 197 329 529 766 1477 1478
567 9 2 10 12 256 336 453 1479 1480 1481
568 9 2 10 12 48 49 436 73 945 1482
569 9 2 10 12 108 109 435 133 1483 940
570 9 2 10 12 233 523 352 1394 1370 1405
571 9 2 10 12 234 353 524 1406 1373 1395
572 9 2 10 12 16 17 511 31 1484 1276
573 9 2 10 12 150 151 510 165 1279 1485
574 9 2 10 12 246 422 342 1486 1427 618
575 9 2 10 12 247 343 423 621 1428 1487
576 9 2 10 12 285 500 369 885 1079 732
577 9 2 10 12 198 453 336 1488 1480 968
578 9 2 10 12 306 452 399 1257 1489 1054
579 9 2 10 12 317 499 562 1490 1449 1491
580 9 2 10 12 145 146 507 160 1308 1492
581 9 2 10 12 21 22 508 36 1493 1309
582 9 2 10 12 274 324 538 1014 1439 1494
583 9 2 10 12 240 446 431 1495 1459 1082
584 9 2 10 12 212 437 349 892 1496 1497
585 9 2 10 12 213 350 438 1498 1499 895
586 9 2 10 12 258 487 439 1183 1025 1500
587 9 2 10 12 98 99 428 123 1442 1080
588 9 2 10 12 235 437 374 1501 1502 1503
589 9 2 10 12 236 375 438 1504 1505 1506
590 9 2 10 12 290 374 437 813 1502 893
591 9 2 10 12 291 438 375 894 1505 814
592 9 2 10 12 246 370 422 1507 1455 1486
593 9 2 10 12 247 423 371 1487 1458 1508
594 9 2 10 12 280 447 482 978 1509 1510
595 9 2 10 12 286 490 451 1511 1466 1512
596 9 2 10 12 222 331 517 1513 1514 1061
597 9 2 10 12 214 445 344 1086 1515 1516
598 9 2 10 12 251 344 445 1470 1515 1517
599 9 2 10 12 251 445 397 1517 1518 1519
600 9 2 10 12 293 397 445 867 1518 1087
601 9 2 10 12 244 384 430 1520 1521 1522
602 9 2 10 12 243 429 383 952 1523 1524
603 9 2 10 12 292 383 429 841 1523 904
604 9 2 10 12 293 430 384 1088 1521 842
605 9 2 10 12 58 59 411 83 946 1525
606 9 2 10 12 241 377 427 1526 1527 1528
607 9 2 10 12 242 426 376 921 1529 1530
608 9 2 10 12 58 411 378 1525 1412 1253
609 9 2 10 12 290 427 377 888 1527 818
610 9 2 10 12 291 376 426 817 1529 889
611 9 2 10 12 211 343 475 1429 1531 1532
612 9 2 10 12 245 393 581 1533 1534 1207
613 9 2 10 12 207 334 548 624 1065 1535
614 9 2 10 12 200 444 493 1536 1537 1538
615 9 2 10 12 287 493 444 1539 1537 1540
616 9 2 10 12 235 349 437 1541 1496 1501
617 9 2 10 12 236 438 350 1506 1499 1542
618 9 2 10 12 5 360 593 1286 1543 1544
619 9 2 10 12 288 593 360 1545 1543 1421
620 9 2 10 12 289 361 594 1424 1546 1547
621 9 2 10 12 2 594 361 1548 1546 1283
622 9 2 10 12 101 577 351 1549 951 1550
623 9 2 10 12 222 477 331 1302 1551 1513
624 9 2 10 12 261 462 354 1381 1552 1553
625 9 2 10 12 179 354 462 1100 1552 1554
626 9 2 10 12 256 464 336 1555 796 1479
627 9 2 10 12 257 337 465 804 801 1055
628 9 2 10 12 264 475 343 1556 1531 1557
629 9 2 10 12 221 491 341 645 992 1558
630 9 2 10 12 155 442 397 1376 1559 1354
631 9 2 10 12 12 398 443 1355 1560 1375
632 9 2 10 12 193 393 441 1561 1562 1368
633 9 2 10 12 248 520 341 917 1563 678
634 9 2 10 12 241 451 367 1564 1565 1114
635 9 2 10 12 200 563 381 1566 1567 1568
636 9 2 10 12 201 382 564 743 1569 1570
637 9 2 10 12 225 512 351 1571 1572 950
638 9 2 10 12 280 532 330 1573 1327 1232
639 9 2 10 12 119 593 370 1574 1575 1290
640 9 2 10 12 288 370 593 1456 1575 1545
641 9 2 10 12 289 594 371 1547 1576 1457
642 9 2 10 12 38 371 594 1293 1576 1577
643 9 2 10 12 203 331 521 1437 1578 1579
644 9 2 10 12 215 413 506 1580 1581 880
645 9 2 10 12 245 517 331 1209 1514 1434
646 9 2 10 12 101 351 496 1550 1582 1583
647 9 2 10 12 259 489 335 1225 834 1584
648 9 2 10 12 201 455 387 1585 1586 1002
649 9 2 10 12 199 505 335 1179 1587 786
650 9 2 10 12 238 360 507 1440 1588 1378
651 9 2 10 12 239 508 361 1379 1589 1441
652 9 2 10 12 235 374 510 1503 1590 1357
653 9 2 10 12 236 511 375 1358 1591 1504
654 9 2 10 12 260 492 338 1154 871 1592
655 9 2 10 12 259 335 505 1584 1587 1182
656 9 2 10 12 221 341 520 1558 1563 1324
657 9 2 10 12 107 108 531 132 1000 1593
658 9 2 10 12 49 50 530 74 1594 1001
659 9 2 10 12 224 459 468 1595 1596 728
660 9 2 10 12 267 499 344 1450 1597 827
661 9 2 10 12 214 344 499 1516 1597 1598
662 9 2 10 12 250 482 408 1599 1600 1066
663 9 2 10 12 206 339 538 955 1601 1438
664 9 2 10 12 265 571 479 1139 1602 1603
665 9 2 10 12 266 478 572 1604 1605 1140
666 9 2 10 12 203 482 447 1606 1509 1436
667 9 2 10 12 346 504 553 1392 1607 1608
668 9 2 10 12 345 552 503 1609 1610 1389
669 9 2 10 12 260 338 513 1592 1611 1206
670 9 2 10 12 201 513 338 1205 1611 742
671 9 2 10 12 103 104 432 128 1105 771
672 9 2 10 12 53 54 433 78 776 1106
673 9 2 10 12 198 367 451 969 1565 1465
674 9 2 10 12 101 102 577 126 1417 1549
675 9 2 10 12 250 413 482 1612 1613 1599
676 9 2 10 12 268 351 512 1614 1572 1615
677 9 2 10 12 249 347 529 630 1616 1617
678 9 2 10 12 254 349 454 1618 1619 1620
679 9 2 10 12 255 455 350 1621 1622 1623
680 9 2 10 12 295 468 459 764 1596 761
681 9 2 10 12 194 340 545 708 970 1624
682 9 2 10 12 254 454 461 1620 789 1625
683 9 2 10 12 261 354 586 1553 1336 1626
684 9 2 10 12 271 385 495 1627 1628 1629
685 9 2 10 12 270 494 386 1630 1631 1632
686 9 2 10 12 263 516 342 1633 615 704
687 9 2 10 12 231 399 452 870 1489 1162
688 9 2 10 12 412 555 569 1634 1635 1636
689 9 2 10 12 192 457 356 1637 1638 937
690 9 2 10 12 255 356 457 1639 1638 1640
691 9 2 10 12 277 555 412 1243 1634 1133
692 9 2 10 12 264 343 509 1557 611 1641
693 9 2 10 12 279 552 424 1642 1230 1386
694 9 2 10 12 251 409 539 1071 1643 1469
695 9 2 10 12 208 369 456 690 1644 1645
696 9 2 10 12 241 498 377 1403 1646 1526
697 9 2 10 12 242 376 497 1530 1647 1404
698 9 2 10 12 274 538 339 1494 1601 1648
699 9 2 10 12 243 383 483 1524 1649 1366
700 9 2 10 12 244 484 384 1367 1650 1520
701 9 2 10 12 213 473 350 1651 1652 1498
702 9 2 10 12 255 350 473 1623 1652 1653
703 9 2 10 12 278 385 448 1348 1654 1655
704 9 2 10 12 279 449 386 1388 1656 1345
705 9 2 10 12 246 372 578 1273 1475 1657
706 9 2 10 12 247 579 373 1658 1474 1274
707 9 2 10 12 56 481 355 1659 1418 997
708 9 2 10 12 200 381 444 1568 1409 1536
709 9 2 10 12 192 488 556 1660 1661 1662
710 9 2 10 12 113 495 385 1663 1628 1247
711 9 2 10 12 44 386 494 1246 1631 1664
712 9 2 10 12 250 443 398 1101 1560 1665
713 9 2 10 12 251 397 442 1519 1559 1102
714 9 2 10 12 100 101 496 125 1583 1044
715 9 2 10 12 211 475 465 1532 1052 1360
716 9 2 10 12 212 349 485 1497 1666 1667
717 9 2 10 12 254 485 349 1235 1666 1618
718 9 2 10 12 245 441 393 1099 1562 1533
719 9 2 10 12 193 518 562 1668 1669 1670
720 9 2 10 12 198 358 453 1671 1672 1488
721 9 2 10 12 214 557 560 1673 1674 1675
722 9 2 10 12 117 372 479 1476 1676 1677
723 9 2 10 12 40 478 373 1678 1679 1473
724 9 2 10 12 116 117 479 141 1677 1680
725 9 2 10 12 40 41 478 65 1681 1678
726 9 2 10 12 41 42 572 66 1239 1682
727 9 2 10 12 115 116 571 140 1683 1238
728 9 2 10 12 246 578 370 1657 1684 1507
729 9 2 10 12 247 371 579 1508 1685 1658
730 9 2 10 12 276 558 340 1686 614 740
731 9 2 10 12 271 448 385 736 1654 1627
732 9 2 10 12 270 386 449 1632 1656 737
733 9 2 10 12 227 549 358 1687 1688 1689
734 9 2 10 12 15 483 383 1454 1649 1325
735 9 2 10 12 152 384 484 1326 1650 1453
736 9 2 10 12 255 387 455 1690 1586 1621
737 9 2 10 12 197 529 347 1478 1616 782
738 9 2 10 12 227 358 474 1689 1691 1199
739 9 2 10 12 255 473 356 1653 1226 1639
740 9 2 10 12 274 339 540 1648 1692 1693
741 9 2 10 12 240 456 369 920 1644 1451
742 9 2 10 12 205 528 472 1289 1694 1695
743 9 2 10 12 252 358 490 1696 1697 1698
744 9 2 10 12 210 464 365 1359 1699 682
745 9 2 10 12 213 489 473 1177 1227 1651
746 9 2 10 12 192 363 457 1700 1701 1637
747 9 2 10 12 147 377 498 1314 1646 1471
748 9 2 10 12 20 497 376 1472 1647 1315
749 9 2 10 12 228 363 461 1702 1703 1704
750 9 2 10 12 254 461 363 1625 1703 1705
751 9 2 10 12 256 365 464 1706 1699 1555
752 9 2 10 12 313 556 488 1240 1661 1707
753 9 2 10 12 200 454 563 795 1708 1566
754 9 2 10 12 201 564 455 1570 1709 1585
755 9 2 10 12 268 496 351 1280 1582 1614
756 9 2 10 12 299 550 364 1008 1320 928
757 9 2 10 12 228 362 486 1710 1711 1228
758 9 2 10 12 228 461 362 1704 788 1710
759 9 2 10 12 214 560 430 1675 1712 1084
760 9 2 10 12 253 362 493 1713 1714 1715
761 9 2 10 12 150 510 374 1485 1590 1316
762 9 2 10 12 17 375 511 1317 1591 1484
763 9 2 10 12 145 507 360 1492 1588 1285
764 9 2 10 12 22 361 508 1284 1589 1493
765 9 2 10 12 227 379 535 973 1716 1717
766 9 2 10 12 317 562 518 1491 1669 1718
767 9 2 10 12 191 359 469 1719 1720 1721
768 9 2 10 12 254 363 556 1705 1722 1241
769 9 2 10 12 191 470 359 1723 1724 1719
770 9 2 10 12 9 352 588 652 1725 1726
771 9 2 10 12 187 588 352 1727 1725 1369
772 9 2 10 12 174 353 589 1374 1728 1729
773 9 2 10 12 158 589 353 1730 1728 653
774 9 2 10 12 258 439 467 1500 1159 1249
775 9 2 10 12 191 469 366 1721 1731 1732
776 9 2 10 12 235 563 349 1733 1734 1541
777 9 2 10 12 236 350 564 1542 1735 1736
778 9 2 10 12 252 474 358 869 1691 1696
779 9 2 10 12 192 392 488 938 1737 1660
780 9 2 10 12 256 359 470 1738 1724 1739
781 9 2 10 12 273 458 471 1269 1400 1180
782 9 2 10 12 227 535 359 1717 1740 1741
783 9 2 10 12 308 472 528 1742 1694 1046
784 9 2 10 12 257 366 469 1056 1731 1743
785 9 2 10 12 198 490 358 1467 1697 1671
786 9 2 10 12 256 470 365 1739 1744 1706
787 9 2 10 12 253 486 362 884 1711 1713
788 9 2 10 12 193 394 518 698 1745 1668
789 9 2 10 12 191 366 476 1732 1746 1747
790 9 2 10 12 283 592 537 1748 1461 1749
791 9 2 10 12 284 536 591 1750 1464 1751
792 9 2 10 12 8 463 181 1383 1005 185
793 9 2 10 12 7 179 462 182 1554 1384
794 9 2 10 12 56 57 481 81 1271 1659
795 9 2 10 12 313 585 554 1752 1753 1754
796 9 2 10 12 200 493 362 1538 1714 794
797 9 2 10 12 256 549 359 1755 1756 1738
798 9 2 10 12 206 404 509 1194 1757 1110
799 9 2 10 12 212 554 559 1758 1759 1760
800 9 2 10 12 228 565 363 1761 1762 1702
801 9 2 10 12 191 476 380 1747 1763 1764
802 9 2 10 12 264 366 475 1765 1053 1556
803 9 2 10 12 296 514 519 712 1766 922
804 9 2 10 12 263 395 516 989 1767 1633
805 9 2 10 12 43 44 494 68 1664 1768
806 9 2 10 12 113 114 495 138 1769 1663
807 9 2 10 12 225 364 512 929 1770 1571
808 9 2 10 12 264 476 366 1771 1746 1765
809 9 2 10 12 329 440 529 1407 1772 1477
810 9 2 10 12 191 380 551 1764 1773 1774
811 9 2 10 12 45 46 503 70 1390 1218
812 9 2 10 12 111 112 504 136 1223 1391
813 9 2 10 12 226 355 573 1089 1420 1775
814 9 2 10 12 265 479 372 1603 1676 1337
815 9 2 10 12 266 373 478 1339 1679 1604
816 9 2 10 12 212 559 427 1760 1776 887
817 9 2 10 12 255 565 387 1777 1778 1690
818 9 2 10 12 280 482 413 1510 1613 1779
819 9 2 10 12 257 535 379 1780 1716 802
820 9 2 10 12 317 587 557 1781 1782 1783
821 9 2 10 12 263 365 551 705 1784 1785
822 9 2 10 12 39 579 371 1445 1685 1292
823 9 2 10 12 118 370 578 1291 1684 1446
824 9 2 10 12 252 488 392 1786 1737 868
825 9 2 10 12 261 586 410 1626 1787 1788
826 9 2 10 12 261 583 391 1789 1790 1027
827 9 2 10 12 202 568 364 1791 1792 1135
828 9 2 10 12 273 519 514 863 1766 1268
829 9 2 10 12 43 494 389 1768 1793 982
830 9 2 10 12 114 388 495 981 1794 1769
831 9 2 10 12 271 495 388 1629 1794 1795
832 9 2 10 12 270 389 494 1796 1793 1630
833 9 2 10 12 280 413 532 1779 1797 1573
834 9 2 10 12 215 532 413 1798 1797 1580
835 9 2 10 12 203 521 390 1579 1799 1329
836 9 2 10 12 232 584 407 1398 1800 1050
837 9 2 10 12 265 414 472 1338 1801 1802
838 9 2 10 12 267 393 562 1803 1804 1448
839 9 2 10 12 304 408 566 1067 1350 1094
840 9 2 10 12 305 567 409 1097 1353 1070
841 9 2 10 12 264 509 404 1641 1757 1805
842 9 2 10 12 262 390 521 1032 1799 1806
843 9 2 10 12 298 501 527 1010 1807 1808
844 9 2 10 12 265 472 421 1802 1809 1129
845 9 2 10 12 229 502 395 1012 1322 1037
846 9 2 10 12 227 359 549 1741 1756 1687
847 9 2 10 12 250 398 506 1665 1810 1811
848 9 2 10 12 292 506 398 881 1810 864
849 9 2 10 12 109 110 536 134 1433 1812
850 9 2 10 12 47 48 537 72 1813 1430
851 9 2 10 12 192 556 363 1662 1722 1700
852 9 2 10 12 209 407 584 1814 1800 1815
853 9 2 10 12 217 527 501 949 1807 1189
854 9 2 10 12 271 388 542 1795 1363 1816
855 9 2 10 12 270 541 389 1817 1364 1796
856 9 2 10 12 253 518 394 1818 1745 883
857 9 2 10 12 267 581 393 1819 1534 1803
858 9 2 10 12 205 516 395 1144 1767 1287
859 9 2 10 12 284 435 536 1820 1821 1750
860 9 2 10 12 283 537 436 1749 1822 1823
861 9 2 10 12 316 561 434 1377 1414 1248
862 9 2 10 12 109 536 435 1812 1821 1483
863 9 2 10 12 48 436 537 1482 1822 1813
864 9 2 10 12 203 408 482 1351 1600 1606
865 9 2 10 12 226 396 550 1824 1321 1023
866 9 2 10 12 215 492 532 1244 1328 1798
867 9 2 10 12 263 551 380 1785 1773 987
868 9 2 10 12 229 380 576 1038 1825 1826
869 9 2 10 12 88 89 582 93 1827 1828
870 9 2 10 12 294 515 522 1229 1829 718
871 9 2 10 12 264 404 576 1805 1830 1831
872 9 2 10 12 205 472 414 1695 1801 1143
873 9 2 10 12 209 480 407 1104 1049 1814
874 9 2 10 12 1 588 187 1832 1727 190
875 9 2 10 12 6 589 158 1833 1730 173
876 9 2 10 12 1 9 588 23 1726 1832
877 9 2 10 12 6 174 589 176 1729 1833
878 9 2 10 12 235 381 563 1167 1567 1733
879 9 2 10 12 236 564 382 1736 1569 1168
880 9 2 10 12 286 554 585 1834 1753 1835
881 9 2 10 12 261 410 583 1788 1196 1789
882 9 2 10 12 287 557 587 1836 1782 1837
883 9 2 10 12 226 573 396 1775 1838 1824
884 9 2 10 12 204 466 539 1040 807 1839
885 9 2 10 12 2 38 594 62 1577 1548
886 9 2 10 12 5 593 119 1544 1574 144
887 9 2 10 12 272 522 515 898 1829 1127
888 9 2 10 12 223 591 553 1840 1841 1157
889 9 2 10 12 224 552 592 1231 1842 1843
890 9 2 10 12 346 553 591 1608 1841 1463
891 9 2 10 12 345 592 552 1462 1842 1609
892 9 2 10 12 275 396 573 1319 1838 1468
893 9 2 10 12 228 387 565 1077 1778 1761
894 9 2 10 12 50 402 530 1361 1148 1594
895 9 2 10 12 107 531 403 1593 1151 1362
896 9 2 10 12 270 405 541 739 1844 1817
897 9 2 10 12 271 542 406 1816 1845 734
898 9 2 10 12 249 529 440 1617 1772 724
899 9 2 10 12 193 562 393 1670 1804 1561
900 9 2 10 12 233 566 390 1095 1330 1033
901 9 2 10 12 234 391 567 1036 1333 1096
902 9 2 10 12 268 568 400 1846 1847 925
903 9 2 10 12 241 427 559 1528 1776 1848
904 9 2 10 12 358 549 453 1688 1849 1672
905 9 2 10 12 308 421 472 1176 1809 1742
906 9 2 10 12 250 506 413 1811 1581 1612
907 9 2 10 12 204 391 583 1334 1790 932
908 9 2 10 12 230 533 547 1305 1850 1237
909 9 2 10 12 209 584 450 1815 1851 1216
910 9 2 10 12 278 553 504 1282 1607 1347
911 9 2 10 12 279 503 552 1346 1610 1642
912 9 2 10 12 321 547 533 1402 1850 1210
913 9 2 10 12 202 400 568 1146 1847 1791
914 9 2 10 12 241 559 451 1848 1852 1564
915 9 2 10 12 244 430 560 1522 1712 1853
916 9 2 10 12 218 558 406 636 1854 1855
917 9 2 10 12 219 541 405 1126 1844 1111
918 9 2 10 12 218 406 542 1855 1845 1121
919 9 2 10 12 255 457 565 1640 1856 1777
920 9 2 10 12 269 528 502 1047 1323 669
921 9 2 10 12 204 539 409 1839 1643 1352
922 9 2 10 12 244 560 444 1853 1857 1408
923 9 2 10 12 274 412 569 1858 1636 1859
924 9 2 10 12 276 406 558 1860 1854 1686
925 9 2 10 12 274 540 412 1693 1861 1858
926 9 2 10 12 277 405 546 1134 747 1862
927 9 2 10 12 359 535 469 1740 1863 1720
928 9 2 10 12 229 576 404 1826 1830 1260
929 9 2 10 12 276 544 406 1864 744 1860
930 9 2 10 12 217 434 543 1191 1865 859
931 9 2 10 12 256 453 549 1481 1849 1755
932 9 2 10 12 313 488 585 1707 1866 1752
933 9 2 10 12 219 412 540 1113 1861 1867
934 9 2 10 12 297 435 526 941 1868 825
935 9 2 10 12 298 527 436 1808 1869 944
936 9 2 10 12 363 565 457 1762 1856 1701
937 9 2 10 12 284 526 435 1186 1868 1820
938 9 2 10 12 283 436 527 1823 1869 1187
939 9 2 10 12 194 545 425 1624 1870 1871
940 9 2 10 12 287 560 557 1872 1674 1836
941 9 2 10 12 278 448 548 1655 1873 1281
942 9 2 10 12 191 551 470 1774 1874 1723
943 9 2 10 12 257 469 535 1743 1863 1780
944 9 2 10 12 274 569 425 1859 1875 1013
945 9 2 10 12 208 456 546 1645 1876 1415
946 9 2 10 12 365 470 551 1744 1874 1784
947 9 2 10 12 222 410 586 1022 1787 1172
948 9 2 10 12 269 425 545 660 1870 822
949 9 2 10 12 286 559 554 1877 1759 1834
950 9 2 10 12 339 525 540 1443 1878 1692
951 9 2 10 12 364 568 512 1792 1879 1770
952 9 2 10 12 262 521 477 1806 1880 1303
953 9 2 10 12 267 466 581 805 1881 1819
954 9 2 10 12 264 576 476 1831 1882 1771
955 9 2 10 12 194 555 431 1883 1083 706
956 9 2 10 12 272 543 434 1128 1865 902
957 9 2 10 12 194 569 555 1884 1635 1883
958 9 2 10 12 219 540 525 1867 1878 1197
959 9 2 10 12 276 446 544 1460 1885 1864
960 9 2 10 12 331 477 521 1551 1880 1578
961 9 2 10 12 317 518 587 1718 1886 1781
962 9 2 10 12 194 425 569 1871 1875 1884
963 9 2 10 12 349 563 454 1734 1708 1619
964 9 2 10 12 350 455 564 1622 1709 1735
965 9 2 10 12 252 490 585 1698 1887 1888
966 9 2 10 12 287 444 560 1540 1857 1872
967 9 2 10 12 253 493 587 1715 1889 1890
968 9 2 10 12 207 544 446 1411 1885 1258
969 9 2 10 12 277 546 456 1862 1876 1242
970 9 2 10 12 207 548 448 1535 1873 1410
971 9 2 10 12 380 476 576 1763 1882 1825
972 9 2 10 12 286 451 559 1512 1852 1877
973 9 2 10 12 313 554 485 1754 1891 1234
974 9 2 10 12 212 485 554 1667 1891 1758
975 9 2 10 12 240 570 446 1452 1259 1495
976 9 2 10 12 318 450 584 1365 1851 1397
977 9 2 10 12 303 471 582 1181 1892 1893
978 9 2 10 12 268 512 568 1615 1879 1846
979 9 2 10 12 286 585 490 1835 1887 1511
980 9 2 10 12 321 590 580 1212 1894 1401
981 9 2 10 12 287 587 493 1837 1889 1539
982 9 2 10 12 317 557 499 1783 1895 1490
983 9 2 10 12 282 580 590 1294 1894 1311
984 9 2 10 12 88 582 471 1828 1892 1416
985 9 2 10 12 214 499 557 1598 1895 1673
986 9 2 10 12 223 460 591 715 1896 1840
987 9 2 10 12 224 592 459 1843 1897 1595
988 9 2 10 12 284 591 460 1751 1896 1185
989 9 2 10 12 283 459 592 1188 1897 1748
990 9 2 10 12 300 581 466 1343 1881 1039
991 9 2 10 12 116 479 571 1680 1602 1683
992 9 2 10 12 41 572 478 1682 1605 1681
993 9 2 10 12 303 582 487 1893 1898 1184
994 9 2 10 12 89 487 582 1160 1898 1827
995 9 2 10 12 252 585 488 1888 1866 1786
996 9 2 10 12 253 587 518 1890 1886 1818
$EndElements
