$MeshFormat
2.2 0 8
$EndMeshFormat
$Nodes
2001
1 0 0 0
2 1.5 0 0
3 5 0 0
4 5 1 0
5 1.5 1 0
6 0 1 0
7 0.6 0.5 0
8 0.8 0.5 0
9 0 0.7 0
10 0 0.3 0
11 0.09999999999956016 0 0
12 0.1999999999991797 0 0
13 0.2999999999987273 0 0
14 0.399999999998371 0 0
15 0.4999999999980147 0 0
16 0.5999999999976584 0 0
17 0.6999999999973021 0 0
18 0.799999999997316 0 0
19 0.8999999999976995 0 0
20 0.9999999999980829 0 0
21 1.099999999998466 0 0
22 1.19999999999885 0 0
23 1.299999999999233 0 0
24 1.399999999999616 0 0
25 0.0499999999997871 0 0
26 0.1499999999993731 0 0
27 0.2499999999989535 0 0
28 0.3499999999985535 0 0
29 0.4499999999981982 0 0
30 0.5499999999978246 0 0
31 0.6499999999974704 0 0
32 0.7499999999971865 0 0
33 0.8499999999975114 0 0
34 0.9499999999978943 0 0
35 1.049999999998275 0 0
36 1.149999999998661 0 0
37 1.249999999999001 0 0
38 1.349999999999425 0 0
39 1.449999999999827 0 0
40 1.598398406406691 0 0
41 1.69956316622664 0 0
42 1.803572037350657 0 0
43 1.910505005593579 0 0
44 2.020444248140296 0 0
45 2.133474334969415 0 0
46 2.249682114879001 0 0
47 2.369156932883387 0 0
48 2.491990648637298 0 0
49 2.618277705187979 0 0
50 2.748115164958391 0 0
51 2.881602842581207 0 0
52 3.018843388647588 0 0
53 3.159942280436479 0 0
54 3.305008002622814 0 0
55 3.45415206721074 0 0
56 3.60748918701745 0 0
57 3.76513718708045 0 0
58 3.927217238287477 0 0
59 4.093853987411402 0 0
60 4.265175503547953 0 0
61 4.44131357396772 0 0
62 4.622403538742169 0 0
63 4.808584633364633 0 0
64 1.549199203203357 0 0
65 1.648980786316663 0 0
66 1.751567601788671 0 0
67 1.857038521472099 0 0
68 1.96547462686695 0 0
69 2.076959291554819 0 0
70 2.191578224924208 0 0
71 2.309419523881173 0 0
72 2.430573790760364 0 0
73 2.555134176912639 0 0
74 2.683196435073135 0 0
75 2.814859003769767 0 0
76 2.950223115614397 0 0
77 3.08939283454205 0 0
78 3.232475141529548 0 0
79 3.379580034916787 0 0
80 3.530820627114029 0 0
81 3.686313187048969 0 0
82 3.846177212683973 0 0
83 4.010535612849404 0 0
84 4.179514745479738 0 0
85 4.353244538757997 0 0
86 4.531858556354918 0 0
87 4.715494086053537 0 0
88 4.904292316682271 0 0
89 5 0.1999999999995579 0
90 5 0.3999999999989749 0
91 5 0.5999999999989468 0
92 5 0.7999999999994734 0
93 5 0.09999999999981678 0
94 5 0.2999999999992664 0
95 5 0.4999999999986832 0
96 5 0.6999999999992101 0
97 5 0.8999999999997367 0
98 4.808584633362061 1 0
99 4.622403538739024 1 0
100 4.441313573964803 1 0
101 4.265175503545255 1 0
102 4.093853987408912 1 0
103 3.927217238285182 1 0
104 3.765137187078344 1 0
105 3.607489187015524 1 0
106 3.454152067209565 1 0
107 3.305008002623656 1 0
108 3.159942280436959 1 0
109 3.018843388646401 1 0
110 2.881602842579925 1 0
111 2.748115164957249 1 0
112 2.618277705186969 1 0
113 2.491990648636413 1 0
114 2.369156932882623 1 0
115 2.249682114878349 1 0
116 2.133474334968872 1 0
117 2.020444248139856 1 0
118 1.910505005593236 1 0
119 1.803572037350407 1 0
120 1.699563166226477 1 0
121 1.598398406406613 1 0
122 4.904292316680941 1 0
123 4.715494086050587 1 0
124 4.531858556351828 1 0
125 4.353244538755165 1 0
126 4.179514745477161 1 0
127 4.010535612847018 1 0
128 3.84617721268177 1 0
129 3.686313187046926 1 0
130 3.530820627112526 1 0
131 3.37958003491661 1 0
132 3.23247514153046 1 0
133 3.089392834541631 1 0
134 2.950223115613143 1 0
135 2.814859003768591 1 0
136 2.683196435072086 1 0
137 2.555134176911691 1 0
138 2.430573790759518 1 0
139 2.309419523880486 1 0
140 2.191578224923628 1 0
141 2.076959291554378 1 0
142 1.965474626866533 1 0
143 1.857038521471798 1 0
144 1.751567601788488 1 0
145 1.648980786316545 1 0
146 1.549199203203352 1 0
147 1.400000000001087 1 0
148 1.300000000001012 1 0
149 1.2000000000015 1 0
150 1.100000000001219 1 0
151 1.000000000000967 1 0
152 0.900000000001412 1 0
153 0.8000000000018716 1 0
154 0.7000000000019609 1 0
155 0.6000000000016807 1 0
156 0.5000000000014007 1 0
157 0.4000000000011206 1 0
158 0.3000000000008405 1 0
159 0.2000000000005604 1 0
160 0.1000000000002801 1 0
161 1.450000000000543 1 0
162 1.350000000001042 1 0
163 1.250000000001313 1 0
164 1.150000000001281 1 0
165 1.050000000001072 1 0
166 0.9500000000012142 1 0
167 0.8500000000016594 1 0
168 0.7500000000020588 1 0
169 0.6500000000018265 1 0
170 0.5500000000013841 1 0
171 0.4500000000011282 1 0
172 0.3500000000008474 1 0
173 0.2500000000005476 1 0
174 0.1500000000003863 1 0
175 0.05000000000015215 1 0
176 0.6292893218810941 0.4292893218815964 0
177 0.6999999999996102 0.4 0
178 0.770710678118568 0.4292893218812585 0
179 0.6076120467488352 0.4617316567635783 0
180 0.6617316567632555 0.4076120467489689 0
181 0.7382683432361759 0.4076120467487334 0
182 0.7923879532511122 0.4617316567634516 0
183 0.7707106781188101 0.5707106781184995 0
184 0.7000000000003934 0.6000000000000001 0
185 0.629289321881475 0.5707106781187847 0
186 0.7923879532511916 0.5382683432363572 0
187 0.7382683432368575 0.5923879532509844 0
188 0.6617316567637539 0.5923879532512377 0
189 0.6076120467489107 0.5382683432366042 0
190 0 0.9000000000001807 0
191 0 0.8000000000001664 0
192 0 0.9500000000001064 0
193 0 0.8500000000004694 0
194 0 0.7500000000000832 0
195 0 0.6000000000002439 0
196 0 0.5000000000005315 0
197 0 0.4000000000002657 0
198 0 0.6500000000001219 0
199 0 0.5500000000003877 0
200 0 0.4500000000003366 0
201 0 0.3500000000001899 0
202 0 0.2000000000002564 0
203 0 0.1000000000002544 0
204 0 0.2500000000001282 0
205 0 0.1500000000003991 0
206 0 0.05000000000013985 0
207 1.298601208174139 0.4981080599148751 0
208 1.79938810380724 0.5004649409980067 0
209 2.303428408252509 0.4912507272639603 0
210 2.816710134525976 0.4777131281425046 0
211 0.3378378044754365 0.3450488410633437 0
212 0.3397803553857744 0.6172240076111477 0
213 3.317810319670595 0.5093360521362607 0
214 1.037614925739776 0.6328869396939805 0
215 1.041833424818377 0.3576516679677957 0
216 3.808028550673972 0.5000000000000905 0
217 1.544221909115896 0.6933305957327423 0
218 1.552677375275764 0.3104675361681375 0
219 4.279108796864883 0.5041897121830119 0
220 2.05142101717258 0.6877534026601597 0
221 2.053864723958123 0.3171323392177832 0
222 0.518379490066342 0.228578370129708 0
223 1.273633990791571 0.7425497750960832 0
224 1.276665028349645 0.2442740348792818 0
225 0.523564708358072 0.7729832651650443 0
226 0.8017858317312921 0.7699238878173386 0
227 0.8009738161373264 0.2308134578406462 0
228 2.554510108271884 0.6905654865017025 0
229 2.526938009865215 0.3196159926067027 0
230 1.792152369919948 0.7500686245034905 0
231 1.792587792575369 0.2454882908971516 0
232 3.056191552365731 0.3111054652794828 0
233 3.029051131824121 0.6793995697340596 0
234 2.29235505461532 0.7347166074261358 0
235 2.305814525814689 0.256415541120639 0
236 0.1941005966982765 0.5070278411755573 0
237 0.4196383962989219 0.4923414613585097 0
238 3.53843704500371 0.7080606044149506 0
239 3.543751695759405 0.2817455717586951 0
240 0.1961794977175881 0.8093173765423416 0
241 0.1907755810841533 0.1867863987869802 0
242 1.513818322330067 0.4933432206172695 0
243 2.799459780389988 0.7525909622205067 0
244 2.799459780389966 0.2474090377796805 0
245 0.9718073322717612 0.8271659957405386 0
246 0.9718314591480195 0.1729616503245075 0
247 4.652275664991331 0.355555651168064 0
248 0.9524321616242261 0.5005822579939352 0
249 4.063104636333547 0.3047989461808977 0
250 4.059032813983911 0.6882093739189638 0
251 0.3665228134074295 0.8117827956888681 0
252 0.3626530295236742 0.1861209455370395 0
253 4.570931797524831 0.6862479885278848 0
254 1.984659574352186 0.4924402361417773 0
255 0.4910353202685874 0.621292828337352 0
256 1.127397424426556 0.5007960669330774 0
257 0.6573284468810984 0.2545329949332811 0
258 0.8980471300352259 0.6541309297989414 0
259 0.8980471300349245 0.345869070200156 0
260 0.6530097248815719 0.7453578633963829 0
261 1.423090416785145 0.8286988533752182 0
262 1.423090416785157 0.1713011466248133 0
263 3.301223620881652 0.2330028410163368 0
264 3.300567576408679 0.7717898798644496 0
265 0.5003383915273654 0.3791402358668921 0
266 0.157051594904719 0.3466202407263139 0
267 1.642632956093482 0.8342243905592716 0
268 1.648109658529264 0.1577088225053933 0
269 1.393263319804329 0.6383484609798942 0
270 1.394237336389441 0.3694890930238991 0
271 0.1714917308620831 0.6483196173685689 0
272 1.944602341270691 0.8412312865676366 0
273 1.944602341270738 0.1587687134323918 0
274 1.153281373189976 0.8530872661954059 0
275 1.153300712881757 0.1469725674655801 0
276 2.528769319218101 0.5027035058879599 0
277 3.803258132796707 0.7462346397246895 0
278 3.785068833274496 0.2465626241189109 0
279 1.648644357116085 0.5609467152135459 0
280 1.685069874518654 0.3870993407783498 0
281 1.211441405913384 0.3667818096194418 0
282 1.194021077885192 0.6322659768849722 0
283 1.897918623999067 0.6282352825247217 0
284 1.902089154281865 0.3614654539743165 0
285 4.356137166003281 0.254554140780399 0
286 2.126553310333135 0.8330686984530579 0
287 2.133846790364772 0.1716807860423829 0
288 4.307653819359045 0.7613390881284836 0
289 2.148382947033556 0.5539056093166466 0
290 0.6083902652797956 0.8793012463822448 0
291 0.6056254085239201 0.1239305192759608 0
292 3.00255329208497 0.5000000000000654 0
293 2.450783632978212 0.1693587449188525 0
294 2.450783632978126 0.8306412550810873 0
295 2.195055560906969 0.3736685794624896 0
296 0.7733121182057634 0.6852600551547275 0
297 0.7750166937222662 0.3188936806100029 0
298 2.396656893216342 0.6208311535117728 0
299 2.401822240106054 0.3708900480333331 0
300 0.7352455596698466 0.1210718034698326 0
301 2.646973459839607 0.8306443750432466 0
302 2.639675414592335 0.1671762007691335 0
303 0.7407597774398063 0.8769045381217162 0
304 0.5874671067796806 0.6720553803458953 0
305 3.490868424808261 0.5237994017307567 0
306 0.2992480055274241 0.5270566562405992 0
307 0.4216415538281964 0.2781677436539775 0
308 0.45318719355877 0.1239462908400418 0
309 0.4567380610019381 0.8760463812289442 0
310 2.956092120745069 0.1653278334756305 0
311 2.956092120745044 0.834672166524167 0
312 0.6114956305662267 0.3182023058123383 0
313 2.63113757950769 0.5681724997359106 0
314 1.315840310694262 0.878524245467333 0
315 1.315840310693875 0.121475754532699 0
316 0.8909467463111617 0.8792680298510913 0
317 0.8909467463096262 0.1207319701488825 0
318 0.4284851638249398 0.7272757022293779 0
319 1.685431455821778 0.6702279354174664 0
320 1.752202909096646 0.8490997473168964 0
321 1.75726400482962 0.1403052324993697 0
322 2.701793911573711 0.3763968144643956 0
323 1.129776064222185 0.266729868910986 0
324 1.116477183865159 0.7375480497125277 0
325 4.791180994218138 0.5549362963307555 0
326 2.904372071613268 0.6290015098303712 0
327 2.904372071613267 0.370998490169779 0
328 0.8885943792638136 0.4295692656388099 0
329 0.8885943792639883 0.5706248203586426 0
330 4.002240000585691 0.4973023955172043 0
331 3.159876763001163 0.1671062633524132 0
332 3.15525414988275 0.8348091967389095 0
333 0.2728216031254834 0.888897298413572 0
334 0.1155257676355833 0.8844742323643455 0
335 1.539298869056196 0.8924229653958649 0
336 1.549892146050123 0.1150780614337253 0
337 0.2697190066515798 0.1091747910912243 0
338 0.50629250824589 0.5283695656064259 0
339 4.7687384103405 0.7691036539937013 0
340 0.1133992476068319 0.5766836810758353 0
341 0.1159507305469561 0.421528952893707 0
342 1.58379235118174 0.4155319062072129 0
343 3.14320488484332 0.4517352907903933 0
344 0.1055987580260027 0.7381764454868236 0
345 3.453057671232108 0.8273518591792762 0
346 3.453057671232005 0.1726481408207083 0
347 0.1133199137222115 0.1133199137221191 0
348 1.772276478577139 0.6252014532810758 0
349 2.20361454710418 0.6663594216584247 0
350 0.2818681087972701 0.4389583866587646 0
351 0.09638020188431715 0.2622224397564359 0
352 0.4009383330287233 0.4026053139001385 0
353 0.9243091134047644 0.738869128441138 0
354 0.9243119856506312 0.2611460675185442 0
355 3.202907571074896 0.5928839118709404 0
356 0.2858215831264293 0.7476024275674686 0
357 4.185672605622085 0.166171900499955 0
358 0.4085624999141687 0.5924871635820446 0
359 2.306044117740124 0.9132594708021313 0
360 2.306044117740628 0.08674052919788029 0
361 4.511691987183599 0.1694699728701579 0
362 3.683429877053229 0.8456084907341899 0
363 3.664333708686745 0.1561190326952904 0
364 4.798286137058597 0.2031038909593328 0
365 0.2779711255213189 0.2515858037963997 0
366 3.429356478029624 0.3903643814048594 0
367 3.408948376736059 0.6253737429150743 0
368 0.9686032458043772 0.5932066352522203 0
369 0.9686032458042431 0.4067933647469201 0
370 1.652829421207265 0.2838784979120264 0
371 1.060940312181305 0.9016091831072507 0
372 1.060940312180474 0.09839081689345838 0
373 4.483028699095853 0.4914084052723471 0
374 3.956457987344665 0.8286029802917546 0
375 3.943046541554461 0.1825400073432048 0
376 2.092848993594211 0.4326965155932003 0
377 1.04345894556285 0.4532752097558525 0
378 3.658481230950509 0.5480459934892971 0
379 1.294651329582822 0.6043054630248143 0
380 1.300861160156848 0.409572258895656 0
381 0.531465539250528 0.4494187531649153 0
382 1.372094859258285 0.7329324441299332 0
383 1.372570383862414 0.2664431590476877 0
384 1.046702365614764 0.5479073673916852 0
385 2.05283019480877 0.8945572040891296 0
386 2.053361789563407 0.105788968250251 0
387 1.400772609857564 0.5345084915889364 0
388 4.173848120970622 0.8353145936911458 0
389 1.495871145818062 0.6049138210652483 0
390 3.719920482915859 0.3859182632435445 0
391 2.672221526300933 0.7257080247968388 0
392 4.455876240493944 0.8060908022107922 0
393 2.292050983382531 0.6180915123164765 0
394 1.030365595209015 0.7240446090474468 0
395 1.003817306128332 0.2742963283235123 0
396 2.82164806038176 0.1183978783440255 0
397 2.82164806038075 0.88160212165606 0
398 1.853846975000061 0.9104972415008091 0
399 1.854569988676339 0.08798918418723638 0
400 3.90606065910604 0.6285512343253795 0
401 3.8923755508562 0.3581665802409002 0
402 1.904041003840131 0.7401890863941639 0
403 1.899405305482401 0.2623691129027507 0
404 1.537476782240905 0.7822149520939901 0
405 1.517352744003556 0.225479697550169 0
406 4.225619368236504 0.3393462116893308 0
407 1.800944415308704 0.3509267449487088 0
408 1.491018764339766 0.3914846200855173 0
409 0.3625575759467513 0.9065575585741615 0
410 0.3606965388117461 0.09230402166903629 0
411 0.2494418672447072 0.6015821429916938 0
412 4.129330321346266 0.5609171224126605 0
413 1.225011948001398 0.9142822745891017 0
414 1.225015171282172 0.0857276976878352 0
415 1.709064868775005 0.4862130708139943 0
416 1.209741189142023 0.546494566522614 0
417 2.145007274499638 0.2719822915481212 0
418 2.552664246790558 0.9007346318173998 0
419 2.551621668898635 0.09895402187012344 0
420 2.597489886456686 0.420791046026078 0
421 1.897400674373155 0.5315742863302668 0
422 0.822127978903105 0.624413802375475 0
423 0.8223714896907783 0.3762073150188583 0
424 0.6964257714130128 0.3286027838772365 0
425 1.449999999999809 0.07920707409756353 0
426 1.450000000000544 0.9207929259027922 0
427 0.6786794327713782 0.6701606127008921 0
428 1.996405505355214 0.601936126678131 0
429 0.07809794729898353 0.6526359487862945 0
430 0.5684843585127665 0.5876961322172422 0
431 0.5319295196169704 0.9248554811767507 0
432 4.388898763737585 0.6479218515992515 0
433 0.7334020915781002 0.7991041800487475 0
434 4.829536500600836 0.3825162065029024 0
435 0.7319127834500852 0.200650000163426 0
436 3.171476999297991 0.2988771739905886 0
437 0.4445952631798066 0.7988327258677689 0
438 0.4437479818415421 0.2027543266288383 0
439 2.023198120423854 0.7749047572615128 0
440 2.027940273314125 0.2294374038961007 0
441 0.9727115559757458 0.9150306521425121 0
442 0.9727115559747391 0.08496934785826288 0
443 2.776731998851637 0.5938071845904295 0
444 1.207869725088722 0.4553290938665889 0
445 1.124670382507184 0.4116081694455966 0
446 0.5291985041101173 0.07558126489384578 0
447 1.985244792138311 0.397798565525693 0
448 0.8497427396312577 0.714141227639207 0
449 0.8499325634568797 0.2867800048233613 0
450 1.652875829647821 0.9236666446803219 0
451 1.662184389403689 0.07682020395254816 0
452 0.593189443617524 0.2012555482522761 0
453 0.2391513668033241 0.3454325577235278 0
454 1.080552187860748 0.2096511724860505 0
455 0.5946139988982689 0.7995070500674681 0
456 0.07387650546719844 0.3460743266753446 0
457 3.263489068423733 0.105124943608575 0
458 3.262734974482361 0.8958333679588528 0
459 1.083495964108899 0.803584556578603 0
460 4.47679493816662 0.3343514349478673 0
461 1.121604828832144 0.5877534375443285 0
462 0.8127008542232165 0.08089421440356466 0
463 2.409470990654917 0.2655625840703897 0
464 2.412750374650639 0.7241722468371719 0
465 1.461003072170437 0.7134065212295042 0
466 1.459264729333657 0.2968512580487227 0
467 0.2020554620894883 0.4198561688663526 0
468 2.29363786637331 0.3622502662942191 0
469 4.624626335966244 0.8491213762302572 0
470 1.621394379494614 0.7313275473449946 0
471 0.5113015495912079 0.6969156815330437 0
472 2.185569968828793 0.08995247306561421 0
473 2.184265789697428 0.9108968030734783 0
474 0.8154361672214654 0.9207961870374808 0
475 1.707737978690453 0.7537854096964282 0
476 1.367197799049454 0.4533679422592419 0
477 0.5204815051682995 0.3123952238920469 0
478 1.246789397152672 0.8284244810122348 0
479 1.243405060206476 0.1715910537571897 0
480 2.666413118314463 0.2809856705905388 0
481 0.1940474375034862 0.9157052879847796 0
482 2.209610098285047 0.4654532768720301 0
483 1.956445752962523 0.9292571464315151 0
484 1.956696674648872 0.07050937317397585 0
485 0.3543132780053909 0.4564909087361965 0
486 0.6763709316235566 0.07895463769721763 0
487 0.4634406368909512 0.4351426430222636 0
488 0.5723615327218977 0.3807202876566124 0
489 2.417059395314191 0.5154366391014867 0
490 0.1914307700887009 0.08325666869685004 0
491 3.090941773414648 0.5837034681029221 0
492 1.571603735489789 0.5554062459527733 0
493 3.832487675319329 0.8827007364810867 0
494 3.832487675319487 0.1172992635195692 0
495 1.852163288117758 0.8157634795774476 0
496 1.849685886566894 0.17898410678378 0
497 1.705380263539997 0.2201499007635859 0
498 1.147851239268344 0.06621821640937474 0
499 1.147846726675079 0.9337957447783517 0
500 3.692225792430714 0.6910771243007674 0
501 0.2087502368915717 0.723907417841529 0
502 0.6777733940974923 0.9209776295245096 0
503 2.49328840926077 0.6033922532392463 0
504 2.546854055061168 0.7933389072137826 0
505 2.543773995957118 0.211906556911185 0
506 0.5238880036197025 0.1593410533367785 0
507 1.194052952792466 0.7060512398633873 0
508 1.208621673650884 0.2901987999752697 0
509 1.294066164720436 0.3244598592402059 0
510 1.320350381440699 0.6786420488051249 0
511 3.294401737265864 0.3582360999911943 0
512 0.5266386360558085 0.8419210249813701 0
513 3.052647694628262 0.1063139833701451 0
514 3.051825532013803 0.8944436112400586 0
515 1.607962380116242 0.6361670218707561 0
516 0.1853393443214336 0.2746093659075124 0
517 0.6666120956276718 0.163399250631999 0
518 0.1821083606029747 0.5834033206529138 0
519 2.915653222879579 0.2670170743697914 0
520 2.907111926632075 0.7376508727319934 0
521 0.6419144513163683 0.3713629398455567 0
522 0.07878960677997 0.8134812666991365 0
523 4.340643323382391 0.8836975234711086 0
524 0.9700941355925605 0.6664625896224927 0
525 0.96806754204082 0.3340638742189852 0
526 0.3500258783371565 0.2652308335126901 0
527 2.494738889142595 0.4189293031459024 0
528 2.238245410532177 0.1953679537478611 0
529 2.227013602665329 0.8022156522698788 0
530 2.430573790759518 0.925251005539566 0
531 2.430573790760342 0.07474899446028907 0
532 1.973708849834965 0.3136405751033288 0
533 1.974596854158169 0.6866037311037377 0
534 0.6679915420291724 0.8368587512568447 0
535 1.618592255545856 0.3492443202664317 0
536 1.729308069921144 0.3020606590110706 0
537 4.352790321741467 0.110494757575548 0
538 2.122684813948661 0.7366592954652383 0
539 4.133151235475457 0.4382617661477131 0
540 0.07575573261952397 0.1816245335513755 0
541 1.869083561969313 0.4461920610473288 0
542 2.798610497228903 0.3526049824252025 0
543 0.3517991044438223 0.7053834365732469 0
544 1.732368915268449 0.5576919504191569 0
545 1.833330151533741 0.6789902808695085 0
546 1.37778614549641 0.9256032049490687 0
547 1.377786145495538 0.07439679505101517 0
548 3.549513921046565 0.8964655598867088 0
549 3.549513921046738 0.1035344401128535 0
550 3.37784730782508 0.08734068831247914 0
551 3.37784730782517 0.9126593116871947 0
552 3.586870170310439 0.4073360682014625 0
553 2.720412334690767 0.4649142758974201 0
554 4.213539761312045 0.6714381053498033 0
555 3.161325553283906 0.699916055910235 0
556 2.68508958290394 0.08407394199672816 0
557 2.685055281138182 0.9184435783774516 0
558 0.4246632311778057 0.6559471193178517 0
559 0.7327556192073708 0.2672014412322091 0
560 1.770696623250933 0.4323493076741302 0
561 0.2644916389405116 0.6757749063103251 0
562 2.064363054944185 0.5505791230603324 0
563 4.364137793673429 0.3847699809745913 0
564 4.673950337271987 0.1304419728153633 0
565 1.336159889527334 0.7989644458053636 0
566 1.336159889527605 0.2010355541945697 0
567 0.7280378398336211 0.7339613198236177 0
568 0.291820554089186 0.8188895734095597 0
569 4.872920111356237 0.677971040528083 0
570 2.90148469924655 0.5279132335201379 0
571 4.644096015865937 0.5608526517724067 0
572 1.626464946630714 0.4870885007289353 0
573 3.783220509464328 0.6192405639241027 0
574 0.7524823001935953 0.6267034809108156 0
575 0.7524823001927899 0.3732965190891115 0
576 0.8749594400532605 0.8010806814756017 0
577 0.8742886044320075 0.199339373742881 0
578 3.002744549149838 0.3979915144771608 0
579 0.2893165419529079 0.1776372940078078 0
580 0.8095483423891811 0.8411795840586624 0
581 0.8634733945760325 0.5001293906652056 0
582 2.115553227567777 0.6335396106539968 0
583 3.047832221535746 0.2095895974153323 0
584 3.045593028097664 0.7851747782115612 0
585 0.8076780607036849 0.1589168032948721 0
586 0.749971124277812 0.05111888248070604 0
587 0.4485116504566779 0.5494129707300424 0
588 4.884482880140114 0.8675740981109115 0
589 1.130612499037126 0.3307510081554106 0
590 0.8268384271945435 0.5524470671378836 0
591 0.8268561757940474 0.4476312116318402 0
592 0.06368641901473351 0.9363135809854341 0
593 4.05815759798189 0.1234642419211394 0
594 0.06191893185761619 0.06191893185788053 0
595 2.354684728512885 0.8187452683032399 0
596 2.35682207808016 0.1746990579193186 0
597 0.4377281894779687 0.3469532121734662 0
598 4.898538599859002 0.1043009345633118 0
599 1.114151990184551 0.666169707839642 0
600 1.601033261714425 0.2256375869004266 0
601 1.831004492924795 0.5727110631097441 0
602 2.121830855723886 0.3516812612331469 0
603 3.402663637004245 0.7291873709558613 0
604 3.404066777844651 0.2811712508870357 0
605 2.728070569485982 0.1779257284396502 0
606 2.733414018328001 0.823993813781431 0
607 0.450063783662333 0.9479974565816497 0
608 2.991341821133864 0.5907699315660433 0
609 0.5739914177017603 0.7373638481015669 0
610 2.950223115613165 0.9314725312867318 0
611 2.950223115614397 0.06852746871312429 0
612 0.6288119085060765 0.625545736971888 0
613 0.7467938677525193 0.9437356709367413 0
614 3.299037172363063 0.6547478356088035 0
615 0.07057509580867742 0.5008734125243568 0
616 2.234386458062946 0.296933890714703 0
617 0.449495789829538 0.05257152892195262 0
618 3.661501726674646 0.2756827308057153 0
619 1.074465081184035 0.2888787874100718 0
620 1.758185686908612 0.6956547407535939 0
621 1.437380091752941 0.4517316372820929 0
622 0.3741032018498632 0.5369181294566484 0
623 1.176808870711489 0.7831388789201216 0
624 1.752170874414043 0.9400388172664422 0
625 1.754326970009178 0.05830093332456781 0
626 2.231417396811565 0.5590121094855076 0
627 1.176867417353727 0.2166712424709357 0
628 1.25534194649855 0.6727629007348764 0
629 0.5801749032598982 0.2629928886039301 0
630 4.810358747409486 0.4687262514168289 0
631 4.914768250300417 0.4912581032509246 0
632 4.895590497109069 0.5774681481648512 0
633 0.3741714276499716 0.6048555855965961 0
634 0.3569417786178188 0.577071068533898 0
635 0.391332850882016 0.5647026465193465 0
636 4.706417213103219 0.6649781528830541 0
637 4.669835103932666 0.727675821260793 0
638 4.607513906695385 0.6235503201501458 0
639 4.914768250300417 0.3912581032509386 0
640 4.779959702279319 0.6620199751622284 0
641 4.717638505042038 0.5578944740515811 0
642 0.3195141804565992 0.5721403319258734 0
643 0.3366756036886437 0.5319873928486238 0
644 2.444972651238556 0.6121117033755095 0
645 2.453019391955705 0.6637822500382091 0
646 2.404703633933491 0.6725017001744723 0
647 1.25134391918566 0.3073293296077378 0
648 1.25275378531691 0.3456208344298238 0
649 1.210031539782134 0.3284903047973558 0
650 2.35255271463298 0.7294444271316538 0
651 2.292203018998926 0.6764040598713061 0
652 2.352400679016585 0.6711318795768242 0
653 2.464380124985635 0.3452530203200179 0
654 2.405646615380485 0.3182263160518614 0
655 2.468204500260066 0.2925892883385463 0
656 1.297463662438642 0.3670160590679309 0
657 1.256151283035116 0.3881770342575489 0
658 2.352625324179281 0.4310703876486467 0
659 2.409440817710123 0.4431633435674099 0
660 2.36024390178335 0.5033436831827235 0
661 0.3098529566363534 0.3920036138610542 0
662 0.2605097378002971 0.3921954721911463 0
663 0.2884945856393803 0.3452406993934358 0
664 2.344353938299437 0.6194613329141246 0
665 2.523899258766328 0.6469788698704744 0
666 2.483630241461262 0.7073688666694371 0
667 1.924321672555411 0.7907101864809003 0
668 1.963619562131992 0.7575469218278383 0
669 1.983900230847273 0.8080680219145746 0
670 1.986271307292431 0.1941030586642463 0
671 1.963672789398263 0.2459032583994257 0
672 1.922003823376569 0.2105689131675712 0
673 1.690506636192267 0.5593193328163514 0
674 1.708900185545113 0.6139599429183116 0
675 1.667037906468931 0.6155873253155062 0
676 2.29853313731291 0.4267504967790897 0
677 2.347730053239682 0.3665701571637761 0
678 1.93931892899915 0.7133964087489508 0
679 1.998897487291012 0.7307542441826253 0
680 2.000824561574545 0.2715389894997147 0
681 1.936557077658683 0.2880048440030397 0
682 2.613365817286408 0.7081367556492706 0
683 2.60953779068105 0.7595234660053107 0
684 2.550682081666526 0.7419521968577425 0
685 1.073421389537087 0.7307963293799873 0
686 1.072258792696783 0.6951071584435444 0
687 1.115314587024855 0.7018588787760849 0
688 0.2457153850437141 0.04162833434842502 0
689 0.2848595033251535 0.05458739554561215 0
690 0.2305748883701404 0.09621572989403718 0
691 0.2466743011128503 0.5170422487080782 0
692 0.2743449363860657 0.5643193996161464 0
693 0.2217712319714919 0.5543049920836256 0
694 0.2419617854433792 0.4294072777625586 0
695 0.2206034144464062 0.3826443632949402 0
696 2.596913757450388 0.8119916411285146 0
697 2.65959749307027 0.7781761999200427 0
698 3.260358945372745 0.5511099820036005 0
699 3.173056227959108 0.5223096013306668 0
700 3.230507602256957 0.480535671463327 0
701 1.075883457962163 0.6495283237668112 0
702 1.033990260474395 0.6784657743707137 0
703 2.510838449503905 0.3692726478763025 0
704 2.448280564624325 0.3949096755896178 0
705 4.334003780301234 0.5760557818911317 0
706 4.301219262524816 0.6596799784745274 0
707 4.246324279088464 0.5878139087664076 0
708 0.2470237187521633 0.9578526439923898 0
709 0.2334345203144848 0.9023012931991759 0
710 0.286410801563162 0.9444486492067861 0
711 4.025155987376788 0.9143014901458773 0
712 4.065153054157644 0.8319587869914502 0
713 4.133851054189767 0.917657296845573 0
714 0.1957153850439403 0.04162833434842502 0
715 4.532969954965523 0.9245606881151286 0
716 4.448594907229373 0.9030454011053961 0
717 4.540251288230094 0.8276060892205247 0
718 0.2379843527477734 0.472993113917161 0
719 0.2905580571623471 0.4830075214496819 0
720 1.752322696922794 0.5914467018501164 0
721 1.728853967199458 0.6477146943492711 0
722 0.5659647598093256 0.9624277405883753 0
723 0.5701598924483831 0.9020783637794978 0
724 0.6041951326407382 0.9396506231911224 0
725 3.373583398850109 0.44985021677056 0
726 3.460112451418943 0.457081891567808 0
727 3.404339372239428 0.5165677269335087 0
728 3.44990840077216 0.5745865723229156 0
729 3.363379348203327 0.5673548975256675 0
730 1.442046744477791 0.7710526873023612 0
731 1.499239927205671 0.7478107366617471 0
732 1.480283599513025 0.8054569027346041 0
733 1.470221580394357 0.1983904220874911 0
734 1.488308736668607 0.2611654777994459 0
735 1.441177573059407 0.234076202336768 0
736 0.6388866970495866 0.9604888147622548 0
737 0.6430818296886439 0.9001394379533771 0
738 0.6409981700737384 0.1014425784865892 0
739 0.6028127042607893 0.06196525963798038 0
740 0.6381854658106074 0.03947731884860881 0
741 0.5674119563170187 0.09975589208490326 0
742 0.5645992520538878 0.03779063244692289 0
743 2.256519253268778 0.4783520020679952 0
744 2.251623982329179 0.4138517715831246 0
745 0.3797396791518164 0.3116082923586606 0
746 0.4296848716530825 0.3125604779137218 0
747 0.3877829969767026 0.3460010266184049 0
748 2.159522151899104 0.04497623653280711 0
749 2.1194658791961 0.09787072065793261 0
750 2.093418062266411 0.0528944841251255 0
751 2.093152264888821 0.9472786020445648 0
752 2.118547992253099 0.902727003581304 0
753 2.158870062333151 0.9554484015367392 0
754 4.623514937352635 0.9245606881151286 0
755 3.543975483025138 0.8022630821508296 0
756 3.501285796139336 0.8619087095329925 0
757 3.495747358117909 0.7677062317971134 0
758 3.498404683495705 0.2271968562897017 0
759 3.501285796139372 0.1380912904667809 0
760 3.546632808403071 0.1926400059357743 0
761 0.36938806875208 0.3738270774817411 0
762 0.3776258055170572 0.4295481113181675 0
763 0.3460755412404137 0.4007698748997701 0
764 2.579953449362896 0.5354380028119352 0
765 2.56221299438423 0.5857823764875785 0
766 2.511028864239436 0.5530478795636031 0
767 0.1970237187520233 0.9578526439923898 0
768 1.92687156816075 0.4693161485945531 0
769 1.927164177053812 0.4219953132865109 0
770 1.984952183245249 0.4451194008337351 0
771 3.473692710869885 0.6667171736650124 0
772 3.514652734905986 0.6159300030728536 0
773 2.592823843889787 0.6293689931188065 0
774 2.563129602837394 0.4617472759570189 0
775 2.614313732982188 0.4944817728809943 0
776 2.479802214855904 0.7587555770254773 0
777 2.476622493306017 0.2387345704907874 0
778 2.535356002911167 0.2657612747589438 0
779 0.1537499221525542 0.5418557611256963 0
780 0.09198717170775467 0.5387785468000961 0
781 0.132337846253477 0.5039506268499571 0
782 1.099986573987029 0.7705663031455654 0
783 1.056930779658957 0.7638145828130249 0
784 3.941837612814924 0.9143014901458773 0
785 0.09326291317781676 0.4612011827090319 0
786 0.1550256636226163 0.4642783970346321 0
787 0.3180906934013306 0.4477246476974806 0
788 0.419333261253346 0.3747792630368023 0
789 1.519649434528098 0.9462114826979324 0
790 1.568848637731404 0.9462114826979324 0
791 1.574145276228407 0.05753903071686262 0
792 1.524946073025062 0.05753903071686262 0
793 2.24434671364014 0.3679594228783544 0
794 2.202332829596008 0.4195609281672599 0
795 2.455899142228393 0.4671829711236946 0
796 3.61093346102847 0.7768345475745702 0
797 3.616471899049897 0.8710370253104494 0
798 3.606923814866741 0.129826736404072 0
799 3.604042702223075 0.2189323022269928 0
800 2.215314074884755 0.7342875369641517 0
801 2.174849208306995 0.7694374738675586 0
802 2.163149680526421 0.7015093585618315 0
803 0.6768771091470556 0.2915678894052588 0
804 0.6539607009896198 0.3234025448447874 0
805 0.6344120387236625 0.2863676503728098 0
806 4.914768250300417 0.2912581032512301 0
807 4.813911318829716 0.2928100487311176 0
808 4.899143068529298 0.2015519454794453 0
809 1.262505974001205 0.9571411372945509 0
810 1.27042612934783 0.8964032600282174 0
811 1.307920155347637 0.9392621227336665 0
812 1.307920155346554 0.06073787726634952 0
813 1.270427740988024 0.1036017261102671 0
814 1.262507585640703 0.0428638488439176 0
815 1.697417932595064 0.841662068938084 0
816 1.702539369372234 0.8863831959986092 0
817 1.647754392870651 0.8789455176197967 0
818 1.655147023966476 0.1172645132289707 0
819 1.709724197116654 0.1085627182259589 0
820 1.702686831679442 0.1490070275023815 0
821 3.714735447883597 0.07805951634764521 0
822 3.635911447852097 0.07805951634764521 0
823 3.645459532034376 0.9228042453670949 0
824 3.724283532065787 0.9228042453670949 0
825 3.574674827879385 0.5359226976100269 0
826 3.598459137977109 0.6280532989521238 0
827 0.7259957754885709 0.6777103339278099 0
828 0.7155808664824868 0.6484320468058539 0
829 0.7628972091996793 0.6559817680327715 0
830 1.397592638021715 0.7808156487525757 0
831 1.416548965714361 0.7231694826797187 0
832 1.415917556598036 0.2816472085482052 0
833 1.397830400323786 0.2188721528362505 0
834 0.8954733731536628 0.06036598507444126 0
835 0.8518238002664214 0.1008130922762236 0
836 0.8563504271104581 0.04044710720178233 0
837 0.3616747841677102 0.1392124836030379 0
838 0.4069418661852581 0.1081251562545391 0
839 0.4079201115412221 0.1550336181885407 0
840 0.5842421792563832 0.5438480661086211 0
841 0.5373884333793282 0.558032848911834 0
842 0.5531462541229451 0.5141847828032129 0
843 0.5194304976173207 0.2704867970108774 0
844 0.4710615294982479 0.2952814837730122 0
845 0.4700105219472692 0.2533730568918428 0
846 0.4116304372046838 0.8439145884589061 0
847 0.4096478184743447 0.8913019699015529 0
848 0.3645401946770904 0.8591701771315148 0
849 0.3563394539304153 0.2256758895248648 0
850 0.3921472916759353 0.2321443445955085 0
851 0.3858337160826764 0.2716992885833338 0
852 4.716605484664153 0.9245606881151286 0
853 4.696682373153372 0.8091125151119792 0
854 4.788661521851281 0.8845518269968506 0
855 0.4032005056826082 0.1944376360829389 0
856 0.4326947678348693 0.2404610351414079 0
857 0.9313770392914614 0.853217012795815 0
858 0.8829530931822112 0.8401743556633465 0
859 0.9233833861625109 0.8141233386080702 0
860 0.9230600317900135 0.1861505120336943 0
861 0.8826176753708168 0.1600356719458818 0
862 0.9313891027288228 0.146846810236695 0
863 3.798812431199968 0.05864963175978462 0
864 3.748410692003116 0.1367091481074299 0
865 3.757958776186279 0.8641546136076383 0
866 3.798812431198837 0.9413503682405433 0
867 3.146924672244772 0.5882936899869312 0
868 3.117073329128984 0.5177193794466577 0
869 0.3439318414062965 0.3051398372880169 0
870 2.651679552904311 0.6469402622663747 0
871 0.529759839390677 0.6044944802772971 0
872 0.5779757326462236 0.6298757562815687 0
873 0.5392512135241341 0.6466741043416237 0
874 1.596087349352008 0.9080448050380934 0
875 1.625637118027217 0.961833322340161 0
876 1.63029139790519 0.03841010197627408 0
877 1.606038267726906 0.09594913269313671 0
878 4.260596790335545 0.7163885967391435 0
879 4.348276291548315 0.7046304698638676 0
880 3.854659395951374 0.6873929370250345 0
881 3.931259323225352 0.7285771073085671 0
882 3.879858060070686 0.787418810008222 0
883 3.864057687414479 0.2145513157310579 0
884 3.91771104620533 0.2703532937920525 0
885 3.838722192065348 0.3023646021799055 0
886 0.4484675877001561 0.1633503087344401 0
887 0.4055590382936181 0.8053077607783186 0
888 0.4506666620908724 0.8374395535483565 0
889 1.349686909015851 0.5163082757519057 0
890 1.347711969720193 0.5694069773068753 0
891 1.29662626887848 0.5512067614698447 0
892 1.343957324693576 0.6213269620023543 0
893 1.397017964830947 0.5864284762844153 0
894 0.1077628838179317 0.9422371161821728 0
895 0.1547866025695348 0.9000897601745626 0
896 0.1470237187518831 0.9578526439923898 0
897 2.09360428996409 0.1387348771463169 0
898 2.159708379596783 0.1308166295539985 0
899 2.155409550015282 0.871982750763268 0
900 2.089691752570952 0.8638129512710937 0
901 1.590965912574839 0.8633236779775682 0
902 1.53838782564855 0.8373189587449275 0
903 1.590054869167194 0.8082196713266308 0
904 0.8577180836114386 0.9603980935187404 0
905 0.8531914567663135 0.9000321084442861 0
906 0.8954733731562868 0.9396340149255457 0
907 0.565732769625264 0.4747093765824576 0
908 0.580377430565811 0.4393540375232559 0
909 1.400438281140777 0.8771510291621434 0
910 1.346813228095336 0.9020637252082009 0
911 1.369465363739703 0.8536115494212756 0
912 1.369465363739516 0.1463884505787562 0
913 1.346813228094706 0.0979362747918571 0
914 1.400438281140348 0.1228489708379142 0
915 1.675185467391968 0.7940049001278499 0
916 1.72997044389355 0.8014425785066623 0
917 0.2946111113152408 0.6094030753014208 0
918 0.05279937901300134 0.7190882227434118 0
919 0.05279937901300134 0.769088222743495 0
920 2.853285853511031 0.7451209174762501 0
921 2.864379993506413 0.8096264971940267 0
922 2.810553920385369 0.8170965419382834 0
923 2.810553920385863 0.182903458061853 0
924 2.868650641630669 0.1927074763569084 0
925 2.857556501634773 0.2572130560747359 0
926 2.259684328640325 0.7684661298480073 0
927 2.24798480085975 0.7005380145422802 0
928 0.4760249360915059 0.7501294836972111 0
929 0.4698933567080739 0.7120956918812108 0
930 0.5174331289746399 0.734949473349044 0
931 0.7506749790196923 0.7096106874891726 0
932 0.7033586363024997 0.7020609662622549 0
933 1.624571460121844 0.1916732047029099 0
934 1.575462703882274 0.1703578241670759 0
935 1.599000902289693 0.1363934419695593 0
936 0.7879952549297964 0.2748535692253246 0
937 0.7538861564648185 0.293047560921106 0
938 0.7668647176723487 0.2490074495364276 0
939 1.55919300285899 0.2255586422252978 0
940 1.533622445026839 0.1702788794919471 0
941 2.888870090562898 0.8581371440901136 0
942 2.931602023688559 0.7861615196280802 0
943 2.935872671812324 0.216172453922711 0
944 2.888870090563414 0.141862855909828 0
945 0.9079527781001293 0.5003558243295704 0
946 0.876033886919923 0.4648493281520078 0
947 0.9205132704440198 0.4650757618163726 0
948 0.9205132704441073 0.5356035391762889 0
949 0.8760338869200104 0.5353771055119241 0
950 1.845996549028885 0.2539287018999512 0
951 1.850174860395553 0.3066479289257297 0
952 1.796766103942037 0.2982075179229302 0
953 2.472914357266146 0.5090700724947233 0
954 2.511754104180348 0.4608164045169311 0
955 2.036903018851852 0.0528944841251255 0
956 2.036637221474313 0.9472786020445648 0
957 4.007745400664287 0.7584061771053592 0
958 3.982546736544975 0.6583803041221716 0
959 3.977740093594874 0.3314827632108989 0
960 4.003075588944004 0.2436694767620512 0
961 0.6202384158306262 0.7087066218711391 0
962 0.6330732697755295 0.6711079965233937 0
963 0.6658445788264751 0.7077592380486375 0
964 3.80614801688603 0.3720424217422224 0
965 3.752494658095178 0.3162404436812277 0
966 3.508113324170032 0.3988502248031609 0
967 3.53886929755935 0.4655677349661096 0
968 0.4415395165949365 0.4637420521903866 0
969 0.4848665725684206 0.4817561043143447 0
970 0.4629654522724059 0.5103555134824678 0
971 0.2157751139238409 0.5924927318223038 0
972 0.1881044786506256 0.5452155809142356 0
973 3.763974516794916 0.4429591316218175 0
974 3.850202050765086 0.4290832901204953 0
975 1.941030124362671 0.512007261236022 0
976 1.883242118171234 0.4888831736887979 0
977 0.9318291511434538 0.8971493409968017 0
978 0.9363557779885789 0.9575153260712561 0
979 0.9363557779862193 0.04248467392913144 0
980 0.9318291511421827 0.1028506590035727 0
981 3.565310933034922 0.3445408199800788 0
982 3.486554086894515 0.3360549765817772 0
983 0.7649118357824567 0.7519426038204782 0
984 0.7875489749685278 0.7275919714860331 0
985 0.6691701113646905 0.3499828618613966 0
986 0.6267050409412975 0.3447826228289476 0
987 1.548805336755903 0.4544375634122412 0
988 1.605128648906227 0.4513102034680741 0
989 1.570141634480391 0.4902158606731024 0
990 1.64669691796901 0.6531974786441113 0
991 1.628303368616163 0.598556868542151 0
992 1.772177639508297 0.7995841859101935 0
993 1.749945174305201 0.7519270170999594 0
994 4.171435041329156 0.6161776138812318 0
995 4.204219559105574 0.5325534172978361 0
996 2.120615970313884 0.4933010624549234 0
997 2.151229545939629 0.4490748962326152 0
998 2.178996522659302 0.5096794430943383 0
999 0.8933207546496071 0.612377875078792 0
1000 0.9285988125341828 0.5819157278054314 0
1001 0.9333251879198015 0.6236687825255809 0
1002 0.9333251879195839 0.376331217473538 0
1003 0.9285988125340283 0.418181315192865 0
1004 0.8933207546493691 0.3877191679194829 0
1005 0.5188790237482091 0.4888941593856706 0
1006 1.851516784795285 0.3561960994615127 0
1007 1.900747229882133 0.3119172834385336 0
1008 0.05797536527347805 0.4107644764469863 0
1009 0.03528754790433871 0.4504367062623113 0
1010 0.9605177037142345 0.4536878113704276 0
1011 0.9605177037143016 0.5468944466230777 0
1012 2.106373000988871 0.5522423661884894 0
1013 2.078606024269198 0.4916378193267664 0
1014 0.5988868401971208 0.5792034051680135 0
1015 0.8115274289185106 0.6997006413969673 0
1016 0.8257642856812749 0.7420325577282727 0
1017 0.8254531897971031 0.2587967313320037 0
1018 0.812474628589573 0.3028368427166821 0
1019 0.1558526326765857 0.8468958044533436 0
1020 0.09715768720777666 0.848977749531741 0
1021 0.137484552248779 0.811399321620739 0
1022 0.1457153850441305 0.04162833434842502 0
1023 0.1523753419054562 0.09828829120948456 0
1024 0.1066599568608858 0.05665995686105953 0
1025 0.6135005712916661 0.7413608557489748 0
1026 0.5807292622407205 0.704709614223731 0
1027 0.9722594441237535 0.8710983239415253 0
1028 0.9722715075613793 0.1289654990913852 0
1029 2.431767003814383 0.7774067509591296 0
1030 2.498818844019647 0.811990081147435 0
1031 2.497278814467665 0.1906326509150188 0
1032 2.430127311816564 0.2174606644946211 0
1033 2.124619062140898 0.7848639969591481 0
1034 2.176783456499232 0.8176421753614683 0
1035 1.326000100110798 0.8387443456363484 0
1036 1.37962515315624 0.8138316495902909 0
1037 1.379625153156381 0.1861683504096915 0
1038 1.32600010011074 0.1612556543636344 0
1039 0.5493843281854443 0.6844855309394695 0
1040 0.5011684349298977 0.6591042549351979 0
1041 1.338893072748711 0.9628016024745343 0
1042 1.338893072747386 0.03719839752550758 0
1043 1.599034341060251 0.5212473733408543 0
1044 1.542711028909928 0.5243747332850215 0
1045 0.4974530880707396 0.4422806980935894 0
1046 1.655767410574684 0.4370939207536426 0
1047 1.634431112850197 0.4013156234927814 0
1048 4.567047762962884 0.08473498643507896 0
1049 4.476502780575659 0.08473498643507896 0
1050 0.481063735953942 0.2156663483792732 0
1051 2.247832765243356 0.6422254669874505 0
1052 3.211715674430105 0.05256247180428752 0
1053 3.211682915712448 0.1361156034804941 0
1054 3.159909521718821 0.08355313167620659 0
1055 3.157598215159855 0.9174045983694548 0
1056 3.208994562182555 0.8653212823488812 0
1057 3.21133862745966 0.9479166839794264 0
1058 0.03528754790433871 0.5004367062624442 0
1059 0.8996342767290124 0.7699749049583698 0
1060 0.9480582228382628 0.7830175620908383 0
1061 0.9480717223993254 0.2170538589215258 0
1062 0.8993002950413194 0.2302427206307126 0
1063 2.596675564089839 0.3003008315986208 0
1064 2.631951502385575 0.3508883583083084 0
1065 2.562213948160951 0.3702035193163904 0
1066 0.09219418240298634 0.77582885609298 0
1067 0.1508891278717954 0.7737469110145826 0
1068 0.4840799857689393 0.7859079955164066 0
1069 0.4365402135023733 0.7630542140485734 0
1070 0.1951134676105371 0.8625113322635606 0
1071 2.684103514944087 0.3286912425274672 0
1072 2.732511807771683 0.3167953265078706 0
1073 2.750202204401307 0.3645008984447991 0
1074 2.354555189348361 0.5667640757089816 0
1075 2.29773969581752 0.5546711197902184 0
1076 0.04819010094215857 0.2311112198783461 0
1077 0.04819010094215857 0.281111219878218 0
1078 3.376812623820394 0.7995708695218629 0
1079 3.415452489528639 0.8700055854332355 0
1080 3.339207442116924 0.8422245957758221 0
1081 3.339535464353366 0.160171764664408 0
1082 3.415452489528542 0.1299944145665938 0
1083 3.377140646056828 0.2028254909185226 0
1084 4.581983826087464 0.2625128120191109 0
1085 4.592821162227793 0.1499559728427606 0
1086 4.663113001131659 0.2429988119917136 0
1087 3.733254890812241 0.5240229967446938 0
1088 3.689200856933184 0.4669821283664208 0
1089 0.1332656568518386 0.1842054661691778 0
1090 0.09453782317086774 0.1474722236367473 0
1091 0.1520477474031824 0.1500531562545496 0
1092 0.2345005504215358 0.8491073374779568 0
1093 0.3176895895361174 0.8977274284938668 0
1094 0.3312787879737958 0.9532787792870807 0
1095 1.731322134184808 0.1802275666314778 0
1096 1.67674496103463 0.1889293616344896 0
1097 1.943666973210088 0.3796320097500048 0
1098 1.885586358125589 0.4038287575108227 0
1099 2.799035138809435 0.3000070101024415 0
1100 2.732936449352215 0.2641973541851096 0
1101 2.910012647246423 0.3190077822697852 0
1102 2.959198886014709 0.3325042944234761 0
1103 2.953558310381553 0.3844950023234699 0
1104 4.116440467477267 0.7617619838050548 0
1105 2.649641899015199 0.3985939302452368 0
1106 2.675774957099228 0.5165433878166653 0
1107 2.748572166771202 0.5293607302439248 0
1108 2.703934789179663 0.5809898421631701 0
1109 1.16856930678429 0.5236453167278456 0
1110 1.165673008987084 0.5671240020334712 0
1111 1.12450112662935 0.544274752238703 0
1112 2.406858144265267 0.5681338963066298 0
1113 1.448321877837813 0.5697111563270924 0
1114 1.444567232811196 0.6216311410225712 0
1115 4.736118237165291 0.166772931887348 0
1116 4.725280901024964 0.2793297710636984 0
1117 2.860541103069621 0.4243558091561418 0
1118 2.902928385429909 0.4494558618449585 0
1119 2.859097416886263 0.5028131808313212 0
1120 0.1435778914842352 0.2245044192717081 0
1121 0.08606796725192056 0.2219234866539057 0
1122 1.504844734074065 0.5491285208412589 0
1123 1.457295466093816 0.513925856103103 0
1124 4.124388620977816 0.2354854233404263 0
1125 4.205645986929294 0.2527590560946429 0
1126 4.144362002285025 0.3220725789351142 0
1127 0.039394803389985 0.8067406333496514 0
1128 1.822157829018853 0.782916052040469 0
1129 1.802183098607202 0.832431613447172 0
1130 1.774925898702494 0.1928967616982607 0
1131 1.803474945698257 0.1596446696415749 0
1132 1.821136839571131 0.2122361988404658 0
1133 0.3591609589256259 0.7585831161310574 0
1134 0.390142134134381 0.7163295694013123 0
1135 0.3975039886161847 0.769529248959123 0
1136 0.5958352669130624 0.2905975972081342 0
1137 0.6187516750704982 0.2587629417686056 0
1138 0.039394803389985 0.8567406333496586 0
1139 0.05776288381779166 0.8922371161822631 0
1140 3.905134275629831 0.4986511977586474 0
1141 3.954150329845866 0.5629268149212919 0
1142 3.857044604890006 0.564275617162735 0
1143 3.947307775720946 0.4277344878790522 0
1144 1.748984028057683 0.2328190958303688 0
1145 1.568234863228752 0.3629997211876752 0
1146 1.537405557760753 0.4035082631463651 0
1147 1.521848069807765 0.3509760781268274 0
1148 1.69706737164683 0.436656205796172 0
1149 1.66776490770286 0.4866507857714648 0
1150 2.968081529228098 0.7085252212330264 0
1151 2.905741999122671 0.6833261912811823 0
1152 2.966711601718695 0.6542005397822154 0
1153 1.08047015608947 0.04919540844672919 0
1154 1.030470156089278 0.04919540844672919 0
1155 1.030470156091136 0.9508045915536254 0
1156 1.080470156091262 0.9508045915536254 0
1157 0.8600875544691654 0.6392723660872082 0
1158 0.8553611790835467 0.5975193113670587 0
1159 0.855482934477296 0.4028882903288341 0
1160 0.8602093098628514 0.3610381926095071 0
1161 3.052011886950738 0.2603475313474075 0
1162 3.109654610416869 0.2542333857029604 0
1163 3.113834275831861 0.3049913196350357 0
1164 4.219511812257938 0.917657296845573 0
1165 4.432241154462533 0.139982365222853 0
1166 4.397051947854593 0.05524737878777401 0
1167 2.807660315877439 0.4151590552838536 0
1168 2.851491284421085 0.3618017362974907 0
1169 0.999567263619495 0.5242448126928102 0
1170 1.007652805709571 0.5705570013219528 0
1171 2.277863116309237 0.9566297354010657 0
1172 2.337600525311373 0.9566297354010657 0
1173 2.337600525312007 0.04337026459894015 0
1174 2.277863116309814 0.04337026459894015 0
1175 1.042646185190614 0.4054634388618241 0
1176 1.006031095683547 0.4300342872513863 0
1177 1.00521833531131 0.3822225163573579 0
1178 0.9340706328138932 0.660296759710717 0
1179 0.9472016244986625 0.7026658590318153 0
1180 0.9111781217199951 0.6965000291200396 0
1181 0.9111795578427779 0.30350756885935 0
1182 0.9461897638457256 0.2976049708687647 0
1183 0.9330573360378722 0.3399664722095706 0
1184 2.788095889620813 0.673199073405468 0
1185 2.840552035232452 0.6114043472104003 0
1186 2.851915926001628 0.6907962360254389 0
1187 3.282356344652692 0.1690638923124559 0
1188 3.320668188124406 0.09623281596052709 0
1189 3.320291141153766 0.9042463398230238 0
1190 3.28165127544552 0.8338116239116512 0
1191 2.985922387622655 0.2890612698246371 0
1192 3.029468050757785 0.3545484898783218 0
1193 3.165676881149577 0.2329917186715009 0
1194 3.103854492268455 0.1883479303838727 0
1195 0.3271890650179686 0.8627235659918606 0
1196 0.3291716837483077 0.815336184549214 0
1197 0.1911031755864271 0.1350215337419151 0
1198 0.2302472938678666 0.1479805949391023 0
1199 4.22542405458502 0.08308595024997748 0
1200 4.139763296516744 0.08308595024997748 0
1201 4.257245722176506 0.8595060585811272 0
1202 4.302909413463823 0.9418487617355543 0
1203 0.3303482694052367 0.04615201083451814 0
1204 0.315207772731663 0.1007394063801303 0
1205 0.5519135359862128 0.4150695204107638 0
1206 0.6008254273014959 0.4050048047691044 0
1207 0.997945553593538 0.4769287338748938 0
1208 1.045080655588807 0.5005912885737689 0
1209 0.8063504271102662 0.04044710720178233 0
1210 4.290878267119892 0.2969501762348649 0
1211 4.270904885812684 0.210363020640177 0
1212 2.95201899566576 0.5139566167601016 0
1213 2.953462681849119 0.4354992450849222 0
1214 4.032672318459619 0.401050670849051 0
1215 4.030636407284801 0.5927558847180841 0
1216 4.721728329604734 0.4552459737494097 0
1217 4.648185840428634 0.4582041514702354 0
1218 3.351615606706462 0.7504886254101555 0
1219 3.427860654118176 0.7782696150675688 0
1220 3.428562224538328 0.226909695853872 0
1221 3.352645199363152 0.2570870459516862 0
1222 3.817872904058018 0.8144676881028881 0
1223 3.743344004924968 0.7959215652294397 0
1224 3.724701270980621 0.2013408284071007 0
1225 3.808778254296992 0.1819309438192401 0
1226 2.18990017192256 0.5564588594010771 0
1227 2.217515971957873 0.6126857655719662 0
1228 2.175998747068868 0.6101325154875357 0
1229 2.768561234608371 0.4713137020199624 0
1230 2.759511415959835 0.4087596291613113 0
1231 1.520046527466979 0.6491222083989953 0
1232 1.551916762967152 0.6205404214680022 0
1233 1.576092144616069 0.6647488088017493 0
1234 1.48119464292067 0.8605609093855415 0
1235 1.48649128141764 0.1431896040292693 0
1236 1.777871455882225 0.9700194086332211 0
1237 1.803008924707052 0.9252680293836257 0
1238 1.828709506175234 0.9552486207504045 0
1239 1.829071013013498 0.04399459209361819 0
1240 1.804448479342758 0.07314505875590209 0
1241 1.778949503679917 0.02915046666228391 0
1242 3.236350310089822 0.2659400075034627 0
1243 3.230550191941408 0.200054552184375 0
1244 0.1590030963182222 0.4206925608800298 0
1245 0.1980780293938824 0.463442005020955 0
1246 3.106262228814712 0.1367101233612792 0
1247 3.10629498753237 0.05315699168507257 0
1248 3.105883906225381 0.9472218056200292 0
1249 3.103539840948276 0.864626403989484 0
1250 1.765231082742875 0.6604280970173349 0
1251 1.721808571365195 0.6829413380855302 0
1252 2.796721066688806 0.535760156366467 0
1253 3.002648920617404 0.4489957572386131 0
1254 2.947856946373566 0.6098857206982072 0
1255 3.010196476478993 0.6350847506500514 0
1256 0.2823210786073347 0.8538934359115659 0
1257 4.832050552787187 0.6164536684294193 0
1258 4.820829260848369 0.7235373472608921 0
1259 4.740906082796084 0.3690359288354832 0
1260 1.003109085772076 0.6130467874731004 0
1261 1.04215864567727 0.5903971535428328 0
1262 4.354463743872374 0.1825244491779735 0
1263 4.433914576593439 0.2120120568252784 0
1264 0.03528754790433871 0.5504367062623004 0
1265 0.05669962380341595 0.5883418405380396 0
1266 1.752186891755345 0.8945692822916693 0
1267 1.702523352030932 0.9318527309733821 0
1268 1.708255679706433 0.06756056863855799 0
1269 1.755795487419399 0.09930308291196877 0
1270 2.702817772314467 0.7748509192891349 0
1271 2.690193739083804 0.8273190944123388 0
1272 4.065785160965978 0.5291097589649324 0
1273 4.094181567665088 0.6245632481658121 0
1274 1.533737440653926 0.5801600335090108 0
1275 1.589783057803015 0.5957866339117648 0
1276 0.1247948390805333 0.6504777830774318 0
1277 0.09574859745290772 0.6146598149310649 0
1278 0.1424454892344575 0.6125016492222022 0
1279 0.1901209838768274 0.686113517605049 0
1280 0.1571744974587872 0.7310419316641763 0
1281 0.1385452444440429 0.6932480314276963 0
1282 0.325984785738291 0.1818791197724237 0
1283 0.325006540382327 0.1349706578384221 0
1284 0.1795535284971036 0.3832382047963333 0
1285 0.1365011627258375 0.3840745968100104 0
1286 4.936460055678118 0.6389855202635149 0
1287 1.212505974001449 0.9571411372945509 0
1288 1.212507585640511 0.0428638488439176 0
1289 0.2024648673045799 0.7666123971919353 0
1290 1.502418543334917 0.4424139203513934 0
1291 0.09184835266249311 0.6954061971365591 0
1292 2.711103123132239 0.4206555451809079 0
1293 0.4791048473231341 0.3296742180327565 0
1294 3.072974716996579 0.424863402633777 0
1295 3.072879088464145 0.4758676453952294 0
1296 2.139427032432205 0.221831538795252 0
1297 2.086473773906882 0.250709847722111 0
1298 2.080893531839449 0.2005590949692418 0
1299 1.253235466631431 0.4767185768907321 0
1300 1.254365442622785 0.4324506763811225 0
1301 1.299731184165493 0.4538401594052656 0
1302 1.57943558086776 0.7567712497194923 0
1303 1.632013667794048 0.7827759689521331 0
1304 4.513404019009387 0.7461693953693385 0
1305 4.422387502115765 0.7270063269050219 0
1306 4.479915280631208 0.6670849200635682 0
1307 3.099698218604526 0.3814203780349381 0
1308 1.803024942048354 0.8797984944088528 0
1309 1.805916996752979 0.1141472083433031 0
1310 0.08960609332515843 0.9103939066748898 0
1311 0.03184320950736676 0.9181567904928074 0
1312 0.0818432095075068 0.9681567904927171 0
1313 3.046747532749809 0.5418517340514937 0
1314 3.622675700630474 0.4776910308453798 0
1315 3.653395326613149 0.3966271657225035 0
1316 1.882175990296648 0.9552486207504045 0
1317 1.882537497134959 0.04399459209361819 0
1318 0.05665995686110576 0.1066599568611867 0
1319 0.03787786630976198 0.1408122667758149 0
1320 4.131240778410861 0.4995894442801868 0
1321 4.20613001617017 0.4712257391653625 0
1322 0.3822217932817901 0.6365855634644997 0
1323 0.388231167810814 0.6806652779455493 0
1324 0.3457897299147983 0.6613037220921973 0
1325 0.4838179927306223 0.1810476899828084 0
1326 0.5211337468430222 0.1939597117332432 0
1327 4.17938530185598 0.388803988918522 0
1328 4.252364082550693 0.4217679619361713 0
1329 0.09491361800707727 0.3838016397845258 0
1330 0.1154640501859587 0.3463472837008292 0
1331 0.8077180836116684 0.9603980935187404 0
1332 1.475000000000272 0.9603964629513961 0
1333 1.49464943452837 0.9066079456493286 0
1334 1.499946073024966 0.09714256776564439 0
1335 1.474999999999904 0.03960353704878177 0
1336 0.2795177743022439 0.1434060425495161 0
1337 4.381765029926495 0.7837149451696379 0
1338 1.157812953358668 0.6100097072146504 0
1339 1.201881133513608 0.589380271703793 0
1340 0.7262411500969943 0.6133517404554079 0
1341 0.6893397163858859 0.6350803063504461 0
1342 0.5104099483478324 0.3457677298794695 0
1343 0.5464215189450986 0.3465577557743297 0
1344 0.5363499621246315 0.3799302617617523 0
1345 4.597779066745538 0.7676846823790711 0
1346 0.9773373543068895 0.7314568687442924 0
1347 1.001086463740388 0.7756053023939927 0
1348 0.9878243826381757 0.2236289893240099 0
1349 0.9640646458894816 0.2677211979210282 0
1350 1.436545208392844 0.8747458896390052 0
1351 1.436545208392483 0.1252541103611884 0
1352 0.3267806417664075 0.4917737824883979 0
1353 2.040902498636124 0.2732848715569419 0
1354 2.09943599922888 0.2945573153829522 0
1355 0.5251016722069403 0.8074521450732073 0
1356 0.4856169496178076 0.8203768754245695 0
1357 0.244000025903387 0.8141034749759506 0
1358 0.4885375985892362 0.1416436720884101 0
1359 4.060631117157719 0.2141315940510186 0
1360 4.121915101801988 0.1448180712105472 0
1361 4.826610645240307 0.8183388760523064 0
1362 4.846533756751088 0.9337870490554557 0
1363 0.5919285816440623 0.3494612967344754 0
1364 0.5659885678672632 0.3152987648521926 0
1365 0.4265741975013728 0.6916114107736148 0
1366 0.4679823903845068 0.6764314004254477 0
1367 3.284248535523274 0.05256247180428752 0
1368 3.283871488553008 0.9479166839794264 0
1369 0.0851283536757578 0.3041483832158902 0
1370 0.1267158983945181 0.3044213402413749 0
1371 2.261734190097048 0.5885518109009921 0
1372 0.8383726358922763 0.7855022846464701 0
1373 0.8623510898422591 0.7576109545574044 0
1374 0.8621105839444436 0.2430596892831211 0
1375 0.837631210284667 0.2150764157917636 0
1376 1.505971052304711 0.3036593971084301 0
1377 1.53501505963966 0.2679736168591532 0
1378 1.5408493456784 0.7377727739133662 0
1379 1.502612490643166 0.7033685584811232 0
1380 3.227910863145715 0.8032995383016796 0
1381 3.158289851583328 0.7673626263245723 0
1382 3.230946564846293 0.7358529678873422 0
1383 0.3812787879739359 0.9532787792870807 0
1384 1.08704989502066 0.5243517171623813 0
1385 1.085428184994703 0.4770356383444649 0
1386 1.285365596535041 0.2843669470597439 0
1387 1.242643351000265 0.2672364174272757 0
1388 1.016385885664247 0.135676233608983 0
1389 1.070746250020611 0.1540209946897544 0
1390 1.026191823504384 0.191306411405279 0
1391 1.016825934077607 0.09168008237586063 0
1392 0.9863557779864109 0.04248467392913144 0
1393 0.9863557779883563 0.9575153260712561 0
1394 1.016825934078525 0.9083199176248814 0
1395 2.658951110573727 0.4428526609617491 0
1396 0.2400460615185306 0.182211846397394 0
1397 0.4916883485288733 0.8589837031051572 0
1398 0.03693825273359922 0.3730371633378051 0
1399 2.24580704328471 0.08834650113174725 0
1400 2.217626041853897 0.04497623653280711 0
1401 2.216973952287889 0.9554484015367392 0
1402 2.245154953718776 0.9120781369378048 0
1403 1.413893072748477 0.9231980654259304 0
1404 1.413893072747674 0.07680193457428935 0
1405 0.4986639142572387 0.5748311969718889 0
1406 1.897659649186111 0.5799047844274943 0
1407 1.946903089864185 0.566755206504199 0
1408 1.94716206467714 0.6150857046014264 0
1409 0.887025926518011 0.7265051780401725 0
1410 0.8738949348332418 0.6841360787190742 0
1411 0.8739898467459022 0.3163245375117586 0
1412 0.8871222745537555 0.2739630361709528 0
1413 4.324148571370718 0.8225183057997961 0
1414 4.240750970164834 0.7983268409098148 0
1415 2.038754283973199 0.4625683758674888 0
1416 2.024511314648186 0.5215096796010549 0
1417 1.02765164819033 0.8153752761595707 0
1418 1.072218138145102 0.8525968698429268 0
1419 1.016373822226533 0.8643875894238946 0
1420 0.4774020793512839 0.5388912681682341 0
1421 0.4340750233777999 0.5208772160442761 0
1422 3.037322079960893 0.7322871739728104 0
1423 2.976352477364869 0.7614128254717774 0
1424 2.981742722207662 0.2383033358925618 0
1425 2.724476762576285 0.6597576046936342 0
1426 0.2343733533027361 0.2191861012916899 0
1427 0.2316552349213762 0.263097584851956 0
1428 0.1880574627027934 0.2306978823472463 0
1429 4.000602069768176 0.1530021246321721 0
1430 1.209655565501053 0.4110554517430154 0
1431 0.1477538041049033 0.5800435008643745 0
1432 0.4166128655459872 0.6242171414499481 0
1433 4.098127935904502 0.3715303561643054 0
1434 4.067695618030574 0.4677820808324587 0
1435 2.159583887335979 0.6499495161562108 0
1436 2.131968087300667 0.5937226099853217 0
1437 0.7092665857686493 0.8989410838231129 0
1438 0.6728824680633323 0.8789181903906771 0
1439 0.7043756597344894 0.8568816446892804 0
1440 3.157340942070656 0.3753062323904909 0
1441 1.04218474699454 0.2419737504047814 0
1442 0.985942424084576 0.3041801012712487 0
1443 1.000229865400788 0.6952535993349698 0
1444 2.14395227725059 0.403182547527845 0
1445 2.037309568798217 0.7313290799608363 0
1446 2.013008935665375 0.6871785668819488 0
1447 1.12603390346687 0.456202118189337 0
1448 1.166270053797953 0.4334686316560928 0
1449 1.167633574757639 0.4780625803998332 0
1450 2.191626342515908 0.2336751226479912 0
1451 2.236315934297561 0.246150922231282 0
1452 2.189696866281292 0.2844580911314121 0
1453 0.03904897364949177 0.6263179743932692 0
1454 1.116926450371253 0.1783118699758153 0
1455 1.107120512531116 0.1226816921795192 0
1456 1.252196259362423 0.5754000147737142 0
1457 1.244336203734007 0.6182857199548932 0
1458 0.4697734853626326 0.5853528995336972 0
1459 0.1768000457325289 0.6158614690107414 0
1460 2.013786786896544 0.315386457160556 0
1461 1.9905325398537 0.5471881814099542 0
1462 0.03693825273359922 0.3230371633376723 0
1463 0.08761942278991386 0.0876194227899998 0
1464 0.08095946592858817 0.03095946592894027 0
1465 0.0309594659288081 0.08095946592906744 0
1466 4.321623295269156 0.4444798465788016 0
1467 4.423583246384641 0.4380891931234692 0
1468 4.381068747980368 0.4977990587276795 0
1469 3.470550341003978 0.7186239876854059 0
1470 3.473909236802028 0.2814584113228654 0
1471 1.10711084268564 0.8773482246513282 0
1472 1.118388668649438 0.8283359113870044 0
1473 0.03904897364949177 0.6763179743931472 0
1474 0.3803482694050586 0.04615201083451814 0
1475 0.03787786630976198 0.1908122667758159 0
1476 2.368308954249821 0.9192552381708486 0
1477 2.39986536182107 0.962625502769783 0
1478 2.399865361821865 0.03737449723014454 0
1479 2.368308954250485 0.08074476182908469 0
1480 3.218803311054592 0.4049856953907938 0
1481 3.306106028468229 0.4337860760637275 0
1482 2.393697934420251 0.1247240261898038 0
1483 2.331433097910394 0.1307197935585995 0
1484 2.330364423126505 0.8660023695526856 0
1485 2.392629259636202 0.8719981369214029 0
1486 4.30898291264471 0.05524737878777401 0
1487 4.269231463681776 0.1383333290377515 0
1488 2.766436899358995 0.7882923880009689 0
1489 2.73584065334546 0.7391494935086728 0
1490 2.851625451481483 0.05919893917201276 0
1491 2.784881612670076 0.05919893917201276 0
1492 2.784881612669 0.9408010608280299 0
1493 2.851625451480338 0.9408010608280299 0
1494 1.58563481541081 0.3298559282172846 0
1495 1.601192303363798 0.3823881132368223 0
1496 0.4578492757231966 0.6386199738276018 0
1497 4.49424346267511 0.2519107039090126 0
1498 4.41646605208495 0.2944527878641332 0
1499 1.254171198658081 0.5223013132187445 0
1500 3.992687418134683 0.06173212096056972 0
1501 3.935131889920969 0.0912700036716024 0
1502 0.3261721982669294 0.7796926116281684 0
1503 0.3188103437851257 0.7264929320703577 0
1504 2.186046100448475 0.183524369895122 0
1505 4.435963731416719 0.5696651284357993 0
1506 4.526980248310342 0.5888281969001159 0
1507 1.084064664035017 0.4324416896007245 0
1508 0.4102883646638226 0.4474733876293241 0
1509 0.4321894849598372 0.418873978461201 0
1510 1.084153597223454 0.5678304024680069 0
1511 3.415999687517368 0.9563296558435974 0
1512 3.463680614435868 0.9045624357869517 0
1513 3.501832994128065 0.9482327799433544 0
1514 3.501832994128739 0.05176722005642676 0
1515 3.463680614435909 0.09543756421266633 0
1516 3.41599968751791 0.04367034415623957 0
1517 1.651831065032255 0.3681718305223908 0
1518 0.1981014808540215 0.3460263992249208 0
1519 2.953157618179104 0.8830723489054494 0
1520 2.885935587996958 0.9065373264713958 0
1521 2.885935587998078 0.0934626735285749 0
1522 2.953157618179733 0.1169276510943774 0
1523 3.615331418717212 0.699568864357859 0
1524 3.687827834741971 0.7683428075174786 0
1525 1.475141746836712 0.34416793906712 0
1526 0.3139985019292377 0.2584083186545449 0
1527 0.3203120775224966 0.2188533746667196 0
1528 0.1408597731028753 0.2684159028319741 0
1529 0.1711954696130763 0.3106148033169132 0
1530 0.4497989100913781 0.6068899959596983 0
1531 0.4285370751854233 0.5709500671560435 0
1532 0.2585612461623215 0.2985091807599637 0
1533 0.3079044649983777 0.2983173224298717 0
1534 0.3869758371521564 0.4744161850473531 0
1535 1.835013988639008 0.3985594029980188 0
1536 1.819890092610123 0.4392706843607295 0
1537 1.785820519279818 0.3916380263114195 0
1538 2.357642758234803 0.2609890625955144 0
1539 2.351554428514113 0.3139064251823044 0
1540 2.299726196094 0.3093329037074291 0
1541 4.803435385211615 0.1015519454796664 0
1542 4.741267485318311 0.06522098640768163 0
1543 1.077508634522391 0.2492649799480612 0
1544 1.039141193656183 0.2815875578667921 0
1545 3.405806006870153 0.6772805569354679 0
1546 3.416711627937138 0.3357678161459475 0
1547 3.059996452619385 0.6315515189184908 0
1548 3.126133663349277 0.6418097620065786 0
1549 3.095188342554014 0.6896578128221473 0
1550 3.250972371718979 0.6238158737398719 0
1551 3.230181362823485 0.6773319457595193 0
1552 3.182116562179401 0.6463999838905876 0
1553 3.035745541637925 0.05315699168507257 0
1554 3.035334460330102 0.9472218056200292 0
1555 2.839108349049094 0.5608602090552837 0
1556 1.083251903662781 0.3846299187066962 0
1557 0.2122453555623788 0.3100209618155201 0
1558 4.076005792696646 0.06173212096056972 0
1559 3.662917717680696 0.2159008817505029 0
1560 3.602626711217026 0.2787141512822052 0
1561 0.6238118618899204 0.7724324567319255 0
1562 0.5843027083000146 0.7684354490845176 0
1563 4.564535301578975 0.3449535430579657 0
1564 2.584949687043307 0.04947701093506172 0
1565 2.521806158767967 0.04947701093506172 0
1566 2.522327447713486 0.9503673159086998 0
1567 2.585470975988764 0.9503673159086998 0
1568 0.7009288276487592 0.1422355270509158 0
1569 0.6714915136256141 0.1211769441646083 0
1570 0.7058082456467016 0.1000132205835251 0
1571 3.747741962613711 0.7186558820127285 0
1572 2.073356858776167 0.3749144274054918 0
1573 2.039046892866261 0.4152475405594467 0
1574 2.019554758048217 0.3574654523717381 0
1575 0.7977200485544342 0.6548369287651012 0
1576 0.8359353592671813 0.6692775150073409 0
1577 0.836152026573829 0.3314936599211098 0
1578 0.7986940917065223 0.3475504978144306 0
1579 2.697241843900223 0.2294556995150945 0
1580 2.763765174937974 0.2126673831096653 0
1581 0.6381909036544839 0.8580799988195448 0
1582 3.299802374385871 0.7132688577366265 0
1583 0.2410005404220087 0.7784599020549051 0
1584 0.2888210686078076 0.7832460004885142 0
1585 3.308423746016829 0.5820419438725321 0
1586 2.902928385429909 0.5784573716752546 0
1587 3.349234257555257 0.319703675439115 0
1588 3.297812679073758 0.2956194705037656 0
1589 1.85300513155891 0.8631303605391283 0
1590 1.852127937621616 0.1334866454855082 0
1591 2.038014157616312 0.8347309806753211 0
1592 2.074875715378495 0.8039867278572853 0
1593 2.040651031438766 0.1676131860731759 0
1594 1.614678379805428 0.6837472846078754 0
1595 1.582808144305255 0.7123290715388684 0
1596 0.2836438337371134 0.2146115489021038 0
1597 0.732334201328728 0.2339257206978175 0
1598 0.7664432997937059 0.2157317290020361 0
1599 3.361879107647744 0.3743002406980269 0
1600 4.878701495748175 0.7727725693194972 0
1601 3.353992774549561 0.6400607892619389 0
1602 4.563562357480896 0.526130528522377 0
1603 4.567652182043592 0.4234820282202055 0
1604 1.168055894210284 0.3891949895325192 0
1605 0.6888866970497266 0.9604888147622548 0
1606 0.4050961643206421 0.07243777529549444 0
1607 0.451341491694154 0.08825890988099722 0
1608 1.653412917658196 0.7007777413812305 0
1609 1.35412737439281 0.7659484449676484 0
1610 1.35436513669501 0.2337393566211287 0
1611 2.65168364404596 0.04203697099836408 0
1612 2.618355625901288 0.0915139819334258 0
1613 2.61885976396437 0.9095891050974256 0
1614 2.651666493162575 0.9592217891887258 0
1615 1.653206762627211 0.2228937438320063 0
1616 1.208805457115373 0.5009118301946014 0
1617 4.942241440070057 0.8337870490551924 0
1618 4.936460055678118 0.7389855202637782 0
1619 4.853561616611818 0.05215046728165591 0
1620 4.848412368458799 0.1537024127613223 0
1621 3.578501554031044 0.9482327799433544 0
1622 3.578501554032094 0.05176722005642676 0
1623 2.75336882164285 0.1012359101703768 0
1624 2.716602373931166 0.04203697099836408 0
1625 2.716585223047716 0.9592217891887258 0
1626 2.753351670759466 0.9000228500167558 0
1627 1.47843710899425 0.6591601711473762 0
1628 1.427133195987383 0.6758774911046992 0
1629 2.023913261263897 0.6448447646691453 0
1630 2.055979366461496 0.617737868666064 0
1631 2.083487122370179 0.6606465066570783 0
1632 1.150564049932528 0.8934415054868787 0
1633 1.104393519428192 0.9177024639428012 0
1634 1.104395775724409 0.08230451665141655 0
1635 1.150575976075051 0.1065953919374774 0
1636 1.626931341460845 0.2547580424062265 0
1637 1.679104842373631 0.2520141993378061 0
1638 0.469033290502667 0.3630467240201791 0
1639 0.5986481335094215 0.606620934594565 0
1640 0.6081395076428786 0.6488005586588916 0
1641 2.403802855529186 0.1720289014190856 0
1642 2.440678711869277 0.1220538696895708 0
1643 2.440678711868822 0.8779461303103266 0
1644 2.402734180745506 0.8246932616921636 0
1645 0.6905237823575965 0.7396595916100003 0
1646 1.194037015338829 0.6691586083741797 0
1647 1.154102471488509 0.6861104738515147 0
1648 1.154086534034872 0.6492178423623072 0
1649 1.576855318495094 0.268052561534282 0
1650 1.602753398241514 0.2971730170400819 0
1651 4.479911818631237 0.4128799201101072 0
1652 3.887767108436974 0.149919635431387 0
1653 3.879852456803482 0.05864963175978462 0
1654 3.879852456802256 0.9413503682405433 0
1655 3.894472831331997 0.8556518583864207 0
1656 2.0303842801497 0.5762576248692317 0
1657 2.089958141255981 0.5920593668571645 0
1658 1.998716268039731 0.8678942453283831 0
1659 1.998982065417073 0.1322788408413214 0
1660 0.6881854658104294 0.03947731884860881 0
1661 1.424999999999713 0.03960353704878177 0
1662 1.425000000000815 0.9603964629513961 0
1663 0.2472859100090005 0.7357549227044988 0
1664 1.003854530666168 0.6496747646582366 0
1665 0.9693486906984689 0.6298346124373565 0
1666 0.9683353939225315 0.3704286194829526 0
1667 1.004950483429599 0.3458577710933904 0
1668 1.426751032861549 0.3331701755363109 0
1669 1.442628050364604 0.3804868565547082 0
1670 1.123923363338149 0.9668978723891759 0
1671 1.123925619633405 0.03310910820468737 0
1672 0.7675939616546962 0.784514033933043 0
1673 0.7307199657058607 0.7665327499361826 0
1674 0.514599252054066 0.03779063244692289 0
1675 4.420466365920024 0.3595607079612293 0
1676 2.915912979097802 0.03426373435656215 0
1677 2.915912979096545 0.9657362656433659 0
1678 0.6361187520757959 0.1436648849539799 0
1679 2.595648541745485 0.1330651113196285 0
1680 2.662382498748138 0.1256250713829308 0
1681 2.666014370488894 0.8745439767103491 0
1682 2.599818853315083 0.8656895034303231 0
1683 1.171026952475255 0.3487664088874262 0
1684 1.169617086344005 0.3104749040653401 0
1685 1.07960987728596 0.6103201886191545 0
1686 0.4534009223321356 0.9120219189052969 0
1687 0.4063106798045422 0.9272775075779056 0
1688 0.5159647598091856 0.9624277405883753 0
1689 3.000842574421354 0.8099234723678641 0
1690 3.001962171140407 0.1874587154454814 0
1691 1.334029479603151 0.431470100577449 0
1692 1.332899503611796 0.4757380010870586 0
1693 1.380717567719448 0.4114285176415705 0
1694 1.347549248273145 0.3895306759597775 0
1695 3.723285279974571 0.2611226774623131 0
1696 0.3081453716921669 0.6905791714417859 0
1697 0.302135997163143 0.6464994569607364 0
1698 0.8409833325678462 0.1791280885188766 0
1699 0.8493124035066555 0.1398243867218773 0
1700 4.648176938007078 0.06522098640768163 0
1701 1.289782474867041 0.1863133039758797 0
1702 1.279622685450176 0.1465334041449444 0
1703 1.281314853923467 0.8534743632397839 0
1704 1.291474643340003 0.8136944634087993 0
1705 0.5866821734387111 0.2321242184281031 0
1706 0.6252589452493111 0.2278942715927786 0
1707 1.382679089531307 0.6856404525549137 0
1708 1.383403860125928 0.3179661260357934 0
1709 0.8244832030488243 0.5884304347566793 0
1710 0.8577164032292659 0.5615359437482631 0
1711 0.8577252775289305 0.4386002386353251 0
1712 0.8246138327424128 0.4119192633253492 0
1713 1.388893072748748 0.9628016024745343 0
1714 1.388893072747577 0.03719839752550758 0
1715 1.192744545502305 0.2534350212231027 0
1716 1.226766222851686 0.2304726386751088 0
1717 0.4818895142091583 0.4071414394445778 0
1718 0.4505844131844599 0.3910479275978649 0
1719 4.949269299929501 0.1521504672814348 0
1720 1.22522143075153 0.7628443270081025 0
1721 1.185430911751977 0.7445950593917544 0
1722 1.233843471792018 0.7243005074797353 0
1723 1.63571083837656 0.316561409089229 0
1724 1.676219497937149 0.961833322340161 0
1725 1.680873777815164 0.03841010197627408 0
1726 0.2751566110334704 0.7116886669388969 0
1727 1.155265068328812 0.7217996447879576 0
1728 1.98844500055119 0.9646285732157576 0
1729 2.004637973885647 0.9119071752603224 0
1730 2.00502923210614 0.08814917071211342 0
1731 1.988570461394584 0.03525468658698792 0
1732 2.270100491938818 0.276674715917671 0
1733 2.272029968173433 0.22589174743425 0
1734 0.5159019653889467 0.4142794945159036 0
1735 2.205639696181379 0.8565562276716785 0
1736 2.266528860202727 0.857737561536005 0
1737 2.272144764136402 0.1410542414728707 0
1738 2.211907689680485 0.1426602134067377 0
1739 0.7006968168036363 0.8179814656527962 0
1740 0.7370809345089533 0.8380043590852319 0
1741 3.675353511690611 0.6195615588950323 0
1742 1.66894964786296 0.3354889193451881 0
1743 1.274996638040686 0.6385341818798453 0
1744 1.224681512191871 0.6525144388099243 0
1745 1.169198868936535 0.2784643344431278 0
1746 1.130194281629656 0.2987404385331983 0
1747 1.260211693972121 0.785487128054159 0
1748 1.21179913393208 0.8057816799661781 0
1749 1.210136238780102 0.1941311481140627 0
1750 1.260035044278061 0.2079325443182358 0
1751 1.235900672577035 0.8713533778006682 0
1752 1.234210115744324 0.1286593757225125 0
1753 2.653044266453399 0.2240809356798361 0
1754 2.605093557135791 0.2464461137508619 0
1755 2.591724705274727 0.1895413788401593 0
1756 1.691068745564205 0.2929695784615485 0
1757 1.707188972219899 0.3445799998947102 0
1758 1.356806850622514 0.6584952548925096 0
1759 1.307500855511761 0.6414737559149696 0
1760 0.3642082399276271 0.4967045190964224 0
1761 1.933600840121225 0.03525468658698792 0
1762 1.933475379277879 0.9646285732157576 0
1763 1.950524047116607 0.8852442164995759 0
1764 1.950649507959805 0.1146390433031838 0
1765 1.383985204453509 0.4939382169240892 0
1766 1.344151750554939 0.3469744761320525 0
1767 4.136286287647979 0.6798237396343836 0
1768 4.193693941141333 0.7533763495204746 0
1769 1.333318274291425 0.2954515091439468 0
1770 1.346222620349492 0.705787246467529 0
1771 0.664405954253235 0.612772868485944 0
1772 0.6290506151937758 0.5981282075453364 0
1773 2.087847789841004 0.334406800225465 0
1774 2.107339924659049 0.3921888884131736 0
1775 0.8101894574634507 0.1199055088492184 0
1776 2.501723939884342 0.8656879434492435 0
1777 2.491619018775038 0.9129928186784828 0
1778 2.491097729829488 0.08685150816520626 0
1779 2.501202650938424 0.134156383394488 0
1780 1.306412458938625 0.2226547945369257 0
1781 1.304896940159452 0.7707571104507234 0
1782 3.232939368281928 0.3285566369908914 0
1783 1.32461770610603 0.2553585969634847 0
1784 1.296992186116135 0.710595911950604 0
1785 1.322864425024928 0.7377411096130082 0
1786 1.022825365473355 0.315973998145654 0
1787 2.709234649733092 0.8712186960794413 0
1788 2.777531039354376 0.8527979677187455 0
1789 2.774859314933871 0.1481618033918378 0
1790 2.706580076194961 0.1309998352181891 0
1791 1.464199428046353 0.4216081286838051 0
1792 1.415808714071191 0.410610365152996 0
1793 3.79562453006915 0.5596202819620966 0
1794 3.720850870207418 0.5836432787066999 0
1795 2.461282219697966 0.962625502769783 0
1796 2.46128221969882 0.03737449723014454 0
1797 2.455173902287481 0.5594144461703665 0
1798 0.4943337903094543 0.9004509312028475 0
1799 0.4909966516396517 0.9364264688792001 0
1800 1.865624387766404 0.6536127816971151 0
1801 1.832167322229268 0.6258506719896263 0
1802 1.864461558461931 0.6004731728172329 0
1803 1.801640485750967 0.59895625819541 0
1804 1.80280331505544 0.6520958670752921 0
1805 2.158443208315427 0.3626749203478182 0
1806 1.899224658135376 0.8758642640342229 0
1807 1.898382814694225 0.8284973830725421 0
1808 1.897144113918816 0.1688764101080859 0
1809 1.899586164973538 0.1233789488098141 0
1810 1.905146363981292 0.9198771939661621 0
1811 1.905633331662605 0.07924927868060611 0
1812 3.624185948492543 0.3415093995035889 0
1813 1.878102145978944 0.7779762829858057 0
1814 1.874545596024647 0.2206766098432653 0
1815 1.72586702032026 0.9700194086332211 0
1816 1.726945068117909 0.02915046666228391 0
1817 4.390978448673597 0.9418487617355543 0
1818 4.398259781938167 0.8448941628409504 0
1819 0.6537456706387274 0.64785317483639 0
1820 1.84809668688004 0.7451288554488272 0
1821 0.8502475443501714 0.8602238069548769 0
1822 0.8422538912212207 0.8211301327671321 0
1823 1.17392336333829 0.9668978723891759 0
1824 1.173925619633597 0.03310910820468737 0
1825 2.857131860054241 0.309811028397497 0
1826 1.146643027288324 0.7603434643163247 0
1827 1.130152417410194 0.7933617177493623 0
1828 3.690711104795253 0.3308004970246299 0
1829 1.105164126041466 0.2381905206985183 0
1830 1.128709802607237 0.2131612074784931 0
1831 1.153321740787956 0.2417005556909609 0
1832 0.4750318918318668 0.9739987282908249 0
1833 1.200035385171324 0.8407558736038203 0
1834 1.189146660595687 0.8836847703922538 0
1835 1.189157942081965 0.1163501325767077 0
1836 1.198352886544117 0.1592818106113849 0
1837 4.942241440070057 0.9337870490554557 0
1838 2.683872992039158 0.1725509646043918 0
1839 1.419076350805252 0.4931200644355147 0
1840 1.475599207041504 0.4725374289496812 0
1841 0.7964193285109575 0.5975622402469872 0
1842 0.7873051395483501 0.6255586416431453 0
1843 0.7615964891562027 0.5987070795146576 0
1844 0.761596489155679 0.401292920485185 0
1845 0.7874268949417842 0.3747519170539849 0
1846 0.7965410839046732 0.4027483184500584 0
1847 0.2104667990533951 0.6249508801801313 0
1848 0.2569667530926094 0.6386785246510094 0
1849 0.2179916849012973 0.6620472618394471 0
1850 0.5585387236186132 0.1802983007945273 0
1851 0.5557844668419329 0.2149169591909921 0
1852 0.6982128857063115 0.3643013919386182 0
1853 0.7244540358029014 0.350949651483174 0
1854 0.7262411500962001 0.3866482595445557 0
1855 1.165045121950732 0.8181130725577637 0
1856 2.323519891564103 0.7767309378646878 0
1857 2.290849165589108 0.8104804602865594 0
1858 2.297533744306169 0.1850335058335899 0
1859 2.331318301947425 0.2155572995199788 0
1860 0.7335791715599659 0.1608609018166293 0
1861 0.6992624395388785 0.1820246253977125 0
1862 1.165084065117742 0.1818219049682579 0
1863 0.4247478949139545 0.02628576446097631 0
1864 0.03184320950736676 0.9681567904927171 0
1865 1.186429337338239 0.9240390096837268 0
1866 1.186433205275258 0.07597295704860496 0
1867 0.4893471469698276 0.06407639690789921 0
1868 0.4911928488344436 0.09976377786694381 0
1869 0.607137992019133 0.3760416137510846 0
1870 0.6356018865987312 0.4003261308635766 0
1871 1.815196298366018 0.5365880020538754 0
1872 1.781686704096622 0.5652015067644505 0
1873 1.765878509537845 0.5290784457085818 0
1874 1.812741260726845 0.7145294526864996 0
1875 1.868685577686936 0.7095896836318363 0
1876 3.793239321130518 0.682737601824396 0
1877 3.844640584285184 0.6238958991247411 0
1878 4.949269299929501 0.05215046728165591 0
1879 0.8124922548053233 0.8809878855480716 0
1880 0.4250318918317268 0.9739987282908249 0
1881 1.664566179092534 0.7425564785207114 0
1882 0.0309594659288081 0.03095946592894027 0
1883 0.6709572256579892 0.3856814699227784 0
1884 1.402288945401197 0.4525497897706674 0
1885 0.5590893536281705 0.7862451576162562 0
1886 0.5606263174770387 0.8207140375244191 0
1887 1.743007144913679 0.3690130428635293 0
1888 1.727883248884794 0.4097243242262401 0
1889 0.7987745526566767 0.5615788726281916 0
1890 0.7987834269563077 0.4384602667565494 0
1891 0.5994074260707221 0.1625930337641184 0
1892 0.5647567060718113 0.1416357863063696 0
1893 1.10212057270311 0.2778043281605289 0
1894 3.341427655223947 0.04367034415623957 0
1895 3.341427655224413 0.9563296558435974 0
1896 1.696584717256116 0.7120066725569473 0
1897 2.267422902532037 0.525131418374734 0
1898 1.900979813919599 0.6842121844594429 0
1899 1.765126242614924 0.3264937019798897 0
1900 1.937899002058415 0.3375530145388226 0
1901 2.546114387799641 0.4198601745859902 0
1902 0.5292840778363894 0.8833882530790604 0
1903 2.549759150925863 0.8470367695155912 0
1904 2.547697832427877 0.1554302893906542 0
1905 1.936257739078618 0.6574195068142297 0
1906 1.760947931248257 0.2737744749541111 0
1907 0.763749496957528 0.3460950998495572 0
1908 2.072941467186257 0.7557820263633756 0
1909 0.4747478949137763 0.02628576446097631 0
1910 0.7357212325676394 0.3237482322436197 0
1911 0.8056670870602366 0.8055517359380005 0
1912 0.7714752169836406 0.820141882053705 0
1913 1.720716892021727 0.5219525106165756 0
1914 1.754226486291123 0.4933390059060004 0
1915 2.119119020758219 0.6850994530596175 0
1916 2.087052915560621 0.7122063490626991 0
1917 2.984533252129783 0.9657362656433659 0
1918 2.984533252130992 0.03426373435656215 0
1919 0.567514450667802 0.8606111356818075 0
1920 0.6015021320890323 0.8394041482248564 0
1921 1.058149253001206 0.3232652276889338 0
1922 1.610124046302937 0.5581764805831596 0
1923 0.6299007696225979 0.1823273994421376 0
1924 0.6619702712543851 0.2089661227826401 0
1925 1.739880746012969 0.4592811892440623 0
1926 0.7233969338772401 0.9718678354683706 0
1927 0.7733969338771954 0.9718678354683706 0
1928 0.774985562137564 0.02555944124035302 0
1929 0.7249855621375571 0.02555944124035302 0
1930 1.785042363529087 0.4664071243360685 0
1931 1.834235832888276 0.4733285010226678 0
1932 0.8043259384205057 0.1948651305677592 0
1933 4.294878580954967 0.362058096331961 0
1934 1.678854612945545 0.5235798930137701 0
1935 0.6946206151655918 0.2275914975483536 0
1936 0.5265432538649099 0.1174611591153121 0
1937 0.769795422076885 0.179783401729149 0
1938 4.360137479838355 0.3196620608774951 0
1939 1.848394389090198 0.5160196136641367 0
1940 1.979476820986638 0.3557195703145109 0
1941 0.8134280878970237 0.4738156058159201 0
1942 0.8134192135972718 0.5262235335689418 0
1943 0.7751540599144937 0.8590420610901893 0
1944 0.2366209379160417 0.6998411620759271 0
1945 1.637554651873399 0.5240176079712406 0
1946 0.6932059082298361 0.7722310217225652 0
1947 0.6605006334553722 0.7911083073266139 0
1948 0.3968707990743926 0.514629795407579 0
1949 1.732961832799532 0.724720075225011 0
1950 1.985501179756692 0.6442699288909344 0
1951 1.127641440772155 0.3711795888005036 0
1952 1.864202583648975 0.5521426747200054 0
1953 1.717344166730571 0.2611052798873282 0
1954 1.117878409508347 0.6269615726919853 0
1955 1.77516902841428 0.7228616826285422 0
1956 3.737723150947521 0.655158844112435 0
1957 0.7714618101867657 0.1399943033823524 0
1958 0.6313027704637206 0.8181829006621564 0
1959 0.7145906953101917 0.2979021125547228 0
1960 3.100423588990207 0.8099919874752354 0
1961 3.103459290690785 0.7425454170608981 0
1962 0.6950420330442346 0.2608672180827451 0
1963 2.133419065111762 0.311831776390634 0
1964 0.7131710279506842 0.06503676008896184 0
1965 0.7426083419738293 0.0860953429752693 0
1966 1.224697449645508 0.6894070702991318 0
1967 1.264487968645061 0.7076563379154799 0
1968 1.287846163969625 0.6757024747700007 0
1969 2.170031417703303 0.3228254355053054 0
1970 2.214721009484957 0.3353012350885963 0
1971 0.54927719666312 0.245785629366819 0
1972 1.086222961927752 0.3442013380616031 0
1973 0.4113074261532705 0.5431655500933454 0
1974 0.7739732069465315 0.1009830089366986 0
1975 0.7437768225961627 0.9103201045292287 0
1976 0.7122836309250058 0.9323566502306254 0
1977 0.7813359892505143 0.06600654844213535 0
1978 2.383717551581762 0.7714587575702059 0
1979 2.383146534367539 0.2201308209948542 0
1980 3.350850404683654 0.6919676032823323 0
1981 0.7780979723306358 0.8988503625795985 0
1982 0.7811150174869923 0.932265928987111 0
1983 0.5487780630299162 0.7551735566333055 0
1984 0.5426464836464842 0.7171397648173052 0
1985 2.264012162218128 0.329592078504461 0
1986 3.041141797274256 0.5872366998344827 0
1987 3.003958826379424 0.8645578888821128 0
1988 3.001024323813484 0.9129580712633951 0
1989 3.001435405121329 0.08742072604163471 0
1990 3.004369907686666 0.1358209084228879 0
1991 0.5503282042140989 0.2876940562479885 0
1992 2.946413260190207 0.5593415825430905 0
1993 2.996947556609417 0.5453849657830543 0
1994 2.220513747548306 0.5122326931787689 0
1995 3.050239958082003 0.1579517903927387 0
1996 3.048709280055733 0.83980919472581 0
1997 0.8317366972880163 0.5000646953326028 0
1998 0.845155910885288 0.5262882289015446 0
1999 0.8451647851850399 0.4738803011485229 0
2000 1.795757919221176 0.6873225108115513 0
2001 1.10253879011058 0.3098148977827412 0
$EndNodes
$Elements
1052
1 8 2 100 1 1 11 25
2 8 2 100 1 11 12 26
3 8 2 100 1 12 13 27
4 8 2 100 1 13 14 28
5 8 2 100 1 14 15 29
6 8 2 100 1 15 16 30
7 8 2 100 1 16 17 31
8 8 2 100 1 17 18 32
9 8 2 100 1 18 19 33
10 8 2 100 1 19 20 34
11 8 2 100 1 20 21 35
12 8 2 100 1 21 22 36
13 8 2 100 1 22 23 37
14 8 2 100 1 23 24 38
15 8 2 100 1 24 2 39
16 8 2 100 2 2 40 64
17 8 2 100 2 40 41 65
18 8 2 100 2 41 42 66
19 8 2 100 2 42 43 67
20 8 2 100 2 43 44 68
21 8 2 100 2 44 45 69
22 8 2 100 2 45 46 70
23 8 2 100 2 46 47 71
24 8 2 100 2 47 48 72
25 8 2 100 2 48 49 73
26 8 2 100 2 49 50 74
27 8 2 100 2 50 51 75
28 8 2 100 2 51 52 76
29 8 2 100 2 52 53 77
30 8 2 100 2 53 54 78
31 8 2 100 2 54 55 79
32 8 2 100 2 55 56 80
33 8 2 100 2 56 57 81
34 8 2 100 2 57 58 82
35 8 2 100 2 58 59 83
36 8 2 100 2 59 60 84
37 8 2 100 2 60 61 85
38 8 2 100 2 61 62 86
39 8 2 100 2 62 63 87
40 8 2 100 2 63 3 88
41 8 2 200 3 3 89 93
42 8 2 200 3 89 90 94
43 8 2 200 3 90 91 95
44 8 2 200 3 91 92 96
45 8 2 200 3 92 4 97
46 8 2 300 4 4 98 122
47 8 2 300 4 98 99 123
48 8 2 300 4 99 100 124
49 8 2 300 4 100 101 125
50 8 2 300 4 101 102 126
51 8 2 300 4 102 103 127
52 8 2 300 4 103 104 128
53 8 2 300 4 104 105 129
54 8 2 300 4 105 106 130
55 8 2 300 4 106 107 131
56 8 2 300 4 107 108 132
57 8 2 300 4 108 109 133
58 8 2 300 4 109 110 134
59 8 2 300 4 110 111 135
60 8 2 300 4 111 112 136
61 8 2 300 4 112 113 137
62 8 2 300 4 113 114 138
63 8 2 300 4 114 115 139
64 8 2 300 4 115 116 140
65 8 2 300 4 116 117 141
66 8 2 300 4 117 118 142
67 8 2 300 4 118 119 143
68 8 2 300 4 119 120 144
69 8 2 300 4 120 121 145
70 8 2 300 4 121 5 146
71 8 2 300 5 5 147 161
72 8 2 300 5 147 148 162
73 8 2 300 5 148 149 163
74 8 2 300 5 149 150 164
75 8 2 300 5 150 151 165
76 8 2 300 5 151 152 166
77 8 2 300 5 152 153 167
78 8 2 300 5 153 154 168
79 8 2 300 5 154 155 169
80 8 2 300 5 155 156 170
81 8 2 300 5 156 157 171
82 8 2 300 5 157 158 172
83 8 2 300 5 158 159 173
84 8 2 300 5 159 160 174
85 8 2 300 5 160 6 175
86 8 2 500 6 7 176 179
87 8 2 500 6 176 177 180
88 8 2 500 6 177 178 181
89 8 2 500 6 178 8 182
90 8 2 500 7 8 183 186
91 8 2 500 7 183 184 187
92 8 2 500 7 184 185 188
93 8 2 500 7 185 7 189
94 8 2 400 8 6 190 192
95 8 2 400 8 190 191 193
96 8 2 400 8 191 9 194
97 8 2 400 9 9 195 198
98 8 2 400 9 195 196 199
99 8 2 400 9 196 197 200
100 8 2 400 9 197 10 201
101 8 2 400 10 10 202 204
102 8 2 400 10 202 203 205
103 8 2 400 10 203 1 206
104 9 2 10 12 325 434 91 630 631 632
105 9 2 10 12 358 212 622 633 634 635
106 9 2 10 12 571 339 253 636 637 638
107 9 2 10 12 91 434 90 631 639 95
108 9 2 10 12 325 339 571 640 636 641
109 9 2 10 12 212 306 622 642 643 634
110 9 2 10 12 298 503 464 644 645 646
111 9 2 10 12 508 509 281 647 648 649
112 9 2 10 12 464 234 393 650 651 652
113 9 2 10 12 229 299 463 653 654 655
114 9 2 10 12 509 380 281 656 657 648
115 9 2 10 12 209 299 489 658 659 660
116 9 2 10 12 211 350 453 661 662 663
117 9 2 10 12 298 464 393 646 652 664
118 9 2 10 12 503 228 464 665 666 645
119 9 2 10 12 272 402 439 667 668 669
120 9 2 10 12 273 440 403 670 671 672
121 9 2 10 12 279 544 319 673 674 675
122 9 2 10 12 209 468 299 676 677 658
123 9 2 10 12 439 402 533 668 678 679
124 9 2 10 12 440 532 403 680 681 671
125 9 2 10 12 228 391 504 682 683 684
126 9 2 10 12 324 394 599 685 686 687
127 9 2 10 12 490 13 337 688 689 690
128 9 2 10 12 236 306 411 691 692 693
129 9 2 10 12 350 467 453 694 695 662
130 9 2 10 12 301 504 391 696 683 697
131 9 2 10 12 213 355 343 698 699 700
132 9 2 10 12 214 599 394 701 686 702
133 9 2 10 12 229 527 299 703 704 653
134 9 2 10 12 219 432 554 705 706 707
135 9 2 10 12 158 481 333 708 709 710
136 9 2 10 12 102 374 388 711 712 713
137 9 2 10 12 12 13 490 27 688 714
138 9 2 10 12 469 100 392 715 716 717
139 9 2 10 12 236 350 306 718 719 691
140 9 2 10 12 319 544 348 674 720 721
141 9 2 10 12 155 431 290 722 723 724
142 9 2 10 12 213 366 305 725 726 727
143 9 2 10 12 213 305 367 727 728 729
144 9 2 10 12 261 465 404 730 731 732
145 9 2 10 12 262 405 466 733 734 735
146 9 2 10 12 502 155 290 736 724 737
147 9 2 10 12 486 291 16 738 739 740
148 9 2 10 12 291 446 16 741 742 739
149 9 2 10 12 209 482 468 743 744 676
150 9 2 10 12 211 307 597 745 746 747
151 9 2 10 12 45 472 386 748 749 750
152 9 2 10 12 116 385 473 751 752 753
153 9 2 10 12 99 100 469 124 715 754
154 9 2 10 12 238 548 345 755 756 757
155 9 2 10 12 239 346 549 758 759 760
156 9 2 10 12 211 352 485 761 762 763
157 9 2 10 12 276 313 503 764 765 766
158 9 2 10 12 158 159 481 173 767 708
159 9 2 10 12 254 541 447 768 769 770
160 9 2 10 12 238 367 305 771 728 772
161 9 2 10 12 228 503 313 665 765 773
162 9 2 10 12 276 420 313 774 775 764
163 9 2 10 12 228 504 464 684 776 666
164 9 2 10 12 229 463 505 655 777 778
165 9 2 10 12 236 340 615 779 780 781
166 9 2 10 12 324 459 394 782 783 685
167 9 2 10 12 102 103 374 127 784 711
168 9 2 10 12 236 615 341 781 785 786
169 9 2 10 12 211 485 350 763 787 661
170 9 2 10 12 211 597 352 747 788 761
171 9 2 10 12 5 335 121 789 790 146
172 9 2 10 12 2 40 336 64 791 792
173 9 2 10 12 295 468 482 793 744 794
174 9 2 10 12 299 527 489 704 795 659
175 9 2 10 12 238 362 548 796 797 755
176 9 2 10 12 239 549 363 760 798 799
177 9 2 10 12 349 529 538 800 801 802
178 9 2 10 12 257 424 312 803 804 805
179 9 2 10 12 89 434 364 806 807 808
180 9 2 10 12 148 413 314 809 810 811
181 9 2 10 12 23 315 414 812 813 814
182 9 2 10 12 267 320 450 815 816 817
183 9 2 10 12 268 451 321 818 819 820
184 9 2 10 12 56 57 363 81 821 822
185 9 2 10 12 104 105 362 129 823 824
186 9 2 10 12 238 305 378 772 825 826
187 9 2 10 12 296 427 574 827 828 829
188 9 2 10 12 261 382 465 830 831 730
189 9 2 10 12 262 466 383 735 832 833
190 9 2 10 12 19 317 462 834 835 836
191 9 2 10 12 252 410 308 837 838 839
192 9 2 10 12 7 430 338 840 841 842
193 9 2 10 12 222 477 307 843 844 845
194 9 2 10 12 251 309 409 846 847 848
195 9 2 10 12 526 252 307 849 850 851
196 9 2 10 12 98 469 339 852 853 854
197 9 2 10 12 252 438 307 855 856 850
198 9 2 10 12 245 316 576 857 858 859
199 9 2 10 12 246 577 317 860 861 862
200 9 2 10 12 57 494 363 863 864 821
201 9 2 10 12 104 362 493 824 865 866
202 9 2 10 12 343 355 491 699 867 868
203 9 2 10 12 211 526 307 869 851 745
204 9 2 10 12 228 313 391 773 870 682
205 9 2 10 12 255 430 304 871 872 873
206 9 2 10 12 121 335 450 790 874 875
207 9 2 10 12 40 451 336 876 877 791
208 9 2 10 12 288 554 432 878 706 879
209 9 2 10 12 89 90 434 94 639 806
210 9 2 10 12 277 400 374 880 881 882
211 9 2 10 12 278 375 401 883 884 885
212 9 2 10 12 252 308 438 839 886 855
213 9 2 10 12 251 437 309 887 888 846
214 9 2 10 12 207 387 379 889 890 891
215 9 2 10 12 269 379 387 892 890 893
216 9 2 10 12 160 334 481 894 895 896
217 9 2 10 12 287 386 472 897 749 898
218 9 2 10 12 286 473 385 899 752 900
219 9 2 10 12 267 335 404 901 902 903
220 9 2 10 12 152 474 316 904 905 906
221 9 2 10 12 7 381 176 907 908 179
222 9 2 10 12 261 546 314 909 910 911
223 9 2 10 12 262 315 547 912 913 914
224 9 2 10 12 267 475 320 915 916 815
225 9 2 10 12 212 411 306 917 692 642
226 9 2 10 12 98 99 469 123 754 852
227 9 2 10 12 9 344 191 918 919 194
228 9 2 10 12 243 520 397 920 921 922
229 9 2 10 12 244 396 519 923 924 925
230 9 2 10 12 234 529 349 926 800 927
231 9 2 10 12 225 318 471 928 929 930
232 9 2 10 12 296 567 427 931 932 827
233 9 2 10 12 268 600 336 933 934 935
234 9 2 10 12 227 297 559 936 937 938
235 9 2 10 12 336 600 405 934 939 940
236 9 2 10 12 311 397 520 941 921 942
237 9 2 10 12 310 519 396 943 924 944
238 9 2 10 12 248 581 328 945 946 947
239 9 2 10 12 248 329 581 948 949 945
240 9 2 10 12 231 403 407 950 951 952
241 9 2 10 12 276 489 527 953 795 954
242 9 2 10 12 44 45 386 69 750 955
243 9 2 10 12 116 117 385 141 956 751
244 9 2 10 12 250 374 400 957 881 958
245 9 2 10 12 249 401 375 959 884 960
246 9 2 10 12 260 304 427 961 962 963
247 9 2 10 12 278 401 390 885 964 965
248 9 2 10 12 305 366 552 726 966 967
249 9 2 10 12 237 487 338 968 969 970
250 9 2 10 12 236 411 518 693 971 972
251 9 2 10 12 216 390 401 973 964 974
252 9 2 10 12 254 421 541 975 976 768
253 9 2 10 12 152 316 441 906 977 978
254 9 2 10 12 19 442 317 979 980 834
255 9 2 10 12 239 552 366 981 966 982
256 9 2 10 12 226 567 296 983 931 984
257 9 2 10 12 312 424 521 804 985 986
258 9 2 10 12 242 342 572 987 988 989
259 9 2 10 12 279 319 515 675 990 991
260 9 2 10 12 230 320 475 992 916 993
261 9 2 10 12 219 554 412 707 994 995
262 9 2 10 12 289 376 482 996 997 998
263 9 2 10 12 258 329 368 999 1000 1001
264 9 2 10 12 259 369 328 1002 1003 1004
265 9 2 10 12 7 338 381 842 1005 907
266 9 2 10 12 284 407 403 1006 951 1007
267 9 2 10 12 197 341 615 1008 785 1009
268 9 2 10 12 248 328 369 947 1003 1010
269 9 2 10 12 248 368 329 1011 1000 948
270 9 2 10 12 289 562 376 1012 1013 996
271 9 2 10 12 7 185 430 189 1014 840
272 9 2 10 12 226 296 448 984 1015 1016
273 9 2 10 12 227 449 297 1017 1018 936
274 9 2 10 12 240 334 522 1019 1020 1021
275 9 2 10 12 11 490 347 1022 1023 1024
276 9 2 10 12 260 609 304 1025 1026 961
277 9 2 10 12 245 441 316 1027 977 857
278 9 2 10 12 246 317 442 862 980 1028
279 9 2 10 12 294 464 504 1029 776 1030
280 9 2 10 12 293 505 463 1031 777 1032
281 9 2 10 12 286 538 529 1033 801 1034
282 9 2 10 12 261 314 565 911 1035 1036
283 9 2 10 12 262 566 315 1037 1038 912
284 9 2 10 12 255 304 471 873 1039 1040
285 9 2 10 12 148 314 546 811 910 1041
286 9 2 10 12 23 547 315 1042 913 812
287 9 2 10 12 242 572 492 989 1043 1044
288 9 2 10 12 338 487 381 969 1045 1005
289 9 2 10 12 280 572 342 1046 988 1047
290 9 2 10 12 61 62 361 86 1048 1049
291 9 2 10 12 222 307 438 845 856 1050
292 9 2 10 12 234 349 393 927 1051 651
293 9 2 10 12 53 457 331 1052 1053 1054
294 9 2 10 12 108 332 458 1055 1056 1057
295 9 2 10 12 196 197 615 200 1009 1058
296 9 2 10 12 245 576 353 859 1059 1060
297 9 2 10 12 246 354 577 1061 1062 860
298 9 2 10 12 229 480 420 1063 1064 1065
299 9 2 10 12 240 522 344 1021 1066 1067
300 9 2 10 12 225 437 318 1068 1069 928
301 9 2 10 12 240 481 334 1070 895 1019
302 9 2 10 12 322 480 542 1071 1072 1073
303 9 2 10 12 159 160 481 174 896 767
304 9 2 10 12 209 489 393 660 1074 1075
305 9 2 10 12 10 202 351 204 1076 1077
306 9 2 10 12 264 345 551 1078 1079 1080
307 9 2 10 12 263 550 346 1081 1082 1083
308 9 2 10 12 247 361 564 1084 1085 1086
309 9 2 10 12 216 378 390 1087 1088 973
310 9 2 10 12 241 540 347 1089 1090 1091
311 9 2 10 12 240 333 481 1092 709 1070
312 9 2 10 12 158 333 409 710 1093 1094
313 9 2 10 12 268 321 497 820 1095 1096
314 9 2 10 12 284 447 541 1097 769 1098
315 9 2 10 12 267 450 335 817 874 901
316 9 2 10 12 268 336 451 935 877 818
317 9 2 10 12 244 542 480 1099 1072 1100
318 9 2 10 12 327 519 578 1101 1102 1103
319 9 2 10 12 250 388 374 1104 712 957
320 9 2 10 12 322 420 480 1105 1064 1071
321 9 2 10 12 313 553 443 1106 1107 1108
322 9 2 10 12 256 416 461 1109 1110 1111
323 9 2 10 12 298 393 489 664 1074 1112
324 9 2 10 12 269 387 389 893 1113 1114
325 9 2 10 12 247 564 364 1086 1115 1116
326 9 2 10 12 210 327 570 1117 1118 1119
327 9 2 10 12 241 351 540 1120 1121 1089
328 9 2 10 12 242 389 387 1122 1113 1123
329 9 2 10 12 249 357 406 1124 1125 1126
330 9 2 10 12 191 344 522 919 1066 1127
331 9 2 10 12 230 495 320 1128 1129 992
332 9 2 10 12 231 321 496 1130 1131 1132
333 9 2 10 12 251 543 318 1133 1134 1135
334 9 2 10 12 257 312 629 805 1136 1137
335 9 2 10 12 190 522 334 1138 1020 1139
336 9 2 10 12 216 330 400 1140 1141 1142
337 9 2 10 12 216 401 330 974 1143 1140
338 9 2 10 12 231 497 321 1144 1095 1130
339 9 2 10 12 218 342 408 1145 1146 1147
340 9 2 10 12 280 415 572 1148 1149 1046
341 9 2 10 12 233 520 326 1150 1151 1152
342 9 2 10 12 20 21 372 35 1153 1154
343 9 2 10 12 150 151 371 165 1155 1156
344 9 2 10 12 258 422 329 1157 1158 999
345 9 2 10 12 259 328 423 1004 1159 1160
346 9 2 10 12 232 583 436 1161 1162 1163
347 9 2 10 12 101 102 388 126 713 1164
348 9 2 10 12 61 361 537 1049 1165 1166
349 9 2 10 12 210 542 327 1167 1168 1117
350 9 2 10 12 248 384 368 1169 1170 1011
351 9 2 10 12 114 115 359 139 1171 1172
352 9 2 10 12 46 47 360 71 1173 1174
353 9 2 10 12 251 318 437 1135 1069 887
354 9 2 10 12 215 377 369 1175 1176 1177
355 9 2 10 12 258 524 353 1178 1179 1180
356 9 2 10 12 259 354 525 1181 1182 1183
357 9 2 10 12 243 443 326 1184 1185 1186
358 9 2 10 12 263 457 550 1187 1188 1081
359 9 2 10 12 264 551 458 1080 1189 1190
360 9 2 10 12 578 519 232 1102 1191 1192
361 9 2 10 12 11 12 490 26 714 1022
362 9 2 10 12 331 436 583 1193 1162 1194
363 9 2 10 12 251 409 568 848 1195 1196
364 9 2 10 12 241 490 337 1197 690 1198
365 9 2 10 12 59 60 357 84 1199 1200
366 9 2 10 12 101 388 523 1164 1201 1202
367 9 2 10 12 13 410 337 1203 1204 689
368 9 2 10 12 176 381 488 908 1205 1206
369 9 2 10 12 248 377 384 1207 1208 1169
370 9 2 10 12 241 347 490 1091 1023 1197
371 9 2 10 12 18 19 462 33 836 1209
372 9 2 10 12 285 406 357 1210 1125 1211
373 9 2 10 12 292 570 327 1212 1118 1213
374 9 2 10 12 249 330 401 1214 1143 959
375 9 2 10 12 250 400 330 958 1141 1215
376 9 2 10 12 247 325 571 1216 641 1217
377 9 2 10 12 264 603 345 1218 1219 1078
378 9 2 10 12 263 346 604 1083 1220 1221
379 9 2 10 12 277 493 362 1222 865 1223
380 9 2 10 12 278 363 494 1224 864 1225
381 9 2 10 12 289 626 349 1226 1227 1228
382 9 2 10 12 210 553 542 1229 1230 1167
383 9 2 10 12 217 389 515 1231 1232 1233
384 9 2 10 12 248 369 377 1010 1176 1207
385 9 2 10 12 261 404 335 732 902 1234
386 9 2 10 12 262 336 405 1235 940 733
387 9 2 10 12 119 624 398 1236 1237 1238
388 9 2 10 12 42 399 625 1239 1240 1241
389 9 2 10 12 263 436 331 1242 1193 1243
390 9 2 10 12 236 341 467 786 1244 1245
391 9 2 10 12 53 331 513 1054 1246 1247
392 9 2 10 12 108 514 332 1248 1249 1055
393 9 2 10 12 319 348 620 721 1250 1251
394 9 2 10 12 210 443 553 1252 1107 1229
395 9 2 10 12 292 327 578 1213 1103 1253
396 9 2 10 12 233 326 608 1152 1254 1255
397 9 2 10 12 333 568 409 1256 1195 1093
398 9 2 10 12 325 569 339 1257 1258 640
399 9 2 10 12 247 434 325 1259 630 1216
400 9 2 10 12 214 368 384 1260 1170 1261
401 9 2 10 12 285 537 361 1262 1165 1263
402 9 2 10 12 195 615 340 1264 780 1265
403 9 2 10 12 320 624 450 1266 1267 816
404 9 2 10 12 321 451 625 819 1268 1269
405 9 2 10 12 301 391 606 697 1270 1271
406 9 2 10 12 250 330 412 1215 1272 1273
407 9 2 10 12 389 492 515 1274 1275 1232
408 9 2 10 12 271 429 340 1276 1277 1278
409 9 2 10 12 271 501 344 1279 1280 1281
410 9 2 10 12 252 579 410 1282 1283 837
411 9 2 10 12 266 467 341 1284 1244 1285
412 9 2 10 12 91 569 325 1286 1257 632
413 9 2 10 12 148 149 413 163 1287 809
414 9 2 10 12 22 23 414 37 814 1288
415 9 2 10 12 240 344 501 1067 1280 1289
416 9 2 10 12 242 408 342 1290 1146 987
417 9 2 10 12 271 344 429 1281 1291 1276
418 9 2 10 12 322 542 553 1073 1230 1292
419 9 2 10 12 243 326 520 1186 1151 920
420 9 2 10 12 307 477 597 844 1293 746
421 9 2 10 12 292 578 343 1253 1294 1295
422 9 2 10 12 287 417 440 1296 1297 1298
423 9 2 10 12 207 444 380 1299 1300 1301
424 9 2 10 12 267 404 470 903 1302 1303
425 9 2 10 12 253 392 432 1304 1305 1306
426 9 2 10 12 232 343 578 1307 1294 1192
427 9 2 10 12 320 398 624 1308 1237 1266
428 9 2 10 12 321 625 399 1269 1240 1309
429 9 2 10 12 190 334 592 1139 1310 1311
430 9 2 10 12 160 592 334 1312 1310 894
431 9 2 10 12 292 343 491 1295 868 1313
432 9 2 10 12 378 552 390 1314 1315 1088
433 9 2 10 12 118 119 398 143 1238 1316
434 9 2 10 12 42 43 399 67 1317 1239
435 9 2 10 12 203 347 540 1318 1090 1319
436 9 2 10 12 219 412 539 995 1320 1321
437 9 2 10 12 212 558 543 1322 1323 1324
438 9 2 10 12 222 438 506 1050 1325 1326
439 9 2 10 12 219 539 406 1321 1327 1328
440 9 2 10 12 266 341 456 1285 1329 1330
441 9 2 10 12 152 153 474 167 1331 904
442 9 2 10 12 5 426 335 1332 1333 789
443 9 2 10 12 2 336 425 792 1334 1335
444 9 2 10 12 337 410 579 1204 1283 1336
445 9 2 10 12 288 432 392 879 1305 1337
446 9 2 10 12 282 461 416 1338 1110 1339
447 9 2 10 12 184 574 427 1340 828 1341
448 9 2 10 12 265 477 488 1342 1343 1344
449 9 2 10 12 253 339 469 637 853 1345
450 9 2 10 12 245 353 394 1060 1346 1347
451 9 2 10 12 246 395 354 1348 1349 1061
452 9 2 10 12 261 335 426 1234 1333 1350
453 9 2 10 12 262 425 336 1351 1334 1235
454 9 2 10 12 306 350 485 719 787 1352
455 9 2 10 12 221 440 417 1353 1297 1354
456 9 2 10 12 225 512 437 1355 1356 1068
457 9 2 10 12 240 568 333 1357 1256 1092
458 9 2 10 12 308 506 438 1358 1325 886
459 9 2 10 12 249 593 357 1359 1360 1124
460 9 2 10 12 98 339 588 854 1361 1362
461 9 2 10 12 312 488 477 1363 1343 1364
462 9 2 10 12 318 558 471 1365 1366 929
463 9 2 10 12 53 54 457 78 1367 1052
464 9 2 10 12 107 108 458 132 1057 1368
465 9 2 10 12 266 456 351 1330 1369 1370
466 9 2 10 12 349 626 393 1227 1371 1051
467 9 2 10 12 576 226 448 1372 1016 1373
468 9 2 10 12 577 449 227 1374 1017 1375
469 9 2 10 12 218 466 405 1376 734 1377
470 9 2 10 12 217 404 465 1378 731 1379
471 9 2 10 12 264 332 555 1380 1381 1382
472 9 2 10 12 157 158 409 172 1094 1383
473 9 2 10 12 256 384 377 1384 1208 1385
474 9 2 10 12 224 509 508 1386 647 1387
475 9 2 10 12 246 372 454 1388 1389 1390
476 9 2 10 12 20 372 442 1154 1391 1392
477 9 2 10 12 151 441 371 1393 1394 1155
478 9 2 10 12 313 420 553 775 1395 1106
479 9 2 10 12 241 337 579 1198 1336 1396
480 9 2 10 12 309 437 512 888 1356 1397
481 9 2 10 12 263 331 457 1243 1053 1187
482 9 2 10 12 264 458 332 1190 1056 1380
483 9 2 10 12 197 456 341 1398 1329 1008
484 9 2 10 12 46 360 472 1174 1399 1400
485 9 2 10 12 115 473 359 1401 1402 1171
486 9 2 10 12 261 426 546 1350 1403 909
487 9 2 10 12 262 547 425 914 1404 1351
488 9 2 10 12 190 191 522 193 1127 1138
489 9 2 10 12 255 338 430 1405 841 871
490 9 2 10 12 283 421 428 1406 1407 1408
491 9 2 10 12 258 353 448 1180 1409 1410
492 9 2 10 12 259 449 354 1411 1412 1181
493 9 2 10 12 288 523 388 1413 1201 1414
494 9 2 10 12 254 376 562 1415 1013 1416
495 9 2 10 12 245 459 371 1417 1418 1419
496 9 2 10 12 237 338 587 970 1420 1421
497 9 2 10 12 233 584 520 1422 1423 1150
498 9 2 10 12 232 519 583 1191 1424 1161
499 9 2 10 12 353 576 448 1059 1373 1409
500 9 2 10 12 354 449 577 1412 1374 1062
501 9 2 10 12 313 443 391 1108 1425 870
502 9 2 10 12 241 365 516 1426 1427 1428
503 9 2 10 12 249 375 593 960 1429 1359
504 9 2 10 12 281 380 444 657 1300 1430
505 9 2 10 12 245 394 459 1347 783 1417
506 9 2 10 12 236 518 340 972 1431 779
507 9 2 10 12 212 358 558 633 1432 1322
508 9 2 10 12 249 539 330 1433 1434 1214
509 9 2 10 12 289 349 582 1228 1435 1436
510 9 2 10 12 303 502 534 1437 1438 1439
511 9 2 10 12 232 436 343 1163 1440 1307
512 9 2 10 12 246 454 395 1390 1441 1348
513 9 2 10 12 19 20 442 34 1392 979
514 9 2 10 12 151 152 441 166 978 1393
515 9 2 10 12 354 395 525 1349 1442 1182
516 9 2 10 12 353 524 394 1179 1443 1346
517 9 2 10 12 245 371 441 1419 1394 1027
518 9 2 10 12 246 442 372 1028 1391 1388
519 9 2 10 12 295 482 376 794 997 1444
520 9 2 10 12 220 439 533 1445 679 1446
521 9 2 10 12 256 445 444 1447 1448 1449
522 9 2 10 12 195 196 615 199 1058 1264
523 9 2 10 12 417 528 616 1450 1451 1452
524 9 2 10 12 195 340 429 1265 1277 1453
525 9 2 10 12 275 454 372 1454 1389 1455
526 9 2 10 12 282 416 379 1339 1456 1457
527 9 2 10 12 255 587 338 1458 1420 1405
528 9 2 10 12 271 340 518 1278 1431 1459
529 9 2 10 12 221 532 440 1460 680 1353
530 9 2 10 12 254 428 421 1461 1407 975
531 9 2 10 12 10 351 456 1077 1369 1462
532 9 2 10 12 11 347 594 1024 1463 1464
533 9 2 10 12 203 594 347 1465 1463 1318
534 9 2 10 12 219 563 373 1466 1467 1468
535 9 2 10 12 238 345 603 757 1219 1469
536 9 2 10 12 239 604 346 1470 1220 758
537 9 2 10 12 274 371 459 1471 1418 1472
538 9 2 10 12 9 429 344 1473 1291 918
539 9 2 10 12 13 14 410 28 1474 1203
540 9 2 10 12 202 540 351 1475 1121 1076
541 9 2 10 12 114 359 530 1172 1476 1477
542 9 2 10 12 47 531 360 1478 1479 1173
543 9 2 10 12 213 343 511 700 1480 1481
544 9 2 10 12 360 531 596 1479 1482 1483
545 9 2 10 12 359 595 530 1484 1485 1476
546 9 2 10 12 60 537 357 1486 1487 1199
547 9 2 10 12 285 357 537 1211 1487 1262
548 9 2 10 12 243 606 391 1488 1270 1489
549 9 2 10 12 50 51 396 75 1490 1491
550 9 2 10 12 110 111 397 135 1492 1493
551 9 2 10 12 218 535 342 1494 1495 1145
552 9 2 10 12 255 471 558 1040 1366 1496
553 9 2 10 12 285 361 460 1263 1497 1498
554 9 2 10 12 207 379 416 891 1456 1499
555 9 2 10 12 58 593 375 1500 1429 1501
556 9 2 10 12 251 356 543 1502 1503 1133
557 9 2 10 12 287 528 417 1504 1450 1296
558 9 2 10 12 253 432 373 1306 1505 1506
559 9 2 10 12 256 377 445 1385 1507 1447
560 9 2 10 12 318 543 558 1134 1323 1365
561 9 2 10 12 237 352 487 1508 1509 968
562 9 2 10 12 256 461 384 1111 1510 1384
563 9 2 10 12 106 551 548 1511 1512 1513
564 9 2 10 12 55 549 550 1514 1515 1516
565 9 2 10 12 345 548 551 756 1512 1079
566 9 2 10 12 346 550 549 1082 1515 759
567 9 2 10 12 280 342 535 1047 1495 1517
568 9 2 10 12 266 453 467 1518 695 1284
569 9 2 10 12 311 610 397 1519 1520 941
570 9 2 10 12 310 396 611 944 1521 1522
571 9 2 10 12 238 500 362 1523 1524 796
572 9 2 10 12 218 408 466 1147 1525 1376
573 9 2 10 12 247 364 434 1116 807 1259
574 9 2 10 12 252 526 365 849 1526 1527
575 9 2 10 12 266 351 516 1370 1528 1529
576 9 2 10 12 255 358 587 1530 1531 1458
577 9 2 10 12 211 453 365 663 1532 1533
578 9 2 10 12 241 516 351 1428 1528 1120
579 9 2 10 12 237 485 352 1534 762 1508
580 9 2 10 12 407 541 560 1535 1536 1537
581 9 2 10 12 235 463 468 1538 1539 1540
582 9 2 10 12 219 373 432 1468 1505 705
583 9 2 10 12 202 203 540 205 1319 1475
584 9 2 10 12 63 364 564 1541 1115 1542
585 9 2 10 12 395 454 619 1441 1543 1544
586 9 2 10 12 284 541 407 1098 1535 1006
587 9 2 10 12 238 603 367 1469 1545 771
588 9 2 10 12 239 366 604 982 1546 1470
589 9 2 10 12 233 491 555 1547 1548 1549
590 9 2 10 12 236 467 350 1245 694 718
591 9 2 10 12 355 614 555 1550 1551 1552
592 9 2 10 12 243 391 443 1489 1425 1184
593 9 2 10 12 52 53 513 77 1247 1553
594 9 2 10 12 108 109 514 133 1554 1248
595 9 2 10 12 210 570 443 1119 1555 1252
596 9 2 10 12 215 445 377 1556 1507 1175
597 9 2 10 12 365 453 516 1532 1557 1427
598 9 2 10 12 59 357 593 1200 1360 1558
599 9 2 10 12 299 468 463 677 1539 654
600 9 2 10 12 239 363 618 799 1559 1560
601 9 2 10 12 58 59 593 83 1558 1500
602 9 2 10 12 260 455 609 1561 1562 1025
603 9 2 10 12 247 460 361 1563 1497 1084
604 9 2 10 12 48 49 419 73 1564 1565
605 9 2 10 12 112 113 418 137 1566 1567
606 9 2 10 12 300 517 486 1568 1569 1570
607 9 2 10 12 277 362 500 1223 1524 1571
608 9 2 10 12 221 376 447 1572 1573 1574
609 9 2 10 12 296 422 448 1575 1576 1015
610 9 2 10 12 297 449 423 1018 1577 1578
611 9 2 10 12 244 480 605 1100 1579 1580
612 9 2 10 12 290 534 502 1581 1438 737
613 9 2 10 12 614 264 555 1582 1382 1551
614 9 2 10 12 240 356 568 1583 1584 1357
615 9 2 10 12 355 555 491 1552 1548 867
616 9 2 10 12 213 614 355 1585 1550 698
617 9 2 10 12 326 443 570 1185 1555 1586
618 9 2 10 12 604 511 263 1587 1588 1221
619 9 2 10 12 320 495 398 1129 1589 1308
620 9 2 10 12 321 399 496 1309 1590 1131
621 9 2 10 12 286 385 439 900 1591 1592
622 9 2 10 12 287 440 386 1298 1593 897
623 9 2 10 12 217 515 470 1233 1594 1595
624 9 2 10 12 241 579 365 1396 1596 1426
625 9 2 10 12 227 559 435 938 1597 1598
626 9 2 10 12 254 447 376 770 1573 1415
627 9 2 10 12 366 511 604 1599 1587 1546
628 9 2 10 12 339 569 588 1258 1600 1361
629 9 2 10 12 213 367 614 729 1601 1585
630 9 2 10 12 247 571 373 1217 1602 1603
631 9 2 10 12 211 365 526 1533 1526 869
632 9 2 10 12 281 444 445 1430 1448 1604
633 9 2 10 12 154 155 502 169 736 1605
634 9 2 10 12 308 410 617 838 1606 1607
635 9 2 10 12 258 448 422 1410 1576 1157
636 9 2 10 12 259 423 449 1160 1577 1411
637 9 2 10 12 319 470 515 1608 1594 990
638 9 2 10 12 261 565 382 1036 1609 830
639 9 2 10 12 262 383 566 833 1610 1037
640 9 2 10 12 49 556 419 1611 1612 1564
641 9 2 10 12 112 418 557 1567 1613 1614
642 9 2 10 12 600 268 497 933 1096 1615
643 9 2 10 12 207 416 444 1499 1616 1299
644 9 2 10 12 92 588 569 1617 1600 1618
645 9 2 10 12 63 598 364 1619 1620 1541
646 9 2 10 12 105 548 362 1621 797 823
647 9 2 10 12 56 363 549 822 798 1622
648 9 2 10 12 50 396 556 1491 1623 1624
649 9 2 10 12 111 557 397 1625 1626 1492
650 9 2 10 12 269 389 465 1114 1627 1628
651 9 2 10 12 220 428 582 1629 1630 1631
652 9 2 10 12 274 499 371 1632 1633 1471
653 9 2 10 12 275 372 498 1455 1634 1635
654 9 2 10 12 370 600 497 1636 1615 1637
655 9 2 10 12 217 465 389 1379 1627 1231
656 9 2 10 12 265 597 477 1638 1293 1342
657 9 2 10 12 304 430 612 872 1639 1640
658 9 2 10 12 293 596 531 1641 1482 1642
659 9 2 10 12 294 530 595 1643 1485 1644
660 9 2 10 12 260 427 567 963 932 1645
661 9 2 10 12 282 507 599 1646 1647 1648
662 9 2 10 12 218 600 370 1649 1636 1650
663 9 2 10 12 247 373 460 1603 1651 1563
664 9 2 10 12 58 375 494 1501 1652 1653
665 9 2 10 12 103 493 374 1654 1655 784
666 9 2 10 12 255 558 358 1496 1432 1530
667 9 2 10 12 428 562 582 1656 1657 1630
668 9 2 10 12 272 439 385 669 1591 1658
669 9 2 10 12 273 386 440 1659 1593 670
670 9 2 10 12 16 17 486 31 1660 740
671 9 2 10 12 2 425 24 1335 1661 39
672 9 2 10 12 5 147 426 161 1662 1332
673 9 2 10 12 240 501 356 1289 1663 1583
674 9 2 10 12 214 524 368 1664 1665 1260
675 9 2 10 12 215 369 525 1177 1666 1667
676 9 2 10 12 213 511 366 1481 1599 725
677 9 2 10 12 270 466 408 1668 1525 1669
678 9 2 10 12 305 552 378 967 1314 825
679 9 2 10 12 150 371 499 1156 1633 1670
680 9 2 10 12 21 498 372 1671 1634 1153
681 9 2 10 12 226 433 567 1672 1673 983
682 9 2 10 12 15 16 446 30 742 1674
683 9 2 10 12 373 563 460 1467 1675 1651
684 9 2 10 12 251 568 356 1196 1584 1502
685 9 2 10 12 51 611 396 1676 1521 1490
686 9 2 10 12 110 397 610 1493 1520 1677
687 9 2 10 12 291 486 517 738 1569 1678
688 9 2 10 12 302 419 556 1679 1612 1680
689 9 2 10 12 301 557 418 1681 1613 1682
690 9 2 10 12 281 589 508 1683 1684 649
691 9 2 10 12 214 384 461 1261 1510 1685
692 9 2 10 12 309 607 409 1686 1687 847
693 9 2 10 12 155 156 431 170 1688 722
694 9 2 10 12 311 520 584 942 1423 1689
695 9 2 10 12 310 583 519 1690 1424 943
696 9 2 10 12 207 380 476 1301 1691 1692
697 9 2 10 12 270 476 380 1693 1691 1694
698 9 2 10 12 9 195 429 198 1453 1473
699 9 2 10 12 278 618 363 1695 1559 1224
700 9 2 10 12 212 543 561 1324 1696 1697
701 9 2 10 12 317 577 585 861 1698 1699
702 9 2 10 12 62 564 361 1700 1085 1048
703 9 2 10 12 315 566 479 1038 1701 1702
704 9 2 10 12 314 478 565 1703 1704 1035
705 9 2 10 12 257 629 452 1137 1705 1706
706 9 2 10 12 269 465 382 1628 831 1707
707 9 2 10 12 270 383 466 1708 832 1668
708 9 2 10 12 329 422 590 1158 1709 1710
709 9 2 10 12 328 591 423 1711 1712 1159
710 9 2 10 12 277 374 493 882 1655 1222
711 9 2 10 12 278 494 375 1225 1652 883
712 9 2 10 12 147 148 546 162 1041 1713
713 9 2 10 12 23 24 547 38 1714 1042
714 9 2 10 12 252 365 579 1527 1596 1282
715 9 2 10 12 224 508 627 1387 1715 1716
716 9 2 10 12 265 487 597 1717 1718 1638
717 9 2 10 12 62 63 564 87 1542 1700
718 9 2 10 12 89 364 598 808 1620 1719
719 9 2 10 12 223 623 507 1720 1721 1722
720 9 2 10 12 218 370 535 1650 1723 1494
721 9 2 10 12 120 121 450 145 875 1724
722 9 2 10 12 40 41 451 65 1725 876
723 9 2 10 12 356 561 543 1726 1696 1503
724 9 2 10 12 253 469 392 1345 717 1304
725 9 2 10 12 324 599 507 687 1647 1727
726 9 2 10 12 117 483 385 1728 1729 956
727 9 2 10 12 44 386 484 955 1730 1731
728 9 2 10 12 235 616 528 1732 1451 1733
729 9 2 10 12 217 470 404 1595 1302 1378
730 9 2 10 12 265 488 381 1344 1205 1734
731 9 2 10 12 359 473 529 1402 1735 1736
732 9 2 10 12 360 528 472 1737 1738 1399
733 9 2 10 12 57 58 494 82 1653 863
734 9 2 10 12 103 104 493 128 866 1654
735 9 2 10 12 352 597 487 788 1718 1509
736 9 2 10 12 303 534 433 1439 1739 1740
737 9 2 10 12 238 378 500 826 1741 1523
738 9 2 10 12 280 535 370 1517 1723 1742
739 9 2 10 12 282 379 628 1457 1743 1744
740 9 2 10 12 323 508 589 1745 1684 1746
741 9 2 10 12 223 478 623 1747 1748 1720
742 9 2 10 12 224 627 479 1716 1749 1750
743 9 2 10 12 314 413 478 810 1751 1703
744 9 2 10 12 315 479 414 1702 1752 813
745 9 2 10 12 302 480 505 1753 1754 1755
746 9 2 10 12 280 370 536 1742 1756 1757
747 9 2 10 12 269 510 379 1758 1759 892
748 9 2 10 12 256 444 416 1449 1616 1109
749 9 2 10 12 306 485 622 1352 1760 643
750 9 2 10 12 43 44 484 68 1731 1761
751 9 2 10 12 117 118 483 142 1762 1728
752 9 2 10 12 272 385 483 1658 1729 1763
753 9 2 10 12 273 484 386 1764 1730 1659
754 9 2 10 12 10 456 197 1462 1398 201
755 9 2 10 12 207 476 387 1692 1765 889
756 9 2 10 12 270 380 509 1694 656 1766
757 9 2 10 12 258 368 524 1001 1665 1178
758 9 2 10 12 259 525 369 1183 1666 1002
759 9 2 10 12 250 554 388 1767 1768 1104
760 9 2 10 12 229 505 480 778 1754 1063
761 9 2 10 12 270 509 383 1766 1769 1708
762 9 2 10 12 269 382 510 1707 1770 1758
763 9 2 10 12 184 612 185 1771 1772 188
764 9 2 10 12 265 381 487 1734 1045 1717
765 9 2 10 12 221 602 376 1773 1774 1572
766 9 2 10 12 317 585 462 1699 1775 835
767 9 2 10 12 294 418 530 1776 1777 1643
768 9 2 10 12 293 531 419 1642 1778 1779
769 9 2 10 12 253 373 571 1506 1602 638
770 9 2 10 12 224 479 566 1750 1701 1780
771 9 2 10 12 223 565 478 1781 1704 1747
772 9 2 10 12 343 436 511 1440 1782 1480
773 9 2 10 12 45 46 472 70 1400 748
774 9 2 10 12 115 116 473 140 753 1401
775 9 2 10 12 224 383 509 1783 1769 1386
776 9 2 10 12 223 510 382 1784 1770 1785
777 9 2 10 12 214 394 524 702 1443 1664
778 9 2 10 12 215 525 395 1667 1442 1786
779 9 2 10 12 397 557 606 1626 1787 1788
780 9 2 10 12 396 605 556 1789 1790 1623
781 9 2 10 12 270 408 621 1669 1791 1792
782 9 2 10 12 216 573 378 1793 1794 1087
783 9 2 10 12 113 530 418 1795 1777 1566
784 9 2 10 12 48 419 531 1565 1778 1796
785 9 2 10 12 298 489 503 1112 1797 644
786 9 2 10 12 242 492 389 1044 1274 1122
787 9 2 10 12 309 431 607 1798 1799 1686
788 9 2 10 12 91 92 569 96 1618 1286
789 9 2 10 12 105 106 548 130 1513 1621
790 9 2 10 12 55 56 549 80 1622 1514
791 9 2 10 12 322 553 420 1292 1395 1105
792 9 2 10 12 283 545 601 1800 1801 1802
793 9 2 10 12 288 388 554 1414 1768 878
794 9 2 10 12 218 405 600 1377 939 1649
795 9 2 10 12 185 612 430 1772 1639 1014
796 9 2 10 12 348 601 545 1803 1801 1804
797 9 2 10 12 295 376 602 1444 1774 1805
798 9 2 10 12 272 398 495 1806 1589 1807
799 9 2 10 12 273 496 399 1808 1590 1809
800 9 2 10 12 118 398 483 1316 1810 1762
801 9 2 10 12 43 484 399 1761 1811 1317
802 9 2 10 12 276 503 489 766 1797 953
803 9 2 10 12 618 552 239 1812 981 1560
804 9 2 10 12 272 495 402 1807 1813 667
805 9 2 10 12 273 403 496 672 1814 1808
806 9 2 10 12 120 450 624 1724 1267 1815
807 9 2 10 12 41 625 451 1816 1268 1725
808 9 2 10 12 272 483 398 1763 1810 1806
809 9 2 10 12 273 399 484 1809 1811 1764
810 9 2 10 12 100 523 392 1817 1818 716
811 9 2 10 12 184 427 612 1341 1819 1771
812 9 2 10 12 230 402 495 1820 1813 1128
813 9 2 10 12 231 496 403 1132 1814 950
814 9 2 10 12 316 580 576 1821 1822 858
815 9 2 10 12 149 150 499 164 1670 1823
816 9 2 10 12 21 22 498 36 1824 1671
817 9 2 10 12 223 382 565 1785 1609 1781
818 9 2 10 12 224 566 383 1780 1610 1783
819 9 2 10 12 244 519 542 925 1825 1099
820 9 2 10 12 288 392 523 1337 1818 1413
821 9 2 10 12 100 101 523 125 1202 1817
822 9 2 10 12 324 623 459 1826 1827 782
823 9 2 10 12 278 390 618 965 1828 1695
824 9 2 10 12 390 552 618 1315 1812 1828
825 9 2 10 12 323 454 627 1829 1830 1831
826 9 2 10 12 156 607 431 1832 1799 1688
827 9 2 10 12 274 478 413 1833 1751 1834
828 9 2 10 12 275 414 479 1835 1752 1836
829 9 2 10 12 4 588 92 1837 1617 97
830 9 2 10 12 302 605 480 1838 1579 1753
831 9 2 10 12 242 387 621 1123 1839 1840
832 9 2 10 12 327 542 519 1168 1825 1101
833 9 2 10 12 183 422 574 1841 1842 1843
834 9 2 10 12 178 575 423 1844 1845 1846
835 9 2 10 12 271 411 561 1847 1848 1849
836 9 2 10 12 222 506 452 1326 1850 1851
837 9 2 10 12 4 98 588 122 1362 1837
838 9 2 10 12 177 424 575 1852 1853 1854
839 9 2 10 12 274 459 623 1472 1827 1855
840 9 2 10 12 234 595 529 1856 1857 926
841 9 2 10 12 235 528 596 1733 1858 1859
842 9 2 10 12 300 435 517 1860 1861 1568
843 9 2 10 12 275 627 454 1862 1830 1454
844 9 2 10 12 359 529 595 1736 1857 1484
845 9 2 10 12 360 596 528 1483 1858 1737
846 9 2 10 12 14 617 410 1863 1606 1474
847 9 2 10 12 6 592 160 1864 1312 175
848 9 2 10 12 6 190 592 192 1311 1864
849 9 2 10 12 149 499 413 1823 1865 1287
850 9 2 10 12 22 414 498 1288 1866 1824
851 9 2 10 12 308 617 446 1607 1867 1868
852 9 2 10 12 176 488 521 1206 1869 1870
853 9 2 10 12 275 498 414 1635 1866 1835
854 9 2 10 12 274 413 499 1834 1865 1632
855 9 2 10 12 208 601 544 1871 1872 1873
856 9 2 10 12 230 545 402 1874 1875 1820
857 9 2 10 12 113 114 530 138 1477 1795
858 9 2 10 12 47 48 531 72 1796 1478
859 9 2 10 12 277 573 400 1876 1877 880
860 9 2 10 12 3 89 598 93 1719 1878
861 9 2 10 12 316 474 580 905 1879 1821
862 9 2 10 12 60 61 537 85 1166 1486
863 9 2 10 12 157 409 607 1383 1687 1880
864 9 2 10 12 267 470 475 1303 1881 915
865 9 2 10 12 1 594 203 1882 1465 206
866 9 2 10 12 1 11 594 25 1464 1882
867 9 2 10 12 177 521 424 1883 985 1852
868 9 2 10 12 270 621 476 1792 1884 1693
869 9 2 10 12 225 455 512 1885 1886 1355
870 9 2 10 12 176 521 177 1870 1883 180
871 9 2 10 12 280 407 560 1887 1537 1888
872 9 2 10 12 249 406 539 1126 1327 1433
873 9 2 10 12 183 590 422 1889 1709 1841
874 9 2 10 12 178 423 591 1846 1712 1890
875 9 2 10 12 291 452 506 1891 1850 1892
876 9 2 10 12 323 619 454 1893 1543 1829
877 9 2 10 12 263 511 436 1588 1782 1242
878 9 2 10 12 54 55 550 79 1516 1894
879 9 2 10 12 106 107 551 131 1895 1511
880 9 2 10 12 319 475 470 1896 1881 1608
881 9 2 10 12 209 393 626 1075 1371 1897
882 9 2 10 12 283 402 545 1898 1875 1800
883 9 2 10 12 49 50 556 74 1624 1611
884 9 2 10 12 111 112 557 136 1614 1625
885 9 2 10 12 280 536 407 1757 1899 1887
886 9 2 10 12 284 403 532 1007 681 1900
887 9 2 10 12 3 598 63 1878 1619 88
888 9 2 10 12 229 420 527 1065 1901 703
889 9 2 10 12 309 512 431 1397 1902 1798
890 9 2 10 12 301 418 504 1682 1903 696
891 9 2 10 12 302 505 419 1755 1904 1679
892 9 2 10 12 283 533 402 1905 678 1898
893 9 2 10 12 231 407 536 952 1899 1906
894 9 2 10 12 296 574 422 829 1842 1575
895 9 2 10 12 297 423 575 1578 1845 1907
896 9 2 10 12 286 439 538 1592 1908 1033
897 9 2 10 12 348 544 601 720 1872 1803
898 9 2 10 12 294 504 418 1030 1903 1776
899 9 2 10 12 293 419 505 1779 1904 1031
900 9 2 10 12 15 446 617 1674 1867 1909
901 9 2 10 12 297 575 424 1907 1853 1910
902 9 2 10 12 216 400 573 1142 1877 1793
903 9 2 10 12 244 605 396 1580 1789 923
904 9 2 10 12 243 397 606 922 1788 1488
905 9 2 10 12 226 580 433 1911 1912 1672
906 9 2 10 12 208 544 415 1873 1913 1914
907 9 2 10 12 220 582 538 1631 1915 1916
908 9 2 10 12 109 110 610 134 1677 1917
909 9 2 10 12 51 52 611 76 1918 1676
910 9 2 10 12 41 42 625 66 1241 1816
911 9 2 10 12 119 120 624 144 1815 1236
912 9 2 10 12 290 512 455 1919 1886 1920
913 9 2 10 12 330 539 412 1434 1320 1272
914 9 2 10 12 215 395 619 1786 1544 1921
915 9 2 10 12 279 515 492 991 1275 1922
916 9 2 10 12 257 452 517 1706 1923 1924
917 9 2 10 12 280 560 415 1888 1925 1148
918 9 2 10 12 153 154 613 168 1926 1927
919 9 2 10 12 17 18 586 32 1928 1929
920 9 2 10 12 208 560 541 1930 1536 1931
921 9 2 10 12 156 157 607 171 1880 1832
922 9 2 10 12 14 15 617 29 1909 1863
923 9 2 10 12 349 538 582 802 1915 1435
924 9 2 10 12 290 431 512 723 1902 1919
925 9 2 10 12 227 585 577 1932 1698 1375
926 9 2 10 12 312 521 488 986 1869 1363
927 9 2 10 12 286 529 473 1034 1735 899
928 9 2 10 12 287 472 528 898 1738 1504
929 9 2 10 12 177 575 178 1854 1844 181
930 9 2 10 12 183 574 184 1843 1340 187
931 9 2 10 12 271 518 411 1459 971 1847
932 9 2 10 12 212 561 411 1697 1848 917
933 9 2 10 12 219 406 563 1328 1933 1466
934 9 2 10 12 276 527 420 954 1901 774
935 9 2 10 12 279 415 544 1934 1913 673
936 9 2 10 12 257 517 435 1924 1861 1935
937 9 2 10 12 250 412 554 1273 994 1767
938 9 2 10 12 308 446 506 1868 1936 1358
939 9 2 10 12 227 435 585 1598 1937 1932
940 9 2 10 12 285 563 406 1938 1933 1210
941 9 2 10 12 208 541 421 1931 976 1939
942 9 2 10 12 221 447 532 1574 1940 1460
943 9 2 10 12 8 178 591 182 1890 1941
944 9 2 10 12 8 590 183 1942 1889 186
945 9 2 10 12 303 433 580 1740 1912 1943
946 9 2 10 12 291 506 446 1892 1936 741
947 9 2 10 12 271 561 501 1849 1944 1279
948 9 2 10 12 242 621 408 1840 1791 1290
949 9 2 10 12 279 572 415 1945 1149 1934
950 9 2 10 12 260 433 534 1946 1739 1947
951 9 2 10 12 208 415 560 1914 1925 1930
952 9 2 10 12 237 622 485 1948 1760 1534
953 9 2 10 12 319 620 475 1251 1949 1896
954 9 2 10 12 266 516 453 1529 1557 1518
955 9 2 10 12 283 428 533 1408 1950 1905
956 9 2 10 12 281 445 589 1604 1951 1683
957 9 2 10 12 291 517 452 1678 1923 1891
958 9 2 10 12 283 601 421 1802 1952 1406
959 9 2 10 12 370 497 536 1637 1953 1756
960 9 2 10 12 282 599 461 1648 1954 1338
961 9 2 10 12 230 475 620 993 1949 1955
962 9 2 10 12 378 573 500 1794 1956 1741
963 9 2 10 12 300 585 435 1957 1937 1860
964 9 2 10 12 231 536 497 1906 1953 1144
965 9 2 10 12 284 532 447 1900 1940 1097
966 9 2 10 12 220 533 428 1446 1950 1629
967 9 2 10 12 260 534 455 1947 1958 1561
968 9 2 10 12 147 546 426 1713 1403 1662
969 9 2 10 12 24 425 547 1661 1404 1714
970 9 2 10 12 297 424 559 1910 1959 937
971 9 2 10 12 332 584 555 1960 1961 1381
972 9 2 10 12 226 576 580 1372 1822 1911
973 9 2 10 12 279 492 572 1922 1043 1945
974 9 2 10 12 257 435 559 1935 1597 1962
975 9 2 10 12 260 567 433 1645 1673 1946
976 9 2 10 12 221 417 602 1354 1963 1773
977 9 2 10 12 208 421 601 1939 1952 1871
978 9 2 10 12 300 486 586 1570 1964 1965
979 9 2 10 12 233 555 584 1549 1961 1422
980 9 2 10 12 254 562 428 1416 1656 1461
981 9 2 10 12 220 538 439 1916 1908 1445
982 9 2 10 12 257 559 424 1962 1959 803
983 9 2 10 12 223 507 628 1722 1966 1967
984 9 2 10 12 223 628 510 1967 1968 1784
985 9 2 10 12 295 602 417 1805 1963 1969
986 9 2 10 12 295 417 616 1969 1452 1970
987 9 2 10 12 387 476 621 1765 1884 1839
988 9 2 10 12 290 455 534 1920 1958 1581
989 9 2 10 12 285 460 563 1498 1675 1938
990 9 2 10 12 54 550 457 1894 1188 1367
991 9 2 10 12 107 458 551 1368 1189 1895
992 9 2 10 12 17 586 486 1929 1964 1660
993 9 2 10 12 304 612 427 1640 1819 962
994 9 2 10 12 222 452 629 1851 1705 1971
995 9 2 10 12 277 500 573 1571 1956 1876
996 9 2 10 12 215 589 445 1972 1951 1556
997 9 2 10 12 237 587 622 1421 1973 1948
998 9 2 10 12 300 462 585 1974 1775 1957
999 9 2 10 12 303 613 502 1975 1976 1437
1000 9 2 10 12 301 606 557 1271 1787 1681
1001 9 2 10 12 302 556 605 1680 1790 1838
1002 9 2 10 12 300 586 462 1965 1977 1974
1003 9 2 10 12 356 501 561 1663 1944 1726
1004 9 2 10 12 294 595 464 1644 1978 1029
1005 9 2 10 12 293 463 596 1032 1979 1641
1006 9 2 10 12 358 622 587 635 1973 1531
1007 9 2 10 12 264 614 603 1582 1980 1218
1008 9 2 10 12 303 474 613 1981 1982 1975
1009 9 2 10 12 303 580 474 1943 1879 1981
1010 9 2 10 12 225 609 455 1983 1562 1885
1011 9 2 10 12 234 464 595 650 1978 1856
1012 9 2 10 12 235 596 463 1859 1979 1538
1013 9 2 10 12 367 603 614 1545 1980 1601
1014 9 2 10 12 304 609 471 1026 1984 1039
1015 9 2 10 12 214 461 599 1685 1954 701
1016 9 2 10 12 323 627 508 1831 1715 1745
1017 9 2 10 12 289 582 562 1436 1657 1012
1018 9 2 10 12 154 502 613 1605 1976 1926
1019 9 2 10 12 295 616 468 1970 1985 793
1020 9 2 10 12 18 462 586 1209 1977 1928
1021 9 2 10 12 324 507 623 1727 1721 1826
1022 9 2 10 12 233 608 491 1255 1986 1547
1023 9 2 10 12 311 514 610 1987 1988 1519
1024 9 2 10 12 310 611 513 1522 1989 1990
1025 9 2 10 12 222 629 477 1971 1991 843
1026 9 2 10 12 326 570 608 1586 1992 1254
1027 9 2 10 12 225 471 609 930 1984 1983
1028 9 2 10 12 109 610 514 1917 1988 1554
1029 9 2 10 12 52 513 611 1553 1989 1918
1030 9 2 10 12 235 468 616 1540 1985 1732
1031 9 2 10 12 153 613 474 1927 1982 1331
1032 9 2 10 12 292 608 570 1993 1992 1212
1033 9 2 10 12 209 626 482 1897 1994 743
1034 9 2 10 12 331 583 513 1194 1995 1246
1035 9 2 10 12 332 514 584 1249 1996 1960
1036 9 2 10 12 312 477 629 1364 1991 1136
1037 9 2 10 12 274 623 478 1855 1748 1833
1038 9 2 10 12 275 479 627 1836 1749 1862
1039 9 2 10 12 289 482 626 998 1994 1226
1040 9 2 10 12 310 513 583 1990 1995 1690
1041 9 2 10 12 311 584 514 1689 1996 1987
1042 9 2 10 12 292 491 608 1313 1986 1993
1043 9 2 10 12 8 581 590 1997 1998 1942
1044 9 2 10 12 8 591 581 1941 1999 1997
1045 9 2 10 12 230 620 545 1955 2000 1874
1046 9 2 10 12 348 545 620 1804 2000 1250
1047 9 2 10 12 282 628 507 1744 1966 1646
1048 9 2 10 12 379 510 628 1759 1968 1743
1049 9 2 10 12 329 590 581 1710 1998 949
1050 9 2 10 12 328 581 591 946 1999 1711
1051 9 2 10 12 215 619 589 1921 2001 1972
1052 9 2 10 12 323 589 619 1746 2001 1893
$EndElements
