# vtk DataFile Version 3.0
    
ASCII
DATASET UNSTRUCTURED_GRID
POINTS 1847 float
0 0 0
1.5 0 0
5 0 0
5 1 0
1.5 1 0
0 1 0
0.5 0.47 0
0.9 0.47 0
0 0.7 0
0 0.3 0
0.1 0 0
0.2 0 0
0.3 0 0
0.4 0 0
0.5 0 0
0.6 0 0
0.7 0 0
0.8 0 0
0.9 0 0
1 0 0
1.1 0 0
1.2 0 0
1.3 0 0
1.4 0 0
0.05 0 0
0.15 0 0
0.25 0 0
0.35 0 0
0.45 0 0
0.55 0 0
0.65 0 0
0.75 0 0
0.85 0 0
0.95 0 0
1.05 0 0
1.15 0 0
1.25 0 0
1.35 0 0
1.45 0 0
1.5984 0 0
1.69956 0 0
1.80357 0 0
1.91051 0 0
2.02044 0 0
2.13347 0 0
2.24968 0 0
2.36916 0 0
2.49199 0 0
2.61828 0 0
2.74812 0 0
2.8816 0 0
3.01884 0 0
3.15994 0 0
3.30501 0 0
3.45415 0 0
3.60749 0 0
3.76514 0 0
3.92722 0 0
4.09385 0 0
4.26518 0 0
4.44131 0 0
4.6224 0 0
4.80858 0 0
1.5492 0 0
1.64898 0 0
1.75157 0 0
1.85704 0 0
1.96547 0 0
2.07696 0 0
2.19158 0 0
2.30942 0 0
2.43057 0 0
2.55513 0 0
2.6832 0 0
2.81486 0 0
2.95022 0 0
3.08939 0 0
3.23248 0 0
3.37958 0 0
3.53082 0 0
3.68631 0 0
3.84618 0 0
4.01054 0 0
4.17951 0 0
4.35324 0 0
4.53186 0 0
4.71549 0 0
4.90429 0 0
5 0.2 0
5 0.4 0
5 0.6 0
5 0.8 0
5 0.1 0
5 0.3 0
5 0.5 0
5 0.7 0
5 0.9 0
4.80858 1 0
4.6224 1 0
4.44131 1 0
4.26518 1 0
4.09385 1 0
3.92722 1 0
3.76514 1 0
3.60749 1 0
3.45415 1 0
3.30501 1 0
3.15994 1 0
3.01884 1 0
2.8816 1 0
2.74812 1 0
2.61828 1 0
2.49199 1 0
2.36916 1 0
2.24968 1 0
2.13347 1 0
2.02044 1 0
1.91051 1 0
1.80357 1 0
1.69956 1 0
1.5984 1 0
4.90429 1 0
4.71549 1 0
4.53186 1 0
4.35324 1 0
4.17951 1 0
4.01054 1 0
3.84618 1 0
3.68631 1 0
3.53082 1 0
3.37958 1 0
3.23248 1 0
3.08939 1 0
2.95022 1 0
2.81486 1 0
2.6832 1 0
2.55513 1 0
2.43057 1 0
2.30942 1 0
2.19158 1 0
2.07696 1 0
1.96547 1 0
1.85704 1 0
1.75157 1 0
1.64898 1 0
1.5492 1 0
1.4 1 0
1.3 1 0
1.2 1 0
1.1 1 0
1 1 0
0.9 1 0
0.8 1 0
0.7 1 0
0.6 1 0
0.5 1 0
0.4 1 0
0.3 1 0
0.2 1 0
0.1 1 0
1.45 1 0
1.35 1 0
1.25 1 0
1.15 1 0
1.05 1 0
0.95 1 0
0.85 1 0
0.75 1 0
0.65 1 0
0.55 1 0
0.45 1 0
0.35 1 0
0.25 1 0
0.15 1 0
0.05 1 0
0.519806 0.383223 0
0.575302 0.313634 0
0.655496 0.275014 0
0.744504 0.275014 0
0.824698 0.313634 0
0.880194 0.383223 0
0.505014 0.425496 0
0.543634 0.345302 0
0.613223 0.289806 0
0.7 0.27 0
0.786777 0.289806 0
0.856366 0.345302 0
0.894986 0.425496 0
0.880194 0.556777 0
0.824698 0.626366 0
0.744504 0.664986 0
0.655496 0.664986 0
0.575302 0.626366 0
0.519806 0.556777 0
0.894986 0.514504 0
0.856366 0.594698 0
0.786777 0.650194 0
0.7 0.67 0
0.613223 0.650194 0
0.543634 0.594698 0
0.505014 0.514504 0
0 0.9 0
0 0.8 0
0 0.95 0
0 0.85 0
0 0.75 0
0 0.6 0
0 0.5 0
0 0.4 0
0 0.65 0
0 0.55 0
0 0.45 0
0 0.35 0
0 0.2 0
0 0.1 0
0 0.25 0
0 0.15 0
0 0.05 0
1.40099 0.496376 0
1.89214 0.506216 0
2.41102 0.477852 0
2.91108 0.478007 0
3.40314 0.5 0
1.16123 0.692207 0
3.9037 0.5 0
1.66047 0.694833 0
1.64898 0.309882 0
1.17945 0.308013 0
0.28156 0.721492 0
4.40736 0.520836 0
0.269049 0.270911 0
2.14971 0.687523 0
2.14971 0.312477 0
1.40126 0.749997 0
1.41122 0.245947 0
2.65104 0.68469 0
2.62273 0.321156 0
0.274069 0.492681 0
1.88913 0.760641 0
1.89258 0.243293 0
0.966488 0.785463 0
3.15185 0.313085 0
3.15185 0.686915 0
1.08965 0.505868 0
0.46166 0.800488 0
0.994189 0.202561 0
2.39227 0.750471 0
2.39227 0.249529 0
3.63633 0.708727 0
3.64027 0.280157 0
0.438319 0.18439 0
1.59636 0.5 0
2.8572 0.776154 0
2.86628 0.223315 0
4.15435 0.690831 0
4.14491 0.314889 0
0.703499 0.835703 0
4.68889 0.685899 0
4.68889 0.314101 0
2.08316 0.492476 0
3.37906 0.747319 0
3.37602 0.246667 0
1.25311 0.835501 0
1.55428 0.842304 0
0.172617 0.851099 0
1.55888 0.167903 0
1.26745 0.160693 0
0.154592 0.606265 0
0.844168 0.152019 0
1.00678 0.642169 0
1.25047 0.561912 0
1.74092 0.834534 0
1.74235 0.166053 0
0.151359 0.385356 0
0.159785 0.150355 0
1.04119 0.362921 0
1.32354 0.357347 0
0.390128 0.610052 0
0.372128 0.379048 0
2.04425 0.841011 0
2.04425 0.158989 0
1.48692 0.621764 0
3.88963 0.745884 0
3.89677 0.249121 0
1.7478 0.560431 0
2.6244 0.502616 0
1.50997 0.372298 0
0.578544 0.153443 0
1.10308 0.849359 0
1.79476 0.377753 0
0.335713 0.857799 0
0.841572 0.863982 0
1.99694 0.628055 0
2.00108 0.361727 0
1.12553 0.135814 0
2.23204 0.841145 0
2.23401 0.158351 0
4.39872 0.248226 0
4.39716 0.761556 0
2.54854 0.832711 0
2.54854 0.167289 0
0.308119 0.137984 0
0.712798 0.149633 0
2.25456 0.564374 0
3.09571 0.5 0
2.29614 0.377929 0
0.589528 0.890868 0
1.28084 0.687121 0
2.49343 0.620656 0
2.49822 0.37154 0
2.74336 0.830377 0
2.74428 0.181786 0
3.58629 0.522784 0
0.448056 0.677212 0
0.834536 0.728185 0
1.37141 0.855072 0
1.44562 0.123637 0
1.19769 0.413631 0
3.04906 0.171958 0
3.04906 0.828042 0
0.567271 0.752595 0
2.72641 0.566849 0
1.79346 0.666648 0
0.119403 0.713748 0
1.85338 0.876282 0
1.85994 0.122325 0
0.117004 0.280908 0
3.27088 0.165544 0
3.26698 0.841228 0
0.993325 0.524713 0
0.42701 0.297812 0
2.79634 0.378058 0
0.405103 0.485998 0
0.11854 0.497493 0
4.10895 0.491881 0
2.99251 0.619824 0
2.99813 0.371842 0
0.919248 0.281287 0
1.39259 0.620836 0
3.54752 0.847045 0
3.5458 0.146483 0
0.944357 0.102553 0
0.940808 0.894235 0
1.68822 0.419005 0
3.2382 0.450983 0
0.919182 0.694231 0
4.807 0.5 0
1.64645 0.896231 0
0.27296 0.607594 0
1.06498 0.749089 0
1.90672 0.593356 0
2.29329 0.687375 0
0.267036 0.382521 0
1.10913 0.600247 0
1.65016 0.0991258 0
1.51157 0.270586 0
3.30323 0.616834 0
1.54843 0.72456 0
0.391477 0.742824 0
2.43756 0.87289 0
2.43756 0.12711 0
0.445781 0.900621 0
1.27114 0.266576 0
3.49297 0.631828 0
3.51832 0.383193 0
1.08274 0.271441 0
3.76052 0.822527 0
3.75559 0.176119 0
4.59963 0.50248 0
1.75363 0.275598 0
0.526344 0.228309 0
4.02636 0.174835 0
4.02668 0.825268 0
0.25437 0.911281 0
1.28832 0.456324 0
3.75473 0.548031 0
0.490387 0.101801 0
2.19937 0.431678 0
1.35543 0.0834599 0
0.362783 0.24611 0
0.762116 0.908712 0
1.6435 0.792409 0
1.47432 0.905718 0
4.53148 0.166863 0
4.53126 0.834534 0
3.8063 0.364052 0
0.395967 0.0973662 0
1.59318 0.597647 0
1.49773 0.5229 0
2.13868 0.884343 0
2.13901 0.115573 0
2.75835 0.703239 0
1.05239 0.100071 0
1.97392 0.908416 0
1.97502 0.091352 0
3.9917 0.360199 0
4.00268 0.62827 0
2.38455 0.612904 0
1.65118 0.209092 0
0.979574 0.433519 0
1.18935 0.884523 0
4.24387 0.170538 0
4.2491 0.831315 0
4.83821 0.162778 0
4.83821 0.837222 0
2.00301 0.741646 0
1.99884 0.262021 0
1.41388 0.343543 0
0.700823 0.747674 0
2.93662 0.875339 0
2.93499 0.124172 0
0.09654 0.90346 0
0.649423 0.083992 0
0.661449 0.911763 0
1.90354 0.348417 0
0.256694 0.80968 0
1.17139 0.788838 0
1.1123 0.416023 0
0.24181 0.0866873 0
4.25131 0.55355 0
1.59395 0.389764 0
1.20182 0.0983026 0
1.17099 0.204767 0
1.78539 0.478829 0
1.03753 0.915096 0
2.25677 0.279642 0
4.29394 0.381646 0
0.780641 0.0880509 0
0.84898 0.234838 0
1.99338 0.536155 0
2.6929 0.421858 0
0.0914401 0.0914401 0
3.26738 0.301135 0
3.40931 0.86215 0
3.40917 0.136898 0
0.0706149 0.357341 0
1.53384 0.073576 0
2.09516 0.601694 0
0.071956 0.637879 0
4.49836 0.367459 0
4.4899 0.654885 0
0.203624 0.682356 0
2.30942 0.0877311 0
2.30942 0.912269 0
0.239989 0.187201 0
1.31606 0.767428 0
2.66687 0.899077 0
2.667 0.102661 0
0.199475 0.528954 0
2.88078 0.610285 0
1.46624 0.804875 0
2.12119 0.774562 0
2.13018 0.224692 0
1.74957 0.922396 0
1.75112 0.0775009 0
0.440198 0.401083 0
0.77681 0.199315 0
1.36026 0.188401 0
1.2953 0.912407 0
2.0841 0.397779 0
2.50888 0.728414 0
2.5023 0.260292 0
1.17675 0.510225 0
1.5565 0.924547 0
0.197339 0.311408 0
0.648055 0.191957 0
0.779135 0.807061 0
0.0859996 0.800808 0
0.440661 0.552637 0
0.626614 0.808825 0
2.39224 0.353726 0
0.941063 0.606054 0
1.2017 0.61426 0
1.80099 0.775833 0
3.18378 0.572097 0
1.72787 0.752851 0
0.964705 0.350567 0
0.202096 0.457401 0
0.915859 0.184717 0
0.083248 0.196323 0
2.75316 0.2833 0
0.860879 0.0718944 0
4.85282 0.329642 0
4.85282 0.670358 0
1.47836 0.195936 0
2.30919 0.474608 0
1.33682 0.550146 0
1.95413 0.175596 0
1.95411 0.820289 0
2.81201 0.0935166 0
2.8115 0.907266 0
1.37754 0.420256 0
0.990912 0.711416 0
0.885035 0.797643 0
3.86996 0.119422 0
3.87384 0.878736 0
3.78484 0.688692 0
1.68162 0.517886 0
2.51425 0.51277 0
0.35 0.935445 0
1.81374 0.214054 0
1.2474 0.356887 0
1.68482 0.610919 0
2.06137 0.92438 0
2.06157 0.0755753 0
1.45412 0.700606 0
0.34745 0.672528 0
2.58931 0.602445 0
0.0694759 0.566483 0
0.0696088 0.429055 0
3.38401 0.364646 0
1.02578 0.837836 0
0.565159 0.0701956 0
1.4605 0.444107 0
2.6398 0.789055 0
2.63975 0.214031 0
1.00124 0.293221 0
3.25766 0.730029 0
0.33415 0.315232 0
0.344613 0.445986 0
0.345261 0.537079 0
0.849713 0.937883 0
1.23653 0.754219 0
1.3521 0.28593 0
0.39531 0.814352 0
2.32692 0.815209 0
2.32601 0.180472 0
0.189604 0.762678 0
1.07714 0.187632 0
0.526589 0.925162 0
2.59081 0.419114 0
3.01173 0.269274 0
3.00368 0.730462 0
1.7214 0.34556 0
3.13647 0.106595 0
3.13647 0.893405 0
1.83041 0.300992 0
4.37611 0.117125 0
4.37304 0.883949 0
2.0732 0.686696 0
2.07278 0.311739 0
0.167209 0.931087 0
2.21686 0.745204 0
2.89656 0.35314 0
1.97023 0.443862 0
1.06748 0.66347 0
2.55424 0.0746107 0
2.55423 0.925516 0
1.82671 0.557437 0
0.531273 0.831206 0
1.5317 0.445814 0
0.327004 0.784787 0
0.596748 0.232471 0
1.91785 0.678069 0
3.67547 0.421389 0
0.485133 0.617531 0
4.31346 0.674183 0
1.119 0.926723 0
1.13595 0.0668376 0
1.11795 0.348073 0
1.86626 0.42836 0
2.8091 0.473534 0
4.69355 0.881935 0
4.69355 0.118065 0
1.04881 0.446952 0
2.16283 0.550512 0
1.42671 0.563171 0
1.35763 0.690125 0
0.328859 0.0675329 0
3.65973 0.880744 0
3.65683 0.113692 0
3.87887 0.619301 0
0.177736 0.232851 0
1.30089 0.614764 0
0.367768 0.176483 0
0.535294 0.69032 0
0.158562 0.0643069 0
1.59249 0.25775 0
0.707533 0.218187 0
2.99546 0.530049 0
0.768987 0.725168 0
1.04124 0.581695 0
0.30545 0.209528 0
2.21312 0.072331 0
2.21266 0.927551 0
1.27 0.0681889 0
0.617105 0.718901 0
3.09633 0.398299 0
3.1441 0.210732 0
3.1441 0.789268 0
0.501467 0.739884 0
0.501238 0.323004 0
2.20866 0.634903 0
3.08828 0.601955 0
3.50051 0.743062 0
3.49684 0.261907 0
1.45 0.0507898 0
1.57139 0.320056 0
1.85566 0.672359 0
1.85009 0.630002 0
1.91229 0.635713 0
1.8413 0.713644 0
1.90349 0.719355 0
3.22074 0.0532974 0
3.14821 0.0532974 0
3.22074 0.946703 0
3.14821 0.946703 0
1.28547 0.357117 0
1.30593 0.406835 0
1.26786 0.406605 0
1.22255 0.385259 0
1.24301 0.434977 0
4.06027 0.912634 0
4.13789 0.828292 0
4.17148 0.915658 0
4.16886 0.0852692 0
4.13511 0.172687 0
4.0601 0.0874177 0
1.34765 0.956204 0
1.33336 0.88374 0
1.38571 0.927536 0
0.552444 0.190876 0
0.508365 0.165055 0
0.534466 0.127622 0
0.464353 0.143096 0
0.482332 0.20635 0
2.83435 0.84171 0
2.77743 0.868822 0
2.80028 0.803266 0
2.80528 0.20255 0
2.77815 0.137651 0
2.83914 0.158416 0
2.22807 0.35566 0
2.17454 0.372078 0
2.20324 0.29606 0
4.9191 0.081389 0
4.8234 0.081389 0
4.8234 0.918611 0
4.9191 0.918611 0
0.74032 0.0440254 0
0.715032 0.0860214 0
0.674711 0.041996 0
4.21943 0.348267 0
4.20144 0.436763 0
4.12693 0.403385 0
1.15782 0.380852 0
1.15499 0.414827 0
1.11512 0.382048 0
1.94276 0.521186 0
1.95005 0.564756 0
1.89943 0.549786 0
3.34115 0.682076 0
3.3981 0.624331 0
3.43602 0.689574 0
3.44806 0.565914 0
3.35319 0.558417 0
0.946663 0.497357 0
0.93676 0.540745 0
3.28794 0.0827721 0
3.20367 0.13607 0
3.28599 0.920614 0
3.20173 0.867316 0
2.45057 0.739443 0
2.38841 0.681688 0
2.44671 0.670659 0
2.50115 0.674535 0
2.43899 0.61678 0
1.95183 0.610706 0
1.99516 0.582105 0
2.27646 0.328785 0
2.3245 0.316684 0
2.34419 0.365827 0
4.27263 0.467598 0
4.18013 0.522715 0
0.445194 0.0509007 0
0.443177 0.0995838 0
0.397983 0.0486831 0
2.24776 0.404804 0
0.87194 0.660299 0
0.876859 0.711208 0
0.829617 0.677276 0
3.69793 0.228138 0
3.78094 0.270086 0
3.72328 0.322105 0
0.681111 0.116813 0
0.746719 0.118842 0
0.496466 0.815847 0
0.488527 0.865914 0
0.45372 0.850554 0
2.54137 0.611551 0
2.54909 0.66543 0
0.528931 0.878184 0
0.486185 0.912892 0
0.495194 0.0509007 0
1.82848 0.938141 0
1.88194 0.938141 0
1.88522 0.0611626 0
1.83176 0.0611626 0
2.28188 0.519491 0
2.34687 0.543756 0
2.31955 0.588639 0
2.32452 0.264585 0
2.39225 0.301627 0
2.69908 0.746147 0
2.64542 0.736872 0
2.70469 0.693965 0
1.18857 0.360822 0
1.1487 0.328043 0
1.08403 0.799224 0
1.11819 0.768964 0
1.13723 0.819098 0
2.56047 0.346348 0
2.50026 0.315916 0
2.56252 0.290724 0
1.4614 0.258267 0
1.46273 0.307065 0
1.41255 0.294745 0
4.9191 0.181389 0
4.9191 0.818611 0
2.45462 0.424696 0
2.50624 0.442155 0
2.46264 0.495311 0
1.18147 0.653234 0
1.24127 0.650691 0
1.22104 0.689664 0
0.0597015 0.706874 0
0.102701 0.757278 0
0.0429998 0.750404 0
1.78725 0.558934 0
1.81009 0.612043 0
1.77063 0.613539 0
1.42287 0.880395 0
1.43716 0.952859 0
1.29765 0.956204 0
4.44863 0.58786 0
4.40168 0.664534 0
4.36041 0.597509 0
2.69158 0.809716 0
2.75086 0.766808 0
0.04827 0.90173 0
0.04827 0.95173 0
0.09827 0.95173 0
1.46193 0.357921 0
1.51077 0.321442 0
3.85153 0.306587 0
3.82618 0.21262 0
0.041624 0.248161 0
0.100126 0.238615 0
0.0585019 0.290454 0
2.62017 0.643568 0
2.57996 0.706552 0
3.27072 0.533908 0
3.32067 0.475491 0
0.419092 0.643632 0
0.397753 0.67487 0
0.368789 0.64129 0
2.02363 0.791328 0
2.0621 0.758104 0
2.08272 0.807786 0
2.08722 0.191841 0
2.06451 0.243357 0
2.02154 0.210505 0
2.40163 0.415789 0
2.44523 0.362633 0
2.0381 0.714171 0
2.0972 0.730629 0
2.10148 0.268216 0
2.03581 0.28688 0
3.45491 0.802606 0
3.39419 0.804734 0
3.43979 0.745191 0
3.43643 0.254287 0
3.3926 0.191782 0
3.453 0.199402 0
0.925761 0.791553 0
0.902109 0.745937 0
0.942835 0.739847 0
0.796742 0.254926 0
0.836839 0.274236 0
1.54005 0.609705 0
1.5708 0.661103 0
1.51767 0.673162 0
4.25714 0.915658 0
4.25452 0.0852692 0
3.49472 0.511392 0
3.53963 0.577306 0
3.46073 0.441596 0
3.5523 0.452989 0
2.89691 0.825746 0
2.87406 0.891302 0
2.8735 0.108844 0
2.90063 0.173744 0
2.60677 0.370135 0
2.54451 0.395327 0
1.60445 0.709696 0
1.62683 0.64624 0
0.801762 0.726676 0
0.796843 0.675767 0
3.43173 0.931075 0
3.47842 0.854598 0
3.50084 0.923523 0
3.49997 0.0732417 0
3.47748 0.141691 0
3.43166 0.0684489 0
3.5775 0.923523 0
3.57664 0.0732417 0
1.86672 0.575397 0
2.80778 0.739697 0
2.39778 0.545378 0
2.36011 0.47623 0
1.19468 0.942261 0
1.24233 0.898465 0
1.24765 0.956204 0
0.594764 0.945434 0
0.625488 0.901316 0
0.630724 0.955882 0
1.28458 0.801464 0
1.34374 0.81125 0
1.31226 0.845286 0
1.77657 0.961198 0
1.80148 0.899339 0
1.80553 0.099913 0
1.77735 0.0387504 0
0.760657 0.237165 0
0.812895 0.217076 0
1.07994 0.229537 0
1.12406 0.1962 0
1.12687 0.238104 0
3.56465 0.670277 0
3.61131 0.615756 0
0.969273 0.152557 0
0.998373 0.101312 0
1.02329 0.151316 0
2.47322 0.800652 0
2.41491 0.811681 0
2.41491 0.188319 0
2.46993 0.193701 0
2.44729 0.25491 0
2.35071 0.414167 0
1.25868 0.72067 0
1.19888 0.723213 0
1.38634 0.802534 0
1.35866 0.758712 0
0.041624 0.198161 0
1.50225 0.14577 0
1.48973 0.0986067 0
1.54636 0.12074 0
2.67541 0.534733 0
2.65786 0.584647 0
2.60686 0.552531 0
0.0429998 0.850404 0
0.0912698 0.852134 0
2.78006 0.0467583 0
2.73951 0.0980886 0
2.70756 0.0513304 0
2.70749 0.949538 0
2.73918 0.903171 0
2.77981 0.953633 0
1.14294 0.555236 0
1.18923 0.562243 0
1.15542 0.607254 0
3.64803 0.794735 0
3.60362 0.863895 0
3.59192 0.777886 0
3.59303 0.21332 0
3.60131 0.130088 0
3.64855 0.196925 0
1.16631 0.740523 0
1.11311 0.720648 0
0.0429998 0.800404 0
0.929884 0.408371 0
0.939787 0.45176 0
2.70564 0.142223 0
2.70512 0.864727 0
2.68872 0.62577 0
1.1311 0.289727 0
1.17522 0.25639 0
0.882881 0.61621 0
0.930123 0.650142 0
0.563295 0.962581 0
0.558059 0.908015 0
2.55253 0.465942 0
0.636301 0.691943 0
0.596204 0.672633 0
0.399569 0.33843 0
0.433604 0.349448 0
0.406163 0.390065 0
2.02669 0.468169 0
2.02717 0.420821 0
2.08363 0.445127 0
1.1332 0.508047 0
1.10097 0.460946 0
1.14452 0.463124 0
2.49305 0.852801 0
2.52871 0.780563 0
2.52542 0.213791 0
2.49305 0.147199 0
0.756746 0.695077 0
0.859786 0.762914 0
3.03395 0.0859788 0
2.99202 0.148065 0
2.97692 0.062086 0
2.97773 0.93767 0
2.99284 0.851691 0
3.03395 0.914021 0
3.3217 0.273901 0
3.26913 0.23334 0
3.32345 0.206105 0
0.967194 0.565384 0
0.910628 0.581415 0
1.09939 0.553058 0
2.65865 0.462237 0
2.70966 0.494354 0
3.67051 0.535408 0
3.69553 0.628379 0
0.5762 0.70461 0
0.555298 0.658343 0
2.30267 0.426269 0
3.52402 0.795054 0
3.52132 0.204195 0
0.365511 0.836075 0
0.420545 0.857486 0
0.390747 0.87921 0
1.18722 0.461928 0
3.69842 0.765627 0
3.71012 0.851635 0
3.70621 0.144906 0
3.97695 0.912634 0
3.97679 0.0874177 0
0.922449 0.366895 0
0.972139 0.392043 0
2.3101 0.751292 0
2.27189 0.780206 0
2.25507 0.716289 0
0.464124 0.310408 0
0.470718 0.362044 0
3.96156 0.211978 0
4.00903 0.267517 0
3.94423 0.30466 0
3.94615 0.687077 0
4.01468 0.726769 0
3.95816 0.785576 0
0.871973 0.29746 0
0.899721 0.332255 0
3.90053 0.939368 0
3.95026 0.852002 0
3.94816 0.147129 0
3.89859 0.0597111 0
4.35531 0.717869 0
4.44353 0.70822 0
1.79715 0.855408 0
1.74525 0.878465 0
1.74673 0.121777 0
1.80115 0.144189 0
0.353139 0.34714 0
0.38058 0.306522 0
0.419767 0.710018 0
0.369464 0.707676 0
2.33892 0.650139 0
2.27392 0.625874 0
0.39789 0.918033 0
0.342857 0.896622 0
0.476677 0.263061 0
0.432665 0.241101 0
2.57434 0.758735 0
2.57103 0.237162 0
2.63124 0.267594 0
4.28239 0.613866 0
4.32934 0.537193 0
3.24351 0.594465 0
3.21099 0.51154 0
0.0957201 0.0457201 0
0.0457201 0.0457201 0
0.0457201 0.0957201 0
1.67265 0.652876 0
1.73914 0.638784 0
1.72697 0.68074 0
2.80972 0.253307 0
2.74872 0.232543 0
1.73681 0.448917 0
1.7335 0.498357 0
1.68492 0.468446 0
1.79007 0.428291 0
1.74149 0.398379 0
0.955047 0.702824 0
0.9787 0.74844 0
0.087344 0.143881 0
0.041624 0.148161 0
1.43375 0.777436 0
1.41883 0.829973 0
3.34002 0.151221 0
3.33815 0.851689 0
3.32302 0.794273 0
4.09052 0.758049 0
4.07852 0.65955 0
4.06831 0.337544 0
4.08563 0.244862 0
1.71631 0.585675 0
1.77096 0.805184 0
1.82719 0.826058 0
1.21342 0.33245 0
0.437631 0.613792 0
0.466595 0.647372 0
0.480002 0.392153 0
0.510522 0.353113 0
2.74238 0.635044 0
0.5604 0.861037 0
1.27421 0.873954 0
1.51862 0.181919 0
1.46199 0.159786 0
1.49232 0.572332 0
1.54546 0.560273 0
3.26232 0.785628 0
3.31836 0.738674 0
3.899 0.362126 0
3.855 0.432026 0
3.9477 0.4301 0
1.55135 0.783432 0
1.59596 0.758484 0
1.59889 0.817356 0
1.41931 0.192168 0
1.40294 0.156019 0
1.06477 0.143852 0
1.03567 0.195097 0
1.59477 0.548823 0
1.54705 0.51145 0
1.62242 0.948115 0
1.67301 0.948115 0
3.07766 0.0532974 0
3.09276 0.139276 0
3.09276 0.860724 0
3.07766 0.946703 0
1.38574 0.217174 0
1.44479 0.220942 0
3.59689 0.402291 0
3.63088 0.472087 0
0.972179 0.0512766 0
0.922179 0.0512766 0
4.74794 0.40705 0
4.70332 0.50124 0
4.64426 0.408291 0
4.64426 0.59419 0
4.74794 0.59295 0
2.56933 0.507693 0
2.6076 0.460865 0
0.242592 0.701924 0
0.238292 0.644975 0
0.27726 0.664543 0
1.87125 0.818462 0
1.84506 0.768237 0
3.65787 0.350773 0
3.57929 0.331675 0
1.91365 0.892349 0
1.94221 0.954208 0
1.94276 0.045676 0
1.91748 0.106839 0
1.06443 0.843597 0
1.04538 0.793463 0
1.65199 0.743621 0
2.35959 0.78284 0
2.34278 0.718923 0
4.19439 0.242714 0
4.26891 0.276092 0
0.920404 0.947117 0
0.970404 0.947117 0
2.22697 0.498026 0
2.25428 0.453143 0
0.47033 0.511319 0
0.422882 0.519318 0
0.452551 0.477999 0
1.48716 0.952859 0
0.98645 0.479116 0
2.2087 0.557443 0
2.1811 0.491095 0
4.48629 0.917267 0
4.57683 0.917267 0
4.57694 0.0834316 0
4.4864 0.0834316 0
2.03827 0.514316 0
1.9818 0.490009 0
1.94571 0.252657 0
1.95119 0.305219 0
1.89806 0.295855 0
0.394896 0.271961 0
0.400551 0.21525 0
0.268043 0.326716 0
0.232188 0.346965 0
0.233194 0.29116 0
0.953648 0.839849 0
0.912922 0.845939 0
4.40717 0.941974 0
4.45215 0.859241 0
4.4538 0.141994 0
4.40871 0.0585627 0
1.23254 0.483275 0
1.65008 0.259487 0
1.70241 0.242345 0
1.70131 0.29274 0
0.374858 0.465992 0
0.392406 0.423535 0
0.42265 0.443541 0
3.20574 0.255933 0
3.20749 0.188138 0
0.470099 0.435542 0
0.358371 0.412517 0
0.863303 0.830812 0
0.89119 0.879108 0
0.348466 0.280671 0
1.76067 0.70975 0
1.69417 0.723842 0
1.74799 0.220826 0
1.69677 0.187573 0
1.95231 0.355072 0
1.99996 0.311874 0
0.474761 0.708548 0
0.446472 0.741354 0
1.47052 0.661185 0
1.42335 0.660721 0
1.43975 0.6213 0
4.34633 0.314936 0
4.3213 0.209382 0
2.46478 0.0635549 0
2.40336 0.0635549 0
2.40336 0.936445 0
2.46478 0.936445 0
1.51026 0.823589 0
1.50733 0.764718 0
1.2513 0.614512 0
1.29087 0.650943 0
3.35709 0.0684489 0
3.35716 0.931075 0
3.82921 0.524016 0
3.78052 0.456042 0
2.68795 0.302228 0
2.72303 0.352579 0
2.65781 0.371507 0
3.0404 0.610889 0
3.04598 0.666208 0
2.9981 0.675143 0
1.83684 0.168189 0
1.77805 0.190054 0
0.179108 0.64431 0
0.161513 0.698052 0
0.136997 0.660007 0
4.20173 0.761073 0
1.31385 0.174547 0
1.3157 0.227488 0
1.26929 0.213634 0
1.46018 0.75274 0
1.50128 0.712583 0
0.035978 0.66894 0
0.0956795 0.675814 0
4.05032 0.42604 0
4.00632 0.49594 0
4.05581 0.560075 0
3.95319 0.564135 0
0.176728 0.421378 0
0.160318 0.477447 0
0.13495 0.441424 0
0.426569 0.771656 0
0.481563 0.770186 0
0.134181 0.333132 0
0.157171 0.296158 0
0.174349 0.348382 0
0.113274 0.622072 0
1.18037 0.836681 0
1.14622 0.866941 0
3.00493 0.320558 0
3.05403 0.333787 0
3.04723 0.385071 0
0.310205 0.640061 0
0.314505 0.69701 0
1.67486 0.0495629 0
1.62428 0.0495629 0
1.63899 0.508943 0
1.6374 0.557766 0
0.110987 0.371349 0
0.0938093 0.319125 0
3.14797 0.261908 0
3.20961 0.30711 0
4.9035 0.55 0
4.9035 0.45 0
1.68322 0.564403 0
1.639 0.604283 0
2.93044 0.753308 0
2.86899 0.693219 0
2.94223 0.670373 0
2.77475 0.330679 0
2.82486 0.31822 0
2.84645 0.365599 0
0.682474 0.873733 0
0.644031 0.860294 0
0.665057 0.822264 0
1.35618 0.237166 0
1.31162 0.276253 0
1.22123 0.860012 0
1.21225 0.812169 0
3.07776 0.708688 0
3.12006 0.644435 0
2.4494 0.562837 0
2.74462 0.399958 0
1.65067 0.154109 0
1.69626 0.13259 0
2.22445 0.793174 0
2.27948 0.828177 0
0.213776 0.60693 0
0.301599 0.293072 0
0.300593 0.348877 0
1.02619 0.0500355 0
1.92162 0.790465 0
1.90374 0.848286 0
1.87626 0.182809 0
1.90704 0.148961 0
1.92336 0.209445 0
1.85316 0.228673 0
1.59516 0.444882 0
1.64108 0.404385 0
1.64229 0.459503 0
1.79723 0.721241 0
2.93664 0.615054 0
3.12409 0.355692 0
3.08179 0.29118 0
0.79032 0.0440254 0
0.0353074 0.328671 0
2.88142 0.288228 0
4.13165 0.591356 0
1.69368 0.865382 0
1.64497 0.84432 0
1.69221 0.813471 0
1.21361 0.536069 0
1.2694 0.509118 0
1.60452 0.133515 0
1.60503 0.188498 0
0.551283 0.721457 0
0.592188 0.735748 0
2.29139 0.230057 0
2.35914 0.215001 0
2.76776 0.520192 0
2.84494 0.541909 0
2.80359 0.588567 0
1.60036 0.869267 0
2.9546 0.424924 0
2.99679 0.450945 0
2.95327 0.504028 0
0.608071 0.849846 0
2.50384 0.566713 0
0.270905 0.0433437 0
0.220905 0.0433437 0
1.06544 0.543781 0
1.01728 0.553204 0
1.04149 0.515291 0
2.04259 0.379753 0
1.98565 0.402795 0
0.112034 0.586374 0
0.0940082 0.531988 0
0.136566 0.551879 0
1.16368 0.117058 0
1.18641 0.151535 0
1.14826 0.170291 0
0.956719 0.241924 0
0.917553 0.233002 0
0.955024 0.193639 0
1.02107 0.485833 0
1.06923 0.47641 0
4.59362 0.34078 0
4.51492 0.267161 0
4.61019 0.240482 0
4.61007 0.760217 0
4.51058 0.74471 0
4.5894 0.670392 0
1.21922 0.18273 0
1.23463 0.129498 0
0.227185 0.955641 0
0.277185 0.955641 0
0.42289 0.950311 0
0.47289 0.950311 0
1.10134 0.161723 0
2.90382 0.415573 0
2.94735 0.362491 0
0.159008 0.513224 0
0.177033 0.56761 0
4.20283 0.62219 0
1.69801 0.909313 0
1.72457 0.961198 0
0.0940746 0.463274 0
0.110484 0.407206 0
0.613983 0.118717 0
0.648739 0.137975 0
0.6133 0.1727 0
0.302185 0.923363 0
0.325 0.967723 0
0.680427 0.170795 0
3.04558 0.515024 0
3.04692 0.435921 0
0.331544 0.608823 0
1.37771 0.04173 0
1.32771 0.04173 0
2.9083 0.062086 0
2.90911 0.93767 0
0.0348044 0.464528 0
0.0592702 0.498747 0
3.09602 0.44915 0
3.16726 0.424641 0
3.16695 0.475491 0
4.4651 0.207544 0
4.44854 0.307842 0
4.46421 0.798045 0
1.43719 0.393825 0
1.41902 0.432182 0
1.39571 0.3819 0
2.64264 0.0513304 0
2.64257 0.949538 0
1.48523 0.408203 0
1.22107 0.235671 0
1.2253 0.287294 0
1.40587 0.695366 0
1.37511 0.655481 0
0.314429 0.0337664 0
0.285334 0.0771101 0
3.19502 0.382034 0
2.52311 0.0373054 0
2.4959 0.10086 0
2.49589 0.899203 0
2.52311 0.962758 0
1.425 0.0253949 0
1.40271 0.0671248 0
0.273515 0.550138 0
0.236218 0.568274 0
0.236772 0.510818 0
0.884114 0.258062 0
1.71471 0.539158 0
1.76659 0.51963 0
1.01573 0.767276 0
0.996136 0.81165 0
3.88336 0.184272 0
3.88173 0.81231 0
0.209198 0.383938 0
3.07791 0.240003 0
3.14797 0.738092 0
3.07389 0.759865 0
2.59417 0.810883 0
2.59415 0.19066 0
0.034738 0.533242 0
2.89593 0.544146 0
2.86009 0.475771 0
2.85283 0.413337 0
0.989171 0.904665 0
1.01877 0.957548 0
3.7151 0.48471 0
3.74088 0.392721 0
0.895261 0.916059 0
0.845643 0.900933 0
1.44781 0.0872135 0
1.49192 0.0621829 0
0.295041 0.88454 0
1.6686 0.364444 0
1.62146 0.349823 0
2.24539 0.218997 0
2.19347 0.252167 0
2.1821 0.191522 0
0.983296 0.866035 0
0.778725 0.143683 0
0.744804 0.174474 0
0.810489 0.175667 0
0.812404 0.120035 0
1.70064 0.0883133 0
1.1095 0.963362 0
1.1595 0.963362 0
1.592 0.0863509 0
1.56612 0.036788 0
3.13974 0.536048 0
2.97015 0.8029 0
2.97336 0.196723 0
2.939 0.246295 0
4.38742 0.182675 0
4.3851 0.822752 0
0.741317 0.821382 0
0.770626 0.857886 0
0.732808 0.872207 0
1.40052 0.103549 0
1.15418 0.905623 0
0.428485 0.80742 0
0.941976 0.315927 0
2.55139 0.12095 0
2.55138 0.879113 0
2.80272 0.425796 0
1.07619 0.0500355 0
0.874857 0.968941 0
0.731058 0.954356 0
0.781058 0.954356 0
0.480234 0.554707 0
0.255532 0.86048 0
0.296204 0.833739 0
4.39615 0.374552 0
4.35065 0.451241 0
4.45286 0.444147 0
3.25279 0.376059 0
0.801844 0.886347 0
0.810353 0.835522 0
2.13994 0.268585 0
0.991149 0.593874 0
1.99718 0.954208 0
1.99773 0.045676 0
1.22608 0.588086 0
0.319582 0.380784 0
0.214656 0.830389 0
0.213493 0.88119 0
1.57745 0.962273 0
1.60148 0.910389 0
1.72534 0.0387504 0
0.417143 0.140878 0
3.02637 0.779252 0
3.03039 0.220616 0
1.40965 0.592003 0
1.45681 0.592468 0
2.33929 0.956134 0
2.37349 0.89258 0
2.37349 0.10742 0
2.33929 0.0438656 0
1.07518 0.590971 0
3.56842 0.725894 0
3.56856 0.271032 0
0.852524 0.111957 0
0.902618 0.0872238 0
0.894263 0.127286 0
0.930108 0.143635 0
0.880014 0.168368 0
1.55539 0.883425 0
0.832085 0.802352 0
0.806836 0.767623 0
0.882419 0.209777 0
2.81956 0.656762 0
0.680724 0.955882 0
0.375 0.967723 0
4.92641 0.364821 0
4.92641 0.264821 0
4.92641 0.735179 0
4.92641 0.635179 0
3.63361 0.940372 0
3.63216 0.0568461 0
0.997717 0.247891 0
0.960246 0.287254 0
2.14127 0.462077 0
2.123 0.521494 0
1.47028 0.855296 0
0.309111 0.572337 0
0.367695 0.573565 0
2.04427 0.568924 0
2.04605 0.614875 0
1.06877 0.957548 0
1.35785 0.13593 0
3.31111 0.407814 0
3.39358 0.432323 0
2.751 0.447696 0
2.13545 0.731043 0
2.11146 0.687109 0
0.711783 0.910237 0
2.25097 0.661139 0
2.23161 0.599639 0
2.11124 0.312108 0
4.54477 0.578683 0
4.549 0.434969 0
2.08916 0.547085 0
1.68519 0.327721 0
1.70481 0.382282 0
0.309665 0.51488 0
0.973922 0.624111 0
1.02401 0.611932 0
1.42769 0.725301 0
0.88044 0.0359472 0
4.77085 0.321871 0
4.82991 0.414821 0
4.82991 0.585179 0
4.77085 0.678129 0
4.84551 0.24621 0
4.84551 0.75379 0
0.587646 0.192957 0
0.561546 0.23039 0
0.702161 0.791688 0
0.739979 0.777368 0
0.962981 0.6682 0
3.44043 0.313276 0
3.38002 0.305656 0
0.392961 0.544858 0
0.375182 0.511539 0
3.45116 0.373919 0
3.50758 0.32255 0
0.513791 0.275657 0
4.69122 0.783917 0
4.6124 0.858234 0
4.61251 0.142464 0
4.69122 0.216083 0
0.305825 0.414254 0
0.415394 0.581345 0
2.44727 0.307009 0
1.27568 0.588338 0
1.75808 0.361657 0
1.08896 0.117943 0
0.722664 0.70633 0
0.67816 0.70633 0
0.530218 0.621949 0
0.50247 0.587154 0
0.510214 0.653926 0
3.16781 0.629506 0
3.22754 0.651874 0
3.76283 0.911264 0
3.81718 0.850631 0
3.81949 0.939368 0
3.81755 0.0597111 0
3.81277 0.147771 0
3.76036 0.0880596 0
3.28044 0.673431 0
1.02795 0.730252 0
3.09658 0.191345 0
3.09658 0.808655 0
0.270553 0.437601 0
0.309341 0.469334 0
0.998846 0.676793 0
4.5035 0.511658 0
0.154504 0.738213 0
0.137802 0.781743 0
1.57569 0.212827 0
1.55203 0.264168 0
1.53523 0.219245 0
4.76355 0.761561 0
4.76588 0.859578 0
4.76588 0.140422 0
4.76355 0.238439 0
2.28001 0.169412 0
1.85943 0.531827 0
1.01419 0.440235 0
0.624711 0.041996 0
1.93688 0.39614 0
1.91824 0.436111 0
1.8849 0.388389 0
3.71059 0.698709 0
3.77268 0.755609 0
0.663719 0.778249 0
0.129308 0.825953 0
0.181111 0.806888 0
3.20475 0.708472 0
1.49496 0.233261 0
1.06623 0.706279 0
1.11436 0.677838 0
3.49674 0.687445 0
0.269127 0.765586 0
0.223149 0.786179 0
0.235582 0.742085 0
1.38166 0.265939 0
0.53827 0.318319 0
0.550823 0.270972 0
0.238083 0.475041 0
0.234566 0.419961 0
0.134579 0.877279 0
3.71098 0.0568461 0
3.71243 0.940372 0
0.513295 0.962581 0
0.035978 0.61894 0
1.03713 0.652819 0
1.0292 0.687443 0
1.03847 0.237001 0
1.04199 0.282331 0
1.96402 0.864353 0
1.96457 0.133474 0
0.274054 0.162593 0
0.240899 0.136944 0
0.274964 0.112336 0
1.13518 0.646227 0
0.200786 0.493178 0
1.9574 0.653062 0
2.38224 0.844049 0
2.38178 0.153791 0
0.734905 0.736421 0
0.774061 0.766114 0
2.93812 0.570167 0
1.51541 0.915132 0
1.52825 0.962273 0
1.25927 0.311731 0
2.2314 0.0361655 0
2.1733 0.0361655 0
2.17307 0.963776 0
2.23117 0.963776 0
2.13608 0.942172 0
2.17567 0.905947 0
2.17606 0.0939519 0
2.13624 0.0577864 0
2.14174 0.414729 0
2.11691 0.355128 0
3.82507 0.784205 0
3.83724 0.717288 0
0.200798 0.118521 0
0.199887 0.168778 0
0.196614 0.722517 0
0.318489 0.102759 0
0.168761 0.191603 0
0.130492 0.214587 0
0.121517 0.173339 0
0.805915 0.923297 0
0.125613 0.120898 0
2.99399 0.574936 0
1.08831 0.631858 0
1.29734 0.311961 0
1.11797 0.0334188 0
1.09417 0.0834543 0
0.622402 0.212214 0
1.54148 0.295321 0
1.54068 0.346177 0
2.18536 0.862744 0
2.12994 0.829453 0
2.17662 0.807854 0
2.1346 0.170133 0
2.18651 0.136962 0
1.35054 0.388801 0
1.33293 0.43829 0
1.02122 0.328071 0
1.06197 0.317181 0
2.09752 0.0377877 0
2.04101 0.0377877 0
2.04091 0.96219 0
2.09742 0.96219 0
0.0348044 0.414528 0
1.34466 0.47635 0
1.38926 0.458316 0
0.0353074 0.378671 0
0.336519 0.732158 0
0.210789 0.921184 0
0.169913 0.891093 0
1.10035 0.309757 0
1.07957 0.355497 0
0.824857 0.968941 0
1.31144 0.122076 0
1.51692 0.036788 0
1.33782 0.321639 0
0.53258 0.0350978 0
0.527773 0.0859985 0
0.14737 0.25688 0
2.27955 0.0438656 0
2.27955 0.956134 0
1.20396 0.771529 0
2.12244 0.644608 0
2.15191 0.618298 0
2.17918 0.661213 0
2.10029 0.0955741 0
2.10003 0.904361 0
0.393393 0.778588 0
1.5143 0.874011 0
0.070716 0.602181 0
1.56403 0.472907 0
1.56282 0.417789 0
1.03166 0.876466 0
0.359241 0.763805 0
0.304282 0.75314 0
0.462897 0.585084 0
0.586025 0.273053 0
1.31257 0.503235 0
1.29364 0.556029 0
0.62186 0.763863 0
0.658964 0.733287 0
0.83044 0.0359472 0
2.129 0.576103 0
2.18574 0.592708 0
2.09147 0.862677 0
2.09163 0.137281 0
1.26872 0.114441 0
1.31271 0.0758244 0
1.68568 0.77263 0
1.73439 0.793693 0
0.58258 0.0350978 0
1.78369 0.244826 0
0.133605 0.965544 0
0.183605 0.965544 0
1.285 0.0340945 0
1.235 0.0340945 0
1.3689 0.523261 0
0.846574 0.193428 0
0.364429 0.0337664 0
0.034738 0.583242 0
3.3257 0.332891 0
1.73751 0.310579 0
2.69646 0.248666 0
2.69202 0.197909 0
1.62184 0.233421 0
0.362413 0.0824495 0
1.13074 0.101326 0
0.344937 0.491533 0
3.76979 0.618361 0
1.07827 0.92091 0
0.131875 0.917274 0
1.3647 0.585491 0
1.38176 0.556658 0
1.7742 0.326676 0
1.41385 0.529774 0
1.01038 0.39822 0
1.00295 0.356744 0
1.16797 0.0334188 0
0.571852 0.111819 0
1.475 0.0253949 0
4.31911 0.941974 0
4.32064 0.0585627 0
0.0701118 0.393198 0
1.79202 0.288295 0
1.81259 0.339373 0
1.37944 0.720061 0
1.23591 0.0832457 0
1.20091 0.0491513 0
3.89129 0.559651 0
3.8168 0.583666 0
2.84681 0.0467583 0
2.84655 0.953633 0
0.82076 0.0799727 0
4.31107 0.857632 0
4.30999 0.143832 0
4.75107 0.0590326 0
4.65797 0.0590326 0
4.65797 0.940967 0
4.75107 0.940967 0
2.31817 0.863739 0
2.31771 0.134102 0
1.045 0.404936 0
0.159174 0.107331 0
0.200186 0.0754971 0
2.00909 0.874713 0
1.99918 0.83065 0
1.99919 0.167293 0
2.00963 0.125171 0
2.05281 0.882695 0
2.05291 0.117282 0
1.07674 0.389472 0
1.08055 0.431487 0
0.681514 0.246601 0
0.726018 0.246601 0
0.315916 0.258511 0
1.94607 0.751143 0
1.97856 0.780968 0
1.97648 0.218809 0
0.403044 0.180436 0
0.381867 0.136924 0
2.55178 0.557608 0
1.51472 0.484357 0
0.223392 0.251881 0
0.208862 0.210026 0
0.254519 0.229056 0
1.43074 0.470242 0
1.47911 0.483504 0
1.44936 0.509638 0
4.23391 0.682507 0
4.28128 0.752749 0
1.16889 0.0825701 0
1.24482 0.79486 0
1.36871 0.350445 0
0.125001 0.0778735 0
1.46222 0.543036 0
2.01765 0.916398 0
2.01829 0.0834637 0
0.607291 0.0770938 0
1.31923 0.688623 0
1.33684 0.728777 0
1.29845 0.727275 0
0.352043 0.117675 0
0.337944 0.157233 0
0.187537 0.27213 0
1.38299 0.314737 0
0.179281 0.0321534 0
0.129281 0.0321534 0
2.58626 0.0373054 0
2.58625 0.962758 0
0.365275 0.211297 0
4.32313 0.796435 0
3.88425 0.682593 0
3.94078 0.623785 0
1.05436 0.622582 0
0.28725 0.240219 0
0.334117 0.227819 0
0.491675 0.683766 0
2.95414 0.311207 0
0.626122 0.253743 0
1.96043 0.709857 0
1.11104 0.888041 0
0.291849 0.797234 0
1.84915 0.363085 0
1.83051 0.403057 0
1.27629 0.760824 0
2.22235 0.884348 0
2.22356 0.115341 0
1.0703 0.882227 0
1.86698 0.324704 0
1.99998 0.684851 0
1.62073 0.283816 0
2.16903 0.759883 0
1.8615 0.272142 0
2.03693 0.336733 0
2.64185 0.420486 0
2.03507 0.657376 0
1.58267 0.35491 0
1.55196 0.381031 0
0.982975 0.321894 0
1.80605 0.518133 0
1.83876 0.492523 0
1.52083 0.409056 0
2.21276 0.690053 0
2.18328 0.716363 0
0.331359 0.821293 0
1.76443 0.764342 0
1.32926 0.652445 0
1.34674 0.6178 0
1.82583 0.453594 0
2.65334 0.844066 0
2.65338 0.158346 0
1.61019 0.314969 0
1.8792 0.467288 0
1.93118 0.475039 0
0.651776 0.233486 0
0.677794 0.205072 0
2.07844 0.354759 0
0.596943 0.78071 0
0.578943 0.820015 0
0.549272 0.7919 0
2.6077 0.865894 0
2.60777 0.134975 0
3.83186 0.653996 0
2.27073 0.876707 0
2.27171 0.123041 0
2.08418 0.644195 0
2.61055 0.912296 0
2.61062 0.0886357 0
1.82208 0.257523 0
3.20088 0.759649 0
2.26127 0.0800311 0
2.26104 0.91991 0
1.4961 0.444961 0
3.20554 0.815248 0
0.27272 0.198364 0
0.742171 0.208751 0
0.306785 0.173756 0
1.31886 0.582455 0
0.710166 0.18391 0
3.04187 0.566002 0
0.361157 0.799569 0
0.51637 0.785545 0
0.534369 0.746239 0
3.09199 0.550977 0
3.13603 0.587026 0
1.58194 0.288903 0
3.14028 0.158663 0
3.14028 0.841337 0
0.336609 0.193005 0
0.51838 0.715102 0
CELLS 869 6083
6 553 322 350 598 599 600
6 238 322 553 601 598 602
6 52 53 534 77 603 604
6 535 106 107 605 131 606
6 501 276 374 607 608 609
6 317 501 374 610 609 611
6 101 372 402 612 613 614
6 58 401 371 615 616 617
6 146 458 315 618 619 620
6 287 370 376 621 622 623
6 250 376 370 624 622 625
6 252 490 310 626 627 628
6 253 311 489 629 630 631
6 425 377 232 632 633 634
6 2 403 62 635 636 87
6 3 97 404 121 637 638
6 16 427 412 639 640 641
6 255 426 334 642 643 644
6 559 317 417 645 646 647
6 219 429 350 648 649 650
6 260 356 363 651 652 653
6 222 363 356 654 652 655
6 7 329 188 656 657 194
6 534 53 327 603 658 659
6 328 106 535 660 605 661
6 460 246 397 662 663 664
6 308 460 397 665 664 666
6 292 350 429 667 649 668
6 305 425 470 669 670 671
6 334 426 419 643 672 673
6 13 376 386 674 675 676
6 305 377 425 677 632 669
6 189 345 314 678 679 680
6 249 367 385 681 682 683
6 302 412 427 684 640 685
6 244 549 361 686 687 688
6 308 507 460 689 690 665
6 361 549 529 687 691 692
6 13 14 376 28 693 674
6 117 118 324 142 694 695
6 41 42 325 66 696 697
6 303 485 397 698 699 700
6 470 425 247 670 701 702
6 391 514 235 703 704 705
6 227 317 559 706 645 707
6 288 349 416 708 709 710
6 236 309 461 711 712 713
6 234 355 407 714 715 716
6 2 88 403 92 717 635
6 3 404 91 638 718 96
6 220 309 498 719 720 721
6 223 472 307 722 723 724
6 8 323 467 725 726 727
6 284 548 322 728 729 730
6 146 315 382 620 731 732
6 146 147 458 161 733 618
6 229 440 556 734 735 736
6 310 514 391 737 703 738
6 5 201 411 203 739 740
6 5 411 159 740 741 174
6 286 407 355 742 715 743
6 283 385 367 744 682 745
6 9 479 326 746 747 748
6 460 507 235 690 749 750
6 222 356 344 655 751 752
6 277 313 506 753 754 755
6 279 405 451 756 757 758
6 280 452 406 759 760 761
6 220 470 309 762 763 719
6 451 405 539 757 764 765
6 452 540 406 766 767 760
6 594 433 260 768 769 770
6 595 261 434 771 772 773
6 240 493 345 774 775 776
6 178 428 179 777 778 185
6 281 387 357 779 780 781
6 100 101 402 125 614 782
6 58 59 401 83 783 615
6 222 312 363 784 785 654
6 222 364 312 786 787 784
6 252 409 490 788 789 626
6 253 489 410 631 790 791
6 236 530 309 792 793 711
6 225 357 387 794 780 795
6 189 314 580 680 796 797
6 105 433 339 798 799 800
6 54 340 434 801 802 803
6 104 105 339 129 800 804
6 54 55 340 79 805 801
6 322 548 350 729 806 599
6 252 310 391 628 738 807
6 220 397 485 808 699 809
6 148 400 458 810 811 812
6 154 306 413 813 814 815
6 262 445 315 816 817 818
6 118 453 324 819 820 694
6 41 325 454 697 821 822
6 178 456 428 823 824 777
6 365 528 422 825 826 827
6 248 363 312 828 785 829
6 245 341 392 830 831 832
6 246 460 359 662 833 834
6 247 360 461 835 836 837
6 220 485 470 809 838 762
6 223 307 522 724 839 840
6 233 315 445 841 817 842
6 9 213 479 215 843 746
6 265 316 436 844 845 846
6 285 321 507 847 848 849
6 201 467 411 850 851 739
6 49 489 447 852 853 854
6 110 446 490 855 856 857
6 353 462 472 858 859 860
6 248 569 339 861 862 863
6 249 340 570 864 865 866
6 223 416 349 867 709 868
6 8 467 202 727 869 205
6 7 180 399 187 870 871
6 311 447 489 872 853 630
6 310 490 446 627 856 873
6 235 507 321 749 848 874
6 227 365 422 875 827 876
6 189 471 345 877 878 678
6 154 529 306 879 880 813
6 309 530 498 793 881 720
6 191 586 192 882 883 198
6 278 330 455 884 885 886
6 259 544 459 887 888 889
6 462 243 417 890 891 892
6 299 359 460 893 833 894
6 300 461 360 895 836 896
6 189 580 190 797 897 196
6 314 345 493 679 775 898
6 51 318 410 899 900 901
6 108 409 319 902 903 904
6 261 432 327 905 906 907
6 188 329 471 657 908 909
6 243 462 353 890 858 910
6 285 430 321 911 912 847
6 248 312 375 829 913 914
6 192 586 575 883 915 916
6 305 470 485 671 838 917
6 339 433 594 799 768 918
6 340 595 434 919 773 802
6 188 471 189 909 877 195
6 201 202 467 204 869 850
6 290 524 361 920 921 922
6 317 462 417 923 892 646
6 248 366 569 924 925 861
6 249 570 367 866 926 681
6 101 102 372 126 927 612
6 57 58 371 82 617 928
6 180 476 399 929 930 870
6 351 525 542 931 932 933
6 330 591 455 934 935 885
6 283 371 395 936 937 938
6 282 396 372 939 940 941
6 179 337 180 942 943 186
6 102 495 372 944 945 927
6 57 371 494 928 946 947
6 298 556 440 948 735 949
6 271 324 453 950 820 951
6 272 454 325 952 821 953
6 278 518 330 954 955 884
6 313 358 506 956 957 754
6 303 397 351 700 958 959
6 290 361 499 922 960 961
6 250 370 330 625 962 963
6 235 514 460 704 964 750
6 236 461 515 713 965 966
6 229 556 419 736 967 968
6 344 356 474 751 969 970
6 0 10 431 24 971 972
6 0 431 214 972 973 217
6 225 502 322 974 975 976
6 253 480 311 977 978 629
6 343 423 497 979 980 981
6 289 423 343 982 979 983
6 147 148 458 162 812 733
6 240 345 492 776 984 985
6 214 431 479 973 986 987
6 233 450 315 988 989 841
6 261 327 434 907 990 772
6 260 433 328 769 991 992
6 254 372 396 993 940 994
6 255 395 371 995 937 996
6 284 322 502 730 975 997
6 271 473 324 998 999 950
6 227 501 317 1000 610 706
6 277 555 313 1001 1002 753
6 175 455 591 1003 935 1004
6 235 321 391 874 1005 705
6 306 529 549 880 691 1006
6 262 315 458 818 619 1007
6 265 484 316 1008 1009 844
6 281 388 387 1010 1011 779
6 260 328 517 992 1012 1013
6 283 395 385 938 1014 744
6 224 385 395 1015 1014 1016
6 263 357 381 1017 1018 1019
6 316 484 457 1009 1020 1021
6 245 392 528 832 1022 1023
6 251 387 388 1024 1011 1025
6 119 120 347 144 1026 1027
6 51 534 318 1028 1029 899
6 108 319 535 904 1030 1031
6 234 457 484 1032 1020 1033
6 312 364 554 787 1034 1035
6 18 19 341 33 1036 1037
6 258 346 368 1038 1039 1040
6 257 368 346 1041 1039 1042
6 285 498 530 1043 881 1044
6 228 441 348 1045 1046 1047
6 238 324 473 1048 999 1049
6 249 554 364 1050 1034 1051
6 213 214 479 216 987 843
6 117 324 393 695 1052 1053
6 42 394 325 1054 1055 696
6 288 511 349 1056 1057 708
6 225 381 357 1058 1018 794
6 246 525 351 1059 931 1060
6 255 401 426 1061 1062 642
6 150 151 342 165 1063 1064
6 303 377 485 1065 1066 698
6 6 468 332 1067 1068 1069
6 4 146 382 160 732 1070
6 7 399 329 871 1071 656
6 303 565 377 1072 1073 1065
6 98 99 384 123 1074 1075
6 60 61 383 85 1076 1077
6 259 429 544 1078 1079 887
6 239 406 414 1080 1081 1082
6 250 330 379 963 1083 1084
6 230 352 464 1085 1086 1087
6 240 342 493 1088 1089 774
6 99 538 384 1090 1091 1074
6 60 383 537 1077 1092 1093
6 317 374 462 611 1094 923
6 226 398 369 1095 1096 1097
6 332 519 455 1098 1099 1100
6 327 432 588 906 1101 1102
6 6 332 455 1069 1100 1103
6 519 278 455 1104 886 1099
6 291 493 342 1105 1089 1106
6 330 518 379 955 1107 1083
6 225 322 475 976 1108 1109
6 272 369 398 1110 1096 1111
6 293 414 406 1112 1081 1113
6 313 590 358 1114 1115 956
6 281 505 338 1116 1117 1118
6 297 426 401 1119 1062 1120
6 46 47 360 71 1121 1122
6 112 113 359 137 1123 1124
6 263 450 357 1125 1126 1017
6 307 472 573 723 1127 1128
6 53 434 327 1129 990 658
6 106 328 433 660 991 1130
6 224 375 385 1131 1132 1015
6 236 480 430 1133 1134 1135
6 335 593 532 1136 1137 1138
6 272 325 500 953 1139 1140
6 267 441 323 1141 1142 1143
6 254 402 372 1144 613 993
6 255 371 401 996 616 1061
6 266 457 362 1145 1146 1147
6 357 450 505 1126 1148 1149
6 8 438 323 1150 1151 725
6 224 395 334 1016 1152 1153
6 224 334 396 1153 1154 1155
6 273 477 333 1156 1157 1158
6 244 358 590 1159 1115 1160
6 273 326 464 1161 1162 1163
6 246 351 397 1060 958 663
6 267 323 438 1143 1151 1164
6 288 416 400 710 1165 1166
6 336 531 587 1167 1168 1169
6 228 348 506 1047 1170 1171
6 39 40 354 64 1172 1173
6 251 497 387 1174 1175 1024
6 273 435 326 1176 1177 1161
6 241 588 432 1178 1101 1179
6 89 90 346 94 1180 1181
6 387 497 502 1175 1182 1183
6 532 252 449 1184 1185 1186
6 331 480 543 1187 1188 1189
6 256 413 469 1190 1191 1192
6 362 457 523 1146 1193 1194
6 262 400 416 1195 1165 1196
6 242 532 593 1197 1137 1198
6 220 498 397 721 1199 808
6 331 430 480 1200 1134 1187
6 272 398 354 1111 1201 1202
6 295 542 525 1203 932 1204
6 267 348 441 1205 1046 1141
6 230 518 352 1206 1207 1085
6 19 392 341 1208 831 1036
6 238 488 324 1209 1210 1048
6 239 325 487 1211 1212 1213
6 239 500 325 1214 1139 1211
6 251 420 343 1215 1216 1217
6 238 473 322 1049 1218 601
6 335 532 449 1138 1186 1219
6 241 587 531 1220 1168 1221
6 16 17 427 31 1222 639
6 9 326 435 748 1177 1223
6 253 543 480 1224 1188 977
6 254 396 334 994 1154 1225
6 255 334 395 644 1152 995
6 271 347 381 1226 1227 1228
6 270 462 374 1229 1094 1230
6 265 354 398 1231 1201 1232
6 320 575 586 1233 915 1234
6 247 425 526 701 1235 1236
6 321 561 449 1237 1238 1239
6 263 381 347 1019 1227 1240
6 221 336 579 1241 1242 1243
6 306 469 413 1244 1191 814
6 308 397 498 666 1199 1245
6 11 12 418 26 1246 1247
6 243 581 329 1248 1249 1250
6 293 459 544 1251 888 1252
6 267 508 333 1253 1254 1255
6 294 421 422 1256 1257 1258
6 245 337 478 1259 1260 1261
6 243 329 564 1250 1262 1263
6 258 439 383 1264 1265 1266
6 257 384 440 1267 1268 1269
6 266 422 421 1270 1257 1271
6 157 158 373 172 1272 1273
6 155 156 361 170 1274 1275
6 294 422 528 1258 826 1276
6 221 543 336 1277 1278 1241
6 267 333 448 1255 1279 1280
6 254 334 419 1225 673 1281
6 119 347 453 1027 1282 1283
6 273 333 509 1158 1284 1285
6 287 412 465 1286 1287 1288
6 157 373 499 1273 1289 1290
6 302 465 412 1291 1287 684
6 304 579 336 1292 1242 1293
6 277 506 348 755 1170 1294
6 22 23 378 37 1295 1296
6 50 51 410 75 901 1297
6 108 109 409 133 1298 902
6 207 509 333 1299 1284 1300
6 304 587 344 1301 1302 1303
6 297 383 439 1304 1265 1305
6 298 440 384 949 1268 1306
6 407 513 491 1307 1308 1309
6 48 49 447 73 854 1310
6 110 111 446 135 1311 855
6 286 513 407 1312 1307 742
6 227 422 362 876 1313 1314
6 338 505 567 1117 1315 1316
6 12 568 418 1317 1318 1246
6 241 344 587 1319 1302 1220
6 47 546 360 1320 1321 1121
6 112 359 547 1124 1322 1323
6 23 596 378 1324 1325 1295
6 237 348 448 1326 1327 1328
6 179 428 337 778 1329 942
6 284 497 423 1330 980 1331
6 240 349 511 1332 1057 1333
6 304 336 587 1293 1169 1301
6 283 494 371 1334 946 936
6 282 372 495 941 945 1335
6 273 464 352 1163 1086 1336
6 241 531 588 1221 1337 1178
6 242 589 532 1338 1339 1197
6 299 460 514 894 964 1340
6 300 515 461 1341 965 895
6 207 333 508 1300 1254 1342
6 266 362 422 1147 1313 1270
6 221 449 561 1343 1238 1344
6 221 561 543 1344 1345 1277
6 150 342 424 1064 1346 1347
6 375 554 385 1348 1349 1132
6 271 453 347 951 1282 1226
6 267 448 348 1280 1327 1205
6 291 342 521 1106 1350 1351
6 316 596 436 1352 1353 845
6 290 499 373 961 1289 1354
6 226 343 420 1355 1216 1356
6 296 425 452 1357 1358 1359
6 240 511 342 1333 1360 1088
6 302 427 456 685 1361 1362
6 268 456 427 1363 1361 1364
6 272 354 454 1202 1365 952
6 148 149 557 163 1366 1367
6 39 354 436 1173 1368 1369
6 304 344 474 1303 970 1370
6 252 532 409 1184 1371 788
6 253 410 531 791 1372 1373
6 297 537 383 1374 1092 1304
6 298 384 538 1306 1091 1375
6 256 466 380 1376 1377 1378
6 316 378 596 1379 1325 1352
6 148 557 400 1367 1380 810
6 244 361 524 688 921 1381
6 180 337 476 943 1382 929
6 300 360 546 896 1321 1383
6 299 547 359 1384 1322 893
6 331 543 561 1189 1345 1385
6 19 20 392 34 1386 1208
6 265 436 354 846 1368 1231
6 151 521 342 1387 1350 1063
6 152 153 380 167 1388 1389
6 6 193 468 200 1390 1067
6 290 373 415 1354 1391 1392
6 297 439 426 1305 1393 1119
6 229 426 439 1394 1393 1395
6 241 432 344 1179 1396 1319
6 291 380 466 1397 1377 1398
6 262 458 400 1007 811 1195
6 232 452 425 1399 1358 634
6 329 581 471 1249 1400 908
6 116 117 393 141 1053 1401
6 42 43 394 67 1402 1054
6 270 472 462 1403 859 1229
6 278 352 518 1404 1207 954
6 264 415 373 1405 1391 1406
6 120 463 347 1407 1408 1026
6 40 454 354 1409 1365 1172
6 250 386 376 1410 675 624
6 319 409 532 903 1371 1411
6 318 531 410 1412 1372 900
6 281 338 566 1118 1413 1414
6 113 443 359 1415 1416 1123
6 46 360 442 1122 1417 1418
6 243 353 581 910 1419 1248
6 248 339 594 863 918 1420
6 249 595 340 1421 919 864
6 268 481 341 1422 1423 1424
6 268 341 478 1424 1425 1426
6 263 347 463 1240 1408 1427
6 245 478 341 1261 1425 830
6 314 493 466 898 1428 1429
6 107 108 535 132 1031 606
6 51 52 534 76 604 1028
6 337 428 478 1329 1430 1260
6 321 449 391 1239 1431 1005
6 153 154 413 168 815 1432
6 156 499 361 1433 960 1274
6 88 89 482 93 1434 1435
6 90 91 483 95 1436 1437
6 104 339 569 804 862 1438
6 55 570 340 1439 865 805
6 245 516 337 1440 1441 1259
6 259 377 565 1442 1073 1443
6 315 450 382 989 1444 731
6 277 348 520 1294 1445 1446
6 292 429 437 668 1447 1448
6 229 419 426 968 672 1394
6 149 150 424 164 1347 1449
6 316 457 378 1021 1450 1379
6 222 344 510 752 1451 1452
6 305 485 377 917 1066 677
6 321 430 561 912 1453 1237
6 231 451 539 1454 765 1455
6 153 413 380 1432 1456 1388
6 303 351 592 959 1457 1458
6 232 540 452 1459 766 1399
6 257 440 368 1269 1460 1041
6 258 368 439 1040 1461 1264
6 251 343 497 1217 981 1174
6 256 380 413 1378 1456 1190
6 259 437 429 1462 1447 1078
6 226 533 343 1463 1464 1355
6 291 466 493 1398 1428 1105
6 237 520 348 1465 1445 1326
6 269 471 581 1466 1400 1467
6 233 505 450 1468 1148 988
6 18 341 481 1037 1423 1469
6 258 482 346 1470 1471 1038
6 257 346 483 1042 1472 1473
6 88 482 403 1435 1474 717
6 91 404 483 718 1475 1436
6 287 552 370 1476 1477 621
6 256 408 466 1478 1479 1376
6 269 345 471 1480 878 1466
6 595 510 261 1481 1482 771
6 332 468 520 1068 1483 1484
6 364 510 595 1485 1481 1486
6 330 370 591 962 1487 934
6 257 562 384 1488 1489 1267
6 258 383 563 1266 1490 1491
6 278 519 352 1104 1492 1404
6 277 520 468 1446 1483 1493
6 247 461 470 837 1494 702
6 270 573 472 1495 1127 1403
6 289 343 533 983 1464 1496
6 294 528 392 1276 1022 1497
6 190 408 191 1498 1499 197
6 192 555 193 1500 1501 199
6 192 575 555 916 1502 1500
6 242 474 356 1503 969 1504
6 103 366 495 1505 1506 1507
6 56 494 367 1508 1509 1510
6 260 517 356 1013 1511 651
6 240 492 349 985 1512 1332
6 309 470 461 763 1494 712
6 318 588 531 1513 1337 1412
6 319 532 589 1411 1339 1514
6 237 352 519 1515 1492 1516
6 269 492 345 1517 984 1480
6 229 439 368 1395 1461 1518
6 229 368 440 1518 1460 734
6 323 527 467 1519 1520 726
6 265 577 355 1521 1522 1523
6 257 404 562 1524 1525 1488
6 258 563 403 1491 1526 1527
6 296 526 425 1528 1235 1357
6 219 350 548 650 806 1529
6 329 399 564 1071 1530 1262
6 89 346 482 1181 1471 1434
6 90 483 346 1437 1472 1180
6 15 16 412 30 641 1531
6 414 544 560 1532 1533 1534
6 248 496 366 1535 1536 924
6 256 469 408 1192 1537 1478
6 264 467 527 1538 1520 1539
6 242 356 517 1504 1511 1540
6 265 355 484 1523 1541 1008
6 223 349 545 868 1542 1543
6 248 594 363 1420 1544 828
6 249 364 595 1051 1486 1421
6 228 415 527 1545 1546 1547
6 293 544 414 1252 1532 1112
6 234 523 457 1548 1193 1032
6 176 591 370 1549 1487 1550
6 237 477 352 1551 1552 1515
6 264 411 467 1553 851 1538
6 56 367 570 1510 926 1554
6 103 569 366 1555 925 1505
6 234 484 355 1033 1541 714
6 154 155 529 169 1556 879
6 8 206 438 209 1557 1150
6 269 545 492 1558 1559 1517
6 245 365 516 1560 1561 1440
6 324 488 393 1210 1562 1052
6 325 394 487 1055 1563 1212
6 301 444 418 1564 1565 1566
6 223 353 472 1567 860 722
6 333 477 448 1157 1568 1279
6 292 553 350 1569 600 667
6 252 391 449 807 1431 1185
6 246 359 525 834 1570 1059
6 247 526 360 1236 1571 835
6 408 580 466 1572 1573 1479
6 273 352 477 1336 1552 1156
6 221 579 449 1243 1574 1343
6 4 382 463 1070 1575 1576
6 227 362 501 1314 1577 1000
6 44 45 583 69 1578 1579
6 114 115 584 139 1580 1581
6 115 389 584 1582 1583 1580
6 44 583 390 1579 1584 1585
6 232 377 459 633 1586 1587
6 282 366 496 1588 1536 1589
6 274 418 444 1590 1565 1591
6 228 527 441 1547 1592 1045
6 301 418 568 1566 1318 1593
6 274 572 479 1594 1595 1596
6 291 521 380 1351 1597 1397
6 274 479 431 1596 986 1598
6 349 492 545 1512 1559 1542
6 335 449 579 1219 1574 1599
6 281 357 505 781 1149 1116
6 223 545 353 1543 1600 1567
6 276 501 362 607 1577 1601
6 20 558 392 1602 1603 1386
6 287 465 552 1288 1604 1476
6 286 355 597 743 1605 1606
6 4 463 120 1576 1407 145
6 53 54 434 78 803 1129
6 105 106 433 130 1130 798
6 295 389 451 1607 1608 1609
6 296 452 390 1359 1610 1611
6 102 103 495 127 1507 944
6 56 57 494 81 947 1508
6 276 491 374 1612 1613 608
6 222 510 364 1452 1485 786
6 260 363 594 653 1544 770
6 275 516 365 1614 1561 1615
6 43 44 504 68 1616 1617
6 115 116 503 140 1618 1619
6 207 208 509 211 1620 1299
6 259 459 377 889 1586 1442
6 218 374 491 1621 1613 1622
6 9 435 208 1223 1623 212
6 228 506 358 1171 957 1624
6 264 373 541 1406 1625 1626
6 275 365 559 1615 1627 1628
6 152 380 521 1389 1597 1629
6 312 554 375 1035 1348 913
6 266 378 457 1630 1450 1145
6 1 39 436 63 1369 1631
6 276 362 523 1601 1194 1632
6 14 512 376 1633 1634 693
6 326 479 572 747 1595 1635
6 45 46 442 70 1418 1636
6 113 114 443 138 1637 1415
6 155 361 529 1275 692 1556
6 223 522 416 840 1638 867
6 55 56 570 80 1554 1439
6 103 104 569 128 1438 1555
6 231 437 592 1639 1640 1641
6 44 390 504 1585 1642 1616
6 115 503 389 1619 1643 1582
6 244 524 358 1381 1644 1159
6 263 382 450 1645 1444 1125
6 267 438 508 1164 1646 1253
6 251 550 420 1647 1648 1215
6 342 511 424 1360 1649 1346
6 228 358 551 1624 1650 1651
6 277 468 555 1493 1652 1001
6 176 370 552 1550 1477 1653
6 118 119 453 143 1283 819
6 40 41 454 65 822 1409
6 270 374 486 1230 1654 1655
6 408 469 586 1537 1656 1657
6 17 18 481 32 1469 1658
6 283 367 494 745 1509 1334
6 282 495 366 1335 1506 1588
6 437 565 592 1659 1660 1640
6 279 451 389 758 1608 1661
6 280 390 452 1662 1610 759
6 266 585 378 1663 1664 1630
6 271 381 475 1228 1665 1666
6 245 528 365 1023 825 1560
6 263 463 382 1427 1575 1645
6 14 15 512 29 1667 1633
6 272 500 369 1140 1668 1110
6 158 159 541 173 1669 1670
6 21 22 585 36 1671 1672
6 227 559 365 707 1627 875
6 6 455 175 1103 1003 181
6 218 486 374 1673 1654 1621
6 268 428 456 1674 824 1363
6 225 475 381 1109 1665 1058
6 12 13 568 27 1675 1317
6 206 207 508 210 1342 1676
6 344 432 510 1396 1677 1451
6 226 369 533 1097 1678 1463
6 311 480 515 978 1679 1680
6 265 398 577 1232 1681 1521
6 13 386 568 676 1682 1675
6 294 392 558 1497 1603 1683
6 332 520 519 1484 1684 1098
6 248 375 496 914 1685 1535
6 149 424 557 1449 1686 1366
6 159 411 541 741 1687 1669
6 338 486 566 1688 1689 1413
6 289 533 369 1496 1678 1690
6 218 566 486 1691 1689 1673
6 275 399 476 1692 930 1693
6 20 21 558 35 1694 1602
6 287 376 512 623 1634 1695
6 1 436 596 1631 1353 1696
6 99 100 538 124 1697 1090
6 59 60 537 84 1093 1698
6 273 509 435 1285 1699 1176
6 236 515 480 966 1679 1133
6 289 369 536 1690 1700 1701
6 264 541 411 1626 1687 1553
6 237 519 520 1516 1684 1465
6 233 567 505 1702 1315 1468
6 21 585 421 1672 1703 1704
6 224 571 375 1705 1706 1131
6 49 50 489 74 1707 852
6 109 110 490 134 857 1708
6 17 481 427 1658 1709 1222
6 158 541 373 1670 1625 1272
6 100 402 538 782 1710 1697
6 59 537 401 1698 1711 783
6 109 490 409 1708 789 1298
6 50 410 489 1297 790 1707
6 61 62 563 86 1712 1713
6 97 98 562 122 1714 1715
6 359 443 525 1416 1716 1570
6 360 526 442 1571 1717 1417
6 275 564 399 1718 1530 1692
6 274 576 418 1719 1720 1590
6 284 502 497 997 1182 1330
6 258 403 482 1527 1474 1470
6 257 483 404 1473 1475 1524
6 279 393 488 1721 1562 1722
6 280 487 394 1723 1563 1724
6 279 389 503 1661 1643 1725
6 280 504 390 1726 1642 1662
6 331 561 430 1385 1453 1200
6 275 417 564 1727 1728 1718
6 266 421 585 1271 1703 1663
6 156 157 499 171 1290 1433
6 177 578 178 1729 1730 184
6 230 379 518 1731 1107 1206
6 62 403 563 636 1526 1712
6 97 562 404 1715 1525 637
6 225 387 502 795 1183 974
6 238 405 488 1732 1733 1209
6 239 487 406 1213 1734 1080
6 250 574 386 1735 1736 1410
6 308 498 507 1245 1737 689
6 251 388 550 1025 1738 1647
6 230 572 444 1739 1740 1741
6 249 385 554 683 1349 1050
6 218 513 388 1742 1743 1744
6 254 556 402 1745 1746 1144
6 21 421 558 1704 1747 1694
6 22 378 585 1296 1664 1671
6 262 416 522 1196 1638 1748
6 276 407 491 1749 1309 1612
6 274 431 576 1598 1750 1719
6 279 488 405 1722 1733 756
6 280 406 487 761 1734 1723
6 281 566 388 1414 1751 1010
6 116 393 503 1401 1752 1618
6 43 504 394 1617 1753 1402
6 285 507 498 849 1737 1043
6 287 512 412 1695 1754 1286
6 279 503 393 1725 1752 1721
6 280 394 504 1724 1753 1726
6 307 567 445 1755 1756 1757
6 301 386 574 1758 1736 1759
6 261 510 432 1482 1677 905
6 230 464 572 1087 1760 1739
6 276 523 407 1632 1761 1749
6 151 152 521 166 1629 1387
6 10 11 576 25 1762 1763
6 47 48 546 72 1764 1320
6 111 112 547 136 1323 1765
6 250 379 574 1084 1766 1735
6 233 445 567 842 1756 1702
6 298 402 556 1767 1746 948
6 61 563 383 1713 1490 1076
6 98 384 562 1075 1489 1714
6 282 571 396 1768 1769 939
6 269 581 545 1467 1770 1558
6 268 427 481 1364 1709 1422
6 230 582 379 1771 1772 1731
6 313 555 575 1002 1502 1773
6 218 388 566 1744 1751 1691
6 253 531 543 1373 1774 1224
6 275 559 417 1628 647 1727
6 353 545 581 1600 1770 1419
6 15 412 512 1531 1754 1667
6 1 596 23 1696 1324 38
6 176 552 177 1653 1775 183
6 336 543 531 1278 1774 1167
6 238 553 405 602 1776 1732
6 234 407 523 716 1761 1548
6 224 396 571 1155 1769 1705
6 288 400 557 1166 1380 1777
6 228 551 415 1651 1778 1545
6 289 414 560 1779 1534 1780
6 268 478 428 1426 1430 1674
6 262 522 445 1748 1781 816
6 295 584 389 1782 1583 1607
6 296 390 583 1611 1584 1783
6 297 401 537 1120 1711 1374
6 298 538 402 1375 1710 1767
6 237 448 477 1328 1568 1551
6 288 424 511 1784 1649 1056
6 175 591 176 1004 1549 182
6 301 568 386 1593 1682 1758
6 289 536 414 1701 1785 1779
6 292 405 553 1786 1776 1569
6 226 577 398 1787 1681 1095
6 295 451 542 1609 1788 1203
6 239 414 536 1082 1785 1789
6 293 406 540 1113 767 1790
6 236 430 530 1135 1791 792
6 292 539 405 1792 764 1786
6 286 597 420 1606 1793 1794
6 337 516 476 1441 1795 1382
6 219 548 423 1529 1796 1797
6 264 527 415 1539 1546 1405
6 286 420 550 1794 1648 1798
6 275 476 516 1693 1795 1614
6 231 592 542 1641 1799 1800
6 290 415 551 1392 1778 1801
6 271 475 473 1666 1802 998
6 338 567 573 1316 1803 1804
6 289 560 423 1780 1805 982
6 310 446 514 873 1806 737
6 311 515 447 1680 1807 872
6 190 580 408 897 1572 1498
6 254 419 556 1281 967 1745
6 322 473 475 1218 1802 1108
6 191 408 586 1499 1657 882
6 226 420 597 1356 1793 1808
6 219 560 544 1809 1533 1810
6 243 564 417 1263 1728 891
6 218 491 513 1622 1308 1742
6 177 465 578 1811 1812 1729
6 284 423 548 1331 1796 728
6 351 542 592 933 1799 1457
6 10 576 431 1763 1750 971
6 206 508 438 1676 1646 1557
6 208 435 509 1623 1699 1620
6 232 459 540 1587 1813 1459
6 294 558 421 1683 1747 1256
6 307 573 567 1128 1803 1755
6 274 444 572 1591 1740 1594
6 285 530 430 1044 1791 911
6 320 469 549 1814 1815 1816
6 323 441 527 1142 1592 1519
6 288 557 424 1777 1686 1784
6 219 544 429 1810 1079 648
6 299 514 446 1340 1806 1817
6 300 447 515 1818 1807 1341
6 11 418 576 1247 1720 1762
6 219 423 560 1797 1805 1809
6 375 571 496 1706 1819 1685
6 307 445 522 1757 1781 839
6 295 525 443 1204 1716 1820
6 296 442 526 1821 1717 1528
6 177 552 465 1775 1604 1811
6 314 466 580 1429 1573 796
6 292 437 539 1448 1822 1792
6 306 549 469 1006 1815 1244
6 299 446 547 1817 1823 1384
6 300 546 447 1383 1824 1818
6 369 500 536 1668 1825 1700
6 111 547 446 1765 1823 1311
6 48 447 546 1310 1824 1764
6 239 536 500 1789 1825 1214
6 242 517 589 1540 1826 1338
6 293 540 459 1790 1813 1251
6 231 539 437 1455 1822 1639
6 296 583 442 1783 1827 1821
6 295 443 584 1820 1828 1782
6 320 586 469 1234 1656 1814
6 388 513 550 1743 1829 1738
6 328 589 517 1830 1826 1012
6 231 542 451 1800 1788 1454
6 259 565 437 1443 1659 1462
6 45 442 583 1636 1827 1578
6 114 584 443 1581 1828 1637
6 230 444 582 1741 1831 1771
6 178 578 456 1730 1832 823
6 193 555 468 1501 1652 1390
6 301 582 444 1833 1831 1564
6 282 496 571 1589 1819 1768
6 338 573 486 1804 1834 1688
6 302 456 578 1362 1832 1835
6 335 579 593 1599 1836 1136
6 326 572 464 1635 1760 1162
6 358 524 551 1644 1837 1650
6 286 550 513 1798 1829 1312
6 320 549 590 1816 1838 1839
6 304 593 579 1840 1836 1292
6 302 578 465 1835 1812 1291
6 290 551 524 1801 1837 920
6 244 590 549 1160 1838 686
6 270 486 573 1655 1834 1495
6 242 593 474 1198 1841 1503
6 303 592 565 1458 1660 1072
6 304 474 593 1370 1841 1840
6 226 597 577 1808 1842 1787
6 318 534 588 1029 1843 1513
6 319 589 535 1514 1844 1030
6 327 588 534 1102 1843 659
6 328 535 589 661 1844 1830
6 379 582 574 1772 1845 1766
6 301 574 582 1759 1845 1833
6 320 590 575 1839 1846 1233
6 313 575 590 1773 1846 1114
6 355 577 597 1522 1842 1605
CELL_TYPES 869
22
22
22
22
22
22
22
22
22
22
22
22
22
22
22
22
22
22
22
22
22
22
22
22
22
22
22
22
22
22
22
22
22
22
22
22
22
22
22
22
22
22
22
22
22
22
22
22
22
22
22
22
22
22
22
22
22
22
22
22
22
22
22
22
22
22
22
22
22
22
22
22
22
22
22
22
22
22
22
22
22
22
22
22
22
22
22
22
22
22
22
22
22
22
22
22
22
22
22
22
22
22
22
22
22
22
22
22
22
22
22
22
22
22
22
22
22
22
22
22
22
22
22
22
22
22
22
22
22
22
22
22
22
22
22
22
22
22
22
22
22
22
22
22
22
22
22
22
22
22
22
22
22
22
22
22
22
22
22
22
22
22
22
22
22
22
22
22
22
22
22
22
22
22
22
22
22
22
22
22
22
22
22
22
22
22
22
22
22
22
22
22
22
22
22
22
22
22
22
22
22
22
22
22
22
22
22
22
22
22
22
22
22
22
22
22
22
22
22
22
22
22
22
22
22
22
22
22
22
22
22
22
22
22
22
22
22
22
22
22
22
22
22
22
22
22
22
22
22
22
22
22
22
22
22
22
22
22
22
22
22
22
22
22
22
22
22
22
22
22
22
22
22
22
22
22
22
22
22
22
22
22
22
22
22
22
22
22
22
22
22
22
22
22
22
22
22
22
22
22
22
22
22
22
22
22
22
22
22
22
22
22
22
22
22
22
22
22
22
22
22
22
22
22
22
22
22
22
22
22
22
22
22
22
22
22
22
22
22
22
22
22
22
22
22
22
22
22
22
22
22
22
22
22
22
22
22
22
22
22
22
22
22
22
22
22
22
22
22
22
22
22
22
22
22
22
22
22
22
22
22
22
22
22
22
22
22
22
22
22
22
22
22
22
22
22
22
22
22
22
22
22
22
22
22
22
22
22
22
22
22
22
22
22
22
22
22
22
22
22
22
22
22
22
22
22
22
22
22
22
22
22
22
22
22
22
22
22
22
22
22
22
22
22
22
22
22
22
22
22
22
22
22
22
22
22
22
22
22
22
22
22
22
22
22
22
22
22
22
22
22
22
22
22
22
22
22
22
22
22
22
22
22
22
22
22
22
22
22
22
22
22
22
22
22
22
22
22
22
22
22
22
22
22
22
22
22
22
22
22
22
22
22
22
22
22
22
22
22
22
22
22
22
22
22
22
22
22
22
22
22
22
22
22
22
22
22
22
22
22
22
22
22
22
22
22
22
22
22
22
22
22
22
22
22
22
22
22
22
22
22
22
22
22
22
22
22
22
22
22
22
22
22
22
22
22
22
22
22
22
22
22
22
22
22
22
22
22
22
22
22
22
22
22
22
22
22
22
22
22
22
22
22
22
22
22
22
22
22
22
22
22
22
22
22
22
22
22
22
22
22
22
22
22
22
22
22
22
22
22
22
22
22
22
22
22
22
22
22
22
22
22
22
22
22
22
22
22
22
22
22
22
22
22
22
22
22
22
22
22
22
22
22
22
22
22
22
22
22
22
22
22
22
22
22
22
22
22
22
22
22
22
22
22
22
22
22
22
22
22
22
22
22
22
22
22
22
22
22
22
22
22
22
22
22
22
22
22
22
22
22
22
22
22
22
22
22
22
22
22
22
22
22
22
22
22
22
22
22
22
22
22
22
22
22
22
22
22
22
22
22
22
22
22
22
22
22
22
22
22
22
22
22
22
22
22
22
22
22
22
22
22
22
22
22
22
22
22
22
22
22
22
22
22
22
22
22
22
22
22
22
22
22
22
22
22
22
22
22
22
22
22
22
22
22
22
22
22
22
22
22
22
22
22
22
22
22
22
22
22
22
22
22
22
22
22
22
22
22
22
22
22
22
22
22
22
22
22
22
22
22
22
22
22
22
22
22
22
22
22
22
22
22
22
22
22
22
22
22
22
22
22
22
22
22
22
22
22
22
22
22
22
22
22
22
22
22
22
22
POINT_DATA 1847
VECTORS velocity double
-0.000000001432654 -0.000000001440183 0.000000000000000
0.000000000313808 -0.000000000985795 0.000000000000000
0.000000000412681 0.000000000016847 0.000000000000000
0.000000000412201 -0.000000000017028 0.000000000000000
0.000000000386538 0.000000000928344 0.000000000000000
-0.000000001449855 0.000000001437839 0.000000000000000
0.000000003310924 -0.000000000022042 0.000000000000000
-0.000000000403517 -0.000000000009030 0.000000000000000
0.839999997990438 0.000000000088015 0.000000000000000
0.839999998012000 -0.000000000080478 0.000000000000000
-0.000000000239591 -0.000000002664031 0.000000000000000
0.000000000025828 -0.000000002774851 0.000000000000000
0.000000000033682 -0.000000002745662 0.000000000000000
-0.000000000194606 -0.000000002335569 0.000000000000000
-0.000000000328161 -0.000000001598754 0.000000000000000
0.000000000493126 -0.000000000430686 0.000000000000000
0.000000001045701 0.000000000328686 0.000000000000000
0.000000000814537 0.000000000168738 0.000000000000000
0.000000000628070 -0.000000000251357 0.000000000000000
0.000000000451266 -0.000000000724534 0.000000000000000
0.000000000369346 -0.000000000975250 0.000000000000000
0.000000000398185 -0.000000001017726 0.000000000000000
0.000000000324990 -0.000000001003794 0.000000000000000
0.000000000284070 -0.000000001027513 0.000000000000000
0.000000000255267 -0.000000003071929 0.000000000000000
0.000000000133170 -0.000000002885874 0.000000000000000
0.000000000118944 -0.000000002806929 0.000000000000000
0.000000000274715 -0.000000002585428 0.000000000000000
0.000000000514725 -0.000000002020853 0.000000000000000
0.000000000519904 -0.000000001027050 0.000000000000000
0.000000000184073 0.000000000049885 0.000000000000000
-0.000000000144583 0.000000000392974 0.000000000000000
-0.000000000196841 -0.000000000017445 0.000000000000000
-0.000000000188372 -0.000000000577746 0.000000000000000
-0.000000000069396 -0.000000000874506 0.000000000000000
0.000000000017005 -0.000000000989660 0.000000000000000
0.000000000027072 -0.000000001010172 0.000000000000000
0.000000000038915 -0.000000001018024 0.000000000000000
0.000000000071326 -0.000000001004084 0.000000000000000
0.000000000381167 -0.000000000930554 0.000000000000000
0.000000000333207 -0.000000000917186 0.000000000000000
0.000000000405462 -0.000000000863496 0.000000000000000
0.000000000290915 -0.000000000814857 0.000000000000000
0.000000000285808 -0.000000000841634 0.000000000000000
0.000000000386045 -0.000000000784017 0.000000000000000
0.000000000351860 -0.000000000710619 0.000000000000000
0.000000000409816 -0.000000000693362 0.000000000000000
0.000000000288975 -0.000000000659545 0.000000000000000
0.000000000276932 -0.000000000622621 0.000000000000000
0.000000000274774 -0.000000000580135 0.000000000000000
0.000000000315035 -0.000000000560034 0.000000000000000
0.000000000378890 -0.000000000515157 0.000000000000000
0.000000000254259 -0.000000000417539 0.000000000000000
0.000000000353985 -0.000000000463404 0.000000000000000
0.000000000277756 -0.000000000345293 0.000000000000000
0.000000000271321 -0.000000000379913 0.000000000000000
0.000000000412776 -0.000000000341220 0.000000000000000
0.000000000401959 -0.000000000207469 0.000000000000000
0.000000000281755 -0.000000000199307 0.000000000000000
0.000000000211811 -0.000000000209371 0.000000000000000
0.000000000292480 -0.000000000131071 0.000000000000000
0.000000000215545 -0.000000000102295 0.000000000000000
0.000000000262937 -0.000000000060241 0.000000000000000
0.000000000042338 -0.000000000971434 0.000000000000000
0.000000000017968 -0.000000000920917 0.000000000000000
0.000000000024574 -0.000000000895550 0.000000000000000
0.000000000016666 -0.000000000837895 0.000000000000000
0.000000000027687 -0.000000000817167 0.000000000000000
0.000000000039578 -0.000000000805170 0.000000000000000
0.000000000030667 -0.000000000743074 0.000000000000000
0.000000000011018 -0.000000000719062 0.000000000000000
0.000000000010240 -0.000000000664356 0.000000000000000
0.000000000045422 -0.000000000639701 0.000000000000000
0.000000000038509 -0.000000000606823 0.000000000000000
0.000000000033199 -0.000000000575451 0.000000000000000
0.000000000006235 -0.000000000542558 0.000000000000000
0.000000000040091 -0.000000000465883 0.000000000000000
0.000000000012079 -0.000000000449352 0.000000000000000
0.000000000018846 -0.000000000396088 0.000000000000000
0.000000000004265 -0.000000000362531 0.000000000000000
0.000000000010223 -0.000000000345298 0.000000000000000
-0.000000000008000 -0.000000000272706 0.000000000000000
-0.000000000019176 -0.000000000217057 0.000000000000000
0.000000000010173 -0.000000000184353 0.000000000000000
0.000000000030559 -0.000000000173506 0.000000000000000
0.000000000011788 -0.000000000113953 0.000000000000000
0.000000000032662 -0.000000000082577 0.000000000000000
-0.000000000005816 -0.000000000041106 0.000000000000000
0.675454149729455 0.010274980579608 0.000000000000000
0.715536037937532 -0.000517518346542 0.000000000000000
0.715440930040976 0.000546117283837 0.000000000000000
0.675477735028700 -0.010299998801951 0.000000000000000
0.722690136378027 0.015474539466440 0.000000000000000
0.723435776100006 0.000598326302441 0.000000000000000
0.716596336300632 0.000067820739658 0.000000000000000
0.723538108050096 -0.000444784008157 0.000000000000000
0.722785137246390 -0.015604599094076 0.000000000000000
0.000000000262994 0.000000000061016 0.000000000000000
0.000000000218260 0.000000000101701 0.000000000000000
0.000000000292814 0.000000000130501 0.000000000000000
0.000000000217382 0.000000000211263 0.000000000000000
0.000000000276338 0.000000000201898 0.000000000000000
0.000000000391289 0.000000000212135 0.000000000000000
0.000000000385251 0.000000000341328 0.000000000000000
0.000000000262145 0.000000000374760 0.000000000000000
0.000000000284379 0.000000000349166 0.000000000000000
0.000000000332232 0.000000000461641 0.000000000000000
0.000000000248412 0.000000000419674 0.000000000000000
0.000000000383643 0.000000000514626 0.000000000000000
0.000000000321136 0.000000000560478 0.000000000000000
0.000000000277920 0.000000000583251 0.000000000000000
0.000000000273950 0.000000000626500 0.000000000000000
0.000000000288052 0.000000000662941 0.000000000000000
0.000000000409324 0.000000000698985 0.000000000000000
0.000000000352983 0.000000000716933 0.000000000000000
0.000000000388441 0.000000000792560 0.000000000000000
0.000000000287824 0.000000000852697 0.000000000000000
0.000000000294120 0.000000000826818 0.000000000000000
0.000000000412191 0.000000000881177 0.000000000000000
0.000000000339387 0.000000000924592 0.000000000000000
0.000000000355839 0.000000000953456 0.000000000000000
-0.000000000005484 0.000000000041095 0.000000000000000
0.000000000032095 0.000000000082033 0.000000000000000
0.000000000011814 0.000000000114404 0.000000000000000
0.000000000030381 0.000000000172864 0.000000000000000
0.000000000010556 0.000000000187269 0.000000000000000
-0.000000000016681 0.000000000218713 0.000000000000000
-0.000000000004227 0.000000000275582 0.000000000000000
0.000000000011230 0.000000000341857 0.000000000000000
0.000000000003540 0.000000000361087 0.000000000000000
0.000000000018811 0.000000000399718 0.000000000000000
0.000000000015981 0.000000000448606 0.000000000000000
0.000000000038470 0.000000000465376 0.000000000000000
0.000000000005029 0.000000000542340 0.000000000000000
0.000000000032866 0.000000000577405 0.000000000000000
0.000000000039828 0.000000000610349 0.000000000000000
0.000000000046286 0.000000000642790 0.000000000000000
0.000000000011476 0.000000000669252 0.000000000000000
0.000000000011308 0.000000000724618 0.000000000000000
0.000000000030758 0.000000000750529 0.000000000000000
0.000000000039792 0.000000000814861 0.000000000000000
0.000000000027571 0.000000000828432 0.000000000000000
0.000000000016545 0.000000000851574 0.000000000000000
0.000000000020793 0.000000000910760 0.000000000000000
0.000000000019090 0.000000000932075 0.000000000000000
0.000000000012349 0.000000000955239 0.000000000000000
0.000000000519204 0.000000001068923 0.000000000000000
0.000000000296138 0.000000000994545 0.000000000000000
0.000000000379055 0.000000001001307 0.000000000000000
0.000000000397042 0.000000000969910 0.000000000000000
0.000000000486294 0.000000000725053 0.000000000000000
0.000000000635040 0.000000000473345 0.000000000000000
0.000000000728150 0.000000000088903 0.000000000000000
0.000000001142375 -0.000000000073988 0.000000000000000
0.000000001187546 0.000000000540092 0.000000000000000
0.000000000451677 0.000000001430227 0.000000000000000
0.000000000325491 0.000000002238031 0.000000000000000
0.000000000106054 0.000000002639103 0.000000000000000
0.000000000020000 0.000000002722214 0.000000000000000
-0.000000000273246 0.000000002650950 0.000000000000000
0.000000000016395 0.000000000980783 0.000000000000000
-0.000000000006164 0.000000001037824 0.000000000000000
0.000000000045701 0.000000000999252 0.000000000000000
0.000000000015015 0.000000000983601 0.000000000000000
-0.000000000052921 0.000000000868970 0.000000000000000
-0.000000000129485 0.000000000650012 0.000000000000000
-0.000000000144059 0.000000000284073 0.000000000000000
-0.000000000165059 -0.000000000114305 0.000000000000000
-0.000000000020534 0.000000000132953 0.000000000000000
0.000000000213755 0.000000000977545 0.000000000000000
0.000000000319118 0.000000001894571 0.000000000000000
0.000000000189806 0.000000002482580 0.000000000000000
0.000000000133614 0.000000002732090 0.000000000000000
0.000000000152951 0.000000002858016 0.000000000000000
0.000000000265852 0.000000003059161 0.000000000000000
0.000000002321245 0.000000000648001 0.000000000000000
0.000000002807446 0.000000000469745 0.000000000000000
0.000000002464265 -0.000000000161866 0.000000000000000
0.000000003227118 -0.000000000778278 0.000000000000000
0.000000002138119 -0.000000000155745 0.000000000000000
0.000000000439633 0.000000000277780 0.000000000000000
0.000000003210780 0.000000000375227 0.000000000000000
0.000000001623113 0.000000000968583 0.000000000000000
0.000000000141696 0.000000000429157 0.000000000000000
-0.000000000337228 -0.000000000544954 0.000000000000000
-0.000000000269388 -0.000000000642726 0.000000000000000
-0.000000000419862 -0.000000000166929 0.000000000000000
-0.000000000658046 0.000000000018619 0.000000000000000
0.000000000175262 -0.000000000304063 0.000000000000000
0.000000002169429 0.000000000035152 0.000000000000000
0.000000002172871 0.000000000625419 0.000000000000000
0.000000002036627 -0.000000000049161 0.000000000000000
0.000000001864226 -0.000000000490784 0.000000000000000
0.000000002173856 -0.000000000795820 0.000000000000000
-0.000000000668748 -0.000000000011171 0.000000000000000
-0.000000000321733 0.000000000116488 0.000000000000000
-0.000000000127135 0.000000000533969 0.000000000000000
-0.000000000105527 0.000000000353983 0.000000000000000
0.000000000398932 -0.000000000518451 0.000000000000000
0.000000001887001 -0.000000000936273 0.000000000000000
0.000000003361574 -0.000000000435988 0.000000000000000
0.359999997437200 0.000000000322917 0.000000000000000
0.639999997600144 0.000000000159585 0.000000000000000
0.189999996957001 -0.000000000233884 0.000000000000000
0.509999997310827 -0.000000000083931 0.000000000000000
0.749999997496945 -0.000000000047191 0.000000000000000
0.959999998026739 0.000000000050441 0.000000000000000
0.999999998381600 0.000000000006054 0.000000000000000
0.959999998029714 -0.000000000040189 0.000000000000000
0.909999997709300 -0.000000000002248 0.000000000000000
0.989999997812535 -0.000000000021510 0.000000000000000
0.989999997808887 0.000000000023349 0.000000000000000
0.909999997709126 0.000000000005510 0.000000000000000
0.639999997601082 -0.000000000154636 0.000000000000000
0.359999997457064 -0.000000000319112 0.000000000000000
0.749999997499133 0.000000000052658 0.000000000000000
0.509999997302053 0.000000000080922 0.000000000000000
0.189999996948779 0.000000000229556 0.000000000000000
0.630424790973245 -0.013509967839439 0.000000000000000
0.695173539373243 -0.002389076519526 0.000000000000000
0.701436036951074 -0.000819820515404 0.000000000000000
0.704379569860136 0.000043331229302 0.000000000000000
0.700838320839053 -0.001997612210529 0.000000000000000
0.772118072055903 -0.095522361328677 0.000000000000000
0.721175615685899 0.000476126760447 0.000000000000000
0.709705128332995 -0.010805325720636 0.000000000000000
0.691507221061237 0.005640088003592 0.000000000000000
0.680311383534501 0.079249556422039 0.000000000000000
0.650042553144254 0.182935066744426 0.000000000000000
0.693683574910537 -0.000538820384996 0.000000000000000
0.646257469151769 -0.134581708327130 0.000000000000000
0.702051579807775 -0.002246604391039 0.000000000000000
0.701365622857469 0.000367192895483 0.000000000000000
0.715416487702431 -0.030795313329363 0.000000000000000
0.696199439375801 0.027499284384238 0.000000000000000
0.700673276528987 -0.001731089450360 0.000000000000000
0.699400477037090 0.001178474424918 0.000000000000000
0.806223032842176 0.024677427612516 0.000000000000000
0.714503552210452 0.005526400489949 0.000000000000000
0.702949930930922 -0.006904031399070 0.000000000000000
1.033366427085730 -0.132618010194317 0.000000000000000
0.698327115132643 -0.000172415854951 0.000000000000000
0.703941041997578 -0.001140467207268 0.000000000000000
0.361999950502534 -0.095154905640501 0.000000000000000
0.704705916247817 0.322645560330996 0.000000000000000
0.990825383359175 0.130799494512777 0.000000000000000
0.708931613099588 0.004163568405741 0.000000000000000
0.701350436719791 -0.004328820719799 0.000000000000000
0.694294045742220 -0.002463537805397 0.000000000000000
0.690657263500540 0.003539095432427 0.000000000000000
0.557993227483473 -0.338951038477937 0.000000000000000
0.677026850663320 -0.005494827521010 0.000000000000000
0.697313762375307 -0.005917116430170 0.000000000000000
0.697219119257332 0.005666061978387 0.000000000000000
0.728099190580487 0.006730612774578 0.000000000000000
0.719579843041828 -0.006570699358530 0.000000000000000
1.308736567230164 -0.109735716126078 0.000000000000000
0.704065663595889 -0.001256794304173 0.000000000000000
0.705199844549675 0.001192013014878 0.000000000000000
0.699278134915748 -0.001452283919654 0.000000000000000
0.721188316149288 0.001106980795334 0.000000000000000
0.731684894719690 -0.004949584962775 0.000000000000000
0.770943556502075 -0.023199692787452 0.000000000000000
0.711702950056031 -0.015091091516569 0.000000000000000
0.527162021271257 0.150861649567457 0.000000000000000
0.693886654649454 0.018201501589820 0.000000000000000
0.765815552810518 0.024321406927960 0.000000000000000
0.910242359094775 0.098194074723676 0.000000000000000
1.413272850387742 0.304801308681736 0.000000000000000
0.904933956772342 -0.284222655132902 0.000000000000000
0.615133985174699 -0.064272318981353 0.000000000000000
0.698595820924965 -0.015172224701075 0.000000000000000
0.691242775267108 0.011222925908858 0.000000000000000
0.901827880240453 -0.066226563668811 0.000000000000000
0.521599058984310 -0.134697054773244 0.000000000000000
0.517725895882989 0.205605847148926 0.000000000000000
0.637068245641512 0.032533392695865 0.000000000000000
0.518791931505880 0.282613440016397 0.000000000000000
0.560601983030342 -0.167172936271547 0.000000000000000
0.696722619661224 -0.001134937792735 0.000000000000000
0.693120942327788 -0.000044753556668 0.000000000000000
0.684795245044400 -0.025362725978872 0.000000000000000
0.707219766897746 -0.002542943384348 0.000000000000000
0.705910682895205 0.002444147497001 0.000000000000000
0.693976372463319 -0.007157234671897 0.000000000000000
0.702073959388625 -0.000154599578389 0.000000000000000
0.669301642812266 0.011679607790931 0.000000000000000
0.952477034892551 -0.246734513847924 0.000000000000000
0.830113590644776 -0.043572004305054 0.000000000000000
0.696583575366279 0.000448329325414 0.000000000000000
0.573665613109340 0.184182480531932 0.000000000000000
1.163819280986037 -0.175271473460137 0.000000000000000
0.695083592237805 -0.003689289989680 0.000000000000000
0.695262813965938 0.000796605271565 0.000000000000000
0.822326838682096 0.019680208262791 0.000000000000000
0.709988058582473 -0.001828012501886 0.000000000000000
0.707223434747129 0.001470426024016 0.000000000000000
0.687061017071664 0.007494751006587 0.000000000000000
0.686746717216783 -0.008745864277847 0.000000000000000
0.696927911885113 0.002899102538712 0.000000000000000
0.695188156969748 -0.003005900575035 0.000000000000000
0.515566467937556 -0.156584102142769 0.000000000000000
1.394098025588328 0.172572376810885 0.000000000000000
0.702415474345418 -0.002292231563524 0.000000000000000
0.700206140118968 -0.000160749875176 0.000000000000000
0.703809042125297 0.002848960633617 0.000000000000000
1.016360918219824 0.058447351360997 0.000000000000000
0.725252631609663 -0.053841701138960 0.000000000000000
0.700311330618417 -0.002508848290049 0.000000000000000
0.697269106035133 0.000827690769298 0.000000000000000
0.701749394667092 -0.004395478289485 0.000000000000000
0.702654974577978 0.003278210763672 0.000000000000000
0.693016380489568 0.000396949366861 0.000000000000000
0.513061838960183 0.491893740449554 0.000000000000000
1.268194014253929 -0.507516711797400 0.000000000000000
0.689227632914472 -0.024577029265059 0.000000000000000
0.731832971054343 0.011632097596912 0.000000000000000
0.503950260208683 0.034907164027283 0.000000000000000
0.632137677345111 -0.006337900915281 0.000000000000000
0.631739512174953 0.006579802812343 0.000000000000000
0.918313335641531 0.351336312508718 0.000000000000000
0.697924089135283 -0.000735737037652 0.000000000000000
0.698347744411779 -0.006605102627354 0.000000000000000
0.800357679621103 0.164888327906235 0.000000000000000
0.691064443031097 -0.009213745905628 0.000000000000000
0.686025154989265 0.004900029228056 0.000000000000000
0.786046621137069 -0.136986821533676 0.000000000000000
0.637526491910535 0.017825712481638 0.000000000000000
0.644666199896067 -0.016049012213172 0.000000000000000
0.202207470962944 -0.148341159051560 0.000000000000000
0.375892888778251 -0.438115259777156 0.000000000000000
0.699991265312781 0.001669357046624 0.000000000000000
0.730919569248243 0.058703501562164 0.000000000000000
0.942103444539214 0.015732142645631 0.000000000000000
0.731730142835708 0.000634710419544 0.000000000000000
0.708011867145364 0.001656353360789 0.000000000000000
0.705147345363226 -0.001623932637254 0.000000000000000
1.280101334213532 0.450986216535396 0.000000000000000
0.679392457416347 -0.036933475128497 0.000000000000000
0.706120338440119 0.010804182797685 0.000000000000000
0.714666086724085 -0.012230347592100 0.000000000000000
0.997188814151231 0.034853945944470 0.000000000000000
0.986065401271740 -0.049466089661362 0.000000000000000
0.683871112952889 0.001009613170765 0.000000000000000
0.701629687094640 0.001224191867666 0.000000000000000
1.135968033824650 -0.443393605352182 0.000000000000000
0.668994888080101 0.000073187843415 0.000000000000000
0.727897245824380 -0.009024897378136 0.000000000000000
0.771696048569311 0.118311121711829 0.000000000000000
0.823772978207455 -0.089764916007570 0.000000000000000
0.700066549842907 -0.002571697251193 0.000000000000000
0.692648018895742 -0.005935104524704 0.000000000000000
0.760184289927238 -0.070569363197825 0.000000000000000
0.688063993955586 -0.125918822999407 0.000000000000000
0.703107449137104 0.001572097781215 0.000000000000000
0.684771417754241 0.020933951259284 0.000000000000000
0.706193369936783 -0.000071420033908 0.000000000000000
0.691690864492620 -0.022501916113474 0.000000000000000
0.541542096287996 0.356084067461738 0.000000000000000
0.689491968636316 0.003816268081886 0.000000000000000
0.688193051157387 -0.004755804408041 0.000000000000000
0.736674281762710 0.137750607491482 0.000000000000000
0.723447272978105 0.044351218315250 0.000000000000000
0.702240488274330 -0.001168340779653 0.000000000000000
0.689106478431660 0.003677833433778 0.000000000000000
0.760604111066508 0.105307420993771 0.000000000000000
0.642749616789196 -0.005146253902853 0.000000000000000
0.639004554062305 0.005894357491981 0.000000000000000
0.698481933315382 -0.000344538862749 0.000000000000000
0.690399733376070 0.007508711267300 0.000000000000000
0.641956876164035 -0.524340066670694 0.000000000000000
0.671503789889069 0.007441445224108 0.000000000000000
0.677526764782306 -0.006539034743158 0.000000000000000
0.491592857206093 0.095150501858474 0.000000000000000
0.577699729125670 0.000961432418402 0.000000000000000
0.705114219970517 -0.000084296120387 0.000000000000000
0.718904159359874 -0.206842682374223 0.000000000000000
0.699729292428981 0.000300760915299 0.000000000000000
0.757775026250059 -0.004436201559842 0.000000000000000
0.485138628428680 -0.284177361590253 0.000000000000000
1.308974865763402 -0.121538893501187 0.000000000000000
0.717186560092240 -0.009596308726826 0.000000000000000
0.796601844096737 -0.005502697307800 0.000000000000000
0.686608234250094 -0.001083695734014 0.000000000000000
0.684380025026837 0.001381591069996 0.000000000000000
0.690905290645344 0.004005425929436 0.000000000000000
0.599471764310228 -0.132614287996039 0.000000000000000
0.683014165783644 -0.017418288472729 0.000000000000000
0.661973350275981 -0.012653037932709 0.000000000000000
0.675062892525351 -0.002696053592560 0.000000000000000
0.670802790682771 0.001968742880280 0.000000000000000
0.704018281655888 -0.001802025448926 0.000000000000000
0.865441031480936 0.001376534964337 0.000000000000000
0.751205252267256 0.017603239097458 0.000000000000000
0.744063352424655 -0.017066002419196 0.000000000000000
0.706514875477280 0.002765732947277 0.000000000000000
0.705118884771034 -0.002234870025112 0.000000000000000
0.711167609144431 0.001350666252724 0.000000000000000
0.707473926193753 0.006298986623969 0.000000000000000
0.019122996373467 0.052691727114668 0.000000000000000
0.780860371933747 -0.029133670200705 0.000000000000000
0.729568975917308 -0.014232514837035 0.000000000000000
0.730038132203173 0.015677392506008 0.000000000000000
0.670125443170345 0.021588550314771 0.000000000000000
0.670638609182835 -0.021612355262863 0.000000000000000
0.696287298162043 -0.002279508398197 0.000000000000000
0.694124920563873 -0.000974149877207 0.000000000000000
0.665447293840643 0.022485148173366 0.000000000000000
1.254122440470971 -0.065406636204608 0.000000000000000
0.672932290364019 -0.012545587881159 0.000000000000000
0.673269572683014 0.012210677699969 0.000000000000000
0.353841266049884 0.135009895444359 0.000000000000000
1.184802362302350 0.023572101539373 0.000000000000000
1.215038922740035 -0.062746930652868 0.000000000000000
0.698664248696013 -0.001502158336015 0.000000000000000
0.586753976619381 0.172031573818114 0.000000000000000
0.790241718323614 -0.054415383667423 0.000000000000000
0.428284805302551 0.077890595894417 0.000000000000000
0.447918215354968 -0.077873360084662 0.000000000000000
0.699213598244658 0.001021641132377 0.000000000000000
0.681813521807489 0.004675229068684 0.000000000000000
0.784974267481510 0.011697038101573 0.000000000000000
0.767383400471922 0.058273781740816 0.000000000000000
0.695366897285759 -0.002786993270537 0.000000000000000
0.909413642413824 0.009683633129883 0.000000000000000
0.695968250486953 0.004413942759593 0.000000000000000
0.706898588014429 -0.002470925923559 0.000000000000000
1.306221481241324 0.194265467158544 0.000000000000000
1.424864428071793 0.557871966985523 0.000000000000000
0.697079462207038 -0.002586214945078 0.000000000000000
0.697792559839761 0.000111590708110 0.000000000000000
0.342468870899880 -0.122459391923931 0.000000000000000
0.679974516983119 0.007697462602281 0.000000000000000
0.731024380893748 -0.014024243155589 0.000000000000000
0.739793662683740 0.012628849118440 0.000000000000000
0.931959799463914 -0.122472071000184 0.000000000000000
0.706552194313336 0.020940679482488 0.000000000000000
0.702035195167051 -0.002168753996804 0.000000000000000
0.938401732196394 0.153046942592875 0.000000000000000
0.700169049202721 -0.000106939416969 0.000000000000000
0.701963224056981 -0.000573814731853 0.000000000000000
0.730491039304833 0.151620688086222 0.000000000000000
0.697063786685913 0.014328388285412 0.000000000000000
0.700089106627939 -0.014641834064820 0.000000000000000
0.563096136242171 -0.138457179527160 0.000000000000000
0.738508867697574 -0.042727708581633 0.000000000000000
0.705425623997459 -0.009216333215269 0.000000000000000
0.703194165860587 0.009010446789812 0.000000000000000
0.848572329296121 0.037311307430936 0.000000000000000
0.696536697515612 -0.002027642907810 0.000000000000000
0.755562727801099 -0.005646021948547 0.000000000000000
0.690381681099647 -0.005060987235961 0.000000000000000
0.685498771099597 0.003406933799150 0.000000000000000
0.725011817219849 -0.005472407009799 0.000000000000000
0.712159463361856 0.010365066600690 0.000000000000000
0.297354570942121 -0.466230079536250 0.000000000000000
1.411778213550343 0.325090674196503 0.000000000000000
0.731086095894766 0.020315347925906 0.000000000000000
0.823569397899732 0.006898632849163 0.000000000000000
0.698632235890749 -0.000277398046248 0.000000000000000
0.703355259242894 0.003988017725202 0.000000000000000
0.705484918265904 -0.005556153798315 0.000000000000000
0.461860016428081 -0.044395993697180 0.000000000000000
0.755593290353488 0.008615407466632 0.000000000000000
0.711378318685466 -0.118109293977836 0.000000000000000
1.131996507868972 -0.161511512522807 0.000000000000000
1.425188144057957 -0.271781128894714 0.000000000000000
0.655987148627634 0.241967748120220 0.000000000000000
0.476789692744951 0.474460794112832 0.000000000000000
1.198259030687088 0.115327531018203 0.000000000000000
0.709236199521416 -0.002982171515777 0.000000000000000
0.798618434772463 -0.451245897197071 0.000000000000000
0.644932005982037 -0.092161008632556 0.000000000000000
0.699684931165976 -0.007342616783823 0.000000000000000
0.699557064741630 -0.001450468587383 0.000000000000000
0.699464837720074 -0.016962331519123 0.000000000000000
0.706393290862952 0.342588296973154 0.000000000000000
0.831787791065223 -0.001356720489223 0.000000000000000
1.221086953697510 0.307344854928390 0.000000000000000
0.660301136897620 -0.219690012077251 0.000000000000000
0.704062747866940 0.001039435406747 0.000000000000000
1.137660002286570 0.112151468463631 0.000000000000000
0.683641043106695 0.005772424833968 0.000000000000000
0.685024961052325 -0.005918149451102 0.000000000000000
0.705864805883014 0.020266773310525 0.000000000000000
0.706345237557137 -0.000967436732302 0.000000000000000
0.632769929390704 -0.030750657647670 0.000000000000000
0.712601924870477 -0.010560696651575 0.000000000000000
0.717568197538863 0.009338694585142 0.000000000000000
0.713747562894462 0.003287348703897 0.000000000000000
0.713768306493426 -0.004460648377564 0.000000000000000
0.626618393778061 0.013370532297483 0.000000000000000
0.895017579828316 -0.157522885170257 0.000000000000000
1.130614963609200 -0.239022138116748 0.000000000000000
0.747576387536417 0.022910322110608 0.000000000000000
0.747728552705182 -0.021086003675941 0.000000000000000
0.698241727621402 -0.006463655152744 0.000000000000000
0.687336666246183 -0.006274577084315 0.000000000000000
0.695935252606351 -0.000030390767609 0.000000000000000
0.649927202761857 0.062420221790469 0.000000000000000
0.698281221310383 0.003363271928084 0.000000000000000
0.648235146916042 0.051431277905318 0.000000000000000
0.695436864079306 -0.007881454445245 0.000000000000000
0.729392523743142 0.004285902024561 0.000000000000000
0.724943475485420 -0.004539082104358 0.000000000000000
0.726055927568795 -0.015891232378831 0.000000000000000
0.596862403664393 0.256510207547504 0.000000000000000
0.702635696393156 -0.001333497079396 0.000000000000000
1.016609238199425 0.094584102139932 0.000000000000000
1.010316073246235 -0.063208722663488 0.000000000000000
0.721877075196062 -0.004844049358442 0.000000000000000
0.861335876228166 -0.049017255394197 0.000000000000000
1.014498121338095 -0.088615376566171 0.000000000000000
0.650492170079269 0.000813241513093 0.000000000000000
0.692878007811068 -0.003693633588699 0.000000000000000
0.693195640547772 0.003625066710564 0.000000000000000
0.979139667122111 0.253592955199519 0.000000000000000
0.676378620635369 -0.015012397960358 0.000000000000000
0.592073978426655 -0.175696044683016 0.000000000000000
0.692671642378381 0.010218205599852 0.000000000000000
0.676694279888702 0.058805251510992 0.000000000000000
1.000306071542075 -0.021818513733268 0.000000000000000
0.753505888993020 -0.047965709852476 0.000000000000000
0.688009451422833 0.030542770225225 0.000000000000000
0.596438011887035 0.280928927582950 0.000000000000000
0.681696007009700 -0.013391031228450 0.000000000000000
0.679302106668305 0.013837055500851 0.000000000000000
0.660630960242737 0.167158953640870 0.000000000000000
0.902223399215440 0.053302445980723 0.000000000000000
1.006667970872712 0.101047348736703 0.000000000000000
0.702306992055538 0.000010237160187 0.000000000000000
0.690940439659597 -0.004288773486248 0.000000000000000
0.690941160722324 0.002869043040983 0.000000000000000
0.693039132953523 0.006818420179953 0.000000000000000
0.783204209855366 -0.014640491461289 0.000000000000000
0.784300406956790 0.013533970735066 0.000000000000000
0.700216589799334 -0.002149512111403 0.000000000000000
0.752834184307380 0.002907944481676 0.000000000000000
0.754774967590675 -0.002108675429152 0.000000000000000
0.699355555577265 -0.003014618726721 0.000000000000000
0.695130279931462 0.000467331979837 0.000000000000000
0.427761343459381 0.057074461507745 0.000000000000000
0.701644112899962 -0.002871912634900 0.000000000000000
0.695855569615048 0.002509621889421 0.000000000000000
0.695733168511077 -0.001292335100599 0.000000000000000
0.803045363147807 -0.128877872527650 0.000000000000000
0.728073446945921 -0.012100348828043 0.000000000000000
0.730008296113584 0.012769688377454 0.000000000000000
0.698365177936476 -0.004414821725014 0.000000000000000
0.871074029286710 0.267422616846783 0.000000000000000
0.664940491008547 -0.000341499863276 0.000000000000000
0.551356758217918 0.217228494356900 0.000000000000000
1.013687309970274 -0.478383252749653 0.000000000000000
0.705090926101287 -0.002712471582494 0.000000000000000
0.704954571116314 -0.000206569717234 0.000000000000000
0.371511612932424 0.785358512951289 0.000000000000000
0.706493301108201 0.001525186714222 0.000000000000000
0.848039386190031 -0.007923640167427 0.000000000000000
0.797443628558930 -0.010720907497090 0.000000000000000
0.645603301974223 0.106331067365485 0.000000000000000
0.695537837644693 -0.001954425261451 0.000000000000000
0.699368417602915 -0.000057092488190 0.000000000000000
0.758741210048159 0.011774305294654 0.000000000000000
0.758264567712942 -0.012432444765488 0.000000000000000
0.232377677922023 0.054562248940474 0.000000000000000
0.696752518307359 -0.002070501710541 0.000000000000000
0.658570844913965 -0.025275317049665 0.000000000000000
0.714396436463038 -0.042969780492948 0.000000000000000
0.536755935555328 -0.082650778589564 0.000000000000000
0.749943205374976 0.010316119308813 0.000000000000000
0.748005317277638 -0.009718733032542 0.000000000000000
0.710094345630065 -0.002418456729751 0.000000000000000
0.653823919476299 -0.138007938458217 0.000000000000000
0.685093717692484 -0.053616577447336 0.000000000000000
0.537339958447869 -0.246440199283227 0.000000000000000
0.593342977301602 0.593219427609945 0.000000000000000
0.399796885440547 -0.045802789119233 0.000000000000000
0.699185803365378 0.013732659412666 0.000000000000000
1.396534313825013 0.040011578854438 0.000000000000000
0.708380659628191 -0.000471068192162 0.000000000000000
1.454870081686942 -0.445440129778933 0.000000000000000
0.544156545419841 -0.212832374977069 0.000000000000000
0.524626851071628 -0.177764865570537 0.000000000000000
0.714085562488986 0.001343732963644 0.000000000000000
0.717047239877899 -0.001364370807056 0.000000000000000
0.763777122230197 0.012416817126681 0.000000000000000
0.999327422767958 0.424312891017058 0.000000000000000
0.698706120165473 -0.000629915259305 0.000000000000000
0.703148091123126 -0.009837765489275 0.000000000000000
0.706695981298049 0.010215294931400 0.000000000000000
0.705683404564152 0.441256416091981 0.000000000000000
0.401377243954289 -0.746639320152987 0.000000000000000
0.697089717452779 -0.003782875235429 0.000000000000000
0.703968529107022 0.000765678383754 0.000000000000000
0.711559261560469 0.003826987460413 0.000000000000000
0.709504747303373 -0.005425195367731 0.000000000000000
0.688499141417929 -0.003649961565999 0.000000000000000
0.691061873612026 0.011006739081744 0.000000000000000
0.703938409253960 -0.002021830455072 0.000000000000000
0.701500752327422 -0.003528365945222 0.000000000000000
0.702354417252171 -0.002387054190855 0.000000000000000
0.709453633568003 0.000456252751880 0.000000000000000
0.704802120293181 -0.000707386485746 0.000000000000000
0.643273525536746 -0.006369230904621 0.000000000000000
0.579504414607880 -0.018193078915595 0.000000000000000
0.637946179813188 0.007184369899841 0.000000000000000
0.580383556500083 0.016492051554039 0.000000000000000
0.650589190472585 0.037774859697132 0.000000000000000
0.622949013119226 0.026185896253848 0.000000000000000
0.615160691682882 0.028356026301786 0.000000000000000
0.587905442384715 0.049411268143179 0.000000000000000
0.583041265847461 0.012112562709890 0.000000000000000
0.699520130358307 0.000353539404631 0.000000000000000
0.699666309039091 0.004974860396112 0.000000000000000
0.678511429497402 0.009784018302432 0.000000000000000
0.681995269029465 -0.008906032138139 0.000000000000000
0.697536092424925 -0.004464964737118 0.000000000000000
0.699331286987239 0.000073795070041 0.000000000000000
0.658614298020619 0.001584555297126 0.000000000000000
0.722359034736403 -0.005874649647265 0.000000000000000
0.704580152359945 -0.027964803108051 0.000000000000000
0.931260452163993 -0.389379468521237 0.000000000000000
0.985953751037728 -0.368310811611777 0.000000000000000
1.058785913928397 -0.278102396418328 0.000000000000000
0.795335269044978 -0.295365801316438 0.000000000000000
0.884352948027774 -0.402233641906134 0.000000000000000
0.696991769590014 -0.005350329433059 0.000000000000000
0.698793393087701 -0.005533404791031 0.000000000000000
0.708254591592954 -0.003708604416032 0.000000000000000
0.708106754738031 0.003117935448733 0.000000000000000
0.698448889027654 0.004829338195505 0.000000000000000
0.697415395059541 0.004881670816291 0.000000000000000
0.701262594743637 0.002932962880021 0.000000000000000
0.699478127796806 0.000683729228514 0.000000000000000
0.701785750598449 0.001704793187443 0.000000000000000
0.682486017933661 0.018495095062971 0.000000000000000
0.674040055658584 0.023578928290593 0.000000000000000
0.674167365413355 -0.023496715006404 0.000000000000000
0.682729375405387 -0.018485870494700 0.000000000000000
0.962965598842470 0.071717355949511 0.000000000000000
1.191092469345276 0.131742808999987 0.000000000000000
1.190103348731234 0.040062870405185 0.000000000000000
0.726477897582380 -0.010780271913206 0.000000000000000
0.710421134786984 -0.002561422303298 0.000000000000000
0.706524650889574 -0.003348684772801 0.000000000000000
0.592329430919364 0.084982871568596 0.000000000000000
0.504546727871129 0.044239015111611 0.000000000000000
0.535356138818227 0.103437480681536 0.000000000000000
0.698240827818670 -0.002001820473155 0.000000000000000
0.699196422271938 -0.002844943651084 0.000000000000000
0.698626158932847 -0.002250639799029 0.000000000000000
0.712364810837886 0.004224154870011 0.000000000000000
0.709562229838017 0.004831473298040 0.000000000000000
0.712473486101744 0.005128927134563 0.000000000000000
0.708116067182590 -0.001090496119962 0.000000000000000
0.708036135873208 0.000078929634160 0.000000000000000
0.072412801593171 -0.053315226606876 0.000000000000000
0.160156958299759 -0.143437587194019 0.000000000000000
0.668536976354510 0.016770302581033 0.000000000000000
0.696643733607697 -0.000231113540516 0.000000000000000
0.664557993662531 -0.015527573226999 0.000000000000000
0.703640884000722 0.001446370955794 0.000000000000000
0.706118153604030 0.010073559853278 0.000000000000000
0.707452384960666 0.004856718036328 0.000000000000000
0.700946941534295 0.002887994559239 0.000000000000000
0.699397223017222 -0.001140009880956 0.000000000000000
0.704980262656375 -0.001238754795597 0.000000000000000
0.700274806964552 -0.002919881738056 0.000000000000000
0.699582876363627 -0.003712936466099 0.000000000000000
0.701719532362663 0.004495919132075 0.000000000000000
0.703826813826899 -0.000331821962052 0.000000000000000
0.705040843691033 0.001262122640387 0.000000000000000
0.705925779511593 0.000938688530499 0.000000000000000
0.716333320977810 0.002338122256179 0.000000000000000
0.984951605360174 -0.077031811350915 0.000000000000000
0.858383457845519 -0.165323931360243 0.000000000000000
0.603846313362430 -0.051715654020532 0.000000000000000
0.702391468927584 0.002062428149762 0.000000000000000
0.968086840942890 -0.496038112302804 0.000000000000000
1.051461412585185 -0.490617015459546 0.000000000000000
1.161208886508505 -0.521798193973346 0.000000000000000
0.709254710908820 0.005831319843920 0.000000000000000
0.709082351073350 0.008412949645480 0.000000000000000
0.699295074498429 0.006421142391442 0.000000000000000
1.434787024725409 0.108978563665692 0.000000000000000
1.265467390727832 0.243341212960963 0.000000000000000
0.952402708302194 0.313248685228136 0.000000000000000
1.004684181164190 0.221388920818116 0.000000000000000
0.864797322672324 0.233992093524844 0.000000000000000
0.703259538646731 -0.001639981971296 0.000000000000000
0.702982168752537 -0.002470035625672 0.000000000000000
1.108466044417686 0.190992237775876 0.000000000000000
0.917113278018931 0.134587349159936 0.000000000000000
0.920562256480930 -0.098727968236237 0.000000000000000
0.641623196190124 -0.025839449976424 0.000000000000000
0.676356584974485 0.005229134135183 0.000000000000000
0.668210225680741 -0.007993791299298 0.000000000000000
0.634217266131271 0.022521742562199 0.000000000000000
0.704997327695669 -0.000345969475632 0.000000000000000
0.703267076312549 0.000385127321871 0.000000000000000
0.704273405099250 -0.001584278231830 0.000000000000000
0.705545530845973 0.004849233604704 0.000000000000000
0.707347424642667 -0.005407926289035 0.000000000000000
0.704299781820678 -0.001543686869507 0.000000000000000
0.703051917909531 -0.001980091791225 0.000000000000000
0.703485316756493 -0.001246318854183 0.000000000000000
0.624245165842819 0.076562245389796 0.000000000000000
0.653658165515516 0.091577334262312 0.000000000000000
0.817843612047166 -0.072974531355940 0.000000000000000
0.798071391336771 -0.072954624027807 0.000000000000000
0.787731314719308 -0.052676402039021 0.000000000000000
0.702028457066296 0.001312064146084 0.000000000000000
0.699467185000692 0.000208760883477 0.000000000000000
0.703177158497625 0.001219011024467 0.000000000000000
0.695418537131883 0.024720288341660 0.000000000000000
0.683981847429611 0.022087619128836 0.000000000000000
0.688595425554445 0.026835180437282 0.000000000000000
0.671969134822145 0.014275402578917 0.000000000000000
0.671845920925000 -0.014358862313680 0.000000000000000
0.700289300920144 -0.001156816868298 0.000000000000000
0.701742755877451 0.000193956369648 0.000000000000000
0.701765213762478 0.000571154550165 0.000000000000000
0.706873273552265 -0.093194087132391 0.000000000000000
0.695055941517392 -0.061532816762861 0.000000000000000
0.736775745849754 -0.060465436608778 0.000000000000000
0.784462014359602 0.145292161354140 0.000000000000000
0.691003313684231 0.195448382945281 0.000000000000000
0.754365403922873 0.192354653724882 0.000000000000000
0.697633700846582 -0.005398979642980 0.000000000000000
0.700582737407803 -0.005204122744089 0.000000000000000
0.701049882155398 -0.007358848678548 0.000000000000000
0.768243849291563 -0.020538258601558 0.000000000000000
0.572778435433597 -0.031418546290526 0.000000000000000
0.585599980303768 0.016558895167341 0.000000000000000
0.712982355585183 0.002208455986821 0.000000000000000
0.712898416784691 -0.010002947082601 0.000000000000000
0.713735888160849 -0.003168795470431 0.000000000000000
0.701385909145729 -0.003097034510571 0.000000000000000
0.698918771630078 -0.001602989324586 0.000000000000000
0.400551248269034 0.125114113563470 0.000000000000000
0.293447098856424 0.082930453572273 0.000000000000000
0.281843679535752 0.065217899172978 0.000000000000000
0.673820104246100 0.015299330654107 0.000000000000000
0.685675410372260 0.017431292929341 0.000000000000000
0.721010876494583 0.003428647163606 0.000000000000000
0.691273579147191 0.005070924943382 0.000000000000000
0.750657530120022 -0.170293475280944 0.000000000000000
0.683637796721718 -0.173569053066743 0.000000000000000
0.777093827139642 -0.122348795379127 0.000000000000000
0.702897463314768 -0.001922155926882 0.000000000000000
0.703791498071309 -0.002154983808861 0.000000000000000
0.707837742858257 -0.000305828240221 0.000000000000000
0.710615795217593 -0.001805400794725 0.000000000000000
0.678228522100492 0.381850420999518 0.000000000000000
0.706391073579010 0.341917586184685 0.000000000000000
0.606418753543290 0.280914258014628 0.000000000000000
0.701573227874339 -0.003989747403613 0.000000000000000
0.702892257619141 -0.006680962802197 0.000000000000000
0.691211481050853 -0.007131285256204 0.000000000000000
0.689020629592970 0.005785186608356 0.000000000000000
0.700084884479115 0.004655770234097 0.000000000000000
0.697727935654904 0.002563612998573 0.000000000000000
0.702939991273305 -0.003328041674168 0.000000000000000
0.705470567567990 -0.001377958565302 0.000000000000000
0.700121925759888 -0.004017042675729 0.000000000000000
0.704589910100620 -0.003331200276772 0.000000000000000
0.701943051086102 0.001029048353456 0.000000000000000
0.696908763767988 0.000797514338728 0.000000000000000
0.718951312066384 0.008618074087626 0.000000000000000
0.717144694189165 -0.000483269188934 0.000000000000000
0.717099465334630 0.003561778218554 0.000000000000000
0.720666615567456 -0.009965546363966 0.000000000000000
0.716102556428575 -0.000356402570999 0.000000000000000
0.718814585851853 -0.010818014454484 0.000000000000000
1.022185265120382 -0.202536919779893 0.000000000000000
0.994341536548622 -0.345823945747793 0.000000000000000
0.898502605062308 -0.272956400117734 0.000000000000000
0.838974900406122 0.408727361164057 0.000000000000000
0.996388178336217 0.459376911800666 0.000000000000000
0.687827084634363 -0.024437729666296 0.000000000000000
0.698956799616987 -0.026016356370008 0.000000000000000
0.694419433162112 -0.027063607172876 0.000000000000000
0.691303974014103 0.017272443437745 0.000000000000000
0.693490521816812 -0.017021028063847 0.000000000000000
0.706635242468564 0.000135385675626 0.000000000000000
0.706142142208645 -0.001201827883813 0.000000000000000
0.705721332729707 -0.000101214971981 0.000000000000000
0.708237660019908 0.001925097986399 0.000000000000000
0.700477485001838 -0.007877031690920 0.000000000000000
0.700342191005528 -0.014669044418053 0.000000000000000
0.701282415888742 0.013916219349667 0.000000000000000
0.699727017807676 0.007613343215683 0.000000000000000
0.702714816004551 0.000887518534403 0.000000000000000
0.702158199027119 0.000795456501342 0.000000000000000
0.702137979975062 -0.013166150725121 0.000000000000000
0.703261847841330 -0.016316546992275 0.000000000000000
1.219922202077948 -0.486958604606798 0.000000000000000
0.984870822835666 -0.377771820681657 0.000000000000000
0.667606734822533 -0.018678176918567 0.000000000000000
0.719079087274172 -0.000349354528807 0.000000000000000
0.665041489021367 0.001503006919502 0.000000000000000
0.655823913122226 -0.005135106297409 0.000000000000000
0.727912665585129 -0.002708726963130 0.000000000000000
0.666957630936627 0.016383244608241 0.000000000000000
0.679626370555015 0.016522456927338 0.000000000000000
0.670932127769190 -0.018520099722981 0.000000000000000
0.699514160537668 -0.003521215867338 0.000000000000000
0.703482828335845 -0.003866716693978 0.000000000000000
0.702195908028206 0.000943350796260 0.000000000000000
0.704894335971689 -0.001278620221451 0.000000000000000
0.702593640178693 -0.015868668331024 0.000000000000000
0.778085598748397 -0.019431253216724 0.000000000000000
0.619927764349626 -0.000934174108076 0.000000000000000
1.159613152367206 0.000069003126275 0.000000000000000
1.126242973520321 0.006273038330283 0.000000000000000
0.925793567655570 -0.060760577134411 0.000000000000000
0.738649230899560 -0.029710709642826 0.000000000000000
0.739146363528128 -0.035887749588892 0.000000000000000
0.766278530656871 -0.011577996711489 0.000000000000000
0.565628390571861 -0.014687749713547 0.000000000000000
0.699207865951922 -0.026448210837550 0.000000000000000
0.691466417117873 0.025463951267296 0.000000000000000
0.561311422480873 0.018107277464101 0.000000000000000
1.320306797802327 0.275162607146502 0.000000000000000
1.355602864604486 0.420195422919692 0.000000000000000
0.792588147109301 0.089077549074761 0.000000000000000
0.812452880650696 0.067053812819248 0.000000000000000
0.738745468962218 0.083423594377847 0.000000000000000
0.708509292109480 -0.002024831476992 0.000000000000000
0.710892331652204 -0.000109977126319 0.000000000000000
0.857321232860415 0.082887799034616 0.000000000000000
0.888464246861213 0.017720185092209 0.000000000000000
0.854426512145715 0.032793103614085 0.000000000000000
0.709203142956900 0.011727553163050 0.000000000000000
0.721066467769054 0.007699126041192 0.000000000000000
0.720713837275766 -0.008555846895315 0.000000000000000
0.708429122851691 -0.013545838795183 0.000000000000000
0.703871330001611 -0.011125665956852 0.000000000000000
0.704040704998762 -0.002426861164830 0.000000000000000
0.736297832335441 -0.052663886120306 0.000000000000000
0.750716181398229 -0.061858365602173 0.000000000000000
0.738273774381857 -0.038330800318587 0.000000000000000
0.724316681313040 -0.040245201344251 0.000000000000000
0.633666858344828 -0.200974989760691 0.000000000000000
0.709676617355391 0.021099789582720 0.000000000000000
0.709078377518009 0.018808335913342 0.000000000000000
0.716060937470916 0.022255074135548 0.000000000000000
0.703525831847286 -0.000073234393309 0.000000000000000
0.704539996937332 -0.000795359697008 0.000000000000000
0.703090320828085 -0.000257976977040 0.000000000000000
0.508379577745508 0.185979122683405 0.000000000000000
0.505863420981493 0.166727828807392 0.000000000000000
0.583463526461259 -0.009501957100451 0.000000000000000
0.702999466644673 -0.007079269660227 0.000000000000000
0.620580316774432 -0.005217969005725 0.000000000000000
0.617684636852293 0.005202769077769 0.000000000000000
0.703563053631352 0.006702151946029 0.000000000000000
0.581871142599138 0.008884194511275 0.000000000000000
0.592892600057680 -0.092328066311257 0.000000000000000
0.601791695875996 -0.084273361065971 0.000000000000000
0.660471883410478 -0.103965041544842 0.000000000000000
0.715894328368211 0.002167857771040 0.000000000000000
0.732321688865324 0.012066234164312 0.000000000000000
0.710366127996078 0.002836292887898 0.000000000000000
0.710256192679119 -0.002281976145583 0.000000000000000
0.734948187919660 -0.012131314105823 0.000000000000000
0.716861587327296 -0.001330911759453 0.000000000000000
0.756037276810186 -0.069164306324488 0.000000000000000
0.774227022269958 -0.096664535824569 0.000000000000000
0.639405740173946 0.220538455413183 0.000000000000000
0.060352238178754 0.091205608705092 0.000000000000000
0.032722940542579 0.009487246211375 0.000000000000000
0.706038859542358 0.005328956234849 0.000000000000000
0.706642945968374 -0.006016456176762 0.000000000000000
0.704250641361052 -0.000805086388254 0.000000000000000
0.722890635711402 0.089121744444146 0.000000000000000
0.714058435757397 0.070268838536171 0.000000000000000
0.366848419793057 -0.416596648841105 0.000000000000000
0.983982147931033 -0.465629522111916 0.000000000000000
0.941554196736388 0.019458795052870 0.000000000000000
1.023856913573614 0.091451437871071 0.000000000000000
0.703426953598341 -0.000672373122307 0.000000000000000
1.082108594960213 0.326966322784150 0.000000000000000
0.942851921375779 0.439319009529453 0.000000000000000
0.699621276667517 -0.306012847530282 0.000000000000000
0.490322730842840 -0.431017682623835 0.000000000000000
0.459790303726691 -0.268355767698782 0.000000000000000
0.699392730675567 -0.001442072751975 0.000000000000000
0.699368705380114 -0.000496964540269 0.000000000000000
0.699818611900633 -0.000952149875820 0.000000000000000
0.482689267872315 -0.051001825274587 0.000000000000000
0.405973612421881 0.009056243157568 0.000000000000000
0.474979771260979 0.003013225033596 0.000000000000000
0.697237968462025 0.009075775214564 0.000000000000000
0.696956046487826 0.003254705764695 0.000000000000000
0.696860412310551 -0.004196013360214 0.000000000000000
0.696074312952541 -0.010185456171210 0.000000000000000
0.939448581558230 -0.267815526580757 0.000000000000000
1.147318141989069 -0.340788980619485 0.000000000000000
0.709382008879821 0.005876800752516 0.000000000000000
0.648821087615678 0.002617966502248 0.000000000000000
0.669299958280227 0.007207445560835 0.000000000000000
0.670240187869176 -0.007052814831875 0.000000000000000
0.648075924549598 -0.002743497003732 0.000000000000000
0.710511700372079 -0.005368033595344 0.000000000000000
0.710423584145756 0.003539656032807 0.000000000000000
0.707141588114350 0.017164266214173 0.000000000000000
0.698756952569887 0.013116917260937 0.000000000000000
0.493658414143446 -0.228789684276103 0.000000000000000
0.302455939833628 -0.323402783149257 0.000000000000000
0.528467161770078 -0.125779177506661 0.000000000000000
0.702591330001738 0.000334226395730 0.000000000000000
0.703079701359559 -0.000098146935475 0.000000000000000
0.708829388346257 0.000126872802701 0.000000000000000
0.708968851259638 -0.000289213584986 0.000000000000000
0.974551396122044 0.505119299730787 0.000000000000000
0.850316811353588 0.523387374271554 0.000000000000000
0.705194438232684 -0.000597378385101 0.000000000000000
0.702220205354345 0.008477317456319 0.000000000000000
0.695967214895403 -0.008520866588434 0.000000000000000
0.712093305230397 0.229690462719910 0.000000000000000
0.843359040366761 0.227700360781692 0.000000000000000
0.839906557770400 0.176625386142186 0.000000000000000
0.525663327958935 -0.008018639522970 0.000000000000000
0.709619024515869 -0.004430126681615 0.000000000000000
0.690087508850226 0.000258976745062 0.000000000000000
0.685029742561844 0.001151987753593 0.000000000000000
0.681869742945770 -0.015816697832594 0.000000000000000
0.682970255953737 0.016205820713896 0.000000000000000
0.177600770571182 0.260404163865592 0.000000000000000
0.288461809219349 0.161808047248656 0.000000000000000
0.703665679572638 -0.011356974321890 0.000000000000000
0.700317420888269 -0.006454547682481 0.000000000000000
0.699894902723538 -0.006701288595212 0.000000000000000
0.612702039162558 -0.587542458730066 0.000000000000000
0.584485449569819 -0.596590104357367 0.000000000000000
0.717353270559729 0.005993522106161 0.000000000000000
0.717530095078095 0.004831153612112 0.000000000000000
0.707159082729338 0.002453740720842 0.000000000000000
0.705437457218128 -0.002800697733163 0.000000000000000
0.717554274179391 -0.003581140105394 0.000000000000000
0.717067110003086 -0.004613302982264 0.000000000000000
0.556981608929490 0.388829242169625 0.000000000000000
0.399040987145677 0.367365841215175 0.000000000000000
0.638925289449795 -0.027079184458700 0.000000000000000
0.705414556425056 -0.018026497402571 0.000000000000000
0.703683531374472 0.019407031553476 0.000000000000000
0.638160955695574 0.028107532188786 0.000000000000000
0.699363986278771 -0.004964619596333 0.000000000000000
0.702314451115185 -0.011155434383602 0.000000000000000
0.714450559608640 -0.017816748707238 0.000000000000000
0.717556726606126 -0.009620178960645 0.000000000000000
0.708900020848074 0.009808160969044 0.000000000000000
0.709527923424740 0.012949567387787 0.000000000000000
0.545484770518021 -0.187188900960556 0.000000000000000
0.706721970912545 -0.254477078661988 0.000000000000000
0.683704559084632 0.435649205375815 0.000000000000000
0.687773132792257 0.298710363347065 0.000000000000000
0.704362191181833 0.000025321386451 0.000000000000000
0.705353815268635 -0.003776398939842 0.000000000000000
0.811760486747021 0.059790753335003 0.000000000000000
0.684742228274961 0.137037880779729 0.000000000000000
0.829394089395814 -0.540413173024149 0.000000000000000
0.598907322545868 -0.440224542212776 0.000000000000000
0.702162623901509 -0.001974122729065 0.000000000000000
0.702513715197166 0.002285934283611 0.000000000000000
0.702302500638270 0.001937124956622 0.000000000000000
0.703450877104766 -0.000820544538262 0.000000000000000
0.708124384205471 -0.000933895660448 0.000000000000000
0.707744727891481 -0.001335717649499 0.000000000000000
0.709830451421278 -0.001057732818739 0.000000000000000
0.267193474882073 -0.058419871542881 0.000000000000000
0.274770290608496 -0.079732030294751 0.000000000000000
0.385153151434760 -0.113289576222132 0.000000000000000
0.704510771415759 -0.007637576726900 0.000000000000000
0.700475390511551 -0.007949188913755 0.000000000000000
0.705749334284235 -0.016354206991933 0.000000000000000
0.703374134424816 0.003654884482417 0.000000000000000
0.698751970252854 0.000766721471306 0.000000000000000
0.693303085676546 -0.001599644232439 0.000000000000000
0.693595242815498 -0.003090160402950 0.000000000000000
0.690961895923163 -0.002336216835293 0.000000000000000
0.696984159093866 -0.001454088357328 0.000000000000000
0.693969661841029 0.000669794227000 0.000000000000000
0.957091319823848 -0.270474619500606 0.000000000000000
0.818434936670534 -0.138999760130185 0.000000000000000
0.494086795305361 -0.148528708510187 0.000000000000000
0.503793766072773 -0.170666951526432 0.000000000000000
0.736437640580461 -0.023095444432873 0.000000000000000
0.718619546381437 -0.015116486999811 0.000000000000000
0.706308652001524 0.018889782472693 0.000000000000000
0.699950860290646 -0.017954573028673 0.000000000000000
0.704772236367666 -0.012892329998492 0.000000000000000
0.721368604651858 -0.000058036164278 0.000000000000000
0.714753745445639 -0.000566833809297 0.000000000000000
0.714823819478823 0.001415933212031 0.000000000000000
0.722328830910061 0.000699957929068 0.000000000000000
0.697078460965521 -0.009243462334275 0.000000000000000
0.700528443164155 -0.019148062805517 0.000000000000000
0.724274477540735 -0.008700294263872 0.000000000000000
0.677391332387389 0.067713464050227 0.000000000000000
0.652103836329851 0.470396134629898 0.000000000000000
0.554166559150932 0.591446400324361 0.000000000000000
0.209282532897251 -0.587903372026082 0.000000000000000
0.344495644634819 -0.577272218815678 0.000000000000000
0.703287899706033 -0.001163604972077 0.000000000000000
1.090617433668252 0.144953565046188 0.000000000000000
0.779971193329699 -0.006891176399406 0.000000000000000
0.704007779269774 0.018561534836017 0.000000000000000
0.707771075196339 0.016985815697741 0.000000000000000
0.681500564463172 -0.019434171613775 0.000000000000000
0.682932654600791 -0.014645028537146 0.000000000000000
0.699480040161546 -0.017931006250106 0.000000000000000
0.702803519751491 -0.010899824944232 0.000000000000000
0.711349960878071 0.002384067031005 0.000000000000000
0.710024131581280 0.002925047930593 0.000000000000000
0.717430229233811 0.002306451704552 0.000000000000000
0.700686116986739 -0.028057165945826 0.000000000000000
0.712360809828657 -0.016104377483635 0.000000000000000
0.713088103448863 -0.020335990410800 0.000000000000000
0.716804755713104 0.020969258364904 0.000000000000000
0.712422553347308 0.012482663415131 0.000000000000000
0.834171297247314 0.019018820306844 0.000000000000000
0.894001731295111 0.065456818302183 0.000000000000000
0.687839776372786 -0.010509419576894 0.000000000000000
0.677439332032303 -0.008767342884291 0.000000000000000
0.621128331848639 -0.017928661275087 0.000000000000000
0.648359421328777 -0.000305518864226 0.000000000000000
0.582583714529554 -0.001611475264207 0.000000000000000
0.729102984402676 -0.003220049799153 0.000000000000000
0.729746412286101 0.003201276098356 0.000000000000000
0.581051808972145 0.001142350261387 0.000000000000000
0.711986844292301 0.025983903574879 0.000000000000000
0.701375452506985 0.024183372942206 0.000000000000000
0.704126420280322 0.001208963431585 0.000000000000000
0.710445450799671 0.000465876606753 0.000000000000000
0.712324929725907 -0.014629345431788 0.000000000000000
0.629318837151976 -0.009304231786544 0.000000000000000
0.711013223607887 0.004101412241200 0.000000000000000
0.710524088655774 0.000203263259893 0.000000000000000
0.707111854171640 0.001962675754902 0.000000000000000
0.707197079252531 -0.001778135962377 0.000000000000000
0.710994043961889 -0.003909766274730 0.000000000000000
0.702558549528934 -0.000492121560698 0.000000000000000
0.703689471354273 -0.000686964802352 0.000000000000000
0.753599757185529 0.157785573883583 0.000000000000000
0.755783037068678 0.132853612606872 0.000000000000000
0.741114933787049 0.155572557202942 0.000000000000000
0.719281798988640 0.003621284179832 0.000000000000000
0.705712362449589 0.002008032046745 0.000000000000000
0.711762352305312 0.001293565263012 0.000000000000000
0.710152526717068 0.002227548561420 0.000000000000000
0.722952122625783 0.017689804131026 0.000000000000000
0.566774087883865 0.019243856728607 0.000000000000000
0.564525759260588 -0.018619156897915 0.000000000000000
0.716715236605313 -0.018009128075363 0.000000000000000
0.829073051977746 -0.047623774459335 0.000000000000000
0.846477528843378 -0.075676926626316 0.000000000000000
0.714590535903926 -0.003967834212752 0.000000000000000
0.700999070470609 -0.007304210163426 0.000000000000000
0.709360121390094 -0.003809003146314 0.000000000000000
0.716312517679655 -0.010738501810900 0.000000000000000
0.701400010961585 -0.014005652610455 0.000000000000000
0.671687125101172 -0.037877972263814 0.000000000000000
0.742784041360928 -0.001875157029018 0.000000000000000
0.703558503798662 -0.000431267265872 0.000000000000000
0.701636242055677 -0.000290128476685 0.000000000000000
0.324683755331856 0.403679600474021 0.000000000000000
0.582857229814450 0.195185459594110 0.000000000000000
0.338547849830428 0.051844354603995 0.000000000000000
0.628757788619357 -0.004038793827879 0.000000000000000
0.101786548585954 -0.047608074363523 0.000000000000000
0.701566974607935 -0.002250240222428 0.000000000000000
0.701567996270723 -0.001162394701193 0.000000000000000
0.680933158366218 -0.018282481930902 0.000000000000000
0.703185258922361 0.009732824394845 0.000000000000000
0.704818749854623 -0.009600849480532 0.000000000000000
0.682567544142182 0.018483196230764 0.000000000000000
0.699916286351883 -0.001752373244084 0.000000000000000
0.698837008696066 -0.001868479323230 0.000000000000000
0.703426519649039 -0.006910018919859 0.000000000000000
0.698432775052457 -0.000812014182475 0.000000000000000
0.697590922437739 -0.002451347150391 0.000000000000000
0.608270663802727 -0.354079782953261 0.000000000000000
0.753993807402558 -0.366906961859767 0.000000000000000
0.708643408833774 -0.111241198465754 0.000000000000000
0.752547195097594 -0.092859212838690 0.000000000000000
0.733519136118424 -0.122636363639268 0.000000000000000
0.868913994871973 -0.083183836903931 0.000000000000000
0.946958478312937 -0.121341587490720 0.000000000000000
0.615626454287322 -0.007011641948858 0.000000000000000
0.707356266354531 -0.015521101891937 0.000000000000000
0.707404046937840 0.015787588808862 0.000000000000000
0.616344986210113 0.007367856780528 0.000000000000000
0.567553477047387 -0.017447631582638 0.000000000000000
0.698872130195123 0.004713285533708 0.000000000000000
0.700714454077115 0.009268302821564 0.000000000000000
0.697587206759211 0.006174978538713 0.000000000000000
0.616089944045772 0.043721184932978 0.000000000000000
0.651986695644771 -0.062923614170280 0.000000000000000
0.555211966906480 -0.094365882596412 0.000000000000000
0.688533275975798 0.007933295331411 0.000000000000000
0.701079398007714 0.003539885073606 0.000000000000000
0.269438210828455 -0.389726390100121 0.000000000000000
0.616120841907338 -0.064811539293193 0.000000000000000
0.985554759527326 -0.207592976531309 0.000000000000000
1.021892720499656 -0.113257219276968 0.000000000000000
0.613555622204991 -0.218077284173055 0.000000000000000
0.698420018420734 -0.015989886606166 0.000000000000000
0.705291694926224 -0.018288194793415 0.000000000000000
0.700382426742395 0.012735382015163 0.000000000000000
0.704779576889756 0.008293809573785 0.000000000000000
0.698641493126195 0.000105201103041 0.000000000000000
0.698151423512185 0.000844966454026 0.000000000000000
0.735583561420291 0.513560611562160 0.000000000000000
0.805844804574017 0.457385230119693 0.000000000000000
0.700762077998721 -0.021269798777182 0.000000000000000
0.698742013105091 -0.026637075894208 0.000000000000000
0.688369785250891 -0.026437467076817 0.000000000000000
0.699485358686566 0.003241293443557 0.000000000000000
0.722276941442028 -0.002642551332017 0.000000000000000
0.677375891835382 -0.013545326313071 0.000000000000000
0.644771223604729 0.017800829648001 0.000000000000000
0.646009349376852 -0.017789765594233 0.000000000000000
0.678796372795548 0.013577351952213 0.000000000000000
0.724634455110986 -0.007008520802894 0.000000000000000
0.717638681504165 -0.016955276323737 0.000000000000000
0.663666252859342 -0.071514623732262 0.000000000000000
0.709880678161236 -0.054256648125407 0.000000000000000
0.638857885123759 0.025526517825955 0.000000000000000
0.642948274413865 -0.025771267561621 0.000000000000000
0.710899208329453 0.000468413894543 0.000000000000000
0.715212617426193 0.001225303221174 0.000000000000000
0.703408230439339 0.000364383295733 0.000000000000000
0.703028588482211 0.000213754331622 0.000000000000000
0.703466897844237 -0.000329986858692 0.000000000000000
0.706785648060409 0.001425838846318 0.000000000000000
0.707081945980178 0.002223349151885 0.000000000000000
0.710327199566189 0.001624246102969 0.000000000000000
0.715608041711310 0.003500820652719 0.000000000000000
0.697165154686906 0.010946117852351 0.000000000000000
0.820757407560294 0.138101215835758 0.000000000000000
0.764359728103613 0.162669325440883 0.000000000000000
0.784253862219581 0.154067329389859 0.000000000000000
0.715605335148709 0.011830417655405 0.000000000000000
0.738377724831975 0.021476576089184 0.000000000000000
0.711038274923959 0.031963028619924 0.000000000000000
0.735015739613548 0.036389739035208 0.000000000000000
0.725097313393538 -0.010335262563412 0.000000000000000
0.710833818184486 -0.015517806845912 0.000000000000000
0.854526687183633 0.129475353301314 0.000000000000000
0.872604510540126 0.140194056250448 0.000000000000000
0.718119753996260 -0.000045746307528 0.000000000000000
0.714098516879180 0.000248664952268 0.000000000000000
0.717782943610134 0.000546633144236 0.000000000000000
0.716770477412203 -0.001475177256134 0.000000000000000
0.814412865374657 -0.023329484977411 0.000000000000000
0.863904861222778 0.014109755858655 0.000000000000000
0.876253226227811 -0.009573175654349 0.000000000000000
0.796586984118732 0.354777799731458 0.000000000000000
0.885387256973556 0.385606386718755 0.000000000000000
0.773350016875550 -0.124085326721545 0.000000000000000
0.752944994802865 -0.130639769975570 0.000000000000000
0.802523622892635 -0.103323322966030 0.000000000000000
0.883177417685644 0.126703150463310 0.000000000000000
0.774209690538549 -0.037603975287332 0.000000000000000
0.807307410674502 -0.032296943875222 0.000000000000000
0.711246214018522 -0.002957388506493 0.000000000000000
0.705741994103884 -0.003387727065961 0.000000000000000
0.706948431106331 -0.001737990097066 0.000000000000000
0.773416796142994 0.182758311613271 0.000000000000000
0.661337340879767 0.222254030142272 0.000000000000000
0.627696498181556 -0.003611138256241 0.000000000000000
0.608140582178037 0.010186278186770 0.000000000000000
0.685815926189170 -0.006104382058350 0.000000000000000
0.691285336288211 -0.010147389099572 0.000000000000000
0.877322265909560 -0.097166288592782 0.000000000000000
0.861040160081566 -0.111084868962763 0.000000000000000
0.708888690031777 -0.002949961510592 0.000000000000000
0.705322413344172 0.002637080996956 0.000000000000000
0.716637598388417 -0.001116251024216 0.000000000000000
0.716664278892227 0.001061162532886 0.000000000000000
0.694263796616638 -0.009542996422614 0.000000000000000
0.693298058665169 -0.010195888936759 0.000000000000000
0.701576791747867 -0.006190804180618 0.000000000000000
0.705655610857709 -0.004693697872693 0.000000000000000
0.711639383635444 -0.001860123392835 0.000000000000000
0.704268018681556 0.001803298612321 0.000000000000000
0.704036079544401 0.004129277384925 0.000000000000000
0.705246589084555 0.002021532783552 0.000000000000000
1.319311040863281 -0.080527403201865 0.000000000000000
1.282423483893359 0.025105699527726 0.000000000000000
1.161540957117055 -0.014572793858699 0.000000000000000
0.700249714210559 0.027729878297763 0.000000000000000
0.704546774372154 0.033595744433806 0.000000000000000
0.778404564083603 -0.031125310368978 0.000000000000000
0.775006792286711 -0.039536494544083 0.000000000000000
0.703033695919574 0.003184622840968 0.000000000000000
0.704427819914007 0.000390492044605 0.000000000000000
0.704064617439226 -0.000300661827158 0.000000000000000
0.703636987886383 0.000986362409602 0.000000000000000
0.709013741479231 0.001486488276691 0.000000000000000
0.703399381499760 0.002533896019120 0.000000000000000
0.700243018679814 -0.001254455626719 0.000000000000000
0.701964125458263 -0.009588088155319 0.000000000000000
0.846143598618391 0.100300179312536 0.000000000000000
0.657368192388694 -0.156206576172202 0.000000000000000
0.764539606855453 -0.124905522471072 0.000000000000000
0.653455146893571 0.001963873150749 0.000000000000000
0.711352647969995 0.008622291539015 0.000000000000000
0.707988275452058 0.006257641106123 0.000000000000000
0.713373535244942 -0.005936637044143 0.000000000000000
0.703067429697662 -0.007364766364121 0.000000000000000
0.706554494533770 -0.010404625045426 0.000000000000000
0.700401986840467 -0.003214924522958 0.000000000000000
0.683075005805718 -0.000141818321256 0.000000000000000
0.687650866005130 0.003093252690795 0.000000000000000
0.687188868455293 -0.001400844775810 0.000000000000000
0.715058767034109 -0.002050628796088 0.000000000000000
0.704583147184623 0.000640177667431 0.000000000000000
0.706561972312180 -0.000431629456199 0.000000000000000
0.703337738029833 -0.003517271073425 0.000000000000000
0.937394062065299 0.116247717788108 0.000000000000000
0.849258010527476 -0.104681438924032 0.000000000000000
0.704878864063078 0.004539912621886 0.000000000000000
0.710692461307531 0.003616576314774 0.000000000000000
0.714248128856483 -0.005291037085616 0.000000000000000
0.722630938196582 -0.008706658723643 0.000000000000000
0.713698731596692 -0.009437777966769 0.000000000000000
0.567137141386235 -0.056468816457217 0.000000000000000
0.609107091776234 -0.026765462670000 0.000000000000000
0.711012793189457 0.009408584091185 0.000000000000000
0.705297024050196 0.009416716907087 0.000000000000000
0.861364235712315 0.447698073659586 0.000000000000000
1.085374620682002 0.358135509871130 0.000000000000000
0.698132560789051 0.009976952688860 0.000000000000000
0.699873528324435 0.008334533710422 0.000000000000000
0.703318795341164 -0.001061867934010 0.000000000000000
0.707154892342646 -0.001501858711528 0.000000000000000
0.705044748436458 -0.001566646484822 0.000000000000000
0.722029135691864 -0.012754140462782 0.000000000000000
0.709403534254454 0.000316090280259 0.000000000000000
0.707273343561364 -0.000850467161578 0.000000000000000
0.707560157375673 -0.000972070490439 0.000000000000000
1.174892910980585 0.071136985450775 0.000000000000000
0.701244593698872 -0.001299165988573 0.000000000000000
0.483915825483421 -0.043766498018556 0.000000000000000
0.509666861786214 -0.022335544044221 0.000000000000000
0.489281891552291 -0.198090034270753 0.000000000000000
0.368010121958174 -0.206349568229889 0.000000000000000
0.340728465041343 -0.162165385173809 0.000000000000000
0.698962664925698 0.000333578599572 0.000000000000000
0.698002236397678 -0.000262906801499 0.000000000000000
0.924641076860809 0.082009682432734 0.000000000000000
0.929014031394232 0.080948094442130 0.000000000000000
0.875774024640082 0.042801567595459 0.000000000000000
0.794245689156782 0.015192842687586 0.000000000000000
0.768426212133741 0.032193200842126 0.000000000000000
0.763887390918215 0.042485088276538 0.000000000000000
0.866029265055712 0.295000560634645 0.000000000000000
1.010964303947800 0.425595607745999 0.000000000000000
1.035375369649226 0.253618367224428 0.000000000000000
0.258213913512051 -0.067136063590487 0.000000000000000
0.357799753710651 -0.027695657445674 0.000000000000000
0.712405237470978 -0.004526333174915 0.000000000000000
0.717898898096323 -0.003913001216298 0.000000000000000
0.715147935161598 -0.005277399119470 0.000000000000000
0.716216642796946 0.005398493128729 0.000000000000000
0.718094621717982 0.003608878654890 0.000000000000000
0.711984624940277 0.004586427404705 0.000000000000000
0.751851277513002 0.037391372063733 0.000000000000000
0.755228006227674 0.022565042078550 0.000000000000000
0.548194470810973 0.028322096916464 0.000000000000000
0.533493725421072 0.050762852294250 0.000000000000000
0.842919580831835 0.035315287469631 0.000000000000000
0.907618595241256 0.074892220576928 0.000000000000000
0.815197542157331 0.039079736079010 0.000000000000000
0.706017974225570 0.001994693839527 0.000000000000000
0.703916436006381 0.000118935904752 0.000000000000000
0.872758369475788 0.020290401683007 0.000000000000000
0.809408445548720 0.056985699992597 0.000000000000000
0.709831949186583 0.004558773132374 0.000000000000000
0.729857227667877 0.006681253107523 0.000000000000000
0.508634355691438 0.012821826885010 0.000000000000000
0.937168591616975 -0.049999645988338 0.000000000000000
0.918143335168202 -0.050468737954606 0.000000000000000
1.150407942229742 -0.128288205199903 0.000000000000000
1.346612161936275 -0.091895076718446 0.000000000000000
1.175619334957068 -0.195659141529318 0.000000000000000
0.661564809396719 0.098834386207376 0.000000000000000
0.614277267331232 0.040460084999678 0.000000000000000
1.160387658606227 -0.000532985471976 0.000000000000000
0.707551238305469 -0.000514020815636 0.000000000000000
0.704862030990264 -0.000610874525968 0.000000000000000
0.749479747695072 0.172508948485292 0.000000000000000
0.596810394835761 -0.014900440668754 0.000000000000000
0.577431083795827 0.000054364424850 0.000000000000000
0.632955330743797 0.015198551067164 0.000000000000000
0.634126920322650 -0.015818743571758 0.000000000000000
0.975975635583650 -0.044289124654745 0.000000000000000
0.915257782956415 0.013317238423809 0.000000000000000
0.703700798159753 0.000075351662910 0.000000000000000
0.707245635561494 0.001130420262513 0.000000000000000
0.706676159720128 -0.000304578617950 0.000000000000000
0.712182118121165 0.001526003429600 0.000000000000000
0.703608192153108 0.009518871776273 0.000000000000000
0.711208158901574 -0.002057190708928 0.000000000000000
0.665851852535825 0.012533908716548 0.000000000000000
0.651656588424353 0.005848918673387 0.000000000000000
0.657174363673800 0.017594983781007 0.000000000000000
0.594373316481441 0.017496635009851 0.000000000000000
0.591188232212557 -0.016724136716049 0.000000000000000
0.669789783574743 0.008521672495619 0.000000000000000
0.735710005380597 0.052027845678367 0.000000000000000
0.692025931119515 0.061811227345018 0.000000000000000
0.712479193533109 -0.029319463022078 0.000000000000000
0.700794021683050 -0.042332738104563 0.000000000000000
0.582621561175636 -0.050440064843880 0.000000000000000
0.622418433573102 -0.087147709986113 0.000000000000000
0.702080988904161 0.003256282573011 0.000000000000000
0.490728248299671 -0.025452140710721 0.000000000000000
0.729524356838011 -0.023467070108026 0.000000000000000
0.731063992012989 0.023559348296295 0.000000000000000
0.491650157499328 0.025425691321191 0.000000000000000
0.426975712024780 -0.012163483047559 0.000000000000000
0.736041230304171 -0.012384907864564 0.000000000000000
0.804170074731525 0.072540944588026 0.000000000000000
0.803807048655031 0.075811374793000 0.000000000000000
0.794840786062649 0.040163255002810 0.000000000000000
1.263837768976534 0.481109804905428 0.000000000000000
0.693555251797909 -0.006701793385567 0.000000000000000
0.696461079443404 -0.004208632096568 0.000000000000000
0.890262448328431 -0.082829436730136 0.000000000000000
0.904871039677617 -0.078188771234437 0.000000000000000
0.723619135984168 0.006853383796432 0.000000000000000
0.724461530152979 -0.005529065965264 0.000000000000000
0.838355027771018 -0.063435096742823 0.000000000000000
0.711317305114692 -0.010022557136031 0.000000000000000
0.707984410318198 0.003130420462617 0.000000000000000
0.712638550277330 0.010462587725247 0.000000000000000
0.698490296962673 -0.003268188313073 0.000000000000000
0.697204760229629 0.003371134520513 0.000000000000000
0.974735884387997 0.067524131929163 0.000000000000000
0.707082414158430 -0.001406326291363 0.000000000000000
0.704699301263785 0.000296700711022 0.000000000000000
0.706863206572624 0.001827586188446 0.000000000000000
0.924099024900839 -0.001741983274263 0.000000000000000
0.596386549291150 0.019751655238214 0.000000000000000
0.705738931797605 -0.000219567216777 0.000000000000000
0.712367058998458 0.000857133318910 0.000000000000000
0.935249690817650 -0.068803868404862 0.000000000000000
1.029625379170071 -0.084802939043015 0.000000000000000
0.732712331958673 0.003681983550487 0.000000000000000
0.697802187692759 0.013369452344932 0.000000000000000
0.684512632670099 0.144052491927193 0.000000000000000
0.691254229872389 0.005231193234500 0.000000000000000
0.688326914766193 0.006709523490564 0.000000000000000
0.697384228855124 0.001750821393795 0.000000000000000
0.701402298039654 0.000971365244389 0.000000000000000
0.699690435389790 0.001445450001965 0.000000000000000
0.877056590556695 -0.043251208320301 0.000000000000000
1.415895581404272 0.230206089242091 0.000000000000000
1.397581704999583 0.212916803790002 0.000000000000000
1.285861368449056 0.335164800826297 0.000000000000000
1.211360236018453 0.224585215459815 0.000000000000000
0.709804375592819 -0.004912522516084 0.000000000000000
0.505680342033346 0.002098183758233 0.000000000000000
0.617104000401148 -0.004174786961304 0.000000000000000
0.688790550482631 0.016062370695472 0.000000000000000
0.569188144120791 0.010904874896022 0.000000000000000
0.705138448879084 -0.000646266656913 0.000000000000000
0.720708680135271 -0.004717403908865 0.000000000000000
0.720513284742679 0.004002353928101 0.000000000000000
0.701512115636615 0.005866459607887 0.000000000000000
0.722631104813341 0.006759807264994 0.000000000000000
0.724647091717578 -0.006054129776845 0.000000000000000
1.243539584854956 -0.160034345672882 0.000000000000000
1.209030059289669 -0.202093455535528 0.000000000000000
1.295180663844501 -0.162338592384150 0.000000000000000
0.732825794636835 0.002378796442389 0.000000000000000
0.776559573221522 -0.019222741950688 0.000000000000000
0.817663814589606 0.288351966341173 0.000000000000000
0.894568237059894 0.404950925919186 0.000000000000000
0.717559796371350 -0.006265499475526 0.000000000000000
0.719115924710801 0.006766143886689 0.000000000000000
0.702936563680082 0.001035406973687 0.000000000000000
0.669530921956824 0.000503689065941 0.000000000000000
0.623644962375046 -0.013357133997545 0.000000000000000
0.814777961452680 -0.065661728921093 0.000000000000000
0.835721712390330 -0.049887830616806 0.000000000000000
0.263102344044808 0.564902169378550 0.000000000000000
0.610914450643845 0.136884744555736 0.000000000000000
0.704341380986747 0.168525799637100 0.000000000000000
0.712889786566612 0.008524541726077 0.000000000000000
0.715878584111427 0.001299843763222 0.000000000000000
0.712891286314835 -0.002905942881602 0.000000000000000
0.709130678674423 0.005214810895648 0.000000000000000
1.101735733647859 -0.153606356269474 0.000000000000000
1.165294899905253 -0.253069302723402 0.000000000000000
0.698162411747864 0.001158026263603 0.000000000000000
0.651634389657522 -0.291602980656984 0.000000000000000
0.582073910413150 0.008270931332629 0.000000000000000
0.578874129339015 -0.007732229366488 0.000000000000000
0.652465714372892 -0.089908573272948 0.000000000000000
0.755185125648780 -0.098806166456225 0.000000000000000
0.643292535840146 0.158187381546121 0.000000000000000
0.610809907002732 0.129627550646447 0.000000000000000
0.552347721135691 0.008610028024665 0.000000000000000
0.730572410458731 -0.013973087823707 0.000000000000000
0.512392540251425 -0.007451467915545 0.000000000000000
0.810183361608771 -0.245581730083789 0.000000000000000
0.723924202487919 0.008579364160300 0.000000000000000
0.723349342978094 -0.008975007618886 0.000000000000000
0.676012534952234 -0.034106908978065 0.000000000000000
0.677990729543665 -0.026150624217609 0.000000000000000
0.594095123145193 -0.014553529576504 0.000000000000000
0.677301357238507 -0.021496464762889 0.000000000000000
0.675148968695439 0.021192044450072 0.000000000000000
0.592965888144920 0.014428545450400 0.000000000000000
0.593584385415863 -0.146830134151484 0.000000000000000
0.713431534711639 0.000102206530502 0.000000000000000
0.713559976132149 0.000028669463510 0.000000000000000
1.057111862332622 0.217225527315901 0.000000000000000
0.995424085320875 0.098340450546601 0.000000000000000
1.066179190149611 0.160093992704280 0.000000000000000
0.925077356483354 0.123050300978218 0.000000000000000
1.184119429345217 0.290889890379265 0.000000000000000
0.733214393851534 -0.007493809472625 0.000000000000000
1.168892820147244 -0.277441252933348 0.000000000000000
1.224652086614817 -0.344290331290673 0.000000000000000
1.121064238768789 0.466969013789790 0.000000000000000
0.704304579472462 -0.003361916835135 0.000000000000000
1.084630882800230 -0.068685662318977 0.000000000000000
0.583173313810188 0.011157372134863 0.000000000000000
0.712195478697379 0.001421124883193 0.000000000000000
0.724937646166041 0.005714916266758 0.000000000000000
0.725188634246904 -0.005659119027929 0.000000000000000
0.712238728392894 -0.001487448381595 0.000000000000000
0.588748020622124 0.015379761512771 0.000000000000000
0.578322970688729 -0.015515621567103 0.000000000000000
0.713296914266512 0.153374926422940 0.000000000000000
1.078489115831473 0.308657629222817 0.000000000000000
0.700523232432374 -0.001270563207955 0.000000000000000
0.700442084499591 -0.001729636172985 0.000000000000000
0.750295561968062 0.008705644333054 0.000000000000000
0.668398528401605 0.099619348277854 0.000000000000000
0.692280017516760 0.161712853165012 0.000000000000000
0.700729993989207 -0.002630647101552 0.000000000000000
0.700361202785107 -0.003135118941914 0.000000000000000
0.630040565511934 0.009108680543368 0.000000000000000
0.729530134906633 0.006657247335621 0.000000000000000
0.710030835711799 0.000303700872009 0.000000000000000
0.707185587370972 -0.003997895778973 0.000000000000000
0.704857624424769 0.000062419281878 0.000000000000000
0.701131111688479 -0.002237426141440 0.000000000000000
0.702513096583830 -0.002289195976065 0.000000000000000
1.128878036419033 -0.100400386513220 0.000000000000000
0.703580522886274 -0.004218360394895 0.000000000000000
0.700180775643124 -0.004076176190678 0.000000000000000
0.700002184034943 0.000285085922081 0.000000000000000
0.709890273251530 0.003492634710744 0.000000000000000
0.709837691397027 -0.003989478657655 0.000000000000000
0.700828844075702 -0.001566932131799 0.000000000000000
0.693221491528278 0.006556314035527 0.000000000000000
0.693927049795287 0.003364678451954 0.000000000000000
0.752519660741648 0.048505138993205 0.000000000000000
0.754249545022306 -0.421836244690830 0.000000000000000
0.675170413700745 -0.255955254522814 0.000000000000000
0.725204782047049 -0.019819512620764 0.000000000000000
0.640978012059118 0.020544119811466 0.000000000000000
0.708350113090001 0.006888410564337 0.000000000000000
0.718183732360587 0.002647727315911 0.000000000000000
0.717901119340585 -0.002808629541137 0.000000000000000
0.708710564802772 -0.006998696289166 0.000000000000000
0.714436299679623 0.012127336707893 0.000000000000000
0.714148604469876 -0.012234686672029 0.000000000000000
1.230762921264590 -0.313330726064088 0.000000000000000
0.960763419961427 -0.502902918851605 0.000000000000000
1.456968922947100 -0.098523955868649 0.000000000000000
1.284800253815272 -0.246719102526097 0.000000000000000
0.967317772925443 -0.360097987757936 0.000000000000000
0.703388507954308 -0.002146914251976 0.000000000000000
0.714470327649578 -0.009604785342810 0.000000000000000
0.653556530601542 0.146389749415023 0.000000000000000
0.622983829599196 0.037430912602020 0.000000000000000
0.713903886497324 0.000588887602595 0.000000000000000
0.698572259413357 0.003776164071733 0.000000000000000
0.547500836989457 -0.631156688483702 0.000000000000000
0.700983906572958 0.002426140493910 0.000000000000000
0.723066396608281 0.016487736071863 0.000000000000000
0.724250435788734 -0.016836630320749 0.000000000000000
0.700608088173942 -0.002731513648284 0.000000000000000
0.707862996347861 -0.035434936775755 0.000000000000000
0.458987598710226 0.359425656532686 0.000000000000000
0.701038656498563 -0.003235134991366 0.000000000000000
0.657711188237998 -0.062872770405641 0.000000000000000
0.696070117740673 0.004789326871967 0.000000000000000
0.821681476446488 0.007156426219098 0.000000000000000
1.296352640063264 -0.102999508637110 0.000000000000000
0.972330909158988 0.142703297674961 0.000000000000000
0.674708392886264 0.674117777999352 0.000000000000000
0.468740789133064 0.679079617932071 0.000000000000000
0.644652457516288 0.691252315578759 0.000000000000000
0.708396457435081 -0.001646816870815 0.000000000000000
0.702424525407000 -0.006950921675480 0.000000000000000
0.692733914830160 -0.005021435097485 0.000000000000000
0.718173120127811 -0.006432365114753 0.000000000000000
0.582494035054541 -0.016415027347845 0.000000000000000
0.579553500408749 0.018482994200807 0.000000000000000
0.718925644062468 0.008124343948561 0.000000000000000
0.690928633268114 0.007165933295761 0.000000000000000
0.712197907401686 -0.008681309104142 0.000000000000000
0.784512767087221 -0.104020365298438 0.000000000000000
0.684452099721110 -0.015632429652301 0.000000000000000
0.684514742373437 0.015597371817409 0.000000000000000
0.791870762080769 -0.022293866541611 0.000000000000000
0.724531357724033 0.007905577319880 0.000000000000000
0.826513578695108 -0.218599977033778 0.000000000000000
0.713427103392084 -0.000361729348426 0.000000000000000
0.761410382519969 0.162118241811536 0.000000000000000
0.676516899722842 0.177552619868732 0.000000000000000
0.703639842079175 0.018517001052423 0.000000000000000
0.696179201920574 0.017902722262193 0.000000000000000
0.701424808763362 0.020061348141862 0.000000000000000
0.703548168939857 -0.005858494137138 0.000000000000000
0.714565357267971 -0.011462492378685 0.000000000000000
0.714771716324963 0.011283517914669 0.000000000000000
0.703534299543152 0.005642293805484 0.000000000000000
0.700298811103674 0.009282257008006 0.000000000000000
0.697975545367409 -0.003404992431464 0.000000000000000
0.226345774804884 0.059747691458992 0.000000000000000
1.115099733608053 0.046343121896037 0.000000000000000
0.698185465690822 -0.001007707514609 0.000000000000000
0.697742535299648 -0.001754287614356 0.000000000000000
0.697111819510337 -0.001642000819176 0.000000000000000
0.703818875471046 -0.005577237719255 0.000000000000000
0.707039521583121 -0.009711968222264 0.000000000000000
1.298164914182027 0.056715041448713 0.000000000000000
0.651421837954020 0.164701623349852 0.000000000000000
0.628057590552427 0.166548658719982 0.000000000000000
0.702635658115520 -0.007446730954449 0.000000000000000
0.697202326374954 0.021165538468727 0.000000000000000
0.771172720726244 -0.121456706909115 0.000000000000000
0.761922053053913 -0.129943277715712 0.000000000000000
0.700165964267323 -0.002598918656243 0.000000000000000
0.694735854035916 0.182985743793087 0.000000000000000
0.695694849444911 0.176682467181452 0.000000000000000
0.705479041328813 0.172675762988586 0.000000000000000
0.692753863488862 0.028238509731263 0.000000000000000
0.700734326645770 -0.537804779049149 0.000000000000000
0.910076372924949 -0.547298631866201 0.000000000000000
0.789472012542041 0.003475363832944 0.000000000000000
0.799400216027672 -0.036661884440970 0.000000000000000
0.526009696768824 0.136303135372539 0.000000000000000
0.640264988193692 -0.002642515734300 0.000000000000000
0.642721586466178 0.003506621811014 0.000000000000000
0.896233362982485 0.045022997689422 0.000000000000000
0.932208324217717 0.130764749487774 0.000000000000000
0.830678915126270 -0.163322368587422 0.000000000000000
0.813573908869464 -0.143901762369252 0.000000000000000
0.788564291677390 0.104035930378261 0.000000000000000
0.818973049840864 0.151176346037274 0.000000000000000
0.705606808020249 0.010520196943932 0.000000000000000
0.701211540857012 -0.011087692864080 0.000000000000000
0.659499963836168 -0.140731868044476 0.000000000000000
0.572268125013507 -0.112581143406535 0.000000000000000
0.622428608722651 -0.119329767558597 0.000000000000000
0.728524544613035 -0.130442191255075 0.000000000000000
0.839830550404841 0.019002538983499 0.000000000000000
0.700595869777842 -0.003098873982580 0.000000000000000
0.710551984094450 -0.006883021153426 0.000000000000000
0.708040003497848 0.006270388669468 0.000000000000000
1.277320998775342 -0.325048066649635 0.000000000000000
1.368231901241620 -0.375575521964336 0.000000000000000
0.705537807978489 -0.000332592631081 0.000000000000000
0.772139453148482 0.008347361714352 0.000000000000000
0.493645158207324 0.026053131108580 0.000000000000000
0.678799902687751 0.051869257648771 0.000000000000000
0.537997111181923 0.003867305438242 0.000000000000000
0.495263691459199 0.007248317515345 0.000000000000000
0.496792031777358 -0.007488527086312 0.000000000000000
0.540199993657953 -0.003986575439686 0.000000000000000
0.648667540165932 -0.004303725587846 0.000000000000000
0.720478156264515 0.000129150070171 0.000000000000000
0.717255739892767 -0.000386026280483 0.000000000000000
0.646149422323582 0.004079545972397 0.000000000000000
0.701123150912936 -0.000391218154776 0.000000000000000
0.701231120640887 -0.000018187634630 0.000000000000000
0.692034072521546 -0.005721187117205 0.000000000000000
0.716384852709709 -0.005660797122270 0.000000000000000
0.581492935193235 -0.112506009840831 0.000000000000000
0.611326579156356 -0.134815497029598 0.000000000000000
0.696924993661737 0.158355917686831 0.000000000000000
0.593552495721909 -0.122224953821865 0.000000000000000
0.608973808574332 -0.143959994368685 0.000000000000000
0.662292696996982 -0.154800598492690 0.000000000000000
0.638647473202941 -0.148759359575742 0.000000000000000
1.141717676086277 -0.041591482044416 0.000000000000000
0.498473568742709 -0.124759787342127 0.000000000000000
0.707940898352225 0.000896114228449 0.000000000000000
0.764449045105467 -0.136102584948790 0.000000000000000
0.677972303362768 0.039169778441937 0.000000000000000
0.467859831019212 -0.009511073684680 0.000000000000000
0.844257926824680 -0.004279373335563 0.000000000000000
1.012157415895201 -0.293145427753648 0.000000000000000
0.692620730866241 0.016387276550541 0.000000000000000
0.684355649236458 0.012019011011141 0.000000000000000
0.686776511665972 0.000189817564701 0.000000000000000
0.709609285228042 -0.004900370894399 0.000000000000000
0.702812214143012 -0.002590583668711 0.000000000000000
0.706758557371869 0.003406902561903 0.000000000000000
0.684597462826637 -0.000989718491875 0.000000000000000
0.647341591574224 0.024575526545349 0.000000000000000
0.619908450131711 0.012413435561807 0.000000000000000
0.746731513313059 0.269698331351519 0.000000000000000
0.745630077273522 0.156256702143675 0.000000000000000
0.571357524357278 -0.002641107614846 0.000000000000000
0.491106567577359 -0.006462828024935 0.000000000000000
0.492786033456038 0.006504700939203 0.000000000000000
0.573920527349063 0.002481994932754 0.000000000000000
0.946291639152592 -0.032446516965606 0.000000000000000
0.626194814205990 -0.013149431733930 0.000000000000000
0.640250690271677 -0.001383354893033 0.000000000000000
0.930388897308061 -0.108003307183072 0.000000000000000
0.759751627075554 0.248271012497928 0.000000000000000
0.554501827758888 0.064654378743080 0.000000000000000
0.513743650327202 0.127061676641419 0.000000000000000
0.730233992702995 0.111479059181272 0.000000000000000
0.588587586934553 0.132135238736858 0.000000000000000
0.434531257474661 0.009298432556589 0.000000000000000
0.745454640004644 0.009366729967138 0.000000000000000
0.521533368140234 0.012143698359132 0.000000000000000
0.665166913415961 0.032848523178202 0.000000000000000
1.036780636750845 -0.066054149954974 0.000000000000000
0.988291556365584 -0.133788662610141 0.000000000000000
0.740407054114089 -0.132746685930520 0.000000000000000
0.552844080585988 -0.002456981828486 0.000000000000000
0.554264476283807 0.002373256737657 0.000000000000000
0.766005280082541 -0.053297498322877 0.000000000000000
0.701283121584450 -0.002614963110423 0.000000000000000
0.702108338602510 -0.002524674850050 0.000000000000000
0.702172957299133 -0.002946864224169 0.000000000000000
0.679726631616537 0.001516093735294 0.000000000000000
0.683115013164330 -0.001928505239553 0.000000000000000
0.712825280815809 0.337097589232894 0.000000000000000
0.743351944571390 0.004905121816077 0.000000000000000
0.940858458172018 0.112177373585830 0.000000000000000
0.678429368922891 -0.003277071868823 0.000000000000000
0.678851236292510 0.002752169643697 0.000000000000000
0.854409691781419 -0.018831020938565 0.000000000000000
0.696114041919557 0.274253284872213 0.000000000000000
0.695733536098864 0.194057575677669 0.000000000000000
0.623057555128958 0.601184937040876 0.000000000000000
0.813335178388811 -0.473729171359566 0.000000000000000
0.621434407312188 -0.025263113094690 0.000000000000000
0.638028557102981 -0.037455336502696 0.000000000000000
1.168589397151757 0.239810406947680 0.000000000000000
1.169526801765321 0.232463419676513 0.000000000000000
0.480003928432181 0.055851081819837 0.000000000000000
0.700651302896029 -0.001795481210402 0.000000000000000
0.702627641949185 -0.003186789925272 0.000000000000000
0.703374986693564 -0.003671903853382 0.000000000000000
0.699879920611148 0.002437681367475 0.000000000000000
0.777778506741684 0.014546083254931 0.000000000000000
0.745398199645947 0.008084121437321 0.000000000000000
0.710154217376810 -0.009648551142344 0.000000000000000
0.704324743182680 -0.016202823132477 0.000000000000000
0.991677952887694 -0.028457723008761 0.000000000000000
0.705320537857821 0.004754961092051 0.000000000000000
0.401667017509779 0.025487356216001 0.000000000000000
0.367566187675060 0.002658108641119 0.000000000000000
0.547610950147746 0.009991778417746 0.000000000000000
0.501345658854168 0.007172743542163 0.000000000000000
0.645790213084735 -0.024486664368097 0.000000000000000
1.211843317073824 0.464823662333495 0.000000000000000
0.597677387695558 -0.053276985785166 0.000000000000000
0.947361500111675 0.054591890197368 0.000000000000000
0.709482151857959 -0.000893600612978 0.000000000000000
0.697174419074613 0.008327929078149 0.000000000000000
0.703913575483947 0.001131473212241 0.000000000000000
0.701136557028491 0.002500807932489 0.000000000000000
0.704345268546348 0.010986528292937 0.000000000000000
0.743743324668053 -0.087806783365447 0.000000000000000
0.837575927860164 -0.002272155252523 0.000000000000000
0.779570154873498 0.030570459275706 0.000000000000000
0.710165726175980 -0.001723864483931 0.000000000000000
0.869697933044612 -0.004475971761394 0.000000000000000
0.442821403650550 0.098397261190064 0.000000000000000
0.663239264045389 -0.034512806462159 0.000000000000000
0.654964105053755 -0.027923661256061 0.000000000000000
0.699989354814741 0.005044344462459 0.000000000000000
0.658125562166473 -0.017273394576359 0.000000000000000
0.293160301201149 0.148839045779237 0.000000000000000
0.569992212010307 0.265323658525610 0.000000000000000
0.557918654558243 -0.006789274131541 0.000000000000000
1.221853281733452 -0.159800529027192 0.000000000000000
0.467715093179852 0.004579300225946 0.000000000000000
0.557198257687861 0.017498999327653 0.000000000000000
0.560777209372226 -0.017464165426843 0.000000000000000
0.936026809634242 -0.083656498808464 0.000000000000000
0.697571773599123 0.001052372440392 0.000000000000000
0.701946293890913 -0.000810943322205 0.000000000000000
0.716050445640920 -0.031028642885042 0.000000000000000
0.779506787097825 0.010717792255061 0.000000000000000
0.655112095522390 0.002051237563206 0.000000000000000
0.713108940336223 -0.002064935908304 0.000000000000000
0.714912048421633 -0.002228808489092 0.000000000000000
0.589764674910080 0.011460267103705 0.000000000000000
0.589504992439487 -0.012291546806219 0.000000000000000
1.206579891520891 0.154372045154673 0.000000000000000
0.746817016856190 0.006742046054053 0.000000000000000
0.743684967045819 -0.006852406458000 0.000000000000000
0.616237752999754 0.005494962223588 0.000000000000000
0.590571596492543 -0.024111647353964 0.000000000000000
0.591909249307422 0.023482369504507 0.000000000000000
0.616539179980282 -0.005954414775799 0.000000000000000
0.710314367759577 -0.016241533541559 0.000000000000000
0.708484990564391 0.015735830188519 0.000000000000000
0.392017262392860 0.158413860214122 0.000000000000000
0.481768952625888 -0.115623355350285 0.000000000000000
0.515481260286491 -0.055402881015915 0.000000000000000
0.713639658678193 0.009100086893529 0.000000000000000
0.708129986156558 0.005393194586741 0.000000000000000
0.705647782153587 -0.006732650138055 0.000000000000000
0.708577248185499 -0.009819604767704 0.000000000000000
0.722756004911989 0.002844623158446 0.000000000000000
0.718269887816661 -0.003594489295964 0.000000000000000
0.508797485572140 0.139850184671606 0.000000000000000
0.398167447526545 0.078960046419834 0.000000000000000
0.776254502392988 -0.132738711563383 0.000000000000000
1.091581675259589 0.062889416117495 0.000000000000000
0.729518920559753 -0.183645563953661 0.000000000000000
0.709296261057049 0.004112104095663 0.000000000000000
0.704822806146216 0.005857364298213 0.000000000000000
0.701225651745996 -0.007799016770877 0.000000000000000
0.757066655838806 -0.271360590062356 0.000000000000000
0.691079148530205 -0.208389858794089 0.000000000000000
0.703180134242118 -0.000214731453871 0.000000000000000
0.672836328140124 -0.007214121605624 0.000000000000000
0.686317670988830 -0.136752955099210 0.000000000000000
0.670397943681606 -0.144342718175880 0.000000000000000
0.675770810520672 -0.138343382670320 0.000000000000000
0.652705304810706 -0.005940188485686 0.000000000000000
0.666894026771905 -0.007775867326972 0.000000000000000
0.661223143013832 -0.011888110340337 0.000000000000000
0.725280632244337 0.012045967348388 0.000000000000000
0.699954928362328 0.016293531829394 0.000000000000000
0.765802430192395 0.000332387290316 0.000000000000000
0.769370758829443 -0.034608409064391 0.000000000000000
0.660367978792812 0.026841847197029 0.000000000000000
0.418687277269239 -0.086931953332696 0.000000000000000
0.670190296263501 -0.017742693916058 0.000000000000000
0.738759151256086 0.008183304506016 0.000000000000000
0.733781222607997 -0.008299536224982 0.000000000000000
1.222806800953843 -0.059485723927633 0.000000000000000
0.716779789440930 -0.052624726319317 0.000000000000000
0.722973398286436 -0.042610332183699 0.000000000000000
0.731986554713644 -0.053327589285978 0.000000000000000
0.765715269831749 -0.159463331680829 0.000000000000000
0.651615119718153 -0.203351721651483 0.000000000000000
0.683105751484228 -0.127385063682161 0.000000000000000
0.683597239500803 0.029512484282536 0.000000000000000
0.334859997153196 0.003396760417232 0.000000000000000
0.364353446889913 -0.015246013957369 0.000000000000000
0.537860431422152 0.004957468105745 0.000000000000000
0.537850967174335 -0.004456046710612 0.000000000000000
0.599419014206586 -0.285860790935358 0.000000000000000
0.722042897220830 0.002030247243053 0.000000000000000
0.719542627851293 -0.002269091568150 0.000000000000000
0.714282530621665 -0.002228737254599 0.000000000000000
0.695282933592921 -0.146229167984742 0.000000000000000
0.653216852725444 -0.147351777952071 0.000000000000000
0.652333443281430 -0.223338777394694 0.000000000000000
0.804565790872418 0.582312319998310 0.000000000000000
0.711130169282783 0.000832428028284 0.000000000000000
1.027790934270091 -0.345876229630040 0.000000000000000
0.701932174347055 -0.002918935014738 0.000000000000000
0.834976129119861 -0.022782585525878 0.000000000000000
0.681664541624974 0.192409080849476 0.000000000000000
0.698632679875590 -0.002806949846128 0.000000000000000
0.697148878504145 -0.001665239364017 0.000000000000000
0.748482130015898 -0.043888865426364 0.000000000000000
0.722132579348637 0.002364325192998 0.000000000000000
0.719933475957617 -0.002398816674819 0.000000000000000
0.834630234671588 -0.018926122330119 0.000000000000000
0.702023143116188 -0.003006372480963 0.000000000000000
0.700197239111937 -0.003900136877035 0.000000000000000
0.699367513634805 0.007066357758484 0.000000000000000
0.702874244812839 -0.001704098665486 0.000000000000000
0.704230896051647 -0.002251172062086 0.000000000000000
0.699448859652763 0.000659863459911 0.000000000000000
0.704352666328683 0.000071644659940 0.000000000000000
0.701565983243054 -0.003259523005606 0.000000000000000
0.689536393470299 0.007278428734215 0.000000000000000
0.682004373205394 0.006932877108163 0.000000000000000
0.722875974969509 0.372989275848210 0.000000000000000
0.696669348441324 -0.004344033823449 0.000000000000000
0.697113382227150 -0.003167048358001 0.000000000000000
0.676270772534348 0.006486024254398 0.000000000000000
0.701413984349998 -0.003600952019423 0.000000000000000
0.703036944762259 -0.002780292891072 0.000000000000000
0.686614760680844 0.198952559148928 0.000000000000000
0.708282022400717 -0.011646381386986 0.000000000000000
0.695069867866636 -0.052671711342507 0.000000000000000
0.682426293452001 -0.043215786886219 0.000000000000000
0.696695734544880 -0.001993533297491 0.000000000000000
0.698547944167926 -0.005428897193749 0.000000000000000
0.698734915736003 0.004950869760205 0.000000000000000
0.693933434175770 0.008055281674011 0.000000000000000
0.696728651032258 -0.002202034751073 0.000000000000000
0.697781079585883 -0.002036246350490 0.000000000000000
1.274664648436670 -0.220417615479055 0.000000000000000
1.334693176341765 -0.059027650377246 0.000000000000000
0.699958188998396 0.000252413331007 0.000000000000000
1.100278937173267 0.265087212101143 0.000000000000000
1.097256510437699 0.198778015281245 0.000000000000000
1.113200663520132 0.322587486517015 0.000000000000000
0.700489414599798 -0.002741056336806 0.000000000000000
0.699899099914804 0.002883060436500 0.000000000000000
0.709122743800298 -0.002903808642019 0.000000000000000
0.687121292855007 -0.010266192589907 0.000000000000000
0.684322546635490 0.009897246099659 0.000000000000000
0.702496601764941 -0.002478154590715 0.000000000000000
0.710420702181988 -0.011496815608689 0.000000000000000
0.708622865004376 0.012410814335404 0.000000000000000
0.709645998898986 -0.001152832905659 0.000000000000000
0.691809356111696 -0.006852831662658 0.000000000000000
0.705982257939916 0.001543579337014 0.000000000000000
0.708358762409002 -0.001457845201133 0.000000000000000
0.665222329828988 -0.000212068844546 0.000000000000000
0.699258671806509 -0.002355569737107 0.000000000000000
0.642975909544603 -0.152934744290027 0.000000000000000
1.240540661606707 0.231207764318700 0.000000000000000
0.632350140464507 -0.171788398682097 0.000000000000000
0.663044506414494 -0.038275772680359 0.000000000000000
1.485304965671217 0.125930177878679 0.000000000000000
0.705105227358934 0.000405176830543 0.000000000000000
0.746355034373614 0.263459737450630 0.000000000000000
0.921249282495718 0.366653846726017 0.000000000000000
0.936820627701676 0.395896969261179 0.000000000000000
0.704361486956354 0.000201422638035 0.000000000000000
0.706644455008856 -0.000645117745356 0.000000000000000
0.695559427339641 0.012005674784919 0.000000000000000
0.716972964643295 -0.014707135845617 0.000000000000000
0.717216875106024 0.013746357742138 0.000000000000000
0.685601394639010 -0.224392595136074 0.000000000000000
0.928237873151405 0.475200645713043 0.000000000000000
