# vtk DataFile Version 3.0
    
ASCII
DATASET UNSTRUCTURED_GRID
POINTS 2001 float
0 0 0
1.5 0 0
5 0 0
5 1 0
1.5 1 0
0 1 0
0.6 0.5 0
0.8 0.5 0
0 0.7 0
0 0.3 0
0.1 0 0
0.2 0 0
0.3 0 0
0.4 0 0
0.5 0 0
0.6 0 0
0.7 0 0
0.8 0 0
0.9 0 0
1 0 0
1.1 0 0
1.2 0 0
1.3 0 0
1.4 0 0
0.05 0 0
0.15 0 0
0.25 0 0
0.35 0 0
0.45 0 0
0.55 0 0
0.65 0 0
0.75 0 0
0.85 0 0
0.95 0 0
1.05 0 0
1.15 0 0
1.25 0 0
1.35 0 0
1.45 0 0
1.5984 0 0
1.69956 0 0
1.80357 0 0
1.91051 0 0
2.02044 0 0
2.13347 0 0
2.24968 0 0
2.36916 0 0
2.49199 0 0
2.61828 0 0
2.74812 0 0
2.8816 0 0
3.01884 0 0
3.15994 0 0
3.30501 0 0
3.45415 0 0
3.60749 0 0
3.76514 0 0
3.92722 0 0
4.09385 0 0
4.26518 0 0
4.44131 0 0
4.6224 0 0
4.80858 0 0
1.5492 0 0
1.64898 0 0
1.75157 0 0
1.85704 0 0
1.96547 0 0
2.07696 0 0
2.19158 0 0
2.30942 0 0
2.43057 0 0
2.55513 0 0
2.6832 0 0
2.81486 0 0
2.95022 0 0
3.08939 0 0
3.23248 0 0
3.37958 0 0
3.53082 0 0
3.68631 0 0
3.84618 0 0
4.01054 0 0
4.17951 0 0
4.35324 0 0
4.53186 0 0
4.71549 0 0
4.90429 0 0
5 0.2 0
5 0.4 0
5 0.6 0
5 0.8 0
5 0.1 0
5 0.3 0
5 0.5 0
5 0.7 0
5 0.9 0
4.80858 1 0
4.6224 1 0
4.44131 1 0
4.26518 1 0
4.09385 1 0
3.92722 1 0
3.76514 1 0
3.60749 1 0
3.45415 1 0
3.30501 1 0
3.15994 1 0
3.01884 1 0
2.8816 1 0
2.74812 1 0
2.61828 1 0
2.49199 1 0
2.36916 1 0
2.24968 1 0
2.13347 1 0
2.02044 1 0
1.91051 1 0
1.80357 1 0
1.69956 1 0
1.5984 1 0
4.90429 1 0
4.71549 1 0
4.53186 1 0
4.35324 1 0
4.17951 1 0
4.01054 1 0
3.84618 1 0
3.68631 1 0
3.53082 1 0
3.37958 1 0
3.23248 1 0
3.08939 1 0
2.95022 1 0
2.81486 1 0
2.6832 1 0
2.55513 1 0
2.43057 1 0
2.30942 1 0
2.19158 1 0
2.07696 1 0
1.96547 1 0
1.85704 1 0
1.75157 1 0
1.64898 1 0
1.5492 1 0
1.4 1 0
1.3 1 0
1.2 1 0
1.1 1 0
1 1 0
0.9 1 0
0.8 1 0
0.7 1 0
0.6 1 0
0.5 1 0
0.4 1 0
0.3 1 0
0.2 1 0
0.1 1 0
1.45 1 0
1.35 1 0
1.25 1 0
1.15 1 0
1.05 1 0
0.95 1 0
0.85 1 0
0.75 1 0
0.65 1 0
0.55 1 0
0.45 1 0
0.35 1 0
0.25 1 0
0.15 1 0
0.05 1 0
0.629289 0.429289 0
0.7 0.4 0
0.770711 0.429289 0
0.607612 0.461732 0
0.661732 0.407612 0
0.738268 0.407612 0
0.792388 0.461732 0
0.770711 0.570711 0
0.7 0.6 0
0.629289 0.570711 0
0.792388 0.538268 0
0.738268 0.592388 0
0.661732 0.592388 0
0.607612 0.538268 0
0 0.9 0
0 0.8 0
0 0.95 0
0 0.85 0
0 0.75 0
0 0.6 0
0 0.5 0
0 0.4 0
0 0.65 0
0 0.55 0
0 0.45 0
0 0.35 0
0 0.2 0
0 0.1 0
0 0.25 0
0 0.15 0
0 0.05 0
1.2986 0.498108 0
1.79939 0.500465 0
2.30343 0.491251 0
2.81671 0.477713 0
0.337838 0.345049 0
0.33978 0.617224 0
3.31781 0.509336 0
1.03761 0.632887 0
1.04183 0.357652 0
3.80803 0.5 0
1.54422 0.693331 0
1.55268 0.310468 0
4.27911 0.50419 0
2.05142 0.687753 0
2.05386 0.317132 0
0.518379 0.228578 0
1.27363 0.74255 0
1.27667 0.244274 0
0.523565 0.772983 0
0.801786 0.769924 0
0.800974 0.230813 0
2.55451 0.690565 0
2.52694 0.319616 0
1.79215 0.750069 0
1.79259 0.245488 0
3.05619 0.311105 0
3.02905 0.6794 0
2.29236 0.734717 0
2.30581 0.256416 0
0.194101 0.507028 0
0.419638 0.492341 0
3.53844 0.708061 0
3.54375 0.281746 0
0.196179 0.809317 0
0.190776 0.186786 0
1.51382 0.493343 0
2.79946 0.752591 0
2.79946 0.247409 0
0.971807 0.827166 0
0.971831 0.172962 0
4.65228 0.355556 0
0.952432 0.500582 0
4.0631 0.304799 0
4.05903 0.688209 0
0.366523 0.811783 0
0.362653 0.186121 0
4.57093 0.686248 0
1.98466 0.49244 0
0.491035 0.621293 0
1.1274 0.500796 0
0.657328 0.254533 0
0.898047 0.654131 0
0.898047 0.345869 0
0.65301 0.745358 0
1.42309 0.828699 0
1.42309 0.171301 0
3.30122 0.233003 0
3.30057 0.77179 0
0.500338 0.37914 0
0.157052 0.34662 0
1.64263 0.834224 0
1.64811 0.157709 0
1.39326 0.638348 0
1.39424 0.369489 0
0.171492 0.64832 0
1.9446 0.841231 0
1.9446 0.158769 0
1.15328 0.853087 0
1.1533 0.146973 0
2.52877 0.502704 0
3.80326 0.746235 0
3.78507 0.246563 0
1.64864 0.560947 0
1.68507 0.387099 0
1.21144 0.366782 0
1.19402 0.632266 0
1.89792 0.628235 0
1.90209 0.361465 0
4.35614 0.254554 0
2.12655 0.833069 0
2.13385 0.171681 0
4.30765 0.761339 0
2.14838 0.553906 0
0.60839 0.879301 0
0.605625 0.123931 0
3.00255 0.5 0
2.45078 0.169359 0
2.45078 0.830641 0
2.19506 0.373669 0
0.773312 0.68526 0
0.775017 0.318894 0
2.39666 0.620831 0
2.40182 0.37089 0
0.735246 0.121072 0
2.64697 0.830644 0
2.63968 0.167176 0
0.74076 0.876905 0
0.587467 0.672055 0
3.49087 0.523799 0
0.299248 0.527057 0
0.421642 0.278168 0
0.453187 0.123946 0
0.456738 0.876046 0
2.95609 0.165328 0
2.95609 0.834672 0
0.611496 0.318202 0
2.63114 0.568172 0
1.31584 0.878524 0
1.31584 0.121476 0
0.890947 0.879268 0
0.890947 0.120732 0
0.428485 0.727276 0
1.68543 0.670228 0
1.7522 0.8491 0
1.75726 0.140305 0
2.70179 0.376397 0
1.12978 0.26673 0
1.11648 0.737548 0
4.79118 0.554936 0
2.90437 0.629002 0
2.90437 0.370998 0
0.888594 0.429569 0
0.888594 0.570625 0
4.00224 0.497302 0
3.15988 0.167106 0
3.15525 0.834809 0
0.272822 0.888897 0
0.115526 0.884474 0
1.5393 0.892423 0
1.54989 0.115078 0
0.269719 0.109175 0
0.506293 0.52837 0
4.76874 0.769104 0
0.113399 0.576684 0
0.115951 0.421529 0
1.58379 0.415532 0
3.1432 0.451735 0
0.105599 0.738176 0
3.45306 0.827352 0
3.45306 0.172648 0
0.11332 0.11332 0
1.77228 0.625201 0
2.20361 0.666359 0
0.281868 0.438958 0
0.0963802 0.262222 0
0.400938 0.402605 0
0.924309 0.738869 0
0.924312 0.261146 0
3.20291 0.592884 0
0.285822 0.747602 0
4.18567 0.166172 0
0.408562 0.592487 0
2.30604 0.913259 0
2.30604 0.0867405 0
4.51169 0.16947 0
3.68343 0.845608 0
3.66433 0.156119 0
4.79829 0.203104 0
0.277971 0.251586 0
3.42936 0.390364 0
3.40895 0.625374 0
0.968603 0.593207 0
0.968603 0.406793 0
1.65283 0.283878 0
1.06094 0.901609 0
1.06094 0.0983908 0
4.48303 0.491408 0
3.95646 0.828603 0
3.94305 0.18254 0
2.09285 0.432697 0
1.04346 0.453275 0
3.65848 0.548046 0
1.29465 0.604305 0
1.30086 0.409572 0
0.531466 0.449419 0
1.37209 0.732932 0
1.37257 0.266443 0
1.0467 0.547907 0
2.05283 0.894557 0
2.05336 0.105789 0
1.40077 0.534508 0
4.17385 0.835315 0
1.49587 0.604914 0
3.71992 0.385918 0
2.67222 0.725708 0
4.45588 0.806091 0
2.29205 0.618092 0
1.03037 0.724045 0
1.00382 0.274296 0
2.82165 0.118398 0
2.82165 0.881602 0
1.85385 0.910497 0
1.85457 0.0879892 0
3.90606 0.628551 0
3.89238 0.358167 0
1.90404 0.740189 0
1.89941 0.262369 0
1.53748 0.782215 0
1.51735 0.22548 0
4.22562 0.339346 0
1.80094 0.350927 0
1.49102 0.391485 0
0.362558 0.906558 0
0.360697 0.092304 0
0.249442 0.601582 0
4.12933 0.560917 0
1.22501 0.914282 0
1.22502 0.0857277 0
1.70906 0.486213 0
1.20974 0.546495 0
2.14501 0.271982 0
2.55266 0.900735 0
2.55162 0.098954 0
2.59749 0.420791 0
1.8974 0.531574 0
0.822128 0.624414 0
0.822371 0.376207 0
0.696426 0.328603 0
1.45 0.0792071 0
1.45 0.920793 0
0.678679 0.670161 0
1.99641 0.601936 0
0.0780979 0.652636 0
0.568484 0.587696 0
0.53193 0.924855 0
4.3889 0.647922 0
0.733402 0.799104 0
4.82954 0.382516 0
0.731913 0.20065 0
3.17148 0.298877 0
0.444595 0.798833 0
0.443748 0.202754 0
2.0232 0.774905 0
2.02794 0.229437 0
0.972712 0.915031 0
0.972712 0.0849693 0
2.77673 0.593807 0
1.20787 0.455329 0
1.12467 0.411608 0
0.529199 0.0755813 0
1.98524 0.397799 0
0.849743 0.714141 0
0.849933 0.28678 0
1.65288 0.923667 0
1.66218 0.0768202 0
0.593189 0.201256 0
0.239151 0.345433 0
1.08055 0.209651 0
0.594614 0.799507 0
0.0738765 0.346074 0
3.26349 0.105125 0
3.26273 0.895833 0
1.0835 0.803585 0
4.47679 0.334351 0
1.1216 0.587753 0
0.812701 0.0808942 0
2.40947 0.265563 0
2.41275 0.724172 0
1.461 0.713407 0
1.45926 0.296851 0
0.202055 0.419856 0
2.29364 0.36225 0
4.62463 0.849121 0
1.62139 0.731328 0
0.511302 0.696916 0
2.18557 0.0899525 0
2.18427 0.910897 0
0.815436 0.920796 0
1.70774 0.753785 0
1.3672 0.453368 0
0.520482 0.312395 0
1.24679 0.828424 0
1.24341 0.171591 0
2.66641 0.280986 0
0.194047 0.915705 0
2.20961 0.465453 0
1.95645 0.929257 0
1.9567 0.0705094 0
0.354313 0.456491 0
0.676371 0.0789546 0
0.463441 0.435143 0
0.572362 0.38072 0
2.41706 0.515437 0
0.191431 0.0832567 0
3.09094 0.583703 0
1.5716 0.555406 0
3.83249 0.882701 0
3.83249 0.117299 0
1.85216 0.815763 0
1.84969 0.178984 0
1.70538 0.22015 0
1.14785 0.0662182 0
1.14785 0.933796 0
3.69223 0.691077 0
0.20875 0.723907 0
0.677773 0.920978 0
2.49329 0.603392 0
2.54685 0.793339 0
2.54377 0.211907 0
0.523888 0.159341 0
1.19405 0.706051 0
1.20862 0.290199 0
1.29407 0.32446 0
1.32035 0.678642 0
3.2944 0.358236 0
0.526639 0.841921 0
3.05265 0.106314 0
3.05183 0.894444 0
1.60796 0.636167 0
0.185339 0.274609 0
0.666612 0.163399 0
0.182108 0.583403 0
2.91565 0.267017 0
2.90711 0.737651 0
0.641914 0.371363 0
0.0787896 0.813481 0
4.34064 0.883698 0
0.970094 0.666463 0
0.968068 0.334064 0
0.350026 0.265231 0
2.49474 0.418929 0
2.23825 0.195368 0
2.22701 0.802216 0
2.43057 0.925251 0
2.43057 0.074749 0
1.97371 0.313641 0
1.9746 0.686604 0
0.667992 0.836859 0
1.61859 0.349244 0
1.72931 0.302061 0
4.35279 0.110495 0
2.12268 0.736659 0
4.13315 0.438262 0
0.0757557 0.181625 0
1.86908 0.446192 0
2.79861 0.352605 0
0.351799 0.705383 0
1.73237 0.557692 0
1.83333 0.67899 0
1.37779 0.925603 0
1.37779 0.0743968 0
3.54951 0.896466 0
3.54951 0.103534 0
3.37785 0.0873407 0
3.37785 0.912659 0
3.58687 0.407336 0
2.72041 0.464914 0
4.21354 0.671438 0
3.16133 0.699916 0
2.68509 0.0840739 0
2.68506 0.918444 0
0.424663 0.655947 0
0.732756 0.267201 0
1.7707 0.432349 0
0.264492 0.675775 0
2.06436 0.550579 0
4.36414 0.38477 0
4.67395 0.130442 0
1.33616 0.798964 0
1.33616 0.201036 0
0.728038 0.733961 0
0.291821 0.81889 0
4.87292 0.677971 0
2.90148 0.527913 0
4.6441 0.560853 0
1.62646 0.487089 0
3.78322 0.619241 0
0.752482 0.626703 0
0.752482 0.373297 0
0.874959 0.801081 0
0.874289 0.199339 0
3.00274 0.397992 0
0.289317 0.177637 0
0.809548 0.84118 0
0.863473 0.500129 0
2.11555 0.63354 0
3.04783 0.20959 0
3.04559 0.785175 0
0.807678 0.158917 0
0.749971 0.0511189 0
0.448512 0.549413 0
4.88448 0.867574 0
1.13061 0.330751 0
0.826838 0.552447 0
0.826856 0.447631 0
0.0636864 0.936314 0
4.05816 0.123464 0
0.0619189 0.0619189 0
2.35468 0.818745 0
2.35682 0.174699 0
0.437728 0.346953 0
4.89854 0.104301 0
1.11415 0.66617 0
1.60103 0.225638 0
1.831 0.572711 0
2.12183 0.351681 0
3.40266 0.729187 0
3.40407 0.281171 0
2.72807 0.177926 0
2.73341 0.823994 0
0.450064 0.947997 0
2.99134 0.59077 0
0.573991 0.737364 0
2.95022 0.931473 0
2.95022 0.0685275 0
0.628812 0.625546 0
0.746794 0.943736 0
3.29904 0.654748 0
0.0705751 0.500873 0
2.23439 0.296934 0
0.449496 0.0525715 0
3.6615 0.275683 0
1.07447 0.288879 0
1.75819 0.695655 0
1.43738 0.451732 0
0.374103 0.536918 0
1.17681 0.783139 0
1.75217 0.940039 0
1.75433 0.0583009 0
2.23142 0.559012 0
1.17687 0.216671 0
1.25534 0.672763 0
0.580175 0.262993 0
4.81036 0.468726 0
4.91477 0.491258 0
4.89559 0.577468 0
0.374171 0.604856 0
0.356942 0.577071 0
0.391333 0.564703 0
4.70642 0.664978 0
4.66984 0.727676 0
4.60751 0.62355 0
4.91477 0.391258 0
4.77996 0.66202 0
4.71764 0.557894 0
0.319514 0.57214 0
0.336676 0.531987 0
2.44497 0.612112 0
2.45302 0.663782 0
2.4047 0.672502 0
1.25134 0.307329 0
1.25275 0.345621 0
1.21003 0.32849 0
2.35255 0.729444 0
2.2922 0.676404 0
2.3524 0.671132 0
2.46438 0.345253 0
2.40565 0.318226 0
2.4682 0.292589 0
1.29746 0.367016 0
1.25615 0.388177 0
2.35263 0.43107 0
2.40944 0.443163 0
2.36024 0.503344 0
0.309853 0.392004 0
0.26051 0.392195 0
0.288495 0.345241 0
2.34435 0.619461 0
2.5239 0.646979 0
2.48363 0.707369 0
1.92432 0.79071 0
1.96362 0.757547 0
1.9839 0.808068 0
1.98627 0.194103 0
1.96367 0.245903 0
1.922 0.210569 0
1.69051 0.559319 0
1.7089 0.61396 0
1.66704 0.615587 0
2.29853 0.42675 0
2.34773 0.36657 0
1.93932 0.713396 0
1.9989 0.730754 0
2.00082 0.271539 0
1.93656 0.288005 0
2.61337 0.708137 0
2.60954 0.759523 0
2.55068 0.741952 0
1.07342 0.730796 0
1.07226 0.695107 0
1.11531 0.701859 0
0.245715 0.0416283 0
0.28486 0.0545874 0
0.230575 0.0962157 0
0.246674 0.517042 0
0.274345 0.564319 0
0.221771 0.554305 0
0.241962 0.429407 0
0.220603 0.382644 0
2.59691 0.811992 0
2.6596 0.778176 0
3.26036 0.55111 0
3.17306 0.52231 0
3.23051 0.480536 0
1.07588 0.649528 0
1.03399 0.678466 0
2.51084 0.369273 0
2.44828 0.39491 0
4.334 0.576056 0
4.30122 0.65968 0
4.24632 0.587814 0
0.247024 0.957853 0
0.233435 0.902301 0
0.286411 0.944449 0
4.02516 0.914301 0
4.06515 0.831959 0
4.13385 0.917657 0
0.195715 0.0416283 0
4.53297 0.924561 0
4.44859 0.903045 0
4.54025 0.827606 0
0.237984 0.472993 0
0.290558 0.483008 0
1.75232 0.591447 0
1.72885 0.647715 0
0.565965 0.962428 0
0.57016 0.902078 0
0.604195 0.939651 0
3.37358 0.44985 0
3.46011 0.457082 0
3.40434 0.516568 0
3.44991 0.574587 0
3.36338 0.567355 0
1.44205 0.771053 0
1.49924 0.747811 0
1.48028 0.805457 0
1.47022 0.19839 0
1.48831 0.261165 0
1.44118 0.234076 0
0.638887 0.960489 0
0.643082 0.900139 0
0.640998 0.101443 0
0.602813 0.0619653 0
0.638185 0.0394773 0
0.567412 0.0997559 0
0.564599 0.0377906 0
2.25652 0.478352 0
2.25162 0.413852 0
0.37974 0.311608 0
0.429685 0.31256 0
0.387783 0.346001 0
2.15952 0.0449762 0
2.11947 0.0978707 0
2.09342 0.0528945 0
2.09315 0.947279 0
2.11855 0.902727 0
2.15887 0.955448 0
4.62351 0.924561 0
3.54398 0.802263 0
3.50129 0.861909 0
3.49575 0.767706 0
3.4984 0.227197 0
3.50129 0.138091 0
3.54663 0.19264 0
0.369388 0.373827 0
0.377626 0.429548 0
0.346076 0.40077 0
2.57995 0.535438 0
2.56221 0.585782 0
2.51103 0.553048 0
0.197024 0.957853 0
1.92687 0.469316 0
1.92716 0.421995 0
1.98495 0.445119 0
3.47369 0.666717 0
3.51465 0.61593 0
2.59282 0.629369 0
2.56313 0.461747 0
2.61431 0.494482 0
2.4798 0.758756 0
2.47662 0.238735 0
2.53536 0.265761 0
0.15375 0.541856 0
0.0919872 0.538779 0
0.132338 0.503951 0
1.09999 0.770566 0
1.05693 0.763815 0
3.94184 0.914301 0
0.0932629 0.461201 0
0.155026 0.464278 0
0.318091 0.447725 0
0.419333 0.374779 0
1.51965 0.946211 0
1.56885 0.946211 0
1.57415 0.057539 0
1.52495 0.057539 0
2.24435 0.367959 0
2.20233 0.419561 0
2.4559 0.467183 0
3.61093 0.776835 0
3.61647 0.871037 0
3.60692 0.129827 0
3.60404 0.218932 0
2.21531 0.734288 0
2.17485 0.769437 0
2.16315 0.701509 0
0.676877 0.291568 0
0.653961 0.323403 0
0.634412 0.286368 0
4.91477 0.291258 0
4.81391 0.29281 0
4.89914 0.201552 0
1.26251 0.957141 0
1.27043 0.896403 0
1.30792 0.939262 0
1.30792 0.0607379 0
1.27043 0.103602 0
1.26251 0.0428638 0
1.69742 0.841662 0
1.70254 0.886383 0
1.64775 0.878946 0
1.65515 0.117265 0
1.70972 0.108563 0
1.70269 0.149007 0
3.71474 0.0780595 0
3.63591 0.0780595 0
3.64546 0.922804 0
3.72428 0.922804 0
3.57467 0.535923 0
3.59846 0.628053 0
0.725996 0.67771 0
0.715581 0.648432 0
0.762897 0.655982 0
1.39759 0.780816 0
1.41655 0.723169 0
1.41592 0.281647 0
1.39783 0.218872 0
0.895473 0.060366 0
0.851824 0.100813 0
0.85635 0.0404471 0
0.361675 0.139212 0
0.406942 0.108125 0
0.40792 0.155034 0
0.584242 0.543848 0
0.537388 0.558033 0
0.553146 0.514185 0
0.51943 0.270487 0
0.471062 0.295281 0
0.470011 0.253373 0
0.41163 0.843915 0
0.409648 0.891302 0
0.36454 0.85917 0
0.356339 0.225676 0
0.392147 0.232144 0
0.385834 0.271699 0
4.71661 0.924561 0
4.69668 0.809113 0
4.78866 0.884552 0
0.403201 0.194438 0
0.432695 0.240461 0
0.931377 0.853217 0
0.882953 0.840174 0
0.923383 0.814123 0
0.92306 0.186151 0
0.882618 0.160036 0
0.931389 0.146847 0
3.79881 0.0586496 0
3.74841 0.136709 0
3.75796 0.864155 0
3.79881 0.94135 0
3.14692 0.588294 0
3.11707 0.517719 0
0.343932 0.30514 0
2.65168 0.64694 0
0.52976 0.604494 0
0.577976 0.629876 0
0.539251 0.646674 0
1.59609 0.908045 0
1.62564 0.961833 0
1.63029 0.0384101 0
1.60604 0.0959491 0
4.2606 0.716389 0
4.34828 0.70463 0
3.85466 0.687393 0
3.93126 0.728577 0
3.87986 0.787419 0
3.86406 0.214551 0
3.91771 0.270353 0
3.83872 0.302365 0
0.448468 0.16335 0
0.405559 0.805308 0
0.450667 0.83744 0
1.34969 0.516308 0
1.34771 0.569407 0
1.29663 0.551207 0
1.34396 0.621327 0
1.39702 0.586428 0
0.107763 0.942237 0
0.154787 0.90009 0
0.147024 0.957853 0
2.0936 0.138735 0
2.15971 0.130817 0
2.15541 0.871983 0
2.08969 0.863813 0
1.59097 0.863324 0
1.53839 0.837319 0
1.59005 0.80822 0
0.857718 0.960398 0
0.853191 0.900032 0
0.895473 0.939634 0
0.565733 0.474709 0
0.580377 0.439354 0
1.40044 0.877151 0
1.34681 0.902064 0
1.36947 0.853612 0
1.36947 0.146388 0
1.34681 0.0979363 0
1.40044 0.122849 0
1.67519 0.794005 0
1.72997 0.801443 0
0.294611 0.609403 0
0.0527994 0.719088 0
0.0527994 0.769088 0
2.85329 0.745121 0
2.86438 0.809626 0
2.81055 0.817097 0
2.81055 0.182903 0
2.86865 0.192707 0
2.85756 0.257213 0
2.25968 0.768466 0
2.24798 0.700538 0
0.476025 0.750129 0
0.469893 0.712096 0
0.517433 0.734949 0
0.750675 0.709611 0
0.703359 0.702061 0
1.62457 0.191673 0
1.57546 0.170358 0
1.599 0.136393 0
0.787995 0.274854 0
0.753886 0.293048 0
0.766865 0.249007 0
1.55919 0.225559 0
1.53362 0.170279 0
2.88887 0.858137 0
2.9316 0.786162 0
2.93587 0.216172 0
2.88887 0.141863 0
0.907953 0.500356 0
0.876034 0.464849 0
0.920513 0.465076 0
0.920513 0.535604 0
0.876034 0.535377 0
1.846 0.253929 0
1.85017 0.306648 0
1.79677 0.298208 0
2.47291 0.50907 0
2.51175 0.460816 0
2.0369 0.0528945 0
2.03664 0.947279 0
4.00775 0.758406 0
3.98255 0.65838 0
3.97774 0.331483 0
4.00308 0.243669 0
0.620238 0.708707 0
0.633073 0.671108 0
0.665845 0.707759 0
3.80615 0.372042 0
3.75249 0.31624 0
3.50811 0.39885 0
3.53887 0.465568 0
0.44154 0.463742 0
0.484867 0.481756 0
0.462965 0.510356 0
0.215775 0.592493 0
0.188104 0.545216 0
3.76397 0.442959 0
3.8502 0.429083 0
1.94103 0.512007 0
1.88324 0.488883 0
0.931829 0.897149 0
0.936356 0.957515 0
0.936356 0.0424847 0
0.931829 0.102851 0
3.56531 0.344541 0
3.48655 0.336055 0
0.764912 0.751943 0
0.787549 0.727592 0
0.66917 0.349983 0
0.626705 0.344783 0
1.54881 0.454438 0
1.60513 0.45131 0
1.57014 0.490216 0
1.6467 0.653197 0
1.6283 0.598557 0
1.77218 0.799584 0
1.74995 0.751927 0
4.17144 0.616178 0
4.20422 0.532553 0
2.12062 0.493301 0
2.15123 0.449075 0
2.179 0.509679 0
0.893321 0.612378 0
0.928599 0.581916 0
0.933325 0.623669 0
0.933325 0.376331 0
0.928599 0.418181 0
0.893321 0.387719 0
0.518879 0.488894 0
1.85152 0.356196 0
1.90075 0.311917 0
0.0579754 0.410764 0
0.0352875 0.450437 0
0.960518 0.453688 0
0.960518 0.546894 0
2.10637 0.552242 0
2.07861 0.491638 0
0.598887 0.579203 0
0.811527 0.699701 0
0.825764 0.742033 0
0.825453 0.258797 0
0.812475 0.302837 0
0.155853 0.846896 0
0.0971577 0.848978 0
0.137485 0.811399 0
0.145715 0.0416283 0
0.152375 0.0982883 0
0.10666 0.05666 0
0.613501 0.741361 0
0.580729 0.70471 0
0.972259 0.871098 0
0.972272 0.128965 0
2.43177 0.777407 0
2.49882 0.81199 0
2.49728 0.190633 0
2.43013 0.217461 0
2.12462 0.784864 0
2.17678 0.817642 0
1.326 0.838744 0
1.37963 0.813832 0
1.37963 0.186168 0
1.326 0.161256 0
0.549384 0.684486 0
0.501168 0.659104 0
1.33889 0.962802 0
1.33889 0.0371984 0
1.59903 0.521247 0
1.54271 0.524375 0
0.497453 0.442281 0
1.65577 0.437094 0
1.63443 0.401316 0
4.56705 0.084735 0
4.4765 0.084735 0
0.481064 0.215666 0
2.24783 0.642225 0
3.21172 0.0525625 0
3.21168 0.136116 0
3.15991 0.0835531 0
3.1576 0.917405 0
3.20899 0.865321 0
3.21134 0.947917 0
0.0352875 0.500437 0
0.899634 0.769975 0
0.948058 0.783018 0
0.948072 0.217054 0
0.8993 0.230243 0
2.59668 0.300301 0
2.63195 0.350888 0
2.56221 0.370204 0
0.0921942 0.775829 0
0.150889 0.773747 0
0.48408 0.785908 0
0.43654 0.763054 0
0.195113 0.862511 0
2.6841 0.328691 0
2.73251 0.316795 0
2.7502 0.364501 0
2.35456 0.566764 0
2.29774 0.554671 0
0.0481901 0.231111 0
0.0481901 0.281111 0
3.37681 0.799571 0
3.41545 0.870006 0
3.33921 0.842225 0
3.33954 0.160172 0
3.41545 0.129994 0
3.37714 0.202825 0
4.58198 0.262513 0
4.59282 0.149956 0
4.66311 0.242999 0
3.73325 0.524023 0
3.6892 0.466982 0
0.133266 0.184205 0
0.0945378 0.147472 0
0.152048 0.150053 0
0.234501 0.849107 0
0.31769 0.897727 0
0.331279 0.953279 0
1.73132 0.180228 0
1.67674 0.188929 0
1.94367 0.379632 0
1.88559 0.403829 0
2.79904 0.300007 0
2.73294 0.264197 0
2.91001 0.319008 0
2.9592 0.332504 0
2.95356 0.384495 0
4.11644 0.761762 0
2.64964 0.398594 0
2.67577 0.516543 0
2.74857 0.529361 0
2.70393 0.58099 0
1.16857 0.523645 0
1.16567 0.567124 0
1.1245 0.544275 0
2.40686 0.568134 0
1.44832 0.569711 0
1.44457 0.621631 0
4.73612 0.166773 0
4.72528 0.27933 0
2.86054 0.424356 0
2.90293 0.449456 0
2.8591 0.502813 0
0.143578 0.224504 0
0.086068 0.221923 0
1.50484 0.549129 0
1.4573 0.513926 0
4.12439 0.235485 0
4.20565 0.252759 0
4.14436 0.322073 0
0.0393948 0.806741 0
1.82216 0.782916 0
1.80218 0.832432 0
1.77493 0.192897 0
1.80347 0.159645 0
1.82114 0.212236 0
0.359161 0.758583 0
0.390142 0.71633 0
0.397504 0.769529 0
0.595835 0.290598 0
0.618752 0.258763 0
0.0393948 0.856741 0
0.0577629 0.892237 0
3.90513 0.498651 0
3.95415 0.562927 0
3.85704 0.564276 0
3.94731 0.427734 0
1.74898 0.232819 0
1.56823 0.363 0
1.53741 0.403508 0
1.52185 0.350976 0
1.69707 0.436656 0
1.66776 0.486651 0
2.96808 0.708525 0
2.90574 0.683326 0
2.96671 0.654201 0
1.08047 0.0491954 0
1.03047 0.0491954 0
1.03047 0.950805 0
1.08047 0.950805 0
0.860088 0.639272 0
0.855361 0.597519 0
0.855483 0.402888 0
0.860209 0.361038 0
3.05201 0.260348 0
3.10965 0.254233 0
3.11383 0.304991 0
4.21951 0.917657 0
4.43224 0.139982 0
4.39705 0.0552474 0
2.80766 0.415159 0
2.85149 0.361802 0
0.999567 0.524245 0
1.00765 0.570557 0
2.27786 0.95663 0
2.3376 0.95663 0
2.3376 0.0433703 0
2.27786 0.0433703 0
1.04265 0.405463 0
1.00603 0.430034 0
1.00522 0.382223 0
0.934071 0.660297 0
0.947202 0.702666 0
0.911178 0.6965 0
0.91118 0.303508 0
0.94619 0.297605 0
0.933057 0.339966 0
2.7881 0.673199 0
2.84055 0.611404 0
2.85192 0.690796 0
3.28236 0.169064 0
3.32067 0.0962328 0
3.32029 0.904246 0
3.28165 0.833812 0
2.98592 0.289061 0
3.02947 0.354548 0
3.16568 0.232992 0
3.10385 0.188348 0
0.327189 0.862724 0
0.329172 0.815336 0
0.191103 0.135022 0
0.230247 0.147981 0
4.22542 0.083086 0
4.13976 0.083086 0
4.25725 0.859506 0
4.30291 0.941849 0
0.330348 0.046152 0
0.315208 0.100739 0
0.551914 0.41507 0
0.600825 0.405005 0
0.997946 0.476929 0
1.04508 0.500591 0
0.80635 0.0404471 0
4.29088 0.29695 0
4.2709 0.210363 0
2.95202 0.513957 0
2.95346 0.435499 0
4.03267 0.401051 0
4.03064 0.592756 0
4.72173 0.455246 0
4.64819 0.458204 0
3.35162 0.750489 0
3.42786 0.77827 0
3.42856 0.22691 0
3.35265 0.257087 0
3.81787 0.814468 0
3.74334 0.795922 0
3.7247 0.201341 0
3.80878 0.181931 0
2.1899 0.556459 0
2.21752 0.612686 0
2.176 0.610133 0
2.76856 0.471314 0
2.75951 0.40876 0
1.52005 0.649122 0
1.55192 0.62054 0
1.57609 0.664749 0
1.48119 0.860561 0
1.48649 0.14319 0
1.77787 0.970019 0
1.80301 0.925268 0
1.82871 0.955249 0
1.82907 0.0439946 0
1.80445 0.0731451 0
1.77895 0.0291505 0
3.23635 0.26594 0
3.23055 0.200055 0
0.159003 0.420693 0
0.198078 0.463442 0
3.10626 0.13671 0
3.10629 0.053157 0
3.10588 0.947222 0
3.10354 0.864626 0
1.76523 0.660428 0
1.72181 0.682941 0
2.79672 0.53576 0
3.00265 0.448996 0
2.94786 0.609886 0
3.0102 0.635085 0
0.282321 0.853893 0
4.83205 0.616454 0
4.82083 0.723537 0
4.74091 0.369036 0
1.00311 0.613047 0
1.04216 0.590397 0
4.35446 0.182524 0
4.43391 0.212012 0
0.0352875 0.550437 0
0.0566996 0.588342 0
1.75219 0.894569 0
1.70252 0.931853 0
1.70826 0.0675606 0
1.7558 0.0993031 0
2.70282 0.774851 0
2.69019 0.827319 0
4.06579 0.52911 0
4.09418 0.624563 0
1.53374 0.58016 0
1.58978 0.595787 0
0.124795 0.650478 0
0.0957486 0.61466 0
0.142445 0.612502 0
0.190121 0.686114 0
0.157174 0.731042 0
0.138545 0.693248 0
0.325985 0.181879 0
0.325007 0.134971 0
0.179554 0.383238 0
0.136501 0.384075 0
4.93646 0.638986 0
1.21251 0.957141 0
1.21251 0.0428638 0
0.202465 0.766612 0
1.50242 0.442414 0
0.0918484 0.695406 0
2.7111 0.420656 0
0.479105 0.329674 0
3.07297 0.424863 0
3.07288 0.475868 0
2.13943 0.221832 0
2.08647 0.25071 0
2.08089 0.200559 0
1.25324 0.476719 0
1.25437 0.432451 0
1.29973 0.45384 0
1.57944 0.756771 0
1.63201 0.782776 0
4.5134 0.746169 0
4.42239 0.727006 0
4.47992 0.667085 0
3.0997 0.38142 0
1.80302 0.879798 0
1.80592 0.114147 0
0.0896061 0.910394 0
0.0318432 0.918157 0
0.0818432 0.968157 0
3.04675 0.541852 0
3.62268 0.477691 0
3.6534 0.396627 0
1.88218 0.955249 0
1.88254 0.0439946 0
0.05666 0.10666 0
0.0378779 0.140812 0
4.13124 0.499589 0
4.20613 0.471226 0
0.382222 0.636586 0
0.388231 0.680665 0
0.34579 0.661304 0
0.483818 0.181048 0
0.521134 0.19396 0
4.17939 0.388804 0
4.25236 0.421768 0
0.0949136 0.383802 0
0.115464 0.346347 0
0.807718 0.960398 0
1.475 0.960396 0
1.49465 0.906608 0
1.49995 0.0971426 0
1.475 0.0396035 0
0.279518 0.143406 0
4.38177 0.783715 0
1.15781 0.61001 0
1.20188 0.58938 0
0.726241 0.613352 0
0.68934 0.63508 0
0.51041 0.345768 0
0.546422 0.346558 0
0.53635 0.37993 0
4.59778 0.767685 0
0.977337 0.731457 0
1.00109 0.775605 0
0.987824 0.223629 0
0.964065 0.267721 0
1.43655 0.874746 0
1.43655 0.125254 0
0.326781 0.491774 0
2.0409 0.273285 0
2.09944 0.294557 0
0.525102 0.807452 0
0.485617 0.820377 0
0.244 0.814103 0
0.488538 0.141644 0
4.06063 0.214132 0
4.12192 0.144818 0
4.82661 0.818339 0
4.84653 0.933787 0
0.591929 0.349461 0
0.565989 0.315299 0
0.426574 0.691611 0
0.467982 0.676431 0
3.28425 0.0525625 0
3.28387 0.947917 0
0.0851284 0.304148 0
0.126716 0.304421 0
2.26173 0.588552 0
0.838373 0.785502 0
0.862351 0.757611 0
0.862111 0.24306 0
0.837631 0.215076 0
1.50597 0.303659 0
1.53502 0.267974 0
1.54085 0.737773 0
1.50261 0.703369 0
3.22791 0.8033 0
3.15829 0.767363 0
3.23095 0.735853 0
0.381279 0.953279 0
1.08705 0.524352 0
1.08543 0.477036 0
1.28537 0.284367 0
1.24264 0.267236 0
1.01639 0.135676 0
1.07075 0.154021 0
1.02619 0.191306 0
1.01683 0.0916801 0
0.986356 0.0424847 0
0.986356 0.957515 0
1.01683 0.90832 0
2.65895 0.442853 0
0.240046 0.182212 0
0.491688 0.858984 0
0.0369383 0.373037 0
2.24581 0.0883465 0
2.21763 0.0449762 0
2.21697 0.955448 0
2.24515 0.912078 0
1.41389 0.923198 0
1.41389 0.0768019 0
0.498664 0.574831 0
1.89766 0.579905 0
1.9469 0.566755 0
1.94716 0.615086 0
0.887026 0.726505 0
0.873895 0.684136 0
0.87399 0.316325 0
0.887122 0.273963 0
4.32415 0.822518 0
4.24075 0.798327 0
2.03875 0.462568 0
2.02451 0.52151 0
1.02765 0.815375 0
1.07222 0.852597 0
1.01637 0.864388 0
0.477402 0.538891 0
0.434075 0.520877 0
3.03732 0.732287 0
2.97635 0.761413 0
2.98174 0.238303 0
2.72448 0.659758 0
0.234373 0.219186 0
0.231655 0.263098 0
0.188057 0.230698 0
4.0006 0.153002 0
1.20966 0.411055 0
0.147754 0.580044 0
0.416613 0.624217 0
4.09813 0.37153 0
4.0677 0.467782 0
2.15958 0.64995 0
2.13197 0.593723 0
0.709267 0.898941 0
0.672882 0.878918 0
0.704376 0.856882 0
3.15734 0.375306 0
1.04218 0.241974 0
0.985942 0.30418 0
1.00023 0.695254 0
2.14395 0.403183 0
2.03731 0.731329 0
2.01301 0.687179 0
1.12603 0.456202 0
1.16627 0.433469 0
1.16763 0.478063 0
2.19163 0.233675 0
2.23632 0.246151 0
2.1897 0.284458 0
0.039049 0.626318 0
1.11693 0.178312 0
1.10712 0.122682 0
1.2522 0.5754 0
1.24434 0.618286 0
0.469773 0.585353 0
0.1768 0.615861 0
2.01379 0.315386 0
1.99053 0.547188 0
0.0369383 0.323037 0
0.0876194 0.0876194 0
0.0809595 0.0309595 0
0.0309595 0.0809595 0
4.32162 0.44448 0
4.42358 0.438089 0
4.38107 0.497799 0
3.47055 0.718624 0
3.47391 0.281458 0
1.10711 0.877348 0
1.11839 0.828336 0
0.039049 0.676318 0
0.380348 0.046152 0
0.0378779 0.190812 0
2.36831 0.919255 0
2.39987 0.962626 0
2.39987 0.0373745 0
2.36831 0.0807448 0
3.2188 0.404986 0
3.30611 0.433786 0
2.3937 0.124724 0
2.33143 0.13072 0
2.33036 0.866002 0
2.39263 0.871998 0
4.30898 0.0552474 0
4.26923 0.138333 0
2.76644 0.788292 0
2.73584 0.739149 0
2.85163 0.0591989 0
2.78488 0.0591989 0
2.78488 0.940801 0
2.85163 0.940801 0
1.58563 0.329856 0
1.60119 0.382388 0
0.457849 0.63862 0
4.49424 0.251911 0
4.41647 0.294453 0
1.25417 0.522301 0
3.99269 0.0617321 0
3.93513 0.09127 0
0.326172 0.779693 0
0.31881 0.726493 0
2.18605 0.183524 0
4.43596 0.569665 0
4.52698 0.588828 0
1.08406 0.432442 0
0.410288 0.447473 0
0.432189 0.418874 0
1.08415 0.56783 0
3.416 0.95633 0
3.46368 0.904562 0
3.50183 0.948233 0
3.50183 0.0517672 0
3.46368 0.0954376 0
3.416 0.0436703 0
1.65183 0.368172 0
0.198101 0.346026 0
2.95316 0.883072 0
2.88594 0.906537 0
2.88594 0.0934627 0
2.95316 0.116928 0
3.61533 0.699569 0
3.68783 0.768343 0
1.47514 0.344168 0
0.313999 0.258408 0
0.320312 0.218853 0
0.14086 0.268416 0
0.171195 0.310615 0
0.449799 0.60689 0
0.428537 0.57095 0
0.258561 0.298509 0
0.307904 0.298317 0
0.386976 0.474416 0
1.83501 0.398559 0
1.81989 0.439271 0
1.78582 0.391638 0
2.35764 0.260989 0
2.35155 0.313906 0
2.29973 0.309333 0
4.80344 0.101552 0
4.74127 0.065221 0
1.07751 0.249265 0
1.03914 0.281588 0
3.40581 0.677281 0
3.41671 0.335768 0
3.06 0.631552 0
3.12613 0.64181 0
3.09519 0.689658 0
3.25097 0.623816 0
3.23018 0.677332 0
3.18212 0.6464 0
3.03575 0.053157 0
3.03533 0.947222 0
2.83911 0.56086 0
1.08325 0.38463 0
0.212245 0.310021 0
4.07601 0.0617321 0
3.66292 0.215901 0
3.60263 0.278714 0
0.623812 0.772432 0
0.584303 0.768435 0
4.56454 0.344954 0
2.58495 0.049477 0
2.52181 0.049477 0
2.52233 0.950367 0
2.58547 0.950367 0
0.700929 0.142236 0
0.671492 0.121177 0
0.705808 0.100013 0
3.74774 0.718656 0
2.07336 0.374914 0
2.03905 0.415248 0
2.01955 0.357465 0
0.79772 0.654837 0
0.835935 0.669278 0
0.836152 0.331494 0
0.798694 0.34755 0
2.69724 0.229456 0
2.76377 0.212667 0
0.638191 0.85808 0
3.2998 0.713269 0
0.241001 0.77846 0
0.288821 0.783246 0
3.30842 0.582042 0
2.90293 0.578457 0
3.34923 0.319704 0
3.29781 0.295619 0
1.85301 0.86313 0
1.85213 0.133487 0
2.03801 0.834731 0
2.07488 0.803987 0
2.04065 0.167613 0
1.61468 0.683747 0
1.58281 0.712329 0
0.283644 0.214612 0
0.732334 0.233926 0
0.766443 0.215732 0
3.36188 0.3743 0
4.8787 0.772773 0
3.35399 0.640061 0
4.56356 0.526131 0
4.56765 0.423482 0
1.16806 0.389195 0
0.688887 0.960489 0
0.405096 0.0724378 0
0.451341 0.0882589 0
1.65341 0.700778 0
1.35413 0.765948 0
1.35437 0.233739 0
2.65168 0.042037 0
2.61836 0.091514 0
2.61886 0.909589 0
2.65167 0.959222 0
1.65321 0.222894 0
1.20881 0.500912 0
4.94224 0.833787 0
4.93646 0.738986 0
4.85356 0.0521505 0
4.84841 0.153702 0
3.5785 0.948233 0
3.5785 0.0517672 0
2.75337 0.101236 0
2.7166 0.042037 0
2.71659 0.959222 0
2.75335 0.900023 0
1.47844 0.65916 0
1.42713 0.675877 0
2.02391 0.644845 0
2.05598 0.617738 0
2.08349 0.660647 0
1.15056 0.893442 0
1.10439 0.917702 0
1.1044 0.0823045 0
1.15058 0.106595 0
1.62693 0.254758 0
1.6791 0.252014 0
0.469033 0.363047 0
0.598648 0.606621 0
0.60814 0.648801 0
2.4038 0.172029 0
2.44068 0.122054 0
2.44068 0.877946 0
2.40273 0.824693 0
0.690524 0.73966 0
1.19404 0.669159 0
1.1541 0.68611 0
1.15409 0.649218 0
1.57686 0.268053 0
1.60275 0.297173 0
4.47991 0.41288 0
3.88777 0.14992 0
3.87985 0.0586496 0
3.87985 0.94135 0
3.89447 0.855652 0
2.03038 0.576258 0
2.08996 0.592059 0
1.99872 0.867894 0
1.99898 0.132279 0
0.688185 0.0394773 0
1.425 0.0396035 0
1.425 0.960396 0
0.247286 0.735755 0
1.00385 0.649675 0
0.969349 0.629835 0
0.968335 0.370429 0
1.00495 0.345858 0
1.42675 0.33317 0
1.44263 0.380487 0
1.12392 0.966898 0
1.12393 0.0331091 0
0.767594 0.784514 0
0.73072 0.766533 0
0.514599 0.0377906 0
4.42047 0.359561 0
2.91591 0.0342637 0
2.91591 0.965736 0
0.636119 0.143665 0
2.59565 0.133065 0
2.66238 0.125625 0
2.66601 0.874544 0
2.59982 0.86569 0
1.17103 0.348766 0
1.16962 0.310475 0
1.07961 0.61032 0
0.453401 0.912022 0
0.406311 0.927278 0
0.515965 0.962428 0
3.00084 0.809923 0
3.00196 0.187459 0
1.33403 0.43147 0
1.3329 0.475738 0
1.38072 0.411429 0
1.34755 0.389531 0
3.72329 0.261123 0
0.308145 0.690579 0
0.302136 0.646499 0
0.840983 0.179128 0
0.849312 0.139824 0
4.64818 0.065221 0
1.28978 0.186313 0
1.27962 0.146533 0
1.28131 0.853474 0
1.29147 0.813694 0
0.586682 0.232124 0
0.625259 0.227894 0
1.38268 0.68564 0
1.3834 0.317966 0
0.824483 0.58843 0
0.857716 0.561536 0
0.857725 0.4386 0
0.824614 0.411919 0
1.38889 0.962802 0
1.38889 0.0371984 0
1.19274 0.253435 0
1.22677 0.230473 0
0.48189 0.407141 0
0.450584 0.391048 0
4.94927 0.15215 0
1.22522 0.762844 0
1.18543 0.744595 0
1.23384 0.724301 0
1.63571 0.316561 0
1.67622 0.961833 0
1.68087 0.0384101 0
0.275157 0.711689 0
1.15527 0.7218 0
1.98845 0.964629 0
2.00464 0.911907 0
2.00503 0.0881492 0
1.98857 0.0352547 0
2.2701 0.276675 0
2.27203 0.225892 0
0.515902 0.414279 0
2.20564 0.856556 0
2.26653 0.857738 0
2.27214 0.141054 0
2.21191 0.14266 0
0.700697 0.817981 0
0.737081 0.838004 0
3.67535 0.619562 0
1.66895 0.335489 0
1.275 0.638534 0
1.22468 0.652514 0
1.1692 0.278464 0
1.13019 0.29874 0
1.26021 0.785487 0
1.2118 0.805782 0
1.21014 0.194131 0
1.26004 0.207933 0
1.2359 0.871353 0
1.23421 0.128659 0
2.65304 0.224081 0
2.60509 0.246446 0
2.59172 0.189541 0
1.69107 0.29297 0
1.70719 0.34458 0
1.35681 0.658495 0
1.3075 0.641474 0
0.364208 0.496705 0
1.9336 0.0352547 0
1.93348 0.964629 0
1.95052 0.885244 0
1.95065 0.114639 0
1.38399 0.493938 0
1.34415 0.346974 0
4.13629 0.679824 0
4.19369 0.753376 0
1.33332 0.295452 0
1.34622 0.705787 0
0.664406 0.612773 0
0.629051 0.598128 0
2.08785 0.334407 0
2.10734 0.392189 0
0.810189 0.119906 0
2.50172 0.865688 0
2.49162 0.912993 0
2.4911 0.0868515 0
2.5012 0.134156 0
1.30641 0.222655 0
1.3049 0.770757 0
3.23294 0.328557 0
1.32462 0.255359 0
1.29699 0.710596 0
1.32286 0.737741 0
1.02283 0.315974 0
2.70923 0.871219 0
2.77753 0.852798 0
2.77486 0.148162 0
2.70658 0.131 0
1.4642 0.421608 0
1.41581 0.41061 0
3.79562 0.55962 0
3.72085 0.583643 0
2.46128 0.962626 0
2.46128 0.0373745 0
2.45517 0.559414 0
0.494334 0.900451 0
0.490997 0.936426 0
1.86562 0.653613 0
1.83217 0.625851 0
1.86446 0.600473 0
1.80164 0.598956 0
1.8028 0.652096 0
2.15844 0.362675 0
1.89922 0.875864 0
1.89838 0.828497 0
1.89714 0.168876 0
1.89959 0.123379 0
1.90515 0.919877 0
1.90563 0.0792493 0
3.62419 0.341509 0
1.8781 0.777976 0
1.87455 0.220677 0
1.72587 0.970019 0
1.72695 0.0291505 0
4.39098 0.941849 0
4.39826 0.844894 0
0.653746 0.647853 0
1.8481 0.745129 0
0.850248 0.860224 0
0.842254 0.82113 0
1.17392 0.966898 0
1.17393 0.0331091 0
2.85713 0.309811 0
1.14664 0.760343 0
1.13015 0.793362 0
3.69071 0.3308 0
1.10516 0.238191 0
1.12871 0.213161 0
1.15332 0.241701 0
0.475032 0.973999 0
1.20004 0.840756 0
1.18915 0.883685 0
1.18916 0.11635 0
1.19835 0.159282 0
4.94224 0.933787 0
2.68387 0.172551 0
1.41908 0.49312 0
1.4756 0.472537 0
0.796419 0.597562 0
0.787305 0.625559 0
0.761596 0.598707 0
0.761596 0.401293 0
0.787427 0.374752 0
0.796541 0.402748 0
0.210467 0.624951 0
0.256967 0.638679 0
0.217992 0.662047 0
0.558539 0.180298 0
0.555784 0.214917 0
0.698213 0.364301 0
0.724454 0.35095 0
0.726241 0.386648 0
1.16505 0.818113 0
2.32352 0.776731 0
2.29085 0.81048 0
2.29753 0.185034 0
2.33132 0.215557 0
0.733579 0.160861 0
0.699262 0.182025 0
1.16508 0.181822 0
0.424748 0.0262858 0
0.0318432 0.968157 0
1.18643 0.924039 0
1.18643 0.075973 0
0.489347 0.0640764 0
0.491193 0.0997638 0
0.607138 0.376042 0
0.635602 0.400326 0
1.8152 0.536588 0
1.78169 0.565202 0
1.76588 0.529078 0
1.81274 0.714529 0
1.86869 0.70959 0
3.79324 0.682738 0
3.84464 0.623896 0
4.94927 0.0521505 0
0.812492 0.880988 0
0.425032 0.973999 0
1.66457 0.742556 0
0.0309595 0.0309595 0
0.670957 0.385681 0
1.40229 0.45255 0
0.559089 0.786245 0
0.560626 0.820714 0
1.74301 0.369013 0
1.72788 0.409724 0
0.798775 0.561579 0
0.798783 0.43846 0
0.599407 0.162593 0
0.564757 0.141636 0
1.10212 0.277804 0
3.34143 0.0436703 0
3.34143 0.95633 0
1.69658 0.712007 0
2.26742 0.525131 0
1.90098 0.684212 0
1.76513 0.326494 0
1.9379 0.337553 0
2.54611 0.41986 0
0.529284 0.883388 0
2.54976 0.847037 0
2.5477 0.15543 0
1.93626 0.65742 0
1.76095 0.273774 0
0.763749 0.346095 0
2.07294 0.755782 0
0.474748 0.0262858 0
0.735721 0.323748 0
0.805667 0.805552 0
0.771475 0.820142 0
1.72072 0.521953 0
1.75423 0.493339 0
2.11912 0.685099 0
2.08705 0.712206 0
2.98453 0.965736 0
2.98453 0.0342637 0
0.567514 0.860611 0
0.601502 0.839404 0
1.05815 0.323265 0
1.61012 0.558176 0
0.629901 0.182327 0
0.66197 0.208966 0
1.73988 0.459281 0
0.723397 0.971868 0
0.773397 0.971868 0
0.774986 0.0255594 0
0.724986 0.0255594 0
1.78504 0.466407 0
1.83424 0.473329 0
0.804326 0.194865 0
4.29488 0.362058 0
1.67885 0.52358 0
0.694621 0.227591 0
0.526543 0.117461 0
0.769795 0.179783 0
4.36014 0.319662 0
1.84839 0.51602 0
1.97948 0.35572 0
0.813428 0.473816 0
0.813419 0.526224 0
0.775154 0.859042 0
0.236621 0.699841 0
1.63755 0.524018 0
0.693206 0.772231 0
0.660501 0.791108 0
0.396871 0.51463 0
1.73296 0.72472 0
1.9855 0.64427 0
1.12764 0.37118 0
1.8642 0.552143 0
1.71734 0.261105 0
1.11788 0.626962 0
1.77517 0.722862 0
3.73772 0.655159 0
0.771462 0.139994 0
0.631303 0.818183 0
0.714591 0.297902 0
3.10042 0.809992 0
3.10346 0.742545 0
0.695042 0.260867 0
2.13342 0.311832 0
0.713171 0.0650368 0
0.742608 0.0860953 0
1.2247 0.689407 0
1.26449 0.707656 0
1.28785 0.675702 0
2.17003 0.322825 0
2.21472 0.335301 0
0.549277 0.245786 0
1.08622 0.344201 0
0.411307 0.543166 0
0.773973 0.100983 0
0.743777 0.91032 0
0.712284 0.932357 0
0.781336 0.0660065 0
2.38372 0.771459 0
2.38315 0.220131 0
3.35085 0.691968 0
0.778098 0.89885 0
0.781115 0.932266 0
0.548778 0.755174 0
0.542646 0.71714 0
2.26401 0.329592 0
3.04114 0.587237 0
3.00396 0.864558 0
3.00102 0.912958 0
3.00144 0.0874207 0
3.00437 0.135821 0
0.550328 0.287694 0
2.94641 0.559342 0
2.99695 0.545385 0
2.22051 0.512233 0
3.05024 0.157952 0
3.04871 0.839809 0
0.831737 0.500065 0
0.845156 0.526288 0
0.845165 0.47388 0
1.79576 0.687323 0
1.10254 0.309815 0
CELLS 949 6643
6 324 433 90 629 630 631
6 357 211 621 632 633 634
6 570 338 252 635 636 637
6 90 433 89 630 638 94
6 324 338 570 639 635 640
6 211 305 621 641 642 633
6 297 502 463 643 644 645
6 507 508 280 646 647 648
6 463 233 392 649 650 651
6 228 298 462 652 653 654
6 508 379 280 655 656 647
6 208 298 488 657 658 659
6 210 349 452 660 661 662
6 297 463 392 645 651 663
6 502 227 463 664 665 644
6 271 401 438 666 667 668
6 272 439 402 669 670 671
6 278 543 318 672 673 674
6 208 467 298 675 676 657
6 438 401 532 667 677 678
6 439 531 402 679 680 670
6 227 390 503 681 682 683
6 323 393 598 684 685 686
6 489 12 336 687 688 689
6 235 305 410 690 691 692
6 349 466 452 693 694 661
6 300 503 390 695 682 696
6 212 354 342 697 698 699
6 213 598 393 700 685 701
6 228 526 298 702 703 652
6 218 431 553 704 705 706
6 157 480 332 707 708 709
6 101 373 387 710 711 712
6 11 12 489 26 687 713
6 468 99 391 714 715 716
6 235 349 305 717 718 690
6 318 543 347 673 719 720
6 154 430 289 721 722 723
6 212 365 304 724 725 726
6 212 304 366 726 727 728
6 260 464 403 729 730 731
6 261 404 465 732 733 734
6 501 154 289 735 723 736
6 485 290 15 737 738 739
6 290 445 15 740 741 738
6 208 481 467 742 743 675
6 210 306 596 744 745 746
6 44 471 385 747 748 749
6 115 384 472 750 751 752
6 98 99 468 123 714 753
6 237 547 344 754 755 756
6 238 345 548 757 758 759
6 210 351 484 760 761 762
6 275 312 502 763 764 765
6 157 158 480 172 766 707
6 253 540 446 767 768 769
6 237 366 304 770 727 771
6 227 502 312 664 764 772
6 275 419 312 773 774 763
6 227 503 463 683 775 665
6 228 462 504 654 776 777
6 235 339 614 778 779 780
6 323 458 393 781 782 684
6 101 102 373 126 783 710
6 235 614 340 780 784 785
6 210 484 349 762 786 660
6 210 596 351 746 787 760
6 4 334 120 788 789 145
6 1 39 335 63 790 791
6 294 467 481 792 743 793
6 298 526 488 703 794 658
6 237 361 547 795 796 754
6 238 548 362 759 797 798
6 348 528 537 799 800 801
6 256 423 311 802 803 804
6 88 433 363 805 806 807
6 147 412 313 808 809 810
6 22 314 413 811 812 813
6 266 319 449 814 815 816
6 267 450 320 817 818 819
6 55 56 362 80 820 821
6 103 104 361 128 822 823
6 237 304 377 771 824 825
6 295 426 573 826 827 828
6 260 381 464 829 830 729
6 261 465 382 734 831 832
6 18 316 461 833 834 835
6 251 409 307 836 837 838
6 6 429 337 839 840 841
6 221 476 306 842 843 844
6 250 308 408 845 846 847
6 525 251 306 848 849 850
6 97 468 338 851 852 853
6 251 437 306 854 855 849
6 244 315 575 856 857 858
6 245 576 316 859 860 861
6 56 493 362 862 863 820
6 103 361 492 823 864 865
6 342 354 490 698 866 867
6 210 525 306 868 850 744
6 227 312 390 772 869 681
6 254 429 303 870 871 872
6 120 334 449 789 873 874
6 39 450 335 875 876 790
6 287 553 431 877 705 878
6 88 89 433 93 638 805
6 276 399 373 879 880 881
6 277 374 400 882 883 884
6 251 307 437 838 885 854
6 250 436 308 886 887 845
6 206 386 378 888 889 890
6 268 378 386 891 889 892
6 159 333 480 893 894 895
6 286 385 471 896 748 897
6 285 472 384 898 751 899
6 266 334 403 900 901 902
6 151 473 315 903 904 905
6 6 380 175 906 907 178
6 260 545 313 908 909 910
6 261 314 546 911 912 913
6 266 474 319 914 915 814
6 211 410 305 916 691 641
6 97 98 468 122 753 851
6 8 343 190 917 918 193
6 242 519 396 919 920 921
6 243 395 518 922 923 924
6 233 528 348 925 799 926
6 224 317 470 927 928 929
6 295 566 426 930 931 826
6 267 599 335 932 933 934
6 226 296 558 935 936 937
6 335 599 404 933 938 939
6 310 396 519 940 920 941
6 309 518 395 942 923 943
6 247 580 327 944 945 946
6 247 328 580 947 948 944
6 230 402 406 949 950 951
6 275 488 526 952 794 953
6 43 44 385 68 749 954
6 115 116 384 140 955 750
6 249 373 399 956 880 957
6 248 400 374 958 883 959
6 259 303 426 960 961 962
6 277 400 389 884 963 964
6 304 365 551 725 965 966
6 236 486 337 967 968 969
6 235 410 517 692 970 971
6 215 389 400 972 963 973
6 253 420 540 974 975 767
6 151 315 440 905 976 977
6 18 441 316 978 979 833
6 238 551 365 980 965 981
6 225 566 295 982 930 983
6 311 423 520 803 984 985
6 241 341 571 986 987 988
6 278 318 514 674 989 990
6 229 319 474 991 915 992
6 218 553 411 706 993 994
6 288 375 481 995 996 997
6 257 328 367 998 999 1000
6 258 368 327 1001 1002 1003
6 6 337 380 841 1004 906
6 283 406 402 1005 950 1006
6 196 340 614 1007 784 1008
6 247 327 368 946 1002 1009
6 247 367 328 1010 999 947
6 288 561 375 1011 1012 995
6 6 184 429 188 1013 839
6 225 295 447 983 1014 1015
6 226 448 296 1016 1017 935
6 239 333 521 1018 1019 1020
6 10 489 346 1021 1022 1023
6 259 608 303 1024 1025 960
6 244 440 315 1026 976 856
6 245 316 441 861 979 1027
6 293 463 503 1028 775 1029
6 292 504 462 1030 776 1031
6 285 537 528 1032 800 1033
6 260 313 564 910 1034 1035
6 261 565 314 1036 1037 911
6 254 303 470 872 1038 1039
6 147 313 545 810 909 1040
6 22 546 314 1041 912 811
6 241 571 491 988 1042 1043
6 337 486 380 968 1044 1004
6 279 571 341 1045 987 1046
6 60 61 360 85 1047 1048
6 221 306 437 844 855 1049
6 233 348 392 926 1050 650
6 52 456 330 1051 1052 1053
6 107 331 457 1054 1055 1056
6 195 196 614 199 1008 1057
6 244 575 352 858 1058 1059
6 245 353 576 1060 1061 859
6 228 479 419 1062 1063 1064
6 239 521 343 1020 1065 1066
6 224 436 317 1067 1068 927
6 239 480 333 1069 894 1018
6 321 479 541 1070 1071 1072
6 158 159 480 173 895 766
6 208 488 392 659 1073 1074
6 9 201 350 203 1075 1076
6 263 344 550 1077 1078 1079
6 262 549 345 1080 1081 1082
6 246 360 563 1083 1084 1085
6 215 377 389 1086 1087 972
6 240 539 346 1088 1089 1090
6 239 332 480 1091 708 1069
6 157 332 408 709 1092 1093
6 267 320 496 819 1094 1095
6 283 446 540 1096 768 1097
6 266 449 334 816 873 900
6 267 335 450 934 876 817
6 243 541 479 1098 1071 1099
6 326 518 577 1100 1101 1102
6 249 387 373 1103 711 956
6 321 419 479 1104 1063 1070
6 312 552 442 1105 1106 1107
6 255 415 460 1108 1109 1110
6 297 392 488 663 1073 1111
6 268 386 388 892 1112 1113
6 246 563 363 1085 1114 1115
6 209 326 569 1116 1117 1118
6 240 350 539 1119 1120 1088
6 241 388 386 1121 1112 1122
6 248 356 405 1123 1124 1125
6 190 343 521 918 1065 1126
6 229 494 319 1127 1128 991
6 230 320 495 1129 1130 1131
6 250 542 317 1132 1133 1134
6 256 311 628 804 1135 1136
6 189 521 333 1137 1019 1138
6 215 329 399 1139 1140 1141
6 215 400 329 973 1142 1139
6 230 496 320 1143 1094 1129
6 217 341 407 1144 1145 1146
6 279 414 571 1147 1148 1045
6 232 519 325 1149 1150 1151
6 19 20 371 34 1152 1153
6 149 150 370 164 1154 1155
6 257 421 328 1156 1157 998
6 258 327 422 1003 1158 1159
6 231 582 435 1160 1161 1162
6 100 101 387 125 712 1163
6 60 360 536 1048 1164 1165
6 209 541 326 1166 1167 1116
6 247 383 367 1168 1169 1010
6 113 114 358 138 1170 1171
6 45 46 359 70 1172 1173
6 250 317 436 1134 1068 886
6 214 376 368 1174 1175 1176
6 257 523 352 1177 1178 1179
6 258 353 524 1180 1181 1182
6 242 442 325 1183 1184 1185
6 262 456 549 1186 1187 1080
6 263 550 457 1079 1188 1189
6 577 518 231 1101 1190 1191
6 10 11 489 25 713 1021
6 330 435 582 1192 1161 1193
6 250 408 567 847 1194 1195
6 240 489 336 1196 689 1197
6 58 59 356 83 1198 1199
6 100 387 522 1163 1200 1201
6 12 409 336 1202 1203 688
6 175 380 487 907 1204 1205
6 247 376 383 1206 1207 1168
6 240 346 489 1090 1022 1196
6 17 18 461 32 835 1208
6 284 405 356 1209 1124 1210
6 291 569 326 1211 1117 1212
6 248 329 400 1213 1142 958
6 249 399 329 957 1140 1214
6 246 324 570 1215 640 1216
6 263 602 344 1217 1218 1077
6 262 345 603 1082 1219 1220
6 276 492 361 1221 864 1222
6 277 362 493 1223 863 1224
6 288 625 348 1225 1226 1227
6 209 552 541 1228 1229 1166
6 216 388 514 1230 1231 1232
6 247 368 376 1009 1175 1206
6 260 403 334 731 901 1233
6 261 335 404 1234 939 732
6 118 623 397 1235 1236 1237
6 41 398 624 1238 1239 1240
6 262 435 330 1241 1192 1242
6 235 340 466 785 1243 1244
6 52 330 512 1053 1245 1246
6 107 513 331 1247 1248 1054
6 318 347 619 720 1249 1250
6 209 442 552 1251 1106 1228
6 291 326 577 1212 1102 1252
6 232 325 607 1151 1253 1254
6 332 567 408 1255 1194 1092
6 324 568 338 1256 1257 639
6 246 433 324 1258 629 1215
6 213 367 383 1259 1169 1260
6 284 536 360 1261 1164 1262
6 194 614 339 1263 779 1264
6 319 623 449 1265 1266 815
6 320 450 624 818 1267 1268
6 300 390 605 696 1269 1270
6 249 329 411 1214 1271 1272
6 388 491 514 1273 1274 1231
6 270 428 339 1275 1276 1277
6 270 500 343 1278 1279 1280
6 251 578 409 1281 1282 836
6 265 466 340 1283 1243 1284
6 90 568 324 1285 1256 631
6 147 148 412 162 1286 808
6 21 22 413 36 813 1287
6 239 343 500 1066 1279 1288
6 241 407 341 1289 1145 986
6 270 343 428 1280 1290 1275
6 321 541 552 1072 1229 1291
6 242 325 519 1185 1150 919
6 306 476 596 843 1292 745
6 291 577 342 1252 1293 1294
6 286 416 439 1295 1296 1297
6 206 443 379 1298 1299 1300
6 266 403 469 902 1301 1302
6 252 391 431 1303 1304 1305
6 231 342 577 1306 1293 1191
6 319 397 623 1307 1236 1265
6 320 624 398 1268 1239 1308
6 189 333 591 1138 1309 1310
6 159 591 333 1311 1309 893
6 291 342 490 1294 867 1312
6 377 551 389 1313 1314 1087
6 117 118 397 142 1237 1315
6 41 42 398 66 1316 1238
6 202 346 539 1317 1089 1318
6 218 411 538 994 1319 1320
6 211 557 542 1321 1322 1323
6 221 437 505 1049 1324 1325
6 218 538 405 1320 1326 1327
6 265 340 455 1284 1328 1329
6 151 152 473 166 1330 903
6 4 425 334 1331 1332 788
6 1 335 424 791 1333 1334
6 336 409 578 1203 1282 1335
6 287 431 391 878 1304 1336
6 281 460 415 1337 1109 1338
6 183 573 426 1339 827 1340
6 264 476 487 1341 1342 1343
6 252 338 468 636 852 1344
6 244 352 393 1059 1345 1346
6 245 394 353 1347 1348 1060
6 260 334 425 1233 1332 1349
6 261 424 335 1350 1333 1234
6 305 349 484 718 786 1351
6 220 439 416 1352 1296 1353
6 224 511 436 1354 1355 1067
6 239 567 332 1356 1255 1091
6 307 505 437 1357 1324 885
6 248 592 356 1358 1359 1123
6 97 338 587 853 1360 1361
6 311 487 476 1362 1342 1363
6 317 557 470 1364 1365 928
6 52 53 456 77 1366 1051
6 106 107 457 131 1056 1367
6 265 455 350 1329 1368 1369
6 348 625 392 1226 1370 1050
6 575 225 447 1371 1015 1372
6 576 448 226 1373 1016 1374
6 217 465 404 1375 733 1376
6 216 403 464 1377 730 1378
6 263 331 554 1379 1380 1381
6 156 157 408 171 1093 1382
6 255 383 376 1383 1207 1384
6 223 508 507 1385 646 1386
6 245 371 453 1387 1388 1389
6 19 371 441 1153 1390 1391
6 150 440 370 1392 1393 1154
6 312 419 552 774 1394 1105
6 240 336 578 1197 1335 1395
6 308 436 511 887 1355 1396
6 262 330 456 1242 1052 1186
6 263 457 331 1189 1055 1379
6 196 455 340 1397 1328 1007
6 45 359 471 1173 1398 1399
6 114 472 358 1400 1401 1170
6 260 425 545 1349 1402 908
6 261 546 424 913 1403 1350
6 189 190 521 192 1126 1137
6 254 337 429 1404 840 870
6 282 420 427 1405 1406 1407
6 257 352 447 1179 1408 1409
6 258 448 353 1410 1411 1180
6 287 522 387 1412 1200 1413
6 253 375 561 1414 1012 1415
6 244 458 370 1416 1417 1418
6 236 337 586 969 1419 1420
6 232 583 519 1421 1422 1149
6 231 518 582 1190 1423 1160
6 352 575 447 1058 1372 1408
6 353 448 576 1411 1373 1061
6 312 442 390 1107 1424 869
6 240 364 515 1425 1426 1427
6 248 374 592 959 1428 1358
6 280 379 443 656 1299 1429
6 244 393 458 1346 782 1416
6 235 517 339 971 1430 778
6 211 357 557 632 1431 1321
6 248 538 329 1432 1433 1213
6 288 348 581 1227 1434 1435
6 302 501 533 1436 1437 1438
6 231 435 342 1162 1439 1306
6 245 453 394 1389 1440 1347
6 18 19 441 33 1391 978
6 150 151 440 165 977 1392
6 353 394 524 1348 1441 1181
6 352 523 393 1178 1442 1345
6 244 370 440 1418 1393 1026
6 245 441 371 1027 1390 1387
6 294 481 375 793 996 1443
6 219 438 532 1444 678 1445
6 255 444 443 1446 1447 1448
6 194 195 614 198 1057 1263
6 416 527 615 1449 1450 1451
6 194 339 428 1264 1276 1452
6 274 453 371 1453 1388 1454
6 281 415 378 1338 1455 1456
6 254 586 337 1457 1419 1404
6 270 339 517 1277 1430 1458
6 220 531 439 1459 679 1352
6 253 427 420 1460 1406 974
6 9 350 455 1076 1368 1461
6 10 346 593 1023 1462 1463
6 202 593 346 1464 1462 1317
6 218 562 372 1465 1466 1467
6 237 344 602 756 1218 1468
6 238 603 345 1469 1219 757
6 273 370 458 1470 1417 1471
6 8 428 343 1472 1290 917
6 12 13 409 27 1473 1202
6 201 539 350 1474 1120 1075
6 113 358 529 1171 1475 1476
6 46 530 359 1477 1478 1172
6 212 342 510 699 1479 1480
6 359 530 595 1478 1481 1482
6 358 594 529 1483 1484 1475
6 59 536 356 1485 1486 1198
6 284 356 536 1210 1486 1261
6 242 605 390 1487 1269 1488
6 49 50 395 74 1489 1490
6 109 110 396 134 1491 1492
6 217 534 341 1493 1494 1144
6 254 470 557 1039 1365 1495
6 284 360 459 1262 1496 1497
6 206 378 415 890 1455 1498
6 57 592 374 1499 1428 1500
6 250 355 542 1501 1502 1132
6 286 527 416 1503 1449 1295
6 252 431 372 1305 1504 1505
6 255 376 444 1384 1506 1446
6 317 542 557 1133 1322 1364
6 236 351 486 1507 1508 967
6 255 460 383 1110 1509 1383
6 105 550 547 1510 1511 1512
6 54 548 549 1513 1514 1515
6 344 547 550 755 1511 1078
6 345 549 548 1081 1514 758
6 279 341 534 1046 1494 1516
6 265 452 466 1517 694 1283
6 310 609 396 1518 1519 940
6 309 395 610 943 1520 1521
6 237 499 361 1522 1523 795
6 217 407 465 1146 1524 1375
6 246 363 433 1115 806 1258
6 251 525 364 848 1525 1526
6 265 350 515 1369 1527 1528
6 254 357 586 1529 1530 1457
6 210 452 364 662 1531 1532
6 240 515 350 1427 1527 1119
6 236 484 351 1533 761 1507
6 406 540 559 1534 1535 1536
6 234 462 467 1537 1538 1539
6 218 372 431 1467 1504 704
6 201 202 539 204 1318 1474
6 62 363 563 1540 1114 1541
6 394 453 618 1440 1542 1543
6 283 540 406 1097 1534 1005
6 237 602 366 1468 1544 770
6 238 365 603 981 1545 1469
6 232 490 554 1546 1547 1548
6 235 466 349 1244 693 717
6 354 613 554 1549 1550 1551
6 242 390 442 1488 1424 1183
6 51 52 512 76 1246 1552
6 107 108 513 132 1553 1247
6 209 569 442 1118 1554 1251
6 214 444 376 1555 1506 1174
6 364 452 515 1531 1556 1426
6 58 356 592 1199 1359 1557
6 298 467 462 676 1538 653
6 238 362 617 798 1558 1559
6 57 58 592 82 1557 1499
6 259 454 608 1560 1561 1024
6 246 459 360 1562 1496 1083
6 47 48 418 72 1563 1564
6 111 112 417 136 1565 1566
6 299 516 485 1567 1568 1569
6 276 361 499 1222 1523 1570
6 220 375 446 1571 1572 1573
6 295 421 447 1574 1575 1014
6 296 448 422 1017 1576 1577
6 243 479 604 1099 1578 1579
6 289 533 501 1580 1437 736
6 613 263 554 1581 1381 1550
6 239 355 567 1582 1583 1356
6 354 554 490 1551 1547 866
6 212 613 354 1584 1549 697
6 325 442 569 1184 1554 1585
6 603 510 262 1586 1587 1220
6 319 494 397 1128 1588 1307
6 320 398 495 1308 1589 1130
6 285 384 438 899 1590 1591
6 286 439 385 1297 1592 896
6 216 514 469 1232 1593 1594
6 240 578 364 1395 1595 1425
6 226 558 434 937 1596 1597
6 253 446 375 769 1572 1414
6 365 510 603 1598 1586 1545
6 338 568 587 1257 1599 1360
6 212 366 613 728 1600 1584
6 246 570 372 1216 1601 1602
6 210 364 525 1532 1525 868
6 280 443 444 1429 1447 1603
6 153 154 501 168 735 1604
6 307 409 616 837 1605 1606
6 257 447 421 1409 1575 1156
6 258 422 448 1159 1576 1410
6 318 469 514 1607 1593 989
6 260 564 381 1035 1608 829
6 261 382 565 832 1609 1036
6 48 555 418 1610 1611 1563
6 111 417 556 1566 1612 1613
6 599 267 496 932 1095 1614
6 206 415 443 1498 1615 1298
6 91 587 568 1616 1599 1617
6 62 597 363 1618 1619 1540
6 104 547 361 1620 796 822
6 55 362 548 821 797 1621
6 49 395 555 1490 1622 1623
6 110 556 396 1624 1625 1491
6 268 388 464 1113 1626 1627
6 219 427 581 1628 1629 1630
6 273 498 370 1631 1632 1470
6 274 371 497 1454 1633 1634
6 369 599 496 1635 1614 1636
6 216 464 388 1378 1626 1230
6 264 596 476 1637 1292 1341
6 303 429 611 871 1638 1639
6 292 595 530 1640 1481 1641
6 293 529 594 1642 1484 1643
6 259 426 566 962 931 1644
6 281 506 598 1645 1646 1647
6 217 599 369 1648 1635 1649
6 246 372 459 1602 1650 1562
6 57 374 493 1500 1651 1652
6 102 492 373 1653 1654 783
6 254 557 357 1495 1431 1529
6 427 561 581 1655 1656 1629
6 271 438 384 668 1590 1657
6 272 385 439 1658 1592 669
6 15 16 485 30 1659 739
6 1 424 23 1334 1660 38
6 4 146 425 160 1661 1331
6 239 500 355 1288 1662 1582
6 213 523 367 1663 1664 1259
6 214 368 524 1176 1665 1666
6 212 510 365 1480 1598 724
6 269 465 407 1667 1524 1668
6 304 551 377 966 1313 824
6 149 370 498 1155 1632 1669
6 20 497 371 1670 1633 1152
6 225 432 566 1671 1672 982
6 14 15 445 29 741 1673
6 372 562 459 1466 1674 1650
6 250 567 355 1195 1583 1501
6 50 610 395 1675 1520 1489
6 109 396 609 1492 1519 1676
6 290 485 516 737 1568 1677
6 301 418 555 1678 1611 1679
6 300 556 417 1680 1612 1681
6 280 588 507 1682 1683 648
6 213 383 460 1260 1509 1684
6 308 606 408 1685 1686 846
6 154 155 430 169 1687 721
6 310 519 583 941 1422 1688
6 309 582 518 1689 1423 942
6 206 379 475 1300 1690 1691
6 269 475 379 1692 1690 1693
6 8 194 428 197 1452 1472
6 277 617 362 1694 1558 1223
6 211 542 560 1323 1695 1696
6 316 576 584 860 1697 1698
6 61 563 360 1699 1084 1047
6 314 565 478 1037 1700 1701
6 313 477 564 1702 1703 1034
6 256 628 451 1136 1704 1705
6 268 464 381 1627 830 1706
6 269 382 465 1707 831 1667
6 328 421 589 1157 1708 1709
6 327 590 422 1710 1711 1158
6 276 373 492 881 1654 1221
6 277 493 374 1224 1651 882
6 146 147 545 161 1040 1712
6 22 23 546 37 1713 1041
6 251 364 578 1526 1595 1281
6 223 507 626 1386 1714 1715
6 264 486 596 1716 1717 1637
6 61 62 563 86 1541 1699
6 88 363 597 807 1619 1718
6 222 622 506 1719 1720 1721
6 217 369 534 1649 1722 1493
6 119 120 449 144 874 1723
6 39 40 450 64 1724 875
6 355 560 542 1725 1695 1502
6 252 468 391 1344 716 1303
6 323 598 506 686 1646 1726
6 116 482 384 1727 1728 955
6 43 385 483 954 1729 1730
6 234 615 527 1731 1450 1732
6 216 469 403 1594 1301 1377
6 264 487 380 1343 1204 1733
6 358 472 528 1401 1734 1735
6 359 527 471 1736 1737 1398
6 56 57 493 81 1652 862
6 102 103 492 127 865 1653
6 351 596 486 787 1717 1508
6 302 533 432 1438 1738 1739
6 237 377 499 825 1740 1522
6 279 534 369 1516 1722 1741
6 281 378 627 1456 1742 1743
6 322 507 588 1744 1683 1745
6 222 477 622 1746 1747 1719
6 223 626 478 1715 1748 1749
6 313 412 477 809 1750 1702
6 314 478 413 1701 1751 812
6 301 479 504 1752 1753 1754
6 279 369 535 1741 1755 1756
6 268 509 378 1757 1758 891
6 255 443 415 1448 1615 1108
6 305 484 621 1351 1759 642
6 42 43 483 67 1730 1760
6 116 117 482 141 1761 1727
6 271 384 482 1657 1728 1762
6 272 483 385 1763 1729 1658
6 9 455 196 1461 1397 200
6 206 475 386 1691 1764 888
6 269 379 508 1693 655 1765
6 257 367 523 1000 1664 1177
6 258 524 368 1182 1665 1001
6 249 553 387 1766 1767 1103
6 228 504 479 777 1753 1062
6 269 508 382 1765 1768 1707
6 268 381 509 1706 1769 1757
6 183 611 184 1770 1771 187
6 264 380 486 1733 1044 1716
6 220 601 375 1772 1773 1571
6 316 584 461 1698 1774 834
6 293 417 529 1775 1776 1642
6 292 530 418 1641 1777 1778
6 252 372 570 1505 1601 637
6 223 478 565 1749 1700 1779
6 222 564 477 1780 1703 1746
6 342 435 510 1439 1781 1479
6 44 45 471 69 1399 747
6 114 115 472 139 752 1400
6 223 382 508 1782 1768 1385
6 222 509 381 1783 1769 1784
6 213 393 523 701 1442 1663
6 214 524 394 1666 1441 1785
6 396 556 605 1625 1786 1787
6 395 604 555 1788 1789 1622
6 269 407 620 1668 1790 1791
6 215 572 377 1792 1793 1086
6 112 529 417 1794 1776 1565
6 47 418 530 1564 1777 1795
6 297 488 502 1111 1796 643
6 241 491 388 1043 1273 1121
6 308 430 606 1797 1798 1685
6 90 91 568 95 1617 1285
6 104 105 547 129 1512 1620
6 54 55 548 79 1621 1513
6 321 552 419 1291 1394 1104
6 282 544 600 1799 1800 1801
6 287 387 553 1413 1767 877
6 217 404 599 1376 938 1648
6 184 611 429 1771 1638 1013
6 347 600 544 1802 1800 1803
6 294 375 601 1443 1773 1804
6 271 397 494 1805 1588 1806
6 272 495 398 1807 1589 1808
6 117 397 482 1315 1809 1761
6 42 483 398 1760 1810 1316
6 275 502 488 765 1796 952
6 617 551 238 1811 980 1559
6 271 494 401 1806 1812 666
6 272 402 495 671 1813 1807
6 119 449 623 1723 1266 1814
6 40 624 450 1815 1267 1724
6 271 482 397 1762 1809 1805
6 272 398 483 1808 1810 1763
6 99 522 391 1816 1817 715
6 183 426 611 1340 1818 1770
6 229 401 494 1819 1812 1127
6 230 495 402 1131 1813 949
6 315 579 575 1820 1821 857
6 148 149 498 163 1669 1822
6 20 21 497 35 1823 1670
6 222 381 564 1784 1608 1780
6 223 565 382 1779 1609 1782
6 243 518 541 924 1824 1098
6 287 391 522 1336 1817 1412
6 99 100 522 124 1201 1816
6 323 622 458 1825 1826 781
6 277 389 617 964 1827 1694
6 389 551 617 1314 1811 1827
6 322 453 626 1828 1829 1830
6 155 606 430 1831 1798 1687
6 273 477 412 1832 1750 1833
6 274 413 478 1834 1751 1835
6 3 587 91 1836 1616 96
6 301 604 479 1837 1578 1752
6 241 386 620 1122 1838 1839
6 326 541 518 1167 1824 1100
6 182 421 573 1840 1841 1842
6 177 574 422 1843 1844 1845
6 270 410 560 1846 1847 1848
6 221 505 451 1325 1849 1850
6 3 97 587 121 1361 1836
6 176 423 574 1851 1852 1853
6 273 458 622 1471 1826 1854
6 233 594 528 1855 1856 925
6 234 527 595 1732 1857 1858
6 299 434 516 1859 1860 1567
6 274 626 453 1861 1829 1453
6 358 528 594 1735 1856 1483
6 359 595 527 1482 1857 1736
6 13 616 409 1862 1605 1473
6 5 591 159 1863 1311 174
6 5 189 591 191 1310 1863
6 148 498 412 1822 1864 1286
6 21 413 497 1287 1865 1823
6 307 616 445 1606 1866 1867
6 175 487 520 1205 1868 1869
6 274 497 413 1634 1865 1834
6 273 412 498 1833 1864 1631
6 207 600 543 1870 1871 1872
6 229 544 401 1873 1874 1819
6 112 113 529 137 1476 1794
6 46 47 530 71 1795 1477
6 276 572 399 1875 1876 879
6 2 88 597 92 1718 1877
6 315 473 579 904 1878 1820
6 59 60 536 84 1165 1485
6 156 408 606 1382 1686 1879
6 266 469 474 1302 1880 914
6 0 593 202 1881 1464 205
6 0 10 593 24 1463 1881
6 176 520 423 1882 984 1851
6 269 620 475 1791 1883 1692
6 224 454 511 1884 1885 1354
6 175 520 176 1869 1882 179
6 279 406 559 1886 1536 1887
6 248 405 538 1125 1326 1432
6 182 589 421 1888 1708 1840
6 177 422 590 1845 1711 1889
6 290 451 505 1890 1849 1891
6 322 618 453 1892 1542 1828
6 262 510 435 1587 1781 1241
6 53 54 549 78 1515 1893
6 105 106 550 130 1894 1510
6 318 474 469 1895 1880 1607
6 208 392 625 1074 1370 1896
6 282 401 544 1897 1874 1799
6 48 49 555 73 1623 1610
6 110 111 556 135 1613 1624
6 279 535 406 1756 1898 1886
6 283 402 531 1006 680 1899
6 2 597 62 1877 1618 87
6 228 419 526 1064 1900 702
6 308 511 430 1396 1901 1797
6 300 417 503 1681 1902 695
6 301 504 418 1754 1903 1678
6 282 532 401 1904 677 1897
6 230 406 535 951 1898 1905
6 295 573 421 828 1841 1574
6 296 422 574 1577 1844 1906
6 285 438 537 1591 1907 1032
6 347 543 600 719 1871 1802
6 293 503 417 1029 1902 1775
6 292 418 504 1778 1903 1030
6 14 445 616 1673 1866 1908
6 296 574 423 1906 1852 1909
6 215 399 572 1141 1876 1792
6 243 604 395 1579 1788 922
6 242 396 605 921 1787 1487
6 225 579 432 1910 1911 1671
6 207 543 414 1872 1912 1913
6 219 581 537 1630 1914 1915
6 108 109 609 133 1676 1916
6 50 51 610 75 1917 1675
6 40 41 624 65 1240 1815
6 118 119 623 143 1814 1235
6 289 511 454 1918 1885 1919
6 329 538 411 1433 1319 1271
6 214 394 618 1785 1543 1920
6 278 514 491 990 1274 1921
6 256 451 516 1705 1922 1923
6 279 559 414 1887 1924 1147
6 152 153 612 167 1925 1926
6 16 17 585 31 1927 1928
6 207 559 540 1929 1535 1930
6 155 156 606 170 1879 1831
6 13 14 616 28 1908 1862
6 348 537 581 801 1914 1434
6 289 430 511 722 1901 1918
6 226 584 576 1931 1697 1374
6 311 520 487 985 1868 1362
6 285 528 472 1033 1734 898
6 286 471 527 897 1737 1503
6 176 574 177 1853 1843 180
6 182 573 183 1842 1339 186
6 270 517 410 1458 970 1846
6 211 560 410 1696 1847 916
6 218 405 562 1327 1932 1465
6 275 526 419 953 1900 773
6 278 414 543 1933 1912 672
6 256 516 434 1923 1860 1934
6 249 411 553 1272 993 1766
6 307 445 505 1867 1935 1357
6 226 434 584 1597 1936 1931
6 284 562 405 1937 1932 1209
6 207 540 420 1930 975 1938
6 220 446 531 1573 1939 1459
6 7 177 590 181 1889 1940
6 7 589 182 1941 1888 185
6 302 432 579 1739 1911 1942
6 290 505 445 1891 1935 740
6 270 560 500 1848 1943 1278
6 241 620 407 1839 1790 1289
6 278 571 414 1944 1148 1933
6 259 432 533 1945 1738 1946
6 207 414 559 1913 1924 1929
6 236 621 484 1947 1759 1533
6 318 619 474 1250 1948 1895
6 265 515 452 1528 1556 1517
6 282 427 532 1407 1949 1904
6 280 444 588 1603 1950 1682
6 290 516 451 1677 1922 1890
6 282 600 420 1801 1951 1405
6 369 496 535 1636 1952 1755
6 281 598 460 1647 1953 1337
6 229 474 619 992 1948 1954
6 377 572 499 1793 1955 1740
6 299 584 434 1956 1936 1859
6 230 535 496 1905 1952 1143
6 283 531 446 1899 1939 1096
6 219 532 427 1445 1949 1628
6 259 533 454 1946 1957 1560
6 146 545 425 1712 1402 1661
6 23 424 546 1660 1403 1713
6 296 423 558 1909 1958 936
6 331 583 554 1959 1960 1380
6 225 575 579 1371 1821 1910
6 278 491 571 1921 1042 1944
6 256 434 558 1934 1596 1961
6 259 566 432 1644 1672 1945
6 220 416 601 1353 1962 1772
6 207 420 600 1938 1951 1870
6 299 485 585 1569 1963 1964
6 232 554 583 1548 1960 1421
6 253 561 427 1415 1655 1460
6 219 537 438 1915 1907 1444
6 256 558 423 1961 1958 802
6 222 506 627 1721 1965 1966
6 222 627 509 1966 1967 1783
6 294 601 416 1804 1962 1968
6 294 416 615 1968 1451 1969
6 386 475 620 1764 1883 1838
6 289 454 533 1919 1957 1580
6 284 459 562 1497 1674 1937
6 53 549 456 1893 1187 1366
6 106 457 550 1367 1188 1894
6 16 585 485 1928 1963 1659
6 303 611 426 1639 1818 961
6 221 451 628 1850 1704 1970
6 276 499 572 1570 1955 1875
6 214 588 444 1971 1950 1555
6 236 586 621 1420 1972 1947
6 299 461 584 1973 1774 1956
6 302 612 501 1974 1975 1436
6 300 605 556 1270 1786 1680
6 301 555 604 1679 1789 1837
6 299 585 461 1964 1976 1973
6 355 500 560 1662 1943 1725
6 293 594 463 1643 1977 1028
6 292 462 595 1031 1978 1640
6 357 621 586 634 1972 1530
6 263 613 602 1581 1979 1217
6 302 473 612 1980 1981 1974
6 302 579 473 1942 1878 1980
6 224 608 454 1982 1561 1884
6 233 463 594 649 1977 1855
6 234 595 462 1858 1978 1537
6 366 602 613 1544 1979 1600
6 303 608 470 1025 1983 1038
6 213 460 598 1684 1953 700
6 322 626 507 1830 1714 1744
6 288 581 561 1435 1656 1011
6 153 501 612 1604 1975 1925
6 294 615 467 1969 1984 792
6 17 461 585 1208 1976 1927
6 323 506 622 1726 1720 1825
6 232 607 490 1254 1985 1546
6 310 513 609 1986 1987 1518
6 309 610 512 1521 1988 1989
6 221 628 476 1970 1990 842
6 325 569 607 1585 1991 1253
6 224 470 608 929 1983 1982
6 108 609 513 1916 1987 1553
6 51 512 610 1552 1988 1917
6 234 467 615 1539 1984 1731
6 152 612 473 1926 1981 1330
6 291 607 569 1992 1991 1211
6 208 625 481 1896 1993 742
6 330 582 512 1193 1994 1245
6 331 513 583 1248 1995 1959
6 311 476 628 1363 1990 1135
6 273 622 477 1854 1747 1832
6 274 478 626 1835 1748 1861
6 288 481 625 997 1993 1225
6 309 512 582 1989 1994 1689
6 310 583 513 1688 1995 1986
6 291 490 607 1312 1985 1992
6 7 580 589 1996 1997 1941
6 7 590 580 1940 1998 1996
6 229 619 544 1954 1999 1873
6 347 544 619 1803 1999 1249
6 281 627 506 1743 1965 1645
6 378 509 627 1758 1967 1742
6 328 589 580 1709 1997 948
6 327 580 590 945 1998 1710
6 214 618 588 1920 2000 1971
6 322 588 618 1745 2000 1892
CELL_TYPES 949
22
22
22
22
22
22
22
22
22
22
22
22
22
22
22
22
22
22
22
22
22
22
22
22
22
22
22
22
22
22
22
22
22
22
22
22
22
22
22
22
22
22
22
22
22
22
22
22
22
22
22
22
22
22
22
22
22
22
22
22
22
22
22
22
22
22
22
22
22
22
22
22
22
22
22
22
22
22
22
22
22
22
22
22
22
22
22
22
22
22
22
22
22
22
22
22
22
22
22
22
22
22
22
22
22
22
22
22
22
22
22
22
22
22
22
22
22
22
22
22
22
22
22
22
22
22
22
22
22
22
22
22
22
22
22
22
22
22
22
22
22
22
22
22
22
22
22
22
22
22
22
22
22
22
22
22
22
22
22
22
22
22
22
22
22
22
22
22
22
22
22
22
22
22
22
22
22
22
22
22
22
22
22
22
22
22
22
22
22
22
22
22
22
22
22
22
22
22
22
22
22
22
22
22
22
22
22
22
22
22
22
22
22
22
22
22
22
22
22
22
22
22
22
22
22
22
22
22
22
22
22
22
22
22
22
22
22
22
22
22
22
22
22
22
22
22
22
22
22
22
22
22
22
22
22
22
22
22
22
22
22
22
22
22
22
22
22
22
22
22
22
22
22
22
22
22
22
22
22
22
22
22
22
22
22
22
22
22
22
22
22
22
22
22
22
22
22
22
22
22
22
22
22
22
22
22
22
22
22
22
22
22
22
22
22
22
22
22
22
22
22
22
22
22
22
22
22
22
22
22
22
22
22
22
22
22
22
22
22
22
22
22
22
22
22
22
22
22
22
22
22
22
22
22
22
22
22
22
22
22
22
22
22
22
22
22
22
22
22
22
22
22
22
22
22
22
22
22
22
22
22
22
22
22
22
22
22
22
22
22
22
22
22
22
22
22
22
22
22
22
22
22
22
22
22
22
22
22
22
22
22
22
22
22
22
22
22
22
22
22
22
22
22
22
22
22
22
22
22
22
22
22
22
22
22
22
22
22
22
22
22
22
22
22
22
22
22
22
22
22
22
22
22
22
22
22
22
22
22
22
22
22
22
22
22
22
22
22
22
22
22
22
22
22
22
22
22
22
22
22
22
22
22
22
22
22
22
22
22
22
22
22
22
22
22
22
22
22
22
22
22
22
22
22
22
22
22
22
22
22
22
22
22
22
22
22
22
22
22
22
22
22
22
22
22
22
22
22
22
22
22
22
22
22
22
22
22
22
22
22
22
22
22
22
22
22
22
22
22
22
22
22
22
22
22
22
22
22
22
22
22
22
22
22
22
22
22
22
22
22
22
22
22
22
22
22
22
22
22
22
22
22
22
22
22
22
22
22
22
22
22
22
22
22
22
22
22
22
22
22
22
22
22
22
22
22
22
22
22
22
22
22
22
22
22
22
22
22
22
22
22
22
22
22
22
22
22
22
22
22
22
22
22
22
22
22
22
22
22
22
22
22
22
22
22
22
22
22
22
22
22
22
22
22
22
22
22
22
22
22
22
22
22
22
22
22
22
22
22
22
22
22
22
22
22
22
22
22
22
22
22
22
22
22
22
22
22
22
22
22
22
22
22
22
22
22
22
22
22
22
22
22
22
22
22
22
22
22
22
22
22
22
22
22
22
22
22
22
22
22
22
22
22
22
22
22
22
22
22
22
22
22
22
22
22
22
22
22
22
22
22
22
22
22
22
22
22
22
22
22
22
22
22
22
22
22
22
22
22
22
22
22
22
22
22
22
22
22
22
22
22
22
22
22
22
22
22
22
22
22
22
22
22
22
22
22
22
22
22
22
22
22
22
22
22
22
22
22
22
22
22
22
22
22
22
22
22
22
22
22
22
22
22
22
22
22
22
22
22
22
22
22
22
22
22
22
22
22
22
22
22
22
22
22
22
22
22
22
22
22
22
22
22
22
22
22
22
22
22
22
22
22
22
22
22
22
22
22
22
22
22
22
22
22
22
22
22
22
22
22
22
22
22
22
22
22
22
22
22
22
22
22
22
22
22
22
22
22
22
22
22
22
22
22
22
22
22
22
22
22
22
22
22
22
22
22
22
22
22
22
22
22
22
22
22
22
22
22
22
22
22
22
22
22
22
22
22
22
22
22
22
22
22
22
22
22
22
22
22
22
22
22
22
22
22
22
22
22
22
POINT_DATA 2001
VECTORS velocity double
-0.000000000441243 -0.000000000458445 0.000000000000000
0.000000000089758 -0.000000000548665 0.000000000000000
0.000000000120148 0.000000000017135 0.000000000000000
0.000000000183419 -0.000000000021461 0.000000000000000
0.000000000088532 0.000000000547087 0.000000000000000
-0.000000000439805 0.000000000456724 0.000000000000000
0.000000002849935 0.000000000010074 0.000000000000000
-0.000000000095644 0.000000000004938 0.000000000000000
0.839999999066688 -0.000000000002146 0.000000000000000
0.839999999065171 0.000000000002204 0.000000000000000
-0.000000000050423 -0.000000000831246 0.000000000000000
0.000000000014782 -0.000000000895180 0.000000000000000
0.000000000026762 -0.000000000917526 0.000000000000000
0.000000000036808 -0.000000000975966 0.000000000000000
0.000000000132750 -0.000000001059965 0.000000000000000
0.000000000453230 -0.000000000594589 0.000000000000000
0.000000000252347 -0.000000000058975 0.000000000000000
0.000000000070217 -0.000000000155016 0.000000000000000
-0.000000000004021 -0.000000000353231 0.000000000000000
0.000000000049925 -0.000000000414533 0.000000000000000
0.000000000064574 -0.000000000479644 0.000000000000000
0.000000000076398 -0.000000000513583 0.000000000000000
0.000000000095171 -0.000000000534071 0.000000000000000
0.000000000084253 -0.000000000540772 0.000000000000000
0.000000000102241 -0.000000000981076 0.000000000000000
0.000000000042570 -0.000000000920330 0.000000000000000
0.000000000026954 -0.000000000914441 0.000000000000000
0.000000000006045 -0.000000000939711 0.000000000000000
-0.000000000005477 -0.000000001016788 0.000000000000000
0.000000000166868 -0.000000000865055 0.000000000000000
0.000000000194705 -0.000000000288029 0.000000000000000
0.000000000064126 -0.000000000105206 0.000000000000000
0.000000000008591 -0.000000000256312 0.000000000000000
0.000000000029713 -0.000000000379176 0.000000000000000
0.000000000025151 -0.000000000446607 0.000000000000000
0.000000000041494 -0.000000000497299 0.000000000000000
0.000000000043936 -0.000000000524606 0.000000000000000
0.000000000049886 -0.000000000537650 0.000000000000000
0.000000000052167 -0.000000000545807 0.000000000000000
0.000000000097238 -0.000000000548098 0.000000000000000
0.000000000086762 -0.000000000539316 0.000000000000000
0.000000000086536 -0.000000000531432 0.000000000000000
0.000000000093449 -0.000000000518079 0.000000000000000
0.000000000095260 -0.000000000505387 0.000000000000000
0.000000000099800 -0.000000000493122 0.000000000000000
0.000000000094774 -0.000000000476391 0.000000000000000
0.000000000094762 -0.000000000460055 0.000000000000000
0.000000000094671 -0.000000000440161 0.000000000000000
0.000000000100122 -0.000000000419523 0.000000000000000
0.000000000091703 -0.000000000397408 0.000000000000000
0.000000000097293 -0.000000000382697 0.000000000000000
0.000000000103581 -0.000000000347285 0.000000000000000
0.000000000122830 -0.000000000335091 0.000000000000000
0.000000000107275 -0.000000000310159 0.000000000000000
0.000000000115105 -0.000000000285205 0.000000000000000
0.000000000117439 -0.000000000253857 0.000000000000000
0.000000000145071 -0.000000000237093 0.000000000000000
0.000000000154409 -0.000000000193632 0.000000000000000
0.000000000097274 -0.000000000160020 0.000000000000000
0.000000000112797 -0.000000000157517 0.000000000000000
0.000000000125109 -0.000000000106543 0.000000000000000
0.000000000156365 -0.000000000088415 0.000000000000000
0.000000000153003 -0.000000000030294 0.000000000000000
0.000000000052004 -0.000000000550400 0.000000000000000
0.000000000057949 -0.000000000543997 0.000000000000000
0.000000000061215 -0.000000000535779 0.000000000000000
0.000000000061698 -0.000000000525492 0.000000000000000
0.000000000059875 -0.000000000511820 0.000000000000000
0.000000000056764 -0.000000000499380 0.000000000000000
0.000000000058482 -0.000000000484842 0.000000000000000
0.000000000060242 -0.000000000468595 0.000000000000000
0.000000000061069 -0.000000000450078 0.000000000000000
0.000000000060018 -0.000000000430540 0.000000000000000
0.000000000058619 -0.000000000407825 0.000000000000000
0.000000000057833 -0.000000000391462 0.000000000000000
0.000000000060471 -0.000000000364953 0.000000000000000
0.000000000047974 -0.000000000341135 0.000000000000000
0.000000000050349 -0.000000000321604 0.000000000000000
0.000000000052839 -0.000000000299016 0.000000000000000
0.000000000050506 -0.000000000269866 0.000000000000000
0.000000000041564 -0.000000000248237 0.000000000000000
0.000000000041355 -0.000000000214356 0.000000000000000
0.000000000044060 -0.000000000176366 0.000000000000000
0.000000000044795 -0.000000000160519 0.000000000000000
0.000000000050696 -0.000000000132216 0.000000000000000
0.000000000035824 -0.000000000101009 0.000000000000000
0.000000000039003 -0.000000000058041 0.000000000000000
0.000000000041809 -0.000000000010911 0.000000000000000
0.771048247888479 0.006523872584913 0.000000000000000
0.771995622379595 0.011611035712989 0.000000000000000
0.775527838743936 0.006003106966502 0.000000000000000
0.778448445432090 -0.001203749903607 0.000000000000000
0.560074745682279 0.007010301866490 0.000000000000000
0.779010642087995 0.009263728561839 0.000000000000000
0.781448698678085 0.009186488632626 0.000000000000000
0.777829624701377 -0.010523539749738 0.000000000000000
0.553126173236633 0.001825241508299 0.000000000000000
0.000000000250166 0.000000000054110 0.000000000000000
0.000000000112615 0.000000000102202 0.000000000000000
0.000000000113898 0.000000000093465 0.000000000000000
0.000000000142677 0.000000000150532 0.000000000000000
0.000000000143974 0.000000000180809 0.000000000000000
0.000000000133032 0.000000000191382 0.000000000000000
0.000000000126589 0.000000000240077 0.000000000000000
0.000000000105695 0.000000000247994 0.000000000000000
0.000000000114762 0.000000000282290 0.000000000000000
0.000000000107675 0.000000000310134 0.000000000000000
0.000000000121904 0.000000000334091 0.000000000000000
0.000000000103317 0.000000000347943 0.000000000000000
0.000000000097395 0.000000000383204 0.000000000000000
0.000000000091486 0.000000000397905 0.000000000000000
0.000000000099216 0.000000000420241 0.000000000000000
0.000000000093795 0.000000000440299 0.000000000000000
0.000000000094267 0.000000000460226 0.000000000000000
0.000000000094783 0.000000000475908 0.000000000000000
0.000000000100399 0.000000000493368 0.000000000000000
0.000000000095897 0.000000000505509 0.000000000000000
0.000000000094574 0.000000000518726 0.000000000000000
0.000000000087426 0.000000000532353 0.000000000000000
0.000000000087426 0.000000000539523 0.000000000000000
0.000000000095642 0.000000000545349 0.000000000000000
0.000000000022475 0.000000000017686 0.000000000000000
0.000000000032953 0.000000000080494 0.000000000000000
0.000000000047033 0.000000000096100 0.000000000000000
0.000000000045805 0.000000000124413 0.000000000000000
0.000000000037752 0.000000000165393 0.000000000000000
0.000000000034001 0.000000000187533 0.000000000000000
0.000000000048722 0.000000000216168 0.000000000000000
0.000000000045269 0.000000000244699 0.000000000000000
0.000000000053063 0.000000000265206 0.000000000000000
0.000000000053853 0.000000000297657 0.000000000000000
0.000000000050699 0.000000000321447 0.000000000000000
0.000000000048894 0.000000000341214 0.000000000000000
0.000000000060541 0.000000000365422 0.000000000000000
0.000000000057959 0.000000000392065 0.000000000000000
0.000000000058980 0.000000000408432 0.000000000000000
0.000000000060393 0.000000000430970 0.000000000000000
0.000000000061442 0.000000000450293 0.000000000000000
0.000000000060293 0.000000000468434 0.000000000000000
0.000000000058518 0.000000000484629 0.000000000000000
0.000000000056575 0.000000000499666 0.000000000000000
0.000000000059928 0.000000000512178 0.000000000000000
0.000000000061849 0.000000000526427 0.000000000000000
0.000000000061401 0.000000000536407 0.000000000000000
0.000000000057657 0.000000000542864 0.000000000000000
0.000000000053269 0.000000000547777 0.000000000000000
0.000000000083985 0.000000000538707 0.000000000000000
0.000000000094951 0.000000000531952 0.000000000000000
0.000000000076167 0.000000000512367 0.000000000000000
0.000000000065736 0.000000000481191 0.000000000000000
0.000000000045277 0.000000000416627 0.000000000000000
-0.000000000003926 0.000000000352509 0.000000000000000
0.000000000075770 0.000000000154918 0.000000000000000
0.000000000251317 0.000000000062541 0.000000000000000
0.000000000434002 0.000000000573529 0.000000000000000
0.000000000130563 0.000000001040167 0.000000000000000
0.000000000039887 0.000000000967690 0.000000000000000
0.000000000027770 0.000000000912452 0.000000000000000
0.000000000015516 0.000000000890617 0.000000000000000
-0.000000000049864 0.000000000827842 0.000000000000000
0.000000000052290 0.000000000543635 0.000000000000000
0.000000000050086 0.000000000535665 0.000000000000000
0.000000000044228 0.000000000523262 0.000000000000000
0.000000000042358 0.000000000496551 0.000000000000000
0.000000000026724 0.000000000449819 0.000000000000000
0.000000000030197 0.000000000378052 0.000000000000000
0.000000000008287 0.000000000251267 0.000000000000000
0.000000000063057 0.000000000110294 0.000000000000000
0.000000000189484 0.000000000281488 0.000000000000000
0.000000000169066 0.000000000848381 0.000000000000000
-0.000000000001679 0.000000001003595 0.000000000000000
0.000000000007715 0.000000000934249 0.000000000000000
0.000000000027406 0.000000000909582 0.000000000000000
0.000000000043170 0.000000000916153 0.000000000000000
0.000000000102155 0.000000000977148 0.000000000000000
0.000000001155861 0.000000000312278 0.000000000000000
0.000000001175812 -0.000000000323676 0.000000000000000
0.000000000313858 0.000000000036031 0.000000000000000
0.000000001824272 0.000000000229701 0.000000000000000
0.000000000470376 0.000000000338125 0.000000000000000
-0.000000000012997 -0.000000000040118 0.000000000000000
-0.000000000122650 0.000000000006714 0.000000000000000
0.000000000350455 -0.000000000007852 0.000000000000000
0.000000000913260 0.000000000212259 0.000000000000000
0.000000001111013 0.000000000006147 0.000000000000000
-0.000000000110252 0.000000000009332 0.000000000000000
0.000000000055072 0.000000000005943 0.000000000000000
0.000000000354778 -0.000000000282058 0.000000000000000
0.000000002011391 -0.000000000277269 0.000000000000000
0.359999999165020 0.000000000074614 0.000000000000000
0.639999999084419 0.000000000008628 0.000000000000000
0.189999999014525 -0.000000000067135 0.000000000000000
0.509999999069463 -0.000000000012433 0.000000000000000
0.749999999073815 -0.000000000000619 0.000000000000000
0.959999999043305 -0.000000000002516 0.000000000000000
0.999999999050796 0.000000000000157 0.000000000000000
0.959999999038270 0.000000000002493 0.000000000000000
0.909999999067999 0.000000000001609 0.000000000000000
0.989999999061910 -0.000000000001328 0.000000000000000
0.989999999065513 0.000000000002391 0.000000000000000
0.909999999062347 -0.000000000001113 0.000000000000000
0.639999999083494 -0.000000000008404 0.000000000000000
0.359999999164408 -0.000000000074538 0.000000000000000
0.749999999068758 0.000000000001550 0.000000000000000
0.509999999066087 0.000000000012606 0.000000000000000
0.189999999010812 0.000000000067247 0.000000000000000
0.429234182243179 -0.001071050102802 0.000000000000000
0.649489689210443 -0.001817499436539 0.000000000000000
0.737310501940906 0.000108428290350 0.000000000000000
0.755312831138467 0.000534855661135 0.000000000000000
0.931502518072877 0.030147396003113 0.000000000000000
0.981689272132006 -0.028038515275064 0.000000000000000
0.765654270040870 0.001025345503494 0.000000000000000
0.952854498511677 -0.062104145705969 0.000000000000000
0.941178512305044 0.056186871561589 0.000000000000000
0.764076255297617 -0.004322317099204 0.000000000000000
0.835517262572904 -0.011078830056978 0.000000000000000
0.832026460377431 0.012275945966739 0.000000000000000
0.768842255924594 0.002245665894673 0.000000000000000
0.774151611028918 -0.011041195869690 0.000000000000000
0.770505938075005 0.012289434817813 0.000000000000000
0.642279684513619 -0.469510578566834 0.000000000000000
0.864506517888234 -0.004494035334775 0.000000000000000
0.863477929608398 0.002934559825746 0.000000000000000
0.652977428418639 0.473873078582554 0.000000000000000
0.995601938422864 -0.245441733183359 0.000000000000000
0.998232009460967 0.249375749209585 0.000000000000000
0.757529151716691 -0.003216573712713 0.000000000000000
0.757232897451899 0.003094387399797 0.000000000000000
0.797323191706139 -0.002343708850139 0.000000000000000
0.796714539783203 0.001487565348996 0.000000000000000
0.757965748345633 0.006576822798255 0.000000000000000
0.757885511834139 -0.002493646674846 0.000000000000000
0.766362580114943 -0.001672202044322 0.000000000000000
0.766068946087792 0.001264617042129 0.000000000000000
1.009470355893135 0.000389634944146 0.000000000000000
1.073518509590796 -0.020250573875495 0.000000000000000
0.758483043166723 -0.002941793070924 0.000000000000000
0.758910252831939 0.006221709476427 0.000000000000000
0.611864238806271 -0.010685278846146 0.000000000000000
0.602878685200902 0.011755970951099 0.000000000000000
0.551740414697628 0.002755728113688 0.000000000000000
0.758277447928784 -0.003626159544671 0.000000000000000
0.759060480786884 0.004170887658884 0.000000000000000
0.859482856390593 -0.030784744614960 0.000000000000000
0.864450282445755 0.030047427373449 0.000000000000000
0.758279818394595 -0.002830935818600 0.000000000000000
0.040624834368890 -0.002988561632683 0.000000000000000
0.765504387193651 0.003867826589179 0.000000000000000
0.765262963068574 -0.008201956263591 0.000000000000000
0.578308353082116 -0.041276838750785 0.000000000000000
0.567757464817531 0.055112843353011 0.000000000000000
0.770344467933803 0.002580232021012 0.000000000000000
0.691948673696603 0.001116492510014 0.000000000000000
0.992134662224892 0.200341216333792 0.000000000000000
0.294345997275727 -0.004231217453198 0.000000000000000
0.930089873288770 -0.312256483943799 0.000000000000000
1.042889987623187 -0.193495986837882 0.000000000000000
1.017062265050730 0.185382112799767 0.000000000000000
0.937950734721254 0.325596699751235 0.000000000000000
0.789780972031047 0.006098347467942 0.000000000000000
0.789879870573043 -0.005889046048947 0.000000000000000
0.762775262236543 -0.006767337375374 0.000000000000000
0.762480075379679 0.007537194011274 0.000000000000000
0.955624514561451 -0.247462751207928 0.000000000000000
0.910607784259804 0.011826048185724 0.000000000000000
0.767875801446285 0.008669039737746 0.000000000000000
0.755001655868330 -0.008821949893153 0.000000000000000
0.845207752923495 -0.022971793603947 0.000000000000000
0.822744595492734 0.027576531364016 0.000000000000000
0.919234533926192 -0.010916678837997 0.000000000000000
0.755576040018940 -0.002031741816684 0.000000000000000
0.756138257107941 0.001806425035071 0.000000000000000
0.768518889090512 0.010080165746483 0.000000000000000
0.768161110536288 -0.009753290192238 0.000000000000000
0.744461292988633 0.000087533095588 0.000000000000000
0.760740002143341 -0.002753535666698 0.000000000000000
0.760311100915476 -0.001042058895107 0.000000000000000
0.683656953275082 -0.016049703536324 0.000000000000000
0.754411590683093 0.013088114255645 0.000000000000000
0.864154465000446 0.035390349749646 0.000000000000000
0.885103978381198 -0.032158392252755 0.000000000000000
0.758943948726719 -0.012800834341192 0.000000000000000
0.765242389139268 0.012358781791529 0.000000000000000
0.760302769632787 -0.001320799586224 0.000000000000000
0.752788916942489 -0.001946955980708 0.000000000000000
0.756128431751488 0.001683673494272 0.000000000000000
0.751579337315395 0.001430456729133 0.000000000000000
0.729128182397718 -0.005118671120721 0.000000000000000
0.638553817384337 0.266889290762956 0.000000000000000
0.625878792596291 -0.291866281100592 0.000000000000000
0.754263701288700 -0.000195653275634 0.000000000000000
0.750326253620144 0.001014336038077 0.000000000000000
0.750982205462073 -0.000940466034221 0.000000000000000
0.753742785779676 0.006743218985623 0.000000000000000
1.104462468319002 -0.306755283702517 0.000000000000000
1.078120032121138 0.298136075642367 0.000000000000000
0.751469317923515 -0.002233571190999 0.000000000000000
0.752158367840595 0.002154057010778 0.000000000000000
0.887471685196738 0.173348744318913 0.000000000000000
0.746013579621080 -0.003159454336122 0.000000000000000
0.744463322252366 0.002861888981201 0.000000000000000
0.877446084772894 -0.170875279688687 0.000000000000000
0.728481916751165 0.848072373558104 0.000000000000000
0.755838942954021 0.001156699993272 0.000000000000000
1.031136567349038 -0.005611348436642 0.000000000000000
0.827687798122531 0.005706572725102 0.000000000000000
0.381325404133217 -0.112573504208390 0.000000000000000
0.391341839179639 0.118942281380740 0.000000000000000
0.740259554126926 0.000426134969422 0.000000000000000
0.740646125750174 -0.000333663720615 0.000000000000000
0.818876995007045 -0.802514611769130 0.000000000000000
0.749812083618935 -0.002124695290296 0.000000000000000
0.686653474123798 0.009516117054149 0.000000000000000
0.686167849294701 -0.009165697919776 0.000000000000000
0.812585073966837 -0.079437915822893 0.000000000000000
0.818387684822897 0.086536932274756 0.000000000000000
0.801303629155714 0.032854455384862 0.000000000000000
0.807464046095374 -0.007700655174678 0.000000000000000
0.749776468322985 0.004299062497663 0.000000000000000
0.732958003718474 -0.004669106494042 0.000000000000000
0.754194156095208 0.003638836494623 0.000000000000000
0.903859336887813 0.008046051209372 0.000000000000000
0.894488508206726 -0.007369783019934 0.000000000000000
0.751935965314404 -0.005881411837831 0.000000000000000
0.759483400146472 0.003432249937563 0.000000000000000
0.758743574091919 -0.001143341845108 0.000000000000000
0.478185625387751 0.135466928626613 0.000000000000000
0.529074471756112 -0.145843876265150 0.000000000000000
0.763894131952878 -0.001359838929923 0.000000000000000
0.751420577192833 0.007968361729408 0.000000000000000
0.750621016294670 -0.008383875455824 0.000000000000000
0.375920381861622 -0.011695437932137 0.000000000000000
0.403412201842636 -0.006725014093910 0.000000000000000
0.649784079374897 0.003331179170534 0.000000000000000
0.672133920178788 -0.003000597317527 0.000000000000000
0.365919933982734 0.012178407034474 0.000000000000000
1.159956777629642 0.142505298621947 0.000000000000000
0.746903623729270 -0.007248212233517 0.000000000000000
0.977110502688933 -0.004773152983914 0.000000000000000
0.977059787774633 0.006005790495508 0.000000000000000
0.714640698587832 0.018457117916501 0.000000000000000
0.756241738290909 0.002647136348660 0.000000000000000
0.769370641208196 -0.013093375311053 0.000000000000000
0.741790623723091 0.004960996960481 0.000000000000000
0.738969927345515 -0.004064643220471 0.000000000000000
0.396183638833449 0.008375611972275 0.000000000000000
0.765119959570811 -0.013983210640963 0.000000000000000
0.762487075165319 -0.005782773357879 0.000000000000000
1.010535581651257 0.016345433571473 0.000000000000000
0.770968074689914 0.015790645073551 0.000000000000000
1.030238011226468 0.002792510423399 0.000000000000000
0.961042643980492 -0.102304230358467 0.000000000000000
0.972934635295824 0.101115120089307 0.000000000000000
0.759908791377794 -0.001252209197336 0.000000000000000
0.744133359499154 -0.030144604237359 0.000000000000000
0.738681091988540 -0.004328567742665 0.000000000000000
1.050268458915434 -0.011471753047358 0.000000000000000
0.585834916492340 0.002205892132663 0.000000000000000
0.585157302120191 -0.001893073092023 0.000000000000000
0.743669022399964 0.001947838584512 0.000000000000000
0.735142387762314 -0.004466194329355 0.000000000000000
0.734554192605522 0.007533534063488 0.000000000000000
0.761658899409575 0.004058094311915 0.000000000000000
0.743406596047917 0.031711792338246 0.000000000000000
0.759644201198767 -0.002055795805348 0.000000000000000
0.757561893653677 0.004864413118996 0.000000000000000
0.805973921623209 -0.107696203706263 0.000000000000000
0.746417142300612 0.103064789410863 0.000000000000000
0.814737820075280 -0.000010622607543 0.000000000000000
0.605268142179059 0.012524476170582 0.000000000000000
0.611167319164936 -0.013766185107552 0.000000000000000
0.760538926538214 0.003752833036628 0.000000000000000
0.751559853589098 -0.010557049971533 0.000000000000000
0.758280044671823 0.003191006566888 0.000000000000000
0.727451790809813 0.007982997904627 0.000000000000000
0.415705606399601 0.046757692109451 0.000000000000000
0.757815845818623 -0.001638000483382 0.000000000000000
0.797811063404533 -0.029550358461511 0.000000000000000
0.715666811639864 0.031666690803951 0.000000000000000
0.990946814080699 -0.408512992864886 0.000000000000000
0.853117667346683 -0.003030011970024 0.000000000000000
0.856309853585152 0.005828897635108 0.000000000000000
0.467191085752839 -0.052834995088303 0.000000000000000
0.656723796131801 -0.003430147406726 0.000000000000000
0.658112371344265 0.003239565310979 0.000000000000000
0.550181488980091 -0.017817337279477 0.000000000000000
0.739950504473546 0.001166952563022 0.000000000000000
0.775495986879751 -0.027378233130562 0.000000000000000
0.759703604122152 -0.000737994604149 0.000000000000000
0.760080324577429 -0.005119671716552 0.000000000000000
0.767790211090567 0.002538415951584 0.000000000000000
0.751129072166479 -0.003560984210677 0.000000000000000
0.929005542446009 -0.028124922469629 0.000000000000000
0.949667154727901 0.042133834432475 0.000000000000000
0.680944880747463 -0.000520578685155 0.000000000000000
0.680146581999739 0.000282938233641 0.000000000000000
0.593832605539113 0.000297358778001 0.000000000000000
0.587099252479476 -0.000983522845801 0.000000000000000
0.762625039522140 -0.004742172108105 0.000000000000000
0.762729142594542 0.000864044989189 0.000000000000000
0.788758256493112 -0.004942436786029 0.000000000000000
0.790650322658384 0.004710405131477 0.000000000000000
0.809819376104370 0.000205465719702 0.000000000000000
0.813846543949844 0.001728205646023 0.000000000000000
0.765239615707610 0.000191084649812 0.000000000000000
0.777473639543861 0.011514363190266 0.000000000000000
0.765264882827527 0.026225990409727 0.000000000000000
0.291811540345730 -0.015619718145006 0.000000000000000
0.282917341279569 0.019318284466851 0.000000000000000
0.973547639609812 -0.013815811623390 0.000000000000000
0.771583145000830 -0.002636109692915 0.000000000000000
0.537093443182150 0.007592525900837 0.000000000000000
0.538041251157388 -0.007720215623945 0.000000000000000
0.626252829588055 0.001501862473116 0.000000000000000
0.525733529760219 -0.028830382347918 0.000000000000000
0.773588695871109 0.005318004596965 0.000000000000000
0.630341246824777 -0.001955198548201 0.000000000000000
0.629628024512198 0.001759766459272 0.000000000000000
0.749555696588616 0.002162130804723 0.000000000000000
0.685839544386545 -0.006795248399456 0.000000000000000
0.983069591382388 -0.280731713612680 0.000000000000000
0.905299657094804 0.261956013409919 0.000000000000000
1.023065674310357 0.001077266795435 0.000000000000000
0.525369380475765 -0.002783238170109 0.000000000000000
0.526374037419829 0.003211027764253 0.000000000000000
1.082000096895325 0.174397064327245 0.000000000000000
0.740147996659268 -0.013121022700088 0.000000000000000
0.903008042156254 -0.008918948819287 0.000000000000000
0.791061433866097 0.913553820432222 0.000000000000000
0.336456326967777 0.194880133426834 0.000000000000000
0.772175884006351 0.004382059225699 0.000000000000000
0.999249095940084 -0.163698680880922 0.000000000000000
0.761917823612861 0.004643590498434 0.000000000000000
1.024462124371552 0.168536769680967 0.000000000000000
0.762780935837194 0.009562538878232 0.000000000000000
0.595167504611504 0.087236954321436 0.000000000000000
0.589087377394603 -0.077040160714382 0.000000000000000
0.779594237365658 -0.006816309671207 0.000000000000000
0.780358135416826 0.007366888897722 0.000000000000000
0.540694470632001 -0.002422144132194 0.000000000000000
0.538469453278165 0.001535536727383 0.000000000000000
0.754430834695610 -0.003307314335150 0.000000000000000
0.488983346266930 0.024372425084247 0.000000000000000
0.705525737808776 0.040115268587885 0.000000000000000
0.320724893323717 -0.193399489528059 0.000000000000000
0.736925118433910 0.012702797901598 0.000000000000000
1.017614510619639 -0.223624441086814 0.000000000000000
1.025748899422805 0.232500293168961 0.000000000000000
0.525806259812970 0.005307784913953 0.000000000000000
0.525068194356824 -0.004933925173021 0.000000000000000
0.701037225742012 -0.560306364636805 0.000000000000000
0.912233240760532 0.022074238118541 0.000000000000000
0.873158416493328 0.003110313401918 0.000000000000000
0.703431325755537 0.538745431392282 0.000000000000000
0.904599575674449 0.010582278358188 0.000000000000000
0.629924305590104 -0.003827367008940 0.000000000000000
0.627088365610634 0.004209052082427 0.000000000000000
0.854918652242454 0.000670210694340 0.000000000000000
0.759489951110143 0.003832064455191 0.000000000000000
0.750034803429241 -0.042572757308849 0.000000000000000
0.730571076848211 0.111738284523023 0.000000000000000
0.764060456724878 0.001549808296830 0.000000000000000
0.762875510424141 -0.001875289959494 0.000000000000000
0.845095631442902 -0.009644996511581 0.000000000000000
0.846746943930715 0.013973998975143 0.000000000000000
0.987503084379521 0.011494598413857 0.000000000000000
0.754325143445403 0.003523191754171 0.000000000000000
0.730787118647743 0.005701339348111 0.000000000000000
0.818190016503776 0.000368999974681 0.000000000000000
0.785245265999150 0.359115383090688 0.000000000000000
0.595771597040859 -0.001691354298440 0.000000000000000
0.592598290208801 0.001680735086554 0.000000000000000
0.713241384053736 -0.111425681478617 0.000000000000000
0.804370136871681 0.002781567498533 0.000000000000000
0.564985720233826 0.019836920165421 0.000000000000000
0.807786601265766 -0.480750005569819 0.000000000000000
0.806779597402696 0.006049203566689 0.000000000000000
0.807101434182583 -0.005863048127073 0.000000000000000
0.759658258251195 0.004269231235730 0.000000000000000
0.296467492560741 -0.003655326516022 0.000000000000000
0.732192537297937 0.002314454709241 0.000000000000000
0.508716272468702 -0.001725496759297 0.000000000000000
0.507101789336940 0.001455382454680 0.000000000000000
1.037862819569748 0.013079175082760 0.000000000000000
0.809929685777408 0.035639149922762 0.000000000000000
1.109283502507125 0.006934799212047 0.000000000000000
0.843361908251457 -0.852601185937382 0.000000000000000
0.741340041913689 -0.000835222454443 0.000000000000000
0.291112829923624 0.004049253302778 0.000000000000000
0.756018826113261 -0.005132445221004 0.000000000000000
0.662998846973817 -0.019563441231223 0.000000000000000
0.663336178557230 -0.004249827166028 0.000000000000000
0.662292861072524 0.001083452044456 0.000000000000000
0.773248758378434 -0.000516715278921 0.000000000000000
0.771522645013745 -0.000596036332400 0.000000000000000
0.798089772439526 -0.005504903107375 0.000000000000000
0.421959258440206 -0.009652752766845 0.000000000000000
0.422529402771479 0.008511158985344 0.000000000000000
0.761362118767557 -0.007876452843844 0.000000000000000
0.798932669473934 -0.014890980573884 0.000000000000000
0.806879028142047 -0.045520064831806 0.000000000000000
0.750300596618401 -0.002579358387003 0.000000000000000
0.760739175491166 -0.002982246089666 0.000000000000000
0.760920588446263 0.002684883588008 0.000000000000000
0.467478741849443 -0.393359409567312 0.000000000000000
0.897003689645543 -0.012403436625525 0.000000000000000
0.900927627210124 0.016116372783300 0.000000000000000
0.883201578305620 0.016771113123211 0.000000000000000
0.878178792226363 -0.011881388886618 0.000000000000000
0.764983290004270 -0.003244846070433 0.000000000000000
0.482453709484352 0.394070723013898 0.000000000000000
0.647450731839586 0.007848247271477 0.000000000000000
0.645638147255127 -0.006890296819437 0.000000000000000
0.798608488675958 -0.015453472579640 0.000000000000000
0.799156275138376 0.016453110255051 0.000000000000000
0.888434186608385 -0.111395863957824 0.000000000000000
0.983708634068489 -0.004741028456968 0.000000000000000
0.757949683838775 -0.002921940181489 0.000000000000000
0.758879933999831 0.002728746377353 0.000000000000000
0.580972457107883 -0.674533935871417 0.000000000000000
0.605575460441014 -0.011686232798363 0.000000000000000
0.637420423341841 -0.003757316377136 0.000000000000000
0.996886172664830 -0.081091222312129 0.000000000000000
0.985692664107027 0.086326610515423 0.000000000000000
0.780271475452147 0.041638483625870 0.000000000000000
0.748830786462159 0.002092937686310 0.000000000000000
0.763889698651191 -0.000769564076668 0.000000000000000
0.765060344489910 0.000867391640399 0.000000000000000
0.533221992440861 -0.000158562033643 0.000000000000000
0.532092389261894 0.000254254700719 0.000000000000000
0.773621878673975 0.010606569577024 0.000000000000000
0.776954211319520 -0.010479445888035 0.000000000000000
0.893994195852611 0.081459497256756 0.000000000000000
0.802235348804919 0.011806500458526 0.000000000000000
0.806027265820631 0.003821338050869 0.000000000000000
0.631560273497787 0.001960668097904 0.000000000000000
0.776219374458342 -0.006304529765317 0.000000000000000
0.770306773365016 -0.000222270798252 0.000000000000000
0.593336114644293 0.013626203101943 0.000000000000000
0.690769715705029 0.009316068475004 0.000000000000000
0.756685339690759 0.003140338187439 0.000000000000000
0.833476429077822 -0.040385444424662 0.000000000000000
0.687011399358668 -0.013788736587671 0.000000000000000
0.788445036772025 -0.009472705808493 0.000000000000000
0.495712928065580 0.006550740910601 0.000000000000000
0.496491145970711 -0.006395076300709 0.000000000000000
0.647183318526709 -0.004116948865582 0.000000000000000
0.641154203320308 0.005437631260537 0.000000000000000
0.574735406391192 -0.005886459262049 0.000000000000000
0.576436520027412 0.005728994477374 0.000000000000000
0.755415277698407 0.004435604428154 0.000000000000000
0.751290972530652 0.001604591926606 0.000000000000000
0.764665491443793 -0.000829276039274 0.000000000000000
0.763444954658340 -0.009036730373854 0.000000000000000
0.569577306778424 0.003174005589693 0.000000000000000
0.558634547738500 -0.003112711991640 0.000000000000000
0.944487733613937 -0.002817493198559 0.000000000000000
1.057130750171106 0.224302451884782 0.000000000000000
0.696811257524527 0.011882601874417 0.000000000000000
0.880231424693888 -0.022875330582254 0.000000000000000
0.720801013209516 -0.007361962467583 0.000000000000000
0.761245224882517 0.000662124715110 0.000000000000000
0.697539378563459 -0.002622637411337 0.000000000000000
0.823106536262730 0.005965638618173 0.000000000000000
0.825563190098629 -0.004622570018338 0.000000000000000
1.037061347462194 -0.189507497981919 0.000000000000000
0.571116888466240 -0.028266196581325 0.000000000000000
0.744305176509294 -0.000349796924611 0.000000000000000
0.759990701201319 0.000131417915743 0.000000000000000
0.760784600507627 -0.008088923314826 0.000000000000000
0.602459385751230 0.001345597975271 0.000000000000000
0.761535404157381 -0.002183370977635 0.000000000000000
0.876049070432376 -0.243913953302949 0.000000000000000
0.793180695081092 0.242540000334220 0.000000000000000
0.923822394095844 -0.146311892833236 0.000000000000000
0.933025555935325 0.152740688517471 0.000000000000000
0.754087454586786 -0.001136366862368 0.000000000000000
0.558667190412160 0.029830372866316 0.000000000000000
0.899867341478876 -0.211256780955002 0.000000000000000
-0.033531677321154 0.002735851555034 0.000000000000000
0.756274992245081 -0.010684895473981 0.000000000000000
0.760185473683289 0.009209574264850 0.000000000000000
0.760796422947167 -0.007154281519449 0.000000000000000
0.898048314697686 0.211755850969720 0.000000000000000
0.624002786239616 0.083807006027580 0.000000000000000
1.048761820150103 -0.026413509185647 0.000000000000000
0.675680191436784 -0.016614724426328 0.000000000000000
0.920267321885159 0.022489874432603 0.000000000000000
0.110529998301783 -0.049892485303102 0.000000000000000
0.107873358348175 0.047532102040937 0.000000000000000
0.234811906773851 -0.004653335216583 0.000000000000000
0.681033629090462 0.003373833572339 0.000000000000000
0.228459384683500 0.005082832665445 0.000000000000000
0.756798663218194 0.000916253213448 0.000000000000000
0.752868381833361 -0.000774516325539 0.000000000000000
0.991569316565129 0.015440464003322 0.000000000000000
0.582163275116559 0.008557805275417 0.000000000000000
0.926578200407448 -0.022649133799761 0.000000000000000
0.808898260729921 -0.003340199743049 0.000000000000000
0.713206863465052 -0.013562105253890 0.000000000000000
0.761182332208765 0.010440454482319 0.000000000000000
0.756676779523389 0.008678276960305 0.000000000000000
0.755488066848547 -0.008292157878623 0.000000000000000
0.752400439487071 0.004243494854005 0.000000000000000
0.751361721816408 -0.004233394998183 0.000000000000000
0.146709277654794 0.020764154639107 0.000000000000000
0.755256136332681 0.002599328796992 0.000000000000000
0.738300329507109 0.740344401130865 0.000000000000000
0.482836386728451 -0.000998517288223 0.000000000000000
0.482122664614384 0.001145220077763 0.000000000000000
0.826841023861401 0.675505279194216 0.000000000000000
0.668248017656287 -0.086699408109250 0.000000000000000
0.762730751775080 0.002752973033674 0.000000000000000
0.997458750122714 0.000504493814172 0.000000000000000
0.766836765915415 0.003510705616828 0.000000000000000
0.141509309977651 -0.022023227070665 0.000000000000000
0.759493850394230 0.008601312308367 0.000000000000000
0.933623464387138 0.022785844603790 0.000000000000000
0.800070772423010 -0.006208210099766 0.000000000000000
0.587864583789655 0.021161332561579 0.000000000000000
1.059797287151486 0.004393903536536 0.000000000000000
0.856607885631443 -0.001206803471586 0.000000000000000
0.445044218797323 0.001896108301948 0.000000000000000
0.431461338978514 -0.001732582142056 0.000000000000000
0.736563297979638 -0.004342490541290 0.000000000000000
0.863411020273182 0.002291678781471 0.000000000000000
0.890236441928536 -0.018452977887344 0.000000000000000
0.775825715617231 -0.723650293996789 0.000000000000000
0.764993492582827 -0.004431384896896 0.000000000000000
0.780268306122514 0.005908174288017 0.000000000000000
0.773444641599500 0.007065291396813 0.000000000000000
0.973171020532159 -0.027166350535763 0.000000000000000
1.024649479842120 -0.013646959889085 0.000000000000000
1.047634662458872 0.003032788753339 0.000000000000000
0.772405619145473 -0.011981250310076 0.000000000000000
0.779453503823362 -0.003032735635210 0.000000000000000
0.763714950630620 -0.001228012124755 0.000000000000000
0.770617860222989 0.009841179326309 0.000000000000000
0.769802037831916 -0.010881678887027 0.000000000000000
0.765891095208578 -0.011795632817029 0.000000000000000
1.016090813740018 -0.013557299716237 0.000000000000000
1.019956151558639 -0.003640935415725 0.000000000000000
0.752455657418587 -0.002554456640706 0.000000000000000
0.756844167695215 -0.002930174184637 0.000000000000000
0.756465377327598 -0.002240571333412 0.000000000000000
0.879682680067779 0.017795990477492 0.000000000000000
0.861693165099660 0.026419042749980 0.000000000000000
0.888119311143378 0.025853269604806 0.000000000000000
0.762998675946037 -0.001783603422115 0.000000000000000
0.761292490096952 -0.003079876682059 0.000000000000000
0.758603461658312 -0.002450879748026 0.000000000000000
0.755664849508185 0.002788122389577 0.000000000000000
0.757844741247748 0.001894638215848 0.000000000000000
0.761134513515025 0.002787425924882 0.000000000000000
0.823013915535480 0.024561696473820 0.000000000000000
0.793305629381322 0.034454678631652 0.000000000000000
0.745891278989631 0.002123385767038 0.000000000000000
0.746921783830115 0.001311025349294 0.000000000000000
0.742693930880240 -0.000544364682842 0.000000000000000
0.974255946009565 0.022565259995117 0.000000000000000
0.977382553187129 0.019975222504659 0.000000000000000
0.915222984407826 0.026607621664071 0.000000000000000
0.752412740424750 -0.002214250998931 0.000000000000000
0.753858400984993 -0.003024839645809 0.000000000000000
0.761758068774103 -0.003192483569975 0.000000000000000
0.776787704340886 -0.002563432111588 0.000000000000000
0.780659773246764 -0.005502380235714 0.000000000000000
0.768613085390844 -0.004150544381488 0.000000000000000
0.768978215717986 0.004479718769357 0.000000000000000
0.781683213099204 0.005615791366531 0.000000000000000
0.777673410887798 0.002324630448195 0.000000000000000
0.689993248146507 -0.014025759889840 0.000000000000000
0.756409744051180 -0.014172875825594 0.000000000000000
0.756764988627590 -0.014688624461988 0.000000000000000
0.745986741822548 0.002823518277745 0.000000000000000
0.754839615120159 0.002343593660964 0.000000000000000
0.783258158461221 -0.007928626412517 0.000000000000000
0.778488862548930 -0.008611765924952 0.000000000000000
0.777018023344519 0.008942374950784 0.000000000000000
0.782343009030676 0.007700339799808 0.000000000000000
0.759656236280739 -0.003526046919790 0.000000000000000
0.760603720428549 -0.003043825944139 0.000000000000000
0.761256374419480 -0.003134502524076 0.000000000000000
0.899048676809774 -0.017221037660789 0.000000000000000
0.910736497658766 -0.025384189636258 0.000000000000000
0.899497732756116 -0.012890149852231 0.000000000000000
0.142283141911758 0.003876510729547 0.000000000000000
0.182451769284285 0.006535761409409 0.000000000000000
0.330101259696957 0.008614443659504 0.000000000000000
1.013515274554368 -0.003588600104112 0.000000000000000
1.005350676302232 -0.012191791603718 0.000000000000000
1.010179258612862 -0.008394201164990 0.000000000000000
0.994673050901286 0.014690135851866 0.000000000000000
0.957377370297904 0.018327294338325 0.000000000000000
0.754758416355563 -0.002849729490927 0.000000000000000
0.762219298225909 -0.003821403665302 0.000000000000000
0.764576344833037 0.002797203878647 0.000000000000000
0.766292942636432 0.000117856883191 0.000000000000000
0.762322524478698 0.000267149143490 0.000000000000000
0.924245382914905 -0.040937643617828 0.000000000000000
0.931686061376634 -0.044891941047572 0.000000000000000
0.752658688160647 0.002772949542482 0.000000000000000
0.752412954313558 0.002080632799049 0.000000000000000
0.767509722878218 0.003960482091075 0.000000000000000
0.769601267917679 0.002322884729289 0.000000000000000
0.779081196864520 0.002704625180525 0.000000000000000
0.146292553048518 -0.003987991838197 0.000000000000000
0.337855643954565 -0.008198594611633 0.000000000000000
0.188394051378794 -0.006362116694669 0.000000000000000
0.523297872700516 -0.001193950173393 0.000000000000000
0.743751802260993 -0.001613587909434 0.000000000000000
0.500701972522107 0.006233986836235 0.000000000000000
0.143948866229136 -0.000278728102722 0.000000000000000
0.491237373018021 0.003382099336573 0.000000000000000
0.563608105625017 0.002604518638248 0.000000000000000
0.737698824044958 0.002222643247273 0.000000000000000
1.017949323084461 0.007449283117195 0.000000000000000
1.027333473227175 0.006277847645793 0.000000000000000
0.726188757202483 -0.014821976744100 0.000000000000000
0.784157198641276 -0.011444497315296 0.000000000000000
0.413562023603051 0.117941536735370 0.000000000000000
0.536672106187261 0.250831752758514 0.000000000000000
0.616947149513798 0.118610678891578 0.000000000000000
0.762647324536431 0.002854361693760 0.000000000000000
0.754685794257189 0.000103363491870 0.000000000000000
0.764937870812920 0.001837503502055 0.000000000000000
0.759946819942286 0.002964189590678 0.000000000000000
0.761332515084945 -0.000073629720539 0.000000000000000
0.818751678289149 -0.000975297097199 0.000000000000000
0.820443561421921 -0.004620840949045 0.000000000000000
0.793286016967941 0.001821644439792 0.000000000000000
0.797092555693270 -0.002076021784978 0.000000000000000
0.826554079204586 0.007155254829693 0.000000000000000
0.821776205477352 0.002054361351005 0.000000000000000
0.604902685965748 -0.006057516475070 0.000000000000000
0.751806197281273 0.086739288920065 0.000000000000000
0.749921236481747 -0.109709657448685 0.000000000000000
0.613309259481388 -0.130442480402926 0.000000000000000
0.608318282815241 0.000824315919748 0.000000000000000
0.518652455740202 -0.259581748378425 0.000000000000000
0.412336091103828 -0.118973204073034 0.000000000000000
0.738256073538314 0.001070884640231 0.000000000000000
0.744178492785581 0.003972427459696 0.000000000000000
0.905663300366953 0.030636348480719 0.000000000000000
0.872537974817572 0.015323233665611 0.000000000000000
0.917411426761191 0.022423153501840 0.000000000000000
0.331705275337787 -0.000928004176752 0.000000000000000
0.624191530502536 0.000717547802798 0.000000000000000
0.385944216775844 0.000703999687820 0.000000000000000
0.385463406904243 -0.000952908694195 0.000000000000000
0.620974289255951 -0.001154758108740 0.000000000000000
0.328263146292228 0.000629437345274 0.000000000000000
0.449158922064353 0.003746130812764 0.000000000000000
0.752347488241112 -0.003617981820644 0.000000000000000
0.716600891918798 0.000243421939841 0.000000000000000
0.756002137900602 0.000323193913813 0.000000000000000
0.754452646225509 0.002380456348594 0.000000000000000
0.713242180162241 0.000802335028017 0.000000000000000
0.748057715461825 0.006470677062648 0.000000000000000
0.961167087887908 0.016765210170903 0.000000000000000
1.024562969548264 0.009729001951348 0.000000000000000
1.003674878264598 0.023149256555821 0.000000000000000
0.749711995507788 -0.000955028933530 0.000000000000000
0.752739601100895 -0.002212300061399 0.000000000000000
0.748398570816942 -0.001376909337656 0.000000000000000
0.147542707731653 0.000350898480546 0.000000000000000
0.699866687221233 0.005155070496862 0.000000000000000
0.717089761328572 0.011436775211457 0.000000000000000
0.715317043268559 0.008532675472073 0.000000000000000
0.762663130899314 0.005304652932941 0.000000000000000
0.754646202906371 0.002742582957491 0.000000000000000
0.756041001184759 -0.002835122090082 0.000000000000000
0.749390044299380 0.001166831591092 0.000000000000000
0.750037815591946 -0.000106288459864 0.000000000000000
0.760555807565029 -0.002513097825418 0.000000000000000
0.761187671108194 0.002345514627056 0.000000000000000
0.761291528446813 0.003101642924168 0.000000000000000
1.005412762335348 -0.001252157705509 0.000000000000000
0.995643104168850 -0.001495153999469 0.000000000000000
1.005380555537590 0.000558522500176 0.000000000000000
0.861276203912509 -0.004580826408644 0.000000000000000
0.871736009522043 -0.012242007836554 0.000000000000000
0.516087761736818 -0.010333004056507 0.000000000000000
0.997542862387136 0.002232318380824 0.000000000000000
1.003766569899122 0.003466344982920 0.000000000000000
1.019128842564514 0.016589583411682 0.000000000000000
1.009577730581713 0.005762001888315 0.000000000000000
0.378032589611345 0.000714354258822 0.000000000000000
0.379895533316694 0.002163591520670 0.000000000000000
0.401017095680831 -0.002360320938117 0.000000000000000
0.399952756629425 -0.000869374534483 0.000000000000000
0.754758692769641 0.005070386528321 0.000000000000000
0.744171622493987 0.005283344463534 0.000000000000000
0.745993217694674 0.000897090688026 0.000000000000000
0.760396785304484 -0.007006235628470 0.000000000000000
0.700214481980569 -0.005221555626203 0.000000000000000
0.699819068127624 0.007649042675587 0.000000000000000
0.757102214127420 0.008846646935508 0.000000000000000
0.768828770612621 -0.002483945229132 0.000000000000000
0.770713440640857 -0.002246628677337 0.000000000000000
0.768629377370585 -0.005689762139557 0.000000000000000
1.111436624654478 -0.159365740055420 0.000000000000000
1.028398529325044 -0.466199067928153 0.000000000000000
0.895616728706886 -0.617711704261170 0.000000000000000
0.780144178950254 0.008856094063501 0.000000000000000
0.779855781382562 0.008785657985157 0.000000000000000
0.764330073617419 0.004756573254100 0.000000000000000
0.293853323639007 0.003306660920824 0.000000000000000
0.614549761522746 0.007700163210629 0.000000000000000
0.399103710131883 0.004109405344896 0.000000000000000
0.398898136009827 -0.004051756890678 0.000000000000000
0.614721385552420 -0.007253954391691 0.000000000000000
0.294022340267298 -0.003089592527989 0.000000000000000
0.754416513588117 0.007346129584940 0.000000000000000
0.662388645707917 0.006366614799785 0.000000000000000
0.680863599269413 0.008042930466683 0.000000000000000
0.671781578872797 -0.007890865729400 0.000000000000000
0.647770562377537 -0.006160421622293 0.000000000000000
0.739219794915855 -0.007658531528074 0.000000000000000
0.502512823487988 0.001873297030940 0.000000000000000
0.499350939922159 0.005031403074348 0.000000000000000
0.505311066187237 -0.004269841115855 0.000000000000000
0.498658814158453 -0.000431271307240 0.000000000000000
0.763900850485801 0.000682786768895 0.000000000000000
0.761251661114493 -0.004712477219549 0.000000000000000
1.056496274438623 -0.172629649581007 0.000000000000000
0.988893136027431 -0.118721504879142 0.000000000000000
1.039394535865284 -0.301713376405189 0.000000000000000
0.819433773499611 0.001794730714391 0.000000000000000
0.840733158496882 -0.006243404900792 0.000000000000000
0.844780983620441 0.010108009563403 0.000000000000000
0.822290628860734 -0.000562333993398 0.000000000000000
0.378850747940273 0.033735217531024 0.000000000000000
0.768688872055586 0.103907900063540 0.000000000000000
0.273745723969305 0.030961793591815 0.000000000000000
0.434779126151183 0.039821866099325 0.000000000000000
0.345029591672237 -0.019355803255362 0.000000000000000
0.482050332791345 -0.008255500553733 0.000000000000000
0.480516751027262 0.660576720378204 0.000000000000000
0.984404540066349 0.417486016446159 0.000000000000000
0.690258899762942 0.212596620596023 0.000000000000000
0.746130342416155 -0.483235481666695 0.000000000000000
0.797480726677323 -0.184978598890806 0.000000000000000
0.766575181791151 -0.214757939764657 0.000000000000000
0.492438621148110 0.019431899900046 0.000000000000000
0.355243657826976 0.024075844623992 0.000000000000000
0.442292764828479 -0.031962701017458 0.000000000000000
0.699913503047858 0.047553831734492 0.000000000000000
0.705905491016794 0.043431189240845 0.000000000000000
0.795044799641957 0.028222398939564 0.000000000000000
0.509071937040766 0.003778177716880 0.000000000000000
0.731811853574802 0.004419261543636 0.000000000000000
0.626669866636494 -0.009649332617904 0.000000000000000
0.601861392313825 0.020850816760163 0.000000000000000
0.704751539872836 -0.025257508357924 0.000000000000000
0.821098280247851 -0.056638332345721 0.000000000000000
0.830525258541149 -0.117102787798849 0.000000000000000
0.868422174929501 -0.082907671791808 0.000000000000000
0.874009161768346 0.084426012308236 0.000000000000000
0.839178579953345 0.126945822201565 0.000000000000000
0.827377103860155 0.059405960768641 0.000000000000000
0.379791685704462 0.002282876109839 0.000000000000000
0.712052355167806 0.002571893000248 0.000000000000000
0.714234767841263 -0.000802555355985 0.000000000000000
0.390164620109295 -0.001064205422663 0.000000000000000
0.759104591257425 -0.004470679444172 0.000000000000000
0.758360466923384 -0.002060788785632 0.000000000000000
0.850031442795203 0.036980338267407 0.000000000000000
0.756402110615445 -0.003851954199058 0.000000000000000
0.838805614326460 0.566763325124560 0.000000000000000
0.770944593078674 0.956939624139425 0.000000000000000
0.921352038494278 0.677321785739575 0.000000000000000
0.593547357812322 0.004883653749862 0.000000000000000
0.283979479088445 0.002051644365300 0.000000000000000
0.285302941717524 -0.001743157833224 0.000000000000000
0.605867968141240 -0.004687394955574 0.000000000000000
0.769979097069680 0.000484225889957 0.000000000000000
0.775277419866708 0.001832060673015 0.000000000000000
0.763674797935683 -0.003204251014665 0.000000000000000
0.762744980612787 -0.007355789093503 0.000000000000000
0.762957098912888 -0.006581281284063 0.000000000000000
0.765595894887434 -0.001143420625067 0.000000000000000
0.766551120088344 0.004357451168294 0.000000000000000
0.763356170298747 -0.002451441233474 0.000000000000000
0.485944719109594 -0.097616193890501 0.000000000000000
0.608771650809736 -0.000044691770757 0.000000000000000
0.495300856774092 0.103569627270941 0.000000000000000
0.502712093612519 -0.010258144830239 0.000000000000000
0.673326264989593 -0.026012745922455 0.000000000000000
0.572172252081588 -0.021495715492274 0.000000000000000
0.810697656326680 -0.025225079122775 0.000000000000000
0.726678691147867 -0.027580455658600 0.000000000000000
0.209116142736822 -0.003116748738304 0.000000000000000
0.350569825607991 -0.004880518244896 0.000000000000000
0.151447846481244 -0.000874083969487 0.000000000000000
0.715120036812487 0.002772732252872 0.000000000000000
0.703962254705571 -0.000516635129531 0.000000000000000
0.700503925684272 0.000380221492107 0.000000000000000
0.711633698035152 -0.003155345875183 0.000000000000000
0.713265962382499 0.006619554544323 0.000000000000000
0.757713969938306 0.003431841741971 0.000000000000000
0.788356251089037 0.005076048140370 0.000000000000000
0.263177136084169 -0.029726221017652 0.000000000000000
0.757496793609083 -0.100277715692490 0.000000000000000
0.378823367984310 -0.027183890275142 0.000000000000000
0.499835402387364 -0.525507954031098 0.000000000000000
0.639125187468986 -0.744736162690966 0.000000000000000
0.678858223033456 0.009210197798127 0.000000000000000
0.602573052702051 0.008886215773320 0.000000000000000
0.736892654491201 0.009824283422923 0.000000000000000
0.735650675227166 -0.009483477229832 0.000000000000000
0.602677898732682 -0.008872179165109 0.000000000000000
0.677114443075957 -0.008836464571026 0.000000000000000
0.785981810364305 0.006719932557341 0.000000000000000
0.780893219240754 0.004101957294406 0.000000000000000
0.969716951617571 -0.018177188903621 0.000000000000000
0.808154697383446 -0.009382217141190 0.000000000000000
0.712437280073314 -0.009987565670932 0.000000000000000
0.757552503825450 0.000151335399524 0.000000000000000
0.749205149220879 0.001165265587633 0.000000000000000
0.747262264806282 -0.002166511744350 0.000000000000000
0.747808946236349 0.002270634607980 0.000000000000000
0.749905697755635 -0.001856597657515 0.000000000000000
0.757271759523559 0.000835635920903 0.000000000000000
0.765894099028535 -0.000702738720160 0.000000000000000
0.763287318899125 -0.003119715721877 0.000000000000000
0.755105443583985 0.226133007404903 0.000000000000000
0.788646572320939 0.183412241897779 0.000000000000000
0.751350253587462 0.424221838927926 0.000000000000000
1.058162313673150 -0.249880927201802 0.000000000000000
1.119899497214228 -0.054062444015249 0.000000000000000
0.784897876403678 -0.006817575476744 0.000000000000000
0.764176918271503 -0.003715724735689 0.000000000000000
0.714623457994236 -0.005787658216968 0.000000000000000
1.013140140895932 0.272900675300778 0.000000000000000
1.063449513914322 0.252856837797622 0.000000000000000
0.997473787795983 0.251185826757120 0.000000000000000
0.804296614126047 0.000206961155715 0.000000000000000
0.768906376504355 -0.002430810563778 0.000000000000000
0.715810304919499 0.002001984046181 0.000000000000000
0.758051585107454 0.001875985814547 0.000000000000000
0.758508514074164 -0.002163934259202 0.000000000000000
0.715972247514238 -0.002677669916090 0.000000000000000
0.028826398948660 0.000159974123353 0.000000000000000
0.110104703605829 0.060968444990599 0.000000000000000
0.206708759975312 0.060324552972335 0.000000000000000
0.235731036603340 -0.065172999874548 0.000000000000000
0.122301670347470 -0.061310234502537 0.000000000000000
0.788772252388367 0.003467164144196 0.000000000000000
0.783082585166406 0.007659092632427 0.000000000000000
0.791629908986182 0.006345275658636 0.000000000000000
0.746401392500832 -0.000286729101409 0.000000000000000
0.748153876802505 0.001242228595230 0.000000000000000
0.383254475040747 0.002051899227694 0.000000000000000
0.382374173026588 -0.001977982938339 0.000000000000000
0.772494015402545 -0.011786633962424 0.000000000000000
0.763606088177684 -0.005739448753329 0.000000000000000
0.769795394627296 0.004606757203029 0.000000000000000
0.767757973102050 0.005394612947128 0.000000000000000
0.869858866891674 0.693201055342490 0.000000000000000
1.016958059227197 0.596481305683717 0.000000000000000
1.103138829772185 0.265705156813195 0.000000000000000
0.767074510861999 -0.005068228576600 0.000000000000000
0.767804371568005 -0.001348349790146 0.000000000000000
0.762179806877422 -0.000278312187728 0.000000000000000
0.755848389962581 -0.001125514280102 0.000000000000000
1.083072705183624 -0.019885890968491 0.000000000000000
1.031401247703734 0.076179732553555 0.000000000000000
1.015866529101586 0.008118977243087 0.000000000000000
0.977876081509403 -0.007983504941792 0.000000000000000
1.002869779555193 -0.001587040568295 0.000000000000000
0.764437095668734 -0.005725647959332 0.000000000000000
0.768163610768306 -0.001672484312014 0.000000000000000
0.696532776045162 -0.002958315047226 0.000000000000000
0.682906635056761 0.001508467921743 0.000000000000000
0.673126213341209 -0.030359511961836 0.000000000000000
0.221826561752143 -0.005452933254537 0.000000000000000
0.216228928904861 0.007579420934906 0.000000000000000
0.673245700910065 0.033941119068972 0.000000000000000
0.760395825809419 0.006270617324993 0.000000000000000
0.758520232062668 0.000259480550008 0.000000000000000
0.989471953165702 -0.245218610088604 0.000000000000000
1.013158838522085 -0.272128586647857 0.000000000000000
0.751176566068984 -0.312875132925378 0.000000000000000
0.920585075502100 -0.718171723786181 0.000000000000000
0.623072662427445 0.014060438198723 0.000000000000000
0.660221601586172 0.011656723528070 0.000000000000000
0.591131328060530 0.001517289111023 0.000000000000000
0.797017926498936 -0.010977463299845 0.000000000000000
0.752966016028082 -0.017170635578169 0.000000000000000
0.778658212520747 0.001370809812011 0.000000000000000
0.795745782318593 -0.000279069702878 0.000000000000000
0.769421268767834 -0.003018709205560 0.000000000000000
0.770302011796985 -0.000708281831421 0.000000000000000
0.726459717636161 0.000455153878506 0.000000000000000
0.733689767067478 0.004116915870240 0.000000000000000
0.733685882308626 -0.000819357499107 0.000000000000000
0.866039458461633 -0.199283820055007 0.000000000000000
0.658367128474036 -0.135099890353801 0.000000000000000
0.927341589171291 -0.148844304515388 0.000000000000000
0.881356863532264 0.143295599097398 0.000000000000000
0.605384349084283 0.126435576224456 0.000000000000000
0.806388582859109 0.185944040042760 0.000000000000000
0.935642343568588 0.041002083353223 0.000000000000000
0.768109154931367 0.011763867131924 0.000000000000000
0.776823277931202 0.008601588781031 0.000000000000000
0.971730002330681 0.005580707676229 0.000000000000000
0.988559485768008 0.002573294699083 0.000000000000000
0.322630103290921 0.063656368368515 0.000000000000000
0.360347942740239 -0.070560279609848 0.000000000000000
0.728891795246340 -0.005556259939444 0.000000000000000
0.719905018482697 0.000467420513262 0.000000000000000
0.594924667768053 0.802699971706465 0.000000000000000
1.032206921418015 -0.271164394698637 0.000000000000000
0.975558518255886 -0.233505469314989 0.000000000000000
0.983285661869993 0.247890781278648 0.000000000000000
1.029872988193331 0.279622358298551 0.000000000000000
0.515804718421543 -0.006747805804087 0.000000000000000
0.508564322003403 -0.009659649249633 0.000000000000000
0.611346364862105 -0.008053440748547 0.000000000000000
0.147795205814870 0.001025820679473 0.000000000000000
0.344103117607426 0.005812062425306 0.000000000000000
0.203932504107474 0.003706540481956 0.000000000000000
0.900037113172463 0.638873075423140 0.000000000000000
0.788605027991687 0.802845210083327 0.000000000000000
0.743248463556084 -0.016166429770132 0.000000000000000
0.743537210864116 0.014347079646695 0.000000000000000
0.761239792321951 -0.000921969201405 0.000000000000000
0.756008045416684 -0.002359446695988 0.000000000000000
0.755695142204709 0.002147957261013 0.000000000000000
0.760684164696668 0.000990139041747 0.000000000000000
0.771723983094934 -0.003795370503767 0.000000000000000
0.755708457659653 0.000167283246797 0.000000000000000
0.770334599114161 0.008674030535023 0.000000000000000
0.799171083978843 0.006294186587955 0.000000000000000
0.799095610598248 -0.005265939024789 0.000000000000000
0.769425719469044 -0.007989330260060 0.000000000000000
0.817456043127775 0.610428178970766 0.000000000000000
0.857148135693753 0.270277581625301 0.000000000000000
0.260956542038155 0.002490315904907 0.000000000000000
0.260681909438579 -0.002454358252302 0.000000000000000
0.627450917858675 -0.009777825592506 0.000000000000000
0.599051119842214 -0.010810121390855 0.000000000000000
0.994712217200604 -0.095842253510313 0.000000000000000
0.677855518165875 0.012811294812381 0.000000000000000
0.732917929449155 0.015563897634113 0.000000000000000
0.519222062880654 -0.000528215305901 0.000000000000000
0.514240881759370 0.004165483331204 0.000000000000000
0.618358081345185 -0.259855129975062 0.000000000000000
0.758264079379261 -0.004756187566195 0.000000000000000
0.360538141524569 0.001442474844148 0.000000000000000
0.708248060721160 0.000351810057750 0.000000000000000
0.524922689760409 0.005597616805278 0.000000000000000
0.522614746343662 -0.005712739468434 0.000000000000000
0.705879845560845 -0.000599103881524 0.000000000000000
0.359356026371385 -0.001060201187496 0.000000000000000
1.001813571570835 0.000628506697390 0.000000000000000
0.914052770376977 -0.124516624257756 0.000000000000000
0.891177576815745 -0.062970063112943 0.000000000000000
0.897380028024626 0.061594814469848 0.000000000000000
0.927865166363265 0.123496584075447 0.000000000000000
0.759036484934484 0.003083988386195 0.000000000000000
0.757138572379954 0.003295947974185 0.000000000000000
0.755138877090894 0.002580447842629 0.000000000000000
0.693204951484391 -0.012462139057965 0.000000000000000
0.700451075050203 -0.011579086272698 0.000000000000000
0.625372679646434 0.262998535782539 0.000000000000000
0.700629652211011 0.054216200812421 0.000000000000000
0.465607422420859 -0.007869287164128 0.000000000000000
0.758003886817937 0.004212225103933 0.000000000000000
0.760215858819450 0.005300871190204 0.000000000000000
0.756934179505773 0.003186932023942 0.000000000000000
0.747055741071324 -0.002471845574957 0.000000000000000
0.742688134760959 -0.002601010454083 0.000000000000000
0.712420654786369 0.011461353851375 0.000000000000000
0.809258502580294 0.010463291179116 0.000000000000000
0.759303865751207 0.009905670386450 0.000000000000000
0.678414547211128 0.005966319415419 0.000000000000000
0.727608259549188 0.008640235467096 0.000000000000000
0.729716151572127 -0.007991727761359 0.000000000000000
0.674968648153632 -0.005844642325149 0.000000000000000
0.759693100422883 -0.009606007692221 0.000000000000000
0.764932213728121 -0.001323390830846 0.000000000000000
0.737331663087371 -0.003746128203622 0.000000000000000
0.773723905696339 -0.005943973018366 0.000000000000000
0.765779910040668 -0.003737436312160 0.000000000000000
0.768917989445662 0.000245975274292 0.000000000000000
0.599275687404207 0.009645863736286 0.000000000000000
0.498762583357794 0.011878565224891 0.000000000000000
0.505956417296494 0.008265112472941 0.000000000000000
0.498515086377778 -0.011735244570002 0.000000000000000
0.340600298031012 -0.012087190473757 0.000000000000000
0.149895865323025 -0.007587155810349 0.000000000000000
0.772725944516927 -0.005447288903651 0.000000000000000
0.778010993888359 -0.008144787125223 0.000000000000000
0.753024116082151 0.012952919680993 0.000000000000000
0.732157084156020 0.012553477334097 0.000000000000000
0.759146857990290 0.004118133820024 0.000000000000000
0.760157021581605 0.005775297231452 0.000000000000000
0.757107000697704 -0.002384789804690 0.000000000000000
0.758259054101551 -0.003747797074525 0.000000000000000
0.759373800341814 -0.001877440499816 0.000000000000000
0.764591542452393 -0.005358975990405 0.000000000000000
0.753536210355803 0.003119748900373 0.000000000000000
0.752798639901401 -0.000883974886340 0.000000000000000
0.755208700424839 -0.000752255531249 0.000000000000000
0.754369533354958 -0.002553942269335 0.000000000000000
0.411249924905145 -0.017155048699370 0.000000000000000
0.641243367229019 -0.035522609611738 0.000000000000000
0.478074682876639 -0.029725819381125 0.000000000000000
0.747958582894183 -0.002116194229661 0.000000000000000
0.662732973352292 -0.026497869461682 0.000000000000000
0.808415218750264 -0.026136961435543 0.000000000000000
0.740805249380043 -0.003012442534254 0.000000000000000
0.774023734103779 0.001665342003763 0.000000000000000
0.759896730766400 0.001284396103995 0.000000000000000
0.758271344733934 0.000450452650261 0.000000000000000
0.758186088873517 -0.000600269209537 0.000000000000000
0.696550120563653 0.013792652980879 0.000000000000000
0.688485328986148 0.014858769705646 0.000000000000000
0.635532893024545 -0.019832383050601 0.000000000000000
0.559637965425231 -0.007058875199444 0.000000000000000
0.767325064869412 0.000556176032598 0.000000000000000
0.766458105917944 -0.001008129229079 0.000000000000000
0.771792508643775 0.003336396763109 0.000000000000000
0.624681996682339 -0.008571207648045 0.000000000000000
0.783613593876801 -0.001247008976423 0.000000000000000
0.759609747841045 0.001250883605429 0.000000000000000
0.776489436313750 -0.002160037627929 0.000000000000000
0.751156528337324 -0.002132174825893 0.000000000000000
0.784335007052872 0.000158793685472 0.000000000000000
0.728735412611101 -0.039126104650266 0.000000000000000
0.827080076736596 -0.020397434050152 0.000000000000000
0.699349749151142 -0.015472150306013 0.000000000000000
0.842715446158489 -0.763759431746775 0.000000000000000
0.923859333178370 -0.624319854653725 0.000000000000000
0.490864075466783 -0.009582227430316 0.000000000000000
0.382664275056218 -0.008151247365536 0.000000000000000
0.769624226741993 -0.001454983393062 0.000000000000000
0.766752529104716 -0.004506941956337 0.000000000000000
0.762438885570027 -0.004526208216602 0.000000000000000
0.764687606362129 0.002012277332695 0.000000000000000
0.792043091176480 -0.001663453480385 0.000000000000000
0.787760556864835 0.017552074526250 0.000000000000000
0.741160927681528 0.022331252575406 0.000000000000000
0.800929976093813 0.019303178040645 0.000000000000000
0.685594491630990 0.011754370647022 0.000000000000000
0.626326163030520 0.001462977712815 0.000000000000000
0.759905344340615 0.001503539112788 0.000000000000000
0.759202483310201 0.002807886280059 0.000000000000000
0.759749104223855 0.003245248138386 0.000000000000000
0.291406318242647 -0.010470579851379 0.000000000000000
0.280971547735034 -0.011602885638968 0.000000000000000
0.283025634150625 0.011470989825171 0.000000000000000
0.292606762828756 0.011278176897958 0.000000000000000
1.001055424322369 -0.249143376745510 0.000000000000000
0.737714784660064 -0.216783666747534 0.000000000000000
0.672853756400286 0.198388642582644 0.000000000000000
0.950447719319821 0.234885485142599 0.000000000000000
0.762025696694475 0.007713602408775 0.000000000000000
0.765978007692049 0.011355843176386 0.000000000000000
0.760434212371881 0.010333489426309 0.000000000000000
0.512528401449348 -0.004336394079620 0.000000000000000
0.705006469943665 0.004632470001344 0.000000000000000
0.386328111054873 0.003157574850775 0.000000000000000
0.757861632857688 0.002977887444701 0.000000000000000
0.758431960997894 0.000548638413385 0.000000000000000
0.251854962459587 -0.036651014238361 0.000000000000000
0.636672181873772 -0.081198020708172 0.000000000000000
0.326458447732327 0.001437498727194 0.000000000000000
0.329362269436808 0.001375400404728 0.000000000000000
0.329251788011786 -0.001296185372079 0.000000000000000
0.325804028821395 -0.001152264556546 0.000000000000000
0.722684269177851 0.065170531098778 0.000000000000000
0.584241273101602 0.075883004454935 0.000000000000000
0.841803706875295 0.079143416298638 0.000000000000000
0.996609594070596 -0.130457645856611 0.000000000000000
0.945526558592649 -0.088640578725642 0.000000000000000
0.969228534290017 -0.141755262906550 0.000000000000000
0.972957438102573 0.139736366004849 0.000000000000000
0.949813957198331 0.092695816646756 0.000000000000000
0.982453482488605 0.131056542245473 0.000000000000000
0.758963971278501 -0.004599197572466 0.000000000000000
0.757452934017486 -0.000521362910878 0.000000000000000
0.760784993112281 -0.000095947490263 0.000000000000000
0.738284935514298 -0.006711801915730 0.000000000000000
0.603447757590493 -0.005717210219594 0.000000000000000
0.602256381860324 0.006100058875551 0.000000000000000
0.736978893294017 0.007181529416651 0.000000000000000
0.761174655665042 -0.001135332975625 0.000000000000000
0.756289458553583 0.002267321209320 0.000000000000000
0.761312649343045 0.010096664701414 0.000000000000000
0.754404726110163 0.011568094853286 0.000000000000000
0.447818306974619 -0.030465780290833 0.000000000000000
0.589336875412273 -0.037230444848887 0.000000000000000
0.456210166175725 0.008861242291260 0.000000000000000
0.488185801211080 0.012321986203137 0.000000000000000
0.507429357720369 -0.004544139655077 0.000000000000000
0.515982262125317 -0.002641452356415 0.000000000000000
0.707229775041491 -0.004112749877152 0.000000000000000
0.354260185480264 -0.007452643192829 0.000000000000000
0.143864527550595 0.009383612881244 0.000000000000000
0.332083882095586 0.013841311121080 0.000000000000000
0.953695997525242 -0.612263983123147 0.000000000000000
0.618795671440433 -0.689917357139125 0.000000000000000
0.225955382509779 0.029366577064957 0.000000000000000
0.281518948636901 -0.003007915392415 0.000000000000000
0.319203575809546 0.041084986069549 0.000000000000000
0.769489289157730 -0.001080810494571 0.000000000000000
0.760478518548412 -0.004130367228683 0.000000000000000
0.758527661807147 0.000732772379366 0.000000000000000
0.757479288385340 -0.001030449802536 0.000000000000000
0.771585882280806 -0.001132701404167 0.000000000000000
0.771521587157828 -0.002709113125370 0.000000000000000
0.777666862194379 -0.009095565073995 0.000000000000000
0.764332351093813 -0.006758769350048 0.000000000000000
0.760807540727811 0.009567539632021 0.000000000000000
0.762947487086795 0.007602991998559 0.000000000000000
0.763591932837163 -0.006886294698720 0.000000000000000
0.759719039970190 -0.009139432176669 0.000000000000000
0.746550003236677 -0.002481520865403 0.000000000000000
0.755118572368487 -0.003209607668290 0.000000000000000
0.752524462760439 0.004487392244986 0.000000000000000
0.750813209910929 -0.000967050079114 0.000000000000000
0.736076403082973 -0.004713939091683 0.000000000000000
0.751844385311116 -0.006320369295437 0.000000000000000
0.749326458696507 -0.007632584511560 0.000000000000000
0.755443755902088 0.001311586850822 0.000000000000000
0.756383282387021 0.003234067560316 0.000000000000000
0.809673485936149 -0.018933456292182 0.000000000000000
0.783622091905666 -0.021931666896474 0.000000000000000
0.814457338953355 -0.012709749376969 0.000000000000000
0.729712563743519 0.003592123661449 0.000000000000000
0.734872229322547 -0.003227494700087 0.000000000000000
0.237796074331293 0.000242296799392 0.000000000000000
0.521556329779649 0.000640854784183 0.000000000000000
0.339734436631585 -0.000131489451866 0.000000000000000
0.332992446305274 -0.000277312310410 0.000000000000000
0.511204290393476 -0.001104877968174 0.000000000000000
0.229767621856938 -0.000240919516152 0.000000000000000
0.764859567856135 0.002123448868561 0.000000000000000
0.758092976016195 -0.000456839526588 0.000000000000000
0.981671995646122 0.007069587671473 0.000000000000000
1.011531359693872 0.005426560111119 0.000000000000000
0.711365029578045 0.009673907320756 0.000000000000000
0.383982872848780 0.005129654967112 0.000000000000000
0.382917663611803 -0.004895038149714 0.000000000000000
0.709578765584700 -0.009135221604178 0.000000000000000
0.785474253155435 -0.010258980112913 0.000000000000000
0.798444928549548 -0.006457707840483 0.000000000000000
0.758406585315907 -0.001885133281286 0.000000000000000
0.751032216690800 -0.001575422368011 0.000000000000000
0.758082699555227 0.005157246607569 0.000000000000000
0.757159760645687 0.000801539587600 0.000000000000000
0.477333544651194 -0.020196745061291 0.000000000000000
0.787601753544303 0.002535603456208 0.000000000000000
0.742050594163811 -0.006556350900408 0.000000000000000
0.767724848518075 -0.000062860914900 0.000000000000000
0.866558313050560 -0.082621659808741 0.000000000000000
0.749964654391950 -0.069405894125193 0.000000000000000
0.742243689998909 -0.000998127212360 0.000000000000000
0.763528065397871 0.003107310605896 0.000000000000000
0.991010658922234 -0.001926630455942 0.000000000000000
0.971535503296275 -0.004937700494612 0.000000000000000
0.634793127457759 0.003572537901148 0.000000000000000
0.488537972063424 0.004141533659114 0.000000000000000
0.481288122876318 -0.003630360640804 0.000000000000000
0.613890463250231 -0.003617281568472 0.000000000000000
0.759154148584030 -0.004877017901335 0.000000000000000
0.746429070035805 -0.003765526421906 0.000000000000000
0.768176444040270 -0.001106163107431 0.000000000000000
0.769865166579372 -0.004960513359723 0.000000000000000
0.723242610355069 -0.024952913831935 0.000000000000000
0.735495428155301 -0.020499454596162 0.000000000000000
0.913109023801260 -0.008532857010453 0.000000000000000
0.952173220840679 -0.008526351806022 0.000000000000000
0.954581784777215 -0.006927640835671 0.000000000000000
0.868608712376486 -0.014018155724350 0.000000000000000
0.788745929532316 -0.014605741900591 0.000000000000000
0.852417743220811 -0.011789070575182 0.000000000000000
0.579962532507924 0.043571391754762 0.000000000000000
0.436897383370517 0.034285506802370 0.000000000000000
0.955826641124997 0.011873205963583 0.000000000000000
0.955809012513380 0.008581573023825 0.000000000000000
0.765611798857346 0.003168542119564 0.000000000000000
0.280607354318877 0.003834412100980 0.000000000000000
0.281013050329985 -0.003900432927511 0.000000000000000
0.711463409184145 -0.013397047947421 0.000000000000000
0.644942849689515 0.021181384673893 0.000000000000000
0.849115229592365 -0.010558326082011 0.000000000000000
0.754528150507926 0.003076013312002 0.000000000000000
0.900327400630967 -0.159201636636712 0.000000000000000
0.759070621535715 0.002751293874900 0.000000000000000
0.759758209724880 0.000192907145545 0.000000000000000
0.771652375784787 0.003234384513050 0.000000000000000
0.773671913932885 0.007385163377201 0.000000000000000
0.770505751421867 0.005017988596517 0.000000000000000
0.463774794164174 0.011496114095551 0.000000000000000
0.601765521217887 0.031297726967784 0.000000000000000
0.541688785236203 0.020240632740508 0.000000000000000
0.805743020255687 -0.000074601468072 0.000000000000000
0.795155001402380 0.005523933080905 0.000000000000000
0.779298152802424 0.002815182338611 0.000000000000000
0.767090987215965 0.005203849875231 0.000000000000000
0.773342871385616 0.005858686330542 0.000000000000000
0.761507966761328 0.008792377630225 0.000000000000000
0.686138761380698 0.001565563336150 0.000000000000000
0.671062222157888 -0.002221646057834 0.000000000000000
0.322109448424000 -0.005726211843628 0.000000000000000
0.298882059141664 -0.004148458766578 0.000000000000000
0.119036607677212 -0.002458538200709 0.000000000000000
0.756298907763719 -0.001007316505272 0.000000000000000
0.758723187123380 0.003747527902107 0.000000000000000
0.761924386264460 0.005418232459906 0.000000000000000
0.339343886751569 0.000314539465200 0.000000000000000
0.333210154336175 -0.000597462562666 0.000000000000000
0.378462414393889 0.009310677090970 0.000000000000000
0.483356099228734 0.010430875738648 0.000000000000000
0.777072872654837 -0.001411575578716 0.000000000000000
0.770667228356141 -0.000022219934388 0.000000000000000
0.960504000654342 -0.028245160931225 0.000000000000000
0.890592559405907 -0.026040699154830 0.000000000000000
0.916395598934823 -0.031436940915348 0.000000000000000
0.588631790153784 -0.251706354527377 0.000000000000000
0.615354390581758 -0.428549073735643 0.000000000000000
0.775304949147544 0.001673789713122 0.000000000000000
0.777149998228004 -0.000624115927363 0.000000000000000
0.947429832788078 0.010107200436145 0.000000000000000
0.910816078049822 0.010718907639853 0.000000000000000
0.305670072192621 -0.043435928085621 0.000000000000000
0.289476941574947 0.000313071819085 0.000000000000000
0.587721471661529 0.001960968075713 0.000000000000000
0.601157262161972 -0.001252541449459 0.000000000000000
0.289508192086917 -0.000586185564216 0.000000000000000
0.466388042659945 0.021039878508381 0.000000000000000
0.762011355943729 0.001316307420841 0.000000000000000
0.811864171159077 -0.035252702303828 0.000000000000000
0.742259572008810 -0.038048221300997 0.000000000000000
0.408505170966607 -0.121255117157517 0.000000000000000
0.852900812926400 0.099727363963886 0.000000000000000
0.894105679985487 -0.357906041283855 0.000000000000000
0.803219343479758 -0.719899165040479 0.000000000000000
0.880137879549549 -0.561750445036980 0.000000000000000
0.765776984830394 0.001561187701177 0.000000000000000
0.923301646285728 -0.055598686375579 0.000000000000000
0.875993651132612 -0.027371815224853 0.000000000000000
0.888217481645426 0.036124447420486 0.000000000000000
0.941053651526203 0.067223820505520 0.000000000000000
0.683520766557080 0.006255738805912 0.000000000000000
0.683264305908033 -0.005493547430215 0.000000000000000
1.036156224271013 0.003417699714159 0.000000000000000
0.776804888714908 0.010304049395265 0.000000000000000
0.769933339230605 0.008985375074141 0.000000000000000
0.626773882097985 0.430771377761800 0.000000000000000
0.596696327382341 0.249562352140294 0.000000000000000
0.602533675509046 -0.018160098947700 0.000000000000000
0.461528524393427 -0.247791791605307 0.000000000000000
0.764046198286387 0.002917899515002 0.000000000000000
0.714747048217722 -0.001216286621740 0.000000000000000
0.763540925014635 -0.013326403254459 0.000000000000000
0.396612316877891 -0.021134832025320 0.000000000000000
0.889539277718589 -0.892796063842961 0.000000000000000
0.823367447031657 -0.774904316944509 0.000000000000000
0.851012852233159 0.014564593800786 0.000000000000000
0.891137418898294 0.125936576625485 0.000000000000000
0.364488336375846 -0.002590272141429 0.000000000000000
0.363512790124776 0.002967423175618 0.000000000000000
0.846403170985984 0.012394209941348 0.000000000000000
0.849850485668845 0.013735223238272 0.000000000000000
0.744804791295825 -0.004329250091905 0.000000000000000
0.940218629491720 -0.197992281740411 0.000000000000000
0.939065711437654 -0.183381073594231 0.000000000000000
0.954620087834184 0.190632536735864 0.000000000000000
0.948641116704609 0.204863575806285 0.000000000000000
0.831111043618538 0.013896319749051 0.000000000000000
0.820694866054288 0.007425110674371 0.000000000000000
0.818791332097877 -0.005537113910947 0.000000000000000
0.832747440101404 -0.011466308631654 0.000000000000000
0.757493704204408 0.000290229934422 0.000000000000000
0.762433371915166 -0.010669910866529 0.000000000000000
0.764563889035240 -0.001797241523335 0.000000000000000
0.133600628406899 -0.006898164439679 0.000000000000000
0.374666109160843 -0.024933161201690 0.000000000000000
0.347716866707680 0.017698457501807 0.000000000000000
0.866831783820230 0.008961761339037 0.000000000000000
0.872686664742205 0.010402698149361 0.000000000000000
0.762087000370826 0.001704780858839 0.000000000000000
0.782437172015768 -0.005034054363284 0.000000000000000
0.854962939572523 0.011596868082084 0.000000000000000
0.558764719792574 -0.008367773251480 0.000000000000000
0.241597060668574 -0.005153530978373 0.000000000000000
0.242124755294293 0.003671038385359 0.000000000000000
0.560693727331225 0.006196444802883 0.000000000000000
0.753316857833584 0.001749018027611 0.000000000000000
0.591784731788365 0.018225174868159 0.000000000000000
0.473156056993361 0.250993120422855 0.000000000000000
0.938696541282806 0.006599013057105 0.000000000000000
0.589277701356589 -0.001888809945567 0.000000000000000
0.336339523203369 -0.001030639100646 0.000000000000000
0.333678669562872 0.001141974094045 0.000000000000000
0.587774818818209 0.002232574600728 0.000000000000000
0.512919493228099 0.005440567432333 0.000000000000000
0.512732755618568 -0.005042557814076 0.000000000000000
0.963807413530466 0.082268684973339 0.000000000000000
0.726276327553239 -0.012007076347734 0.000000000000000
0.716335654805128 -0.010517361541703 0.000000000000000
0.751619260021957 -0.012954861038963 0.000000000000000
0.965294590611800 -0.162664891353561 0.000000000000000
0.999096657217772 -0.207944363861815 0.000000000000000
0.997642939993171 0.205044096396307 0.000000000000000
0.974056742546876 0.162692689921185 0.000000000000000
0.752696070052336 -0.000150384606272 0.000000000000000
0.749487165152737 0.002517643502296 0.000000000000000
0.715721450413587 0.005096173291666 0.000000000000000
0.709266010330912 -0.003455957363371 0.000000000000000
0.846064303791881 -0.008182585235683 0.000000000000000
0.764003030925832 0.005721167647409 0.000000000000000
0.755913094573191 -0.004495226266478 0.000000000000000
1.021739885516496 0.018715781330107 0.000000000000000
1.090114314687845 -0.018179928295889 0.000000000000000
0.760011965034639 -0.004051128800478 0.000000000000000
0.760772187631371 0.001016363591355 0.000000000000000
0.759728486386998 0.001147781705418 0.000000000000000
0.759427558040370 -0.005438240756707 0.000000000000000
0.680519658782242 0.019013164748754 0.000000000000000
0.776834521688792 0.020007779649131 0.000000000000000
0.707769808593051 0.015376169045411 0.000000000000000
0.734968159391852 0.004164533810027 0.000000000000000
0.700653377101141 0.037956904320350 0.000000000000000
0.980264821959171 -0.004323574315036 0.000000000000000
0.997323710764558 -0.006865133609053 0.000000000000000
0.770957387611164 0.001227152957178 0.000000000000000
0.770877246374224 -0.002026436716081 0.000000000000000
0.758336452722222 -0.008204427095179 0.000000000000000
0.747819359819892 -0.008707049959564 0.000000000000000
0.842651063779068 -0.102028490727070 0.000000000000000
0.880654490646432 0.011334097276679 0.000000000000000
0.880969924985019 -0.067711095338855 0.000000000000000
0.763719036035161 0.007954244865338 0.000000000000000
0.891762956267173 0.020063904696778 0.000000000000000
0.949264076320545 0.062085796828833 0.000000000000000
0.937299694522402 -0.050601033221045 0.000000000000000
0.741085176417382 0.008333853699585 0.000000000000000
0.778043848022150 -0.009219339672632 0.000000000000000
0.773073899532910 -0.011005712721118 0.000000000000000
0.447628281857326 0.023497819701339 0.000000000000000
0.602738570588174 0.033692243509713 0.000000000000000
0.391282960097547 0.009960720807536 0.000000000000000
0.768837645436983 0.001892046154232 0.000000000000000
0.767167516623603 0.001538164466274 0.000000000000000
0.768314122327347 0.004160745854279 0.000000000000000
0.936994330985649 -0.005646774168167 0.000000000000000
0.823585875374921 -0.004032908215863 0.000000000000000
0.689047640985655 -0.012992798990374 0.000000000000000
0.668251610743321 -0.033863043365269 0.000000000000000
0.830289037359123 -0.034285323576972 0.000000000000000
1.045320078991795 0.018590611138790 0.000000000000000
0.962049100373041 -0.008766987398861 0.000000000000000
0.770902874848780 0.011662285427066 0.000000000000000
0.715558132429128 -0.007843981928286 0.000000000000000
0.875241754521310 0.006749897281777 0.000000000000000
0.314776356318045 0.006796962778641 0.000000000000000
0.115404427592082 0.002701523972640 0.000000000000000
0.295917020779406 0.004436226856701 0.000000000000000
0.763905569698433 0.001989379532209 0.000000000000000
0.773689076543731 0.004329892252917 0.000000000000000
0.777833462857977 0.004350772782309 0.000000000000000
0.761764266762570 0.003114279377850 0.000000000000000
0.761404316667561 -0.001802512087815 0.000000000000000
0.687273338518562 0.013110156151961 0.000000000000000
0.811700084277602 0.006664194982192 0.000000000000000
0.876237217709456 -0.005896265591431 0.000000000000000
0.124801857475624 0.009185999363183 0.000000000000000
0.618477822025227 0.009564829427636 0.000000000000000
0.559283978302394 0.001349280860101 0.000000000000000
0.285090443899142 0.000084826137822 0.000000000000000
0.284388535024037 -0.000084827901435 0.000000000000000
0.557786553899801 -0.001207338425152 0.000000000000000
0.763721949374886 -0.000788939142534 0.000000000000000
0.767578200459478 -0.002871944610097 0.000000000000000
0.685412468386512 -0.000681943681516 0.000000000000000
0.694697091847866 -0.001307974115748 0.000000000000000
0.700579801692221 0.001523011131026 0.000000000000000
0.691661498604735 0.000856086957351 0.000000000000000
0.366896482608041 0.002242758778897 0.000000000000000
0.708200753632941 -0.004244654378491 0.000000000000000
0.757517511107004 -0.004026971366008 0.000000000000000
0.760121620967070 -0.006355542203768 0.000000000000000
0.414862344779653 -0.001813416633095 0.000000000000000
0.421181348386744 0.000097811737324 0.000000000000000
0.421805641026324 -0.000124285469200 0.000000000000000
0.415300467305856 0.001714823779312 0.000000000000000
0.814572618230331 0.012599211520674 0.000000000000000
0.759481251695492 0.016190557023938 0.000000000000000
0.931519191322950 0.073135390482355 0.000000000000000
0.763709973277106 0.003573623591201 0.000000000000000
0.771268103665868 0.001272255106577 0.000000000000000
0.477336168962702 -0.014510731126437 0.000000000000000
0.400429630134867 0.004337842135753 0.000000000000000
0.551359406886051 0.002594476086860 0.000000000000000
0.679928210662032 -0.038695878970419 0.000000000000000
0.796672857361203 -0.040042017180207 0.000000000000000
0.756718057942672 0.000015209569143 0.000000000000000
0.770249773461407 0.003269507149935 0.000000000000000
0.771768574483972 0.004966761638344 0.000000000000000
0.558449992750545 0.045991278624494 0.000000000000000
1.032167504020463 -0.009843980589907 0.000000000000000
1.011179023531773 -0.001446916485363 0.000000000000000
0.602274816023759 -0.051618655721166 0.000000000000000
0.331866579976178 0.001938830283149 0.000000000000000
0.604877011383973 0.000980340354910 0.000000000000000
0.362257926105454 -0.002943970741750 0.000000000000000
0.360587054270714 0.002856645426549 0.000000000000000
0.604161849302024 -0.001221937483440 0.000000000000000
0.329353703153321 -0.002284726534739 0.000000000000000
0.776264343092813 0.011536286188856 0.000000000000000
0.915210995572498 0.015734469223196 0.000000000000000
0.659205353687263 -0.000711259483847 0.000000000000000
0.600395808793620 0.001603019832499 0.000000000000000
0.600592749576362 -0.001632104975980 0.000000000000000
0.659315870244442 0.001146387361256 0.000000000000000
0.761509950290608 -0.009379698883822 0.000000000000000
0.762627280304294 -0.007622722827589 0.000000000000000
0.820889483909118 0.021444638316110 0.000000000000000
0.763748181227391 0.041275481810135 0.000000000000000
0.670761449551550 0.041126356685901 0.000000000000000
0.786146479874604 0.017328201004591 0.000000000000000
0.863925408183878 0.014498872311916 0.000000000000000
0.965984525792124 0.034136138794630 0.000000000000000
1.016533148840816 -0.011763583954923 0.000000000000000
0.842707575922630 0.028598552031310 0.000000000000000
0.850619717874660 0.036771756306191 0.000000000000000
1.037629121167067 0.000669242509136 0.000000000000000
0.738181049614243 0.012844760656433 0.000000000000000
0.702311966178462 0.010237324364346 0.000000000000000
0.734690719976814 0.013029523127735 0.000000000000000
0.763077161707264 0.001419361261465 0.000000000000000
0.759125450676473 0.001927374414742 0.000000000000000
0.762424255733292 0.002577368268601 0.000000000000000
0.581291712694126 0.005823705246954 0.000000000000000
0.443298109009182 0.003682762753179 0.000000000000000
0.886670516851282 0.013374189476112 0.000000000000000
0.928276465602412 0.031229193657799 0.000000000000000
0.758380943342960 0.007375652808596 0.000000000000000
0.759389080088860 -0.006290069679353 0.000000000000000
0.758273888589734 -0.006190891938473 0.000000000000000
0.762857433982451 -0.007327240943400 0.000000000000000
0.761997941151741 -0.007727235582419 0.000000000000000
0.764346434778638 0.000356250377120 0.000000000000000
0.765907439994626 -0.002680962722854 0.000000000000000
0.764669883847500 -0.005286462538412 0.000000000000000
0.365623378897675 0.003425045319348 0.000000000000000
0.364486874076030 -0.002979964478541 0.000000000000000
0.759252851610853 -0.001392878548654 0.000000000000000
0.829674572369662 0.048960039084114 0.000000000000000
0.858702164976120 0.018360545314079 0.000000000000000
0.410859630463696 0.002733841254789 0.000000000000000
0.758593307616363 0.009079685456239 0.000000000000000
0.761100996642168 0.008808301614842 0.000000000000000
0.935231792235867 0.433501312452215 0.000000000000000
0.772417185605426 0.667163832075555 0.000000000000000
0.772669295094851 0.002201790070559 0.000000000000000
0.368644537902388 0.000299495644798 0.000000000000000
0.366799489267345 0.000700205975513 0.000000000000000
0.369373360854547 -0.000741786700597 0.000000000000000
0.369640438608511 -0.000475948379730 0.000000000000000
0.884237716026393 0.057132734000332 0.000000000000000
0.882795380528342 -0.033267250720897 0.000000000000000
0.846898664056535 0.097964994684055 0.000000000000000
0.764009424946414 -0.004695499753822 0.000000000000000
0.752949950197097 0.012197995429982 0.000000000000000
0.737516661916796 0.010533265168450 0.000000000000000
0.754445012395364 0.012859545672409 0.000000000000000
1.037498125581200 -0.303729985439626 0.000000000000000
1.023360083844080 -0.266537490564833 0.000000000000000
1.002953632854528 0.264109109947984 0.000000000000000
0.982044797557314 0.297361367120035 0.000000000000000
0.759781867375443 0.004344473641742 0.000000000000000
0.757846332428730 0.004223770961312 0.000000000000000
0.827692784234426 0.193488679270092 0.000000000000000
0.763791400891346 0.004509938236059 0.000000000000000
0.688982888101238 -0.018609229406207 0.000000000000000
0.663187880138287 -0.028163599831767 0.000000000000000
0.766294128443787 0.001695950531101 0.000000000000000
0.759126625058050 0.001503681935041 0.000000000000000
0.764683318239141 -0.005697653367977 0.000000000000000
0.764310485491300 -0.003145365070645 0.000000000000000
0.716811856289850 0.000259537821653 0.000000000000000
0.710759249321046 -0.001058907178025 0.000000000000000
0.748732817482476 -0.005067595128602 0.000000000000000
0.769232031543620 -0.005241257448766 0.000000000000000
0.750531540159779 0.005119236667436 0.000000000000000
0.812639466549326 -0.006839788457965 0.000000000000000
0.820515798799529 -0.005514186506987 0.000000000000000
0.657214928179193 0.028935595662764 0.000000000000000
1.023682681563663 0.191947835951417 0.000000000000000
0.993760011689658 0.230407769769494 0.000000000000000
0.762342302150677 -0.003404746212482 0.000000000000000
0.776910803758041 -0.006920031576309 0.000000000000000
0.764427496225274 0.004393388055907 0.000000000000000
0.774807352575299 -0.000618807210333 0.000000000000000
0.772358450871801 -0.001044939390790 0.000000000000000
0.782212521497045 0.037585356376105 0.000000000000000
0.615030572599420 -0.053760354378395 0.000000000000000
0.218849857946648 -0.007128947507739 0.000000000000000
0.277048783005497 -0.073620340634342 0.000000000000000
0.808057646432683 -0.002445060883566 0.000000000000000
0.831586728395712 0.001627140708088 0.000000000000000
0.835566326337818 0.000475130825431 0.000000000000000
0.309928872439127 0.001886204902875 0.000000000000000
0.598468653196122 0.002139770832357 0.000000000000000
0.594349368916446 -0.002163108088918 0.000000000000000
0.301679401317461 -0.002035869929459 0.000000000000000
0.797588387275847 -0.006039448677261 0.000000000000000
0.416249140173744 -0.003511498206572 0.000000000000000
0.739339471505722 -0.002361881505387 0.000000000000000
0.779006326350412 -0.006091275808784 0.000000000000000
0.335814775279349 0.006915043669437 0.000000000000000
0.724678866192083 0.006909191676887 0.000000000000000
0.381738318226177 -0.003543693644695 0.000000000000000
0.379976029912418 0.004177979633085 0.000000000000000
0.625555477160463 0.002540975300096 0.000000000000000
0.319174778494054 0.001993290307776 0.000000000000000
0.311453348656814 -0.001882508149379 0.000000000000000
0.620942117715135 -0.002515903022686 0.000000000000000
0.827523607767682 -0.018964896847090 0.000000000000000
0.839114563329179 -0.015820787806847 0.000000000000000
0.758976395967078 -0.012331923704364 0.000000000000000
0.748782330487134 -0.012565815589731 0.000000000000000
0.766143955586659 -0.011032170999856 0.000000000000000
0.612665678418003 0.011823281773350 0.000000000000000
0.514915505249317 0.011927910666676 0.000000000000000
0.516855986143258 -0.012308651845529 0.000000000000000
0.612950302901406 -0.012566026584429 0.000000000000000
0.806729147061691 -0.002456743553284 0.000000000000000
0.801955311484366 -0.003441985453525 0.000000000000000
0.906315835187805 -0.069838561262159 0.000000000000000
0.886906919332631 0.859190157910050 0.000000000000000
0.942270403073294 0.773688635631027 0.000000000000000
0.749448288859626 -0.000074297525430 0.000000000000000
0.675207253825365 0.000491123365822 0.000000000000000
0.674991474426218 -0.000382986463136 0.000000000000000
0.752275480690810 0.000287856297501 0.000000000000000
0.976116831764207 0.012611572449491 0.000000000000000
0.889895681603521 -0.021422689486612 0.000000000000000
0.898985707394541 -0.015371171485782 0.000000000000000
0.897306271534552 -0.024893342372232 0.000000000000000
0.814942568545499 0.003318224532271 0.000000000000000
0.815719707596357 0.005182458768355 0.000000000000000
0.761996496515596 0.003705657285408 0.000000000000000
0.721857745750241 0.000334367214243 0.000000000000000
0.409049072380616 0.002606311954716 0.000000000000000
0.413008483161593 -0.005609923381886 0.000000000000000
0.719067736946386 -0.009811006923145 0.000000000000000
0.735917379605141 -0.011429959907000 0.000000000000000
0.740323547072926 -0.010479008476414 0.000000000000000
0.713411241893728 -0.003699929572429 0.000000000000000
0.714793025117027 0.003683833773195 0.000000000000000
0.621544068995101 0.050990663504093 0.000000000000000
0.282907849413812 -0.001648420597088 0.000000000000000
0.283611588152432 0.001590829705727 0.000000000000000
0.779661533033930 -0.019171396389510 0.000000000000000
0.957139028950459 -0.067694995583569 0.000000000000000
0.929764031701273 -0.095491201165762 0.000000000000000
0.896527157126228 0.096661350004994 0.000000000000000
0.942750347275724 0.067070611638403 0.000000000000000
0.829824087681625 0.021689005413716 0.000000000000000
0.791836599239303 0.027148084713234 0.000000000000000
0.207396667620251 0.004243631374797 0.000000000000000
0.205314925623652 -0.005025663218411 0.000000000000000
0.978509663227703 -0.227905484217586 0.000000000000000
1.002707924510093 -0.175535613619640 0.000000000000000
0.257379560158503 -0.082535310562352 0.000000000000000
0.768270200871831 0.002297855411127 0.000000000000000
0.256131122886366 0.000954378834087 0.000000000000000
0.256429940669312 -0.001111271610528 0.000000000000000
0.821233786088425 -0.223062410589608 0.000000000000000
0.699478745287668 0.002617422296727 0.000000000000000
0.687448409011777 0.003024877329487 0.000000000000000
0.686543846845830 -0.003057339638404 0.000000000000000
0.701829387049595 -0.002754300105767 0.000000000000000
0.882628340737858 0.028507732334323 0.000000000000000
0.897471282130990 0.018284504618571 0.000000000000000
0.850077093122783 -0.053549186921714 0.000000000000000
0.286772071265615 0.075940556019782 0.000000000000000
0.228970273165648 0.008982599106081 0.000000000000000
0.266355681480985 0.082791306511453 0.000000000000000
0.753690169650880 -0.003681475041829 0.000000000000000
0.753407396391435 0.004897301855501 0.000000000000000
0.648716319328709 0.028449253110802 0.000000000000000
0.490295433843675 0.009063474952930 0.000000000000000
0.697969049783026 0.029602028210949 0.000000000000000
0.765382196829312 0.029216872559186 0.000000000000000
0.764179979014561 0.004365348025036 0.000000000000000
0.870904190149117 -0.032181187383465 0.000000000000000
0.924802212130135 -0.027261138981471 0.000000000000000
0.892166130647610 0.185337382181128 0.000000000000000
0.833505888236575 0.152535149067590 0.000000000000000
0.398182719603740 0.002483053281085 0.000000000000000
0.806240861476301 -0.006006579735377 0.000000000000000
0.746227563748440 -0.008273552631177 0.000000000000000
0.746982712809670 0.008890928447539 0.000000000000000
0.806114999636968 0.006649748233047 0.000000000000000
0.784556941149020 -0.663631627528814 0.000000000000000
0.941640122622829 -0.462179189342483 0.000000000000000
0.852547542102597 -0.011647540669978 0.000000000000000
0.851368897735586 0.016869654364644 0.000000000000000
0.480137338142400 -0.184747121480679 0.000000000000000
0.271694506549083 -0.114382169575671 0.000000000000000
0.249191177651798 0.106309332129234 0.000000000000000
0.439949742448418 0.166778234756060 0.000000000000000
0.265486946927009 0.002144553528894 0.000000000000000
0.265551028660140 -0.001992676183556 0.000000000000000
0.872057475253313 0.009305898992924 0.000000000000000
0.851019165115474 0.004614162808915 0.000000000000000
1.023624626689779 -0.092313245529847 0.000000000000000
0.984851133075332 0.007697456872464 0.000000000000000
0.718785968935283 0.006759458123072 0.000000000000000
0.849020594725171 -0.004298987049166 0.000000000000000
0.869410225166014 -0.006778281665840 0.000000000000000
0.869086949248505 -0.009544486277811 0.000000000000000
0.807956004369682 0.005777229428048 0.000000000000000
0.287103863242851 0.002168452316056 0.000000000000000
0.287651033329243 -0.001693145382622 0.000000000000000
0.819018462000699 -0.026439766229906 0.000000000000000
0.883561493501714 -0.008446434717270 0.000000000000000
0.278683318623657 -0.001436391260974 0.000000000000000
0.583014001046070 -0.002992082248260 0.000000000000000
0.582640800547438 0.002929521952823 0.000000000000000
0.277512447769308 0.001432433604244 0.000000000000000
0.764989312941961 0.002209960960951 0.000000000000000
0.764393153053981 0.000383330796370 0.000000000000000
0.848701011848030 -0.348176836679023 0.000000000000000
0.719305368273611 0.002451910861307 0.000000000000000
0.717591155525252 0.002263290579957 0.000000000000000
0.715010892931243 -0.001919806935561 0.000000000000000
0.717894031127230 -0.002139985134080 0.000000000000000
0.945555162772692 -0.038607577122424 0.000000000000000
0.917759025950341 -0.164569500884381 0.000000000000000
0.765445689020840 -0.005905565354019 0.000000000000000
0.796723442212245 0.006276667193132 0.000000000000000
0.851630020902141 -0.024052007003099 0.000000000000000
0.879884241285316 -0.025892564891871 0.000000000000000
0.889875963740266 0.011224586081434 0.000000000000000
0.905288620607658 0.014048937682442 0.000000000000000
0.830780258629529 0.001039641355849 0.000000000000000
0.827212618718954 0.001245792064321 0.000000000000000
0.829539949345025 -0.001002763879520 0.000000000000000
0.830704467533050 -0.001623534459745 0.000000000000000
0.691954721092786 0.008691693289443 0.000000000000000
0.692069813328734 -0.008637337669426 0.000000000000000
0.762158879590961 0.003231910036426 0.000000000000000
0.760185382024039 0.002730722075446 0.000000000000000
0.755260521294510 0.002466712650191 0.000000000000000
0.804520508695636 0.001352842651421 0.000000000000000
0.783078801322246 0.008055345678151 0.000000000000000
0.852937121686535 -0.016118001066743 0.000000000000000
0.848344398260279 -0.019660624434929 0.000000000000000
1.062899029921897 0.006554741560122 0.000000000000000
0.267665601718118 0.000593238653575 0.000000000000000
0.269049058026294 -0.000752883275122 0.000000000000000
0.664242493074833 -0.001914239572407 0.000000000000000
0.663432153094981 0.001503944767207 0.000000000000000
0.518992779913831 -0.000220294052852 0.000000000000000
0.846715858380177 0.020236793313366 0.000000000000000
0.771010238428665 -0.005427821204281 0.000000000000000
0.766819169363090 0.000348804572052 0.000000000000000
0.861783378915301 0.009915452559068 0.000000000000000
0.858155000863193 -0.007047890777166 0.000000000000000
0.624670259456686 0.322042241530478 0.000000000000000
0.548876410587328 0.487601349579862 0.000000000000000
0.765025275701734 0.011871077977983 0.000000000000000
0.747064120735897 0.010870687306287 0.000000000000000
0.816514561157994 0.174456859331106 0.000000000000000
0.704439294757193 -0.002170097240574 0.000000000000000
0.581008158740243 -0.001438700040680 0.000000000000000
0.579543940334358 0.001471062277325 0.000000000000000
0.704839445704267 0.001954146864948 0.000000000000000
0.837705021245194 -0.001733938415565 0.000000000000000
0.836924948263816 0.001905592303000 0.000000000000000
0.764333635317295 0.002123886001173 0.000000000000000
0.849807931405252 0.002574887645909 0.000000000000000
0.861777596735602 -0.008318830805220 0.000000000000000
0.848035338613804 -0.002549716935794 0.000000000000000
0.929210864812889 0.047611779874939 0.000000000000000
0.688279775121935 -0.003770690677878 0.000000000000000
0.722598915750078 -0.002895041651293 0.000000000000000
0.723873645124626 0.003091240823174 0.000000000000000
0.693407813562144 0.003823114812215 0.000000000000000
0.670188576448129 0.025934867465358 0.000000000000000
0.715031821509079 0.027627956343061 0.000000000000000
0.769133355867198 -0.002553231740480 0.000000000000000
0.761666582341712 -0.003023612711480 0.000000000000000
0.294063012902966 -0.000550506250493 0.000000000000000
0.293549994165163 0.000616995397374 0.000000000000000
0.747348383733409 -0.001735652607387 0.000000000000000
0.410952536749024 0.190322023611751 0.000000000000000
0.299438515080086 0.083990161659874 0.000000000000000
0.774962926940085 -0.011441629987368 0.000000000000000
0.758513904314454 -0.013463388659084 0.000000000000000
0.733586683084886 -0.013484024301379 0.000000000000000
0.740134122589239 -0.014673349657508 0.000000000000000
0.775090641884749 -0.012037900428718 0.000000000000000
0.757914882989201 0.008274666996057 0.000000000000000
0.691274525019105 -0.000428541612208 0.000000000000000
0.761764058189114 -0.001011238586186 0.000000000000000
0.760322397090426 0.000329931738192 0.000000000000000
0.689729369343591 -0.000183774976348 0.000000000000000
0.554716447350690 -0.000346290471271 0.000000000000000
0.550097309413251 -0.000239112204045 0.000000000000000
0.762518938631740 0.006888558461463 0.000000000000000
0.781713536571919 -0.002480155001531 0.000000000000000
0.782355060458980 0.001524409474786 0.000000000000000
0.231652673249641 0.001185760387382 0.000000000000000
0.224146833583864 -0.000840596740450 0.000000000000000
0.398247137825077 0.000602307689060 0.000000000000000
0.716332881370921 0.000353586478601 0.000000000000000
0.930130713939051 0.443279429152620 0.000000000000000
0.789244562543076 -0.003768823829193 0.000000000000000
0.830142206365304 -0.147885401442178 0.000000000000000
0.887036521380713 -0.178948640482611 0.000000000000000
0.217567642269586 0.003279521283580 0.000000000000000
0.216895920458444 -0.004351852262595 0.000000000000000
0.760799437507720 -0.000009151736443 0.000000000000000
0.864162355506472 -0.002903211100074 0.000000000000000
0.844544873564954 0.001421482555926 0.000000000000000
0.762954877612777 0.004513043997551 0.000000000000000
0.874741408183622 0.005160523283269 0.000000000000000
0.855209300787531 0.000632386517036 0.000000000000000
0.872925786788604 0.004124663084432 0.000000000000000
0.086628547177940 0.002354071150781 0.000000000000000
0.777489931857511 0.006700634389249 0.000000000000000
0.665505594369790 0.010207509734527 0.000000000000000
0.665742961633755 -0.010837533129576 0.000000000000000
0.777190744139322 -0.006997074007944 0.000000000000000
0.426383578867591 -0.011593127162563 0.000000000000000
0.746145451180369 0.003521340602538 0.000000000000000
0.533134238516489 0.003106393357798 0.000000000000000
0.577126824236071 0.014278045949916 0.000000000000000
0.485458779759985 -0.190524295444439 0.000000000000000
0.875997823723271 -0.278482413575469 0.000000000000000
0.418874704773497 -0.139249059719670 0.000000000000000
0.360899431315038 0.136654975205637 0.000000000000000
0.801313570805205 0.263613576903627 0.000000000000000
0.436396556958626 0.170081485077463 0.000000000000000
0.943397087363111 -0.012521482276114 0.000000000000000
0.944854199745249 -0.019184241182327 0.000000000000000
0.901753503028571 -0.015560335936669 0.000000000000000
0.651477624568878 -0.504678891052371 0.000000000000000
0.756765482014392 -0.581271133594225 0.000000000000000
0.810215998996771 0.016696159597047 0.000000000000000
0.922600275706988 0.178339253220065 0.000000000000000
0.358171627365993 0.136193327388294 0.000000000000000
0.816778594430340 0.003764660378391 0.000000000000000
0.763388173469779 -0.000103165015933 0.000000000000000
0.759922926372200 0.000868156341303 0.000000000000000
0.757853043268035 -0.000841470314926 0.000000000000000
0.762275966890464 -0.000044726555057 0.000000000000000
0.929764818032265 0.173679596381932 0.000000000000000
0.957957602933039 0.030585901986282 0.000000000000000
0.817641778425088 -0.002884616823373 0.000000000000000
0.066188713568012 -0.003011362808066 0.000000000000000
0.120952796241654 -0.002171676232852 0.000000000000000
0.478806096750257 0.007753806522504 0.000000000000000
0.479270099386818 -0.008611588719218 0.000000000000000
0.287783541532549 -0.084481310766555 0.000000000000000
0.398151007530659 -0.186096479315127 0.000000000000000
0.833175877094659 -0.878718059101577 0.000000000000000
0.438284357592619 -0.572604991134910 0.000000000000000
0.682327335510710 -0.008945233855133 0.000000000000000
0.702012836943027 -0.013562129371185 0.000000000000000
0.674838853437224 -0.008997577562156 0.000000000000000
0.791451733685786 -0.005616609830601 0.000000000000000
0.785006121852288 -0.006742139223703 0.000000000000000
0.766268948395373 -0.002762179930657 0.000000000000000
0.764157807937840 -0.003418632669916 0.000000000000000
0.348945311295823 0.006016232481189 0.000000000000000
0.813402535304653 -0.177984942833098 0.000000000000000
0.071772725848325 0.002561311075935 0.000000000000000
0.805516438051860 0.002850285917508 0.000000000000000
0.117557757084181 0.002167024242981 0.000000000000000
0.619026808433417 -0.311771265836441 0.000000000000000
0.582443739916461 0.019864323965442 0.000000000000000
0.756836164137303 0.588979120723137 0.000000000000000
0.659272789970165 0.501806004857194 0.000000000000000
0.762469500956611 0.011658192044078 0.000000000000000
0.731704890148864 0.012925761632271 0.000000000000000
0.051169200103815 -0.032783639851592 0.000000000000000
0.057943014346936 0.031073030766941 0.000000000000000
0.769287724139276 -0.444209979344672 0.000000000000000
0.666411189581416 -0.402576406363059 0.000000000000000
0.908030905447165 0.014770312176923 0.000000000000000
0.306726934919512 -0.004002196561337 0.000000000000000
0.308832716838728 0.003755766773387 0.000000000000000
0.801794264646769 -0.001360712406832 0.000000000000000
0.740641956903180 -0.002058783134169 0.000000000000000
0.779682389485188 -0.008978957715307 0.000000000000000
0.789074430006715 0.008202770737106 0.000000000000000
0.765950328185320 0.011167625715221 0.000000000000000
0.751680700311567 0.002179356616005 0.000000000000000
0.484114598280035 0.308160393334715 0.000000000000000
0.726558182792789 -0.002971392215197 0.000000000000000
0.729077014802314 0.002570394049582 0.000000000000000
0.765065615726763 -0.011208187696126 0.000000000000000
0.796617506431422 0.002590935408347 0.000000000000000
0.953116041605705 0.288057489882711 0.000000000000000
0.774540246942118 -0.007376749461872 0.000000000000000
0.083164643671032 -0.004494901626087 0.000000000000000
1.009250212155407 0.208854328855086 0.000000000000000
0.932209115781544 -0.226251702283017 0.000000000000000
0.929322642576000 -0.211604304617378 0.000000000000000
0.651323743640252 -0.007993461839647 0.000000000000000
0.650398071513597 -0.000582163144784 0.000000000000000
0.768387333337417 -0.009006380542947 0.000000000000000
0.772550083632517 -0.009180416888590 0.000000000000000
0.267957741777977 -0.000868287587322 0.000000000000000
0.267662763798868 0.000844750126357 0.000000000000000
0.673418479210489 0.395153806499915 0.000000000000000
0.775411703159016 0.423989825895329 0.000000000000000
0.923132895667560 0.037584181685295 0.000000000000000
0.675743346489062 -0.017470004828055 0.000000000000000
0.825659379216825 -0.336914820355029 0.000000000000000
1.022338170329884 -0.196379633879795 0.000000000000000
0.662830746041248 0.008193481298495 0.000000000000000
0.353753270469132 -0.033096512799622 0.000000000000000
0.308441410819032 -0.033212839657365 0.000000000000000
0.280478290455102 0.031157589983856 0.000000000000000
0.320261889543323 0.030423940506770 0.000000000000000
0.670553954563673 0.006209530613012 0.000000000000000
0.675603941247075 0.004385130953185 0.000000000000000
0.934150500104414 0.223846387484116 0.000000000000000
0.775418024455174 -0.002367651012848 0.000000000000000
0.650924959683910 -0.008916806012704 0.000000000000000
0.993713547289294 -0.013015300418932 0.000000000000000
0.470277676524110 -0.306813365995456 0.000000000000000
0.937835411974665 0.215487422572874 0.000000000000000
0.768989772648347 -0.001265295219497 0.000000000000000
0.676763094916039 -0.004200396309107 0.000000000000000
0.762680810532624 0.012331177361805 0.000000000000000
0.003344883903252 -0.014712211758272 0.000000000000000
-0.004012156131220 0.020585690510627 0.000000000000000
0.867622308188498 -0.205902141258038 0.000000000000000
0.844888621991456 -0.017497150358701 0.000000000000000
0.631810013941077 -0.010077040585708 0.000000000000000
0.980828618438640 0.015436809505624 0.000000000000000
1.014293999084049 0.169831065371179 0.000000000000000
1.029002367766146 -0.001873881563900 0.000000000000000
0.798272490121948 -0.001874078792474 0.000000000000000
0.762668248369591 -0.012289302462457 0.000000000000000
0.850957642509701 0.032084906648716 0.000000000000000
0.706473337334181 -0.010553394271616 0.000000000000000
0.799052850062885 -0.001254286866683 0.000000000000000
0.875840837846761 -0.033139365492581 0.000000000000000
0.794167954242705 -0.004247216460556 0.000000000000000
0.765809267964064 -0.003297591257114 0.000000000000000
0.872811331367278 0.210351814784057 0.000000000000000
0.827296738381810 0.296727521674125 0.000000000000000
1.121033407984633 0.152178669854820 0.000000000000000
0.754930588655857 -0.010895673484161 0.000000000000000
0.765669221009958 -0.010335463135118 0.000000000000000
0.982100639074847 0.035497306541537 0.000000000000000
0.764874558293645 0.007655115291628 0.000000000000000
0.751142461228729 0.084775978602175 0.000000000000000
0.801723724586586 0.152087956109151 0.000000000000000
0.883236554405827 -0.016006179801871 0.000000000000000
0.870758542873236 -0.011307141923926 0.000000000000000
0.872318429505684 -0.014829964021719 0.000000000000000
0.764144410764609 0.006196902398713 0.000000000000000
0.758913330813695 0.005270252564138 0.000000000000000
0.726357364166431 -0.627968526300769 0.000000000000000
0.912159533969463 0.035885213618147 0.000000000000000
1.028359585294018 0.001565311047089 0.000000000000000
0.820256199662417 0.173775131480948 0.000000000000000
0.803774472409953 -0.146522542237095 0.000000000000000
0.757367617795933 -0.082367543223436 0.000000000000000
0.664249373533369 0.103273090463903 0.000000000000000
0.762473875766442 -0.000196037827043 0.000000000000000
0.761994367004409 0.000247452437927 0.000000000000000
0.763803612526115 0.006680115148886 0.000000000000000
0.815113380174318 -0.172490676446869 0.000000000000000
0.676660422713612 -0.105789322518188 0.000000000000000
0.712526284829957 0.624026995002355 0.000000000000000
0.812152351524255 0.571007781236670 0.000000000000000
0.760088364953759 0.003734152259563 0.000000000000000
0.758301529504676 -0.001741424573489 0.000000000000000
0.705986858724679 -0.004670610498953 0.000000000000000
0.573994248644728 -0.003312079733205 0.000000000000000
0.575510168868370 0.003887545059007 0.000000000000000
0.705913318293153 0.005708767667193 0.000000000000000
0.847367889123313 -0.620128926904181 0.000000000000000
0.758140868390584 0.001070010575509 0.000000000000000
0.754543852652156 0.001313564415131 0.000000000000000
0.736896886049274 -0.001387884195823 0.000000000000000
0.729482078619567 0.009376075074699 0.000000000000000
0.731755024908924 -0.007839293230887 0.000000000000000
-0.021489513575358 0.002758092949447 0.000000000000000
0.015282274155959 -0.010708196743765 0.000000000000000
0.013658521989917 0.013999627748329 0.000000000000000
0.790552964594751 -0.008088015470161 0.000000000000000
0.909396036270471 0.021818727514821 0.000000000000000
