$MeshFormat
2.2 0 8
$EndMeshFormat
$Nodes
2140
1 0 0 0
2 1.5 0 0
3 5 0 0
4 5 1 0
5 1.5 1 0
6 0 1 0
7 0.6 0.49 0
8 0.8 0.49 0
9 0 0.7 0
10 0 0.3 0
11 0.09999999999956016 0 0
12 0.1999999999991797 0 0
13 0.2999999999987273 0 0
14 0.399999999998371 0 0
15 0.4999999999980147 0 0
16 0.5999999999976584 0 0
17 0.6999999999973021 0 0
18 0.799999999997316 0 0
19 0.8999999999976995 0 0
20 0.9999999999980829 0 0
21 1.099999999998466 0 0
22 1.19999999999885 0 0
23 1.299999999999233 0 0
24 1.399999999999616 0 0
25 0.0499999999997871 0 0
26 0.1499999999993731 0 0
27 0.2499999999989535 0 0
28 0.3499999999985535 0 0
29 0.4499999999981982 0 0
30 0.5499999999978246 0 0
31 0.6499999999974704 0 0
32 0.7499999999971865 0 0
33 0.8499999999975114 0 0
34 0.9499999999978943 0 0
35 1.049999999998275 0 0
36 1.149999999998661 0 0
37 1.249999999999001 0 0
38 1.349999999999425 0 0
39 1.449999999999827 0 0
40 1.59923644728556 0 0
41 1.700442469189027 0 0
42 1.803657145991578 0 0
43 1.908920356136109 0 0
44 2.016272748161336 0 0
45 2.125755804700707 0 0
46 2.237411786141721 0 0
47 2.351283859569588 0 0
48 2.467415970545222 0 0
49 2.585852995724545 0 0
50 2.706640666479091 0 0
51 2.829825671222956 0 0
52 2.955455565565682 0 0
53 3.083578848837028 0 0
54 3.214244994455203 0 0
55 3.347504541258583 0 0
56 3.483408973653749 0 0
57 3.622010693205022 0 0
58 3.763363290696496 0 0
59 3.907521340335256 0 0
60 4.054540543380133 0 0
61 4.204477695669526 0 0
62 4.357390636239748 0 0
63 4.513338558185049 0 0
64 4.672381598241275 0 0
65 4.83458119801021 0 0
66 1.549618223642774 0 0
67 1.649839458237294 0 0
68 1.752049807590315 0 0
69 1.856288751063859 0 0
70 1.962596552148707 0 0
71 2.071014276430998 0 0
72 2.18158379542119 0 0
73 2.294347822855628 0 0
74 2.409349915057419 0 0
75 2.526634483134904 0 0
76 2.646246831101806 0 0
77 2.768233168851031 0 0
78 2.892640618394342 0 0
79 3.019517207201326 0 0
80 3.148911921646143 0 0
81 3.280874767856771 0 0
82 3.415456757456298 0 0
83 3.552709833429339 0 0
84 3.69268699195076 0 0
85 3.835442315515867 0 0
86 3.981030941857686 0 0
87 4.12950911952475 0 0
88 4.280934165954721 0 0
89 4.435364597212399 0 0
90 4.592860078213054 0 0
91 4.753481398125723 0 0
92 4.917290599004941 0 0
93 5 0.1666666666663219 0
94 5 0.3333333333325031 0
95 5 0.4999999999986945 0
96 5 0.6666666666657901 0
97 5 0.8333333333328951 0
98 5 0.08333333333317226 0
99 5 0.2499999999994125 0
100 5 0.4166666666655988 0
101 5 0.5833333333322424 0
102 5 0.7499999999993425 0
103 5 0.9166666666664476 0
104 4.834581198007612 1 0
105 4.672381598238069 1 0
106 4.51333855818204 1 0
107 4.357390636236923 1 0
108 4.204477695666883 1 0
109 4.054540543377663 1 0
110 3.907521340332953 1 0
111 3.763363290694358 1 0
112 3.622010693203044 1 0
113 3.483408973652138 1 0
114 3.347504541258823 1 0
115 3.214244994456317 1 0
116 3.083578848836588 1 0
117 2.955455565564306 1 0
118 2.829825671221709 1 0
119 2.70664066647797 1 0
120 2.585852995723545 1 0
121 2.46741597054434 1 0
122 2.351283859568818 1 0
123 2.237411786141062 1 0
124 2.125755804700151 1 0
125 2.016272748160881 1 0
126 1.908920356135753 1 0
127 1.803657145991317 1 0
128 1.700442469188856 1 0
129 1.599236447285477 1 0
130 4.917290599003806 1 0
131 4.753481398122897 1 0
132 4.592860078209945 1 0
133 4.435364597209532 1 0
134 4.280934165951903 1 0
135 4.129509119522186 1 0
136 3.9810309418553 1 0
137 3.835442315513656 1 0
138 3.69268699194871 1 0
139 3.552709833427644 1 0
140 3.415456757455488 1 0
141 3.280874767857668 1 0
142 3.148911921646486 1 0
143 3.019517207200547 1 0
144 2.892640618393029 1 0
145 2.768233168849855 1 0
146 2.646246831100784 1 0
147 2.526634483133998 1 0
148 2.4093499150566 1 0
149 2.294347822854946 1 0
150 2.181583795420676 1 0
151 2.07101427643054 1 0
152 1.96259655214831 1 0
153 1.856288751063612 1 0
154 1.752049807590101 1 0
155 1.649839458237158 1 0
156 1.549618223642738 1 0
157 1.400000000001087 1 0
158 1.300000000001012 1 0
159 1.2000000000015 1 0
160 1.100000000001219 1 0
161 1.000000000000967 1 0
162 0.900000000001412 1 0
163 0.8000000000018716 1 0
164 0.7000000000019609 1 0
165 0.6000000000016807 1 0
166 0.5000000000014007 1 0
167 0.4000000000011206 1 0
168 0.3000000000008405 1 0
169 0.2000000000005604 1 0
170 0.1000000000002801 1 0
171 1.450000000000543 1 0
172 1.350000000001042 1 0
173 1.250000000001313 1 0
174 1.150000000001281 1 0
175 1.050000000001072 1 0
176 0.9500000000012142 1 0
177 0.8500000000016594 1 0
178 0.7500000000020588 1 0
179 0.6500000000018265 1 0
180 0.5500000000013841 1 0
181 0.4500000000011282 1 0
182 0.3500000000008474 1 0
183 0.2500000000005476 1 0
184 0.1500000000003863 1 0
185 0.05000000000015215 1 0
186 0.6292893218810941 0.4192893218815964 0
187 0.6999999999996102 0.39 0
188 0.770710678118568 0.4192893218812585 0
189 0.6076120467488352 0.4517316567635783 0
190 0.6617316567632555 0.3976120467489689 0
191 0.7382683432361759 0.3976120467487334 0
192 0.7923879532511122 0.4517316567634516 0
193 0.7707106781188369 0.5607106781184728 0
194 0.7000000000004258 0.5900000000000001 0
195 0.6292893218814941 0.5607106781188037 0
196 0.79238795325114 0.5282683432364816 0
197 0.7382683432368853 0.5823879532509728 0
198 0.6617316567636974 0.5823879532512143 0
199 0.6076120467489037 0.5282683432365873 0
200 0 0.9000000000001807 0
201 0 0.8000000000001664 0
202 0 0.9500000000001064 0
203 0 0.8500000000004694 0
204 0 0.7500000000000832 0
205 0 0.6000000000002439 0
206 0 0.5000000000005315 0
207 0 0.4000000000002657 0
208 0 0.6500000000001219 0
209 0 0.5500000000003877 0
210 0 0.4500000000003366 0
211 0 0.3500000000001899 0
212 0 0.2000000000002564 0
213 0 0.1000000000002544 0
214 0 0.2500000000001282 0
215 0 0.1500000000003991 0
216 0 0.05000000000013985 0
217 1.298259353152081 0.497010435391465 0
218 1.7994080035349 0.5002912926919736 0
219 2.295639788845691 0.5057674606647541 0
220 2.813734151047606 0.4777678265827254 0
221 3.316133146235381 0.5226452278441152 0
222 0.3369230020918015 0.6412749870796179 0
223 0.3375944480099026 0.3460787469307188 0
224 3.85020500626074 0.492125602274889 0
225 1.052974743467083 0.3437930740805167 0
226 1.03926052363939 0.6221763506799648 0
227 4.298347031361209 0.4989064319332007 0
228 1.540587807143903 0.6956495319364464 0
229 1.54961822364278 0.3098972231018405 0
230 2.042635049296635 0.6949511861114446 0
231 2.049968746327012 0.3141940008896909 0
232 2.576617831088484 0.6595969773323108 0
233 2.552665901712212 0.31157818862919 0
234 0.5198044570039218 0.7671582061647952 0
235 0.8029886123628542 0.7641787723090037 0
236 1.27103232589456 0.7511060051850592 0
237 1.292404922323667 0.2599090769334951 0
238 0.5218359456647067 0.2228448773062745 0
239 0.812280476388755 0.2120434571223972 0
240 3.053933200112213 0.3120761668856507 0
241 3.026695954691079 0.679031503118219 0
242 1.792504295817066 0.7500694821899282 0
243 1.792932072444116 0.2454834471374086 0
244 3.552709833427592 0.6933639541872149 0
245 3.520258390091097 0.3067566491255785 0
246 2.29576623068668 0.7530394252489445 0
247 2.305069471938794 0.2559644571801769 0
248 4.640593104567842 0.3589108788979636 0
249 0.1992395627923233 0.4880951740674443 0
250 0.4179311051702899 0.4950355661327119 0
251 4.033805604011912 0.7095534255586462 0
252 4.057223528447743 0.2992860625803454 0
253 4.560051627355842 0.6692425690637688 0
254 2.795920467284217 0.7510990914841743 0
255 2.794035676023881 0.2503934697736117 0
256 0.1934441789960945 0.8116247230337236 0
257 0.1921693216989049 0.1914320670903114 0
258 0.9749237944883686 0.8248912174909346 0
259 1.499159432835557 0.4974126292693251 0
260 0.9531999565210129 0.4889144388390632 0
261 3.301554719727285 0.7830940240150106 0
262 3.30253966563806 0.2243447303534984 0
263 0.968890156963279 0.1714077202530266 0
264 0.3662439123177373 0.1790612080667122 0
265 1.984695939807186 0.4923555851778243 0
266 0.6581870666126162 0.7383845446397166 0
267 1.127479958595347 0.490643902071481 0
268 0.3637962006739092 0.8024261588424602 0
269 3.762290032716592 0.7775007191238472 0
270 3.771640642335944 0.2231483309180294 0
271 0.9003455474033792 0.3385558023775669 0
272 1.418273852353063 0.8287802720874227 0
273 0.8958295525244067 0.6468529739998749 0
274 0.4990782615818201 0.618480981403609 0
275 0.4913456176924599 0.3671330635985492 0
276 0.6627462352198781 0.250194562923022 0
277 1.432144548742329 0.1646718095517885 0
278 0.1562788165431801 0.6449254651488225 0
279 1.640293677623764 0.8336366468850444 0
280 1.642915667850969 0.1659144064660056 0
281 2.486480940236636 0.4925100188420825 0
282 4.412031963849399 0.2458260194929903 0
283 4.307238444089474 0.7687301037943773 0
284 1.146923275625428 0.1522314781965222 0
285 1.389649148513894 0.6422971772363169 0
286 1.948279630226158 0.8295885055724099 0
287 1.948279630226173 0.1704114944276275 0
288 1.391994808281635 0.3604456994375461 0
289 1.649307936054294 0.5674502554563359 0
290 0.1485963999505016 0.3421691690137352 0
291 1.152724800644934 0.8517399639630864 0
292 1.695267165869479 0.3779562330811165 0
293 1.208887844397382 0.6290152328970982 0
294 2.998854009929225 0.4999999999999803 0
295 2.144212573241805 0.8307070180218454 0
296 2.131020287395473 0.1723177164239791 0
297 1.897931453389534 0.6280488364204235 0
298 1.902179763252835 0.3615476554357003 0
299 1.195331573637145 0.3618887417953721 0
300 2.14824334012408 0.5539523508571906 0
301 2.451227340942064 0.8281191023296204 0
302 2.451227340942063 0.1718808976702917 0
303 0.6092379077243213 0.8726517215856873 0
304 3.504198095813155 0.5000000000002106 0
305 2.643115053835733 0.8361198167284283 0
306 2.644286174489739 0.1637804078675949 0
307 2.199084355004246 0.3760639412483247 0
308 4.765520428298133 0.5590123697377681 0
309 2.400348623400358 0.6291385140445375 0
310 2.404427519367052 0.3607292980024421 0
311 0.606775967199134 0.1205758881751494 0
312 0.7760661151195073 0.6736398467567719 0
313 4.766238287048475 0.7905018433221421 0
314 2.9512711890803 0.1728961146208343 0
315 2.951271189080234 0.8271038853791203 0
316 2.650707509478291 0.5581524570372783 0
317 0.7413961958620324 0.8738551172382937 0
318 3.168269402949566 0.1736328728265968 0
319 3.163610818881132 0.8345711877660265 0
320 0.7822100674657305 0.3100933630800735 0
321 3.992806841383678 0.5312826482850095 0
322 0.4513694308572922 0.8667580954156213 0
323 2.699297957725271 0.377284685782567 0
324 0.5916969607263378 0.3046655811417118 0
325 0.7337668560860563 0.1188577242268512 0
326 0.2973519732000703 0.4590059692625977 0
327 1.119155509581537 0.7322039559817329 0
328 0.8947010991683067 0.8763087700849598 0
329 0.5943704127825856 0.6637562258408994 0
330 4.797475031232995 0.2243187884080113 0
331 4.207646413680219 0.1966642038986426 0
332 2.90622011059405 0.6292020818359061 0
333 2.900939398859697 0.3715796654393213 0
334 1.31258529661213 0.8717738487740014 0
335 0.4219247441741218 0.7168431214995464 0
336 1.319662967741657 0.1208993921149604 0
337 0.4241559793716632 0.2728317734280231 0
338 1.685879339864909 0.6703528442218778 0
339 0.4491962832567274 0.1210691977370666 0
340 3.45054384203267 0.8314232150381914 0
341 3.450543842033741 0.1685767849623852 0
342 3.117580249311192 0.4295804456201632 0
343 1.75588067189675 0.8567700491294651 0
344 1.753797689930234 0.1483227243990538 0
345 0.8873094774332508 0.1164856379038975 0
346 4.497482128542909 0.492756087051894 0
347 3.201519623099475 0.6235119703902411 0
348 0.8886815045911665 0.5606963993183206 0
349 3.941977836145965 0.8450797795448533 0
350 3.964496722660372 0.1525455211264374 0
351 4.550542592472287 0.1774730981724491 0
352 3.64888355332851 0.8327774901542889 0
353 3.646014018471659 0.1502771432716891 0
354 3.415920491522293 0.3762337407816964 0
355 3.403605216524708 0.6289473942476761 0
356 0.2753678398697406 0.8868700577306276 0
357 2.219859340882997 0.6694828669791247 0
358 1.53754250700027 0.8924206579601343 0
359 0.8897444610638852 0.4199667101210934 0
360 3.617272663152161 0.5721721383115583 0
361 1.13612341009255 0.2696588013304789 0
362 0.5098851143021718 0.5257659980901156 0
363 0.1150535502684845 0.8849464497314463 0
364 0.2675152477518989 0.1082607218134623 0
365 0.102721322929744 0.545955089302938 0
366 0.9250194300571524 0.7375799687718225 0
367 4.467929952354295 0.8010560592047735 0
368 4.161058908968651 0.8300341381707943 0
369 1.592444191304558 0.4174532425695198 0
370 1.541914055606056 0.1065101133154393 0
371 0.1161645028421699 0.1107447553236429 0
372 1.77256430218964 0.6250364890397372 0
373 3.698702972401514 0.378373312115672 0
374 0.1003974326953275 0.7369063918054356 0
375 2.29240844587103 0.9108016731016414 0
376 2.292408445871499 0.08919832689833093 0
377 0.2745388222414071 0.5515448879656206 0
378 0.3959395234040887 0.5926173849902323 0
379 3.908428769565416 0.6235306307156874 0
380 3.952163523381943 0.3950499730155994 0
381 0.1043680312549982 0.4392692638161561 0
382 0.09867901675735845 0.2456015516749583 0
383 0.4071416119430745 0.3963831909624237 0
384 0.9218048339113161 0.2557760766657463 0
385 0.2865888745165614 0.2419768687058077 0
386 0.2808682378367519 0.7322875108287732 0
387 4.21670062601774 0.3618809777305145 0
388 2.092900038864165 0.4324676133238624 0
389 4.155454371937836 0.5558250557159336 0
390 2.75939684785419 0.1066388434351889 0
391 2.757999118024675 0.8756002614425368 0
392 1.058620612865927 0.09795176708970957 0
393 0.240044509419887 0.3807374772790065 0
394 1.654386439359794 0.2755658657501026 0
395 2.689421467751544 0.6844678617529342 0
396 1.059939130970355 0.9022482850742654 0
397 4.811274811185765 0.3480971829775519 0
398 0.9711415279814263 0.5801225605652782 0
399 1.047505160222194 0.4407151623019731 0
400 1.295284402294789 0.3948529459693966 0
401 2.059412447242967 0.8987790083933162 0
402 2.057527834979441 0.1016530965275652 0
403 1.390310263623305 0.2631184119708658 0
404 2.289952838275546 0.6114601384744182 0
405 4.405565271017825 0.6336351832061344 0
406 1.302930119277196 0.5871773664057716 0
407 0.9717139440768157 0.3957790971757467 0
408 0.5292326093130648 0.4431050217918326 0
409 1.392076340092135 0.5465534163435128 0
410 1.373519927575978 0.7394652104830156 0
411 1.493590686280526 0.6109095875763138 0
412 1.046692441418351 0.5338664938946287 0
413 1.032752884768986 0.7190778042876855 0
414 4.635257691350939 0.833271585907219 0
415 1.898383356374146 0.7349947105286887 0
416 1.898383356374167 0.2650052894713361 0
417 1.854784147266643 0.9099841219684212 0
418 1.854486578414419 0.09074341710708934 0
419 3.162258855228313 0.2886504953455614 0
420 3.266160678382469 0.09993360859685133 0
421 3.265488829575801 0.9019286312795707 0
422 1.544499269799686 0.210137179781502 0
423 0.9984575798963 0.2693853210539377 0
424 2.601713649049865 0.4302779761772928 0
425 1.804106888031682 0.3490888746867774 0
426 0.3613320770607544 0.9029057847656652 0
427 1.53216219251363 0.784530741413761 0
428 1.224598474568887 0.08742520239424342 0
429 2.144036572257515 0.2726800396129936 0
430 1.477891922311603 0.3913463028601639 0
431 2.786942701790984 0.6128847013115553 0
432 1.21042596496673 0.4479483345819882 0
433 1.691454381929089 0.4771016937813724 0
434 2.533269339867266 0.1010691208090941 0
435 2.533102036916199 0.8989166255617264 0
436 1.897414019013201 0.5313845951432901 0
437 1.995346601709316 0.6018452364331433 0
438 0.8237403197587927 0.3676811442042152 0
439 0.6954743786777174 0.663228632267715 0
440 0.7360763309309052 0.79465657226602 0
441 1.224412442359144 0.9137986970817816 0
442 0.8223841314332882 0.6154440162047625 0
443 3.831174914395922 0.8808700647612422 0
444 3.834938243523586 0.1203570467961948 0
445 0.3607517076264593 0.08996256175923371 0
446 4.089680293558906 0.1347768031305956 0
447 0.5250826507183356 0.9219255099339989 0
448 1.446471614886891 0.91790895018957 0
449 2.040560561925906 0.7885543651958561 0
450 2.045545535347018 0.2119146907987256 0
451 0.9629640494516478 0.07716902504932673 0
452 3.096808334103025 0.5789820020333456 0
453 0.6748486775477871 0.3260507204537372 0
454 2.660855150694812 0.2773561563496232 0
455 1.984968432301933 0.3975398293939265 0
456 1.449999999999809 0.07821891215134548 0
457 3.660486488088063 0.7085849943801077 0
458 0.238060483859237 0.6424624921882136 0
459 1.066275508148217 0.2048022851204065 0
460 1.124067646266302 0.5788385706035906 0
461 2.408090343907161 0.7403388862547181 0
462 2.400263700191365 0.2648447122979116 0
463 0.4513467948151854 0.1922563425630874 0
464 1.457963935730166 0.716938753455546 0
465 0.5952456972558661 0.7929120545442517 0
466 4.432966802396649 0.1147316593017456 0
467 0.5659060657087176 0.5817671086219864 0
468 4.371705757021163 0.3666834385995857 0
469 0.2250256437252604 0.2952125932512222 0
470 1.212008481109173 0.5384389736585657 0
471 2.308020287636685 0.3483677138749128 0
472 0.8404938818591927 0.2740502036460226 0
473 0.44701246886712 0.7902688386084007 0
474 0.8507963549423065 0.7075577825766841 0
475 0.9730868520761073 0.9162449548774624 0
476 1.655087808040507 0.9236117264448513 0
477 1.655386068297327 0.07660538957525581 0
478 3.284639003767621 0.3822300945222742 0
479 0.1963763284985274 0.7158416110388528 0
480 0.5296637474047337 0.07355847519415697 0
481 4.280934165951902 0.8874174032532977 0
482 0.7362655396132563 0.201308771019153 0
483 3.059013089611653 0.1041984971844161 0
484 3.058236658933309 0.8971688462477281 0
485 2.206099567062505 0.4745537913129451 0
486 0.8169916321726924 0.9205471022294232 0
487 1.119043396552174 0.3930389007778414 0
488 2.397671535993549 0.5328118023394181 0
489 4.189237839201751 0.6962483098293422 0
490 0.599430510885218 0.2072124336497826 0
491 0.5126352626555183 0.6899223907626599 0
492 2.180117593171945 0.08770771353761506 0
493 2.181703571868695 0.9176168271682446 0
494 1.619679484140217 0.7319256122103056 0
495 0.810438977820631 0.0807265755071683 0
496 4.650673078011668 0.5313834953651802 0
497 3.549252318710173 0.8996713879811961 0
498 3.549252318711263 0.1003286120192535 0
499 0.07187951443365033 0.6455573892514881 0
500 2.409220264444877 0.9094339405371199 0
501 2.409248148270438 0.09056368385804121 0
502 2.494414443207763 0.5991551329110461 0
503 0.1962903442448861 0.9184018390919696 0
504 2.528993116152708 0.7705552606610957 0
505 2.52999420056193 0.2297584063956632 0
506 1.95753386580648 0.9276703271868295 0
507 1.957097429583496 0.0725616016124564 0
508 1.084740395651486 0.8027938885781054 0
509 1.707386295468009 0.7597373320344466 0
510 1.239639585264721 0.1963898265388003 0
511 2.87084477158214 0.9033589448302846 0
512 2.871124317548587 0.09308887614527811 0
513 1.45561855462309 0.3127153056174482 0
514 4.874987404807653 0.6729744341307354 0
515 0.5660917183385779 0.3749616517504769 0
516 1.392444376494633 0.4479369048785682 0
517 4.11049123496182 0.4353857102670696 0
518 3.781966586994014 0.6201480704065721 0
519 0.5106488464278238 0.3058583605209154 0
520 3.160006197016795 0.7186145151869332 0
521 0.1842089303598028 0.5686878867180922 0
522 1.146402695828591 0.06979997129436584 0
523 0.3541220075506722 0.5335999541900834 0
524 0.677840755845777 0.9180703207046258 0
525 0.9722189762846081 0.6595615999110639 0
526 1.245179862215793 0.8268590633327186 0
527 1.849966420316152 0.8162813738777827 0
528 1.849575865477822 0.1839932745085031 0
529 1.562507426969513 0.5560498688178777 0
530 2.900422844771667 0.7342681525691273 0
531 2.918447144308962 0.2770961174862452 0
532 3.588944124670826 0.4126885312863785 0
533 1.714668218031383 0.221048926078511 0
534 2.487118240736739 0.3974590590757907 0
535 0.524625435404476 0.8352790710421258 0
536 4.514515127034603 0.3227309147894841 0
537 2.795679395590251 0.3537267906678245 0
538 0.06719520710502244 0.3488046639164412 0
539 0.1895853486763706 0.08167776733370652 0
540 0.6763907758004677 0.07689131684148969 0
541 1.203161576999552 0.7053942813980897 0
542 1.329870219588521 0.3196607886377347 0
543 0.4593649715391624 0.438599579992301 0
544 1.148146357940979 0.9336168762447357 0
545 4.710195014123255 0.6737589234148567 0
546 1.22458624954535 0.2846783454684771 0
547 1.29840609573926 0.6775691424507023 0
548 1.605348364735499 0.6369680631358414 0
549 2.711373393485377 0.4741797489751319 0
550 4.310621490443462 0.1156833592875784 0
551 2.132669644084904 0.7392346390957281 0
552 2.900454859705502 0.5318042769877709 0
553 0.6675961315152463 0.8193026031892241 0
554 0.6370080358101881 0.6118925289698809 0
555 0.5297589449738873 0.1542946471513726 0
556 1.965440944437918 0.3187625351310476 0
557 0.6692293141340017 0.1625067828059079 0
558 1.962138935692583 0.6827664064392576 0
559 2.999323640947025 0.3981040621175169 0
560 2.348295856732711 0.8265193270708721 0
561 2.348546603626458 0.1758448571585191 0
562 3.046591609591228 0.2100386618651853 0
563 3.044293276951542 0.784126821641736 0
564 4.871493062012305 0.8668191609827436 0
565 4.692309207521578 0.1267442039926086 0
566 2.233460064188897 0.1935168693565065 0
567 2.230702237624117 0.8067716823837714 0
568 1.871699472141471 0.4430503768468034 0
569 0.3485315085961849 0.7188567073514315 0
570 1.731130809227214 0.3016787354926662 0
571 0.3530241653942627 0.2688106175015532 0
572 3.426338515733623 0.7303624605335672 0
573 3.407824244999942 0.2676197047835903 0
574 1.622929005044153 0.3452181411256448 0
575 0.07654587977216483 0.8167132841214555 0
576 0.1730621258544275 0.4125677710440855 0
577 1.833455714445393 0.6788965257234566 0
578 1.731676345440318 0.5574680412055069 0
579 1.375466152770837 0.9236926142101988 0
580 3.658144225660239 0.2764901817855287 0
581 2.064321925741099 0.5506065621359084 0
582 2.990818310395697 0.5914386245315794 0
583 3.298383798446269 0.6484896310406181 0
584 4.279722032572687 0.6240223927379991 0
585 1.115406082454522 0.6583384779748281 0
586 0.7337585007407201 0.7268176736478454 0
587 4.872079640048511 0.1279549431777257 0
588 2.64624683110182 0.07076686132931409 0
589 2.645917072753406 0.9266435621677653 0
590 1.765819340585079 0.4276146657299357 0
591 4.754599892986311 0.901050846402389 0
592 1.344739348717129 0.2005298977642729 0
593 0.2887910680211177 0.8148165985497197 0
594 0.450317811820133 0.5510667376181273 0
595 0.8799440125627542 0.8022950883651517 0
596 2.100512650306505 0.6350121402687565 0
597 3.404519854123727 0.4740494361365868 0
598 0.7530767058938729 0.6181385032138369 0
599 0.07112214149392017 0.1756644671099658 0
600 0.8120163138432575 0.838640237082142 0
601 1.380361503296529 0.07275802276361887 0
602 0.9668534196607141 0.3287244311588404 0
603 3.211302802141735 0.5260978395976195 0
604 3.37003154019332 0.09857102478254698 0
605 3.369700181249344 0.9032891740665545 0
606 3.503283458214189 0.6029968303844058 0
607 3.54766439034607 0.7964620866125828 0
608 3.543076864657193 0.2076894096142401 0
609 1.603772289084964 0.4992095818412767 0
610 1.327494957532413 0.7984544650369458 0
611 4.675650385143083 0.244876708404068 0
612 4.899579184217121 0.2429101306515627 0
613 0.4310146860133078 0.3424039005979512 0
614 0.7215795961111633 0.28445630802261 0
615 2.706315407280491 0.7737348502116216 0
616 0.8638198666139407 0.4900042745237532 0
617 3.903232428064581 0.263601872436121 0
618 3.896301686334208 0.7380594980318125 0
619 0.8269506859912941 0.5425555764751625 0
620 1.17933241183131 0.7783495264064655 0
621 1.063457810401038 0.2719098703963349 0
622 3.727371840570151 0.09815782151922588 0
623 3.727371840569136 0.9018421784805165 0
624 2.235527941971123 0.2949935611995698 0
625 4.294433275712956 0.2726241591589981 0
626 2.121538065544796 0.3512169441944787 0
627 3.800714551304904 0.3538118463574858 0
628 4.863076914921511 0.4756335188279633 0
629 2.481692871551295 0.6797569542407416 0
630 2.47489391251386 0.3128739328801996 0
631 2.373994416922368 0.4432517084347079 0
632 0.0633118361365291 0.9366881638636402 0
633 2.231958975038164 0.5630433216576866 0
634 0.7486342926126646 0.3570138838646442 0
635 4.746227667396983 0.4546074891612854 0
636 0.2923065100635606 0.1729428601004137 0
637 0.4356051695004493 0.6426271317629106 0
638 0.8274002914612355 0.437775825222437 0
639 0.8730236155261713 0.1899373366643255 0
640 0.06226628568206754 0.06226628568232948 0
641 3.148911921646117 0.06862333379388036 0
642 3.148911921646453 0.9313766662064604 0
643 2.628892575221792 0.7448949533372781 0
644 0.5760485792621015 0.7304266843904647 0
645 2.335383203915627 0.6803908999746354 0
646 1.831098975879934 0.5724750938246951 0
647 0.7441193219403547 0.05529512331510183 0
648 1.469881214364339 0.2422411666663939 0
649 2.855291678148586 0.8182860671410487 0
650 2.853712051081864 0.1850339847789186 0
651 0.7472457167768669 0.9424945080344686 0
652 2.726377032688509 0.1951646213383091 0
653 0.7992434733488165 0.1501773644686887 0
654 0.4482548798059178 0.9415040793939633 0
655 2.274652952541329 0.4285058303087638 0
656 2.561986874612208 0.547938512460002 0
657 1.976341387324656 0.7492776025841503 0
658 1.971153587802195 0.2429335594390303 0
659 1.756868867678107 0.6941920798510751 0
660 3.718723188871064 0.47362194919942 0
661 0.1661438152230843 0.2599548216082468 0
662 0.7754575482877159 0.2548388960516395 0
663 1.753421693937749 0.941007457793155 0
664 1.753553990364517 0.06313430621627979 0
665 1.263545897770518 0.3297558414670228 0
666 0.3714707746388049 0.4544531219821771 0
667 4.05056365475067 0.8974445572123821 0
668 0.6273642284880949 0.3622011281398375 0
669 4.389084165783528 0.8962238196048007 0
670 0.4492428380662207 0.05150675157260455 0
671 0.3893061932909396 0.4254181564723004 0
672 0.3545326113243538 0.400265934456448 0
673 0.3723680299764886 0.3712309689465713 0
674 3.97248518238281 0.4631663106503045 0
675 4.031327379171882 0.4152178416413345 0
676 4.051649038172749 0.4833341792760396 0
677 4.004693525914843 0.3471680177979724 0
678 4.083857381704782 0.3673358864237075 0
679 3.996270745448317 0.8712621683786177 0
680 3.987891720078938 0.7773166025517497 0
681 4.042184629381291 0.8034989913855142 0
682 4.10581128185966 0.8637393476915882 0
683 4.097432256490281 0.7697937818647203 0
684 0.3344113739194376 0.4567295456223874 0
685 0.3174732106049865 0.4025423580966583 0
686 4.132972803449828 0.4956053829915016 0
687 4.204419133161515 0.4671460711001352 0
688 4.226900701649523 0.5273657438245671 0
689 0.5625413253600082 0.9609627549669995 0
690 0.5671602792213284 0.8972886157598431 0
691 0.604618953863001 0.9363258607928436 0
692 0.6389203779237289 0.9590351603523128 0
693 0.6435393317850491 0.8953610211451566 0
694 1.445801904665095 0.4726747670739466 0
695 1.435168149403118 0.4196416038693661 0
696 1.48852567757358 0.4443794660647444 0
697 4.16359593048978 0.3986333439987921 0
698 4.257523828689475 0.4303937048318576 0
699 4.513990789855068 0.7351493141342711 0
700 4.436747611686061 0.717345621205454 0
701 4.482808449186834 0.6514388761349517 0
702 3.460059293667724 0.4381168703909535 0
703 3.50243230809656 0.3944611360340374 0
704 3.54657111024199 0.4563442656432946 0
705 3.921505923822209 0.5117041252799492 0
706 3.950617805474547 0.5774066395003484 0
707 3.879316887913078 0.5578281164952882 0
708 3.901184264821342 0.4435877876452442 0
709 1.690492140747306 0.5624591483309214 0
710 1.708777842652614 0.6139104427136923 0
711 1.667593637959601 0.6189015498391068 0
712 4.009518633020252 0.07627276056321868 0
713 3.936009031497814 0.07627276056321868 0
714 1.648651053605382 0.2207401361080541 0
715 1.59944285457974 0.2428515227658023 0
716 1.593707468825328 0.1880257931237538 0
717 3.554601257380961 0.3597225902059785 0
718 3.468089440806695 0.3414951949536375 0
719 0.2196420361061052 0.4344163256732254 0
720 0.2686982413099787 0.4198717232708021 0
721 0.2482957679961969 0.473550571665021 0
722 4.602823882853313 0.06337210199630428 0
723 4.682345402881426 0.06337210199630428 0
724 2.613662670283388 0.6088747171847946 0
725 2.670064488614917 0.6213101593951063 0
726 2.633019649420014 0.6720324195426225 0
727 0.3088956199642767 0.6867812489541956 0
728 0.2594643608479945 0.6873750015084934 0
729 0.2874917429755193 0.6418687396339158 0
730 4.531940575328669 0.08873654908622455 0
731 4.621425899996932 0.1521086510825288 0
732 0.2285502982141348 0.09496924457358444 0
733 0.244792674337549 0.04083888366685326 0
734 0.2837576238753131 0.05413036090673117 0
735 3.971117186788664 0.6665420281371668 0
736 4.013306222697795 0.6204180369218278 0
737 0.1947926743377751 0.04083888366685326 0
738 3.232399260433186 0.2564976128495299 0
739 3.165264129088939 0.2311416840860791 0
740 3.235404534293813 0.1989888015900476 0
741 4.356401857553649 0.7011826435002559 0
742 4.387584198221885 0.7848930814995754 0
743 1.928197705974328 0.4677029810123138 0
744 1.928333952221702 0.4202951031203649 0
745 1.984832186054559 0.4449477072858754 0
746 1.253646970068321 0.6532921876739002 0
747 1.250783836369406 0.691481711924396 0
748 1.206024710698467 0.6672047571475939 0
749 2.913150168573223 0.9516794724151423 0
750 2.911057980331187 0.8652314151047025 0
751 2.95336337732227 0.9135519426895602 0
752 2.953363377322991 0.08644805731041716 0
753 2.911197753314443 0.1329924953830562 0
754 2.913289941557134 0.04654443807263906 0
755 4.935746531006153 0.8500762471578194 0
756 4.873240233409979 0.7698967975567395 0
757 4.937493702403827 0.7531538837318152 0
758 2.631284399872338 0.353817066263458 0
759 2.577189775381039 0.3709280824032414 0
760 2.606760526203512 0.2944671724894066 0
761 0.5606332282749624 0.2150286554780285 0
762 0.5955637358057779 0.2559390073957472 0
763 0.5567664531955223 0.2637552292239931 0
764 0.2481451721228633 0.9592009195459847 0
765 0.2358290920573133 0.9026359484112986 0
766 0.2876839199352905 0.9434350288653137 0
767 1.094549076779817 0.3067259377054978 0
768 1.127583403322362 0.3313488510541601 0
769 1.086009070009629 0.368415987429179 0
770 0.2859453977207387 0.5052754286141091 0
771 0.2368891925168652 0.5198200310165324 0
772 1.752120323814979 0.591252265122622 0
773 1.729221821027274 0.6476946666308074 0
774 4.074130606660757 0.5435538520004715 0
775 4.094629987974874 0.6326892406372899 0
776 1.255908981837289 0.6080962996514349 0
777 1.300668107508228 0.632373254428237 0
778 4.132434971063981 0.247975133239494 0
779 4.21217351984898 0.2792725908145786 0
780 4.136962077232742 0.33058352015543 0
781 1.518771253500135 0.9462103289800672 0
782 1.568389477142873 0.9462103289800672 0
783 0.4708646005890218 0.7420006638321708 0
784 0.46728000341482 0.7033827561311032 0
785 0.5162198598297201 0.7285402984637276 0
786 3.10442523240977 0.2493445786053734 0
787 3.107430506270397 0.191835767345891 0
788 3.007234327588668 0.05209924859220806 0
789 3.005142139345977 0.1385473059026252 0
790 3.004753924006772 0.8621363658134242 0
791 3.006846112248807 0.948584423123864 0
792 2.569302352850346 0.6037677448961565 0
793 2.60634719204525 0.5530454847486401 0
794 2.650505803387568 0.4037813309799299 0
795 2.680076554210041 0.3273204210660951 0
796 2.438318117494609 0.95471697026856 0
797 2.471161150680538 0.9041752830494232 0
798 2.500259003730269 0.9494583127808631 0
799 2.500342655206244 0.05053456040454704 0
800 2.471258744068853 0.09581640233356764 0
801 2.43833205940783 0.04528184192902061 0
802 4.073451911003325 0.2170314328554705 0
803 4.148663353619563 0.1657205035146191 0
804 0.2386222831676396 0.724064560933813 0
805 0.2172184061788822 0.6791520516135332 0
806 0.3455225048212369 0.5874374706348506 0
807 0.3750307654773805 0.5631086695901579 0
808 0.3664312627479451 0.6169461860349251 0
809 1.547058746721233 0.2600172014416713 0
810 1.602002331501287 0.2927315444259716 0
811 0.5511729035770808 0.3052619708313136 0
812 0.5162423960462652 0.2643516189135949 0
813 2.90969327158433 0.3243378914627833 0
814 2.958885392627994 0.3376000898018811 0
815 2.950131519903361 0.3848418637784191 0
816 1.193281430445074 0.1743106523676613 0
817 1.187881497678636 0.2330243139346396 0
818 1.141523342858989 0.2109451397635005 0
819 2.963559399731373 0.7066498278436731 0
820 2.903321477682859 0.6817351172025167 0
821 2.966458032642565 0.6541167924770626 0
822 2.312668021095586 0.6459255192245268 0
823 2.277621272399312 0.6749368834768801 0
824 2.254906089579272 0.6404715027267715 0
825 0.2888194787148948 0.3634081121048627 0
826 3.05026240485172 0.261057414375418 0
827 3.108096027670263 0.3003633311156061 0
828 0.3862640857961254 0.6419510594212643 0
829 0.4287649568372856 0.6797351266312286 0
830 0.3794238731329617 0.6790590542895822 0
831 4.127520675208777 0.9487222786061911 0
832 4.052552099064167 0.9487222786061911 0
833 1.15718748509466 0.3774638212866067 0
834 1.165727491864848 0.3157737715629255 0
835 0.3057309121666043 0.5964099375226193 0
836 0.3143304148960396 0.542572421077852 0
837 0.359634038856 0.2239359127841327 0
838 0.3951999458447002 0.2259464907473676 0
839 0.388590072382963 0.2708211954647881 0
840 0.9348124468283376 0.8505999937879472 0
841 0.8873225558655304 0.8393019292250558 0
842 0.9274339035255614 0.8135931529280431 0
843 3.283521774651543 0.8425113276472906 0
844 3.214549824228467 0.8682499095227986 0
845 3.232582769304209 0.8088326058905185 0
846 3.217215040666018 0.136783240711724 0
847 3.284350172010265 0.1621391694751749 0
848 0.1981451721227232 0.9592009195459847 0
849 3.026628420529619 0.3550901145015838 0
850 2.986190172210587 0.2945861421859479 0
851 2.490610770751997 0.2008196520329775 0
852 2.465128950376648 0.2473015593467874 0
853 2.425745520566714 0.2183628049841017 0
854 2.429658842424612 0.7842289942921692 0
855 2.468541730029934 0.7554470734579069 0
856 2.490110228547386 0.799337181495358 0
857 0.627221597973108 0.2774300720323669 0
858 0.6310883730525481 0.2287034982864022 0
859 0.6262787396976008 0.701070385240308 0
860 0.6449223957301515 0.6634924290543072 0
861 0.6768307226451669 0.7008065884537158 0
862 2.315574717301153 0.71671516261179 0
863 2.257812785784839 0.7112611461140346 0
864 0.3634978099720983 0.134511884912973 0
865 0.4049739954415934 0.1055158797481501 0
866 0.4077200977872323 0.1500652029018894 0
867 1.596315157520388 0.9080161922024927 0
868 1.627162127662992 0.9618058632224257 0
869 1.232112917405035 0.2405340860036387 0
870 1.18035482981895 0.277168573399478 0
871 0.4087953535664614 0.1856587753148998 0
872 0.4377513870934243 0.2325440579955553 0
873 0.4054043347705146 0.7963474987254304 0
874 0.4491909498622061 0.828513467012011 0
875 0.4075828157656007 0.8345921271290407 0
876 4.206062054674873 0.09833210194932131 0
877 4.147078994614216 0.06738840156529778 0
878 1.309831483870445 0.06044969605748021 0
879 1.272130721155272 0.1041622972546019 0
880 1.26229923728406 0.04371260119712171 0
881 2.948519210494873 0.6103203531837427 0
882 3.008757132543388 0.6352350638248991 0
883 2.848171656027942 0.7426836220266508 0
884 2.791431584537601 0.6819918963978648 0
885 2.843682773281326 0.6735764269403413 0
886 2.728267273142532 0.3155414735087239 0
887 2.747488676657761 0.3655057382251958 0
888 2.857336774953652 0.4246737460110234 0
889 2.9006971292826 0.4516919712135461 0
890 2.857094505376554 0.5047860517852482 0
891 2.502444056537895 0.2713161696379314 0
892 2.437578806352613 0.2888593225890556 0
893 2.444891607729228 0.7100479202477299 0
894 2.505342993852001 0.7251561074509186 0
895 2.846581406192517 0.6210433915737307 0
896 0.5829530328543588 0.5358835543109932 0
897 0.5378955900054447 0.553766553356051 0
898 0.5549425571510859 0.5078829990450577 0
899 1.588918092312017 0.8630286524225893 0
900 1.53485234975695 0.8384756996869476 0
901 1.586227935068697 0.8090836941494026 0
902 2.152936698936326 0.04385385676880753 0
903 2.118822714075693 0.09468040503259012 0
904 2.091641819840074 0.05082654826378259 0
905 2.092584125971559 0.949389504196658 0
906 2.120558009555831 0.9081979177807804 0
907 2.153729688284423 0.9588084135841223 0
908 1.075954197175262 0.7256408801347092 0
909 1.074079483611754 0.6887081411312568 0
910 1.11728079601803 0.6952712169782805 0
911 4.234148676529063 0.7993821209825858 0
912 4.175148374085201 0.7631412240000682 0
913 4.248238141645613 0.7324892068118598 0
914 2.794857535807066 0.3020601302207181 0
915 2.727445413359346 0.2638748130616174 0
916 3.376049280879978 0.8072586195266009 0
917 3.410122011641007 0.8673561945523729 0
918 3.335627450488314 0.8431915990407826 0
919 3.33628560291569 0.1614578775680227 0
920 3.41028769111353 0.1335739048724661 0
921 3.3765417538359 0.1964607576579418 0
922 4.451523699780367 0.5631956351290142 0
923 4.528766877949376 0.5809993280578314 0
924 2.681040451481834 0.5161661030062051 0
925 2.749158047638181 0.5435322251433437 0
926 2.718825105634638 0.5855185791744169 0
927 0.0521840156274991 0.4696346319083438 0
928 0.1035446770923711 0.492612176559547 0
929 0.051360661464872 0.5229775446517347 0
930 1.698087174760257 0.8452033480072547 0
931 1.705484239968628 0.8901908877871583 0
932 1.647690742832136 0.8786241866649478 0
933 1.649150868074148 0.1212598980206307 0
934 1.704591879113781 0.1124640569871548 0
935 1.698356678890602 0.1571185654325297 0
936 1.445617886463846 0.521983022806419 0
937 1.392260358293384 0.4972451606110405 0
938 4.072110418469519 0.06738840156529778 0
939 4.027088508109639 0.1436611621285165 0
940 3.429184043516841 0.2180982448729877 0
941 3.355181955319001 0.2459822175685444 0
942 3.363946617730454 0.7567282422742889 0
943 3.438441178883147 0.7808928377858793 0
944 2.120571689494122 0.4932099820905265 0
945 2.149499802963335 0.4535107023184037 0
946 2.177171453593292 0.5142530710850679 0
947 0.7683735565517872 0.7454982229784246 0
948 0.7549123079301137 0.7002287602023087 0
949 0.7895273637411808 0.7189093095328878 0
950 0.6033879835983962 0.06028794408757468 0
951 0.5682198573019338 0.09706718168465317 0
952 0.564831873701196 0.03677923759707848 0
953 0.6415833714998008 0.09873360250831953 0
954 0.6381953878990631 0.03844565842074484 0
955 3.161808507948964 0.7765928514764798 0
956 3.23078045837204 0.7508542696009719 0
957 1.262206221180078 0.9568993485408908 0
958 1.268498869485637 0.8927862729278915 0
959 1.306292648306571 0.9358869243870007 0
960 4.490634255268168 0.9005280296023868 0
961 4.551593821852617 0.8171638225559963 0
962 4.574298124766489 0.9166357929536095 0
963 2.804706773318928 0.415747308625275 0
964 2.848309397224974 0.3626532280535729 0
965 0.8922555285577866 0.6037746866590977 0
966 0.9299115162862963 0.5704094799417994 0
967 0.9334855402529165 0.6134877672825765 0
968 4.937493702403827 0.6698205503982628 0
969 0.5646163046565325 0.4665525108959163 0
970 0.5792609655970795 0.4311971718367145 0
971 4.182768302317767 0.9150170690853972 0
972 0.4063507539590233 0.8848319400906433 0
973 0.3625641388673318 0.8526659718040627 0
974 2.949654434817363 0.5159021384938756 0
975 2.949896704394461 0.4357898327196508 0
976 2.106282632932589 0.5522794564965495 0
977 2.078610982302632 0.4915370877298854 0
978 0.1075267751343823 0.9424732248657232 0
979 0.1556719472566853 0.901674144411708 0
980 0.1481451721225831 0.9592009195459847 0
981 0.3852281263851534 0.717849914425489 0
982 0.3427272553439932 0.6800658472155248 0
983 0.415772346452269 0.6176222583765715 0
984 2.492164688929131 0.8635178639456733 0
985 2.430223802693471 0.8687765214333701 0
986 2.430237744606251 0.1312222907641665 0
987 2.492248340404665 0.1364750092396929 0
988 4.820612845928064 0.7317381387264388 0
989 4.81886567453039 0.8286605021524429 0
990 2.999088825438125 0.4490520310587486 0
991 3.058451945129109 0.41384225386884 0
992 3.058217129620209 0.4647902228100718 0
993 1.693360773899284 0.4275289634312445 0
994 1.641949286616823 0.4472774681754461 0
995 1.643855678587018 0.3977047378253181 0
996 1.077333303046956 0.6402574143273965 0
997 1.036006704204188 0.6706270774838252 0
998 0.8936547387154752 0.05824281895194874 0
999 0.848874227626941 0.0986061067055329 0
1000 0.8552194889091653 0.04036328775358415 0
1001 0.8584958160870522 0.9602735511147116 0
1002 0.8558463656704995 0.8984279361571914 0
1003 0.8973505495848593 0.9381543850424798 0
1004 0.4834084629355209 0.778713522386598 0
1005 0.4344686065206209 0.7535559800539735 0
1006 1.941054979410193 0.5118700901605572 0
1007 1.884556745577336 0.4872174859950467 0
1008 0.3183499584652475 0.8948879212481464 0
1009 0.3306660385307975 0.9514528923828326 0
1010 3.085756724711703 0.370828306252907 0
1011 4.294086305020688 0.8280737535238375 0
1012 4.220996537460277 0.8587257707120459 0
1013 1.570575251445808 0.05325505665771965 0
1014 1.520957027803028 0.05325505665771965 0
1015 0.813431235030907 0.690598814666728 0
1016 0.8268924836525804 0.7358682774428439 0
1017 2.225280789253557 0.738127274681448 0
1018 2.181685940854511 0.7730031607397497 0
1019 2.17626449248395 0.7043587530374265 0
1020 1.39687000256195 0.8762364431488108 0
1021 1.344025724691484 0.8977332314921001 0
1022 1.365429574482597 0.8502770604307121 0
1023 0.974005323282238 0.8705680861841985 0
1024 0.933893975622207 0.8962768624812111 0
1025 4.010860125554057 0.2259157918533914 0
1026 2.982519376950095 0.2435673896757152 0
1027 3.035494615821311 0.7315791623799774 0
1028 2.972358060861605 0.7591974871054317 0
1029 1.845657714409141 0.2552443683043723 0
1030 1.851245122202924 0.3070470820790567 0
1031 1.798519480237899 0.297286160912093 0
1032 2.346655662419621 0.5192896315020861 0
1033 2.343812187134548 0.5721359704069181 0
1034 2.292796313560618 0.5586137995695861 0
1035 4.39791457995206 0.4958312594925474 0
1036 4.351956151189517 0.5662708075696675 0
1037 1.673839986545887 0.7966869894597455 0
1038 1.731633483682379 0.8082536905819558 0
1039 4.645633091289755 0.4451471871315719 0
1040 4.574077603277289 0.512069791208537 0
1041 4.569037616555375 0.4258334829749289 0
1042 0.1509804428610337 0.5170251316851912 0
1043 0.1518037970236608 0.4636822189418002 0
1044 2.800338426419295 0.5453262639471403 0
1045 2.762553772266491 0.4759737877789287 0
1046 2.753526394537814 0.4139532698214782 0
1047 3.107194291707109 0.5042812238267544 0
1048 3.047831172016125 0.5394910010166629 0
1049 0.9365434260387597 0.9581224774387311 0
1050 1.853143325642258 0.3553182650612389 0
1051 1.900281559813501 0.3132764724535182 0
1052 0.9209407305560897 0.5248054190786919 0
1053 0.8762506856025536 0.5253503369210369 0
1054 0.9085099115674769 0.4894593566814082 0
1055 2.345150730837952 0.6202993262594778 0
1056 2.399010079696954 0.5809751581919778 0
1057 1.375903758241993 0.1427856008333744 0
1058 1.350012235519093 0.09682870743928965 0
1059 1.406253026019429 0.1187149161577037 0
1060 4.937493702403827 0.586487217064715 0
1061 4.869032159864583 0.5743039764793494 0
1062 4.931538457460755 0.4878167594133289 0
1063 0.5324921636452689 0.6001240450127977 0
1064 0.5801382392456516 0.6227616672314429 0
1065 0.5467243371822028 0.6411186036222543 0
1066 0.5975976937951059 0.5712388933703951 0
1067 1.774192483856908 0.8034197656596966 0
1068 1.749945295642537 0.7549034071121874 0
1069 0.1316457315964125 0.1835482671001386 0
1070 0.09364332216804502 0.1432046112168043 0
1071 0.1541669122705374 0.1510884112069772 0
1072 1.346289633895546 0.6147372718210442 0
1073 1.347503229684666 0.5668653913746422 0
1074 1.390862744303015 0.5944252967899149 0
1075 1.345167846622108 0.521781925867489 0
1076 1.300594736214638 0.5420939008986183 0
1077 0.9024817213099533 0.7699375285684871 0
1078 0.9499716122727605 0.7812355931313786 0
1079 0.9314820247246737 0.03858451252466336 0
1080 0.9251367634424493 0.0968273314766121 0
1081 1.645613852300204 0.6536604536788596 0
1082 1.627328150394896 0.6022091592960887 0
1083 1.101947952616512 0.7674989222799191 0
1084 1.058746640210236 0.7609358464328955 0
1085 0.8767821638389129 0.4549854923224233 0
1086 0.921472208792449 0.4544405744800782 0
1087 0.9209568862447251 0.180672528458676 0
1088 0.880166546479711 0.1532114872841115 0
1089 0.9280998171982648 0.143946679078462 0
1090 0.0521840156274991 0.4196346319082109 0
1091 4.294203191519451 0.3642822081650501 0
1092 4.335026394191186 0.4327949352663932 0
1093 2.036900291570388 0.05082654826378259 0
1094 2.037842597701924 0.949389504196658 0
1095 2.263234234155399 0.779905553816358 0
1096 0.9360297457400975 0.3671674497766568 0
1097 0.9307292025703504 0.4078729036484201 0
1098 0.8950450042336322 0.3792612562493302 0
1099 3.317594505412572 0.9026089026730626 0
1100 3.318096109287895 0.09925231668969915 0
1101 4.658121744855462 0.3018937936510158 0
1102 4.743462598164424 0.29648694569081 0
1103 4.725933957876803 0.3535040309377578 0
1104 0.9621707422512196 0.5345184997021707 0
1105 4.257549593056494 0.0578416796437892 0
1106 4.259133952061841 0.1561737815931105 0
1107 3.139919552269753 0.3591154704828623 0
1108 0.9624569502989142 0.4423467680074049 0
1109 0.2813100458675815 0.3206456700909706 0
1110 0.2558072591209109 0.2685947309785149 0
1111 0.312091661263232 0.2940278078182633 0
1112 0.1454241692281317 0.2185168093826349 0
1113 0.08490057912563931 0.210633009392462 0
1114 1.943574097777384 0.3795437424148134 0
1115 1.886939617697153 0.4022990161412519 0
1116 1.438118894041615 0.7728595127714844 0
1117 1.495063064121898 0.7507347474346535 0
1118 1.475218022433347 0.8066555067505918 0
1119 2.705335675605324 0.4257322173788495 0
1120 0.1542488646322895 0.8482855863825849 0
1121 0.09579971502032469 0.8508298669264509 0
1122 0.1349950293841297 0.8141690035775895 0
1123 0.6156892242963868 0.6378243774053902 0
1124 0.6662412072439528 0.637560580618798 0
1125 0.5195588618076183 0.4844355099409741 0
1126 0.6687974563838326 0.2881226416883795 0
1127 0.6332728191370625 0.3153581507977245 0
1128 1.320040127072272 0.8351141569054736 0
1129 1.372884404942738 0.8136173685621843 0
1130 2.190101157581122 0.5584978362574387 0
1131 2.225909157960581 0.6162630943184057 0
1132 2.184051340503538 0.6117176089181577 0
1133 1.337733076385924 0.9618463071050993 0
1134 0.3806660385309375 0.9514528923828326 0
1135 1.627311257791443 0.03830269478762791 0
1136 1.598650061951691 0.09155775144534756 0
1137 0.2325350765725737 0.3379750352651144 0
1138 0.3843045670116052 0.344241323764335 0
1139 0.3808752136907829 0.309455260179371 0
1140 0.4275853326924854 0.3076178370129872 0
1141 3.093351075853938 0.6988230091525761 0
1142 3.061752144397052 0.6290067525757823 0
1143 3.12840726555991 0.6487982586101394 0
1144 1.543206662702871 0.1583236465484706 0
1145 1.592414861728512 0.1362122598907225 0
1146 0.3453093067020827 0.307444682216136 0
1147 0.051360661464872 0.572977544651591 0
1148 0.05019871634766376 0.7184531959027178 0
1149 0.05019871634766376 0.7684531959028009 0
1150 1.340180751647881 0.03637901138180943 0
1151 4.653819644794504 0.9166357929536095 0
1152 1.388441948729729 0.1826008536580307 0
1153 1.332201158229393 0.1607146449396167 0
1154 0.5476621638258213 0.4090333367711548 0
1155 0.5976905201098359 0.3971254868160367 0
1156 2.094274061187457 0.1369854064757721 0
1157 2.155568940283709 0.1300127149807971 0
1158 2.16295807255525 0.874161922595045 0
1159 2.101812510242386 0.8647430132075809 0
1160 0.4674024128997435 0.2893450669744693 0
1161 0.4729959625181849 0.2478383253671488 0
1162 0.4502715390359564 0.156662770150077 0
1163 1.12326167757376 0.4418414014246612 0
1164 1.164734680759452 0.4204936176799148 0
1165 1.168952961781038 0.4692961183267346 0
1166 0.9340242644045074 0.6532072869554694 0
1167 0.9486192031708802 0.6985707843414433 0
1168 0.9104244912907795 0.6922164713858487 0
1169 1.647613335507026 0.4881556378113245 0
1170 1.598108240194761 0.4583314122053983 0
1171 2.264910116006046 0.9554008365508206 0
1172 2.321846152719925 0.9554008365508206 0
1173 2.321846152720544 0.04459916344916547 0
1174 2.26491011600661 0.04459916344916547 0
1175 0.08847165623374617 0.7768098379634456 0
1176 0.146920805845711 0.7742655574195796 0
1177 4.505998627788756 0.4077435009206891 0
1178 4.577554115801222 0.3408208968437239 0
1179 4.80437492120938 0.2862079856927816 0
1180 4.736562708188039 0.2345977484060396 0
1181 1.434943365296619 0.375896001148855 0
1182 1.392219592388134 0.4041913021580572 0
1183 4.255566950865348 0.3172525684447563 0
1184 4.333069516367059 0.3196537988792919 0
1185 0.1447926743379654 0.04083888366685326 0
1186 0.1528749257592703 0.09621126132867472 0
1187 0.108082251420865 0.05537237766182145 0
1188 3.180762910058135 0.6710632427885872 0
1189 3.14916397860125 0.6012469862117933 0
1190 1.05821627693406 0.3078514722384258 0
1191 1.099790610246794 0.2707843358634069 0
1192 1.734232953980809 0.1846858252387824 0
1193 1.678791942941176 0.1934816662722583 0
1194 4.434593942782036 0.4297197628257399 0
1195 1.395896889964521 0.7841227412852192 0
1196 1.415741931653072 0.7282019819692809 0
1197 0.522214946204199 0.8012186386034605 0
1198 0.485818952135798 0.8127739548252633 0
1199 3.466976407842404 0.9157116075190956 0
1200 3.426554577450741 0.9516445870332773 0
1201 3.426720256923534 0.04928551239127349 0
1202 3.466976407843745 0.08428839248119259 0
1203 0.553502837719052 0.6768393083017796 0
1204 0.5058567621186692 0.6542016860831345 0
1205 0.4879974331308841 0.8510185832288736 0
1206 1.821235358066609 0.7831754280338554 0
1207 1.802923546106451 0.8365257115036239 0
1208 1.773364881187175 0.1969030857682312 0
1209 1.801686777704028 0.1661579994537784 0
1210 1.821253968960969 0.2147383608229558 0
1211 0.8591068419788475 0.6311484951023187 0
1212 0.8555328180122273 0.5880702077615416 0
1213 0.4386480383547261 0.4668175730625065 0
1214 0.4846250429206671 0.4821827890412083 0
1215 0.4639081097362308 0.5104007821114138 0
1216 1.575920838326923 0.7582281768120334 0
1217 1.629986580881991 0.782781129547675 0
1218 0.2344060094329175 0.8492473903821756 0
1219 0.1948672616204903 0.8650132810628466 0
1220 2.738182084771264 0.6486762815322447 0
1221 0.6171178229373588 0.7344056145150906 0
1222 0.5852094960223435 0.6970914551156821 0
1223 3.603108393911493 0.4924303347989684 0
1224 3.560735379482658 0.5360860691558844 0
1225 0.3561638546350471 0.7606414330969458 0
1226 0.3928604724240155 0.7596346401710032 0
1227 1.753800145237749 0.2332661866079598 0
1228 4.59765465935339 0.7512570774854939 0
1229 1.079310306432197 0.04897588354485478 0
1230 1.029310306432005 0.04897588354485478 0
1231 2.430237678579502 0.4678808636383952 0
1232 2.430556328829554 0.4203553837552493 0
1233 2.486799590486688 0.4449845389589366 0
1234 3.499898080371422 0.8655473015096937 0
1235 3.516330646181155 0.9498356939905981 0
1236 3.516330646182506 0.05016430600962674 0
1237 3.499898080372502 0.1344526984908193 0
1238 3.346231624383782 0.3249248996529323 0
1239 3.29358933470284 0.3032874124378863 0
1240 3.249951710772872 0.6360008007154296 0
1241 3.229194997731532 0.6835520731137756 0
1242 1.517089246712215 0.6532795597563801 0
1243 1.549469525508012 0.6239388253560776 0
1244 1.572968085939701 0.6663087975361439 0
1245 0.1861508443233754 0.4503314725557649 0
1246 0.2065533176371573 0.396652624161546 0
1247 3.350279747644957 0.3792319176519853 0
1248 3.411872368261117 0.3219267227826433 0
1249 0.1908773351876378 0.136554917212009 0
1250 3.360326500179554 0.498347331990351 0
1251 3.404062535324218 0.5514984151921315 0
1252 3.359869181380044 0.5757963110458957 0
1253 4.111521721606831 0.7029008676939942 0
1254 2.260955906656855 0.5872517300660524 0
1255 0.9659271032074634 0.1242883726511767 0
1256 3.708827330403802 0.1867127370948592 0
1257 3.686692929520905 0.1242174823954575 0
1258 3.749506241453047 0.1606530762186276 0
1259 3.744830936642864 0.8396714488021819 0
1260 3.688127696948823 0.8673098343174027 0
1261 3.705586793022551 0.8051391046390681 0
1262 1.571031207473669 0.3636752328356802 0
1263 1.535168056808081 0.4043997727148418 0
1264 1.513755072977192 0.3506217629810022 0
1265 2.137528429826494 0.2224988780184863 0
1266 2.094791053802266 0.2422973652058596 0
1267 2.088282911371245 0.1921162036113523 0
1268 0.486591370239946 0.2075506099346809 0
1269 3.454358974968441 0.4870247180683988 0
1270 3.41022017282301 0.4251415884591416 0
1271 0.9453474954372976 0.2135918984593864 0
1272 0.8974142247187437 0.2228567066650359 0
1273 0.2298422847254019 0.1498463944518869 0
1274 3.201109626539407 0.4059052700712187 0
1275 3.247970902954678 0.4541639670599468 0
1276 3.164441525726464 0.4778391426088913 0
1277 3.299969259086777 0.7157918275278143 0
1278 2.998931399335764 0.1914673882430098 0
1279 2.934859166694631 0.2249961160535398 0
1280 2.925847016925951 0.7806860189741238 0
1281 2.997782233015888 0.8056153535104281 0
1282 0.8052194889089734 0.04036328775358415 0
1283 0.4741202160779838 0.6662747612627853 0
1284 1.442833513186331 0.5787315019599133 0
1285 1.44161991739721 0.6266033824063153 0
1286 0.04933950837867922 0.2228007758376073 0
1287 0.04933950837867922 0.2728007758374791 0
1288 0.325061572540936 0.8588611916576925 0
1289 0.3262936343475135 0.8086213786960899 0
1290 1.52804905662502 0.5834797281970957 0
1291 1.583927895852506 0.5965089659768595 0
1292 1.496375059558042 0.5541611084228194 0
1293 1.029969565485661 0.9511241425371326 0
1294 1.079969565485787 0.9511241425371326 0
1295 0.1140791654884152 0.6452414272001553 0
1296 0.08730041868169716 0.5957562392772131 0
1297 0.1295000697364621 0.5954402772258802 0
1298 3.350994507485488 0.638718512644147 0
1299 3.307258472340824 0.5855674294423666 0
1300 3.46404131754552 0.2871881769545844 0
1301 3.489524174580608 0.711863207360391 0
1302 3.414971866129165 0.6796549273906216 0
1303 3.47815752497615 0.6611556742174455 0
1304 2.626210579264078 0.4942152166072856 0
1305 2.656543521267621 0.4522288625762124 0
1306 4.85333041902936 0.06397747158886284 0
1307 4.782194423785045 0.1273495735851671 0
1308 4.763445202765894 0.06337210199630428 0
1309 3.869348127364438 0.9404350323806211 0
1310 3.886576375270943 0.8629749221530477 0
1311 3.924749588239459 0.9225398897724266 0
1312 3.899717483091979 0.1364512839613161 0
1313 3.871229791929421 0.06017852339809741 0
1314 1.778539419964533 0.9705037288965774 0
1315 1.804102920602196 0.9254957898807881 0
1316 1.82922064662898 0.9549920609842106 0
1317 1.829071862202998 0.04537170855354467 0
1318 1.804020284389468 0.07693886166168457 0
1319 1.778605568178048 0.03156715310813989 0
1320 0.03593975721682517 0.622778694625866 0
1321 3.453901656168958 0.5385231332604963 0
1322 3.453444337369449 0.6159721123160409 0
1323 3.654685020708286 0.7706812422671983 0
1324 3.711388260402328 0.7430428567519775 0
1325 4.422499383123024 0.1802788393973679 0
1326 4.491754697434468 0.1461023787370974 0
1327 4.481287278160844 0.2116495588327197 0
1328 1.477908179676666 0.8606004650237784 0
1329 4.605362352683755 0.6003130322144745 0
1330 4.635123320739549 0.6715007462393128 0
1331 4.672726352737097 0.7535152546610378 0
1332 0.8567423904113389 0.3938239271626542 0
1333 0.862042933581086 0.353118473290891 0
1334 2.581850261831036 0.4891082443186474 0
1335 1.005201025810408 0.6011494556226216 0
1336 1.008916984699889 0.5569945272299535 0
1337 1.042976482528871 0.5780214222872968 0
1338 0.4942987904261136 0.4408523008920668 0
1339 2.138441108663354 0.7849708285587868 0
1340 2.187457405432961 0.8187393502028084 0
1341 1.212299237283868 0.04371260119712171 0
1342 4.473152680290849 0.05736582965087281 0
1343 3.560278060683175 0.5875844843479821 0
1344 3.503740777013672 0.5514984151923081 0
1345 3.606598160757828 0.7009744742836612 0
1346 3.604075439217066 0.7525235404963453 0
1347 3.550187111886832 0.7449130203998988 0
1348 3.598273971837291 0.8146197883834359 0
1349 3.979042497541812 0.9487222786061911 0
1350 1.764716584933873 0.6596142844454062 0
1351 1.721374103771508 0.6822724620364764 0
1352 0.7096184758539047 0.8959627189714597 0
1353 0.6727184436805116 0.868686461946925 0
1354 0.7044961636886393 0.8465788602137589 0
1355 2.047757140837015 0.2630543458442082 0
1356 2.097002659292263 0.2934370202513422 0
1357 0.9110751906573477 0.2971659395216566 0
1358 0.9443291267860151 0.2922502539122933 0
1359 0.9335994835320467 0.3336401167682036 0
1360 3.919139761240087 0.7915696387883329 0
1361 3.96505364517306 0.7238064617952293 0
1362 3.980227978256162 0.2814439675082332 0
1363 3.933864575362476 0.2080736967812792 0
1364 3.527996645820891 0.6481803922858103 0
1365 3.584991248289876 0.6327680462493865 0
1366 4.778751239291374 0.4013523360694187 0
1367 4.693410385982412 0.4067591840296245 0
1368 0.03827293988608242 0.8583566420608181 0
1369 0.05752677513424227 0.8924732248658135 0
1370 0.2820794539454291 0.8508433281401736 0
1371 1.487029302174192 0.1355909614336139 0
1372 1.488321909271007 0.1874044946666452 0
1373 0.9999461989696821 0.5113904663668459 0
1374 1.000352558371604 0.4648148005705181 0
1375 1.047098800820273 0.4872908280983009 0
1376 2.732319892251323 0.9378001307212684 0
1377 2.793912394623193 0.9378001307212684 0
1378 2.794611259538573 0.05331942171759446 0
1379 2.73301875716664 0.05331942171759446 0
1380 0.40499727284634 0.07073465666591913 0
1381 0.4492195606614741 0.08628797465483556 0
1382 2.160185995594751 0.6522475036239406 0
1383 2.124377995215292 0.5944822455629736 0
1384 1.202878769301937 0.4049185381886802 0
1385 4.532528859753445 0.2501020064809666 0
1386 4.463273545442001 0.2842784671412372 0
1387 1.257469300193185 0.5628081700321687 0
1388 1.255133917130627 0.5177247045250154 0
1389 1.473235807443446 0.9589544750947849 0
1390 1.492007060943581 0.9051648040748521 0
1391 4.242705930809393 0.9437087016266488 0
1392 0.9788861574130694 0.728328886529754 0
1393 1.003838339628678 0.7719845108893101 0
1394 3.263717974188558 0.5243715337208673 0
1395 3.300386075001501 0.4524376611831947 0
1396 1.75465118291725 0.89888875346131 0
1397 1.704254750989128 0.9323095921190032 0
1398 1.704470029330922 0.06986984789576781 0
1399 1.753675840147376 0.1057285153076668 0
1400 0.8414663124628042 0.7832369303370776 0
1401 0.8653701837525304 0.754926435470918 0
1402 1.881852251701198 0.9549920609842106 0
1403 1.881703467275264 0.04537170855354467 0
1404 3.585631505956608 0.9498356939905981 0
1405 3.599067936019341 0.8662244390677425 0
1406 3.635447123265777 0.9163887450771444 0
1407 3.63401235583834 0.07513857163584453 0
1408 3.597633168591461 0.1253028776454713 0
1409 3.585631505958142 0.05016430600962674 0
1410 2.038797989335675 0.4624115992508434 0
1411 2.024508932774142 0.5214810736568664 0
1412 3.254843300294002 0.5872937353191188 0
1413 1.805332409581696 0.8833770855489431 0
1414 1.804142134172327 0.1195330707530716 0
1415 1.009609552149505 0.4182471297388599 0
1416 4.931538457460755 0.4044834260802332 0
1417 4.837175863053638 0.4118653509027577 0
1418 4.905637405592882 0.3407152581550275 0
1419 2.202591961033375 0.4253088662806349 0
1420 2.145992196934206 0.4042657772860936 0
1421 0.2393790981077331 0.2167044678980596 0
1422 0.2085974827120826 0.2433223301707668 0
1423 1.050239951844639 0.3922541181912449 0
1424 1.012344343771949 0.3697860856281317 0
1425 4.700747989199707 0.8118867146146805 0
1426 4.738216650585866 0.7321303833684993 0
1427 0.8879078924997295 0.7225688756742533 0
1428 0.8733129537333566 0.6772053782882794 0
1429 3.67469126688609 0.9509210892402582 0
1430 3.674691266887586 0.04907891075961294 0
1431 0.9814820247248653 0.03858451252466336 0
1432 1.545801812070057 0.4574329359194224 0
1433 2.74267096751788 0.7177834766185542 0
1434 0.6874243387736987 0.3580253602268686 0
1435 0.7117414850802258 0.3415323021591907 0
1436 0.7243171463061373 0.3735069419323222 0
1437 2.843698780748243 0.5723444891496631 0
1438 1.432372733619977 0.8733446111384964 0
1439 1.410968883828864 0.9208007821998844 0
1440 0.08293711193119044 0.2972031077956998 0
1441 0.03359760355251122 0.3244023319582206 0
1442 2.209557679004878 0.9588084135841223 0
1443 2.237056008869863 0.914209250134943 0
1444 2.236263019521722 0.08845302021797299 0
1445 2.208764689656833 0.04385385676880753 0
1446 3.714892433998092 0.249819256351779 0
1447 3.652079122065949 0.2133836625286089 0
1448 0.107895803527762 0.3454869164650882 0
1449 0.12363770835393 0.2938853603443468 0
1450 1.212206221180322 0.9568993485408908 0
1451 1.010792331158787 0.08756039606951815 0
1452 1.029832095069927 0.81384255303452 0
1453 1.897672736201367 0.5797167157818568 0
1454 1.946380310361259 0.5666149157882167 0
1455 1.946639027549425 0.6149470364267834 0
1456 0.1763275725208537 0.6803835380938377 0
1457 0.1483868805969274 0.7263740014221443 0
1458 0.1283381246192538 0.6909159284771291 0
1459 0.2411176235086061 0.8132206607917216 0
1460 0.2293738763006049 0.5601163873418564 0
1461 0.1917242465760631 0.5283915303927682 0
1462 2.903337485149776 0.5805031794118385 0
1463 3.475450554828568 0.2376545571989152 0
1464 3.531667627374145 0.2572230293699093 0
1465 3.487001453039847 0.7634122735730751 0
1466 0.1949102537473109 0.7637331670362881 0
1467 0.6331486788458411 0.5863016035443422 0
1468 0.6014570507594528 0.5968298187959337 0
1469 4.698450372704325 0.4929954922632328 0
1470 0.08918269320250682 0.9108173067975433 0
1471 0.03165591806826455 0.9183440819319104 0
1472 0.0816559180684046 0.9683440819318201 0
1473 2.442076238115093 0.5126609105907503 0
1474 2.385832976457959 0.488031755387063 0
1475 0.8084958160872819 0.9602735511147116 0
1476 1.002485930526797 0.6893197020993747 0
1477 1.55146586096026 0.4983111055553009 0
1478 0.4190781489781911 0.3693935457801875 0
1479 1.017431462729362 0.8635697512825999 0
1480 1.016512991523231 0.9092466199758639 0
1481 0.3257369903753713 0.4963029617263406 0
1482 3.638879575620112 0.640378566345833 0
1483 1.013755384914603 0.1346797436713681 0
1484 1.062448060507072 0.151377026105058 0
1485 1.017582832555748 0.1881050026867165 0
1486 0.6982141368294752 0.3052535142381736 0
1487 0.7351069443619139 0.3207350959436272 0
1488 1.990021270758251 0.5471004108054838 0
1489 3.206411212620605 0.5748049049939303 0
1490 1.210448162753277 0.583727103277832 0
1491 4.428507059068911 0.8486399394047871 0
1492 4.348161304936501 0.8324769616995891 0
1493 0.5009972320601419 0.3364957120597323 0
1494 0.5383702823832008 0.3404100061356962 0
1495 0.5287186680155189 0.371047357674513 0
1496 1.495957027802932 0.09236451273339238 0
1497 1.474999999999904 0.03910945607567274 0
1498 2.559477516319872 0.9494583127808631 0
1499 2.559561167795906 0.05053456040454704 0
1500 0.03827293988608242 0.8083566420608109 0
1501 1.415180751648169 0.07548846745748217 0
1502 1.441072274371069 0.121445360851567 0
1503 0.08613847356448892 0.6912318905284618 0
1504 0.3303758538125933 0.04498128087961686 0
1505 0.3141334776891791 0.09911164178634803 0
1506 0.5788943395324578 0.3398136164460944 0
1507 0.2799108789077298 0.140601790956938 0
1508 0.2422379158812328 0.1821874635953625 0
1509 1.106599391886822 0.1785168816584644 0
1510 1.102771944245677 0.1250916226431159 0
1511 0.9836738684297894 0.2203965206534821 0
1512 0.960131206903808 0.262580698859842 0
1513 0.1434651266447734 0.5573214880105151 0
1514 1.101199459120383 0.2372305432254427 0
1515 0.6384170196197838 0.8459771623874557 0
1516 1.087086200006849 0.5122551979830549 0
1517 1.087492559408771 0.465679532186727 0
1518 3.902365227949812 0.6807950643737499 0
1519 3.927697975723262 0.3293259227258602 0
1520 2.35266658606508 0.2604045847390442 0
1521 2.354141993914025 0.3066062130864122 0
1522 2.30654487978774 0.3021660855275449 0
1523 0.504481687941996 0.5721234897468623 0
1524 0.08921539426211872 0.08650552050298618 0
1525 0.08113314284081385 0.03113314284116474 0
1526 0.256299653050322 0.5970036900769171 0
1527 0.1702438734514915 0.6068066759334574 0
1528 1.07233976331092 0.8525210868261854 0
1529 4.451211361982784 0.9481119098024003 0
1530 0.7695324716468797 0.7794176722875119 0
1531 0.7349174158358127 0.7607371229569327 0
1532 2.356223903501869 0.3545485059386775 0
1533 2.402345609779209 0.3127870051501769 0
1534 3.223448929497967 0.3354402949339178 0
1535 0.9865434260385371 0.9581224774387311 0
1536 0.9826554997785071 0.299054876106389 0
1537 2.535516137148123 0.6293760551216785 0
1538 2.528200658909985 0.573546822685524 0
1539 0.329275211190649 0.1760020340835629 0
1540 0.32652910884501 0.1314527109298237 0
1541 0.03593975721682517 0.672778694625744 0
1542 3.8292958595254 0.7577801085778299 0
1543 3.772128309855303 0.6988243947652096 0
1544 3.839134136664111 0.6791037842191923 0
1545 4.744892119377287 0.1755314962003099 0
1546 4.834777335640753 0.1761368657928685 0
1547 2.676278869615688 0.9633217810838827 0
1548 2.701958095389041 0.901121911805151 0
1549 2.702821839478005 0.08870285238225151 0
1550 2.676443748790455 0.03538343066465705 0
1551 0.4905528698945363 0.17327549485723 0
1552 0.5257974453192971 0.1885697622288236 0
1553 2.700557085930204 0.8558600390854825 0
1554 2.64451606329457 0.8813816894480968 0
1555 2.64526650279578 0.1172736345984545 0
1556 2.701841511171965 0.1352096256513919 0
1557 0.4746980367009765 0.5847738595108681 0
1558 0.4801014630611524 0.5384163678541214 0
1559 0.856758748692682 0.231993770155174 0
1560 0.8263871791239739 0.2430468303842099 0
1561 0.8426520459574631 0.2009903968933613 0
1562 3.845197678279715 0.6218393505611297 0
1563 1.245307987965967 0.3783708438823843 0
1564 1.252855183630759 0.4214006402756924 0
1565 3.781155042046868 0.1092574341577104 0
1566 3.803289442929765 0.1717526888571121 0
1567 3.796732473556257 0.8291853919425447 0
1568 3.779273377482529 0.8913561216208794 0
1569 1.106331965807645 0.8769941245186759 0
1570 1.11873259814821 0.8272669262705958 0
1571 1.083274278387184 0.4168770315399072 0
1572 0.1791565684609946 0.2256934443492791 0
1573 0.1324114159902214 0.2527781866416026 0
1574 0.319806519955412 0.2553937431036805 0
1575 0.3264163934171493 0.21051903838626 0
1576 0.4341244584952114 0.5230511518754196 0
1577 2.071434392595589 0.3733308071067766 0
1578 2.038934235583049 0.4150037213588945 0
1579 2.017468589314472 0.3558669151418087 0
1580 0.06669421358799385 0.1189653763961476 0
1581 3.070907753884948 0.948584423123864 0
1582 3.071295969224341 0.05209924859220806 0
1583 1.586273614343466 0.3275576821137427 0
1584 1.607686598174355 0.3813356918475823 0
1585 1.032366544022258 0.2370938030871721 0
1586 0.03113314284103377 0.08113314284129192 0
1587 0.03556107074696008 0.13783223355511 0
1588 0.03359760355251122 0.3744023319583535 0
1589 0.08578161918001032 0.3940369638662987 0
1590 1.237096951447056 0.7282501432915745 0
1591 1.28471921081691 0.7143375738178808 0
1592 0.4708317662205658 0.3241311305594333 0
1593 1.209958911591248 0.3232835436319246 0
1594 0.8811493578852544 0.2649131401558845 0
1595 3.678423599030877 0.3274317469506004 0
1596 3.729429388482572 0.3151510140715073 0
1597 3.749708761853209 0.3660925792365789 0
1598 3.306832609820526 0.04996680429842566 0
1599 3.240202836418836 0.04996680429842566 0
1600 3.239866912016059 0.9509643156397853 0
1601 3.306496685417312 0.9509643156397853 0
1602 0.870419714631286 0.3063030030117948 0
1603 1.16974421985226 0.5145414378650234 0
1604 1.168038063687737 0.5586387721310782 0
1605 1.125773802430824 0.5347412363375358 0
1606 1.659098085456816 0.3615871871033807 0
1607 2.049986504584437 0.8436666867945861 0
1608 2.092386567583856 0.8096306916088507 0
1609 2.051536685163229 0.1567838936631454 0
1610 0.7992251232763977 0.6445419314807672 0
1611 0.8365902431877974 0.6615008993907233 0
1612 3.786177596820424 0.2884800886377576 0
1613 0.9716802521330172 0.619842080238171 0
1614 2.69361609169166 0.2362603888439662 0
1615 2.760206354356195 0.2227790455559604 0
1616 1.837903180086576 0.3960696257667904 0
1617 1.818759406363275 0.4353325212883695 0
1618 1.78496311430838 0.3883517702083565 0
1619 1.292189466990925 0.1984598621515366 0
1620 1.279651276503189 0.1586446093268804 0
1621 2.445772880051895 0.3790941785391164 0
1622 2.389210968144711 0.401990503218575 0
1623 3.496810353345467 0.1881330972883127 0
1624 3.49910411618937 0.8139426508253871 0
1625 3.653833656770945 0.4431552402428992 0
1626 3.667997926011612 0.5228970437554892 0
1627 1.085380043842326 0.5563525322491096 0
1628 1.081664084952846 0.6005074606417777 0
1629 2.188748318223206 0.23309845448475 0
1630 2.23449400308001 0.2442552152780381 0
1631 2.189782257114318 0.2838368004062817 0
1632 1.475777311005346 0.6639241705159299 0
1633 1.42380654212203 0.6796179653459314 0
1634 0.4673417155411347 0.6305540565832598 0
1635 3.825459778782822 0.4229687243161874 0
1636 3.876439037343423 0.3744309096865426 0
1637 0.1264822156027499 0.3907192164149457 0
1638 1.254342659059405 0.4724793849867266 0
1639 1.296771877723435 0.4459316906804308 0
1640 2.350814355157954 0.9101178068193807 0
1641 2.380252062006848 0.95471697026856 0
1642 2.380266003920013 0.04528184192902061 0
1643 2.350828297070969 0.08988100537818608 0
1644 3.207200375611127 0.9166526487430156 0
1645 3.156261370263792 0.8829739269862434 0
1646 3.158590662297842 0.1211281033102386 0
1647 3.207536300014293 0.08427847119536584 0
1648 4.443110442027883 0.3447071766945349 0
1649 1.499275871437034 0.7062941426959962 0
1650 1.536374999828766 0.7400901366751037 0
1651 0.4894776141153073 0.1376819224442196 0
1652 4.353232619781178 0.2592250893259942 0
1653 4.302527383078209 0.1941537592232882 0
1654 4.36132672714643 0.1807546893902843 0
1655 0.3223322192553305 0.7673568348356167 0
1656 0.3146998732164684 0.7255721090901024 0
1657 2.018990825502975 0.6483982112722939 0
1658 2.04792962600791 0.6184286883509499 0
1659 2.07157384980157 0.6649816631901006 0
1660 4.613096488807685 0.2111749032882586 0
1661 4.595082756088843 0.283803811596776 0
1662 0.289447692290061 0.2074598644031107 0
1663 2.182240175792185 0.1829172928902428 0
1664 3.869085335794083 0.1919794596161579 0
1665 3.837436535200262 0.2433751016770752 0
1666 3.863738300365065 0.8094647813965273 0
1667 0.4022199096854026 0.5423333459041053 0
1668 0.386026556360481 0.5143177601613977 0
1669 1.852375283791398 0.8631327479231019 0
1670 1.852031221946121 0.1373683458077962 0
1671 2.029834263725207 0.5762258992845258 0
1672 2.082417288023802 0.5928093512023325 0
1673 2.513779907113036 0.3122260607546947 0
1674 2.541330051137071 0.2706682975124266 0
1675 2.552805473620596 0.7150761189967032 0
1676 2.529155351319889 0.6696769657865263 0
1677 3.750344887932538 0.546885009802996 0
1678 3.699619625073087 0.5961601043590652 0
1679 2.674715230558112 0.8049273334700249 0
1680 2.732157262652583 0.8246675558270792 0
1681 0.4753552946158112 0.4028663217954251 0
1682 0.4332532917411184 0.4174913854773624 0
1683 0.4492436148177672 0.3817581272804864 0
1684 3.816085796627377 0.5561368363407305 0
1685 0.2111347071095199 0.6055751894531529 0
1686 3.589201307875668 0.2916234154555536 0
1687 3.623544175165533 0.3445893565359536 0
1688 1.994420096076032 0.8090714353841331 0
1689 2.003846038734563 0.864183756982863 0
1690 2.002903732602807 0.1360322954775963 0
1691 1.996912582786595 0.1911630926131765 0
1692 3.15405556812238 0.5525399208154825 0
1693 3.344579428945674 0.4281397653294305 0
1694 0.1955847294741723 0.2775837074297345 0
1695 0.4231286676121109 0.5718420613041798 0
1696 0.688920377923869 0.9590351603523128 0
1697 2.776959792654446 0.8133496764633555 0
1698 2.751117937282354 0.762416970847898 0
1699 3.64382354853617 0.3955309217010252 0
1700 1.350507442554195 0.7689598377599807 0
1701 0.1971696502012085 0.6436939786685181 0
1702 2.652570662592275 0.2205682821086091 0
1703 2.595424675628371 0.2535572813726432 0
1704 2.587140187525835 0.1967694071316291 0
1705 1.466755238467346 0.3520308042388061 0
1706 1.502618389132935 0.3113062643596444 0
1707 2.206202904746406 0.862194254776008 0
1708 2.261555341747574 0.8587866777427065 0
1709 2.262934255030198 0.1413575981274187 0
1710 2.206788828680421 0.1406122914470608 0
1711 4.853037130009959 0.9334095804913718 0
1712 4.935746531006153 0.9334095804913718 0
1713 0.4429614906602911 0.596846934690519 0
1714 3.784464097565902 0.4828737757371545 0
1715 3.759718870087984 0.4137168977784529 0
1716 3.799150767110041 0.06017852339809741 0
1717 3.79726910254514 0.9404350323806211 0
1718 1.612513924437858 0.6844468376730735 0
1719 1.58013364564206 0.713787572073376 0
1720 0.2371562084164232 0.7719561169312483 0
1721 0.157370107586793 0.301061995310991 0
1722 4.172346105569794 0.6260366827726378 0
1723 1.266022253794194 0.2281494517361477 0
1724 1.318572135520398 0.230219487348884 0
1725 1.423235807443989 0.9589544750947849 0
1726 0.1387150785547129 0.4259185174301208 0
1727 1.652779412002563 0.7011392282160918 0
1728 0.4611801518528839 0.3547684820982502 0
1729 0.7018362312230757 0.806979587727622 0
1730 0.7387362633964688 0.8342558447521569 0
1731 0.2848296529289348 0.7735520546892465 0
1732 0.5125413253598681 0.9609627549669995 0
1733 2.289499047178414 0.8166455047273218 0
1734 2.32035215130187 0.8686605000862567 0
1735 2.320477524748979 0.132521592028425 0
1736 2.291003333907677 0.1846808632575128 0
1737 2.322031043709695 0.7897793761599083 0
1738 2.269264768063846 0.2247406632683417 0
1739 2.326808037782627 0.215904657169348 0
1740 2.544097294643251 0.4613939975096876 0
1741 2.524233907424422 0.5202242656510423 0
1742 1.102511654347259 0.08387586919203771 0
1743 1.146662985727009 0.111015724745444 0
1744 1.150435579292957 0.8926784201039111 0
1745 1.104042744455667 0.9179325806595005 0
1746 2.850474994385771 0.04654443807263906 0
1747 2.850335221401925 0.9516794724151423 0
1748 0.3803758538124151 0.04498128087961686 0
1749 0.8113519746624616 0.2920717833630481 0
1750 0.8321171008089927 0.3208656739251189 0
1751 0.8029751936122616 0.3388872536421443 0
1752 1.411227406182817 0.2138951107613271 0
1753 1.367524806170217 0.2318241548675694 0
1754 0.186811021837881 0.3186908811324787 0
1755 0.1943204546851943 0.3614533231463708 0
1756 4.289034531966948 0.5614644123355999 0
1757 4.217588202255262 0.5899237242269664 0
1758 1.343864389394711 0.4213949254239824 0
1759 1.345351864823357 0.4724736701350166 0
1760 1.343639605288212 0.3776493227034714 0
1761 1.232119029916804 0.1419075144665218 0
1762 0.1608292629024646 0.3773684700289103 0
1763 1.166477745331842 0.6039269017503444 0
1764 4.371794146420056 0.115207509294662 0
1765 1.211217223037951 0.493193654120277 0
1766 0.8246674087122912 0.5789997963399625 0
1767 0.8578160952912303 0.5516259878967416 0
1768 3.18157845805066 0.03431166689694018 0
1769 3.181578458051385 0.9656883331032302 0
1770 4.334006063341604 0.0578416796437892 0
1771 1.381584538044936 0.6908811938596662 0
1772 3.708713080636289 0.425997630657546 0
1773 1.509749719003559 0.2760691948841172 0
1774 1.507190242082013 0.2261891732239479 0
1775 1.124073178971099 0.9668084381223678 0
1776 1.123201347913529 0.03489998564718292 0
1777 0.9692836818687649 0.3622517641672935 0
1778 1.009914081563899 0.3362587526196785 0
1779 2.74288694027135 0.150901732386749 0
1780 2.685331603589124 0.179472514602952 0
1781 2.814421944803407 0.8894796031364107 0
1782 2.815260582701389 0.09986385979023352 0
1783 1.583139858027238 0.5276297253295772 0
1784 1.530833429902535 0.5267312490436014 0
1785 1.986903306983681 0.9638351635934148 0
1786 2.008473156524723 0.9132246677900728 0
1787 2.007312632281468 0.08710734907001078 0
1788 1.986685088872416 0.0362808008062282 0
1789 2.446042989600656 0.565983467625232 0
1790 2.447381533304061 0.6141468234777918 0
1791 2.085753405935904 0.3327054725420848 0
1792 2.107219052204481 0.3918422787591706 0
1793 4.251039844696588 0.2346441815288203 0
1794 3.358768040725952 0.04928551239127349 0
1795 3.358602361254083 0.9516445870332773 0
1796 4.848527107725058 0.233614459529787 0
1797 4.855426997701443 0.2955036568145573 0
1798 1.684527328695589 0.2483073959143068 0
1799 0.6881953878988849 0.03844565842074484 0
1800 1.424999999999713 0.03910945607567274 0
1801 1.952906748016319 0.8786294163796198 0
1802 1.952688529904834 0.1214865480200419 0
1803 0.03556107074696008 0.1878322335551111 0
1804 4.335009165867716 0.8918206114290492 0
1805 2.490447691722199 0.5458325758765643 0
1806 2.806554449468027 0.1458364141070537 0
1807 2.790044541885187 0.1900993030586138 0
1808 4.391868860435281 0.306254729046288 0
1809 2.823873863552872 0.2177137272762651 0
1810 4.936039820024256 0.06397747158886284 0
1811 4.395178719318198 0.05736582965087281 0
1812 2.856241410166421 0.2637447936299284 0
1813 2.857063269949606 0.3154114540770349 0
1814 2.659157021486668 0.7146814075451061 0
1815 2.602755203155138 0.7022459653347944 0
1816 4.373237401010226 0.9481119098024003 0
1817 2.160311210274521 0.3636404427214017 0
1818 1.064866659274627 0.2383560777583707 0
1819 1.030957695148669 0.2706475957251363 0
1820 4.94978959210856 0.2881217319920329 0
1821 1.390180751648073 0.03637901138180943 0
1822 2.825606072716401 0.7846925793126115 0
1823 2.806645398086631 0.8469431642917927 0
1824 0.5148318737013742 0.03677923759707848 0
1825 1.39115253595247 0.311782055704206 0
1826 1.422964409123197 0.287916858794157 0
1827 1.423806681452362 0.3365805025274972 0
1828 0.701498085110029 0.1406822535163796 0
1829 0.6728100449672347 0.1196990498236988 0
1830 0.7050788159432619 0.09787452053417042 0
1831 0.6267163819342412 0.7656482995919842 0
1832 0.5856471382589839 0.7616693694673582 0
1833 1.258495585934508 0.2722937112009861 0
1834 3.745367565631747 0.9509210892402582 0
1835 3.745367565633323 0.04907891075961294 0
1836 4.936039820024256 0.1473108049220238 0
1837 1.638657722201974 0.3103920034378737 0
1838 1.229438735703831 0.3458222916311974 0
1839 1.279415150032653 0.3623043937182097 0
1840 0.8361335444374939 0.1700573505665071 0
1841 0.8432764753910337 0.1333315011862931 0
1842 0.5102891135027624 0.405119042695191 0
1843 1.005739749961999 0.6408689752955143 0
1844 1.132036403741398 0.7905717074922855 0
1845 1.166028606238122 0.815044745184776 0
1846 1.677765138614682 0.9618058632224257 0
1847 1.677914268743177 0.03830269478762791 0
1848 1.674826802614637 0.3267610494156096 0
1849 0.4047934784333361 0.9222049320798142 0
1850 0.4241274399035192 0.9707520396969817 0
1851 0.8585723762625603 0.4288712676717652 0
1852 0.8255703056100141 0.4027284847133261 0
1853 1.159283829727037 0.6818663796864589 0
1854 1.162146963425952 0.6436768554359631 0
1855 4.319162401094413 0.9437087016266488 0
1856 1.387733076385962 0.9618463071050993 0
1857 1.692758624293504 0.2886223006213844 0
1858 1.713198987548346 0.3398174842868914 0
1859 4.293480238331081 0.6963762482661882 0
1860 4.342643651795257 0.6288287879720668 0
1861 1.344027622126577 0.6599331598435096 0
1862 2.341007352279527 0.3958097111548103 0
1863 2.324323684731849 0.4358787693717358 0
1864 2.291336620089007 0.3884367720918383 0
1865 1.341357592973486 0.2615137444521805 0
1866 1.360090241605913 0.2913896003043003 0
1867 1.311137570956094 0.2897849327856149 0
1868 1.312577310941655 0.3572568673035657 0
1869 1.360932513935078 0.3400532440376404 0
1870 0.3627963910947385 0.4940265380861303 0
1871 1.462749884493714 0.277478236141921 0
1872 1.933008892859802 0.0362808008062282 0
1873 1.933227110971117 0.9638351635934148 0
1874 2.697868437516018 0.7291013559822779 0
1875 1.865693583917463 0.65347268107194 0
1876 1.832277345162663 0.6256858097740758 0
1877 1.864515214634734 0.6002619651225594 0
1878 0.6283267751845945 0.390745225010717 0
1879 0.6636821142438525 0.3761005640699188 0
1880 1.335963011657619 0.708517176466859 0
1881 1.149243960706424 0.7552767411940993 0
1882 1.906159006536562 0.9188272245776253 0
1883 1.905792003998958 0.08165250935977286 0
1884 3.721226537541038 0.6643665323933399 0
1885 1.901531888746401 0.8697863137704156 0
1886 1.901383104320296 0.1305774557673584 0
1887 1.801831639034787 0.5987557914322161 0
1888 1.803010008317517 0.6519665073815969 0
1889 1.899123025271155 0.8229349397250962 0
1890 1.898927747851998 0.1772023844680653 0
1891 1.874174888345149 0.7756380422032356 0
1892 1.923331493300152 0.7822916080505493 0
1893 1.92333149330017 0.2177083919494818 0
1894 1.873979610925995 0.2244992819899196 0
1895 2.544415944893302 0.4138685176265418 0
1896 2.519892071224476 0.3545186238524903 0
1897 1.025716161681692 0.3065891975672272 0
1898 0.6380026406665678 0.1415413354905287 0
1899 1.845443826095606 0.7425320963593085 0
1900 4.814298671609822 0.5173229442828657 0
1901 4.820253916552893 0.6159934019342518 0
1902 0.8533587065057821 0.8574745035835509 0
1903 0.8459801632030058 0.8204676627236469 0
1904 0.7654221800391976 0.3335536234723588 0
1905 0.7518948317884469 0.2972748355513417 0
1906 1.173201347913721 0.03489998564718292 0
1907 1.185760875097158 0.1198283402953828 0
1908 1.322276126735269 0.7452856078340374 0
1909 0.8048412255847237 0.1154519699879285 0
1910 2.263799381941928 0.5344053911612203 0
1911 0.4882260407878139 0.8943418026748101 0
1912 0.4866687652621267 0.9317147946639811 0
1913 0.449812155331605 0.9041310874047923 0
1914 1.185500585198739 0.07861258684430464 0
1915 1.161158543290545 0.7187991186899113 0
1916 1.451012881553334 0.2034564881090912 0
1917 1.430095738993822 0.2526797893186298 0
1918 2.588108545375966 0.8675182211450774 0
1919 2.531047576534453 0.834735943111411 0
1920 2.58605408499422 0.803337538694762 0
1921 2.531631770214598 0.1654137636023786 0
1922 2.588777757178502 0.1324247643383445 0
1923 2.270298706954959 0.2754790091898733 0
1924 0.651106453017941 0.3441259242967873 0
1925 1.726932081563303 0.9705037288965774 0
1926 1.726998229776772 0.03156715310813989 0
1927 3.103952047916337 0.8093490047038812 0
1928 3.102149736984169 0.7513706684143346 0
1929 0.3947009399045474 0.4747443440574445 0
1930 0.4154178730889836 0.446526350987239 0
1931 0.4246214190322958 0.02575337578630228 0
1932 1.234796152287468 0.8703288802072502 0
1933 1.278882579413961 0.84931645605336 0
1934 0.6995058874165672 0.2257516669710875 0
1935 0.7289225678622098 0.2428825395208815 0
1936 0.6921629156655207 0.267325435472816 0
1937 0.7596724853656163 0.3881516028729514 0
1938 0.7861873061857286 0.3623475140344297 0
1939 0.7972254989386803 0.3934852330427369 0
1940 2.367865913657993 0.6547647070095864 0
1941 0.5575250771298939 0.7800351303545234 0
1942 0.5599355663301711 0.8140955627931887 0
1943 2.086615103005405 0.7638945021457921 0
1944 4.694928792168625 0.8671612161548039 0
1945 4.71349074561219 0.9505254232011945 0
1946 0.814503973007975 0.8795936696557826 0
1947 0.8075024631030559 0.8014095046955728 0
1948 0.7740463223870813 0.816648404674081 0
1949 1.812980005131229 0.7144830039566924 0
1950 1.865919535409769 0.7069456181260727 0
1951 0.7265383529471494 0.6040692516069185 0
1952 0.7242755422857952 0.640683567740776 0
1953 0.6977371893390716 0.6266143161338575 0
1954 1.286337409874103 0.8126567641848322 0
1955 1.626540112569629 0.5333299186488063 0
1956 1.670381158991691 0.5222759746188541 0
1957 1.17407317897124 0.9668084381223678 0
1958 0.4741274399036592 0.9707520396969817 0
1959 1.299263641713487 0.7747802351110025 0
1960 1.815253489707417 0.5363831932583343 0
1961 1.781387660660126 0.564971567515101 0
1962 1.765542174487609 0.5288796669487402 0
1963 4.760419090017393 0.8457763448622655 0
1964 0.5248540430614058 0.8786022904880624 0
1965 1.931912150406042 0.2918839123011918 0
1966 1.933810353845376 0.340155095283374 0
1967 1.89815740488184 0.6815217734745561 0
1968 0.4894532927354772 0.06253261338338076 0
1969 0.4894300153307305 0.09731383646561176 0
1970 2.116591147195704 0.6871233896822423 0
1971 2.087652346690769 0.7170929126035863 0
1972 0.7788338078767232 0.2824661295658565 0
1973 0.8079757150734543 0.264444549848831 0
1974 0.7965474047760626 0.5880773471616176 0
1975 0.7877304186635805 0.6167912597092997 0
1976 0.7618936920063548 0.5894245906661548 0
1977 1.930035194541058 0.6554076214298406 0
1978 1.930261146033364 0.7088805584839731 0
1979 0.668504017905307 0.6009462644849405 0
1980 0.03165591806826455 0.9683440819318201 0
1981 2.010561167064604 0.2785637801643606 0
1982 2.008349561574606 0.2274241251188779 0
1983 2.041597805611271 0.7417527756536504 0
1984 2.008450974625281 0.7689159838900033 0
1985 2.009488218310645 0.7221143943477975 0
1986 1.74968702695058 0.3635225538839469 0
1987 1.730543253227279 0.4027854494055261 0
1988 0.5669316715643986 0.8539653963139066 0
1989 0.6022418024900937 0.8327818880649696 0
1990 2.616049913413182 0.03538343066465705 0
1991 2.589758085484543 0.08591799106920409 0
1992 2.589509554834802 0.9127800938647459 0
1993 2.615885034238475 0.9633217810838827 0
1994 4.234479935887219 0.6601353512836706 0
1995 1.198952331430363 0.8392995136479025 0
1996 1.188568621502039 0.882769330522434 0
1997 0.03113314284103377 0.03113314284116474 0
1998 0.7988306820550655 0.5516331272968176 0
1999 1.663532889804113 0.7458314721223761 0
2000 1.767618848629448 0.3253838050897218 0
2001 1.762031440835665 0.2735810913150374 0
2002 0.7767062548526449 0.8562476771602179 0
2003 0.7990554847899017 0.4285325735518477 0
2004 1.696632817666459 0.7150450881281623 0
2005 3.362361157089945 0.6894260457870927 0
2006 4.794590545496961 0.9505254232011945 0
2007 1.258106094055177 0.788982534258889 0
2008 0.5645947279295527 0.1807535404005776 0
2009 1.711565363684704 0.5172848674934396 0
2010 1.745431192731994 0.488696493236673 0
2011 0.7357702468986124 0.6684342395122435 0
2012 0.7645714105066901 0.6458891749853044 0
2013 0.4746214190321177 0.02575337578630228 0
2014 0.7558615439504861 0.2280738335353962 0
2015 0.7485185721994396 0.2696476020371247 0
2016 1.975204688369925 0.3581511822624871 0
2017 2.007704845382465 0.3164782680103693 0
2018 0.7938690123382355 0.2334411765870184 0
2019 1.78261367205999 0.4639529792109546 0
2020 1.835553737838186 0.4716708347693885 0
2021 1.186279400150062 0.9237077866632586 0
2022 1.728636861257084 0.4523581797556541 0
2023 3.11624538524152 0.9656883331032302 0
2024 3.116245385241573 0.03431166689694018 0
2025 1.937362371849401 0.7421361565564195 0
2026 1.962310508775407 0.7894330540782801 0
2027 1.959716609014184 0.2066725269333289 0
2028 1.934768472088181 0.2539694244551832 0
2029 0.7720596609688353 0.02764756165755091 0
2030 0.7220596609688283 0.02764756165755091 0
2031 4.94978959210856 0.2047883986589423 0
2032 0.723622858389414 0.9712472540172343 0
2033 0.7736228583893692 0.9712472540172343 0
2034 1.848411011274051 0.5158379439176318 0
2035 1.605907681511903 0.5617500621371068 0
2036 0.603103239042176 0.163894160912466 0
2037 0.5682674560865106 0.137435267663261 0
2038 0.6959727836766682 0.732601109143781 0
2039 0.6971316987717606 0.7665205584528683 0
2040 0.6628915990639313 0.7788435739144703 0
2041 0.7350161978496563 0.1600832476230021 0
2042 0.7027474268736289 0.1819077769125305 0
2043 1.978742768700949 0.6423058214362004 0
2044 4.680434046067461 0.6025712093900184 0
2045 1.119736864360412 0.6185885242892093 0
2046 1.96924016150862 0.716022004511704 0
2047 2.002386992494609 0.6888587962753511 0
2048 1.968297266120056 0.280848047285039 0
2049 2.945636585050599 0.5616214507596751 0
2050 0.8134753429956471 0.5162777882375813 0
2051 2.132787318901155 0.3119484919037361 0
2052 4.792591209465455 0.6733666787727961 0
2053 4.737857721210694 0.6163856465763125 0
2054 0.6343299125096098 0.1848596082278453 0
2055 0.6659877746769398 0.206350672864465 0
2056 4.755874047847557 0.5068099294495267 0
2057 4.804652291159247 0.4651205039946244 0
2058 1.864256497446567 0.5519298444839926 0
2059 0.8137001457306178 0.4638879126112185 0
2060 2.994836160162461 0.5457193122657799 0
2061 4.7080967531549 0.5451979325514742 0
2062 3.043813322249361 0.5852103132824624 0
2063 2.17156046363088 0.3243719904306591 0
2064 1.732127581573058 0.7269647059427609 0
2065 2.351928287296921 0.7466891557518314 0
2066 2.378193100319936 0.7834291066627951 0
2067 2.374405151908912 0.2203447847282153 0
2068 0.6314209143855563 0.806107328866738 0
2069 3.600610545158716 0.2420897956998844 0
2070 3.594545441564426 0.1789832764429646 0
2071 0.8057619748687858 0.181110410795543 0
2072 2.217306148487684 0.3355287512239472 0
2073 1.774686581747586 0.7221307810205017 0
2074 1.722899513629299 0.2613638307855886 0
2075 3.052802349601441 0.1571185795248007 0
2076 3.11364124628061 0.1389156850055064 0
2077 3.11092373890722 0.8658700170068773 0
2078 3.051264967942426 0.8406478339447321 0
2079 2.399761598837388 0.8273192147002462 0
2080 2.399886972284261 0.1738628774144054 0
2081 1.212256137023551 0.8026042948695921 0
2082 1.225182368862935 0.7647277657957623 0
2083 0.5297113461893105 0.1139265611727648 0
2084 2.863068224865363 0.8608225059856667 0
2085 2.862418184315225 0.1390614304620984 0
2086 0.7146164397092187 0.6950231529577802 0
2087 1.191246994415431 0.7418719039022776 0
2088 2.378758060588794 0.867976633803996 0
2089 2.378897375948449 0.1332042705082801 0
2090 3.851973489684743 0.3087068593968034 0
2091 0.7742730080010056 0.2066761140707751 0
2092 0.7677545064810364 0.1757430677439209 0
2093 3.103962505628885 0.08641091548914824 0
2094 3.103574290289881 0.9142727562270943 0
2095 0.5479265181330116 0.74879244527763 0
2096 1.296708058679519 0.3247083150523787 0
2097 1.277975410047092 0.2948324592002589 0
2098 2.371736773911394 0.7103648931146768 0
2099 0.7443209563194497 0.9081748126363811 0
2100 0.712543236311322 0.9302824143695472 0
2101 1.244066073657934 0.30721709346775 0
2102 2.253552321320465 0.3622158275616187 0
2103 2.236868653772787 0.4022848857785443 0
2104 0.7665051647174364 0.13451754434777 0
2105 0.7102550488704111 0.06609322007829575 0
2106 0.7389430890132055 0.08707642377097649 0
2107 0.7791939140173625 0.8972011097338584 0
2108 0.7821186744747797 0.9315208051319459 0
2109 2.271774114803904 0.3216806375372413 0
2110 2.404219483653759 0.6847387001496278 0
2111 2.441020747475827 0.6544477341426396 0
2112 2.439660715940456 0.3368016154413208 0
2113 2.481006076625299 0.3551664959779951 0
2114 2.219029271050334 0.5187985564853158 0
2115 2.250869677954098 0.4901606259888496 0
2116 2.578942845687251 0.7577251069991868 0
2117 2.636003814528763 0.7905073850328532 0
2118 0.6095305946072164 0.3334333546407747 0
2119 0.5443419209588098 0.7101745375765622 0
2120 2.240376259801917 0.4515298108108544 0
2121 3.548458354528122 0.8480667372968894 0
2122 3.546164591684228 0.1540090108167468 0
2123 2.28514637069351 0.4671366454867589 0
2124 2.33481710288403 0.474509584549731 0
2125 0.5967279734133364 0.3685813899451572 0
2126 2.488053657379529 0.6394560435758938 0
2127 0.7721029169533437 0.09979214986700974 0
2128 0.7772791498804929 0.06801084941113507 0
2129 4.885829412132816 0.1854325369146442 0
2130 4.813046477499308 0.8839350036925663 0
2131 2.90328143361441 0.8226949762600845 0
2132 2.902491620081082 0.1789650496998764 0
2133 2.877857261460127 0.776277109855088 0
2134 2.886079597695413 0.2310650511325819 0
2135 4.683979796332331 0.1858104561983383 0
2136 0.8456100790375881 0.4638900498730951 0
2137 0.8319099333069704 0.4900021372618766 0
2138 1.79516229106175 0.6865443027872659 0
2139 0.8453852763026174 0.5162799254994579 0
2140 2.667603991251142 0.7593149017744498 0
$EndNodes
$Elements
1124
1 8 2 100 1 1 11 25
2 8 2 100 1 11 12 26
3 8 2 100 1 12 13 27
4 8 2 100 1 13 14 28
5 8 2 100 1 14 15 29
6 8 2 100 1 15 16 30
7 8 2 100 1 16 17 31
8 8 2 100 1 17 18 32
9 8 2 100 1 18 19 33
10 8 2 100 1 19 20 34
11 8 2 100 1 20 21 35
12 8 2 100 1 21 22 36
13 8 2 100 1 22 23 37
14 8 2 100 1 23 24 38
15 8 2 100 1 24 2 39
16 8 2 100 2 2 40 66
17 8 2 100 2 40 41 67
18 8 2 100 2 41 42 68
19 8 2 100 2 42 43 69
20 8 2 100 2 43 44 70
21 8 2 100 2 44 45 71
22 8 2 100 2 45 46 72
23 8 2 100 2 46 47 73
24 8 2 100 2 47 48 74
25 8 2 100 2 48 49 75
26 8 2 100 2 49 50 76
27 8 2 100 2 50 51 77
28 8 2 100 2 51 52 78
29 8 2 100 2 52 53 79
30 8 2 100 2 53 54 80
31 8 2 100 2 54 55 81
32 8 2 100 2 55 56 82
33 8 2 100 2 56 57 83
34 8 2 100 2 57 58 84
35 8 2 100 2 58 59 85
36 8 2 100 2 59 60 86
37 8 2 100 2 60 61 87
38 8 2 100 2 61 62 88
39 8 2 100 2 62 63 89
40 8 2 100 2 63 64 90
41 8 2 100 2 64 65 91
42 8 2 100 2 65 3 92
43 8 2 200 3 3 93 98
44 8 2 200 3 93 94 99
45 8 2 200 3 94 95 100
46 8 2 200 3 95 96 101
47 8 2 200 3 96 97 102
48 8 2 200 3 97 4 103
49 8 2 300 4 4 104 130
50 8 2 300 4 104 105 131
51 8 2 300 4 105 106 132
52 8 2 300 4 106 107 133
53 8 2 300 4 107 108 134
54 8 2 300 4 108 109 135
55 8 2 300 4 109 110 136
56 8 2 300 4 110 111 137
57 8 2 300 4 111 112 138
58 8 2 300 4 112 113 139
59 8 2 300 4 113 114 140
60 8 2 300 4 114 115 141
61 8 2 300 4 115 116 142
62 8 2 300 4 116 117 143
63 8 2 300 4 117 118 144
64 8 2 300 4 118 119 145
65 8 2 300 4 119 120 146
66 8 2 300 4 120 121 147
67 8 2 300 4 121 122 148
68 8 2 300 4 122 123 149
69 8 2 300 4 123 124 150
70 8 2 300 4 124 125 151
71 8 2 300 4 125 126 152
72 8 2 300 4 126 127 153
73 8 2 300 4 127 128 154
74 8 2 300 4 128 129 155
75 8 2 300 4 129 5 156
76 8 2 300 5 5 157 171
77 8 2 300 5 157 158 172
78 8 2 300 5 158 159 173
79 8 2 300 5 159 160 174
80 8 2 300 5 160 161 175
81 8 2 300 5 161 162 176
82 8 2 300 5 162 163 177
83 8 2 300 5 163 164 178
84 8 2 300 5 164 165 179
85 8 2 300 5 165 166 180
86 8 2 300 5 166 167 181
87 8 2 300 5 167 168 182
88 8 2 300 5 168 169 183
89 8 2 300 5 169 170 184
90 8 2 300 5 170 6 185
91 8 2 500 6 7 186 189
92 8 2 500 6 186 187 190
93 8 2 500 6 187 188 191
94 8 2 500 6 188 8 192
95 8 2 500 7 8 193 196
96 8 2 500 7 193 194 197
97 8 2 500 7 194 195 198
98 8 2 500 7 195 7 199
99 8 2 400 8 6 200 202
100 8 2 400 8 200 201 203
101 8 2 400 8 201 9 204
102 8 2 400 9 9 205 208
103 8 2 400 9 205 206 209
104 8 2 400 9 206 207 210
105 8 2 400 9 207 10 211
106 8 2 400 10 10 212 214
107 8 2 400 10 212 213 215
108 8 2 400 10 213 1 216
109 9 2 10 12 383 666 223 671 672 673
110 9 2 10 12 321 380 517 674 675 676
111 9 2 10 12 517 380 252 675 677 678
112 9 2 10 12 667 349 251 679 680 681
113 9 2 10 12 368 667 251 682 681 683
114 9 2 10 12 223 666 326 672 684 685
115 9 2 10 12 389 517 227 686 687 688
116 9 2 10 12 165 447 303 689 690 691
117 9 2 10 12 524 165 303 692 691 693
118 9 2 10 12 259 516 430 694 695 696
119 9 2 10 12 227 517 387 687 697 698
120 9 2 10 12 253 367 405 699 700 701
121 9 2 10 12 304 354 532 702 703 704
122 9 2 10 12 224 321 379 705 706 707
123 9 2 10 12 224 380 321 708 674 705
124 9 2 10 12 289 578 338 709 710 711
125 9 2 10 12 59 60 350 86 712 713
126 9 2 10 12 280 394 422 714 715 716
127 9 2 10 12 245 532 354 717 703 718
128 9 2 10 12 249 393 326 719 720 721
129 9 2 10 12 565 63 64 722 90 723
130 9 2 10 12 232 316 395 724 725 726
131 9 2 10 12 222 386 458 727 728 729
132 9 2 10 12 351 63 565 730 722 731
133 9 2 10 12 364 539 13 732 733 734
134 9 2 10 12 251 379 321 735 706 736
135 9 2 10 12 13 539 12 733 737 27
136 9 2 10 12 262 419 318 738 739 740
137 9 2 10 12 283 405 367 741 700 742
138 9 2 10 12 265 568 455 743 744 745
139 9 2 10 12 293 547 541 746 747 748
140 9 2 10 12 117 511 315 749 750 751
141 9 2 10 12 52 314 512 752 753 754
142 9 2 10 12 97 564 514 755 756 757
143 9 2 10 12 454 424 233 758 759 760
144 9 2 10 12 238 490 324 761 762 763
145 9 2 10 12 168 503 356 764 765 766
146 9 2 10 12 225 361 487 767 768 769
147 9 2 10 12 249 326 377 721 770 771
148 9 2 10 12 338 578 372 710 772 773
149 9 2 10 12 251 321 389 736 774 775
150 9 2 10 12 293 406 547 776 777 746
151 9 2 10 12 252 331 387 778 779 780
152 9 2 10 12 5 358 129 781 782 156
153 9 2 10 12 234 335 491 783 784 785
154 9 2 10 12 318 419 562 739 786 787
155 9 2 10 12 52 483 314 788 789 752
156 9 2 10 12 117 315 484 751 790 791
157 9 2 10 12 232 656 316 792 793 724
158 9 2 10 12 323 424 454 794 758 795
159 9 2 10 12 121 500 435 796 797 798
160 9 2 10 12 48 434 501 799 800 801
161 9 2 10 12 252 446 331 802 803 778
162 9 2 10 12 386 479 458 804 805 728
163 9 2 10 12 222 523 378 806 807 808
164 9 2 10 12 229 422 394 809 715 810
165 9 2 10 12 238 324 519 763 811 812
166 9 2 10 12 333 531 559 813 814 815
167 9 2 10 12 284 510 361 816 817 818
168 9 2 10 12 241 530 332 819 820 821
169 9 2 10 12 404 645 357 822 823 824
170 9 2 10 12 223 326 393 685 720 825
171 9 2 10 12 240 562 419 826 786 827
172 9 2 10 12 222 637 335 828 829 830
173 9 2 10 12 667 108 109 831 135 832
174 9 2 10 12 299 487 361 833 768 834
175 9 2 10 12 222 377 523 835 836 806
176 9 2 10 12 571 264 337 837 838 839
177 9 2 10 12 258 328 595 840 841 842
178 9 2 10 12 261 421 319 843 844 845
179 9 2 10 12 262 318 420 740 846 847
180 9 2 10 12 168 169 503 183 848 764
181 9 2 10 12 240 559 531 849 814 850
182 9 2 10 12 302 505 462 851 852 853
183 9 2 10 12 301 461 504 854 855 856
184 9 2 10 12 276 324 490 857 762 858
185 9 2 10 12 266 329 439 859 860 861
186 9 2 10 12 357 645 246 823 862 863
187 9 2 10 12 264 445 339 864 865 866
188 9 2 10 12 129 358 476 782 867 868
189 9 2 10 12 361 510 546 817 869 870
190 9 2 10 12 264 463 337 871 872 838
191 9 2 10 12 268 473 322 873 874 875
192 9 2 10 12 61 331 446 876 803 877
193 9 2 10 12 23 336 428 878 879 880
194 9 2 10 12 241 332 582 821 881 882
195 9 2 10 12 530 254 431 883 884 885
196 9 2 10 12 323 454 537 795 886 887
197 9 2 10 12 220 333 552 888 889 890
198 9 2 10 12 462 505 630 852 891 892
199 9 2 10 12 461 629 504 893 894 855
200 9 2 10 12 332 530 431 820 885 895
201 9 2 10 12 7 467 362 896 897 898
202 9 2 10 12 279 358 427 899 900 901
203 9 2 10 12 45 492 402 902 903 904
204 9 2 10 12 124 401 493 905 906 907
205 9 2 10 12 327 413 585 908 909 910
206 9 2 10 12 283 368 489 911 912 913
207 9 2 10 12 255 537 454 914 886 915
208 9 2 10 12 261 340 605 916 917 918
209 9 2 10 12 262 604 341 919 920 921
210 9 2 10 12 253 405 346 701 922 923
211 9 2 10 12 316 549 431 924 925 926
212 9 2 10 12 206 381 365 927 928 929
213 9 2 10 12 279 343 476 930 931 932
214 9 2 10 12 280 477 344 933 934 935
215 9 2 10 12 259 409 516 936 937 694
216 9 2 10 12 60 446 350 938 939 712
217 9 2 10 12 262 341 573 921 940 941
218 9 2 10 12 261 572 340 942 943 916
219 9 2 10 12 300 388 485 944 945 946
220 9 2 10 12 235 586 312 947 948 949
221 9 2 10 12 16 311 480 950 951 952
222 9 2 10 12 540 311 16 953 950 954
223 9 2 10 12 261 319 520 845 955 956
224 9 2 10 12 158 441 334 957 958 959
225 9 2 10 12 106 367 414 960 961 962
226 9 2 10 12 220 537 333 963 964 888
227 9 2 10 12 273 348 398 965 966 967
228 9 2 10 12 96 97 514 102 757 968
229 9 2 10 12 7 408 186 969 970 189
230 9 2 10 12 368 108 667 971 831 682
231 9 2 10 12 268 322 426 875 972 973
232 9 2 10 12 294 552 333 974 889 975
233 9 2 10 12 300 581 388 976 977 944
234 9 2 10 12 170 363 503 978 979 980
235 9 2 10 12 222 335 569 830 981 982
236 9 2 10 12 222 378 637 808 983 828
237 9 2 10 12 301 435 500 984 797 985
238 9 2 10 12 302 501 434 986 800 987
239 9 2 10 12 313 514 564 988 756 989
240 9 2 10 12 294 559 342 990 991 992
241 9 2 10 12 292 433 369 993 994 995
242 9 2 10 12 226 585 413 996 909 997
243 9 2 10 12 19 345 495 998 999 1000
244 9 2 10 12 162 486 328 1001 1002 1003
245 9 2 10 12 234 473 335 1004 1005 783
246 9 2 10 12 265 436 568 1006 1007 743
247 9 2 10 12 168 356 426 766 1008 1009
248 9 2 10 12 240 342 559 1010 991 849
249 9 2 10 12 283 481 368 1011 1012 911
250 9 2 10 12 294 333 559 975 815 990
251 9 2 10 12 2 40 370 66 1013 1014
252 9 2 10 12 235 312 474 949 1015 1016
253 9 2 10 12 357 567 551 1017 1018 1019
254 9 2 10 12 272 579 334 1020 1021 1022
255 9 2 10 12 258 475 328 1023 1024 840
256 9 2 10 12 252 350 446 1025 939 802
257 9 2 10 12 240 531 562 850 1026 826
258 9 2 10 12 241 563 530 1027 1028 819
259 9 2 10 12 243 416 425 1029 1030 1031
260 9 2 10 12 219 488 404 1032 1033 1034
261 9 2 10 12 227 346 405 1035 922 1036
262 9 2 10 12 279 509 343 1037 1038 930
263 9 2 10 12 248 496 346 1039 1040 1041
264 9 2 10 12 249 365 381 1042 928 1043
265 9 2 10 12 220 431 549 1044 925 1045
266 9 2 10 12 220 549 537 1045 1046 963
267 9 2 10 12 294 342 452 992 1047 1048
268 9 2 10 12 162 328 475 1003 1024 1049
269 9 2 10 12 298 425 416 1050 1030 1051
270 9 2 10 12 260 348 616 1052 1053 1054
271 9 2 10 12 309 404 488 1055 1033 1056
272 9 2 10 12 277 336 601 1057 1058 1059
273 9 2 10 12 95 514 628 1060 1061 1062
274 9 2 10 12 274 467 329 1063 1064 1065
275 9 2 10 12 7 195 467 199 1066 896
276 9 2 10 12 242 343 509 1067 1038 1068
277 9 2 10 12 257 599 371 1069 1070 1071
278 9 2 10 12 285 406 409 1072 1073 1074
279 9 2 10 12 217 409 406 1075 1073 1076
280 9 2 10 12 258 595 366 842 1077 1078
281 9 2 10 12 19 451 345 1079 1080 998
282 9 2 10 12 289 338 548 711 1081 1082
283 9 2 10 12 327 508 413 1083 1084 908
284 9 2 10 12 260 616 359 1054 1085 1086
285 9 2 10 12 263 639 345 1087 1088 1089
286 9 2 10 12 206 207 381 210 1090 927
287 9 2 10 12 227 387 468 698 1091 1092
288 9 2 10 12 44 45 402 71 904 1093
289 9 2 10 12 124 125 401 151 1094 905
290 9 2 10 12 246 567 357 1095 1017 863
291 9 2 10 12 96 514 95 968 1060 101
292 9 2 10 12 271 407 359 1096 1097 1098
293 9 2 10 12 261 605 421 918 1099 843
294 9 2 10 12 262 420 604 847 1100 919
295 9 2 10 12 248 611 397 1101 1102 1103
296 9 2 10 12 260 398 348 1104 966 1052
297 9 2 10 12 61 550 331 1105 1106 876
298 9 2 10 12 240 419 342 827 1107 1010
299 9 2 10 12 260 359 407 1086 1097 1108
300 9 2 10 12 223 469 385 1109 1110 1111
301 9 2 10 12 169 170 503 184 980 848
302 9 2 10 12 257 382 599 1112 1113 1069
303 9 2 10 12 298 455 568 1114 744 1115
304 9 2 10 12 272 464 427 1116 1117 1118
305 9 2 10 12 323 537 549 887 1046 1119
306 9 2 10 12 256 363 575 1120 1121 1122
307 9 2 10 12 329 554 439 1123 1124 860
308 9 2 10 12 7 362 408 898 1125 969
309 9 2 10 12 276 453 324 1126 1127 857
310 9 2 10 12 272 334 610 1022 1128 1129
311 9 2 10 12 279 476 358 932 867 899
312 9 2 10 12 300 633 357 1130 1131 1132
313 9 2 10 12 158 334 579 959 1021 1133
314 9 2 10 12 167 168 426 182 1009 1134
315 9 2 10 12 40 477 370 1135 1136 1013
316 9 2 10 12 223 393 469 825 1137 1109
317 9 2 10 12 613 223 337 1138 1139 1140
318 9 2 10 12 520 241 452 1141 1142 1143
319 9 2 10 12 280 422 370 716 1144 1145
320 9 2 10 12 337 223 571 1139 1146 839
321 9 2 10 12 205 206 365 209 929 1147
322 9 2 10 12 9 374 201 1148 1149 204
323 9 2 10 12 23 601 336 1150 1058 878
324 9 2 10 12 105 106 414 132 962 1151
325 9 2 10 12 277 592 336 1152 1153 1057
326 9 2 10 12 186 408 515 970 1154 1155
327 9 2 10 12 296 402 492 1156 903 1157
328 9 2 10 12 295 493 401 1158 906 1159
329 9 2 10 12 238 519 337 812 1160 1161
330 9 2 10 12 264 339 463 866 1162 871
331 9 2 10 12 267 487 432 1163 1164 1165
332 9 2 10 12 273 525 366 1166 1167 1168
333 9 2 10 12 369 433 609 994 1169 1170
334 9 2 10 12 122 123 375 149 1171 1172
335 9 2 10 12 46 47 376 73 1173 1174
336 9 2 10 12 256 575 374 1122 1175 1176
337 9 2 10 12 248 346 536 1041 1177 1178
338 9 2 10 12 330 397 611 1179 1102 1180
339 9 2 10 12 288 430 516 1181 695 1182
340 9 2 10 12 387 625 468 1183 1184 1091
341 9 2 10 12 11 539 371 1185 1186 1187
342 9 2 10 12 347 520 452 1188 1143 1189
343 9 2 10 12 225 621 361 1190 1191 767
344 9 2 10 12 280 344 533 935 1192 1193
345 9 2 10 12 227 468 346 1092 1194 1035
346 9 2 10 12 272 410 464 1195 1196 1116
347 9 2 10 12 234 535 473 1197 1198 1004
348 9 2 10 12 605 340 113 917 1199 1200
349 9 2 10 12 604 56 341 1201 1202 920
350 9 2 10 12 274 329 491 1065 1203 1204
351 9 2 10 12 322 473 535 874 1198 1205
352 9 2 10 12 242 527 343 1206 1207 1067
353 9 2 10 12 243 344 528 1208 1209 1210
354 9 2 10 12 273 442 348 1211 1212 965
355 9 2 10 12 250 543 362 1213 1214 1215
356 9 2 10 12 279 427 494 901 1216 1217
357 9 2 10 12 256 356 503 1218 765 1219
358 9 2 10 12 316 431 395 926 1220 725
359 9 2 10 12 266 644 329 1221 1222 859
360 9 2 10 12 304 532 360 704 1223 1224
361 9 2 10 12 268 569 335 1225 981 1226
362 9 2 10 12 256 503 363 1219 979 1120
363 9 2 10 12 243 533 344 1227 1192 1208
364 9 2 10 12 253 414 367 1228 961 699
365 9 2 10 12 20 21 392 35 1229 1230
366 9 2 10 12 281 631 534 1231 1232 1233
367 9 2 10 12 113 340 497 1199 1234 1235
368 9 2 10 12 56 498 341 1236 1237 1202
369 9 2 10 12 268 335 473 1226 1005 873
370 9 2 10 12 573 478 262 1238 1239 941
371 9 2 10 12 347 583 520 1240 1241 1188
372 9 2 10 12 228 411 548 1242 1243 1244
373 9 2 10 12 249 576 393 1245 1246 719
374 9 2 10 12 354 478 573 1247 1238 1248
375 9 2 10 12 257 371 539 1071 1186 1249
376 9 2 10 12 221 597 355 1250 1251 1252
377 9 2 10 12 251 489 368 1253 912 683
378 9 2 10 12 357 633 404 1131 1254 824
379 9 2 10 12 263 345 451 1089 1080 1255
380 9 2 10 12 270 353 622 1256 1257 1258
381 9 2 10 12 269 623 352 1259 1260 1261
382 9 2 10 12 229 369 430 1262 1263 1264
383 9 2 10 12 296 429 450 1265 1266 1267
384 9 2 10 12 238 337 463 1161 872 1268
385 9 2 10 12 304 597 354 1269 1270 702
386 9 2 10 12 263 384 639 1271 1272 1087
387 9 2 10 12 257 539 364 1249 732 1273
388 9 2 10 12 342 478 603 1274 1275 1276
389 9 2 10 12 583 261 520 1277 956 1241
390 9 2 10 12 314 562 531 1278 1026 1279
391 9 2 10 12 315 530 563 1280 1028 1281
392 9 2 10 12 18 19 495 33 1000 1282
393 9 2 10 12 335 637 491 829 1283 784
394 9 2 10 12 285 409 411 1074 1284 1285
395 9 2 10 12 10 212 382 214 1286 1287
396 9 2 10 12 268 426 593 973 1288 1289
397 9 2 10 12 411 529 548 1290 1291 1243
398 9 2 10 12 259 411 409 1292 1284 936
399 9 2 10 12 160 161 396 175 1293 1294
400 9 2 10 12 278 499 365 1295 1296 1297
401 9 2 10 12 221 355 583 1252 1298 1299
402 9 2 10 12 245 354 573 718 1248 1300
403 9 2 10 12 244 572 355 1301 1302 1303
404 9 2 10 12 280 370 477 1145 1136 933
405 9 2 10 12 316 424 549 1304 1305 924
406 9 2 10 12 65 587 565 1306 1307 1308
407 9 2 10 12 110 443 349 1309 1310 1311
408 9 2 10 12 59 350 444 713 1312 1313
409 9 2 10 12 127 663 417 1314 1315 1316
410 9 2 10 12 42 418 664 1317 1318 1319
411 9 2 10 12 205 365 499 1147 1296 1320
412 9 2 10 12 355 597 606 1251 1321 1322
413 9 2 10 12 269 352 457 1261 1323 1324
414 9 2 10 12 282 466 351 1325 1326 1327
415 9 2 10 12 272 427 358 1118 900 1328
416 9 2 10 12 253 346 496 923 1040 1329
417 9 2 10 12 253 545 414 1330 1331 1228
418 9 2 10 12 271 359 438 1098 1332 1333
419 9 2 10 12 316 656 424 793 1334 1304
420 9 2 10 12 226 398 412 1335 1336 1337
421 9 2 10 12 362 543 408 1214 1338 1125
422 9 2 10 12 295 551 567 1339 1018 1340
423 9 2 10 12 22 23 428 37 880 1341
424 9 2 10 12 63 351 466 730 1326 1342
425 9 2 10 12 304 360 606 1224 1343 1344
426 9 2 10 12 244 457 607 1345 1346 1347
427 9 2 10 12 352 607 457 1348 1346 1323
428 9 2 10 12 110 349 667 1311 679 1349
429 9 2 10 12 338 372 659 773 1350 1351
430 9 2 10 12 317 524 553 1352 1353 1354
431 9 2 10 12 231 450 429 1355 1266 1356
432 9 2 10 12 271 384 602 1357 1358 1359
433 9 2 10 12 251 349 618 680 1360 1361
434 9 2 10 12 252 617 350 1362 1363 1025
435 9 2 10 12 244 606 360 1364 1343 1365
436 9 2 10 12 248 397 635 1103 1366 1367
437 9 2 10 12 200 575 363 1368 1121 1369
438 9 2 10 12 356 593 426 1370 1288 1008
439 9 2 10 12 277 370 422 1371 1144 1372
440 9 2 10 12 304 606 597 1344 1321 1269
441 9 2 10 12 260 412 398 1373 1336 1104
442 9 2 10 12 60 61 446 87 877 938
443 9 2 10 12 260 399 412 1374 1375 1373
444 9 2 10 12 118 119 391 145 1376 1377
445 9 2 10 12 50 51 390 77 1378 1379
446 9 2 10 12 339 445 670 865 1380 1381
447 9 2 10 12 300 357 596 1132 1382 1383
448 9 2 10 12 299 432 487 1384 1164 833
449 9 2 10 12 244 355 606 1303 1322 1364
450 9 2 10 12 282 351 536 1327 1385 1386
451 9 2 10 12 217 406 470 1076 1387 1388
452 9 2 10 12 5 448 358 1389 1390 781
453 9 2 10 12 11 12 539 26 737 1185
454 9 2 10 12 108 368 481 971 1012 1391
455 9 2 10 12 258 366 413 1078 1392 1393
456 9 2 10 12 221 603 478 1394 1275 1395
457 9 2 10 12 343 663 476 1396 1397 931
458 9 2 10 12 344 477 664 934 1398 1399
459 9 2 10 12 595 235 474 1400 1016 1401
460 9 2 10 12 126 127 417 153 1316 1402
461 9 2 10 12 42 43 418 69 1403 1317
462 9 2 10 12 112 497 352 1404 1405 1406
463 9 2 10 12 57 353 498 1407 1408 1409
464 9 2 10 12 265 388 581 1410 977 1411
465 9 2 10 12 221 583 603 1299 1412 1394
466 9 2 10 12 343 417 663 1413 1315 1396
467 9 2 10 12 344 664 418 1399 1318 1414
468 9 2 10 12 260 407 399 1108 1415 1374
469 9 2 10 12 94 628 397 1416 1417 1418
470 9 2 10 12 307 485 388 1419 945 1420
471 9 2 10 12 257 385 469 1421 1110 1422
472 9 2 10 12 225 399 407 1423 1415 1424
473 9 2 10 12 313 414 545 1425 1331 1426
474 9 2 10 12 273 366 474 1168 1427 1428
475 9 2 10 12 112 352 623 1406 1260 1429
476 9 2 10 12 57 622 353 1430 1257 1407
477 9 2 10 12 19 20 451 34 1431 1079
478 9 2 10 12 259 430 369 696 1263 1432
479 9 2 10 12 254 395 431 1433 1220 884
480 9 2 10 12 187 453 634 1434 1435 1436
481 9 2 10 12 220 552 431 890 1437 1044
482 9 2 10 12 272 358 448 1328 1390 1438
483 9 2 10 12 272 448 579 1438 1439 1020
484 9 2 10 12 10 382 538 1287 1440 1441
485 9 2 10 12 123 493 375 1442 1443 1171
486 9 2 10 12 46 376 492 1174 1444 1445
487 9 2 10 12 270 580 353 1446 1447 1256
488 9 2 10 12 290 538 382 1448 1440 1449
489 9 2 10 12 158 159 441 173 1450 957
490 9 2 10 12 366 595 474 1077 1401 1427
491 9 2 10 12 20 392 451 1230 1451 1431
492 9 2 10 12 258 413 508 1393 1084 1452
493 9 2 10 12 297 436 437 1453 1454 1455
494 9 2 10 12 278 479 374 1456 1457 1458
495 9 2 10 12 256 593 356 1459 1370 1218
496 9 2 10 12 249 377 521 771 1460 1461
497 9 2 10 12 332 431 552 895 1437 1462
498 9 2 10 12 245 573 608 1300 1463 1464
499 9 2 10 12 244 607 572 1347 1465 1301
500 9 2 10 12 256 374 479 1176 1457 1466
501 9 2 10 12 195 554 467 1467 1468 1066
502 9 2 10 12 248 635 496 1367 1469 1039
503 9 2 10 12 200 363 632 1369 1470 1471
504 9 2 10 12 170 632 363 1472 1470 978
505 9 2 10 12 281 488 631 1473 1474 1231
506 9 2 10 12 162 163 486 177 1475 1001
507 9 2 10 12 366 525 413 1167 1476 1392
508 9 2 10 12 259 369 609 1432 1170 1477
509 9 2 10 12 329 467 554 1064 1468 1123
510 9 2 10 12 223 613 383 1138 1478 673
511 9 2 10 12 258 396 475 1479 1480 1023
512 9 2 10 12 326 523 377 1481 836 770
513 9 2 10 12 244 360 457 1365 1482 1345
514 9 2 10 12 263 392 459 1483 1484 1485
515 9 2 10 12 453 614 634 1486 1487 1435
516 9 2 10 12 265 437 436 1488 1454 1006
517 9 2 10 12 347 603 583 1489 1412 1240
518 9 2 10 12 293 470 406 1490 1387 776
519 9 2 10 12 283 367 669 742 1491 1492
520 9 2 10 12 275 519 515 1493 1494 1495
521 9 2 10 12 2 370 456 1014 1496 1497
522 9 2 10 12 120 121 435 147 798 1498
523 9 2 10 12 48 49 434 75 1499 799
524 9 2 10 12 201 374 575 1149 1175 1500
525 9 2 10 12 64 65 565 91 1308 723
526 9 2 10 12 94 95 628 100 1062 1416
527 9 2 10 12 277 601 456 1059 1501 1502
528 9 2 10 12 278 374 499 1458 1503 1295
529 9 2 10 12 277 456 370 1502 1496 1371
530 9 2 10 12 13 445 364 1504 1505 734
531 9 2 10 12 324 515 519 1506 1494 811
532 9 2 10 12 257 364 636 1273 1507 1508
533 9 2 10 12 284 459 392 1509 1484 1510
534 9 2 10 12 263 423 384 1511 1512 1271
535 9 2 10 12 249 521 365 1461 1513 1042
536 9 2 10 12 284 361 459 818 1514 1509
537 9 2 10 12 303 553 524 1515 1353 693
538 9 2 10 12 267 412 399 1516 1375 1517
539 9 2 10 12 251 618 379 1361 1518 735
540 9 2 10 12 252 380 617 677 1519 1362
541 9 2 10 12 247 462 471 1520 1521 1522
542 9 2 10 12 274 362 467 1523 897 1063
543 9 2 10 12 11 371 640 1187 1524 1525
544 9 2 10 12 222 458 377 729 1526 835
545 9 2 10 12 278 365 521 1297 1513 1527
546 9 2 10 12 258 508 396 1452 1528 1479
547 9 2 10 12 106 669 367 1529 1491 960
548 9 2 10 12 235 440 586 1530 1531 947
549 9 2 10 12 310 471 462 1532 1521 1533
550 9 2 10 12 342 419 478 1107 1534 1274
551 9 2 10 12 161 475 396 1535 1480 1293
552 9 2 10 12 384 423 602 1512 1536 1358
553 9 2 10 12 232 502 656 1537 1538 792
554 9 2 10 12 264 636 445 1539 1540 864
555 9 2 10 12 9 499 374 1541 1503 1148
556 9 2 10 12 161 162 475 176 1049 1535
557 9 2 10 12 618 269 518 1542 1543 1544
558 9 2 10 12 330 565 587 1545 1307 1546
559 9 2 10 12 119 589 391 1547 1548 1376
560 9 2 10 12 50 390 588 1379 1549 1550
561 9 2 10 12 238 463 555 1268 1551 1552
562 9 2 10 12 305 391 589 1553 1548 1554
563 9 2 10 12 306 588 390 1555 1549 1556
564 9 2 10 12 274 594 362 1557 1558 1523
565 9 2 10 12 639 472 239 1559 1560 1561
566 9 2 10 12 379 618 518 1518 1544 1562
567 9 2 10 12 299 400 432 1563 1564 1384
568 9 2 10 12 270 622 444 1258 1565 1566
569 9 2 10 12 269 443 623 1567 1568 1259
570 9 2 10 12 291 396 508 1569 1528 1570
571 9 2 10 12 267 399 487 1517 1571 1163
572 9 2 10 12 257 661 382 1572 1573 1112
573 9 2 10 12 264 571 385 837 1574 1575
574 9 2 10 12 250 362 594 1215 1558 1576
575 9 2 10 12 231 388 455 1577 1578 1579
576 9 2 10 12 371 599 640 1070 1580 1524
577 9 2 10 12 116 117 484 143 791 1581
578 9 2 10 12 52 53 483 79 1582 788
579 9 2 10 12 229 574 369 1583 1584 1262
580 9 2 10 12 263 459 423 1485 1585 1511
581 9 2 10 12 213 640 599 1586 1580 1587
582 9 2 10 12 207 538 381 1588 1589 1090
583 9 2 10 12 236 541 547 1590 747 1591
584 9 2 10 12 337 519 613 1160 1592 1140
585 9 2 10 12 299 361 546 834 870 1593
586 9 2 10 12 384 472 639 1594 1559 1272
587 9 2 10 12 364 445 636 1505 1540 1507
588 9 2 10 12 373 580 627 1595 1596 1597
589 9 2 10 12 54 55 420 81 1598 1599
590 9 2 10 12 114 115 421 141 1600 1601
591 9 2 10 12 271 472 384 1602 1594 1357
592 9 2 10 12 267 470 460 1603 1604 1605
593 9 2 10 12 292 369 574 995 1584 1606
594 9 2 10 12 295 401 449 1159 1607 1608
595 9 2 10 12 296 450 402 1267 1609 1156
596 9 2 10 12 312 442 474 1610 1611 1015
597 9 2 10 12 270 627 580 1612 1596 1446
598 9 2 10 12 200 201 575 203 1500 1368
599 9 2 10 12 273 398 525 967 1613 1166
600 9 2 10 12 255 454 652 915 1614 1615
601 9 2 10 12 298 568 425 1115 1616 1050
602 9 2 10 12 425 568 590 1616 1617 1618
603 9 2 10 12 336 592 510 1153 1619 1620
604 9 2 10 12 310 534 631 1621 1232 1622
605 9 2 10 12 341 608 573 1623 1463 940
606 9 2 10 12 340 572 607 943 1465 1624
607 9 2 10 12 360 532 660 1223 1625 1626
608 9 2 10 12 226 412 460 1337 1627 1628
609 9 2 10 12 263 451 392 1255 1451 1483
610 9 2 10 12 265 455 388 745 1578 1410
611 9 2 10 12 429 566 624 1629 1630 1631
612 9 2 10 12 285 411 464 1285 1632 1633
613 9 2 10 12 274 491 637 1204 1283 1634
614 9 2 10 12 224 627 380 1635 1636 708
615 9 2 10 12 290 381 538 1637 1589 1448
616 9 2 10 12 217 432 400 1638 1564 1639
617 9 2 10 12 122 375 500 1172 1640 1641
618 9 2 10 12 47 501 376 1642 1643 1173
619 9 2 10 12 319 421 642 844 1644 1645
620 9 2 10 12 318 641 420 1646 1647 846
621 9 2 10 12 346 468 536 1194 1648 1177
622 9 2 10 12 228 464 411 1649 1632 1242
623 9 2 10 12 228 427 464 1650 1117 1649
624 9 2 10 12 339 555 463 1651 1551 1162
625 9 2 10 12 282 625 550 1652 1653 1654
626 9 2 10 12 268 386 569 1655 1656 1225
627 9 2 10 12 230 437 596 1657 1658 1659
628 9 2 10 12 351 611 536 1660 1661 1385
629 9 2 10 12 273 474 442 1428 1611 1211
630 9 2 10 12 257 636 385 1508 1662 1421
631 9 2 10 12 296 566 429 1663 1629 1265
632 9 2 10 12 267 460 412 1605 1627 1516
633 9 2 10 12 270 444 617 1566 1664 1665
634 9 2 10 12 269 618 443 1542 1666 1567
635 9 2 10 12 250 594 523 1576 1667 1668
636 9 2 10 12 343 527 417 1207 1669 1413
637 9 2 10 12 344 418 528 1414 1670 1209
638 9 2 10 12 437 581 596 1671 1672 1658
639 9 2 10 12 233 630 505 1673 891 1674
640 9 2 10 12 232 504 629 1675 894 1676
641 9 2 10 12 360 660 518 1626 1677 1678
642 9 2 10 12 305 615 391 1679 1680 1553
643 9 2 10 12 275 543 383 1681 1682 1683
644 9 2 10 12 224 379 518 707 1562 1684
645 9 2 10 12 377 458 521 1526 1685 1460
646 9 2 10 12 245 580 532 1686 1687 717
647 9 2 10 12 109 110 667 136 1349 832
648 9 2 10 12 223 385 571 1111 1574 1146
649 9 2 10 12 286 449 401 1688 1607 1689
650 9 2 10 12 287 402 450 1690 1609 1691
651 9 2 10 12 350 617 444 1363 1664 1312
652 9 2 10 12 349 443 618 1310 1666 1360
653 9 2 10 12 342 603 452 1276 1692 1047
654 9 2 10 12 221 478 597 1395 1693 1250
655 9 2 10 12 257 469 661 1422 1694 1572
656 9 2 10 12 378 523 594 807 1667 1695
657 9 2 10 12 164 165 524 179 692 1696
658 9 2 10 12 254 391 615 1697 1680 1698
659 9 2 10 12 373 532 580 1699 1687 1595
660 9 2 10 12 272 610 410 1129 1700 1195
661 9 2 10 12 278 458 479 1701 805 1456
662 9 2 10 12 306 454 505 1702 1703 1704
663 9 2 10 12 229 430 513 1264 1705 1706
664 9 2 10 12 375 493 567 1443 1707 1708
665 9 2 10 12 376 566 492 1709 1710 1444
666 9 2 10 12 4 104 564 130 1711 1712
667 9 2 10 12 274 637 594 1634 1713 1557
668 9 2 10 12 262 478 419 1239 1534 738
669 9 2 10 12 224 660 627 1714 1715 1635
670 9 2 10 12 58 59 444 85 1313 1716
671 9 2 10 12 110 111 443 137 1717 1309
672 9 2 10 12 321 517 389 676 686 774
673 9 2 10 12 354 597 478 1270 1693 1247
674 9 2 10 12 222 569 386 982 1656 727
675 9 2 10 12 228 548 494 1244 1718 1719
676 9 2 10 12 256 479 386 1466 804 1720
677 9 2 10 12 252 387 517 780 697 678
678 9 2 10 12 121 122 500 148 1641 796
679 9 2 10 12 47 48 501 74 801 1642
680 9 2 10 12 290 382 661 1449 1573 1721
681 9 2 10 12 251 389 489 775 1722 1253
682 9 2 10 12 248 536 611 1178 1661 1101
683 9 2 10 12 237 510 592 1723 1619 1724
684 9 2 10 12 233 505 454 1674 1703 760
685 9 2 10 12 5 157 448 171 1725 1389
686 9 2 10 12 249 381 576 1043 1726 1245
687 9 2 10 12 4 564 97 1712 755 103
688 9 2 10 12 338 494 548 1727 1718 1081
689 9 2 10 12 224 518 660 1684 1677 1714
690 9 2 10 12 275 613 519 1728 1592 1493
691 9 2 10 12 317 553 440 1354 1729 1730
692 9 2 10 12 256 386 593 1720 1731 1459
693 9 2 10 12 165 166 447 180 1732 689
694 9 2 10 12 323 549 424 1119 1305 794
695 9 2 10 12 375 567 560 1708 1733 1734
696 9 2 10 12 376 561 566 1735 1736 1709
697 9 2 10 12 246 560 567 1737 1733 1095
698 9 2 10 12 247 566 561 1738 1736 1739
699 9 2 10 12 281 424 656 1740 1334 1741
700 9 2 10 12 284 392 522 1510 1742 1743
701 9 2 10 12 291 544 396 1744 1745 1569
702 9 2 10 12 275 383 613 1683 1478 1728
703 9 2 10 12 51 52 512 78 754 1746
704 9 2 10 12 117 118 511 144 1747 749
705 9 2 10 12 13 14 445 28 1748 1504
706 9 2 10 12 320 472 438 1749 1750 1751
707 9 2 10 12 277 403 592 1752 1753 1152
708 9 2 10 12 290 469 393 1754 1137 1755
709 9 2 10 12 227 584 389 1756 1757 688
710 9 2 10 12 217 400 516 1639 1758 1759
711 9 2 10 12 288 516 400 1182 1758 1760
712 9 2 10 12 336 510 428 1620 1761 879
713 9 2 10 12 290 576 381 1762 1726 1637
714 9 2 10 12 378 594 637 1695 1713 983
715 9 2 10 12 293 460 470 1763 1604 1490
716 9 2 10 12 282 550 466 1654 1764 1325
717 9 2 10 12 217 470 432 1388 1765 1638
718 9 2 10 12 348 442 619 1212 1766 1767
719 9 2 10 12 54 420 641 1599 1647 1768
720 9 2 10 12 115 642 421 1769 1644 1600
721 9 2 10 12 61 62 550 88 1770 1105
722 9 2 10 12 285 464 410 1633 1196 1771
723 9 2 10 12 373 627 660 1597 1715 1772
724 9 2 10 12 229 648 422 1773 1774 809
725 9 2 10 12 160 396 544 1294 1745 1775
726 9 2 10 12 21 522 392 1776 1742 1229
727 9 2 10 12 225 407 602 1424 1777 1778
728 9 2 10 12 306 390 652 1556 1779 1780
729 9 2 10 12 118 391 511 1377 1781 1747
730 9 2 10 12 51 512 390 1746 1782 1378
731 9 2 10 12 225 487 399 769 1571 1423
732 9 2 10 12 264 385 636 1575 1662 1539
733 9 2 10 12 259 609 529 1477 1783 1784
734 9 2 10 12 125 506 401 1785 1786 1094
735 9 2 10 12 44 402 507 1093 1787 1788
736 9 2 10 12 309 488 502 1056 1789 1790
737 9 2 10 12 231 626 388 1791 1792 1577
738 9 2 10 12 331 625 387 1793 1183 779
739 9 2 10 12 55 56 604 82 1201 1794
740 9 2 10 12 113 114 605 140 1795 1200
741 9 2 10 12 330 612 397 1796 1797 1179
742 9 2 10 12 271 438 472 1333 1750 1602
743 9 2 10 12 280 533 394 1193 1798 714
744 9 2 10 12 16 17 540 31 1799 954
745 9 2 10 12 2 456 24 1497 1800 39
746 9 2 10 12 286 401 506 1689 1786 1801
747 9 2 10 12 287 507 402 1802 1787 1690
748 9 2 10 12 228 494 427 1719 1216 1650
749 9 2 10 12 212 599 382 1803 1113 1286
750 9 2 10 12 283 669 481 1492 1804 1011
751 9 2 10 12 212 213 599 215 1587 1803
752 9 2 10 12 281 502 488 1805 1789 1473
753 9 2 10 12 390 650 652 1806 1807 1779
754 9 2 10 12 282 468 625 1808 1184 1652
755 9 2 10 12 268 593 386 1289 1731 1655
756 9 2 10 12 650 255 652 1809 1615 1807
757 9 2 10 12 3 587 65 1810 1306 92
758 9 2 10 12 62 63 466 89 1342 1811
759 9 2 10 12 255 531 537 1812 1813 914
760 9 2 10 12 232 395 643 726 1814 1815
761 9 2 10 12 106 107 669 133 1816 1529
762 9 2 10 12 307 388 626 1420 1792 1817
763 9 2 10 12 423 459 621 1585 1818 1819
764 9 2 10 12 94 397 612 1418 1797 1820
765 9 2 10 12 23 24 601 38 1821 1150
766 9 2 10 12 254 649 391 1822 1823 1697
767 9 2 10 12 15 16 480 30 952 1824
768 9 2 10 12 288 403 513 1825 1826 1827
769 9 2 10 12 325 557 540 1828 1829 1830
770 9 2 10 12 266 465 644 1831 1832 1221
771 9 2 10 12 237 546 510 1833 869 1723
772 9 2 10 12 111 112 623 138 1429 1834
773 9 2 10 12 57 58 622 84 1835 1430
774 9 2 10 12 3 93 587 98 1836 1810
775 9 2 10 12 229 394 574 810 1837 1583
776 9 2 10 12 299 665 400 1838 1839 1563
777 9 2 10 12 345 639 653 1088 1840 1841
778 9 2 10 12 333 537 531 964 1813 813
779 9 2 10 12 275 515 408 1495 1154 1842
780 9 2 10 12 226 525 398 1843 1613 1335
781 9 2 10 12 291 508 620 1570 1844 1845
782 9 2 10 12 128 129 476 155 868 1846
783 9 2 10 12 40 41 477 67 1847 1135
784 9 2 10 12 292 574 394 1606 1837 1848
785 9 2 10 12 167 426 654 1134 1849 1850
786 9 2 10 12 359 638 438 1851 1852 1332
787 9 2 10 12 293 541 585 748 1853 1854
788 9 2 10 12 107 108 481 134 1391 1855
789 9 2 10 12 157 158 579 172 1133 1856
790 9 2 10 12 292 394 570 1848 1857 1858
791 9 2 10 12 283 584 405 1859 1860 741
792 9 2 10 12 267 432 470 1165 1765 1603
793 9 2 10 12 275 408 543 1842 1338 1681
794 9 2 10 12 285 547 406 1861 777 1072
795 9 2 10 12 217 516 409 1759 937 1075
796 9 2 10 12 471 631 655 1862 1863 1864
797 9 2 10 12 237 403 542 1865 1866 1867
798 9 2 10 12 288 400 542 1760 1868 1869
799 9 2 10 12 331 550 625 1106 1653 1793
800 9 2 10 12 326 666 523 684 1870 1481
801 9 2 10 12 229 513 648 1706 1871 1773
802 9 2 10 12 288 542 403 1869 1866 1825
803 9 2 10 12 43 44 507 70 1788 1872
804 9 2 10 12 125 126 506 152 1873 1785
805 9 2 10 12 310 631 471 1622 1862 1532
806 9 2 10 12 112 113 497 139 1235 1404
807 9 2 10 12 56 57 498 83 1409 1236
808 9 2 10 12 254 615 395 1698 1874 1433
809 9 2 10 12 297 577 646 1875 1876 1877
810 9 2 10 12 186 668 187 1878 1879 190
811 9 2 10 12 285 410 547 1771 1880 1861
812 9 2 10 12 226 413 525 997 1476 1843
813 9 2 10 12 288 513 430 1827 1705 1181
814 9 2 10 12 327 620 508 1881 1844 1083
815 9 2 10 12 126 417 506 1402 1882 1873
816 9 2 10 12 43 507 418 1872 1883 1403
817 9 2 10 12 360 518 457 1678 1884 1482
818 9 2 10 12 259 529 411 1784 1290 1292
819 9 2 10 12 286 506 417 1801 1882 1885
820 9 2 10 12 287 418 507 1886 1883 1802
821 9 2 10 12 290 393 576 1755 1246 1762
822 9 2 10 12 372 646 577 1887 1876 1888
823 9 2 10 12 286 417 527 1885 1669 1889
824 9 2 10 12 287 528 418 1890 1670 1886
825 9 2 10 12 45 46 492 72 1445 902
826 9 2 10 12 123 124 493 150 907 1442
827 9 2 10 12 286 527 415 1889 1891 1892
828 9 2 10 12 287 416 528 1893 1894 1890
829 9 2 10 12 295 567 493 1340 1707 1158
830 9 2 10 12 296 492 566 1157 1710 1663
831 9 2 10 12 233 424 534 759 1895 1896
832 9 2 10 12 225 602 423 1778 1536 1897
833 9 2 10 12 311 540 557 953 1829 1898
834 9 2 10 12 242 415 527 1899 1891 1206
835 9 2 10 12 243 528 416 1210 1894 1029
836 9 2 10 12 308 628 514 1900 1061 1901
837 9 2 10 12 328 600 595 1902 1903 841
838 9 2 10 12 320 634 614 1904 1487 1905
839 9 2 10 12 9 205 499 208 1320 1541
840 9 2 10 12 21 22 522 36 1906 1776
841 9 2 10 12 227 405 584 1036 1860 1756
842 9 2 10 12 284 428 510 1907 1761 816
843 9 2 10 12 236 547 410 1591 1880 1908
844 9 2 10 12 345 653 495 1841 1909 999
845 9 2 10 12 237 592 403 1724 1753 1865
846 9 2 10 12 219 404 633 1034 1254 1910
847 9 2 10 12 322 447 654 1911 1912 1913
848 9 2 10 12 22 428 522 1341 1914 1906
849 9 2 10 12 327 585 541 910 1853 1915
850 9 2 10 12 277 648 403 1916 1917 1752
851 9 2 10 12 305 435 504 1918 1919 1920
852 9 2 10 12 306 505 434 1704 1921 1922
853 9 2 10 12 247 624 566 1923 1630 1738
854 9 2 10 12 284 522 428 1743 1914 1907
855 9 2 10 12 187 668 453 1879 1924 1434
856 9 2 10 12 128 476 663 1846 1397 1925
857 9 2 10 12 41 664 477 1926 1398 1847
858 9 2 10 12 319 563 520 1927 1928 955
859 9 2 10 12 302 434 505 987 1921 851
860 9 2 10 12 301 504 435 856 1919 984
861 9 2 10 12 250 666 543 1929 1930 1213
862 9 2 10 12 281 534 424 1233 1895 1740
863 9 2 10 12 14 670 445 1931 1380 1748
864 9 2 10 12 322 654 426 1913 1849 972
865 9 2 10 12 334 441 526 958 1932 1933
866 9 2 10 12 276 482 614 1934 1935 1936
867 9 2 10 12 188 634 438 1937 1938 1939
868 9 2 10 12 309 645 404 1940 822 1055
869 9 2 10 12 271 602 407 1359 1777 1096
870 9 2 10 12 234 465 535 1941 1942 1197
871 9 2 10 12 295 449 551 1608 1943 1339
872 9 2 10 12 269 457 518 1324 1884 1543
873 9 2 10 12 105 414 591 1151 1944 1945
874 9 2 10 12 328 486 600 1002 1946 1902
875 9 2 10 12 235 600 440 1947 1948 1530
876 9 2 10 12 383 543 666 1682 1930 671
877 9 2 10 12 242 577 415 1949 1950 1899
878 9 2 10 12 10 538 207 1441 1588 211
879 9 2 10 12 194 598 439 1951 1952 1953
880 9 2 10 12 241 520 563 1141 1928 1027
881 9 2 10 12 334 526 610 1933 1954 1128
882 9 2 10 12 289 609 433 1955 1169 1956
883 9 2 10 12 159 160 544 174 1775 1957
884 9 2 10 12 166 654 447 1958 1912 1732
885 9 2 10 12 236 410 610 1908 1700 1959
886 9 2 10 12 218 646 578 1960 1961 1962
887 9 2 10 12 313 591 414 1963 1944 1425
888 9 2 10 12 322 535 447 1205 1964 1911
889 9 2 10 12 298 416 556 1051 1965 1966
890 9 2 10 12 297 415 577 1967 1950 1875
891 9 2 10 12 339 670 480 1381 1968 1969
892 9 2 10 12 230 596 551 1659 1970 1971
893 9 2 10 12 320 662 472 1972 1973 1749
894 9 2 10 12 347 452 603 1189 1692 1489
895 9 2 10 12 193 442 598 1974 1975 1976
896 9 2 10 12 297 558 415 1977 1978 1967
897 9 2 10 12 194 439 554 1953 1124 1979
898 9 2 10 12 6 632 170 1980 1472 185
899 9 2 10 12 6 200 632 202 1471 1980
900 9 2 10 12 231 658 450 1981 1982 1355
901 9 2 10 12 230 449 657 1983 1984 1985
902 9 2 10 12 292 425 590 1986 1618 1987
903 9 2 10 12 303 535 465 1988 1942 1989
904 9 2 10 12 357 551 596 1019 1970 1382
905 9 2 10 12 49 588 434 1990 1991 1499
906 9 2 10 12 120 435 589 1498 1992 1993
907 9 2 10 12 389 584 489 1757 1994 1722
908 9 2 10 12 291 526 441 1995 1932 1996
909 9 2 10 12 1 640 213 1997 1586 216
910 9 2 10 12 1 11 640 25 1525 1997
911 9 2 10 12 193 619 442 1998 1766 1974
912 9 2 10 12 279 494 509 1217 1999 1037
913 9 2 10 12 372 578 646 772 1961 1887
914 9 2 10 12 194 554 195 1979 1467 198
915 9 2 10 12 292 570 425 1858 2000 1986
916 9 2 10 12 306 434 588 1922 1991 1555
917 9 2 10 12 305 589 435 1554 1992 1918
918 9 2 10 12 320 438 634 1751 1938 1904
919 9 2 10 12 243 425 570 1031 2000 2001
920 9 2 10 12 317 440 600 1730 1948 2002
921 9 2 10 12 188 438 638 1939 1852 2003
922 9 2 10 12 338 509 494 2004 1999 1727
923 9 2 10 12 261 583 572 1277 2005 942
924 9 2 10 12 104 105 591 131 1945 2006
925 9 2 10 12 236 610 526 1959 1954 2007
926 9 2 10 12 238 555 490 1552 2008 761
927 9 2 10 12 49 50 588 76 1550 1990
928 9 2 10 12 119 120 589 146 1993 1547
929 9 2 10 12 218 578 433 1962 2009 2010
930 9 2 10 12 303 447 535 690 1964 1988
931 9 2 10 12 312 439 598 2011 1952 2012
932 9 2 10 12 15 480 670 1824 1968 2013
933 9 2 10 12 278 521 458 1527 1685 1701
934 9 2 10 12 482 662 614 2014 2015 1935
935 9 2 10 12 231 455 556 1579 2016 2017
936 9 2 10 12 355 572 583 1302 2005 1298
937 9 2 10 12 239 472 662 1560 1973 2018
938 9 2 10 12 218 590 568 2019 1617 2020
939 9 2 10 12 312 598 442 2012 1975 1610
940 9 2 10 12 291 441 544 1996 2021 1744
941 9 2 10 12 292 590 433 1987 2022 993
942 9 2 10 12 159 544 441 1957 2021 1450
943 9 2 10 12 115 116 642 142 2023 1769
944 9 2 10 12 53 54 641 80 1768 2024
945 9 2 10 12 114 421 605 1601 1099 1795
946 9 2 10 12 55 604 420 1794 1100 1598
947 9 2 10 12 286 415 657 1892 2025 2026
948 9 2 10 12 287 658 416 2027 2028 1893
949 9 2 10 12 41 42 664 68 1319 1926
950 9 2 10 12 127 128 663 154 1925 1314
951 9 2 10 12 17 18 647 32 2029 2030
952 9 2 10 12 93 94 612 99 1820 2031
953 9 2 10 12 163 164 651 178 2032 2033
954 9 2 10 12 218 568 436 2020 1007 2034
955 9 2 10 12 277 422 648 1372 1774 1916
956 9 2 10 12 289 548 529 1082 1291 2035
957 9 2 10 12 14 15 670 29 2013 1931
958 9 2 10 12 193 598 194 1976 1951 197
959 9 2 10 12 166 167 654 181 1850 1958
960 9 2 10 12 282 536 468 1386 1648 1808
961 9 2 10 12 311 490 555 2036 2008 2037
962 9 2 10 12 225 423 621 1897 1819 1190
963 9 2 10 12 266 586 440 2038 1531 2039
964 9 2 10 12 266 440 553 2039 1729 2040
965 9 2 10 12 289 433 578 1956 2009 709
966 9 2 10 12 325 482 557 2041 2042 1828
967 9 2 10 12 297 437 558 1455 2043 1977
968 9 2 10 12 253 496 545 1329 2044 1330
969 9 2 10 12 293 585 460 1854 2045 1763
970 9 2 10 12 230 657 558 1985 2046 2047
971 9 2 10 12 231 556 658 2017 2048 1981
972 9 2 10 12 332 552 582 1462 2049 881
973 9 2 10 12 8 619 193 2050 1998 196
974 9 2 10 12 231 429 626 1356 2051 1791
975 9 2 10 12 308 514 545 1901 2052 2053
976 9 2 10 12 276 490 557 858 2054 2055
977 9 2 10 12 313 545 514 1426 2052 988
978 9 2 10 12 308 635 628 2056 2057 1900
979 9 2 10 12 297 646 436 1877 2058 1453
980 9 2 10 12 187 634 188 1436 1937 191
981 9 2 10 12 230 558 437 2047 2043 1657
982 9 2 10 12 8 188 638 192 2003 2059
983 9 2 10 12 397 628 635 1417 2057 1366
984 9 2 10 12 230 551 449 1971 1943 1983
985 9 2 10 12 298 556 455 1966 2016 1114
986 9 2 10 12 218 433 590 2010 2022 2019
987 9 2 10 12 294 582 552 2060 2049 974
988 9 2 10 12 373 660 532 1772 1625 1699
989 9 2 10 12 283 489 584 913 1994 1859
990 9 2 10 12 308 545 496 2053 2044 2061
991 9 2 10 12 241 582 452 882 2062 1142
992 9 2 10 12 235 595 600 1400 1903 1947
993 9 2 10 12 62 466 550 1811 1764 1770
994 9 2 10 12 307 626 429 1817 2051 2063
995 9 2 10 12 338 659 509 1351 2064 2004
996 9 2 10 12 290 661 469 1721 1694 1754
997 9 2 10 12 246 461 560 2065 2066 1737
998 9 2 10 12 247 561 462 1739 2067 1520
999 9 2 10 12 266 553 465 2040 2068 1831
1000 9 2 10 12 265 581 437 1411 1671 1488
1001 9 2 10 12 353 580 608 1447 2069 2070
1002 9 2 10 12 239 653 639 2071 1840 1561
1003 9 2 10 12 307 429 624 2063 1631 2072
1004 9 2 10 12 250 523 666 1668 1870 1929
1005 9 2 10 12 242 509 659 1068 2064 2073
1006 9 2 10 12 245 608 580 1464 2069 1686
1007 9 2 10 12 306 652 454 1780 1614 1702
1008 9 2 10 12 157 579 448 1856 1439 1725
1009 9 2 10 12 394 533 570 1798 2074 1857
1010 9 2 10 12 318 562 483 787 2075 2076
1011 9 2 10 12 319 484 563 2077 2078 1927
1012 9 2 10 12 301 560 461 2079 2066 854
1013 9 2 10 12 302 462 561 853 2067 2080
1014 9 2 10 12 243 570 533 2001 2074 1227
1015 9 2 10 12 236 526 620 2007 2081 2082
1016 9 2 10 12 339 480 555 1969 2083 1651
1017 9 2 10 12 218 436 646 2034 2058 1960
1018 9 2 10 12 276 557 482 2055 2042 1934
1019 9 2 10 12 294 452 582 1048 2062 2060
1020 9 2 10 12 391 649 511 1823 2084 1781
1021 9 2 10 12 390 512 650 1782 2085 1806
1022 9 2 10 12 312 586 439 948 2086 2011
1023 9 2 10 12 311 555 480 2037 2083 951
1024 9 2 10 12 236 620 541 2082 2087 1590
1025 9 2 10 12 311 557 490 1898 2054 2036
1026 9 2 10 12 308 496 635 2061 1469 2056
1027 9 2 10 12 314 483 562 789 2075 1278
1028 9 2 10 12 315 563 484 1281 2078 790
1029 9 2 10 12 303 465 553 1989 2068 1515
1030 9 2 10 12 375 560 500 1734 2088 1640
1031 9 2 10 12 376 501 561 1643 2089 1735
1032 9 2 10 12 226 460 585 1628 2045 996
1033 9 2 10 12 270 617 627 1665 2090 1612
1034 9 2 10 12 111 623 443 1834 1568 1717
1035 9 2 10 12 58 444 622 1716 1565 1835
1036 9 2 10 12 239 482 653 2091 2092 2071
1037 9 2 10 12 53 641 483 2024 2093 1582
1038 9 2 10 12 116 484 642 1581 2094 2023
1039 9 2 10 12 234 644 465 2095 1832 1941
1040 9 2 10 12 361 621 459 1191 1818 1514
1041 9 2 10 12 380 627 617 1636 2090 1519
1042 9 2 10 12 318 483 641 2076 2093 1646
1043 9 2 10 12 319 642 484 1645 2094 2077
1044 9 2 10 12 301 500 560 985 2088 2079
1045 9 2 10 12 302 561 501 2080 2089 986
1046 9 2 10 12 266 439 586 861 2086 2038
1047 9 2 10 12 24 456 601 1800 1501 1821
1048 9 2 10 12 237 542 665 1867 2096 2097
1049 9 2 10 12 286 657 449 2026 1984 1688
1050 9 2 10 12 287 450 658 1691 1982 2027
1051 9 2 10 12 246 645 461 862 2098 2065
1052 9 2 10 12 300 596 581 1383 1672 976
1053 9 2 10 12 317 651 524 2099 2100 1352
1054 9 2 10 12 237 665 546 2097 2101 1833
1055 9 2 10 12 307 471 655 2102 1864 2103
1056 9 2 10 12 325 653 482 2104 2092 2041
1057 9 2 10 12 325 540 647 1830 2105 2106
1058 9 2 10 12 317 486 651 2107 2108 2099
1059 9 2 10 12 291 620 526 1845 2081 1995
1060 9 2 10 12 317 600 486 2002 1946 2107
1061 9 2 10 12 307 624 471 2072 2109 2102
1062 9 2 10 12 309 461 645 2110 2098 1940
1063 9 2 10 12 309 629 461 2111 893 2110
1064 9 2 10 12 310 462 630 1533 892 2112
1065 9 2 10 12 276 614 453 1936 1486 1126
1066 9 2 10 12 233 534 630 1896 2113 1673
1067 9 2 10 12 247 471 624 1522 2109 1923
1068 9 2 10 12 219 633 485 1910 2114 2115
1069 9 2 10 12 305 504 643 1920 2116 2117
1070 9 2 10 12 324 453 668 1127 1924 2118
1071 9 2 10 12 234 491 644 785 2119 2095
1072 9 2 10 12 403 648 513 1917 1871 1826
1073 9 2 10 12 307 655 485 2103 2120 1419
1074 9 2 10 12 352 497 607 1405 2121 1348
1075 9 2 10 12 353 608 498 2070 2122 1408
1076 9 2 10 12 300 485 633 946 2114 1130
1077 9 2 10 12 164 524 651 1696 2100 2032
1078 9 2 10 12 340 607 497 1624 2121 1234
1079 9 2 10 12 341 498 608 1237 2122 1623
1080 9 2 10 12 219 655 631 2123 1863 2124
1081 9 2 10 12 232 643 504 1815 2116 1675
1082 9 2 10 12 163 651 486 2033 2108 1475
1083 9 2 10 12 17 647 540 2030 2105 1799
1084 9 2 10 12 219 631 488 2124 1474 1032
1085 9 2 10 12 239 662 482 2018 2014 2091
1086 9 2 10 12 186 515 668 1155 2125 1878
1087 9 2 10 12 309 502 629 1790 2126 2111
1088 9 2 10 12 329 644 491 1222 2119 1203
1089 9 2 10 12 325 495 653 2127 1909 2104
1090 9 2 10 12 325 647 495 2106 2128 2127
1091 9 2 10 12 219 485 655 2115 2120 2123
1092 9 2 10 12 289 529 609 2035 1783 1955
1093 9 2 10 12 107 481 669 1855 1804 1816
1094 9 2 10 12 232 629 502 1676 2126 1537
1095 9 2 10 12 330 587 612 1546 2129 1796
1096 9 2 10 12 310 630 534 2112 2113 1621
1097 9 2 10 12 104 591 564 2006 2130 1711
1098 9 2 10 12 313 564 591 989 2130 1963
1099 9 2 10 12 315 511 649 750 2084 2131
1100 9 2 10 12 314 650 512 2132 2085 753
1101 9 2 10 12 281 656 502 1741 1538 1805
1102 9 2 10 12 18 495 647 1282 2128 2029
1103 9 2 10 12 327 541 620 1915 2087 1881
1104 9 2 10 12 93 612 587 2031 2129 1836
1105 9 2 10 12 254 530 649 883 2133 1822
1106 9 2 10 12 255 650 531 1809 2134 1812
1107 9 2 10 12 315 649 530 2131 2133 1280
1108 9 2 10 12 314 531 650 1279 2134 2132
1109 9 2 10 12 324 668 515 2118 2125 1506
1110 9 2 10 12 351 565 611 731 2135 1660
1111 9 2 10 12 8 638 616 2059 2136 2137
1112 9 2 10 12 330 611 565 1180 2135 1545
1113 9 2 10 12 400 665 542 1839 2096 1868
1114 9 2 10 12 242 659 577 2073 2138 1949
1115 9 2 10 12 372 577 659 1888 2138 1350
1116 9 2 10 12 8 616 619 2137 2139 2050
1117 9 2 10 12 299 546 665 1593 2101 1838
1118 9 2 10 12 416 658 556 2028 2048 1965
1119 9 2 10 12 415 558 657 1978 2046 2025
1120 9 2 10 12 359 616 638 1085 2136 1851
1121 9 2 10 12 305 643 615 2117 2140 1679
1122 9 2 10 12 348 619 616 1767 2139 1053
1123 9 2 10 12 395 615 643 1874 2140 1814
1124 9 2 10 12 320 614 662 1905 2015 1972
$EndElements
