# vtk DataFile Version 3.0
    
ASCII
DATASET UNSTRUCTURED_GRID
POINTS 1985 float
0 0 0
1.5 0 0
5 0 0
5 1 0
1.5 1 0
0 1 0
0.6 0.49 0
0.8 0.49 0
0 0.7 0
0 0.3 0
0.1 0 0
0.2 0 0
0.3 0 0
0.4 0 0
0.5 0 0
0.6 0 0
0.7 0 0
0.8 0 0
0.9 0 0
1 0 0
1.1 0 0
1.2 0 0
1.3 0 0
1.4 0 0
0.05 0 0
0.15 0 0
0.25 0 0
0.35 0 0
0.45 0 0
0.55 0 0
0.65 0 0
0.75 0 0
0.85 0 0
0.95 0 0
1.05 0 0
1.15 0 0
1.25 0 0
1.35 0 0
1.45 0 0
1.5984 0 0
1.69956 0 0
1.80357 0 0
1.91051 0 0
2.02044 0 0
2.13347 0 0
2.24968 0 0
2.36916 0 0
2.49199 0 0
2.61828 0 0
2.74812 0 0
2.8816 0 0
3.01884 0 0
3.15994 0 0
3.30501 0 0
3.45415 0 0
3.60749 0 0
3.76514 0 0
3.92722 0 0
4.09385 0 0
4.26518 0 0
4.44131 0 0
4.6224 0 0
4.80858 0 0
1.5492 0 0
1.64898 0 0
1.75157 0 0
1.85704 0 0
1.96547 0 0
2.07696 0 0
2.19158 0 0
2.30942 0 0
2.43057 0 0
2.55513 0 0
2.6832 0 0
2.81486 0 0
2.95022 0 0
3.08939 0 0
3.23248 0 0
3.37958 0 0
3.53082 0 0
3.68631 0 0
3.84618 0 0
4.01054 0 0
4.17951 0 0
4.35324 0 0
4.53186 0 0
4.71549 0 0
4.90429 0 0
5 0.2 0
5 0.4 0
5 0.6 0
5 0.8 0
5 0.1 0
5 0.3 0
5 0.5 0
5 0.7 0
5 0.9 0
4.80858 1 0
4.6224 1 0
4.44131 1 0
4.26518 1 0
4.09385 1 0
3.92722 1 0
3.76514 1 0
3.60749 1 0
3.45415 1 0
3.30501 1 0
3.15994 1 0
3.01884 1 0
2.8816 1 0
2.74812 1 0
2.61828 1 0
2.49199 1 0
2.36916 1 0
2.24968 1 0
2.13347 1 0
2.02044 1 0
1.91051 1 0
1.80357 1 0
1.69956 1 0
1.5984 1 0
4.90429 1 0
4.71549 1 0
4.53186 1 0
4.35324 1 0
4.17951 1 0
4.01054 1 0
3.84618 1 0
3.68631 1 0
3.53082 1 0
3.37958 1 0
3.23248 1 0
3.08939 1 0
2.95022 1 0
2.81486 1 0
2.6832 1 0
2.55513 1 0
2.43057 1 0
2.30942 1 0
2.19158 1 0
2.07696 1 0
1.96547 1 0
1.85704 1 0
1.75157 1 0
1.64898 1 0
1.5492 1 0
1.4 1 0
1.3 1 0
1.2 1 0
1.1 1 0
1 1 0
0.9 1 0
0.8 1 0
0.7 1 0
0.6 1 0
0.5 1 0
0.4 1 0
0.3 1 0
0.2 1 0
0.1 1 0
1.45 1 0
1.35 1 0
1.25 1 0
1.15 1 0
1.05 1 0
0.95 1 0
0.85 1 0
0.75 1 0
0.65 1 0
0.55 1 0
0.45 1 0
0.35 1 0
0.25 1 0
0.15 1 0
0.05 1 0
0.629289 0.419289 0
0.7 0.39 0
0.770711 0.419289 0
0.607612 0.451732 0
0.661732 0.397612 0
0.738268 0.397612 0
0.792388 0.451732 0
0.770711 0.560711 0
0.7 0.59 0
0.629289 0.560711 0
0.792388 0.528268 0
0.738268 0.582388 0
0.661732 0.582388 0
0.607612 0.528268 0
0 0.9 0
0 0.8 0
0 0.95 0
0 0.85 0
0 0.75 0
0 0.6 0
0 0.5 0
0 0.4 0
0 0.65 0
0 0.55 0
0 0.45 0
0 0.35 0
0 0.2 0
0 0.1 0
0 0.25 0
0 0.15 0
0 0.05 0
1.29823 0.497011 0
1.7993 0.500433 0
2.30332 0.491252 0
2.81658 0.477715 0
0.336923 0.641275 0
0.337594 0.346079 0
3.31769 0.509337 0
1.05297 0.343793 0
1.03926 0.622176 0
3.80789 0.5 0
1.54024 0.695722 0
1.5492 0.30973 0
4.27898 0.504186 0
2.05132 0.68775 0
2.05376 0.317139 0
0.519804 0.767158 0
0.802989 0.764179 0
1.27103 0.751107 0
1.28518 0.249997 0
2.55439 0.690554 0
2.52682 0.319624 0
0.521836 0.222845 0
0.81228 0.212043 0
1.79214 0.75007 0
1.79257 0.245483 0
3.05607 0.311115 0
3.02892 0.679395 0
2.29225 0.734715 0
2.30571 0.256419 0
0.19924 0.488095 0
0.417931 0.495036 0
3.53831 0.70807 0
3.54362 0.281734 0
0.193444 0.811625 0
0.192169 0.191432 0
0.974924 0.824891 0
1.49856 0.498145 0
2.79933 0.752577 0
2.79933 0.247423 0
4.65223 0.35559 0
0.9532 0.488914 0
0.96889 0.171408 0
4.06299 0.3048 0
4.05889 0.688223 0
0.366244 0.179061 0
0.658187 0.738385 0
4.57081 0.686231 0
1.98455 0.492436 0
1.12748 0.490644 0
0.363796 0.802426 0
0.900346 0.338556 0
1.41809 0.828786 0
0.89583 0.646853 0
0.499078 0.618481 0
0.491346 0.367133 0
0.662746 0.250195 0
1.43196 0.164632 0
3.3011 0.233005 0
3.30044 0.771788 0
0.156279 0.644925 0
1.6426 0.834207 0
1.6426 0.165793 0
1.14689 0.152225 0
1.38952 0.642246 0
1.39184 0.36051 0
1.94457 0.841231 0
1.94457 0.158769 0
2.52865 0.502703 0
3.80312 0.746227 0
3.78493 0.246576 0
0.148596 0.342169 0
1.64915 0.5676 0
1.15272 0.85174 0
1.69486 0.37811 0
1.20887 0.62899 0
1.89782 0.6282 0
1.90201 0.361488 0
1.19533 0.361889 0
4.3561 0.254559 0
2.1265 0.833067 0
2.13379 0.171675 0
0.609238 0.872652 0
4.3075 0.761326 0
2.14827 0.553904 0
3.00242 0.5 0
2.45067 0.169346 0
2.45067 0.830654 0
0.606776 0.120576 0
0.776066 0.67364 0
2.19494 0.373675 0
2.39654 0.62083 0
2.40171 0.370894 0
0.741396 0.873855 0
0.78221 0.310093 0
0.451369 0.866758 0
2.64686 0.83063 0
2.63957 0.167187 0
0.591697 0.304666 0
0.733767 0.118858 0
3.49075 0.523801 0
0.297352 0.459006 0
1.11916 0.732209 0
0.894701 0.876309 0
0.59437 0.663756 0
2.95597 0.165307 0
2.95597 0.834693 0
2.63102 0.568167 0
1.31237 0.8718 0
0.421925 0.716843 0
1.31956 0.120881 0
0.424156 0.272832 0
0.449196 0.121069 0
1.68547 0.670639 0
1.75581 0.856934 0
1.75341 0.148197 0
0.887309 0.116486 0
2.70167 0.376406 0
4.79115 0.554953 0
0.888682 0.560696 0
2.90424 0.628997 0
2.90424 0.371003 0
0.275368 0.88687 0
4.00211 0.497307 0
3.15976 0.167107 0
3.15513 0.83481 0
1.5374 0.892482 0
0.889744 0.419967 0
1.13612 0.269657 0
0.509885 0.525766 0
0.115054 0.884946 0
4.76868 0.769058 0
0.267515 0.108261 0
0.102721 0.545955 0
0.925019 0.73758 0
1.54161 0.106498 0
1.59211 0.417427 0
0.116165 0.110745 0
3.14308 0.451737 0
3.45292 0.827358 0
3.45292 0.172642 0
2.20352 0.666359 0
1.77224 0.625201 0
0.100397 0.736906 0
0.274539 0.551545 0
0.39594 0.592617 0
3.20278 0.592883 0
0.104368 0.439269 0
0.098679 0.245602 0
4.18566 0.166209 0
0.407142 0.396383 0
0.921805 0.255776 0
2.30601 0.913257 0
2.30601 0.0867433 0
0.286589 0.241977 0
4.51167 0.169478 0
0.280868 0.732288 0
3.68334 0.84561 0
3.66423 0.156126 0
4.79826 0.203133 0
3.42923 0.39036 0
3.40883 0.625376 0
1.0586 0.0979564 0
0.240045 0.380737 0
1.65413 0.275546 0
4.48293 0.491416 0
1.05994 0.902248 0
0.971142 0.580123 0
3.95631 0.828593 0
3.94292 0.182554 0
2.09274 0.432697 0
1.04751 0.440715 0
1.29518 0.394935 0
3.65835 0.548048 0
1.3903 0.263126 0
1.3029 0.58715 0
0.971714 0.395779 0
0.529233 0.443105 0
1.39191 0.546667 0
1.37083 0.738079 0
1.49332 0.611056 0
2.05278 0.894559 0
2.05331 0.105787 0
4.17374 0.835307 0
3.71978 0.385921 0
2.6721 0.725706 0
1.04669 0.533866 0
1.03275 0.719079 0
4.45574 0.806072 0
2.29194 0.618089 0
2.82163 0.118405 0
2.82163 0.881595 0
1.85435 0.911616 0
1.85401 0.0891174 0
1.54418 0.210074 0
3.90593 0.628546 0
3.89225 0.358172 0
1.90398 0.740168 0
1.89936 0.262378 0
0.998458 0.269385 0
0.361332 0.902906 0
1.53216 0.784652 0
4.22554 0.339354 0
1.80399 0.348899 0
1.22456 0.0874216 0
4.1292 0.560922 0
1.48094 0.394543 0
1.21041 0.447958 0
1.69129 0.477173 0
2.14492 0.271978 0
2.55261 0.900729 0
2.55157 0.098959 0
0.82374 0.367681 0
0.695474 0.663229 0
2.59737 0.420797 0
1.8973 0.53155 0
0.736076 0.794657 0
1.22436 0.913802 0
0.822384 0.615444 0
0.360752 0.0899626 0
0.525083 0.921926 0
1.4463 0.917923 0
0.96296 0.07717 0
1.99631 0.601932 0
1.45 0.0781716 0
0.674849 0.326051 0
0.23806 0.642462 0
4.38876 0.647917 0
1.06627 0.204802 0
1.12406 0.578834 0
0.451347 0.192256 0
4.82952 0.382579 0
1.45736 0.716757 0
0.595246 0.792912 0
3.17135 0.298883 0
0.565906 0.581767 0
2.02313 0.774883 0
2.02788 0.229451 0
0.225026 0.295213 0
2.77661 0.593804 0
1.21199 0.538431 0
1.98514 0.397813 0
0.840494 0.27405 0
0.447012 0.790269 0
1.65295 0.924 0
1.65465 0.0765277 0
0.850796 0.707558 0
0.973087 0.916245 0
0.196376 0.715842 0
0.529664 0.0735585 0
3.2634 0.105129 0
3.26264 0.89583 0
0.736266 0.201309 0
4.47675 0.334364 0
0.816992 0.920547 0
2.40936 0.265571 0
2.41264 0.724168 0
1.11904 0.393039 0
0.599431 0.207212 0
2.29353 0.362255 0
0.512635 0.689922 0
4.62452 0.849074 0
1.61984 0.732178 0
0.810439 0.0807266 0
0.0718795 0.645557 0
2.18553 0.0899436 0
2.18423 0.910904 0
0.19629 0.918402 0
1.08474 0.802794 0
1.23858 0.194963 0
1.70745 0.759978 0
1.45603 0.313345 0
0.566092 0.374962 0
1.39278 0.448635 0
0.510649 0.305858 0
0.184209 0.568688 0
2.66629 0.280992 0
2.2095 0.465455 0
1.14632 0.0698243 0
1.95653 0.929481 0
1.95657 0.0707346 0
0.354122 0.5336 0
0.677841 0.91807 0
0.972219 0.659562 0
1.24514 0.826875 0
1.56249 0.556203 0
2.41694 0.515436 0
3.09082 0.583699 0
3.83236 0.88266 0
3.83236 0.11734 0
1.85017 0.820004 0
1.84878 0.180789 0
1.71434 0.220994 0
0.524625 0.835279 0
3.6921 0.691084 0
0.0671952 0.348805 0
2.49317 0.603388 0
0.189585 0.0816778 0
0.676391 0.0768913 0
1.20316 0.705394 0
1.32706 0.320288 0
2.54672 0.793317 0
2.54366 0.21192 0
0.459365 0.4386 0
1.14803 0.933575 0
3.29428 0.358237 0
1.29105 0.675494 0
1.22293 0.282411 0
3.05254 0.106327 0
3.05172 0.894433 0
1.60505 0.637159 0
0.667596 0.819303 0
0.637008 0.611893 0
2.91554 0.267017 0
2.90699 0.737657 0
0.529759 0.154295 0
0.669229 0.162507 0
4.34051 0.883655 0
2.49462 0.418932 0
2.23816 0.195375 0
2.22694 0.802202 0
0.348532 0.718857 0
2.43057 0.925271 0
2.43057 0.074729 0
0.353024 0.268811 0
1.97363 0.313654 0
1.97451 0.686587 0
0.0765459 0.816713 0
1.62257 0.345203 0
4.35279 0.110503 0
1.7308 0.301812 0
2.12261 0.736642 0
0.173062 0.412568 0
4.13304 0.438263 0
1.37535 0.923702 0
2.79848 0.352614 0
1.87171 0.443103 0
1.73155 0.557581 0
1.83325 0.678965 0
1.11541 0.658338 0
0.733759 0.726818 0
3.54939 0.896501 0
3.54939 0.103499 0
3.3777 0.0874012 0
3.3777 0.912599 0
3.58674 0.40733 0
1.34475 0.200483 0
2.72029 0.464917 0
4.2134 0.671441 0
2.68507 0.0840881 0
2.68504 0.918424 0
3.1612 0.699913 0
0.288791 0.814817 0
1.76562 0.42774 0
2.06426 0.550573 0
0.450318 0.551067 0
0.879944 0.802295 0
0.753077 0.618139 0
4.36406 0.384776 0
4.67395 0.130438 0
1.3803 0.072737 0
0.0711221 0.175664 0
0.812016 0.83864 0
0.966853 0.328724 0
4.87293 0.677984 0
2.90136 0.527913 0
4.64401 0.560862 0
1.60373 0.49925 0
3.78308 0.619245 0
1.3275 0.798497 0
0.431015 0.342404 0
0.72158 0.284456 0
3.00261 0.397994 0
0.86382 0.490004 0
0.826951 0.542556 0
2.11544 0.633536 0
1.17933 0.778353 0
3.04769 0.209604 0
3.04546 0.785169 0
1.06346 0.271909 0
4.88445 0.867542 0
0.0633118 0.936688 0
4.0581 0.123499 0
0.748634 0.357014 0
0.292307 0.172943 0
0.435605 0.642627 0
0.8274 0.437776 0
0.873024 0.189937 0
0.0622663 0.0622663 0
0.576049 0.730427 0
2.3546 0.818732 0
2.35675 0.174697 0
1.47024 0.243687 0
4.89852 0.104315 0
0.744119 0.0552951 0
0.747246 0.942495 0
0.799243 0.150177 0
0.448255 0.941504 0
1.8309 0.572662 0
2.12173 0.351684 0
3.40254 0.729189 0
3.40394 0.281168 0
2.72799 0.177918 0
2.73333 0.824014 0
0.166144 0.259955 0
2.99122 0.590771 0
2.95022 0.931489 0
2.95022 0.0685107 0
3.29891 0.654748 0
0.775458 0.254839 0
2.23428 0.296941 0
3.66137 0.27569 0
1.75655 0.694332 0
1.26235 0.328586 0
0.371471 0.454453 0
1.75277 0.941367 0
1.75262 0.059546 0
2.23131 0.559012 0
0.627364 0.362201 0
0.449243 0.0515068 0
0.389306 0.425418 0
0.354533 0.400266 0
0.372368 0.371231 0
4.81033 0.468766 0
4.91476 0.49129 0
4.89557 0.577476 0
4.66974 0.727645 0
4.60741 0.623547 0
4.70634 0.66496 0
4.91476 0.39129 0
4.77991 0.662006 0
4.71758 0.557908 0
0.334411 0.45673 0
0.317473 0.402542 0
2.44486 0.612109 0
2.4529 0.663778 0
2.40459 0.672499 0
2.35244 0.729441 0
2.29209 0.676402 0
2.35229 0.671129 0
0.562541 0.960963 0
0.56716 0.897289 0
0.604619 0.936326 0
0.63892 0.959035 0
0.643539 0.895361 0
2.46426 0.345259 0
2.40553 0.318232 0
2.46809 0.292598 0
1.44567 0.47339 0
1.43686 0.421589 0
1.48975 0.446344 0
2.35251 0.431073 0
2.40932 0.443165 0
2.36013 0.503344 0
1.64836 0.22067 0
1.59915 0.24281 0
1.59339 0.187934 0
2.34424 0.61946 0
2.52378 0.646971 0
2.48352 0.707361 0
1.92428 0.7907 0
1.96356 0.757525 0
1.98385 0.808057 0
1.98622 0.19411 0
1.96362 0.245914 0
1.92197 0.210573 0
0.219642 0.434416 0
0.268698 0.419872 0
0.248296 0.473551 0
1.69035 0.56259 0
1.70851 0.61411 0
1.66731 0.61912 0
2.29842 0.426754 0
2.34762 0.366575 0
1.93925 0.713377 0
1.99882 0.730735 0
2.00075 0.271552 0
1.9365 0.288016 0
0.308896 0.686781 0
0.259464 0.687375 0
0.287492 0.641869 0
2.61325 0.70813 0
2.60941 0.759511 0
2.55056 0.741935 0
0.244793 0.0408389 0
0.283758 0.0541304 0
0.22855 0.0949692 0
0.194793 0.0408389 0
2.59679 0.811973 0
2.65948 0.778168 0
1.24996 0.652242 0
1.24711 0.690444 0
1.20601 0.667192 0
3.26024 0.55111 0
3.17293 0.52231 0
3.23038 0.480537 0
2.51072 0.369278 0
2.44816 0.394913 0
0.560633 0.215029 0
0.595564 0.255939 0
0.556766 0.263755 0
4.33387 0.576052 0
4.30108 0.659679 0
4.24619 0.587814 0
0.248145 0.959201 0
0.235829 0.902636 0
0.287684 0.943435 0
4.02508 0.914296 0
4.06502 0.83195 0
4.1338 0.917654 0
1.09455 0.306725 0
1.12758 0.331348 0
1.08601 0.368416 0
0.285945 0.505275 0
0.236889 0.51982 0
4.54013 0.827573 0
4.53292 0.924537 0
4.44853 0.903036 0
1.5187 0.946241 0
1.5679 0.946241 0
1.25588 0.60807 0
1.29698 0.631322 0
3.37346 0.449849 0
3.45999 0.457081 0
3.40422 0.516569 0
3.44979 0.574589 0
3.36326 0.567357 0
1.7519 0.591391 0
1.72886 0.64792 0
0.470865 0.742001 0
0.46728 0.703383 0
0.51622 0.72854 0
2.25641 0.478354 0
2.25151 0.413855 0
2.1595 0.0449718 0
2.11942 0.0978652 0
2.09339 0.0528934 0
2.09313 0.947279 0
2.11851 0.902732 0
2.15885 0.955452 0
4.62346 0.924537 0
1.54669 0.259902 0
1.60166 0.292638 0
3.54385 0.802285 0
3.50116 0.86193 0
3.49562 0.767714 0
3.49827 0.227188 0
3.50116 0.13807 0
3.54651 0.192617 0
0.238622 0.724065 0
0.217218 0.679152 0
0.345523 0.587437 0
0.375031 0.563109 0
0.366431 0.616946 0
0.551173 0.305262 0
0.516242 0.264352 0
1.19273 0.173594 0
1.18735 0.23231 0
1.1415 0.210941 0
2.57983 0.535435 0
2.56209 0.585778 0
2.51091 0.553046 0
0.288819 0.363408 0
0.386264 0.641951 0
0.428765 0.679735 0
0.379424 0.679059 0
1.92813 0.46777 0
1.92843 0.420458 0
1.98485 0.445125 0
3.47357 0.666723 0
3.51453 0.615935 0
2.5927 0.629361 0
2.56301 0.46175 0
2.61419 0.494482 0
2.47968 0.758742 0
2.47651 0.238745 0
2.53524 0.265772 0
1.15719 0.377464 0
1.16573 0.315773 0
0.305731 0.59641 0
0.31433 0.542572 0
0.359634 0.223936 0
0.3952 0.225946 0
0.38859 0.270821 0
0.934812 0.8506 0
0.887323 0.839302 0
0.927434 0.813593 0
1.59518 0.908241 0
1.62567 0.962 0
3.94176 0.914296 0
0.198145 0.959201 0
0.627222 0.27743 0
0.631088 0.228703 0
0.626279 0.70107 0
0.644922 0.663492 0
0.676831 0.700807 0
0.363498 0.134512 0
0.404974 0.105516 0
0.40772 0.150065 0
1.23076 0.238687 0
1.17953 0.276034 0
2.24424 0.367965 0
2.20222 0.419565 0
2.45578 0.467184 0
0.408795 0.185659 0
0.437751 0.232544 0
0.405404 0.796347 0
0.449191 0.828513 0
0.407583 0.834592 0
3.61082 0.77684 0
3.61636 0.871056 0
3.60681 0.129813 0
3.60393 0.21893 0
1.30978 0.0604406 0
1.27206 0.104151 0
1.26228 0.0437108 0
2.21523 0.734281 0
2.17478 0.769422 0
2.16306 0.701501 0
1.59 0.863345 0
1.53478 0.838567 0
1.58738 0.809429 0
4.91476 0.29129 0
4.81389 0.292856 0
4.89913 0.201566 0
0.582953 0.535884 0
0.537896 0.553767 0
0.554943 0.507883 0
1.07596 0.725644 0
1.07408 0.688709 0
1.11728 0.695274 0
1.6992 0.84557 0
1.70438 0.890467 0
1.64777 0.879104 0
1.64862 0.121161 0
1.70403 0.112363 0
1.69801 0.156995 0
3.71468 0.0780632 0
3.63586 0.0780632 0
3.64541 0.922805 0
3.72424 0.922805 0
1.44523 0.522406 0
1.39234 0.497651 0
0.052184 0.469635 0
0.103545 0.492612 0
0.0513607 0.522978 0
3.57455 0.535925 0
3.59833 0.628059 0
0.768374 0.745498 0
0.754912 0.700229 0
0.789527 0.718909 0
0.603388 0.0602879 0
0.56822 0.0970672 0
0.564832 0.0367792 0
0.641583 0.0987336 0
0.638195 0.0384457 0
1.26218 0.956901 0
1.26836 0.892801 0
1.30618 0.9359 0
0.892256 0.603775 0
0.929912 0.570409 0
0.933486 0.613488 0
0.564616 0.466553 0
0.579261 0.431197 0
0.406351 0.884832 0
0.362564 0.852666 0
0.107527 0.942473 0
0.155672 0.901674 0
0.148145 0.959201 0
0.385228 0.71785 0
0.342727 0.680066 0
0.415772 0.617622 0
4.71655 0.924537 0
4.6966 0.809066 0
4.78863 0.884529 0
1.07733 0.640257 0
1.03601 0.670627 0
1.57001 0.053249 0
1.52081 0.053249 0
0.893655 0.0582428 0
0.848874 0.0986061 0
0.855219 0.0403633 0
0.858496 0.960274 0
0.855846 0.898428 0
0.897351 0.938154 0
1.69308 0.427641 0
1.6417 0.4473 0
1.64349 0.397769 0
0.483408 0.778714 0
0.434469 0.753556 0
0.31835 0.894888 0
0.330666 0.951453 0
3.79875 0.0586702 0
3.74829 0.136733 0
3.75785 0.864135 0
3.79875 0.94133 0
3.1468 0.588291 0
3.11695 0.517718 0
2.65156 0.646936 0
0.813431 0.690599 0
0.826892 0.735868 0
4.26045 0.716384 0
4.34813 0.704622 0
1.39672 0.876244 0
1.34386 0.897751 0
1.36523 0.850293 0
0.974005 0.870568 0
0.933894 0.896277 0
3.85452 0.687386 0
3.93112 0.728569 0
3.87971 0.78741 0
3.86393 0.214565 0
3.91758 0.270363 0
3.83859 0.302374 0
2.09355 0.138731 0
2.15966 0.13081 0
2.15537 0.871986 0
2.08964 0.863813 0
0.15098 0.517025 0
0.151804 0.463682 0
0.936543 0.958122 0
1.67502 0.797092 0
1.73163 0.808456 0
0.920941 0.524805 0
0.876251 0.52535 0
0.90851 0.489459 0
1.37576 0.142757 0
1.34993 0.0968092 0
1.40613 0.118685 0
2.2596 0.768459 0
2.24788 0.700537 0
2.85316 0.745117 0
2.86431 0.809626 0
2.81048 0.817086 0
2.81048 0.182914 0
2.86858 0.192711 0
2.85743 0.25722 0
0.532492 0.600124 0
0.580138 0.622762 0
0.546724 0.641119 0
0.597598 0.571239 0
2.4728 0.50907 0
2.51164 0.460818 0
1.84597 0.25393 0
1.85167 0.305639 0
1.79828 0.297191 0
1.34621 0.614698 0
1.3474 0.566909 0
1.39071 0.594456 0
0.131646 0.183548 0
0.0936433 0.143205 0
0.154167 0.151088 0
2.8888 0.858144 0
2.93148 0.786175 0
2.93575 0.216162 0
2.8888 0.141856 0
1.34507 0.521839 0
1.30057 0.542081 0
2.03688 0.0528934 0
2.03661 0.947279 0
0.902482 0.769938 0
0.949972 0.781236 0
4.0076 0.758408 0
3.98241 0.658384 0
3.97762 0.331486 0
4.00296 0.243677 0
0.93148 0.038585 0
0.925135 0.0968278 0
3.80601 0.372047 0
3.75236 0.316249 0
3.50798 0.398845 0
3.53874 0.465565 0
1.10195 0.767501 0
1.05875 0.760936 0
0.876782 0.454985 0
0.921472 0.454441 0
3.76384 0.44296 0
3.85007 0.429086 0
0.920957 0.180673 0
0.880167 0.153211 0
0.9281 0.143947 0
1.94093 0.511993 0
1.8845 0.487327 0
0.052184 0.419635 0
0.93603 0.367167 0
0.930729 0.407873 0
0.895045 0.379261 0
3.56518 0.344532 0
3.48643 0.336047 0
0.962171 0.534518 0
1.64526 0.653899 0
1.6271 0.602379 0
1.77397 0.803502 0
1.74979 0.755024 0
4.1713 0.616182 0
4.20409 0.532554 0
1.43772 0.772772 0
1.49476 0.750704 0
1.47512 0.806719 0
0.962457 0.442347 0
0.28131 0.320646 0
0.255807 0.268595 0
0.312092 0.294028 0
2.12051 0.493301 0
2.15112 0.449076 0
2.17889 0.509679 0
0.145424 0.218517 0
0.0849006 0.210633 0
1.853 0.355193 0
1.90069 0.311933 0
0.154249 0.848286 0
0.0957997 0.85083 0
0.134995 0.814169 0
0.615689 0.637824 0
0.666241 0.637561 0
2.10627 0.552238 0
2.0785 0.491635 0
0.519559 0.484436 0
0.668797 0.288123 0
0.633273 0.315358 0
1.62652 0.0382639 0
1.59813 0.0915129 0
1.31993 0.835148 0
1.37279 0.813641 0
2.43166 0.777411 0
2.4987 0.811985 0
2.49716 0.190633 0
2.43002 0.217458 0
1.33768 0.961851 0
0.380666 0.951453 0
1.5429 0.158286 0
1.59211 0.136146 0
2.12456 0.784855 0
2.17672 0.817635 0
0.232535 0.337975 0
0.384305 0.344241 0
0.380875 0.309455 0
0.427585 0.307618 0
0.345309 0.307445 0
0.0513607 0.572978 0
0.0501987 0.718453 0
0.0501987 0.768453 0
1.64751 0.488212 0
1.59792 0.458339 0
1.34015 0.0363685 0
0.547662 0.409033 0
0.597691 0.397125 0
1.38835 0.182558 0
1.33215 0.160682 0
0.467402 0.289345 0
0.472996 0.247838 0
0.450272 0.156663 0
1.12326 0.441841 0
1.16473 0.420499 0
1.16894 0.469301 0
0.934024 0.653207 0
0.948619 0.698571 0
0.910424 0.692216 0
4.56704 0.084739 0
4.47649 0.084739 0
0.0884717 0.77681 0
0.146921 0.774266 0
2.24773 0.642224 0
3.21167 0.0525644 0
3.21158 0.136118 0
3.15985 0.0835537 0
3.15754 0.917405 0
3.20889 0.86532 0
3.21129 0.947915 0
2.59656 0.300308 0
2.63183 0.350894 0
2.56209 0.370211 0
0.144793 0.0408389 0
0.152875 0.0962113 0
0.108082 0.0553724 0
1.05822 0.307851 0
1.09979 0.270783 0
1.43639 0.377526 0
1.39231 0.404572 0
1.39446 0.783433 0
1.4141 0.727418 0
2.68398 0.328699 0
2.73239 0.316803 0
2.75008 0.36451 0
2.35444 0.566763 0
2.29763 0.55467 0
4.58195 0.262534 0
4.59281 0.149958 0
4.66309 0.243014 0
3.73312 0.524024 0
3.68906 0.466985 0
0.522215 0.801219 0
0.485819 0.812774 0
3.37668 0.799573 0
3.41531 0.869979 0
3.33907 0.842194 0
3.3394 0.160203 0
3.41531 0.130021 0
3.37701 0.202823 0
1.94358 0.37965 0
1.88686 0.402295 0
1.73388 0.184596 0
1.67847 0.193394 0
0.553503 0.676839 0
0.505857 0.654202 0
0.487997 0.851019 0
1.576 0.758415 0
1.63122 0.783192 0
0.859107 0.631148 0
0.855533 0.58807 0
0.438648 0.466818 0
0.484625 0.482183 0
0.463908 0.510401 0
0.234406 0.849247 0
0.194867 0.865013 0
0.617118 0.734406 0
0.585209 0.697091 0
2.79891 0.300018 0
2.73281 0.264207 0
2.90989 0.31901 0
2.95907 0.332505 0
2.95343 0.384498 0
0.356164 0.760641 0
0.39286 0.759635 0
4.11631 0.761765 0
2.64952 0.398602 0
2.67565 0.516542 0
2.74845 0.529361 0
2.70381 0.580986 0
1.0793 0.0489782 0
1.0293 0.0489782 0
2.40674 0.568133 0
4.7361 0.166786 0
4.72524 0.279361 0
2.86041 0.424359 0
2.9028 0.449458 0
2.85897 0.502814 0
4.12433 0.235504 0
4.2056 0.252781 0
4.14427 0.322077 0
1.82115 0.785037 0
1.80299 0.838469 0
1.77299 0.19684 0
1.8011 0.164493 0
1.82068 0.213136 0
1.51678 0.653389 0
1.54918 0.624108 0
1.57265 0.66644 0
0.186151 0.450331 0
0.206553 0.396653 0
3.905 0.498653 0
3.95402 0.562926 0
3.85691 0.564273 0
3.94718 0.42774 0
1.75345 0.233239 0
0.190877 0.136555 0
2.96796 0.708526 0
2.90562 0.683327 0
2.96658 0.654196 0
0.965925 0.124289 0
4.21946 0.917654 0
1.57065 0.363578 0
1.53652 0.405985 0
1.51507 0.352136 0
3.05188 0.260359 0
3.10952 0.254244 0
3.11371 0.304999 0
4.43223 0.13999 0
4.39705 0.0552515 0
2.80753 0.415165 0
2.85136 0.361809 0
0.486591 0.207551 0
0.945347 0.213592 0
0.897414 0.222857 0
0.229842 0.149846 0
0.805219 0.0403633 0
0.47412 0.666275 0
2.27785 0.956628 0
2.33758 0.956628 0
2.33758 0.0433717 0
2.27785 0.0433717 0
1.44261 0.578862 0
1.44142 0.626651 0
0.0493395 0.222801 0
0.0493395 0.272801 0
2.78797 0.673191 0
2.84043 0.611401 0
2.85179 0.690787 0
0.325062 0.858861 0
0.326294 0.808621 0
3.28225 0.169067 0
3.32055 0.096265 0
3.32017 0.904214 0
3.28154 0.833809 0
1.49594 0.554601 0
2.9858 0.289066 0
3.02934 0.354554 0
3.16555 0.232995 0
3.10372 0.188356 0
4.22542 0.0831043 0
4.13976 0.0831043 0
1.02997 0.951124 0
1.07997 0.951124 0
0.114079 0.645241 0
0.0873004 0.595756 0
0.1295 0.59544 0
1.5279 0.58363 0
1.58377 0.596681 0
4.25712 0.859481 0
4.30284 0.941827 0
2.95189 0.513957 0
2.95333 0.435501 0
0.0359398 0.622779 0
4.29082 0.296957 0
4.27088 0.210384 0
4.03255 0.401053 0
4.0305 0.592765 0
1.47775 0.860634 0
0.856742 0.393824 0
0.862043 0.353118 0
4.72169 0.455271 0
4.64812 0.458226 0
3.35149 0.750489 0
3.42773 0.778274 0
3.42843 0.226905 0
3.35252 0.257087 0
3.81774 0.814443 0
3.74323 0.795919 0
3.72458 0.201351 0
3.80864 0.181958 0
2.18979 0.556458 0
2.21741 0.612685 0
2.1759 0.610131 0
2.76844 0.471316 0
2.75939 0.408766 0
1.0052 0.601149 0
1.00892 0.556995 0
1.04298 0.578021 0
0.494299 0.440852 0
1.21228 0.0437108 0
1.77817 0.970684 0
1.80356 0.926491 0
1.82896 0.955808 0
1.82879 0.0445587 0
1.80331 0.0743317 0
1.7781 0.029773 0
3.23622 0.265944 0
3.23043 0.200056 0
3.10615 0.136717 0
3.10624 0.0531634 0
3.10583 0.947217 0
3.10343 0.864621 0
0.709618 0.895963 0
0.672718 0.868686 0
0.704496 0.846579 0
2.7966 0.535759 0
0.911075 0.297166 0
0.944329 0.29225 0
0.933599 0.33364 0
3.00252 0.448997 0
1.48679 0.135565 0
1.48807 0.187353 0
2.94773 0.609884 0
3.01007 0.635083 0
1.7644 0.659766 0
1.72101 0.682485 0
1.47315 0.958962 0
1.49185 0.905203 0
0.0382729 0.858357 0
0.0575268 0.892473 0
0.282079 0.850843 0
0.999946 0.51139 0
1.00035 0.464815 0
1.0471 0.487291 0
4.74087 0.369085 0
0.404997 0.0707347 0
0.44922 0.086288 0
1.20287 0.404923 0
4.83204 0.616468 0
4.8208 0.723521 0
4.35444 0.182531 0
4.43389 0.212019 0
2.70271 0.77486 0
2.69009 0.827322 0
1.75429 0.899151 0
1.70286 0.932684 0
1.70363 0.0680369 0
1.75302 0.103872 0
1.25745 0.562791 0
1.25511 0.517721 0
4.06566 0.529115 0
4.09404 0.624573 0
0.978886 0.728329 0
1.00384 0.771985 0
4.93647 0.638992 0
0.841466 0.783237 0
0.86537 0.754926 0
2.71098 0.420662 0
3.07285 0.424866 0
3.07275 0.475869 0
1.00961 0.418247 0
2.13935 0.221827 0
2.0864 0.250714 0
2.08083 0.200563 0
0.239379 0.216704 0
0.208597 0.243322 0
1.05024 0.392254 0
1.01234 0.369786 0
0.887908 0.722569 0
0.873313 0.677205 0
4.51327 0.746151 0
4.42225 0.726994 0
4.47978 0.667074 0
3.09957 0.381426 0
0.98148 0.038585 0
1.80508 0.884275 0
1.80371 0.118657 0
1.4322 0.873355 0
0.687424 0.358025 0
0.711741 0.341532 0
0.724317 0.373507 0
1.54533 0.457786 0
3.62254 0.477689 0
3.65326 0.396625 0
3.04662 0.541849 0
1.88243 0.955808 0
1.88226 0.0445587 0
1.41083 0.920812 0
0.0829371 0.297203 0
0.0335976 0.324402 0
4.13112 0.499593 0
4.20601 0.471225 0
0.107896 0.345487 0
0.123638 0.293885 0
1.21218 0.956901 0
1.01078 0.0875632 0
4.17929 0.388809 0
4.25226 0.42177 0
1.02983 0.813843 0
0.176328 0.680384 0
0.148387 0.726374 0
0.128338 0.690916 0
0.241118 0.813221 0
0.229374 0.560116 0
0.191724 0.528392 0
0.19491 0.763733 0
4.38162 0.783699 0
0.633149 0.586302 0
0.601457 0.59683 0
0.0891827 0.910817 0
0.0316559 0.918344 0
0.0816559 0.968344 0
0.808496 0.960274 0
1.00249 0.68932 0
4.59767 0.767652 0
0.419078 0.369394 0
1.01743 0.86357 0
1.01651 0.909247 0
0.325737 0.496303 0
1.55114 0.498698 0
1.49581 0.0923348 0
1.475 0.0390858 0
1.01374 0.134682 0
1.06243 0.151379 0
1.01758 0.188105 0
0.698214 0.305254 0
0.735107 0.320735 0
2.04082 0.273295 0
2.09934 0.294558 0
4.82656 0.8183 0
4.84652 0.933771 0
4.06055 0.214149 0
4.12188 0.144854 0
1.21043 0.583711 0
0.500997 0.336496 0
0.53837 0.34041 0
0.528719 0.371047 0
0.0382729 0.808357 0
3.2842 0.0525644 0
3.28383 0.947915 0
1.44098 0.121402 0
2.26162 0.58855 0
0.0861385 0.691232 0
1.41515 0.0754543 0
0.330376 0.0449813 0
0.314133 0.0991116 0
3.22778 0.803299 0
3.15816 0.767361 0
3.23082 0.735851 0
0.578894 0.339814 0
2.65883 0.442857 0
0.279911 0.140602 0
0.242238 0.182187 0
1.10658 0.178514 0
1.10274 0.125091 0
2.24577 0.0883435 0
2.21761 0.0449718 0
2.21696 0.955452 0
2.24512 0.912081 0
0.983674 0.220397 0
0.960131 0.262581 0
0.143465 0.557321 0
1.89756 0.579875 0
1.9468 0.566741 0
1.94706 0.615066 0
1.1012 0.237229 0
2.03865 0.462567 0
2.02441 0.521505 0
4.324 0.822491 0
4.24062 0.798317 0
3.03719 0.732282 0
2.97623 0.761413 0
2.98161 0.23831 0
0.638417 0.845977 0
1.08709 0.512255 0
1.08749 0.46568 0
2.72435 0.659755 0
4.00051 0.153026 0
0.504482 0.572123 0
4.09802 0.371531 0
4.06758 0.467785 0
0.0892154 0.0865055 0
0.0811331 0.0311331 0
2.15948 0.649947 0
2.13186 0.59372 0
3.15722 0.37531 0
0.2563 0.597004 0
2.03722 0.731316 0
2.01291 0.687168 0
2.14384 0.403186 0
0.170244 0.606807 0
1.07234 0.852521 0
2.19154 0.233676 0
2.23622 0.246158 0
2.1896 0.284459 0
0.769532 0.779418 0
0.734917 0.760737 0
2.0137 0.315397 0
1.99043 0.547184 0
0.986543 0.958122 0
0.982655 0.299055 0
4.32152 0.444481 0
4.42349 0.438096 0
4.38095 0.497801 0
0.329275 0.176002 0
0.326529 0.131453 0
0.0359398 0.672779 0
3.47042 0.71863 0
3.47378 0.281451 0
0.490553 0.173275 0
0.525797 0.18857 0
0.474698 0.584774 0
0.480101 0.538416 0
0.856759 0.231994 0
0.826387 0.243047 0
0.842652 0.20099 0
1.24525 0.378412 0
1.25279 0.421447 0
1.10633 0.876994 0
1.11873 0.827267 0
1.08327 0.416877 0
0.179157 0.225693 0
0.132411 0.252778 0
0.319807 0.255394 0
0.326416 0.210519 0
2.36829 0.919264 0
2.39987 0.962636 0
2.39987 0.0373645 0
2.36829 0.0807361 0
0.434124 0.523051 0
0.0666942 0.118965 0
2.39366 0.124713 0
2.33138 0.13072 0
2.3303 0.865994 0
2.39259 0.872001 0
1.03236 0.237094 0
3.21868 0.404987 0
3.30598 0.433787 0
0.0311331 0.0811331 0
0.0355611 0.137832 0
4.30898 0.0552515 0
4.26922 0.138356 0
2.76633 0.788296 0
2.73572 0.739141 0
0.0335976 0.374402 0
0.0857816 0.394037 0
1.2371 0.728251 0
1.28104 0.713301 0
1.58589 0.327466 0
1.60734 0.381315 0
0.470832 0.324131 0
2.85161 0.0592027 0
2.78487 0.0592027 0
2.78487 0.940797 0
2.85161 0.940797 0
1.20913 0.32215 0
0.881149 0.264913 0
4.49421 0.251921 0
4.41642 0.294462 0
3.99266 0.0617493 0
3.93507 0.0912772 0
0.87042 0.306303 0
1.16974 0.514538 0
1.16803 0.558633 0
1.12577 0.534739 0
2.18598 0.183525 0
0.799225 0.644542 0
0.83659 0.661501 0
4.43585 0.569666 0
4.52687 0.588823 0
0.97168 0.619842 0
3.41593 0.956299 0
3.46355 0.90455 0
3.50177 0.94825 0
3.50177 0.0517496 0
3.46355 0.0954501 0
3.41593 0.0437006 0
1.29166 0.197723 0
1.27907 0.157922 0
1.65872 0.361657 0
1.08538 0.55635 0
1.08166 0.600505 0
2.9531 0.883091 0
2.88593 0.906542 0
2.88593 0.093458 0
2.9531 0.116909 0
3.6152 0.699577 0
3.68772 0.768347 0
0.467342 0.630554 0
0.126482 0.390719 0
1.47534 0.663907 0
1.42344 0.679501 0
1.25432 0.472485 0
1.2967 0.445973 0
1.5362 0.740187 0
1.4988 0.706239 0
0.489478 0.137682 0
1.83785 0.396001 0
1.81866 0.435422 0
1.7848 0.38832 0
2.35753 0.260995 0
2.35144 0.313913 0
2.29962 0.309337 0
0.322332 0.767357 0
0.3147 0.725572 0
4.80342 0.101566 0
4.74127 0.0652192 0
3.40568 0.677283 0
3.41659 0.335764 0
3.05987 0.631547 0
3.12601 0.641806 0
3.09506 0.689654 0
0.289448 0.20746 0
3.25085 0.623816 0
3.23006 0.67733 0
3.18199 0.646398 0
0.40222 0.542333 0
0.386027 0.514318 0
0.475355 0.402866 0
0.433253 0.417491 0
0.449244 0.381758 0
3.03569 0.0531634 0
3.03528 0.947217 0
0.211135 0.605575 0
2.83898 0.560859 0
4.07598 0.0617493 0
3.6628 0.215908 0
3.6025 0.278712 0
2.58493 0.0494795 0
2.52178 0.0494795 0
2.5223 0.950365 0
2.58545 0.950365 0
4.56449 0.344977 0
3.74761 0.718655 0
2.07325 0.374918 0
2.03894 0.415255 0
2.01945 0.357476 0
2.69714 0.229455 0
2.76366 0.21267 0
3.29968 0.713268 0
0.195585 0.277584 0
3.3083 0.582043 0
0.423129 0.571842 0
0.68892 0.959035 0
1.46849 0.353944 0
1.50262 0.311537 0
2.9028 0.578455 0
3.34911 0.319703 0
3.29769 0.295621 0
1.85226 0.86581 0
1.8514 0.134953 0
0.19717 0.643694 0
1.34916 0.768288 0
0.442961 0.596847 0
2.03796 0.834721 0
2.07482 0.803975 0
2.04059 0.167619 0
1.61244 0.684668 0
1.58004 0.71395 0
0.237156 0.771956 0
1.42315 0.958962 0
0.15737 0.301062 0
1.26188 0.22248 0
1.31496 0.22524 0
3.36175 0.374299 0
3.35387 0.640062 0
4.87869 0.772763 0
4.56347 0.526139 0
4.56758 0.423503 0
0.138715 0.425919 0
0.46118 0.354768 0
0.701836 0.80698 0
0.738736 0.834256 0
1.65265 0.701409 0
2.65167 0.0420441 0
2.61832 0.0915236 0
2.61883 0.909576 0
2.65166 0.959212 0
0.28483 0.773552 0
0.512541 0.960963 0
1.10246 0.0838904 0
1.1466 0.111025 0
1.15038 0.892658 0
1.10398 0.917912 0
4.85355 0.0521574 0
4.84839 0.153724 0
4.94222 0.833771 0
4.93647 0.738992 0
3.57844 0.94825 0
3.57844 0.0517496 0
2.75335 0.101247 0
2.71659 0.0420441 0
2.71658 0.959212 0
2.75333 0.900009 0
0.380376 0.0449813 0
2.02381 0.644841 0
2.05588 0.617734 0
2.08338 0.660643 0
0.811352 0.292072 0
0.832117 0.320866 0
0.802975 0.338887 0
0.186811 0.318691 0
0.19432 0.361453 0
1.41113 0.213879 0
1.36752 0.231805 0
1.34398 0.421785 0
1.3455 0.472823 0
1.34351 0.377722 0
0.160829 0.377368 0
2.40371 0.172022 0
2.44062 0.122038 0
2.44062 0.877962 0
2.40264 0.824693 0
1.16647 0.603912 0
1.23157 0.141192 0
1.2112 0.493195 0
0.824667 0.579 0
0.857816 0.551626 0
4.47984 0.41289 0
3.88764 0.149947 0
3.87979 0.0586702 0
3.87979 0.94133 0
3.89433 0.855626 0
1.50972 0.276708 0
1.50721 0.226881 0
1.38018 0.690162 0
2.03028 0.576253 0
2.08985 0.592054 0
1.99867 0.867895 0
1.99894 0.132278 0
0.969284 0.362252 0
1.00991 0.336259 0
1.12316 0.0349122 0
1.12401 0.966788 0
4.4204 0.35957 0
1.58311 0.527727 0
1.53052 0.527174 0
2.91591 0.0342553 0
2.91591 0.965745 0
2.59557 0.133073 0
2.66232 0.125638 0
2.66595 0.874527 0
2.59974 0.86568 0
1.425 0.0390858 0
3.00072 0.809931 0
3.00183 0.187455 0
0.688195 0.0384457 0
1.68423 0.24827 0
3.72315 0.261133 0
0.0355611 0.187832 0
4.64817 0.0652192 0
1.06486 0.238356 0
1.03096 0.270647 0
1.39015 0.0363685 0
0.514832 0.0367792 0
4.94926 0.152157 0
0.701498 0.140682 0
0.67281 0.119699 0
0.705079 0.0978745 0
1.39107 0.311818 0
1.42317 0.288236 0
1.42394 0.336927 0
0.626716 0.765648 0
0.585647 0.761669 0
1.25406 0.266204 0
1.63835 0.310375 0
1.67626 0.962 0
1.6771 0.0382639 0
0.836134 0.170057 0
0.843276 0.133332 0
0.510289 0.405119 0
1.22884 0.345238 0
1.27876 0.361761 0
1.00574 0.640869 0
1.98849 0.964741 0
2.00466 0.91202 0
2.00494 0.0882607 0
1.98851 0.0353673 0
2.26999 0.27668 0
2.27194 0.225897 0
1.13203 0.790574 0
1.16603 0.815047 0
2.20559 0.856553 0
2.26648 0.85773 0
2.27209 0.141059 0
2.21185 0.142659 0
0.404793 0.922205 0
0.424127 0.970752 0
0.858572 0.428871 0
0.82557 0.402728 0
3.67522 0.619566 0
1.15928 0.681866 0
1.16214 0.643664 0
1.67449 0.326828 0
1.38768 0.961851 0
2.65293 0.224089 0
2.60497 0.246456 0
2.59162 0.189554 0
1.69247 0.288679 0
1.71283 0.339961 0
1.33774 0.256562 0
1.35868 0.291707 0
1.30612 0.285143 0
1.34029 0.65887 0
0.362796 0.494027 0
1.31112 0.357612 0
1.35945 0.340399 0
1.93354 0.0353673 0
1.93352 0.964741 0
1.46314 0.278516 0
1.95055 0.885356 0
1.95057 0.114752 0
4.13614 0.679832 0
4.19357 0.753374 0
0.628327 0.390745 0
0.663682 0.376101 0
1.33094 0.706787 0
1.14924 0.755281 0
2.08774 0.334412 0
2.10723 0.392191 0
2.50164 0.865691 0
2.49159 0.913 0
2.49107 0.086844 0
2.50112 0.134153 0
3.23281 0.32856 0
2.70918 0.871219 0
2.77748 0.852804 0
2.77481 0.148162 0
2.70653 0.131003 0
3.79549 0.559622 0
3.72071 0.583647 0
1.02572 0.306589 0
2.46128 0.962636 0
2.46128 0.0373645 0
0.638003 0.141541 0
0.853359 0.857475 0
0.84598 0.820468 0
0.765422 0.333554 0
0.751895 0.297275 0
2.45506 0.559412 0
1.17316 0.0349122 0
1.86553 0.653582 0
1.83207 0.625814 0
1.86436 0.600431 0
1.18572 0.119823 0
1.32093 0.744593 0
0.804841 0.115452 0
1.80157 0.598932 0
1.80275 0.652083 0
2.15833 0.362679 0
1.89946 0.876423 0
1.89737 0.830617 0
1.89668 0.169779 0
1.89929 0.123943 0
0.488226 0.894342 0
0.486669 0.931715 0
0.449812 0.904131 0
1.18544 0.078623 0
1.4511 0.20416 0
1.43027 0.253407 0
1.16116 0.718802 0
1.90544 0.920548 0
1.90529 0.079926 0
3.62405 0.34151 0
1.87708 0.780086 0
1.87407 0.221583 0
1.72617 0.970684 0
1.72609 0.029773 0
4.39091 0.941827 0
4.39812 0.844864 0
0.651106 0.344126 0
1.84806 0.745119 0
0.394701 0.474744 0
0.415418 0.446526 0
0.424621 0.0257534 0
2.85701 0.309815 0
0.699506 0.225752 0
0.728923 0.242883 0
0.692163 0.267325 0
0.759672 0.388152 0
0.786187 0.362348 0
0.797225 0.393485 0
1.23475 0.870339 0
1.27875 0.849337 0
3.69058 0.330805 0
0.557525 0.780035 0
0.559936 0.814096 0
0.814504 0.879594 0
0.807502 0.80141 0
0.774046 0.816648 0
4.94222 0.933771 0
2.68378 0.172553 0
0.726538 0.604069 0
0.724276 0.640684 0
0.697737 0.626614 0
1.28632 0.812686 0
1.17401 0.966788 0
1.29926 0.774802 0
0.474127 0.970752 0
1.62644 0.533425 0
1.67022 0.522386 0
2.32342 0.776723 0
2.29077 0.810467 0
2.29746 0.185036 0
2.33123 0.215558 0
0.524854 0.878602 0
0.489453 0.0625326 0
0.48943 0.0973138 0
0.778834 0.282466 0
0.807976 0.264445 0
0.796547 0.588077 0
0.78773 0.616791 0
0.761894 0.589425 0
0.668504 0.600946 0
0.0316559 0.968344 0
1.8151 0.536548 0
1.78122 0.565121 0
1.76543 0.529007 0
1.81269 0.714518 0
1.86862 0.709567 0
3.7931 0.682736 0
3.8445 0.623895 0
0.566932 0.853965 0
0.602242 0.832782 0
4.94926 0.0521574 0
0.0311331 0.0311331 0
1.19893 0.839308 0
1.18854 0.882771 0
0.798831 0.551633 0
1.66364 0.746078 0
1.74942 0.363505 0
1.73024 0.402925 0
3.34136 0.0437006 0
3.34136 0.956299 0
0.776706 0.856248 0
0.799055 0.428533 0
1.69646 0.715309 0
1.9009 0.684184 0
2.26731 0.525132 0
1.76739 0.325356 0
1.93782 0.337571 0
1.25808 0.788991 0
0.564595 0.180754 0
2.54599 0.419865 0
0.73577 0.668434 0
0.764571 0.645889 0
2.54967 0.847023 0
2.54761 0.155439 0
0.474621 0.0257534 0
1.93616 0.657393 0
1.76169 0.273647 0
2.07287 0.755763 0
0.755862 0.228074 0
0.748519 0.269648 0
0.793869 0.233441 0
1.71142 0.517377 0
1.7453 0.488803 0
2.11903 0.685089 0
2.08696 0.712196 0
2.98453 0.965745 0
2.98453 0.0342553 0
1.1862 0.923689 0
1.72846 0.452456 0
0.77206 0.0276476 0
0.72206 0.0276476 0
0.723623 0.971247 0
0.773623 0.971247 0
1.78246 0.464087 0
1.83551 0.471768 0
0.603103 0.163894 0
0.568267 0.137435 0
1.60582 0.561902 0
0.695973 0.732601 0
0.697132 0.766521 0
0.662892 0.778844 0
0.735016 0.160083 0
0.702747 0.181908 0
4.2948 0.362065 0
1.11974 0.618586 0
0.813475 0.516278 0
0.63433 0.18486 0
0.665988 0.206351 0
4.36008 0.319668 0
1.8483 0.515992 0
1.97939 0.355733 0
0.8137 0.463888 0
0.631421 0.806107 0
0.805762 0.18111 0
1.732 0.727155 0
1.98541 0.644259 0
1.8641 0.552106 0
1.72257 0.261403 0
1.21223 0.802614 0
1.22518 0.76473 0
0.529711 0.113927 0
1.77434 0.722201 0
3.73759 0.655164 0
0.714616 0.695023 0
1.19124 0.741874 0
3.1003 0.809989 0
3.10333 0.742541 0
2.13332 0.311831 0
0.774273 0.206676 0
0.767755 0.175743 0
0.547927 0.748792 0
1.29471 0.324437 0
1.27376 0.289292 0
2.16993 0.322826 0
2.21461 0.335308 0
0.744321 0.908175 0
0.712543 0.930282 0
1.24264 0.305499 0
0.766505 0.134518 0
0.710255 0.0660932 0
0.738943 0.0870764 0
0.779194 0.897201 0
0.782119 0.931521 0
0.609531 0.333433 0
0.544342 0.710175 0
2.38362 0.77145 0
2.38305 0.220134 0
3.35072 0.691969 0
0.596728 0.368581 0
0.772103 0.0997921 0
0.777279 0.0680108 0
2.2639 0.329598 0
3.04102 0.587235 0
3.00385 0.864563 0
3.00097 0.912961 0
3.00138 0.0874188 0
3.00425 0.135817 0
2.94629 0.559342 0
2.99682 0.545385 0
2.22041 0.512234 0
3.05011 0.157965 0
3.04859 0.839801 0
0.84561 0.46389 0
0.83191 0.490002 0
1.7949 0.686648 0
0.845385 0.51628 0
CELLS 941 6587
6 355 619 211 625 626 627
6 323 436 90 628 629 630
6 336 252 571 631 632 633
6 90 436 89 629 634 94
6 323 336 571 635 633 636
6 211 619 306 626 637 638
6 296 501 461 639 640 641
6 461 233 394 642 643 644
6 154 425 287 645 646 647
6 487 154 287 648 647 649
6 226 297 460 650 651 652
6 242 478 411 653 654 655
6 208 297 491 656 657 658
6 267 369 399 659 660 661
6 296 461 394 641 644 662
6 461 501 225 640 663 664
6 271 402 441 665 666 667
6 272 442 403 668 669 670
6 235 368 306 671 672 673
6 277 542 318 674 675 676
6 208 464 297 677 678 656
6 441 402 531 666 679 680
6 442 530 403 681 682 669
6 210 361 431 683 684 685
6 225 390 506 686 687 688
6 502 12 337 689 690 691
6 11 12 502 26 689 692
6 301 506 390 693 687 694
6 280 511 504 695 696 697
6 212 351 343 698 699 700
6 226 523 297 701 702 650
6 227 463 303 703 704 705
6 218 432 553 706 707 708
6 157 472 327 709 710 711
6 101 373 388 712 713 714
6 213 333 462 715 716 717
6 235 306 349 673 718 719
6 393 466 99 720 721 722
6 4 331 120 723 724 145
6 280 380 511 725 726 695
6 212 365 305 727 728 729
6 212 305 366 729 730 731
6 318 542 347 675 732 733
6 221 314 465 734 735 736
6 208 482 464 737 738 677
6 44 470 387 739 740 741
6 115 386 471 742 743 744
6 99 466 98 721 745 123
6 217 399 369 746 660 747
6 237 546 344 748 749 750
6 238 345 547 751 752 753
6 361 453 431 754 755 684
6 210 486 350 756 757 758
6 227 303 479 705 759 760
6 268 474 333 761 762 763
6 273 312 501 764 765 766
6 211 306 368 638 672 767
6 210 590 314 768 769 770
6 253 541 446 771 772 773
6 237 366 305 774 730 775
6 225 501 312 663 765 776
6 273 419 312 777 778 764
6 225 506 461 688 779 664
6 226 460 507 652 780 781
6 283 462 333 782 716 783
6 210 349 486 784 785 756
6 529 250 316 786 787 788
6 241 308 561 789 790 791
6 120 331 449 724 792 793
6 101 102 373 126 794 712
6 157 158 472 172 795 709
6 261 303 463 796 704 797
6 251 309 418 798 799 800
6 250 424 317 801 802 803
6 333 474 512 762 804 805
6 295 464 482 806 738 807
6 297 523 491 702 808 657
6 250 435 316 809 810 787
6 255 448 300 811 812 813
6 237 362 546 814 815 748
6 238 547 363 753 816 817
6 22 315 409 818 819 820
6 346 525 536 821 822 823
6 266 331 406 824 825 826
6 88 436 364 827 828 829
6 6 440 334 830 831 832
6 307 392 544 833 834 835
6 266 319 449 836 837 838
6 267 450 320 839 840 841
6 55 56 363 80 842 843
6 103 104 362 128 844 845
6 242 383 478 846 847 653
6 195 352 338 848 849 850
6 237 305 378 775 851 852
6 222 545 294 853 854 855
6 15 293 454 856 857 858
6 503 293 15 859 856 860
6 147 422 313 861 862 863
6 258 324 372 864 865 866
6 6 382 175 867 868 178
6 255 300 405 813 869 870
6 159 335 472 871 872 873
6 210 314 526 770 874 875
6 210 350 590 758 876 768
6 97 466 336 877 878 879
6 214 544 392 880 834 881
6 1 39 340 63 882 883
6 18 321 468 884 885 886
6 151 459 308 887 888 889
6 279 413 341 890 891 892
6 221 448 314 893 894 734
6 157 327 405 711 895 896
6 56 494 363 897 898 842
6 103 362 493 845 899 900
6 343 351 492 699 901 902
6 225 312 390 776 903 686
6 222 294 451 855 904 905
6 288 553 432 906 707 907
6 257 539 313 908 909 910
6 88 89 436 93 634 827
6 241 452 308 911 912 789
6 274 400 373 913 914 915
6 275 374 401 916 917 918
6 286 387 470 919 740 920
6 285 471 386 921 743 922
6 235 338 352 923 849 924
6 151 308 452 889 912 925
6 266 475 319 926 927 836
6 97 98 466 122 745 877
6 246 324 578 928 929 930
6 262 315 565 931 932 933
6 233 525 346 934 821 935
6 243 519 396 936 937 938
6 244 395 518 939 940 941
6 259 440 309 942 943 944
6 6 184 440 188 945 830
6 273 491 523 946 808 947
6 230 403 408 948 949 950
6 269 380 383 951 952 953
6 240 566 342 954 955 956
6 311 396 519 957 937 958
6 310 518 395 959 940 960
6 206 383 380 961 952 962
6 43 44 387 68 741 963
6 115 116 386 140 964 742
6 241 561 339 791 965 966
6 249 373 400 967 914 968
6 248 401 374 969 917 970
6 18 427 321 971 972 884
6 275 401 389 918 973 974
6 305 365 550 728 975 976
6 307 473 392 977 978 833
6 246 578 332 930 979 980
6 215 389 401 981 973 982
6 247 592 321 983 984 985
6 253 420 541 986 987 771
6 195 196 352 199 988 848
6 256 381 332 989 990 991
6 238 550 365 992 975 993
6 246 372 324 994 865 928
6 277 318 515 676 995 996
6 229 319 475 997 927 998
6 218 553 410 708 999 1000
6 257 437 406 1001 1002 1003
6 246 332 381 980 990 1004
6 211 443 359 1005 1006 1007
6 289 375 482 1008 1009 1010
6 158 159 472 173 873 795
6 240 353 566 1011 1012 954
6 282 408 403 1013 949 1014
6 239 335 532 1015 1016 1017
6 309 517 418 1018 1019 799
6 289 559 375 1020 1021 1008
6 6 334 382 832 1022 867
6 261 430 303 1023 1024 796
6 39 450 340 1025 1026 882
6 266 449 331 838 792 824
6 257 313 574 910 1027 1028
6 292 461 506 1029 779 1030
6 291 507 460 1031 780 1032
6 147 313 539 863 909 1033
6 156 157 405 171 896 1034
6 267 399 340 661 1035 1036
6 285 536 525 1037 822 1038
6 211 368 443 767 1039 1005
6 575 211 316 1040 1041 1042
6 316 211 529 1041 1043 788
6 194 195 338 198 850 1044
6 8 348 190 1045 1046 193
6 341 413 572 891 1047 1048
6 22 565 315 1049 932 818
6 175 382 477 868 1050 1051
6 262 551 315 1052 1053 931
6 227 479 316 760 1054 1055
6 250 317 435 803 1056 809
6 254 462 412 1057 1058 1059
6 258 488 339 1060 1061 1062
6 60 61 360 85 1063 1064
6 239 532 348 1017 1065 1066
6 233 346 394 935 1067 643
6 52 455 329 1068 1069 1070
6 107 330 456 1071 1072 1073
6 226 481 419 1074 1075 1076
6 10 502 342 1077 1078 1079
6 213 584 333 1080 1081 715
6 270 411 478 1082 654 1083
6 257 384 437 1084 1085 1001
6 322 481 540 1086 1087 1088
6 208 491 394 658 1089 1090
6 245 360 564 1091 1092 1093
6 215 378 389 1094 1095 981
6 221 498 448 1096 1097 893
6 264 344 549 1098 1099 1100
6 263 548 345 1101 1102 1103
6 282 446 541 1104 772 1105
6 267 320 497 841 1106 1107
6 259 309 465 944 1108 1109
6 300 448 498 812 1097 1110
6 266 406 467 826 1111 1112
6 258 423 324 1113 1114 864
6 236 508 334 1115 1116 1117
6 239 327 472 1118 710 1119
6 251 594 309 1120 1121 798
6 244 540 481 1122 1087 1123
6 326 518 577 1124 1125 1126
6 255 526 314 1127 874 1128
6 249 388 373 1129 713 967
6 239 472 335 1119 872 1015
6 322 419 481 1130 1075 1086
6 312 552 444 1131 1132 1133
6 19 20 367 34 1134 1135
6 296 394 491 662 1089 1136
6 245 564 364 1093 1137 1138
6 209 326 570 1139 1140 1141
6 255 314 448 1128 894 811
6 248 354 407 1142 1143 1144
6 229 495 319 1145 1146 997
6 230 320 496 1147 1148 1149
6 216 385 515 1150 1151 1152
6 235 537 368 1153 1154 671
6 215 328 400 1155 1156 1157
6 215 401 328 982 1158 1155
6 230 497 320 1159 1106 1147
6 240 342 502 956 1078 1160
6 232 519 325 1161 1162 1163
6 247 321 427 985 972 1164
6 100 101 388 125 714 1165
6 217 341 411 1166 1167 1168
6 231 582 439 1169 1170 1171
6 60 360 534 1064 1172 1173
6 209 540 326 1174 1175 1139
6 227 316 435 1055 810 1176
6 247 356 592 1177 1178 983
6 240 502 337 1160 691 1179
6 17 18 468 32 886 1180
6 314 590 465 769 1181 735
6 113 114 357 138 1182 1183
6 45 46 358 70 1184 1185
6 269 383 385 953 1186 1187
6 9 201 353 203 1188 1189
6 243 444 325 1190 1191 1192
6 255 405 557 870 1193 1194
6 263 455 548 1195 1196 1101
6 264 549 456 1100 1197 1198
6 242 385 383 1199 1186 846
6 577 518 231 1125 1200 1201
6 329 439 582 1202 1170 1203
6 58 59 354 83 1204 1205
6 149 150 371 164 1206 1207
6 265 469 338 1208 1209 1210
6 385 490 515 1211 1212 1151
6 100 388 522 1165 1213 1214
6 267 340 450 1036 1026 839
6 290 570 326 1215 1140 1216
6 194 338 469 1044 1209 1217
6 284 407 354 1218 1143 1219
6 248 328 401 1220 1158 969
6 249 400 328 968 1156 1221
6 257 406 331 1003 825 1222
6 256 332 417 991 1223 1224
6 245 323 571 1225 636 1226
6 264 605 344 1227 1228 1098
6 263 345 606 1103 1229 1230
6 274 493 362 1231 899 1232
6 275 363 494 1233 898 1234
6 289 622 346 1235 1236 1237
6 209 552 540 1238 1239 1174
6 214 372 391 1240 1241 1242
6 334 508 382 1116 1243 1022
6 21 22 409 36 820 1244
6 118 620 397 1245 1246 1247
6 41 398 621 1248 1249 1250
6 263 439 329 1251 1202 1252
6 52 329 513 1070 1253 1254
6 107 514 330 1255 1256 1071
6 298 487 516 1257 1258 1259
6 209 444 552 1260 1132 1238
6 256 356 568 1261 1262 1263
6 290 326 577 1216 1126 1264
6 262 340 399 1265 1035 1266
6 232 325 610 1163 1267 1268
6 318 347 617 733 1269 1270
6 4 426 331 1271 1272 723
6 189 532 335 1273 1016 1274
6 327 557 405 1275 1193 895
6 246 391 372 1276 1241 994
6 246 376 391 1277 1278 1276
6 245 436 323 1279 628 1225
6 317 424 624 802 1280 1281
6 283 412 462 1282 1058 782
6 323 569 336 1283 1284 635
6 284 534 360 1285 1172 1286
6 301 390 608 694 1287 1288
6 319 620 449 1289 1290 837
6 320 450 621 840 1291 1292
6 206 380 445 962 1293 1294
6 249 328 410 1221 1295 1296
6 10 11 502 25 692 1077
6 241 339 392 966 1297 1298
6 90 569 323 1299 1283 630
6 561 222 451 1300 905 1301
6 322 540 552 1088 1239 1302
6 243 325 519 1192 1162 936
6 290 577 343 1264 1303 1304
6 246 381 376 1004 1305 1277
6 286 414 442 1306 1307 1308
6 240 359 443 1309 1006 1310
6 213 376 381 1311 1305 1312
6 258 339 451 1062 1313 1314
6 252 393 432 1315 1316 1317
6 231 343 577 1318 1303 1201
6 18 19 427 33 1319 971
6 319 397 620 1320 1246 1289
6 320 621 398 1292 1249 1321
6 257 331 426 1222 1272 1322
6 176 430 588 1323 1324 1325
6 242 411 341 655 1167 1326
6 378 550 389 1327 1328 1095
6 290 343 492 1304 902 1329
6 117 118 397 142 1247 1330
6 41 42 398 66 1331 1248
6 257 426 539 1322 1332 908
6 9 353 500 1189 1333 1334
6 218 410 538 1000 1335 1336
6 276 500 353 1337 1333 1338
6 147 148 422 162 1339 861
6 339 561 451 965 1301 1313
6 19 367 427 1135 1340 1319
6 218 538 407 1336 1341 1342
6 241 392 473 1298 978 1343
6 265 453 348 1344 1345 1346
6 239 557 327 1347 1275 1118
6 235 349 480 719 1348 1349
6 239 348 453 1066 1345 1350
6 288 432 393 907 1316 1351
6 184 517 440 1352 1353 945
6 189 335 586 1274 1354 1355
6 159 586 335 1356 1354 871
6 151 152 459 166 1357 887
6 339 488 392 1061 1358 1297
6 309 440 517 943 1353 1018
6 252 336 466 631 878 1359
6 211 575 355 1040 1360 627
6 241 371 452 1361 1362 911
6 306 486 349 1363 785 718
6 242 341 572 1326 1048 1364
6 1 340 429 883 1365 1366
6 247 367 433 1367 1368 1369
6 430 576 588 1370 1371 1324
6 220 442 414 1372 1307 1373
6 97 336 585 879 1374 1375
6 248 587 354 1376 1377 1142
6 280 445 380 1378 1293 725
6 260 479 477 1379 1380 1381
6 190 348 532 1046 1065 1382
6 52 53 455 77 1383 1068
6 106 107 456 131 1073 1384
6 262 429 340 1385 1365 1265
6 346 622 394 1236 1386 1067
6 265 348 469 1346 1387 1208
6 262 565 429 933 1388 1385
6 12 424 337 1389 1390 690
6 264 330 556 1391 1392 1393
6 303 477 479 1394 1380 759
6 312 419 552 778 1395 1131
6 263 329 455 1252 1069 1195
6 264 456 330 1198 1072 1391
6 240 337 589 1179 1396 1397
6 268 433 367 1398 1368 1399
6 45 358 470 1185 1400 1401
6 114 471 357 1402 1403 1182
6 247 404 356 1404 1405 1177
6 235 480 338 1349 1406 923
6 281 420 428 1407 1408 1409
6 268 333 433 763 1410 1398
6 253 375 559 1411 1021 1412
6 288 522 388 1413 1213 1414
6 232 583 519 1415 1416 1161
6 231 518 582 1200 1417 1169
6 287 516 487 1418 1258 649
6 254 391 376 1419 1278 1420
6 312 444 390 1133 1421 903
6 248 374 587 970 1422 1376
6 259 334 440 1423 831 942
6 248 538 328 1424 1425 1220
6 10 342 593 1079 1426 1427
6 289 346 580 1237 1428 1429
6 231 439 343 1171 1430 1318
6 210 431 349 685 1431 784
6 219 441 531 1432 680 1433
6 295 482 375 807 1009 1434
6 265 338 480 1210 1406 1435
6 241 473 371 1343 1436 1361
6 414 524 615 1437 1438 1439
6 222 421 545 1440 1441 853
6 220 530 442 1442 681 1372
6 253 428 420 1443 1408 986
6 150 452 371 1444 1362 1206
6 356 404 568 1405 1445 1262
6 218 563 370 1446 1447 1448
6 250 589 424 1449 1450 801
6 8 469 348 1451 1387 1045
6 150 151 452 165 925 1444
6 237 344 605 750 1228 1452
6 238 606 345 1453 1229 751
6 227 435 520 1176 1454 1455
6 259 560 334 1456 1457 1423
6 592 447 228 1458 1459 1460
6 283 377 412 1461 1462 1282
6 278 371 473 1463 1436 1464
6 254 376 462 1420 1465 1057
6 240 609 353 1466 1467 1011
6 250 529 359 786 1468 1469
6 113 357 527 1183 1470 1471
6 46 528 358 1472 1473 1184
6 236 334 560 1117 1457 1474
6 342 566 593 955 1475 1426
6 358 528 596 1473 1476 1477
6 357 595 527 1478 1479 1470
6 247 433 404 1369 1480 1404
6 212 343 510 700 1481 1482
6 202 593 566 1483 1475 1484
6 59 534 354 1485 1486 1204
6 243 608 390 1487 1287 1488
6 284 354 534 1219 1486 1285
6 196 500 352 1489 1490 988
6 223 504 511 1491 696 1492
6 217 533 341 1493 1494 1166
6 316 479 575 1054 1495 1042
6 49 50 395 74 1496 1497
6 109 110 396 134 1498 1499
6 283 333 512 783 805 1500
6 356 447 592 1501 1458 1178
6 337 424 589 1390 1450 1396
6 284 360 458 1286 1502 1503
6 57 587 374 1504 1422 1505
6 256 447 356 1506 1501 1261
6 254 445 434 1507 1508 1509
6 286 524 414 1510 1437 1306
6 294 423 451 1511 1512 904
6 252 432 370 1317 1513 1514
6 189 190 532 192 1382 1273
6 258 372 488 866 1515 1060
6 105 549 546 1516 1517 1518
6 54 547 548 1519 1520 1521
6 315 551 474 1053 1522 1523
6 279 341 533 892 1494 1524
6 214 391 434 1242 1525 1526
6 344 546 549 749 1517 1099
6 345 548 547 1102 1520 752
6 247 427 367 1164 1340 1367
6 311 611 396 1527 1528 957
6 310 395 612 960 1529 1530
6 237 499 362 1531 1532 814
6 259 465 590 1109 1181 1533
6 276 352 500 1534 1490 1337
6 269 385 437 1187 1535 1536
6 245 364 436 1138 828 1279
6 206 412 377 1537 1462 1538
6 216 406 437 1539 1002 1540
6 216 437 385 1540 1535 1150
6 317 520 435 1541 1454 1056
6 408 541 558 1542 1543 1544
6 234 460 464 1545 1546 1547
6 218 370 432 1448 1513 706
6 255 361 526 1548 1549 1127
6 62 364 564 1550 1137 1551
6 237 605 366 1452 1552 774
6 238 365 606 993 1553 1453
6 282 541 408 1105 1542 1013
6 258 451 423 1314 1512 1113
6 232 492 556 1554 1555 1556
6 240 589 359 1397 1557 1309
6 254 434 391 1509 1525 1419
6 351 613 556 1558 1559 1560
6 243 390 444 1488 1421 1190
6 236 560 486 1474 1561 1562
6 260 508 355 1563 1564 1565
6 51 52 513 76 1254 1566
6 107 108 514 132 1567 1255
6 349 431 480 1431 1568 1348
6 209 570 444 1141 1569 1260
6 58 354 587 1205 1377 1570
6 297 464 460 678 1546 651
6 238 363 616 817 1571 1572
6 211 359 529 1007 1468 1043
6 57 58 587 82 1570 1504
6 47 48 416 72 1573 1574
6 111 112 415 136 1575 1576
6 245 458 360 1577 1502 1091
6 274 362 499 1232 1532 1578
6 220 375 446 1579 1580 1581
6 244 481 607 1123 1582 1583
6 613 264 556 1584 1393 1559
6 351 556 492 1560 1555 901
6 240 443 609 1310 1585 1466
6 212 613 351 1586 1558 698
6 350 486 560 757 1561 1587
6 153 154 487 168 648 1588
6 217 411 476 1168 1589 1590
6 325 444 570 1191 1569 1591
6 606 510 263 1592 1593 1230
6 319 495 397 1146 1594 1320
6 320 398 496 1321 1595 1148
6 265 431 453 1596 755 1344
6 257 574 384 1028 1597 1084
6 259 590 560 1533 1598 1456
6 210 526 361 875 1549 683
6 285 386 441 922 1599 1600
6 286 442 387 1308 1601 919
6 216 515 467 1152 1602 1603
6 239 453 361 1350 754 1604
6 4 146 426 160 1605 1271
6 276 353 609 1338 1467 1606
6 253 446 375 773 1580 1411
6 224 474 551 1607 1522 1608
6 365 510 606 1609 1592 1553
6 212 366 613 731 1610 1586
6 336 569 585 1284 1611 1374
6 245 571 370 1226 1612 1613
6 235 352 537 924 1614 1153
6 260 575 479 1615 1495 1379
6 298 516 421 1259 1616 1617
6 318 467 515 1618 1602 995
6 48 554 416 1619 1620 1573
6 111 415 555 1576 1621 1622
6 239 361 557 1604 1623 1347
6 154 155 425 169 1624 645
6 260 355 575 1565 1360 1615
6 268 367 483 1399 1625 1626
6 278 509 371 1627 1628 1463
6 62 598 364 1629 1630 1550
6 91 585 569 1631 1611 1632
6 104 546 362 1633 815 844
6 55 363 547 843 816 1634
6 49 395 554 1497 1635 1636
6 110 555 396 1637 1638 1498
6 12 13 424 27 1639 1389
6 219 428 580 1640 1641 1642
6 299 447 417 1643 1644 1645
6 276 443 368 1646 1039 1647
6 262 379 551 1648 1649 1052
6 206 377 478 1538 1650 1651
6 270 478 377 1083 1650 1652
6 276 537 352 1653 1614 1534
6 291 596 528 1654 1476 1655
6 292 527 595 1656 1479 1657
6 350 560 590 1587 1598 876
6 280 434 445 1658 1508 1378
6 315 474 409 1523 1659 819
6 206 445 412 1294 1660 1537
6 324 423 579 1114 1661 1662
6 245 370 458 1613 1663 1577
6 57 374 494 1505 1664 1665
6 102 493 373 1666 1667 794
6 217 597 399 1668 1669 746
6 269 437 384 1536 1085 1670
6 428 559 580 1671 1672 1641
6 271 441 386 667 1599 1673
6 272 387 442 1674 1601 668
6 213 381 568 1312 1675 1676
6 20 483 367 1677 1625 1134
6 149 371 509 1207 1628 1678
6 212 510 365 1482 1609 727
6 305 550 378 976 1327 851
6 213 462 376 717 1465 1311
6 250 359 589 1469 1557 1449
6 370 563 458 1447 1679 1663
6 242 572 490 1364 1680 1681
6 50 612 395 1682 1529 1496
6 109 396 611 1499 1528 1683
6 302 416 554 1684 1620 1685
6 301 555 415 1686 1621 1687
6 1 429 23 1366 1688 38
6 256 417 447 1224 1644 1506
6 311 519 583 958 1416 1689
6 310 582 518 1690 1417 959
6 15 16 503 30 1691 860
6 267 497 369 1107 1692 659
6 275 616 363 1693 1571 1233
6 201 566 353 1694 1012 1188
6 216 467 406 1603 1111 1539
6 201 202 566 204 1484 1694
6 61 564 360 1695 1092 1063
6 274 373 493 915 1667 1231
6 275 494 374 1234 1664 916
6 255 557 361 1194 1623 1548
6 404 433 584 1480 1696 1697
6 22 23 565 37 1698 1049
6 61 62 564 86 1551 1695
6 14 15 454 29 858 1699
6 88 364 598 829 1630 1700
6 304 521 503 1701 1702 1703
6 270 379 476 1704 1705 1706
6 251 438 594 1707 1708 1120
6 224 512 474 1709 804 1607
6 217 369 533 747 1710 1493
6 119 120 449 144 793 1711
6 39 40 450 64 1712 1025
6 321 592 601 984 1713 1714
6 260 477 382 1381 1050 1715
6 283 618 377 1716 1717 1461
6 214 488 372 1718 1515 1240
6 252 466 393 1359 720 1315
6 116 484 386 1719 1720 964
6 43 387 485 963 1721 1722
6 234 615 524 1723 1438 1724
6 278 473 581 1464 1725 1726
6 56 57 494 81 1665 897
6 102 103 493 127 900 1666
6 357 471 525 1403 1727 1728
6 358 524 470 1729 1730 1400
6 156 405 602 1034 1731 1732
6 332 591 417 1733 1734 1223
6 237 378 499 852 1735 1531
6 280 504 544 697 1736 1737
6 279 533 369 1524 1710 1738
6 146 147 539 161 1033 1739
6 254 412 445 1059 1660 1507
6 302 481 507 1740 1741 1742
6 260 382 508 1715 1243 1563
6 206 478 383 1651 847 961
6 279 369 535 1738 1743 1744
6 224 379 505 1745 1746 1747
6 269 511 380 1748 726 951
6 306 619 486 637 1749 1363
6 270 377 505 1652 1750 1751
6 42 43 485 67 1722 1752
6 116 117 484 141 1753 1719
6 270 505 379 1751 1746 1704
6 217 476 597 1590 1754 1668
6 271 386 484 1673 1720 1755
6 272 485 387 1756 1721 1674
6 249 553 388 1757 1758 1129
6 175 623 176 1759 1760 179
6 226 507 481 781 1741 1074
6 269 384 511 1670 1761 1748
6 214 392 488 881 1358 1718
6 307 581 473 1762 1725 977
6 270 476 411 1706 1589 1082
6 242 490 385 1681 1211 1199
6 220 604 375 1763 1764 1579
6 276 368 537 1647 1154 1653
6 252 370 571 1514 1612 632
6 292 415 527 1765 1766 1656
6 291 528 416 1655 1767 1768
6 343 439 510 1430 1769 1481
6 44 45 470 69 1401 739
6 114 115 471 139 744 1402
6 396 555 608 1638 1770 1771
6 395 607 554 1772 1773 1635
6 215 573 378 1774 1775 1094
6 213 568 404 1676 1445 1776
6 112 527 415 1777 1766 1575
6 47 416 528 1574 1767 1778
6 293 503 521 859 1702 1779
6 308 567 561 1780 1781 790
6 299 588 576 1782 1371 1783
6 296 491 501 1136 1784 639
6 8 194 469 197 1217 1451
6 20 21 483 35 1785 1677
6 90 91 569 95 1632 1299
6 104 105 546 129 1518 1633
6 54 55 547 79 1634 1519
6 322 552 419 1302 1395 1130
6 281 543 603 1786 1787 1788
6 268 409 474 1789 1659 761
6 288 388 553 1414 1758 906
6 223 511 384 1492 1761 1790
6 224 551 379 1608 1649 1745
6 321 601 468 1714 1791 885
6 347 603 543 1792 1787 1793
6 295 375 604 1434 1764 1794
6 271 397 495 1795 1594 1796
6 272 496 398 1797 1595 1798
6 300 425 602 1799 1800 1801
6 21 409 483 1244 1802 1785
6 262 597 379 1803 1804 1648
6 307 544 504 835 1736 1805
6 273 501 491 766 1784 946
6 117 397 484 1330 1806 1753
6 42 485 398 1752 1807 1331
6 616 550 238 1808 992 1572
6 271 495 402 1796 1809 665
6 272 403 496 670 1810 1797
6 119 449 620 1711 1290 1811
6 40 621 450 1812 1291 1712
6 271 484 397 1755 1806 1795
6 272 398 485 1798 1807 1756
6 99 522 393 1813 1814 722
6 176 623 430 1760 1815 1323
6 229 402 495 1816 1809 1145
6 230 496 403 1149 1810 948
6 268 483 409 1626 1802 1789
6 236 619 508 1817 1818 1115
6 13 624 424 1819 1280 1639
6 244 518 540 941 1820 1122
6 300 602 405 1801 1731 869
6 261 457 576 1821 1822 1823
6 288 393 522 1351 1814 1413
6 99 100 522 124 1214 1813
6 177 588 417 1824 1825 1826
6 313 422 489 862 1827 1828
6 275 389 616 974 1829 1693
6 256 568 381 1263 1675 989
6 389 550 616 1328 1808 1829
6 221 438 498 1830 1831 1096
6 308 459 567 888 1832 1780
6 222 567 421 1833 1834 1440
6 3 585 91 1835 1631 96
6 355 508 619 1564 1818 625
6 302 607 481 1836 1582 1740
6 9 500 196 1334 1489 200
6 183 562 418 1837 1838 1839
6 326 540 518 1175 1820 1124
6 313 489 574 1828 1840 1027
6 148 149 509 163 1678 1841
6 223 384 574 1790 1597 1842
6 155 602 425 1843 1800 1624
6 3 97 585 121 1375 1835
6 277 572 413 1844 1047 1845
6 233 595 525 1846 1847 934
6 234 524 596 1724 1848 1849
6 300 498 425 1110 1850 1799
6 357 525 595 1728 1847 1478
6 358 596 524 1477 1848 1729
6 317 624 454 1281 1851 1852
6 299 614 447 1853 1854 1643
6 182 423 562 1855 1856 1857
6 183 418 517 1839 1019 1858
6 5 586 159 1859 1356 174
6 5 189 586 191 1355 1859
6 207 603 542 1860 1861 1862
6 229 543 402 1863 1864 1816
6 112 113 527 137 1471 1777
6 46 47 528 71 1778 1472
6 274 573 400 1865 1866 913
6 287 498 438 1867 1831 1868
6 2 88 598 92 1700 1869
6 59 60 534 84 1173 1485
6 0 593 202 1870 1483 205
6 0 10 593 24 1427 1870
6 278 489 422 1871 1827 1872
6 182 579 423 1873 1661 1855
6 266 467 475 1112 1874 926
6 183 517 184 1858 1352 187
6 248 407 538 1144 1341 1424
6 279 408 558 1875 1544 1876
6 299 417 588 1645 1825 1782
6 263 510 439 1593 1769 1251
6 53 54 548 78 1521 1877
6 105 106 549 130 1878 1516
6 298 421 567 1617 1834 1879
6 177 417 591 1826 1734 1880
6 318 475 467 1881 1874 1618
6 281 402 543 1882 1864 1786
6 208 394 622 1090 1386 1883
6 48 49 554 73 1636 1619
6 110 111 555 135 1622 1637
6 279 535 408 1744 1884 1875
6 282 403 530 1014 682 1885
6 223 574 489 1842 1840 1886
6 227 520 463 1455 1887 703
6 2 598 62 1869 1629 87
6 226 419 523 1076 1888 701
6 287 425 498 646 1850 1867
6 294 418 562 1889 1838 1890
6 301 415 506 1687 1891 693
6 302 507 416 1742 1892 1684
6 14 454 624 1699 1851 1893
6 281 531 402 1894 679 1882
6 230 408 535 950 1884 1895
6 347 542 603 732 1861 1792
6 285 441 536 1600 1896 1037
6 265 480 431 1435 1568 1596
6 292 506 415 1030 1891 1765
6 291 416 507 1768 1892 1031
6 457 614 576 1897 1898 1822
6 215 400 573 1157 1866 1774
6 244 607 395 1583 1772 939
6 243 396 608 938 1771 1487
6 228 447 614 1459 1854 1899
6 207 542 413 1862 1900 1901
6 219 580 536 1642 1902 1903
6 294 562 423 1890 1856 1511
6 108 109 611 133 1683 1904
6 50 51 612 75 1905 1682
6 40 41 621 65 1250 1812
6 118 119 620 143 1811 1245
6 278 422 509 1872 1906 1627
6 148 509 422 1841 1906 1339
6 328 538 410 1425 1335 1295
6 279 558 413 1876 1907 890
6 16 17 599 31 1908 1909
6 152 153 600 167 1910 1911
6 262 399 597 1266 1669 1803
6 13 14 624 28 1893 1819
6 207 558 541 1912 1543 1913
6 182 562 183 1857 1837 186
6 155 156 602 170 1732 1843
6 293 463 520 1914 1887 1915
6 213 404 584 1776 1697 1080
6 346 536 580 823 1902 1428
6 277 515 490 996 1212 1916
6 251 545 421 1917 1441 1918
6 251 421 516 1918 1616 1919
6 304 457 521 1920 1921 1701
6 285 525 471 1038 1727 921
6 286 470 524 920 1730 1510
6 218 407 563 1342 1922 1446
6 280 544 434 1737 1923 1658
6 273 523 419 947 1888 777
6 277 413 542 1845 1900 674
6 249 410 553 1296 999 1757
6 7 579 182 1924 1873 185
6 261 463 521 797 1925 1926
6 284 563 407 1927 1922 1218
6 207 541 420 1913 987 1928
6 220 446 530 1581 1929 1442
6 176 588 177 1325 1824 180
6 7 177 591 181 1880 1930
6 222 561 567 1300 1781 1833
6 276 609 443 1606 1585 1646
6 251 516 438 1919 1931 1707
6 228 601 592 1932 1713 1460
6 207 413 558 1901 1907 1912
6 236 486 619 1562 1749 1817
6 318 617 475 1270 1933 1881
6 281 428 531 1409 1934 1894
6 146 539 426 1739 1332 1605
6 281 603 420 1788 1935 1407
6 369 497 535 1692 1936 1743
6 223 489 581 1886 1937 1938
6 317 454 520 1852 1939 1541
6 229 475 617 998 1933 1940
6 378 573 499 1775 1941 1735
6 261 521 457 1926 1921 1821
6 294 545 418 854 1942 1889
6 230 535 497 1895 1936 1159
6 293 520 454 1915 1939 857
6 282 530 446 1885 1929 1104
6 219 531 428 1433 1934 1640
6 223 581 504 1938 1943 1491
6 330 583 556 1944 1945 1392
6 293 521 463 1779 1925 1914
6 287 438 516 1868 1931 1418
6 214 434 544 1526 1923 880
6 220 414 604 1373 1946 1763
6 207 420 603 1928 1935 1860
6 228 457 601 1947 1948 1932
6 221 594 438 1949 1708 1830
6 232 556 583 1556 1945 1415
6 253 559 428 1412 1671 1443
6 333 584 433 1081 1696 1410
6 219 536 441 1903 1896 1432
6 23 429 565 1688 1388 1698
6 251 418 545 800 1942 1917
6 224 505 618 1747 1950 1951
6 295 604 414 1794 1946 1952
6 295 414 615 1952 1439 1953
6 284 458 563 1503 1679 1927
6 298 600 487 1954 1955 1257
6 224 618 512 1951 1956 1709
6 304 601 457 1957 1948 1920
6 53 548 455 1877 1196 1383
6 106 456 549 1384 1197 1878
6 304 503 599 1703 1958 1959
6 298 459 600 1960 1961 1954
6 278 581 489 1726 1937 1871
6 298 567 459 1879 1832 1960
6 261 576 430 1823 1370 1023
6 274 499 573 1578 1941 1865
6 303 430 623 1024 1815 1962
6 221 465 594 736 1963 1949
6 301 608 555 1288 1770 1686
6 302 554 607 1685 1773 1836
6 379 597 476 1804 1754 1705
6 292 595 461 1657 1964 1029
6 291 460 596 1032 1965 1654
6 264 613 605 1584 1966 1227
6 153 487 600 1588 1955 1910
6 152 600 459 1911 1961 1357
6 16 599 503 1909 1958 1691
6 233 461 595 642 1964 1846
6 234 596 460 1849 1965 1545
6 366 605 613 1552 1966 1610
6 228 614 457 1899 1897 1947
6 175 477 623 1051 1967 1759
6 289 580 559 1429 1672 1020
6 309 594 465 1121 1963 1108
6 304 468 601 1968 1791 1957
6 304 599 468 1959 1969 1968
6 295 615 464 1953 1970 806
6 277 490 572 1916 1680 1844
6 232 610 492 1268 1971 1554
6 311 514 611 1972 1973 1527
6 310 612 513 1530 1974 1975
6 325 570 610 1591 1976 1267
6 234 464 615 1547 1970 1723
6 108 611 514 1904 1973 1567
6 51 513 612 1566 1974 1905
6 290 610 570 1977 1976 1215
6 208 622 482 1883 1978 737
6 17 468 599 1180 1969 1908
6 307 504 581 1805 1943 1762
6 329 582 513 1203 1979 1253
6 330 514 583 1256 1980 1944
6 289 482 622 1010 1978 1235
6 310 513 582 1975 1979 1690
6 311 583 514 1689 1980 1972
6 290 492 610 1329 1971 1977
6 303 623 477 1962 1967 1394
6 7 591 578 1930 1981 1982
6 377 618 505 1717 1950 1750
6 229 617 543 1940 1983 1863
6 347 543 617 1793 1983 1269
6 7 578 579 1982 1984 1924
6 283 512 618 1500 1956 1716
6 332 578 591 979 1981 1733
6 324 579 578 1662 1984 929
6 299 576 614 1783 1898 1853
CELL_TYPES 941
22
22
22
22
22
22
22
22
22
22
22
22
22
22
22
22
22
22
22
22
22
22
22
22
22
22
22
22
22
22
22
22
22
22
22
22
22
22
22
22
22
22
22
22
22
22
22
22
22
22
22
22
22
22
22
22
22
22
22
22
22
22
22
22
22
22
22
22
22
22
22
22
22
22
22
22
22
22
22
22
22
22
22
22
22
22
22
22
22
22
22
22
22
22
22
22
22
22
22
22
22
22
22
22
22
22
22
22
22
22
22
22
22
22
22
22
22
22
22
22
22
22
22
22
22
22
22
22
22
22
22
22
22
22
22
22
22
22
22
22
22
22
22
22
22
22
22
22
22
22
22
22
22
22
22
22
22
22
22
22
22
22
22
22
22
22
22
22
22
22
22
22
22
22
22
22
22
22
22
22
22
22
22
22
22
22
22
22
22
22
22
22
22
22
22
22
22
22
22
22
22
22
22
22
22
22
22
22
22
22
22
22
22
22
22
22
22
22
22
22
22
22
22
22
22
22
22
22
22
22
22
22
22
22
22
22
22
22
22
22
22
22
22
22
22
22
22
22
22
22
22
22
22
22
22
22
22
22
22
22
22
22
22
22
22
22
22
22
22
22
22
22
22
22
22
22
22
22
22
22
22
22
22
22
22
22
22
22
22
22
22
22
22
22
22
22
22
22
22
22
22
22
22
22
22
22
22
22
22
22
22
22
22
22
22
22
22
22
22
22
22
22
22
22
22
22
22
22
22
22
22
22
22
22
22
22
22
22
22
22
22
22
22
22
22
22
22
22
22
22
22
22
22
22
22
22
22
22
22
22
22
22
22
22
22
22
22
22
22
22
22
22
22
22
22
22
22
22
22
22
22
22
22
22
22
22
22
22
22
22
22
22
22
22
22
22
22
22
22
22
22
22
22
22
22
22
22
22
22
22
22
22
22
22
22
22
22
22
22
22
22
22
22
22
22
22
22
22
22
22
22
22
22
22
22
22
22
22
22
22
22
22
22
22
22
22
22
22
22
22
22
22
22
22
22
22
22
22
22
22
22
22
22
22
22
22
22
22
22
22
22
22
22
22
22
22
22
22
22
22
22
22
22
22
22
22
22
22
22
22
22
22
22
22
22
22
22
22
22
22
22
22
22
22
22
22
22
22
22
22
22
22
22
22
22
22
22
22
22
22
22
22
22
22
22
22
22
22
22
22
22
22
22
22
22
22
22
22
22
22
22
22
22
22
22
22
22
22
22
22
22
22
22
22
22
22
22
22
22
22
22
22
22
22
22
22
22
22
22
22
22
22
22
22
22
22
22
22
22
22
22
22
22
22
22
22
22
22
22
22
22
22
22
22
22
22
22
22
22
22
22
22
22
22
22
22
22
22
22
22
22
22
22
22
22
22
22
22
22
22
22
22
22
22
22
22
22
22
22
22
22
22
22
22
22
22
22
22
22
22
22
22
22
22
22
22
22
22
22
22
22
22
22
22
22
22
22
22
22
22
22
22
22
22
22
22
22
22
22
22
22
22
22
22
22
22
22
22
22
22
22
22
22
22
22
22
22
22
22
22
22
22
22
22
22
22
22
22
22
22
22
22
22
22
22
22
22
22
22
22
22
22
22
22
22
22
22
22
22
22
22
22
22
22
22
22
22
22
22
22
22
22
22
22
22
22
22
22
22
22
22
22
22
22
22
22
22
22
22
22
22
22
22
22
22
22
22
22
22
22
22
22
22
22
22
22
22
22
22
22
22
22
22
22
22
22
22
22
22
22
22
22
22
22
22
22
22
22
22
22
22
22
22
22
22
22
22
22
22
22
22
22
22
22
22
22
22
22
22
22
22
22
22
22
22
22
22
22
22
22
22
22
22
22
22
22
22
22
22
22
22
22
22
22
22
22
22
22
22
22
22
22
22
22
22
22
22
22
22
22
22
22
22
22
22
22
22
22
22
22
22
22
22
22
22
22
22
22
22
22
22
22
22
22
22
22
22
22
22
22
22
22
22
22
22
22
22
22
22
22
22
22
22
22
22
22
22
22
22
22
22
22
22
22
22
22
22
22
22
22
22
22
22
22
22
22
22
22
22
22
22
22
22
22
22
22
22
22
22
22
22
22
22
22
22
22
22
22
22
22
22
POINT_DATA 1985
VECTORS velocity double
-0.000000002194143 -0.000000002307630 0.000000000000000
0.000000000409531 -0.000000002478469 0.000000000000000
0.000000000467359 0.000000000014154 0.000000000000000
0.000000000507747 -0.000000000008337 0.000000000000000
0.000000000412743 0.000000002485062 0.000000000000000
-0.000000002196218 0.000000002309842 0.000000000000000
0.000000006078590 0.000000000010088 0.000000000000000
-0.000000001437429 0.000000000002798 0.000000000000000
0.839999995620506 0.000000000016129 0.000000000000000
0.839999995616841 -0.000000000012074 0.000000000000000
-0.000000000181550 -0.000000004205054 0.000000000000000
0.000000000198345 -0.000000004547023 0.000000000000000
0.000000000366548 -0.000000004592462 0.000000000000000
0.000000000498004 -0.000000004543878 0.000000000000000
0.000000000682822 -0.000000004170822 0.000000000000000
0.000000000899434 -0.000000003333711 0.000000000000000
0.000000000632785 -0.000000002727161 0.000000000000000
0.000000000480656 -0.000000002635893 0.000000000000000
0.000000000403923 -0.000000002718959 0.000000000000000
0.000000000397496 -0.000000002739169 0.000000000000000
0.000000000404556 -0.000000002725109 0.000000000000000
0.000000000403759 -0.000000002682192 0.000000000000000
0.000000000430988 -0.000000002618667 0.000000000000000
0.000000000401336 -0.000000002546408 0.000000000000000
0.000000000542621 -0.000000004943785 0.000000000000000
0.000000000253746 -0.000000004660687 0.000000000000000
0.000000000235280 -0.000000004621292 0.000000000000000
0.000000000276892 -0.000000004601740 0.000000000000000
0.000000000462973 -0.000000004395204 0.000000000000000
0.000000000703435 -0.000000003784981 0.000000000000000
0.000000000688380 -0.000000003015494 0.000000000000000
0.000000000485097 -0.000000002678650 0.000000000000000
0.000000000349177 -0.000000002668862 0.000000000000000
0.000000000325194 -0.000000002719182 0.000000000000000
0.000000000321122 -0.000000002732822 0.000000000000000
0.000000000331136 -0.000000002702584 0.000000000000000
0.000000000330597 -0.000000002651313 0.000000000000000
0.000000000330284 -0.000000002582211 0.000000000000000
0.000000000327185 -0.000000002512238 0.000000000000000
0.000000000412283 -0.000000002402829 0.000000000000000
0.000000000393741 -0.000000002331183 0.000000000000000
0.000000000394312 -0.000000002255807 0.000000000000000
0.000000000397849 -0.000000002174675 0.000000000000000
0.000000000404092 -0.000000002099414 0.000000000000000
0.000000000414920 -0.000000002017844 0.000000000000000
0.000000000408993 -0.000000001937620 0.000000000000000
0.000000000402216 -0.000000001852113 0.000000000000000
0.000000000404350 -0.000000001767046 0.000000000000000
0.000000000409055 -0.000000001675903 0.000000000000000
0.000000000413993 -0.000000001588410 0.000000000000000
0.000000000407301 -0.000000001493174 0.000000000000000
0.000000000406675 -0.000000001402897 0.000000000000000
0.000000000457777 -0.000000001301158 0.000000000000000
0.000000000416332 -0.000000001194057 0.000000000000000
0.000000000418555 -0.000000001093121 0.000000000000000
0.000000000436525 -0.000000000984473 0.000000000000000
0.000000000453897 -0.000000000876091 0.000000000000000
0.000000000480885 -0.000000000758615 0.000000000000000
0.000000000443672 -0.000000000639377 0.000000000000000
0.000000000448359 -0.000000000525127 0.000000000000000
0.000000000450999 -0.000000000402374 0.000000000000000
0.000000000458989 -0.000000000275455 0.000000000000000
0.000000000480577 -0.000000000149879 0.000000000000000
0.000000000324103 -0.000000002439787 0.000000000000000
0.000000000325208 -0.000000002367025 0.000000000000000
0.000000000329822 -0.000000002292867 0.000000000000000
0.000000000326618 -0.000000002214638 0.000000000000000
0.000000000321871 -0.000000002137425 0.000000000000000
0.000000000315941 -0.000000002057489 0.000000000000000
0.000000000314857 -0.000000001977790 0.000000000000000
0.000000000320046 -0.000000001894298 0.000000000000000
0.000000000321094 -0.000000001809617 0.000000000000000
0.000000000317584 -0.000000001721173 0.000000000000000
0.000000000313649 -0.000000001632659 0.000000000000000
0.000000000311576 -0.000000001539591 0.000000000000000
0.000000000316353 -0.000000001448313 0.000000000000000
0.000000000308255 -0.000000001352387 0.000000000000000
0.000000000305628 -0.000000001246961 0.000000000000000
0.000000000314145 -0.000000001144676 0.000000000000000
0.000000000305823 -0.000000001040417 0.000000000000000
0.000000000290645 -0.000000000927168 0.000000000000000
0.000000000291502 -0.000000000818170 0.000000000000000
0.000000000288032 -0.000000000697465 0.000000000000000
0.000000000285921 -0.000000000581887 0.000000000000000
0.000000000290653 -0.000000000465459 0.000000000000000
0.000000000282641 -0.000000000336281 0.000000000000000
0.000000000285806 -0.000000000218334 0.000000000000000
0.000000000290581 -0.000000000066756 0.000000000000000
0.767855052963534 0.006123866464692 0.000000000000000
0.799284774209690 0.004986692998803 0.000000000000000
0.796491653027738 -0.003192908274594 0.000000000000000
0.764751666936470 -0.003000381104718 0.000000000000000
0.519997879752122 0.006666968871281 0.000000000000000
0.796197232468072 0.008158834289152 0.000000000000000
0.800145666297656 -0.000154940839268 0.000000000000000
0.799238811618692 -0.005831458386262 0.000000000000000
0.520228654812482 -0.002582616593709 0.000000000000000
0.000000000519278 0.000000000145086 0.000000000000000
0.000000000430943 0.000000000278654 0.000000000000000
0.000000000478695 0.000000000405500 0.000000000000000
0.000000000459491 0.000000000529996 0.000000000000000
0.000000000487770 0.000000000644058 0.000000000000000
0.000000000458073 0.000000000759325 0.000000000000000
0.000000000445884 0.000000000873365 0.000000000000000
0.000000000435345 0.000000000984737 0.000000000000000
0.000000000418184 0.000000001092204 0.000000000000000
0.000000000415640 0.000000001193396 0.000000000000000
0.000000000455944 0.000000001300812 0.000000000000000
0.000000000405818 0.000000001402815 0.000000000000000
0.000000000407147 0.000000001492985 0.000000000000000
0.000000000412850 0.000000001588829 0.000000000000000
0.000000000408247 0.000000001676224 0.000000000000000
0.000000000404679 0.000000001768220 0.000000000000000
0.000000000402950 0.000000001853642 0.000000000000000
0.000000000409298 0.000000001939698 0.000000000000000
0.000000000414300 0.000000002020190 0.000000000000000
0.000000000404384 0.000000002102443 0.000000000000000
0.000000000398205 0.000000002178716 0.000000000000000
0.000000000394437 0.000000002260523 0.000000000000000
0.000000000394167 0.000000002336635 0.000000000000000
0.000000000414437 0.000000002408524 0.000000000000000
0.000000000273966 0.000000000066541 0.000000000000000
0.000000000289458 0.000000000218913 0.000000000000000
0.000000000292593 0.000000000343244 0.000000000000000
0.000000000286796 0.000000000467618 0.000000000000000
0.000000000273543 0.000000000585651 0.000000000000000
0.000000000274098 0.000000000701203 0.000000000000000
0.000000000290716 0.000000000817635 0.000000000000000
0.000000000293731 0.000000000927289 0.000000000000000
0.000000000305894 0.000000001039516 0.000000000000000
0.000000000314251 0.000000001144033 0.000000000000000
0.000000000306305 0.000000001246490 0.000000000000000
0.000000000309010 0.000000001352278 0.000000000000000
0.000000000316510 0.000000001448128 0.000000000000000
0.000000000312066 0.000000001539750 0.000000000000000
0.000000000314532 0.000000001633062 0.000000000000000
0.000000000318161 0.000000001721875 0.000000000000000
0.000000000321531 0.000000001810899 0.000000000000000
0.000000000320720 0.000000001896111 0.000000000000000
0.000000000315612 0.000000001980001 0.000000000000000
0.000000000316807 0.000000002059992 0.000000000000000
0.000000000322939 0.000000002140942 0.000000000000000
0.000000000327869 0.000000002219057 0.000000000000000
0.000000000331032 0.000000002297917 0.000000000000000
0.000000000326019 0.000000002372413 0.000000000000000
0.000000000324689 0.000000002446150 0.000000000000000
0.000000000404893 0.000000002552774 0.000000000000000
0.000000000434200 0.000000002625184 0.000000000000000
0.000000000404882 0.000000002688223 0.000000000000000
0.000000000405617 0.000000002732969 0.000000000000000
0.000000000403111 0.000000002749919 0.000000000000000
0.000000000414903 0.000000002737476 0.000000000000000
0.000000000472676 0.000000002672612 0.000000000000000
0.000000000612453 0.000000002752781 0.000000000000000
0.000000000879048 0.000000003307347 0.000000000000000
0.000000000686706 0.000000004105278 0.000000000000000
0.000000000522020 0.000000004500590 0.000000000000000
0.000000000384946 0.000000004577670 0.000000000000000
0.000000000205683 0.000000004545304 0.000000000000000
-0.000000000179477 0.000000004202589 0.000000000000000
0.000000000326369 0.000000002518784 0.000000000000000
0.000000000329382 0.000000002588246 0.000000000000000
0.000000000331158 0.000000002656816 0.000000000000000
0.000000000333172 0.000000002710112 0.000000000000000
0.000000000322289 0.000000002741901 0.000000000000000
0.000000000323796 0.000000002733775 0.000000000000000
0.000000000350492 0.000000002695282 0.000000000000000
0.000000000469600 0.000000002708274 0.000000000000000
0.000000000659890 0.000000003018678 0.000000000000000
0.000000000688560 0.000000003732717 0.000000000000000
0.000000000471509 0.000000004340157 0.000000000000000
0.000000000288092 0.000000004574955 0.000000000000000
0.000000000241138 0.000000004613215 0.000000000000000
0.000000000254313 0.000000004658596 0.000000000000000
0.000000000544187 0.000000004943490 0.000000000000000
0.000000004430209 0.000000001280915 0.000000000000000
0.000000002375729 0.000000001757206 0.000000000000000
0.000000000118073 0.000000001530813 0.000000000000000
0.000000005616675 0.000000001325752 0.000000000000000
0.000000002293512 0.000000002835079 0.000000000000000
-0.000000000204702 0.000000002266398 0.000000000000000
-0.000000001920831 0.000000000840506 0.000000000000000
0.000000000169105 -0.000000001507302 0.000000000000000
0.000000002408795 -0.000000001755920 0.000000000000000
0.000000004384420 -0.000000001075421 0.000000000000000
-0.000000001919668 -0.000000000835741 0.000000000000000
-0.000000000205098 -0.000000002304466 0.000000000000000
0.000000002170769 -0.000000002883887 0.000000000000000
0.000000005783292 -0.000000001385095 0.000000000000000
0.359999995838230 0.000000000395644 0.000000000000000
0.639999995568813 0.000000000078608 0.000000000000000
0.189999995024184 -0.000000000344534 0.000000000000000
0.509999995365827 -0.000000000069411 0.000000000000000
0.749999995501426 -0.000000000033492 0.000000000000000
0.959999995679866 0.000000000007847 0.000000000000000
0.999999995721386 0.000000000001766 0.000000000000000
0.959999995676822 -0.000000000004604 0.000000000000000
0.909999995599590 -0.000000000010610 0.000000000000000
0.989999995651399 -0.000000000007014 0.000000000000000
0.989999995650672 0.000000000009264 0.000000000000000
0.909999995598788 0.000000000012470 0.000000000000000
0.639999995568735 -0.000000000073752 0.000000000000000
0.359999995831896 -0.000000000392972 0.000000000000000
0.749999995501549 0.000000000032623 0.000000000000000
0.509999995364777 0.000000000070401 0.000000000000000
0.189999995023640 0.000000000341264 0.000000000000000
0.687758626886195 -0.004745384542158 0.000000000000000
0.779544507829173 -0.001115968198189 0.000000000000000
0.787820772943295 -0.000236685695790 0.000000000000000
0.789717671062494 -0.000071663089808 0.000000000000000
0.861372162438789 0.083638999634064 0.000000000000000
0.851855281880290 -0.077208521105971 0.000000000000000
0.788403535496448 -0.000066794046263 0.000000000000000
0.807580353248206 0.102540568155036 0.000000000000000
0.776673318808291 -0.115885625144273 0.000000000000000
0.791976323658309 -0.000980594393572 0.000000000000000
0.795226445691644 -0.013590265481953 0.000000000000000
0.788588089483963 0.011741489041575 0.000000000000000
0.791992994301430 0.000685365211562 0.000000000000000
0.789264267214556 -0.002091344711855 0.000000000000000
0.788374657541968 0.001289649602925 0.000000000000000
0.797097349917112 0.339023125353579 0.000000000000000
1.103381670818681 -0.214405705301834 0.000000000000000
0.833007669409391 -0.025963166149695 0.000000000000000
0.824313902399723 0.025677663666669 0.000000000000000
0.789181524391205 -0.000777517223467 0.000000000000000
0.789269165796716 0.000670247304943 0.000000000000000
0.776890261305076 -0.344352535699844 0.000000000000000
1.077008796546090 0.202145775244551 0.000000000000000
0.787486232760885 -0.005156344415428 0.000000000000000
0.783492695885050 0.004324985742407 0.000000000000000
0.789539203156181 0.001524272084265 0.000000000000000
0.790020611701941 -0.001945432414384 0.000000000000000
0.786134231940655 -0.000229313522346 0.000000000000000
0.783971979493859 -0.000116209395071 0.000000000000000
0.972270132488266 -0.000772492899991 0.000000000000000
0.849757790785623 0.007419003354118 0.000000000000000
0.793794654752588 -0.003659608660243 0.000000000000000
0.792757470165326 0.003531356286686 0.000000000000000
0.633031160433160 0.061267151240617 0.000000000000000
0.638248113245053 -0.057366259728988 0.000000000000000
0.879536476973686 -0.043130571755991 0.000000000000000
0.749574683137938 -0.002652326048837 0.000000000000000
0.783331077531117 0.000695152713108 0.000000000000000
0.783074623983169 -0.000655510345338 0.000000000000000
0.799703546637049 -0.000556087949055 0.000000000000000
0.285994821603513 -0.000041690383764 0.000000000000000
0.879083123364020 0.048567469110715 0.000000000000000
0.799424346012353 0.000286136631265 0.000000000000000
0.800330116996237 0.000912100479936 0.000000000000000
0.658596540312933 -0.133637171342360 0.000000000000000
1.054430801309866 0.090174433309751 0.000000000000000
0.800319137790890 0.000818230562044 0.000000000000000
0.785627685175310 -0.000493897121391 0.000000000000000
0.564297128468272 -0.003122797107067 0.000000000000000
0.688077530475818 0.146986305128026 0.000000000000000
0.865408594607309 0.223816460633907 0.000000000000000
0.762280872799704 -0.007652874819984 0.000000000000000
0.894456643978912 -0.232222301229521 0.000000000000000
0.693419511933025 0.387328996896913 0.000000000000000
0.706666309430195 -0.350457106169043 0.000000000000000
1.060598128323319 -0.079327724554110 0.000000000000000
0.746231686224474 0.006871113637056 0.000000000000000
0.785829391027574 -0.003556925597326 0.000000000000000
0.784140885296452 0.003411247379417 0.000000000000000
0.908031596033632 0.045068089910638 0.000000000000000
0.735162243312320 -0.002526091955861 0.000000000000000
0.733098479183387 0.002498482028443 0.000000000000000
0.763427535659504 0.011135493858997 0.000000000000000
0.783738561771594 -0.027834070068961 0.000000000000000
0.770175037961450 0.024358793000036 0.000000000000000
0.714659288831112 -0.002602956717680 0.000000000000000
0.713540345544715 0.002226695495539 0.000000000000000
0.789008740739675 -0.000134823495691 0.000000000000000
0.790677818494683 -0.002297570242617 0.000000000000000
0.790963264147342 -0.000327498747647 0.000000000000000
0.895080620747262 -0.040894838633764 0.000000000000000
0.774366501885578 -0.006709116880830 0.000000000000000
0.751629063857845 -0.009871825560151 0.000000000000000
0.779693380574595 0.005446110149850 0.000000000000000
0.776394187380396 -0.056897920765621 0.000000000000000
0.786908969151413 -0.003996535850592 0.000000000000000
0.785889542514480 0.002780610202354 0.000000000000000
0.757406020942394 0.055710661363759 0.000000000000000
0.793750607674427 0.002246592326528 0.000000000000000
0.723933062304050 -0.000621709060721 0.000000000000000
0.730086066086015 0.000390314698607 0.000000000000000
0.944176268782477 0.041628529451938 0.000000000000000
0.790047011135912 0.000771151981989 0.000000000000000
0.787966651031576 -0.000507568988386 0.000000000000000
0.790067477943884 0.000181799076319 0.000000000000000
0.726565490236037 0.000703693501602 0.000000000000000
0.726928707652243 -0.000817184776761 0.000000000000000
0.929895919592262 -0.051226172890391 0.000000000000000
1.045646316566776 -0.259517210928681 0.000000000000000
0.788466499040402 -0.000242520756036 0.000000000000000
0.788864065385293 -0.000676756822256 0.000000000000000
0.788634202499362 0.000432042206505 0.000000000000000
0.942398761817576 -0.112680371056858 0.000000000000000
1.013258834009315 0.264382210025397 0.000000000000000
0.680249201534510 0.159987237236004 0.000000000000000
0.726993418400400 -0.001279561105470 0.000000000000000
0.723605873079618 0.001228559527098 0.000000000000000
0.800610065564471 -0.442463593579345 0.000000000000000
0.936848102038803 0.110618434898719 0.000000000000000
0.790922670520231 -0.000873649080314 0.000000000000000
0.926893519885522 -0.014564873566112 0.000000000000000
0.879469615781794 -0.048763836904244 0.000000000000000
0.771362474524914 -0.050186575727825 0.000000000000000
0.766719216611775 0.461379733476037 0.000000000000000
0.719806683145164 0.001578518529702 0.000000000000000
0.720241466454587 -0.001436135345725 0.000000000000000
0.789642392376397 -0.000500152746247 0.000000000000000
0.680724535029505 -0.005677579715916 0.000000000000000
0.758731454348438 0.231917233105160 0.000000000000000
0.654775749969948 0.004622165590445 0.000000000000000
0.743974503813306 -0.226747933827614 0.000000000000000
0.644631405430654 -0.147278730719670 0.000000000000000
0.788253737846285 -0.008349466082851 0.000000000000000
0.689986146823291 -0.002271955887430 0.000000000000000
0.698716276165877 0.002249023395920 0.000000000000000
0.753217352985375 0.053439236555382 0.000000000000000
0.789882819632573 0.000314906655201 0.000000000000000
0.793909324826355 -0.000787878595908 0.000000000000000
0.389752240001749 -0.175315685988906 0.000000000000000
0.790431484152187 -0.000189044470942 0.000000000000000
0.789683115891956 0.000194617180629 0.000000000000000
0.484587929810503 0.046374119241136 0.000000000000000
0.796136297007400 0.000838382163416 0.000000000000000
0.730856564821691 0.000579784306931 0.000000000000000
0.727836855011250 -0.000681043772996 0.000000000000000
0.599929357986061 -0.001613648794919 0.000000000000000
0.383959380260657 0.168582739256655 0.000000000000000
0.874208432722969 0.050656475286024 0.000000000000000
0.666848946676623 0.180029333229459 0.000000000000000
0.421200124187630 0.022542819689045 0.000000000000000
0.783988070441651 -0.002092544560178 0.000000000000000
0.459851872875389 -0.038775703890702 0.000000000000000
0.994956792456486 0.010332104802217 0.000000000000000
1.007358468862539 -0.138305013272348 0.000000000000000
0.594003165701737 0.001592067745632 0.000000000000000
0.768961118501292 0.005969121402313 0.000000000000000
0.406744662375107 -0.019948819559491 0.000000000000000
0.792063850431727 -0.000450123995337 0.000000000000000
0.729004354653593 -0.002456231049498 0.000000000000000
0.728643460670272 0.002580754700801 0.000000000000000
0.790053791734112 -0.000364247320199 0.000000000000000
0.784732450149627 -0.005904858071727 0.000000000000000
0.778898456360622 0.033686349791470 0.000000000000000
0.934709503316337 0.026496378906327 0.000000000000000
0.836418665266145 0.099833908942601 0.000000000000000
0.790902137776403 0.001185100423892 0.000000000000000
0.988144637127796 -0.008952696718447 0.000000000000000
0.743877013407887 -0.029885931721578 0.000000000000000
0.731361314877794 -0.001614359163636 0.000000000000000
0.825485390459337 -0.103614772355826 0.000000000000000
1.002770281499662 0.147228088618163 0.000000000000000
0.506418934443325 0.000754502900778 0.000000000000000
0.505515213168733 -0.000754578175861 0.000000000000000
0.739474778799743 -0.083338692820960 0.000000000000000
0.736660806136248 0.001456033038798 0.000000000000000
0.779454412605303 0.087982999501499 0.000000000000000
0.708323880962774 -0.002061843427286 0.000000000000000
0.711657965310709 0.002490184348375 0.000000000000000
0.769179123838634 0.001593806968951 0.000000000000000
0.789746336227026 0.001880097775753 0.000000000000000
0.789806103383363 -0.002135031873900 0.000000000000000
0.597114933861067 0.003266022334266 0.000000000000000
0.910236395976759 -0.043859999237921 0.000000000000000
0.789576004845884 0.006752410423587 0.000000000000000
0.795076254281376 -0.000410021335570 0.000000000000000
0.596640186470283 -0.002745252298669 0.000000000000000
0.598070759496789 -0.145159426839100 0.000000000000000
0.737394193855654 -0.005234053161157 0.000000000000000
0.751882718463268 0.002058451969249 0.000000000000000
0.787465188944771 -0.000032501828685 0.000000000000000
0.527381742834420 0.062643046398518 0.000000000000000
0.734026639695154 0.032370175639484 0.000000000000000
0.793274556509567 -0.000870116676366 0.000000000000000
0.806614853375717 0.019923646032331 0.000000000000000
0.740017352018817 -0.035512838643476 0.000000000000000
0.614219658444637 0.142552419078100 0.000000000000000
0.527999464350936 -0.297182508271445 0.000000000000000
0.735082565122596 -0.016604663769215 0.000000000000000
0.815905977656679 -0.021312438500188 0.000000000000000
0.773243435928697 -0.016849097179556 0.000000000000000
0.581277787975206 -0.001610226983609 0.000000000000000
0.581952831534252 0.001489638306095 0.000000000000000
0.725961561383456 0.003816805080970 0.000000000000000
0.794293590854858 -0.001024624237733 0.000000000000000
0.787703745514732 -0.000949217041791 0.000000000000000
0.516950996523222 -0.062053336429010 0.000000000000000
0.928657625488865 -0.079836777962163 0.000000000000000
0.765677635609526 -0.001985028972125 0.000000000000000
0.788995359454392 -0.000508759698598 0.000000000000000
0.624143317491297 -0.000249038285152 0.000000000000000
0.623886632412877 0.000092391609274 0.000000000000000
0.516778607788614 -0.000913189552679 0.000000000000000
0.518474627268859 0.000751884814240 0.000000000000000
0.782156093449191 0.007261194130158 0.000000000000000
0.794467106574121 -0.002140127135131 0.000000000000000
0.795311297839669 0.001335345284759 0.000000000000000
0.787314865195511 -0.004102301834805 0.000000000000000
0.786008360784752 0.003552121555738 0.000000000000000
0.940930799182602 0.096969471047682 0.000000000000000
0.499218091568519 0.065114249619230 0.000000000000000
0.789993187768407 -0.008291625360019 0.000000000000000
0.797804565594264 -0.001078641511453 0.000000000000000
0.784925132225877 0.004132202625107 0.000000000000000
0.532722402458905 0.002696821454038 0.000000000000000
0.795220228487242 0.002039896064709 0.000000000000000
0.763163783152563 0.013351039970601 0.000000000000000
0.654725952708271 0.024642748627318 0.000000000000000
0.772755824764273 -0.000001660054259 0.000000000000000
0.787438688655267 0.000005784606312 0.000000000000000
0.556484589790891 -0.000394242962128 0.000000000000000
0.555322488081583 0.000430672770184 0.000000000000000
0.691064631417187 0.280053610213521 0.000000000000000
0.983699647076315 0.005338827749593 0.000000000000000
0.789390946608899 0.000337102429309 0.000000000000000
0.783655115553641 -0.001784313431705 0.000000000000000
1.121350419623827 -0.160348342627456 0.000000000000000
0.527052775428976 -0.002863684915986 0.000000000000000
0.719682650843093 -0.287222809781551 0.000000000000000
0.465813563555261 -0.057001210575782 0.000000000000000
0.661810950317137 0.061131501061646 0.000000000000000
0.493909282386995 -0.001573276329034 0.000000000000000
0.506473892322823 0.008019313798063 0.000000000000000
0.787413766079879 -0.002270419848684 0.000000000000000
0.473967959158093 0.001747473991460 0.000000000000000
0.895148295175889 -0.110613315229773 0.000000000000000
0.891326534593931 0.058654491990370 0.000000000000000
0.796063219392434 -0.001207782376673 0.000000000000000
0.876724438591713 0.035115259820781 0.000000000000000
0.678531375376254 -0.071905246359585 0.000000000000000
0.721034810047061 -0.237427681152083 0.000000000000000
0.795844282204488 0.002772793703771 0.000000000000000
0.804999629640073 -0.017940481586340 0.000000000000000
0.961201292471020 0.193539110572096 0.000000000000000
0.793382727643830 -0.000996801133000 0.000000000000000
0.482490891757220 0.525597637898535 0.000000000000000
0.777532801188125 -0.002430956245154 0.000000000000000
0.778277308723188 0.001965351299235 0.000000000000000
0.820503733149089 -0.063669998091064 0.000000000000000
0.790482114774348 0.000211638418389 0.000000000000000
0.662352809515267 -0.032279451383302 0.000000000000000
0.786437115181473 0.001297140927844 0.000000000000000
1.072761017377725 0.242536503193076 0.000000000000000
0.738929876105071 0.245856993511740 0.000000000000000
0.462293420035735 0.000688160875134 0.000000000000000
0.463596155152563 -0.000638296872741 0.000000000000000
1.061103922528726 -0.237930816156781 0.000000000000000
0.538236716299781 -0.007081488271191 0.000000000000000
0.807140220872326 0.066317095638544 0.000000000000000
0.646565912137357 -0.060826201449253 0.000000000000000
0.573492369047384 -0.002734987622327 0.000000000000000
0.570013226238780 0.002510281770013 0.000000000000000
1.125556217361523 0.166669245947162 0.000000000000000
0.796569636687486 0.000760957288715 0.000000000000000
0.608394392649401 -0.043476729819332 0.000000000000000
0.786586530316841 0.000638229596167 0.000000000000000
0.788433839167179 -0.000817127633748 0.000000000000000
0.693037186202656 0.071508211122824 0.000000000000000
0.954027752565012 -0.217174150841481 0.000000000000000
0.788682729442285 0.000086217634034 0.000000000000000
0.743452084493264 0.419618463840461 0.000000000000000
0.702390507936068 0.002799899822414 0.000000000000000
0.795087658130551 -0.008364154809852 0.000000000000000
0.634415702900475 0.051200384702535 0.000000000000000
0.917871814391030 0.014979713094207 0.000000000000000
0.517761949160040 -0.000499303332745 0.000000000000000
0.514809308574912 0.000496880085838 0.000000000000000
0.341458596551600 0.018811298356556 0.000000000000000
0.859208797210426 -0.025906254166063 0.000000000000000
0.811283449596964 0.017213298043346 0.000000000000000
0.787315267297544 -0.005699903050414 0.000000000000000
0.789076112394002 0.018340996436201 0.000000000000000
0.601510570608550 -0.529380322994143 0.000000000000000
0.730123960987255 0.009832934785435 0.000000000000000
0.721084465370008 -0.426439241876804 0.000000000000000
0.959218086681053 0.028205547156654 0.000000000000000
0.788759640101358 0.000924437769544 0.000000000000000
0.787772715007375 -0.000308032357451 0.000000000000000
0.446201123656914 0.000278062541539 0.000000000000000
0.429470303673147 -0.000934666900890 0.000000000000000
0.429603791788117 0.000807581455637 0.000000000000000
0.899958418881112 0.026168241091979 0.000000000000000
0.781041479307044 -0.041917334203112 0.000000000000000
0.889968632080676 -0.150982588319430 0.000000000000000
0.783881033540208 -0.013091097489364 0.000000000000000
0.766792060989685 -0.008689341708796 0.000000000000000
0.788374164342449 -0.000239059691389 0.000000000000000
0.791631872810830 -0.000254496260402 0.000000000000000
0.609264666601409 -0.001203792620054 0.000000000000000
0.610271291241174 -0.001754208996312 0.000000000000000
0.744359989601827 -0.002997733598877 0.000000000000000
0.743920848004587 0.002552414871672 0.000000000000000
0.776170884315234 0.004367531434461 0.000000000000000
0.820185349247191 0.216037615910671 0.000000000000000
0.795383704546474 -0.000179184630311 0.000000000000000
0.911113302838006 -0.010686685920248 0.000000000000000
0.789056298202238 -0.000626245514647 0.000000000000000
0.336521930682138 -0.016807693366411 0.000000000000000
0.768559059979482 0.040242124403315 0.000000000000000
0.843565717419994 -0.044978624382245 0.000000000000000
0.792817537201312 0.031734347062589 0.000000000000000
0.765081432532789 -0.000531230775039 0.000000000000000
0.768398665574753 0.000583799039844 0.000000000000000
0.786252719552457 -0.122606389407841 0.000000000000000
0.428809054987119 -0.000353857482439 0.000000000000000
0.790824801101972 -0.001033366779866 0.000000000000000
0.808889772354968 -0.037986256202845 0.000000000000000
0.831345594662177 0.040088403665147 0.000000000000000
0.577468154029450 0.002615910735141 0.000000000000000
0.575204294952333 -0.002488002402627 0.000000000000000
0.783390223384573 -0.010932822034791 0.000000000000000
1.077511870982265 -0.034049587316885 0.000000000000000
0.600146313547585 0.321290616208314 0.000000000000000
0.789523559662539 0.000456592176276 0.000000000000000
0.789076766408341 -0.000112769175924 0.000000000000000
0.810358946625532 -0.213190701823557 0.000000000000000
1.065739102951675 0.037087877065901 0.000000000000000
0.603500201803638 0.001040571831220 0.000000000000000
0.788842526128335 0.000293033839671 0.000000000000000
0.759183438189619 -0.000550078090800 0.000000000000000
0.762463686810048 0.000192963684229 0.000000000000000
0.776261869752412 0.127174438589269 0.000000000000000
0.450886205296229 -0.000702318493295 0.000000000000000
0.450345747676175 0.000575218288725 0.000000000000000
0.758318321743509 -0.122028440877700 0.000000000000000
0.787574540305404 0.002540843069714 0.000000000000000
0.788930143687908 -0.003358652502078 0.000000000000000
0.602237433058825 0.019997341658181 0.000000000000000
0.782207978436890 0.008171496168079 0.000000000000000
0.586687531770755 0.001054821583040 0.000000000000000
0.786999187497007 0.005656874571239 0.000000000000000
0.787000011433544 -0.000856856905543 0.000000000000000
0.948930054080468 -0.027194775491502 0.000000000000000
0.794421133267522 0.000016216001406 0.000000000000000
0.470353559796300 -0.001093046720594 0.000000000000000
0.790763123957885 -0.000396813545894 0.000000000000000
0.782557456032088 0.001033466378485 0.000000000000000
0.778053099475393 -0.004528063946035 0.000000000000000
0.788388356057918 -0.005256878922130 0.000000000000000
0.829693185932680 -0.077235412106207 0.000000000000000
1.124527402164937 -0.164417189598191 0.000000000000000
0.572950640706530 -0.004619451492602 0.000000000000000
0.572008325172285 0.004812924872085 0.000000000000000
0.509006669212992 -0.001812300195051 0.000000000000000
0.508717681577892 0.001804974641722 0.000000000000000
0.792721435418806 0.000212759985033 0.000000000000000
0.793979749889490 0.013355523306365 0.000000000000000
0.790098200032031 -0.000038097369903 0.000000000000000
0.799545949523822 0.003043187654253 0.000000000000000
0.490643412060316 0.001169174973897 0.000000000000000
0.479713550863320 -0.001095207552368 0.000000000000000
0.793575656084867 0.000751406142023 0.000000000000000
0.649273373730712 0.086568988487972 0.000000000000000
0.779213518185192 0.002311708638008 0.000000000000000
0.787467999019320 -0.000982001852685 0.000000000000000
0.796034878229247 0.122735050925639 0.000000000000000
0.989951822050957 -0.123853406208921 0.000000000000000
0.661196192648095 -0.190136034776420 0.000000000000000
0.792956575975522 0.001823378686702 0.000000000000000
0.655689358003644 -0.004557686701831 0.000000000000000
0.451631025714157 0.001142199378118 0.000000000000000
0.582536202703858 -0.015479046886989 0.000000000000000
0.980264734329055 -0.138555734721544 0.000000000000000
0.868307517264371 0.153545846078839 0.000000000000000
0.800695712814869 -0.002153376389176 0.000000000000000
0.789248103049604 -0.000024489755326 0.000000000000000
0.794316212838442 -0.000963969482937 0.000000000000000
0.765838176234858 -0.001988442392592 0.000000000000000
0.792947692127923 -0.001424185585889 0.000000000000000
0.801640352546898 -0.014213737149457 0.000000000000000
0.776535350810958 -0.203310971047998 0.000000000000000
1.087484843246258 0.123279268395041 0.000000000000000
0.789950628438149 0.001215309377616 0.000000000000000
0.087943867217577 -0.001092346984848 0.000000000000000
0.134921544253340 -0.118771535891052 0.000000000000000
0.789041216356831 -0.000995969411779 0.000000000000000
0.847859022108400 -0.026102624127025 0.000000000000000
0.766710636984799 0.003417457752859 0.000000000000000
0.770503540742946 -0.003246787146722 0.000000000000000
0.893040344395086 0.069110167237585 0.000000000000000
0.648436512390363 -0.006702923398929 0.000000000000000
0.239950914394415 0.002618782778252 0.000000000000000
0.631444401317696 0.003226911172868 0.000000000000000
0.714358047725259 0.189081351015610 0.000000000000000
0.623798621350516 -0.077125994820852 0.000000000000000
0.786207441640926 0.221201389307928 0.000000000000000
0.135539564753341 0.116113538679726 0.000000000000000
0.992813793310409 0.133901936286056 0.000000000000000
0.236322674870793 -0.001739429111951 0.000000000000000
0.880766211299582 0.367086117629350 0.000000000000000
0.743282749655261 -0.000155511880203 0.000000000000000
0.734519018965202 -0.000137037121176 0.000000000000000
0.796489295708552 0.013201031746057 0.000000000000000
0.554591717217168 0.006815716516570 0.000000000000000
0.520855772413283 0.032913940909186 0.000000000000000
0.521997350894306 -0.031923680850518 0.000000000000000
0.977482716519248 0.143410971745549 0.000000000000000
0.449495369521465 0.045481470578112 0.000000000000000
0.782894006040516 -0.003675768527009 0.000000000000000
0.788454553163444 0.000205753215877 0.000000000000000
0.788644199301657 -0.001652178598422 0.000000000000000
0.790081032665637 0.001451698253503 0.000000000000000
0.737975996897286 0.001229501291818 0.000000000000000
0.735975727021683 -0.001303946003686 0.000000000000000
0.766386803180391 -0.055717901039683 0.000000000000000
0.789774126855442 -0.001160499257051 0.000000000000000
0.416408620889211 0.000855488417263 0.000000000000000
0.416324332254203 -0.000752316437260 0.000000000000000
0.791053633426155 0.000985507941434 0.000000000000000
1.113676551166372 0.229928279522241 0.000000000000000
0.788392863861460 -0.000377194329717 0.000000000000000
0.792445549621273 -0.000418285336749 0.000000000000000
0.789267213491819 -0.006535995423881 0.000000000000000
0.792711541076960 0.041766611995526 0.000000000000000
0.884702683666718 -0.026340571336037 0.000000000000000
0.370702295923100 -0.000536866798088 0.000000000000000
0.374868922778989 0.000575350258325 0.000000000000000
0.788046347973453 -0.000410570852373 0.000000000000000
0.633964162246577 -0.400188911645803 0.000000000000000
0.404350596927546 -0.038857413356802 0.000000000000000
0.846978781531539 -0.061203813793058 0.000000000000000
0.859145861270117 -0.056145921671444 0.000000000000000
0.832031542421151 -0.087683094405398 0.000000000000000
0.793863523380184 0.001135107307435 0.000000000000000
0.797262315799453 0.000564814912252 0.000000000000000
0.796564800282943 -0.000805448057614 0.000000000000000
0.791071756096173 0.000947031324735 0.000000000000000
0.796642600787805 0.000424377777111 0.000000000000000
0.792621286587588 -0.001071992454608 0.000000000000000
0.796754272777247 0.004402479576493 0.000000000000000
0.794478972336175 -0.002238301856843 0.000000000000000
0.794003529707054 -0.001685506277701 0.000000000000000
0.900369106708127 -0.019036687632846 0.000000000000000
0.881673049314671 -0.044212584798448 0.000000000000000
0.788936180344554 -0.000654610197339 0.000000000000000
0.789191058994423 -0.000792405607856 0.000000000000000
0.788861850260142 -0.000820152511489 0.000000000000000
0.785843984816985 -0.000632596852636 0.000000000000000
0.788823602078811 -0.000405985450011 0.000000000000000
0.788417935259586 -0.000702313849856 0.000000000000000
0.426937604383829 0.011783703635229 0.000000000000000
0.829545396862528 0.063686897844070 0.000000000000000
0.629681105914925 0.004649395740311 0.000000000000000
0.451689063792758 -0.014272199823382 0.000000000000000
0.886754462863852 -0.015709604502463 0.000000000000000
0.788623667241150 0.000571055571239 0.000000000000000
0.788271999595741 0.000565503083255 0.000000000000000
0.787523706625105 0.000643097527652 0.000000000000000
0.743850103885467 0.002405155644598 0.000000000000000
0.750249028740366 0.012440942509405 0.000000000000000
0.755905665643014 0.005919560815856 0.000000000000000
0.788245135982364 0.000112085141182 0.000000000000000
0.788526054366297 0.000109799462188 0.000000000000000
0.788220568775804 -0.000239024900603 0.000000000000000
0.774625902295471 0.004887309382084 0.000000000000000
0.786690775617154 0.007159221037525 0.000000000000000
0.758696515386483 0.004298606612242 0.000000000000000
0.788826162767160 -0.000606977145372 0.000000000000000
0.789141168633203 -0.000742156491932 0.000000000000000
0.787975522221346 -0.000715900165967 0.000000000000000
0.763327759649474 -0.003330825425195 0.000000000000000
0.780460586448918 -0.003302744269065 0.000000000000000
0.751612999361395 -0.002709454142360 0.000000000000000
0.752080673027671 0.002352681187861 0.000000000000000
0.779865139279814 0.002782397734761 0.000000000000000
0.762760630195598 0.002926172426926 0.000000000000000
0.939043497251930 -0.022711160226777 0.000000000000000
0.914800231445062 -0.030058982183637 0.000000000000000
0.941454782038475 -0.007123986103628 0.000000000000000
0.776919548059633 -0.005504829695871 0.000000000000000
0.782638929366757 -0.007018023533997 0.000000000000000
0.781689554318628 -0.008168733895895 0.000000000000000
0.788142137480424 0.000000358716006 0.000000000000000
0.788484392859857 0.000299349084934 0.000000000000000
0.788304561506700 -0.003838660768159 0.000000000000000
0.785470374757237 -0.002969658123484 0.000000000000000
0.784588215014064 0.002324896798960 0.000000000000000
0.786884944409559 0.003110273366917 0.000000000000000
0.815881229420099 0.089039774623154 0.000000000000000
0.832678855379725 0.074407860617739 0.000000000000000
0.867313307221024 0.068038257467830 0.000000000000000
0.787814776930991 -0.000930695121856 0.000000000000000
0.778208130019084 -0.001067918180769 0.000000000000000
0.782179195365332 -0.000626526018051 0.000000000000000
0.192761713994520 -0.005832153569005 0.000000000000000
0.263354230309749 -0.014406728326267 0.000000000000000
0.400511190515763 -0.026350581202406 0.000000000000000
0.178067178728938 -0.004678024491158 0.000000000000000
0.746865800318839 -0.000874651128204 0.000000000000000
0.768541433415011 -0.001374432524280 0.000000000000000
0.793417393725043 -0.047016454347234 0.000000000000000
0.821476923415383 -0.041670125615805 0.000000000000000
0.812364082107866 -0.052565949585253 0.000000000000000
0.789458460968500 0.000466868184379 0.000000000000000
0.790645505200260 -0.000011086275630 0.000000000000000
0.789858346203919 -0.000464648565130 0.000000000000000
0.788974155464106 0.000536451452870 0.000000000000000
0.788752966838562 0.000383265736772 0.000000000000000
0.895264058607125 -0.303673819673815 0.000000000000000
0.931524419110882 -0.333534744250680 0.000000000000000
0.847671315277069 -0.401741353694451 0.000000000000000
0.792429970360749 -0.000210701325554 0.000000000000000
0.795620769595905 0.000671628437944 0.000000000000000
0.794289377199235 0.001853969701422 0.000000000000000
0.196910446122448 0.006676926150863 0.000000000000000
0.416136781239610 0.030911154865184 0.000000000000000
0.281306197777270 0.017342580612609 0.000000000000000
0.471061691728071 -0.002983295289054 0.000000000000000
0.726545980182665 -0.000730986911196 0.000000000000000
0.451263058483018 0.001659196690010 0.000000000000000
0.844448628654416 0.075506267148510 0.000000000000000
0.800165042711359 0.069832748311971 0.000000000000000
0.748053962171862 0.088376076285403 0.000000000000000
0.925876981880104 0.006331431021564 0.000000000000000
0.947505737755872 0.012394000896102 0.000000000000000
0.732138277997736 -0.000036948389218 0.000000000000000
0.431819532642251 0.001155794422433 0.000000000000000
0.509131850409331 -0.001458612845578 0.000000000000000
0.337380680856970 -0.001047032730597 0.000000000000000
0.337376057318965 0.000037829406745 0.000000000000000
0.755956590809461 -0.046056617415197 0.000000000000000
0.775934864048912 -0.039290207367841 0.000000000000000
0.789239196072199 0.000473707076219 0.000000000000000
0.790778857503617 0.000679810127945 0.000000000000000
0.789948500080747 -0.000405585715062 0.000000000000000
0.790849989865888 -0.001730725787392 0.000000000000000
0.789060655249569 -0.000703103068709 0.000000000000000
0.781790912183030 -0.005490790737238 0.000000000000000
0.786201025234906 -0.007072789730288 0.000000000000000
0.773051165257340 0.311622069393105 0.000000000000000
0.753317526561890 0.327941079505332 0.000000000000000
0.788998059919182 0.387029635367874 0.000000000000000
0.787848212365610 -0.000246051791872 0.000000000000000
0.787971832905109 -0.000124481687987 0.000000000000000
0.281409345891852 -0.000616232931387 0.000000000000000
0.548023163152079 0.000283938538585 0.000000000000000
0.326866845941005 0.000400154265452 0.000000000000000
0.326345954110607 -0.000455679951164 0.000000000000000
0.546064740886491 -0.000325065224528 0.000000000000000
0.279290690442636 0.000617277497164 0.000000000000000
0.422485478938347 0.003243103285995 0.000000000000000
0.790023195000603 0.010087397347200 0.000000000000000
0.788275625041598 0.008863450779449 0.000000000000000
0.744297329691566 -0.005504455828430 0.000000000000000
0.667949864634551 -0.004044465713526 0.000000000000000
0.773480431166598 -0.004372207425511 0.000000000000000
0.771154043011584 0.004315686705162 0.000000000000000
0.666838070938531 0.004324789490918 0.000000000000000
0.740196099849923 0.005557678030904 0.000000000000000
0.789051450632106 0.075683368875577 0.000000000000000
0.848451118588253 0.064054458171336 0.000000000000000
0.870508107520409 0.058237722596452 0.000000000000000
0.861896630021505 0.059179374894339 0.000000000000000
0.843773659683310 0.090331364488424 0.000000000000000
0.787640466369815 -0.468572356721791 0.000000000000000
0.770997216721923 -0.394100476658034 0.000000000000000
0.787608723931621 0.015194827882093 0.000000000000000
0.839956811306359 0.030099729654772 0.000000000000000
0.838495209074341 0.028186011308575 0.000000000000000
0.789384442502661 -0.000276926974324 0.000000000000000
0.789375394048039 -0.000565444536405 0.000000000000000
0.789074302090667 -0.000381929524951 0.000000000000000
0.870985415112892 -0.056357039668930 0.000000000000000
0.812096967082636 0.134955739146572 0.000000000000000
0.770248622308328 0.229663777266190 0.000000000000000
0.793094751987977 0.147806238016910 0.000000000000000
0.784698695349326 0.000138175471704 0.000000000000000
0.785124260907189 0.001272214116873 0.000000000000000
0.786165824151627 0.000457860504326 0.000000000000000
0.790255660249131 -0.003170320483546 0.000000000000000
0.791311782100956 -0.002223951973768 0.000000000000000
0.789700526543742 -0.000765131266462 0.000000000000000
0.789220245757848 0.000094378711389 0.000000000000000
0.789548691099172 -0.000064842240466 0.000000000000000
0.778452612509386 -0.000594776042722 0.000000000000000
0.777650249065444 0.000619806981793 0.000000000000000
0.783440640172965 0.000656850519444 0.000000000000000
0.729154880422672 0.063014313395140 0.000000000000000
0.815596580144196 0.058119883874861 0.000000000000000
0.889425495957716 0.051797133690161 0.000000000000000
0.910541492531257 0.025772188874930 0.000000000000000
0.708632667755912 -0.133767228921999 0.000000000000000
0.711886720198675 -0.180181156646982 0.000000000000000
0.747298436109030 -0.166580772549479 0.000000000000000
0.822724098058108 -0.047413465293748 0.000000000000000
0.888595679347420 -0.085688923552547 0.000000000000000
0.918872792011381 -0.078702600647436 0.000000000000000
0.533144665228582 0.000007851186134 0.000000000000000
0.246403508225256 0.000923836085962 0.000000000000000
0.463785494877309 -0.004003576312662 0.000000000000000
0.180861036632057 0.005114432933489 0.000000000000000
0.968552854227396 -0.272480798391618 0.000000000000000
1.035060425367535 -0.159518219584848 0.000000000000000
0.959130104357190 0.288772683925462 0.000000000000000
0.906794380349764 0.254519107078261 0.000000000000000
1.060092572409258 0.058410359713283 0.000000000000000
0.584642680172043 -0.100103504795694 0.000000000000000
0.563291274751494 -0.100649667569023 0.000000000000000
0.654495013182652 -0.149599717102305 0.000000000000000
0.828340819157643 0.027302029816024 0.000000000000000
0.846985652038513 0.045029611818920 0.000000000000000
0.788348602428797 -0.000178481419699 0.000000000000000
0.788013694203402 -0.000265261032774 0.000000000000000
0.788736909647386 0.000005190630361 0.000000000000000
0.691243479041838 -0.185037213163197 0.000000000000000
0.737339478684227 -0.240580107202353 0.000000000000000
0.714231653453010 0.196799970482444 0.000000000000000
0.727124574013318 0.206338470819655 0.000000000000000
0.686814036395274 0.164553847084405 0.000000000000000
0.769876293851098 -0.003260454728059 0.000000000000000
0.646843029661310 -0.004825062796855 0.000000000000000
0.648549640811284 0.005091566448356 0.000000000000000
0.767944375947833 0.003227080846921 0.000000000000000
0.377540243057227 0.001463877082136 0.000000000000000
0.597216490270190 0.004287282953549 0.000000000000000
0.288789775876544 0.000603942609396 0.000000000000000
0.783881690114564 -0.000078931016917 0.000000000000000
0.776166677845234 -0.000159896999658 0.000000000000000
0.788933698810262 -0.000573151669574 0.000000000000000
0.675998647843193 -0.001852335390486 0.000000000000000
0.723098659568713 -0.004492733433427 0.000000000000000
0.763570952470409 -0.004795512864207 0.000000000000000
0.791718191409848 0.005855497639293 0.000000000000000
0.792593124336618 0.001955157884729 0.000000000000000
0.766385635048887 0.003208021980120 0.000000000000000
0.238368341507902 0.313066233933223 0.000000000000000
0.530261808281246 0.366849799888168 0.000000000000000
0.294519538857716 0.134605128819272 0.000000000000000
0.895686703600281 -0.062046425574229 0.000000000000000
0.872479138871790 -0.079591198299229 0.000000000000000
0.858320111495491 -0.063837741931646 0.000000000000000
0.710774660286784 -0.002276491676578 0.000000000000000
0.591108582245360 -0.000844872369860 0.000000000000000
0.625131480526346 -0.000735147724074 0.000000000000000
0.624387357185540 0.000792623378629 0.000000000000000
0.598218242399911 0.000948033629684 0.000000000000000
0.712551294731489 0.002292927880815 0.000000000000000
0.440985033836613 0.000755717412926 0.000000000000000
0.442693063599688 0.003678763287850 0.000000000000000
0.440112344393206 -0.003083760150186 0.000000000000000
0.436828473878283 -0.000299375970694 0.000000000000000
0.745720024774757 -0.008459558398782 0.000000000000000
0.731234695213760 -0.003512156575673 0.000000000000000
0.994189044025171 -0.001310317373349 0.000000000000000
0.994610896802358 0.000697509150984 0.000000000000000
0.995888165911839 0.003031038048783 0.000000000000000
0.792139700918711 -0.001076257749055 0.000000000000000
0.793420493520506 -0.001474278575554 0.000000000000000
1.112572381362356 -0.209803689331617 0.000000000000000
1.088144197355742 -0.210686952026097 0.000000000000000
1.087864191486146 -0.244322870604271 0.000000000000000
0.619176076668777 -0.008893148096069 0.000000000000000
0.814035161311289 -0.067314454563508 0.000000000000000
0.415731991532600 -0.013730404513962 0.000000000000000
0.875762763090855 0.010501251539314 0.000000000000000
0.443519140449787 0.013126856352161 0.000000000000000
0.285613272730064 -0.000707765976863 0.000000000000000
0.609087883123144 -0.004765385409550 0.000000000000000
0.397489589672116 -0.001657274904310 0.000000000000000
0.655481391991643 -0.222150497021033 0.000000000000000
0.505905069812249 -0.162222847753711 0.000000000000000
0.733188819784427 -0.192537587425846 0.000000000000000
0.252829650646847 -0.217896903553292 0.000000000000000
0.328231375511322 -0.349802620169159 0.000000000000000
0.601036544805784 0.111609500877626 0.000000000000000
0.618645736974530 0.112962698799440 0.000000000000000
0.223742355585592 0.007303584666087 0.000000000000000
0.383027341575387 0.023265788573748 0.000000000000000
0.170655239813617 0.004434817306267 0.000000000000000
0.763090693148832 0.171495900644143 0.000000000000000
0.812888942130781 0.106410490746977 0.000000000000000
0.803040614534038 0.153398949949462 0.000000000000000
0.441936490627070 0.000674025428507 0.000000000000000
0.749161969838061 0.000743474534438 0.000000000000000
0.572183010731758 -0.004987805412819 0.000000000000000
0.802874128861015 -0.095337762479683 0.000000000000000
0.864087985622629 -0.102696850086815 0.000000000000000
0.333466777617622 0.000084037021209 0.000000000000000
0.333977636887956 0.001155006825490 0.000000000000000
0.406357247301086 0.015259694536565 0.000000000000000
0.691566230448943 0.055186412467645 0.000000000000000
0.308627211499451 0.011477985233700 0.000000000000000
0.300806662118322 -0.010149890613343 0.000000000000000
0.690813260635211 -0.050242009224668 0.000000000000000
0.425120811013043 -0.015367214910271 0.000000000000000
0.776383330761335 0.003035597241814 0.000000000000000
0.771822495215806 0.002576899751165 0.000000000000000
0.775659370651881 0.005670591832653 0.000000000000000
0.780337567204834 0.294558529535875 0.000000000000000
0.752617710586389 0.245507977641945 0.000000000000000
0.493379733531275 0.054370902579160 0.000000000000000
0.273161626722872 0.020684562201031 0.000000000000000
0.345564501343417 -0.002139351876130 0.000000000000000
0.665616487826468 -0.000722814798758 0.000000000000000
0.663614389775455 -0.000158783639092 0.000000000000000
0.344776176530715 0.000839024905992 0.000000000000000
0.791024653940024 0.000634766478101 0.000000000000000
0.791408961474799 -0.000071560219313 0.000000000000000
0.789338813279123 -0.000818405477444 0.000000000000000
1.043837517553786 -0.263783762750801 0.000000000000000
1.074178339786574 -0.227694637805946 0.000000000000000
0.794742793716610 0.001983472341864 0.000000000000000
0.795437585213978 -0.000348823775862 0.000000000000000
0.646445111612330 -0.003347730960597 0.000000000000000
0.584099540812898 -0.002855598780067 0.000000000000000
0.721940742587994 -0.006295447465309 0.000000000000000
0.731659026030619 -0.021600268944878 0.000000000000000
0.653759738277370 -0.023284232926235 0.000000000000000
0.793949097485166 -0.002800739511808 0.000000000000000
0.786810227219158 -0.003924352891645 0.000000000000000
0.769866547872475 -0.004721634159823 0.000000000000000
0.772701934756750 0.001341170510190 0.000000000000000
0.787970004519616 0.002098534107493 0.000000000000000
0.794103820336508 0.000555034891647 0.000000000000000
0.666888436604902 0.001002273249787 0.000000000000000
0.645864166125615 0.000132573398311 0.000000000000000
0.639998777868042 -0.000222643981880 0.000000000000000
0.662131139826785 -0.001146554951336 0.000000000000000
0.977556030444691 0.007813384716214 0.000000000000000
0.973658836735720 -0.007761181258327 0.000000000000000
0.286939040572774 -0.003897827007967 0.000000000000000
0.767773401946918 -0.004145331293028 0.000000000000000
0.754606173354107 -0.003821337961386 0.000000000000000
0.309895197940590 -0.086585257504271 0.000000000000000
0.202083063714741 -0.092256420521208 0.000000000000000
0.212190100378221 -0.000435782416377 0.000000000000000
0.701809358207113 0.005378983704914 0.000000000000000
0.560451170842398 0.002596977423646 0.000000000000000
0.627834542432653 0.003364333935359 0.000000000000000
0.777008986377990 0.000091497579698 0.000000000000000
0.788204227296585 -0.000217360395172 0.000000000000000
0.783916128292251 0.000676179492168 0.000000000000000
0.744116764640025 0.000661476256035 0.000000000000000
0.736708588398407 0.000477646906370 0.000000000000000
0.736570638365137 -0.000626681541516 0.000000000000000
0.746135871761968 -0.000684043174141 0.000000000000000
0.783846969429772 -0.000519483360970 0.000000000000000
0.613407868010858 0.472279060415805 0.000000000000000
0.670271045808373 0.529873324982382 0.000000000000000
0.736535155895676 0.502878260740121 0.000000000000000
0.355025826266897 0.387678955026988 0.000000000000000
0.788804134750557 -0.000196652593346 0.000000000000000
0.788996639967057 0.000056612375180 0.000000000000000
0.783079539240426 0.003955335942343 0.000000000000000
0.785987909368354 0.003900798960432 0.000000000000000
0.786346030505437 0.004449458821944 0.000000000000000
0.765249027900114 -0.032090519636671 0.000000000000000
0.739427873031448 -0.025510382779529 0.000000000000000
0.760210467042774 -0.024460682529454 0.000000000000000
0.607990984224696 -0.039562942297532 0.000000000000000
0.496302240596486 -0.019985958460630 0.000000000000000
0.530703646646569 -0.039599926563179 0.000000000000000
0.677279535083846 0.000344960171402 0.000000000000000
0.765031820516312 -0.000825611139212 0.000000000000000
0.766107845910149 0.000994501978536 0.000000000000000
0.677300547752605 -0.000276846704690 0.000000000000000
0.717939304027795 -0.012405560427750 0.000000000000000
0.712841511058010 -0.022795877464947 0.000000000000000
0.326034452712193 0.001105713875202 0.000000000000000
0.325627987397558 -0.001192471755684 0.000000000000000
0.991225908021805 -0.131007101024603 0.000000000000000
0.945440245717053 -0.086450266759466 0.000000000000000
0.783917814349316 -0.002696713898028 0.000000000000000
0.795681467029458 -0.001056736450602 0.000000000000000
0.794482975653862 0.001644478334251 0.000000000000000
0.783587047551708 0.001864595870818 0.000000000000000
0.266325836625863 0.003632018858543 0.000000000000000
0.628407775855733 0.025120287785129 0.000000000000000
0.793348035695122 -0.000238867004295 0.000000000000000
0.793176133698266 -0.000929313021962 0.000000000000000
0.791356244022185 0.001380061258504 0.000000000000000
0.792132024746881 -0.000174324732148 0.000000000000000
0.872201761242698 -0.037125633580052 0.000000000000000
0.893557582799668 -0.049578004762706 0.000000000000000
0.200471842480529 0.088137700489685 0.000000000000000
0.310192788619526 0.083807972768092 0.000000000000000
0.792961135590215 -0.000848487937400 0.000000000000000
0.792930809153779 0.000178951371886 0.000000000000000
0.919716177820495 0.086588052577033 0.000000000000000
0.882152106631253 0.092562643934666 0.000000000000000
0.815340314675960 0.052645174722912 0.000000000000000
0.785032510410633 -0.001078052138757 0.000000000000000
0.783384427790492 -0.000415332320285 0.000000000000000
0.972810960375863 -0.003565783118164 0.000000000000000
0.726596918489733 0.184972903549807 0.000000000000000
0.511566236282817 0.158170013095861 0.000000000000000
0.636270847105655 0.212343087284229 0.000000000000000
0.793207855410177 0.001676797813154 0.000000000000000
0.790425655723541 0.002770338513426 0.000000000000000
0.418500258770273 -0.086637229128259 0.000000000000000
0.785988929030470 -0.009516209579565 0.000000000000000
0.778851398050735 -0.009030838175178 0.000000000000000
0.756536573540294 -0.003915552005204 0.000000000000000
0.785494887093122 -0.005477423689291 0.000000000000000
0.795472536963084 0.002722252927310 0.000000000000000
0.793097914353213 0.001447785192517 0.000000000000000
0.796355907571171 -0.013584641238752 0.000000000000000
0.797988225771435 -0.012824952249175 0.000000000000000
0.775465985653053 -0.008761131834930 0.000000000000000
0.426776835679992 0.086386850132588 0.000000000000000
0.830019656481424 -0.068626078763524 0.000000000000000
0.777677052896281 -0.073115761393042 0.000000000000000
0.792367102712324 -0.084885969111159 0.000000000000000
0.787601440650832 -0.000404885256070 0.000000000000000
0.787687358748860 -0.000290752978118 0.000000000000000
0.787797169570920 -0.000392708163647 0.000000000000000
0.687586236006309 -0.047890407187693 0.000000000000000
0.666189885313756 -0.023186169212892 0.000000000000000
0.785456425989138 0.003342717931826 0.000000000000000
0.786674381859395 0.003381963888801 0.000000000000000
0.533763067389735 0.042797310382829 0.000000000000000
0.513921877037698 0.023271090620944 0.000000000000000
0.614987886682323 0.043710509812262 0.000000000000000
0.747898391121911 0.407329111195986 0.000000000000000
0.802523904532213 0.166498115472854 0.000000000000000
0.787763970604316 -0.000701828209843 0.000000000000000
0.787354284737341 -0.000445375225663 0.000000000000000
0.520575563408625 -0.036050037903915 0.000000000000000
1.023964845993567 -0.106652843258092 0.000000000000000
0.885832392284477 -0.302657986118206 0.000000000000000
0.247265944105238 -0.000896167518320 0.000000000000000
0.530274487970005 0.000060986911570 0.000000000000000
0.753093949866351 -0.009701906464222 0.000000000000000
0.779014544837027 -0.010766125036093 0.000000000000000
0.769212026527000 -0.000734355073223 0.000000000000000
0.747080303341713 -0.000564873019584 0.000000000000000
0.749017256773246 0.000539967027539 0.000000000000000
0.766382538025019 0.000643613955122 0.000000000000000
0.251923934797300 -0.000474513160681 0.000000000000000
0.305970051186937 0.024943855548140 0.000000000000000
0.714387299547951 0.003880494701835 0.000000000000000
0.672067078078890 0.001739650281309 0.000000000000000
0.766301492502140 -0.000592829390270 0.000000000000000
0.742024760058139 -0.000157133685078 0.000000000000000
0.864614126306865 -0.055202817893233 0.000000000000000
0.804951834022247 -0.124577781245484 0.000000000000000
0.781301301275699 -0.140234496407768 0.000000000000000
0.757884254575728 -0.217625980600935 0.000000000000000
0.799035964825675 -0.100411611020405 0.000000000000000
0.976935530029925 0.004936488043727 0.000000000000000
0.808085827605539 0.010099665149505 0.000000000000000
0.711278047838841 0.011061147393063 0.000000000000000
0.770636936270938 -0.000882145764412 0.000000000000000
0.767392584598926 0.002129297011514 0.000000000000000
0.240691197281419 0.000418435171906 0.000000000000000
0.557515680157438 -0.433067832497135 0.000000000000000
0.413722028560434 -0.393173701770957 0.000000000000000
0.768859096866105 0.009737445870623 0.000000000000000
0.739128950582693 0.008327569583026 0.000000000000000
0.737531944448828 -0.324650866090878 0.000000000000000
0.759573142352918 -0.311418295569705 0.000000000000000
0.700933850306057 -0.194617344996119 0.000000000000000
0.615735909769412 0.040524567364629 0.000000000000000
0.672526482465120 0.046877345110707 0.000000000000000
0.620114064370332 0.013638028953331 0.000000000000000
0.883923486636605 -0.189908520254253 0.000000000000000
0.950212393267650 -0.146363891115244 0.000000000000000
0.965459942067676 -0.188415632786893 0.000000000000000
0.465925282048981 -0.001725821822684 0.000000000000000
0.462995439497076 0.004135612730920 0.000000000000000
0.694497932871624 0.027816504854387 0.000000000000000
0.703674744342583 0.052408338633301 0.000000000000000
0.789143276231888 -0.000375419452640 0.000000000000000
0.321385480808069 0.000093668457977 0.000000000000000
0.663926054632938 -0.001885382641541 0.000000000000000
0.464872558134682 0.001192100279779 0.000000000000000
0.461196359252726 -0.001242645703883 0.000000000000000
0.660358945014915 0.001697778226594 0.000000000000000
0.319003991922589 -0.000169353760053 0.000000000000000
0.787921069472604 0.000814158422101 0.000000000000000
0.789193177436651 0.000678299747523 0.000000000000000
0.789500774917684 0.000550735954891 0.000000000000000
0.168808817137799 -0.004206724397399 0.000000000000000
0.373233398992067 -0.020251797763915 0.000000000000000
0.215346144233619 -0.006392480087500 0.000000000000000
0.857455107588536 0.087312738575394 0.000000000000000
0.874605522094672 0.058923248249253 0.000000000000000
0.766876127538094 0.018599674988969 0.000000000000000
0.750677784126990 0.018738677677557 0.000000000000000
0.797832168809831 -0.014206872054152 0.000000000000000
0.807731401932891 -0.019820273188181 0.000000000000000
0.789636057608619 0.000652543989331 0.000000000000000
0.789360414144163 0.000263917670495 0.000000000000000
0.790000779430821 -0.000021808358799 0.000000000000000
0.788596449299120 -0.000467549286985 0.000000000000000
0.788181143710346 -0.000462962775629 0.000000000000000
0.786775713001268 -0.000778843051274 0.000000000000000
0.705027159617967 -0.003368425575789 0.000000000000000
0.777650514252548 -0.001172332697656 0.000000000000000
0.792379284835202 -0.001133445938929 0.000000000000000
0.792793516692899 -0.000733886765527 0.000000000000000
0.832060386663019 0.282620717371979 0.000000000000000
0.792200956194508 0.250156601855059 0.000000000000000
0.757876567651228 0.001084907165506 0.000000000000000
0.637754056857204 0.000159509979084 0.000000000000000
0.696549959958683 0.003124813039137 0.000000000000000
0.700104948630351 -0.003273121524929 0.000000000000000
0.637845851743933 0.000000909631637 0.000000000000000
0.760041934657007 -0.001128372329742 0.000000000000000
0.786282829003809 0.002045096193990 0.000000000000000
0.784587290511453 0.002029363739121 0.000000000000000
0.746721777857771 0.003275468236104 0.000000000000000
0.758154339631980 0.003584637274128 0.000000000000000
0.798516518832232 0.460338019341170 0.000000000000000
0.730422577635151 0.416748060728757 0.000000000000000
0.771815456004931 0.190118954009066 0.000000000000000
0.792447609570407 -0.008313079523411 0.000000000000000
0.777122334764449 -0.005323261640876 0.000000000000000
0.805381520603172 -0.265450788570116 0.000000000000000
0.527820087942843 -0.238651268318124 0.000000000000000
0.803780525244495 -0.045359708948375 0.000000000000000
0.677964548328949 -0.014108833472441 0.000000000000000
0.739395463393653 0.062735977969192 0.000000000000000
0.561460526961991 0.056975287868290 0.000000000000000
0.502904021797337 0.043130154056825 0.000000000000000
0.995068264339733 0.254162611530210 0.000000000000000
0.856773783096417 0.416564102618696 0.000000000000000
0.788915368845635 -0.000436904471851 0.000000000000000
0.784558452946001 0.000155935840957 0.000000000000000
0.789653825876802 0.000303674932088 0.000000000000000
0.789928440610827 0.001110075993413 0.000000000000000
0.789773250628184 0.000836900928970 0.000000000000000
0.730757222573415 0.141534722038059 0.000000000000000
0.731185214389968 0.188376458029440 0.000000000000000
0.782320231305796 0.002645897352787 0.000000000000000
0.789588313865190 0.000391623180347 0.000000000000000
0.789931684313460 -0.000205243603259 0.000000000000000
0.790054945892589 0.000080423310250 0.000000000000000
0.789918939986446 -0.000300212042541 0.000000000000000
0.321754275439011 -0.000091691793546 0.000000000000000
0.322988759104856 0.000749808811885 0.000000000000000
0.788695126253555 -0.000449499085383 0.000000000000000
0.721119899452686 -0.000734662212573 0.000000000000000
0.792235544000955 0.000523055371969 0.000000000000000
0.789606514476731 -0.000159876347940 0.000000000000000
0.789508739912529 0.000074876500563 0.000000000000000
0.789437032736357 0.000024624487204 0.000000000000000
0.780299176662560 -0.001163508906443 0.000000000000000
0.785468317256982 -0.002319062141904 0.000000000000000
0.795446147599208 -0.001381713963355 0.000000000000000
0.770357473958627 -0.004090362788043 0.000000000000000
0.718711796881942 -0.002775904822546 0.000000000000000
0.755732568058022 0.003477445889049 0.000000000000000
0.721951709587629 0.002445457983672 0.000000000000000
0.767641215003426 0.003566539669502 0.000000000000000
0.785544901579957 -0.015861897538429 0.000000000000000
0.779340267504135 -0.013435297984387 0.000000000000000
0.788813156971334 -0.012472299689914 0.000000000000000
0.958577020145814 -0.014395060838539 0.000000000000000
0.924935974854669 -0.036487883676232 0.000000000000000
0.793656748920785 0.000037435444162 0.000000000000000
0.795661981745667 -0.000547370631514 0.000000000000000
0.792936673609660 -0.001526390298553 0.000000000000000
0.795420887012466 0.001275760005335 0.000000000000000
0.779014730773549 0.004379442771066 0.000000000000000
0.503049345417842 -0.039900814253691 0.000000000000000
0.788995123773727 -0.001274476746463 0.000000000000000
0.789788841997659 -0.000136853043361 0.000000000000000
0.789708826709391 -0.001242111958789 0.000000000000000
0.718295252863269 0.024773560029213 0.000000000000000
0.453148887944185 0.003067998615291 0.000000000000000
0.778044197287962 0.009703771575107 0.000000000000000
0.767580793006580 0.008960206140011 0.000000000000000
0.777445832327598 0.013366919246934 0.000000000000000
0.783107573504022 0.002382835812161 0.000000000000000
0.783293815995947 0.001388655239873 0.000000000000000
0.790515982003895 0.000295154139107 0.000000000000000
0.667786048067739 0.004524932392230 0.000000000000000
0.333396356584688 0.001503502490281 0.000000000000000
0.789967337044781 -0.000410820882450 0.000000000000000
0.790030298013691 -0.000317687227764 0.000000000000000
0.765696502998527 -0.291343706688463 0.000000000000000
0.944685751728212 0.093519364931930 0.000000000000000
0.993912840832041 0.140895652594712 0.000000000000000
0.553228117226204 -0.051141646867411 0.000000000000000
0.332124054042446 0.014926095337308 0.000000000000000
0.748160134879138 0.336912646997628 0.000000000000000
0.275114766316093 0.000529853022489 0.000000000000000
0.275575629891137 0.000502126970536 0.000000000000000
0.275081276285298 -0.000472714495706 0.000000000000000
0.274673100955107 -0.000496211679933 0.000000000000000
0.758163524203758 -0.017771106039242 0.000000000000000
0.777872390276885 -0.022049295177410 0.000000000000000
0.692366703681605 -0.009236561165296 0.000000000000000
0.792349541357595 -0.008507419447868 0.000000000000000
0.789354892552122 0.000373452451607 0.000000000000000
0.790020793858427 0.000225803656613 0.000000000000000
0.789068881516677 0.000437611795494 0.000000000000000
0.585555270797313 0.084448463601647 0.000000000000000
0.669245925334457 0.112655471429532 0.000000000000000
0.717628726464770 -0.004375797933494 0.000000000000000
0.542793578124009 -0.002821756088736 0.000000000000000
0.540564163005072 0.002642057795360 0.000000000000000
0.713625495073261 0.004129924641591 0.000000000000000
0.760674240813784 -0.011097728305038 0.000000000000000
0.788765995383899 0.001704732386062 0.000000000000000
0.789782469654363 0.001444823496310 0.000000000000000
0.776305591970972 -0.000006311753599 0.000000000000000
0.748936773474103 0.002682579075352 0.000000000000000
0.459356547436086 -0.002004969998786 0.000000000000000
0.461872974541393 0.001393973216540 0.000000000000000
0.323015982026636 -0.000331793587230 0.000000000000000
0.321848803783410 0.000266238399484 0.000000000000000
0.910180698081425 0.031079224295095 0.000000000000000
0.960189748216151 0.014450036094245 0.000000000000000
0.951625093822262 0.026112222101709 0.000000000000000
0.770054287016349 -0.012489576590125 0.000000000000000
0.775628210270031 -0.010382218519012 0.000000000000000
0.670952489074499 0.003563038477276 0.000000000000000
0.339534029256029 0.001925841396307 0.000000000000000
0.789824543029718 -0.000126635037262 0.000000000000000
0.789904551135215 0.000539409297474 0.000000000000000
0.940328552498207 0.004731558169325 0.000000000000000
0.792976032821365 0.000551327159294 0.000000000000000
0.768600157797977 -0.001068583069810 0.000000000000000
0.794834781274475 0.000849961519222 0.000000000000000
0.795895595156868 0.000871233825799 0.000000000000000
0.689647367916889 -0.004211514529538 0.000000000000000
0.511905161148055 0.230260258846203 0.000000000000000
0.777904394278458 0.257683254416260 0.000000000000000
0.794727682041772 -0.000165600534675 0.000000000000000
0.793975692765959 -0.000895605022064 0.000000000000000
0.785500308038654 0.001218406172490 0.000000000000000
0.769952086707741 -0.001949264998556 0.000000000000000
0.772150136266138 0.001838985672005 0.000000000000000
0.787159971445307 -0.001333294050620 0.000000000000000
0.735971273950501 -0.002353171891448 0.000000000000000
0.760503093313508 -0.000913987859177 0.000000000000000
0.760912302824578 -0.000173816102758 0.000000000000000
0.734310169055032 -0.000286135230400 0.000000000000000
0.788022353800033 -0.000416986607391 0.000000000000000
0.788769385554115 -0.000376202047651 0.000000000000000
0.788647180535096 -0.000466624633300 0.000000000000000
0.789852199981977 -0.000078391614004 0.000000000000000
0.789966852600401 -0.000240114223990 0.000000000000000
0.695755541742009 -0.132401052904362 0.000000000000000
0.554507634163124 -0.102328611452392 0.000000000000000
0.644298359325375 -0.099350746961523 0.000000000000000
0.646926326701868 -0.194618184944895 0.000000000000000
0.286771730342307 0.000338928522089 0.000000000000000
0.193800936899855 -0.000402335581967 0.000000000000000
0.445071783855037 -0.001042090514024 0.000000000000000
0.282250251650635 -0.000592574108264 0.000000000000000
0.283613681213338 0.000643812398342 0.000000000000000
0.447968884527552 0.001064123337032 0.000000000000000
0.196188698479876 0.000442675164950 0.000000000000000
0.786812476583646 -0.002233747520309 0.000000000000000
0.760052278992748 -0.002869197503308 0.000000000000000
0.663385210520573 0.002684122947841 0.000000000000000
0.329088911692328 0.001275360031533 0.000000000000000
0.327202419524369 -0.001259260913963 0.000000000000000
0.660453881902811 -0.002625409782445 0.000000000000000
0.862083910882067 -0.075327989751813 0.000000000000000
0.980291360950493 -0.051312694148071 0.000000000000000
1.030572404273421 -0.095978419294313 0.000000000000000
0.789873070586237 0.000267763511547 0.000000000000000
0.949078007860835 0.189289912279057 0.000000000000000
0.937944921056144 0.153246045051618 0.000000000000000
0.860231426215494 0.187457173627685 0.000000000000000
0.790169821231961 0.000797927804609 0.000000000000000
0.677155671296709 0.003971674309502 0.000000000000000
0.763920118510088 0.007621422740065 0.000000000000000
0.789910267184400 -0.000799478487883 0.000000000000000
0.789919539835417 -0.001729652555646 0.000000000000000
0.787190261836025 -0.006316952620170 0.000000000000000
0.788709189438976 -0.007339709882761 0.000000000000000
0.266298963127185 -0.001101035259644 0.000000000000000
0.547857925677337 -0.001932812640267 0.000000000000000
0.486290891912911 0.004301793647197 0.000000000000000
0.387270519424664 0.006175025851418 0.000000000000000
0.576533139750118 0.068917796182508 0.000000000000000
0.422475636211386 -0.038922729562387 0.000000000000000
0.428254095105145 0.039333278906280 0.000000000000000
0.495909177124699 0.000672618163860 0.000000000000000
0.796567891554213 0.000982302869372 0.000000000000000
0.444315567114544 -0.053021893244000 0.000000000000000
0.555975384680030 -0.094720841742725 0.000000000000000
0.705874449138532 0.044299447224012 0.000000000000000
0.797403183811385 -0.001050348866328 0.000000000000000
0.792382252540165 -0.002017948393035 0.000000000000000
0.732617542535808 0.002148169890077 0.000000000000000
0.769349398092584 0.003228312023501 0.000000000000000
0.770466780243466 -0.000943888557982 0.000000000000000
0.730632121896163 -0.001607626119010 0.000000000000000
0.554482315028459 -0.001292215690468 0.000000000000000
0.417002928583130 0.000100226555686 0.000000000000000
0.419762666855842 -0.000092287738548 0.000000000000000
0.563382067067185 0.001349471217589 0.000000000000000
0.709230918686845 -0.035600681235047 0.000000000000000
0.680895886075818 -0.016892589540351 0.000000000000000
0.794804296918576 0.001303552079635 0.000000000000000
0.797282666975679 0.002181244585455 0.000000000000000
0.950068104738788 -0.103983214941550 0.000000000000000
0.911944558152220 -0.062395166716761 0.000000000000000
0.797250687699072 -0.003158167662171 0.000000000000000
1.037483971717689 -0.173339454012418 0.000000000000000
1.029022056061497 -0.180190704291062 0.000000000000000
0.790000698050688 0.000093173798235 0.000000000000000
0.790818434004955 0.000623291279710 0.000000000000000
0.790996408299907 0.000301193589666 0.000000000000000
0.568097853722525 0.101843117382564 0.000000000000000
0.769346979277589 0.000077927001093 0.000000000000000
0.782100929787626 0.000937161213230 0.000000000000000
0.757649263798064 0.000975482207649 0.000000000000000
0.691138882904764 -0.069339548441958 0.000000000000000
0.734396142826155 -0.064313684319504 0.000000000000000
0.669788684388976 0.096107787447872 0.000000000000000
0.722957863556320 0.124935564995673 0.000000000000000
1.020308911769784 -0.187739923901549 0.000000000000000
0.974278115053772 -0.237881413895982 0.000000000000000
0.789642573497893 -0.000571919939928 0.000000000000000
0.789552243510472 -0.001472422234532 0.000000000000000
0.794849762501225 -0.000780971073557 0.000000000000000
0.791236821414874 0.000292783606039 0.000000000000000
0.261806899360239 0.002054841758893 0.000000000000000
0.611383657197958 -0.001650885488217 0.000000000000000
0.618146589453211 0.001486350947003 0.000000000000000
0.651544882927650 -0.003518989411718 0.000000000000000
0.591837640832614 -0.050797413232224 0.000000000000000
0.803762354853777 0.060714267455142 0.000000000000000
0.409874647495572 0.089470121947148 0.000000000000000
0.761803644252279 0.002963130771329 0.000000000000000
0.792917018413067 -0.000575902713804 0.000000000000000
0.793028292111002 -0.000567363340614 0.000000000000000
0.791044039968258 -0.000123922422085 0.000000000000000
0.281960028831606 -0.000084801683801 0.000000000000000
0.283296301807606 0.000102155378025 0.000000000000000
0.482056691179000 -0.001232070294815 0.000000000000000
0.832561208791662 -0.021161468530130 0.000000000000000
0.876829219342520 -0.002131255679396 0.000000000000000
0.793775519454264 0.000962236500005 0.000000000000000
0.792741070141456 0.000309214195220 0.000000000000000
0.900243528361129 -0.026170164007298 0.000000000000000
0.822508637936134 -0.038895223698269 0.000000000000000
0.283913163825485 -0.000528626918755 0.000000000000000
0.550446536417141 0.005681932928992 0.000000000000000
0.794127271259838 -0.000695936174223 0.000000000000000
0.792907788244856 -0.000084502574557 0.000000000000000
0.861134030600310 -0.032428619532361 0.000000000000000
0.856062045207735 0.056312759906148 0.000000000000000
0.790832154488330 0.054045719258688 0.000000000000000
0.846397322601034 0.043192238140358 0.000000000000000
0.640350436121613 0.071816664777471 0.000000000000000
0.939965349663714 0.027936651210731 0.000000000000000
0.963328799827441 0.014044934300994 0.000000000000000
0.724294287327259 0.066357056381664 0.000000000000000
0.774928840816330 -0.001399562451433 0.000000000000000
0.345376172438878 0.231138774993311 0.000000000000000
0.556563001609355 0.459062149742002 0.000000000000000
0.332935674827262 0.011465756489954 0.000000000000000
0.300093565469762 0.000656531004119 0.000000000000000
0.124076238954291 0.000936074949456 0.000000000000000
0.319361701654688 -0.012075451223476 0.000000000000000
0.908795515984174 -0.113033924487666 0.000000000000000
0.778294899132973 0.001786640493904 0.000000000000000
0.792641421012271 -0.150503581972810 0.000000000000000
0.747791587665123 -0.016385664970314 0.000000000000000
0.565723840631731 -0.004583720900960 0.000000000000000
0.906346021076590 0.003067110698723 0.000000000000000
0.760424238034766 -0.002240092154826 0.000000000000000
0.535414261633786 0.002107566196979 0.000000000000000
0.254176172101029 0.001111999225604 0.000000000000000
0.745413335176489 0.018760437161899 0.000000000000000
0.767780934198629 0.016508175291233 0.000000000000000
0.870608829307186 0.040406264079430 0.000000000000000
1.008444179722743 0.011001371877189 0.000000000000000
0.951059759088492 0.160620121493876 0.000000000000000
0.785538220336862 0.001747935976547 0.000000000000000
0.787419026537447 0.000715839075595 0.000000000000000
0.745628608770455 -0.004927068275722 0.000000000000000
0.375104263396487 -0.007328941897797 0.000000000000000
0.763337849397065 0.001396438229531 0.000000000000000
0.683902413798429 0.001472060953032 0.000000000000000
0.719748618749110 -0.049561591276492 0.000000000000000
0.713577697302650 -0.396297753438986 0.000000000000000
0.699981478282078 -0.489383277394941 0.000000000000000
0.661051648848583 -0.454575642254640 0.000000000000000
0.620775351028873 0.006982125630642 0.000000000000000
0.321064831750064 -0.001139916608504 0.000000000000000
0.318629611541895 0.001010186618562 0.000000000000000
0.632985084087134 0.003570781302001 0.000000000000000
0.788333177304616 -0.000462873787017 0.000000000000000
0.851508339458535 0.024881876036289 0.000000000000000
0.462708966705887 0.001349213740697 0.000000000000000
0.249083281719542 -0.017605923345794 0.000000000000000
0.463731803485647 -0.046558564922159 0.000000000000000
0.757541027197661 0.002758671357696 0.000000000000000
0.776115765222153 -0.000140777681156 0.000000000000000
0.786351901065147 0.002095769938393 0.000000000000000
0.740234680969493 -0.509406080214261 0.000000000000000
0.789766317248832 0.000132503318028 0.000000000000000
0.550169101800839 -0.059301148002991 0.000000000000000
0.628949232827982 -0.065064127186513 0.000000000000000
0.820087143997823 0.020839860303421 0.000000000000000
0.687291376459190 0.006778472241932 0.000000000000000
0.511055728733731 -0.000618445533135 0.000000000000000
0.283063810241055 -0.000635640707117 0.000000000000000
0.281099448287275 0.000655900625013 0.000000000000000
0.509920045787784 0.000608501970555 0.000000000000000
0.920933993011188 0.073508847239835 0.000000000000000
0.959934702576221 0.119418960894199 0.000000000000000
0.972709221000080 0.019088075457610 0.000000000000000
0.785402809998763 -0.003006851628716 0.000000000000000
0.786004012884205 -0.002215097630911 0.000000000000000
0.787256772666100 -0.003107887293194 0.000000000000000
0.872894772767028 0.042795907539543 0.000000000000000
0.786845759173460 -0.000084844199001 0.000000000000000
0.786772439473784 -0.000858546932316 0.000000000000000
0.729618946547678 0.000490438783027 0.000000000000000
0.763318897096386 0.003403182871213 0.000000000000000
0.784694301154908 -0.002399266925763 0.000000000000000
0.779024985321518 -0.001886895132085 0.000000000000000
0.778550910829331 0.002169744815809 0.000000000000000
1.026637748360428 0.011438193546219 0.000000000000000
0.548062702637423 -0.029405006959027 0.000000000000000
0.550451228644458 0.026279873375642 0.000000000000000
0.789856119315883 -0.000330714560905 0.000000000000000
0.702353664725796 0.002708488978995 0.000000000000000
0.664387402693449 0.298304832121212 0.000000000000000
0.796064739796184 -0.000217917863064 0.000000000000000
0.794497905157899 0.000660165177786 0.000000000000000
0.323091105914315 -0.009558665735508 0.000000000000000
0.121868369360058 -0.000918585006019 0.000000000000000
0.789197831941225 -0.000672412803558 0.000000000000000
0.788484768710463 -0.000708204811078 0.000000000000000
0.792073728505509 -0.001091335590775 0.000000000000000
0.910116095818737 0.043853896075820 0.000000000000000
0.785846641583866 -0.002391765927672 0.000000000000000
0.788904160783544 -0.002713822443626 0.000000000000000
0.787981285673687 -0.000137289874434 0.000000000000000
0.932501013791192 0.038342801565714 0.000000000000000
0.756217061467883 -0.012931969344620 0.000000000000000
0.775711540768990 -0.000384955250656 0.000000000000000
0.779518485091966 -0.000523384543157 0.000000000000000
0.787497298932349 -0.000320818066758 0.000000000000000
1.103368632215423 -0.192928369762468 0.000000000000000
1.129497864797370 -0.164149700939348 0.000000000000000
0.787793192611843 0.001924067818391 0.000000000000000
0.786616810396470 -0.001505867377832 0.000000000000000
0.281980020915059 -0.001781621294481 0.000000000000000
0.908407521912221 0.125716223828675 0.000000000000000
0.792134508341213 0.001099589610356 0.000000000000000
0.793551972769698 0.001088156738194 0.000000000000000
0.792886151628391 0.000045874921995 0.000000000000000
0.641668174797293 -0.101232377723272 0.000000000000000
0.556432146605274 -0.074405440957299 0.000000000000000
0.880546280654292 0.004183118639250 0.000000000000000
0.788305994892404 -0.003497160993311 0.000000000000000
0.788522730415402 0.003167520035223 0.000000000000000
0.778316245498913 -0.244460101485999 0.000000000000000
0.819917167415661 -0.283507584991993 0.000000000000000
0.721986751925005 0.240428415631656 0.000000000000000
0.717318463818221 0.153403145661420 0.000000000000000
1.035689399937549 0.189358879037723 0.000000000000000
1.070240071434063 0.222198045117530 0.000000000000000
1.027073745207490 0.170821420709652 0.000000000000000
0.745216333518010 0.043331293122820 0.000000000000000
0.702161518188409 0.030374013057775 0.000000000000000
0.680942771053278 -0.006105304937920 0.000000000000000
0.805564306926680 -0.016562034109413 0.000000000000000
0.619789847907749 0.070677295554536 0.000000000000000
0.703749046972083 -0.058296919514169 0.000000000000000
0.754291396760497 -0.044868313319506 0.000000000000000
0.747911199678949 -0.100325964227941 0.000000000000000
0.693566856163879 -0.105157292154600 0.000000000000000
0.478014971650543 0.000326732757288 0.000000000000000
0.240281491915149 -0.000074315922275 0.000000000000000
0.239887962908146 0.000038555412960 0.000000000000000
0.477060913728246 -0.000371847245420 0.000000000000000
0.810114986638711 0.058753083171603 0.000000000000000
0.421421426056723 -0.008862732881553 0.000000000000000
0.626088925320313 0.000171761226436 0.000000000000000
0.642309559394504 -0.000597945983879 0.000000000000000
0.650237181116423 0.000458944878040 0.000000000000000
0.634612715192300 -0.000336052962128 0.000000000000000
0.904267116900665 0.062335989614566 0.000000000000000
0.790498810971754 -0.001226656727799 0.000000000000000
0.789124171553076 -0.000426759708169 0.000000000000000
0.299128851310358 0.000183586956390 0.000000000000000
0.476365919319526 -0.003386202494069 0.000000000000000
0.326983644511783 -0.001385501186904 0.000000000000000
0.669727528320498 -0.002132775926576 0.000000000000000
0.765138030575577 -0.000004146361857 0.000000000000000
0.784894933058394 -0.000119160915909 0.000000000000000
0.937452388427072 -0.002544079697280 0.000000000000000
0.952681307451374 -0.011676550709104 0.000000000000000
0.836480659399329 -0.034808557542876 0.000000000000000
0.822776665390615 -0.032583300690231 0.000000000000000
0.784938932772824 0.009761472838717 0.000000000000000
0.776230357472533 0.007581213198466 0.000000000000000
0.737912054837496 -0.319166149368687 0.000000000000000
0.356945274760490 -0.000837897566916 0.000000000000000
0.357779491607313 0.000722388681434 0.000000000000000
0.357895122204520 -0.000871692687622 0.000000000000000
0.356983016219381 0.000792144814428 0.000000000000000
0.799543402197402 0.050377600002450 0.000000000000000
1.022720876103570 0.195736225714717 0.000000000000000
0.786419969760410 0.000841120197513 0.000000000000000
0.794762858926877 0.002023336163811 0.000000000000000
0.364227492249206 0.002010278618574 0.000000000000000
0.491194300008749 0.000437950862951 0.000000000000000
0.964830907205347 0.237736162843155 0.000000000000000
0.623848913710096 -0.021010578623542 0.000000000000000
0.672368855525210 -0.050931129236962 0.000000000000000
0.612919155993179 -0.042904849346480 0.000000000000000
0.742850172782717 -0.000113117432751 0.000000000000000
0.882086439765996 -0.280300888682386 0.000000000000000
0.933293357395550 -0.273550726209191 0.000000000000000
0.795184807740594 -0.001483079797905 0.000000000000000
0.794598539504562 -0.000387727321309 0.000000000000000
0.756156247538796 -0.157436582323006 0.000000000000000
0.276301664416839 0.000717251474150 0.000000000000000
0.535327456048876 -0.001315769319293 0.000000000000000
0.317165570521896 -0.001569523548696 0.000000000000000
0.316996510938132 0.001536068786398 0.000000000000000
0.535160749117203 0.001507250233602 0.000000000000000
0.276367867440477 -0.000735931220182 0.000000000000000
0.797777489277073 0.015301509180808 0.000000000000000
0.742750318878246 0.010115526276480 0.000000000000000
0.780964381163180 0.006821581777701 0.000000000000000
0.609876874289208 -0.070225021990296 0.000000000000000
0.721358197037121 -0.093445852469675 0.000000000000000
0.599839006497239 -0.000497346406778 0.000000000000000
0.528271615818182 0.001190534233599 0.000000000000000
0.528281131483076 -0.001111348335266 0.000000000000000
0.599692529614973 0.000712975165951 0.000000000000000
0.792508463465943 -0.001455703197769 0.000000000000000
0.774415703238092 -0.000664054417261 0.000000000000000
0.732371222693577 0.299449924215851 0.000000000000000
0.941318340493425 -0.023720844360267 0.000000000000000
0.789549067161339 -0.018750095071059 0.000000000000000
0.795020897675726 -0.022950372017623 0.000000000000000
0.677041693754863 0.008084140834677 0.000000000000000
0.707885970639631 0.016323167843379 0.000000000000000
0.796002473341981 -0.011209397392091 0.000000000000000
0.798616103615451 -0.015713416369324 0.000000000000000
0.750895271377309 -0.184121225793926 0.000000000000000
0.783743950795846 0.002676377746921 0.000000000000000
0.781627986680787 0.001620144929570 0.000000000000000
0.782180669742202 0.003463162167288 0.000000000000000
0.784052794603456 0.000381593028496 0.000000000000000
0.787691477166802 0.000436032011633 0.000000000000000
0.787804126633311 0.000096440800362 0.000000000000000
0.726050665026829 0.113416198110776 0.000000000000000
0.775683831660211 0.104987974645963 0.000000000000000
0.529951978046301 0.003476880321824 0.000000000000000
0.389914277373493 -0.001883501399276 0.000000000000000
0.789994052576845 -0.002361040999115 0.000000000000000
0.790524375630424 0.002222803588839 0.000000000000000
0.791203391911742 -0.001355833800937 0.000000000000000
0.791650248046044 0.000342024482309 0.000000000000000
0.790428785022990 -0.000972942889231 0.000000000000000
0.683202594064618 -0.081429087620027 0.000000000000000
0.790510091846235 0.001394129743239 0.000000000000000
0.791420805564648 0.001873839433329 0.000000000000000
0.791952503054070 0.001565352248795 0.000000000000000
0.840222449487702 0.057957705478627 0.000000000000000
0.867119714922702 0.017444705893689 0.000000000000000
0.715763261349130 -0.237247191668170 0.000000000000000
0.797171914374450 -0.116027229377772 0.000000000000000
0.754822477220811 -0.204249183035424 0.000000000000000
0.323175502762266 0.000637731429388 0.000000000000000
0.321349160904495 -0.000618936701350 0.000000000000000
0.921343346675925 0.043812955137361 0.000000000000000
0.789753751007763 0.000331276891560 0.000000000000000
0.363943022618923 0.002753828554674 0.000000000000000
0.767719601308595 0.000681294769840 0.000000000000000
0.791320343849220 0.001544833797543 0.000000000000000
0.307913640096429 0.000031111928643 0.000000000000000
0.308248821382590 0.000735969030507 0.000000000000000
0.309296032097287 -0.000785173205451 0.000000000000000
0.308850185516013 0.000061840605631 0.000000000000000
0.795476195723187 -0.000693555516158 0.000000000000000
0.790943266104148 -0.000812619562359 0.000000000000000
0.788031039817967 0.000539566647033 0.000000000000000
0.787183890672664 0.000532908469472 0.000000000000000
0.787640030988723 0.001344497164396 0.000000000000000
0.772052891887607 0.000932454005543 0.000000000000000
0.765273543345334 -0.000023779798974 0.000000000000000
0.789091139010698 0.001952582546892 0.000000000000000
0.792098961020486 -0.060426985138653 0.000000000000000
0.789413122474486 0.000458985819909 0.000000000000000
0.810835372203191 0.111990384380353 0.000000000000000
0.430433786706537 -0.017731041482080 0.000000000000000
0.776791340567957 0.016908465515074 0.000000000000000
0.788073434334907 0.014785039297347 0.000000000000000
0.789603883723858 -0.000043615444877 0.000000000000000
0.789424945949327 0.000243079086328 0.000000000000000
0.789344572731582 -0.002101956747889 0.000000000000000
0.655799130562772 -0.001815583860025 0.000000000000000
0.656127571088200 0.001383624692754 0.000000000000000
0.893763940940673 0.053039324713388 0.000000000000000
0.811148032951565 -0.017798513832741 0.000000000000000
0.773151003589203 0.177028905593962 0.000000000000000
0.713150446382944 -0.001960911144954 0.000000000000000
0.754688986814463 -0.001332644331201 0.000000000000000
0.715270079354437 0.001727256189458 0.000000000000000
0.790229599347117 -0.010234391352926 0.000000000000000
0.794444106081847 -0.010740854968581 0.000000000000000
0.711449645469096 0.075021147058494 0.000000000000000
0.267005804984140 -0.000764425191119 0.000000000000000
0.831199300521813 -0.049208905620057 0.000000000000000
0.819207382951757 0.021452949464221 0.000000000000000
0.809951120050331 0.019149256720086 0.000000000000000
0.789802798758175 0.000812075619294 0.000000000000000
0.789792156737167 -0.000771612048122 0.000000000000000
0.778498791650121 -0.002724724275376 0.000000000000000
0.794081584936184 -0.000671692716013 0.000000000000000
0.794654510123675 -0.000702808198997 0.000000000000000
0.965982640269922 -0.017596781416748 0.000000000000000
0.738686979627537 -0.273097934628712 0.000000000000000
1.100326956095548 -0.100091032856694 0.000000000000000
1.046747278537955 -0.142957295460229 0.000000000000000
0.791531916404725 -0.008640449165561 0.000000000000000
0.264589892875193 0.000052998217656 0.000000000000000
0.521639570916826 0.000174792683464 0.000000000000000
0.517435845118872 0.000015347567641 0.000000000000000
0.257675607983512 0.000044845054345 0.000000000000000
0.715099954950151 0.088975071438215 0.000000000000000
0.388782804838029 0.017743712334872 0.000000000000000
0.522557754370793 0.001444493487365 0.000000000000000
0.626354765491452 0.004233218297206 0.000000000000000
0.612642695837111 -0.004073820805473 0.000000000000000
0.514217730802997 -0.001331848864302 0.000000000000000
0.310537321835962 0.005841630861255 0.000000000000000
0.691527356571071 0.003642590852803 0.000000000000000
0.713766039275295 -0.003288244990857 0.000000000000000
0.791943609080249 -0.003582089773144 0.000000000000000
0.319547754212605 -0.002621523296628 0.000000000000000
0.319591457234991 0.002705150023364 0.000000000000000
0.557500829561440 0.001580588962194 0.000000000000000
0.265478191457045 0.000759655616285 0.000000000000000
0.258532832845106 -0.000770194805424 0.000000000000000
0.552659732251014 -0.001785031526110 0.000000000000000
0.279831826028685 -0.021569089402618 0.000000000000000
0.788646294612929 -0.002213482800851 0.000000000000000
0.788406962348488 -0.001576983520306 0.000000000000000
0.789176595546049 -0.001469399264631 0.000000000000000
1.039312286141496 0.263076347907868 0.000000000000000
0.925486957361434 0.272884136700138 0.000000000000000
0.854125570354655 0.278908328907307 0.000000000000000
0.852524669070253 -0.053238574592330 0.000000000000000
0.897338596273650 -0.045235108809425 0.000000000000000
0.788496989173221 0.013036988735664 0.000000000000000
0.803255770441285 0.016993487484725 0.000000000000000
0.733839357513171 0.020156409926514 0.000000000000000
0.715257898276069 0.004336167928477 0.000000000000000
0.755600748146463 0.028268293157243 0.000000000000000
0.922012470851364 -0.035692976877891 0.000000000000000
0.729763077459080 0.000433760411621 0.000000000000000
0.616214388559700 0.000778108567452 0.000000000000000
0.616309083197388 -0.000936974358188 0.000000000000000
0.734883271946829 -0.000611308689820 0.000000000000000
0.735052877311421 -0.065294792347508 0.000000000000000
0.707051030624225 0.009454951562383 0.000000000000000
0.652011707779548 -0.004023458906355 0.000000000000000
0.387438181995341 -0.220526118287625 0.000000000000000
0.264442818001469 -0.159015505848272 0.000000000000000
0.795791927361505 0.000457503799207 0.000000000000000
0.691189692462504 0.000293924138957 0.000000000000000
0.354203627312288 -0.001727146520871 0.000000000000000
0.350906501679779 -0.000994946440292 0.000000000000000
0.678684391842636 -0.004383225207376 0.000000000000000
0.792822701282413 0.012821070736131 0.000000000000000
0.788409517865569 0.010244904508703 0.000000000000000
0.802047146821548 -0.025890290953084 0.000000000000000
0.787570360339605 -0.001574989136856 0.000000000000000
0.788261217904285 -0.001052786507667 0.000000000000000
0.655490335831109 -0.002298155780195 0.000000000000000
0.655350699924275 0.002063862041170 0.000000000000000
0.749219839610548 0.154272071883598 0.000000000000000
0.826708451947981 0.124627028398905 0.000000000000000
0.234296598396450 -0.000311826266745 0.000000000000000
0.224214210116474 0.000430118815410 0.000000000000000
0.793827303039278 0.001619346756345 0.000000000000000
0.766363702285313 -0.005283686018985 0.000000000000000
0.759835949218711 -0.006507031423549 0.000000000000000
0.218807141853870 -0.001174217754714 0.000000000000000
0.218860708073763 0.001181757641270 0.000000000000000
0.651777200904114 0.000407279589036 0.000000000000000
0.629764518140402 0.001281577505075 0.000000000000000
0.628569696422893 -0.001239977496507 0.000000000000000
0.654958808210159 -0.000327850937630 0.000000000000000
0.255157838243591 0.000678482407981 0.000000000000000
0.748134509940952 -0.002770970593588 0.000000000000000
0.745396634561152 0.002912620665100 0.000000000000000
0.422079919160212 0.017470766350026 0.000000000000000
0.784082767129242 0.005447314982048 0.000000000000000
0.789206953696841 -0.001035041059443 0.000000000000000
0.610870665361498 -0.004676796668623 0.000000000000000
0.373892640203457 -0.005380679512380 0.000000000000000
0.888552069285020 0.051728949096689 0.000000000000000
0.910925933556605 0.081288988213873 0.000000000000000
0.239572700001591 0.000375445293532 0.000000000000000
0.375067833366677 -0.018229170748556 0.000000000000000
0.686309608795124 0.005646556306069 0.000000000000000
1.016887016570951 0.090995728770958 0.000000000000000
0.960217935857682 0.049703353800360 0.000000000000000
0.853688352830346 0.073352939504070 0.000000000000000
0.790887232880496 0.023813631784253 0.000000000000000
0.796947425988299 0.019695450712623 0.000000000000000
0.780501109624310 0.021459359682484 0.000000000000000
1.039124033523414 0.151183264942791 0.000000000000000
0.947303116995034 0.281687361146431 0.000000000000000
0.826076476854241 0.032161628314574 0.000000000000000
0.786312742011859 0.007644721650118 0.000000000000000
0.246916993543608 0.000640992888821 0.000000000000000
0.247845127812385 -0.000709118633364 0.000000000000000
0.974773020730208 0.141668876629084 0.000000000000000
0.855476524788456 0.097282739550160 0.000000000000000
0.627495495901247 -0.346894884650807 0.000000000000000
0.776181274748328 0.048665453628665 0.000000000000000
0.763638742145427 0.038643280258752 0.000000000000000
0.826411782859531 -0.132627107618100 0.000000000000000
0.228216360045652 -0.000566865131612 0.000000000000000
0.508179058954987 -0.001763426907371 0.000000000000000
0.508566290111256 0.001604862202044 0.000000000000000
0.228344051080546 0.000529117473551 0.000000000000000
0.786004854588953 -0.000256987983261 0.000000000000000
0.773992485502568 -0.000540610641993 0.000000000000000
0.848191078914282 -0.025764319725277 0.000000000000000
0.809035813469552 -0.017534015659706 0.000000000000000
0.672344733481057 0.000124519330507 0.000000000000000
0.670184615617648 0.000480755281105 0.000000000000000
0.666774989128967 -0.000624998851440 0.000000000000000
0.670556599548261 -0.000263788205024 0.000000000000000
0.484131558227735 0.060232595916174 0.000000000000000
0.236972033148614 0.014708478697506 0.000000000000000
0.261848285652128 0.153967345684597 0.000000000000000
0.375180124408413 0.213121844372738 0.000000000000000
0.793480432289218 -0.000503662093812 0.000000000000000
0.835330187340506 -0.059478639094503 0.000000000000000
0.797363535202400 -0.066754849866139 0.000000000000000
0.785005308141330 0.006712381917041 0.000000000000000
0.250692375617281 -0.000522309858213 0.000000000000000
0.769240238021505 0.001299105854195 0.000000000000000
0.779988386557119 0.001020320298858 0.000000000000000
0.748238559255652 0.000829771230870 0.000000000000000
0.787703739882547 0.006198295975946 0.000000000000000
0.783890919477452 0.005862065477993 0.000000000000000
0.810719146171894 0.022726259754884 0.000000000000000
0.800411575603338 0.025637259994405 0.000000000000000
0.809500044120266 0.029612883102326 0.000000000000000
0.793519272769584 -0.032949225886999 0.000000000000000
0.885103535009365 0.000947695849090 0.000000000000000
0.766588118879052 0.034060829172495 0.000000000000000
0.780468025851832 0.028461099844421 0.000000000000000
0.227838162334252 -0.000010441832808 0.000000000000000
0.227752851808657 0.000008000109831 0.000000000000000
0.794768057613079 0.015916847881985 0.000000000000000
0.597757631683208 -0.001906384760937 0.000000000000000
0.597040424957302 0.001607920559101 0.000000000000000
0.797308701229826 0.003001913809278 0.000000000000000
0.784169224375019 0.004086471165930 0.000000000000000
0.383722805018338 -0.296764404846972 0.000000000000000
0.449495881307978 -0.184763504191713 0.000000000000000
0.812517214057399 -0.029025568897439 0.000000000000000
0.861648289009705 -0.036185436892239 0.000000000000000
0.788420255084585 0.000660819924933 0.000000000000000
0.788044305437791 0.000128095079418 0.000000000000000
0.655594538125890 -0.000781559520774 0.000000000000000
0.503157775783880 -0.001154000096831 0.000000000000000
0.502300197671046 0.001025089047138 0.000000000000000
0.655254307342831 0.000691956499174 0.000000000000000
0.791550532594015 -0.001842797947975 0.000000000000000
0.635703194661665 -0.001939039296889 0.000000000000000
0.687164840504283 -0.000894515113284 0.000000000000000
0.688803470391641 0.000732365707034 0.000000000000000
0.641526707302067 0.001851444967774 0.000000000000000
0.792263119835663 -0.001504158441207 0.000000000000000
0.792569941531113 -0.001057569783200 0.000000000000000
0.873588281493485 0.102048675575512 0.000000000000000
0.240574413650605 -0.000678700686315 0.000000000000000
0.240321881387590 0.000585416918388 0.000000000000000
1.011752527476617 -0.015274887774346 0.000000000000000
0.866813150179788 -0.092200587296080 0.000000000000000
0.975495573282500 -0.133504103024674 0.000000000000000
0.878123863711974 0.238456779336613 0.000000000000000
1.045255830538043 0.208653356478043 0.000000000000000
0.788789246719866 -0.000417224756315 0.000000000000000
0.234150619578250 -0.000167134604471 0.000000000000000
0.787686986278890 -0.004694282176354 0.000000000000000
0.785858454525947 -0.004811961792399 0.000000000000000
0.785235609571413 -0.003908991221303 0.000000000000000
0.659405255523868 0.006134897390160 0.000000000000000
0.820173081356400 -0.023530668882867 0.000000000000000
0.820318519280557 0.098106801073886 0.000000000000000
0.783831794148775 -0.004846456901310 0.000000000000000
0.786739698758259 -0.005610259500154 0.000000000000000
0.788419528404581 -0.000055716886008 0.000000000000000
0.630659294590023 -0.001673805434030 0.000000000000000
0.728643091338439 -0.002670410344119 0.000000000000000
0.727955922847202 0.002226581872278 0.000000000000000
0.630505604210668 0.001282387708505 0.000000000000000
0.698117431998667 0.120370529819211 0.000000000000000
0.559486577787872 0.056124369127761 0.000000000000000
0.599339675792365 0.105224369327615 0.000000000000000
0.489185327383454 0.001345404400687 0.000000000000000
0.779159928126919 0.010500792707548 0.000000000000000
0.799940562154597 0.016196284989975 0.000000000000000
0.856267260257815 -0.047176430826895 0.000000000000000
0.473724325335023 -0.000640024633373 0.000000000000000
0.474758667960548 0.000488014518834 0.000000000000000
0.793299781662186 0.000001445766013 0.000000000000000
0.771847838688342 -0.003682079858322 0.000000000000000
0.771206627279276 0.003282345564040 0.000000000000000
0.193869976065375 -0.000025203125497 0.000000000000000
0.196260349431114 -0.000018464197817 0.000000000000000
0.350004239501764 0.000384327120473 0.000000000000000
0.698442263346115 -0.001444197241522 0.000000000000000
0.772874666009507 -0.252266373947286 0.000000000000000
0.785107685709112 -0.004540677592502 0.000000000000000
0.859919069250773 -0.011991203458766 0.000000000000000
0.823164963726852 -0.058416788078051 0.000000000000000
0.208705268898449 -0.012332085517275 0.000000000000000
0.788791575346172 -0.000293852705216 0.000000000000000
1.109965410894856 0.074060212313730 0.000000000000000
1.122732730179077 0.153796253037738 0.000000000000000
1.084424848656837 0.022830594570019 0.000000000000000
0.348524047002767 0.131825053853839 0.000000000000000
0.669786310395725 0.256210767904930 0.000000000000000
0.361487789792651 0.197724795856938 0.000000000000000
0.679374521719167 -0.007713161861875 0.000000000000000
0.733882923376285 -0.009298752683261 0.000000000000000
0.794322401619055 -0.001039593969618 0.000000000000000
0.907600555293930 0.288073000860099 0.000000000000000
0.919390210713369 0.216357912245173 0.000000000000000
0.814213834648808 -0.090856489003790 0.000000000000000
1.044037711241381 -0.177823509151396 0.000000000000000
1.049799057031313 -0.165825062554802 0.000000000000000
0.386469573615260 -0.005222939418218 0.000000000000000
0.730170189437164 0.001576561380738 0.000000000000000
0.382633860677172 -0.080702631839427 0.000000000000000
0.829899855289214 -0.109299370379008 0.000000000000000
0.651399879603442 0.012213736143241 0.000000000000000
0.791601816012920 -0.013843820880195 0.000000000000000
0.224311779804991 0.000183971458424 0.000000000000000
0.817442398377544 -0.019459017164014 0.000000000000000
0.268101619782751 0.013834155574234 0.000000000000000
0.770494630938623 -0.004691944491786 0.000000000000000
0.773628333015422 -0.003321511284775 0.000000000000000
0.771463360478807 -0.000226325380997 0.000000000000000
0.749915199324926 0.000273679507448 0.000000000000000
0.744520055924351 -0.000616217220457 0.000000000000000
0.766715342212254 -0.000174395451266 0.000000000000000
0.790262040343300 0.136685248593605 0.000000000000000
0.528378931737958 -0.051774780092928 0.000000000000000
0.669311337053416 -0.114226869643957 0.000000000000000
1.071704850353004 0.246583235797997 0.000000000000000
1.076830160958679 0.244212393522392 0.000000000000000
0.376605836616223 -0.204434807541879 0.000000000000000
0.665793618941768 -0.259789658707563 0.000000000000000
0.328361737865420 -0.128967953883271 0.000000000000000
0.391893516689340 0.140841118020333 0.000000000000000
0.121656324372833 -0.000741469428711 0.000000000000000
0.781485959705449 -0.002492111925109 0.000000000000000
0.781212274712000 -0.004037034428781 0.000000000000000
0.779195893826606 -0.002662066868706 0.000000000000000
0.788722865417825 -0.005303455328457 0.000000000000000
0.788015510799194 -0.004696983849714 0.000000000000000
0.792396452194702 -0.001695493718368 0.000000000000000
0.793308584274608 -0.001969279039689 0.000000000000000
0.910578737021295 0.133642640606893 0.000000000000000
0.985341907178892 0.109924615036373 0.000000000000000
0.315465512470340 0.005947422462200 0.000000000000000
0.119506993945349 0.000275897947194 0.000000000000000
0.765976804309439 -0.011991802530516 0.000000000000000
0.649788215955250 -0.005853921956738 0.000000000000000
0.081233511656305 -0.081690690070495 0.000000000000000
0.789850815460003 -0.006778410562017 0.000000000000000
0.782794115599270 0.004766071800052 0.000000000000000
0.779726661463421 0.003778942026506 0.000000000000000
0.275263296355965 -0.001309464498129 0.000000000000000
0.275186518372523 0.001249633758354 0.000000000000000
0.954385848736585 -0.129718528428659 0.000000000000000
0.083207067415489 0.080706365367468 0.000000000000000
0.789846567204089 -0.007348435213661 0.000000000000000
0.788233919728897 -0.004343566610878 0.000000000000000
0.787956318557552 -0.000385789103293 0.000000000000000
0.785796984674627 0.004964492286102 0.000000000000000
0.786880096505374 0.002747459696755 0.000000000000000
0.815518145149327 -0.019142392049701 0.000000000000000
0.916477447828039 -0.225650236732819 0.000000000000000
0.789138946462638 0.000316040688259 0.000000000000000
0.999731824876220 -0.159251077497010 0.000000000000000
0.878857069137214 -0.239223201764928 0.000000000000000
0.690414240881195 -0.000321002999646 0.000000000000000
0.694317179438585 0.000328915259150 0.000000000000000
0.237849282338075 -0.011699083004305 0.000000000000000
0.788072089124728 -0.003758109596907 0.000000000000000
0.785758601655846 0.004920526271063 0.000000000000000
0.781588894310715 -0.001620995292583 0.000000000000000
1.119417064215130 0.198554725938705 0.000000000000000
1.100753735283248 0.191790194045024 0.000000000000000
1.096444230866479 0.221780045765061 0.000000000000000
0.775975290670296 -0.002484459451687 0.000000000000000
0.777387183894731 -0.000693128699153 0.000000000000000
0.788884216861102 -0.001061825907735 0.000000000000000
0.787973756291998 -0.001553631171707 0.000000000000000
0.220175333270629 0.000591534539814 0.000000000000000
0.220157815290449 -0.000601101098697 0.000000000000000
0.478324559179708 -0.001548718616060 0.000000000000000
0.776867811607982 0.001374688150709 0.000000000000000
0.257610070875075 0.008422130910021 0.000000000000000
0.278617892684249 0.009167032349734 0.000000000000000
0.279356625687203 -0.008890701829262 0.000000000000000
0.259562433093359 -0.007688799411108 0.000000000000000
0.779546483679044 0.000530322067315 0.000000000000000
0.781615240018667 0.000063596739127 0.000000000000000
0.981174817638122 -0.125518318892655 0.000000000000000
0.896733521986051 -0.136606496316832 0.000000000000000
0.771794446966901 -0.007575427331268 0.000000000000000
1.099185885894827 -0.052689941142426 0.000000000000000
1.108621356526801 -0.069946159620273 0.000000000000000
1.089159166998178 0.016587935336918 0.000000000000000
1.050002215136584 0.143539594285621 0.000000000000000
1.097750588577230 0.101458728562226 0.000000000000000
0.794520827265473 0.000720179804265 0.000000000000000
0.758237763962210 -0.079569956618018 0.000000000000000
0.032929953306465 -0.039155281147319 0.000000000000000
1.037698716242110 -0.078059248483085 0.000000000000000
1.090631291645685 -0.009168745105118 0.000000000000000
0.793482574382214 0.002218893988002 0.000000000000000
0.782313835301143 -0.001494656144110 0.000000000000000
0.787277531591566 0.001991543157447 0.000000000000000
0.033897425219051 0.038604672716032 0.000000000000000
1.040536573296490 0.073438364509369 0.000000000000000
1.029897646877899 0.173325967445351 0.000000000000000
0.789240254657592 -0.006490319811346 0.000000000000000
0.788401279010205 -0.002884219254280 0.000000000000000
0.783564394543669 -0.002681006513101 0.000000000000000
0.784709059461028 0.005197520804873 0.000000000000000
0.816306443352974 -0.018710639122162 0.000000000000000
0.836702538699737 -0.026577503081616 0.000000000000000
0.775089164030162 -0.134966803619443 0.000000000000000
0.788701649092822 -0.005912230582368 0.000000000000000
0.794003206719580 -0.000602782451352 0.000000000000000
1.072539411102353 -0.092018000100133 0.000000000000000
0.848531243743018 -0.035966532500490 0.000000000000000
0.750413770238195 -0.002613724351656 0.000000000000000
0.784345640378080 -0.001519497866124 0.000000000000000
0.788264744694855 0.000159354619117 0.000000000000000
1.095043423034888 0.196321974555518 0.000000000000000
1.054883323073361 0.169591515394606 0.000000000000000
0.863752314639516 0.357515918417260 0.000000000000000
0.791658353553697 0.036274917264942 0.000000000000000
0.812829583588555 0.034435709472474 0.000000000000000
0.788577954090849 -0.000147640232555 0.000000000000000
0.788606174876017 -0.000309989700130 0.000000000000000
0.751882325797383 -0.074818376398901 0.000000000000000
0.650495179014784 -0.040975284023378 0.000000000000000
0.811463162514911 0.042010893394542 0.000000000000000
0.951313406656272 0.131512106959732 0.000000000000000
0.643180892011259 0.040738870257515 0.000000000000000
0.746996807912461 0.074661226280358 0.000000000000000
0.777654307591441 -0.082938503440155 0.000000000000000
0.564572160947279 -0.040242248344475 0.000000000000000
0.780443220040715 -0.429772552616269 0.000000000000000
0.832183953324416 0.415094412385262 0.000000000000000
0.773584304055648 -0.000657163893905 0.000000000000000
0.769034272003332 0.000392792304148 0.000000000000000
0.789187037185990 -0.000389857567036 0.000000000000000
0.630004630139949 -0.496597766888321 0.000000000000000
0.785828118337543 0.087973407896129 0.000000000000000
0.578754992455566 0.044515687906498 0.000000000000000
0.788479607513998 -0.000141328588147 0.000000000000000
0.790792121151132 -0.000959168960095 0.000000000000000
0.657467006766488 -0.002438082511090 0.000000000000000
0.499076804317604 -0.000881377072957 0.000000000000000
0.500430307862167 0.001019774957048 0.000000000000000
0.657861247583195 0.002645820005518 0.000000000000000
0.789656043716499 -0.000463407255963 0.000000000000000
0.790222109368983 -0.000517102491049 0.000000000000000
0.787861151773761 -0.000368602681357 0.000000000000000
0.698043274263936 0.003656335640974 0.000000000000000
0.701702155142721 -0.003515088210583 0.000000000000000
0.090706682756805 0.056588296485968 0.000000000000000
0.032491539024969 -0.000480388010043 0.000000000000000
0.788534798096057 -0.005832326855059 0.000000000000000
0.090571022242723 -0.058834308629951 0.000000000000000
