$MeshFormat
2.2 0 8
$EndMeshFormat
$Nodes
1847
1 0 0 0
2 1.5 0 0
3 5 0 0
4 5 1 0
5 1.5 1 0
6 0 1 0
7 0.5 0.47 0
8 0.9 0.47 0
9 0 0.7 0
10 0 0.3 0
11 0.09999999999956016 0 0
12 0.1999999999991797 0 0
13 0.2999999999987273 0 0
14 0.399999999998371 0 0
15 0.4999999999980147 0 0
16 0.5999999999976584 0 0
17 0.6999999999973021 0 0
18 0.799999999997316 0 0
19 0.8999999999976995 0 0
20 0.9999999999980829 0 0
21 1.099999999998466 0 0
22 1.19999999999885 0 0
23 1.299999999999233 0 0
24 1.399999999999616 0 0
25 0.0499999999997871 0 0
26 0.1499999999993731 0 0
27 0.2499999999989535 0 0
28 0.3499999999985535 0 0
29 0.4499999999981982 0 0
30 0.5499999999978246 0 0
31 0.6499999999974704 0 0
32 0.7499999999971865 0 0
33 0.8499999999975114 0 0
34 0.9499999999978943 0 0
35 1.049999999998275 0 0
36 1.149999999998661 0 0
37 1.249999999999001 0 0
38 1.349999999999425 0 0
39 1.449999999999827 0 0
40 1.598398406406691 0 0
41 1.69956316622664 0 0
42 1.803572037350657 0 0
43 1.910505005593579 0 0
44 2.020444248140296 0 0
45 2.133474334969415 0 0
46 2.249682114879001 0 0
47 2.369156932883387 0 0
48 2.491990648637298 0 0
49 2.618277705187979 0 0
50 2.748115164958391 0 0
51 2.881602842581207 0 0
52 3.018843388647588 0 0
53 3.159942280436479 0 0
54 3.305008002622814 0 0
55 3.45415206721074 0 0
56 3.60748918701745 0 0
57 3.76513718708045 0 0
58 3.927217238287477 0 0
59 4.093853987411402 0 0
60 4.265175503547953 0 0
61 4.44131357396772 0 0
62 4.622403538742169 0 0
63 4.808584633364633 0 0
64 1.549199203203357 0 0
65 1.648980786316663 0 0
66 1.751567601788671 0 0
67 1.857038521472099 0 0
68 1.96547462686695 0 0
69 2.076959291554819 0 0
70 2.191578224924208 0 0
71 2.309419523881173 0 0
72 2.430573790760364 0 0
73 2.555134176912639 0 0
74 2.683196435073135 0 0
75 2.814859003769767 0 0
76 2.950223115614397 0 0
77 3.08939283454205 0 0
78 3.232475141529548 0 0
79 3.379580034916787 0 0
80 3.530820627114029 0 0
81 3.686313187048969 0 0
82 3.846177212683973 0 0
83 4.010535612849404 0 0
84 4.179514745479738 0 0
85 4.353244538757997 0 0
86 4.531858556354918 0 0
87 4.715494086053537 0 0
88 4.904292316682271 0 0
89 5 0.1999999999995579 0
90 5 0.3999999999989749 0
91 5 0.5999999999989468 0
92 5 0.7999999999994734 0
93 5 0.09999999999981678 0
94 5 0.2999999999992664 0
95 5 0.4999999999986832 0
96 5 0.6999999999992101 0
97 5 0.8999999999997367 0
98 4.808584633362061 1 0
99 4.622403538739024 1 0
100 4.441313573964803 1 0
101 4.265175503545255 1 0
102 4.093853987408912 1 0
103 3.927217238285182 1 0
104 3.765137187078344 1 0
105 3.607489187015524 1 0
106 3.454152067209565 1 0
107 3.305008002623656 1 0
108 3.159942280436959 1 0
109 3.018843388646401 1 0
110 2.881602842579925 1 0
111 2.748115164957249 1 0
112 2.618277705186969 1 0
113 2.491990648636413 1 0
114 2.369156932882623 1 0
115 2.249682114878349 1 0
116 2.133474334968872 1 0
117 2.020444248139856 1 0
118 1.910505005593236 1 0
119 1.803572037350407 1 0
120 1.699563166226477 1 0
121 1.598398406406613 1 0
122 4.904292316680941 1 0
123 4.715494086050587 1 0
124 4.531858556351828 1 0
125 4.353244538755165 1 0
126 4.179514745477161 1 0
127 4.010535612847018 1 0
128 3.84617721268177 1 0
129 3.686313187046926 1 0
130 3.530820627112526 1 0
131 3.37958003491661 1 0
132 3.23247514153046 1 0
133 3.089392834541631 1 0
134 2.950223115613143 1 0
135 2.814859003768591 1 0
136 2.683196435072086 1 0
137 2.555134176911691 1 0
138 2.430573790759518 1 0
139 2.309419523880486 1 0
140 2.191578224923628 1 0
141 2.076959291554378 1 0
142 1.965474626866533 1 0
143 1.857038521471798 1 0
144 1.751567601788488 1 0
145 1.648980786316545 1 0
146 1.549199203203352 1 0
147 1.400000000001087 1 0
148 1.300000000001012 1 0
149 1.2000000000015 1 0
150 1.100000000001219 1 0
151 1.000000000000967 1 0
152 0.900000000001412 1 0
153 0.8000000000018716 1 0
154 0.7000000000019609 1 0
155 0.6000000000016807 1 0
156 0.5000000000014007 1 0
157 0.4000000000011206 1 0
158 0.3000000000008405 1 0
159 0.2000000000005604 1 0
160 0.1000000000002801 1 0
161 1.450000000000543 1 0
162 1.350000000001042 1 0
163 1.250000000001313 1 0
164 1.150000000001281 1 0
165 1.050000000001072 1 0
166 0.9500000000012142 1 0
167 0.8500000000016594 1 0
168 0.7500000000020588 1 0
169 0.6500000000018265 1 0
170 0.5500000000013841 1 0
171 0.4500000000011282 1 0
172 0.3500000000008474 1 0
173 0.2500000000005476 1 0
174 0.1500000000003863 1 0
175 0.05000000000015215 1 0
176 0.5198062264193557 0.3832232521768216 0
177 0.5753020396278412 0.3136337035067227 0
178 0.6554958132080154 0.2750144175638 0
179 0.7445041867905712 0.2750144175634774 0
180 0.8246979603715495 0.3136337035062369 0
181 0.8801937735805127 0.3832232521765484 0
182 0.5050144175636007 0.4254958132088887 0
183 0.5436337035061056 0.3453020396286149 0
184 0.613223252175963 0.2898062264197692 0
185 0.6999999999991463 0.27 0
186 0.7867767478231127 0.2898062264193241 0
187 0.8563662964935322 0.345302039628161 0
188 0.8949855824363784 0.4254958132087973 0
189 0.88019377358063 0.5567767478232082 0
190 0.8246979603721781 0.6263662964932619 0
191 0.7445041867919803 0.664985582436201 0
192 0.6554958132093235 0.6649855824364986 0
193 0.5753020396284665 0.6263662964937761 0
194 0.5198062264195357 0.5567767478235522 0
195 0.8949855824364075 0.5145041867910756 0
196 0.8563662964939062 0.5946979603713702 0
197 0.7867767478241272 0.6501937735801874 0
198 0.7000000000008083 0.67 0
199 0.6132232521768628 0.6501937735806642 0
200 0.5436337035064697 0.5946979603718416 0
201 0.5050144175636263 0.514504186791224 0
202 0 0.9000000000001807 0
203 0 0.8000000000001664 0
204 0 0.9500000000001064 0
205 0 0.8500000000004694 0
206 0 0.7500000000000832 0
207 0 0.6000000000002439 0
208 0 0.5000000000005315 0
209 0 0.4000000000002657 0
210 0 0.6500000000001219 0
211 0 0.5500000000003877 0
212 0 0.4500000000003366 0
213 0 0.3500000000001899 0
214 0 0.2000000000002564 0
215 0 0.1000000000002544 0
216 0 0.2500000000001282 0
217 0 0.1500000000003991 0
218 0 0.05000000000013985 0
219 1.400989780625934 0.4963760150116139 0
220 1.892138118721696 0.5062163845540144 0
221 2.411022779169306 0.4778523194287042 0
222 2.911077310061094 0.4780066416508065 0
223 3.403143212866519 0.4999999999999399 0
224 1.161234294941941 0.6922072090011321 0
225 3.903696148779963 0.4999999999999461 0
226 1.660473911262954 0.6948326422811265 0
227 1.648980786316666 0.3098818302128791 0
228 1.179447378909735 0.3080131242604883 0
229 0.2815598476674351 0.7214922211610377 0
230 4.407356160213356 0.5208357554985819 0
231 0.2690489766682186 0.2709111881891095 0
232 2.149708212962735 0.6875227875780016 0
233 2.149708212962755 0.312477212422023 0
234 1.401259011677877 0.7499969237789776 0
235 1.411223645023714 0.2459473609981251 0
236 2.651035236587894 0.6846899926233232 0
237 2.622729886924483 0.3211561778473719 0
238 0.274069316991723 0.4926814804904053 0
239 1.889130020410337 0.7606407594981572 0
240 1.892584151824927 0.2432929568730345 0
241 0.9664878441001056 0.7854630053867783 0
242 3.151845628705074 0.313084920036095 0
243 3.151845628705136 0.6869150799638973 0
244 1.089646290173941 0.5058680274630473 0
245 0.4616600391683408 0.8004879547597136 0
246 0.9941893786317617 0.2025606242214763 0
247 2.392269844434766 0.7504714896547745 0
248 2.392269844434784 0.249528510345283 0
249 3.63632774210876 0.708726637465754 0
250 3.640270606664652 0.280156961003015 0
251 0.4383194212468128 0.1843901952753152 0
252 1.59636471832154 0.5000000000000122 0
253 2.857201283352286 0.7761539001708169 0
254 2.866276440021845 0.2233151693414611 0
255 4.154354177431654 0.6908308256652151 0
256 4.144913786669903 0.3148890688088021 0
257 0.703499258801217 0.8357029943475463 0
258 4.688887390622532 0.6858993862201374 0
259 4.688887390622594 0.3141006137799708 0
260 2.083161258150545 0.4924755820243605 0
261 3.379062478648373 0.7473190081396779 0
262 3.376023729312066 0.2466666849555847 0
263 1.253111461565142 0.8355006247702895 0
264 1.554276733782632 0.8423037319062903 0
265 0.1726173591836483 0.8510985574274355 0
266 1.55888466817446 0.1679032231967339 0
267 1.267446099288488 0.1606930385401216 0
268 0.1545915818827834 0.6062651420526591 0
269 0.8441683478314863 0.1520193607560018 0
270 1.006780325743442 0.6421690751310304 0
271 1.250469121397318 0.5619122403793599 0
272 1.740919678327129 0.8345340579719485 0
273 1.742350093819987 0.166053387247901 0
274 0.151359237866253 0.3853558232644959 0
275 0.159785484535686 0.1503554610659185 0
276 1.041194014188184 0.3629210414249246 0
277 1.323536911830012 0.3573468474548363 0
278 0.3901277926208879 0.6100519834126601 0
279 0.3721284111374704 0.3790476058119528 0
280 2.044250074643683 0.8410107061608925 0
281 2.044250074643784 0.1589892938391083 0
282 1.4869155925229 0.6217640030132117 0
283 3.889628105844825 0.7458838848540192 0
284 3.896766111895655 0.2491207543126601 0
285 1.747795945824554 0.5604306721300593 0
286 2.624399977409909 0.5026156794773977 0
287 1.509966456856752 0.3722984714827581 0
288 0.5785441710602122 0.1534426003541839 0
289 1.103077187305708 0.8493585195913191 0
290 1.794758939141128 0.3777534613810613 0
291 0.335713028370642 0.8577987904203441 0
292 0.8415716635565689 0.8639824081443261 0
293 1.9969446963987 0.6280554993987925 0
294 2.001075420081089 0.3617271699623831 0
295 1.125529526925034 0.1358143455757562 0
296 2.232036619327799 0.8411449637829616 0
297 2.234009237368187 0.1583509559295339 0
298 4.398722363000029 0.2482255508742633 0
299 4.397156622356211 0.7615555361303059 0
300 2.548538945696298 0.8327109005132999 0
301 2.548538945696285 0.1672890994869044 0
302 0.3081193985901244 0.1379841951574671 0
303 0.7127983291944589 0.1496333175576645 0
304 2.254559524134824 0.5643738756719212 0
305 3.095710531382944 0.5000000000000064 0
306 2.29614289044067 0.3779287953687396 0
307 0.5895280725359617 0.890868182657226 0
308 1.280839140437855 0.6871211551764908 0
309 2.493430975068334 0.6206558227600646 0
310 2.498218309409579 0.371539574285098 0
311 2.743364220643177 0.8303774383781701 0
312 2.744283813323841 0.1817858105103137 0
313 3.586288028200002 0.5227844101595254 0
314 0.4480561322498695 0.6772116860749716 0
315 0.8345364645382625 0.728185236602907 0
316 1.371414989939329 0.8550720600782921 0
317 1.445622788619613 0.1236372913470941 0
318 1.197688821726404 0.413630952718735 0
319 3.049057393800611 0.1719576629065729 0
320 3.049057393800693 0.8280423370935522 0
321 0.5672712064596833 0.7525946096821747 0
322 2.726411719941563 0.5668494225830658 0
323 1.793462707075178 0.6666481339423523 0
324 0.1194029238724789 0.7137483710407601 0
325 1.853378371910217 0.8762824829135585 0
326 1.859944966992535 0.1223251247745674 0
327 0.1170037046093426 0.2809081919599009 0
328 3.270876753138477 0.1655441587253743 0
329 3.266979461183122 0.8412275999616989 0
330 0.9933254889101921 0.5247133998644933 0
331 0.4270100088576877 0.297812119208499 0
332 2.796339296661013 0.3780577009506956 0
333 0.4051026554153425 0.4859984763798951 0
334 0.1185404721313606 0.4974930444649251 0
335 4.108947051352787 0.4918808840399518 0
336 2.992513904034136 0.619823774864689 0
337 2.998129287963308 0.3718421178268836 0
338 0.9192480089407606 0.2812869175668149 0
339 1.392586597107916 0.6208358145468667 0
340 3.547520640921321 0.8470454646108183 0
341 3.54579599271641 0.1464833065572739 0
342 0.94435728317704 0.102553188239399 0
343 0.9408083307248741 0.8942345006998179 0
344 1.688221112190033 0.4190053615368032 0
345 3.238199049156883 0.4509825748870937 0
346 0.9191822502287887 0.6942310982797232 0
347 4.807002340387911 0.500000000000048 0
348 1.646446901307688 0.8962306868307791 0
349 0.2729600286842968 0.6075943396224515 0
350 1.064980644780037 0.7490887199033223 0
351 1.906722861536144 0.5933558194544288 0
352 2.293290125280139 0.6873748418039947 0
353 0.2670360876188793 0.3825211453292876 0
354 1.109133572136724 0.6002470425210971 0
355 1.650164010179806 0.09912579020122762 0
356 1.511571920289853 0.2705860420184779 0
357 3.303232323564165 0.616833611962941 0
358 1.548429983741392 0.724560222949185 0
359 0.3914774887425268 0.7428237461622318 0
360 2.437559842239228 0.8728902427554723 0
361 2.437559842239619 0.1271097572446656 0
362 0.4457807250414537 0.9006210268979609 0
363 1.271143455735153 0.2665757563567021 0
364 3.492971684153102 0.631828266958009 0
365 3.518315308303177 0.3831928799051467 0
366 1.082743980788452 0.2714408611219881 0
367 3.760519915593177 0.8225270574664931 0
368 3.755585526363843 0.176119299590923 0
369 4.599634079532427 0.5024804470831884 0
370 1.753631809323663 0.2755977161297331 0
371 0.5263436744441908 0.2283093713554592 0
372 4.02635593677777 0.1748353496111957 0
373 4.02668484887865 0.8252681551944883 0
374 0.2543696280297514 0.9112810359279014 0
375 1.288322291563863 0.4563235577197675 0
376 3.75473247568936 0.5480310340991992 0
377 0.4903871733475467 0.1018013890021995 0
378 2.199370499902528 0.4316782049199426 0
379 1.355427147411888 0.08345991285599813 0
380 0.3627827473437716 0.2461104802942855 0
381 0.7621164128405231 0.9087115101902477 0
382 1.643497215582471 0.7924085038547414 0
383 1.474320726663585 0.9057179226802093 0
384 4.53148323894009 0.1668631730793486 0
385 4.531259561704311 0.8345341250641273 0
386 3.806298012359591 0.3640523120954764 0
387 0.3959665509663552 0.0973661748248786 0
388 1.59317958352655 0.5976467423201736 0
389 1.497732359160769 0.5229000858533129 0
390 2.138680335935581 0.884343102935873 0
391 2.139009105609188 0.115572883682931 0
392 2.758352525845313 0.7032394148706832 0
393 1.052389678272131 0.100071083704369 0
394 1.973921525054448 0.9084158902252126 0
395 1.975015957568355 0.09135204438948166 0
396 3.991702572641606 0.3601994410178054 0
397 4.002681459449347 0.6282696080725315 0
398 2.384545364862992 0.6129037886463866 0
399 1.651184931638872 0.2090921360920244 0
400 0.9795735369599066 0.4335191232640436 0
401 1.189354334556249 0.8845228743783957 0
402 4.243870014439604 0.1705383478697457 0
403 4.249101983170946 0.8313150604059033 0
404 4.838209123749343 0.1627780280096412 0
405 4.838209123748907 0.8372219719903923 0
406 2.003006269421166 0.7416457649156186 0
407 1.998835109723764 0.2620214162075532 0
408 1.413884064360082 0.3435429970937668 0
409 0.7008234361668765 0.7476739145007194 0
410 2.936617418760977 0.875339025815556 0
411 2.93498931330657 0.1241720780584855 0
412 0.09653997762219535 0.9034600223778209 0
413 0.6494226990386826 0.08399195298036359 0
414 0.6614486262573108 0.9117632735404397 0
415 1.903540770531954 0.3484169699433817 0
416 0.2566940710811658 0.8096799150863009 0
417 1.171391950169043 0.788838332494926 0
418 1.11229503151843 0.4160230965400887 0
419 0.2418095495766253 0.08668732956281534 0
420 4.251314321790136 0.5535498560398443 0
421 1.593945448596746 0.3897639581722421 0
422 1.201822540013044 0.0983025645215479 0
423 1.170987748224127 0.2047670884327728 0
424 1.785390675259525 0.4788287664661872 0
425 1.037532711673192 0.9150956649164874 0
426 2.256768343217505 0.2796421018584159 0
427 4.293942508899046 0.3816455542095903 0
428 0.7806405445208755 0.08805088769173043 0
429 0.8489796340281117 0.2348375248946651 0
430 1.993379354910017 0.5361554476803923 0
431 2.692898910394585 0.4218580012032911 0
432 0.09144010171367195 0.09144010171373139 0
433 3.267377223546697 0.3011353070261116 0
434 3.409311037085621 0.8621499471833416 0
435 3.409166686154713 0.1368977566416852 0
436 0.07061489189702382 0.3573414192265723 0
437 1.533844978896729 0.07357600984102078 0
438 2.095163176505394 0.6016935232187251 0
439 0.07195599853226543 0.6378790112103698 0
440 4.498360238224122 0.36745854606094 0
441 4.489902675045128 0.6548851059494221 0
442 0.2036237340501614 0.6823556005550352 0
443 2.309419523881194 0.08773114767370023 0
444 2.309419523880486 0.9122688523265468 0
445 0.23998913124703 0.187201245782423 0
446 1.316055061558524 0.7674280298380894 0
447 2.666870315053322 0.8990768939793938 0
448 2.667001685436881 0.1026607130048163 0
449 0.1994750861175923 0.5289541851340384 0
450 2.880775170792482 0.6102845502404997 0
451 1.466236742377836 0.8048748756171466 0
452 2.121194035192407 0.7745622797134703 0
453 2.13018092835588 0.2246921632258764 0
454 1.749573622671257 0.9223955543861804 0
455 1.751118854913925 0.0775008604447392 0
456 0.4401981817112332 0.4010833767896702 0
457 0.7768101395539409 0.1993152873673995 0
458 1.360262935219449 0.188400970955799 0
459 1.295300302009984 0.9124074012208356 0
460 2.084102988139524 0.3977793805807196 0
461 2.508875639080615 0.7284143826168635 0
462 2.502301930409994 0.2602919430491177 0
463 1.176750682727857 0.5102254783499579 0
464 1.556504856947959 0.9245466959262353 0
465 0.1973392100333017 0.3114080000888789 0
466 0.6480554754715433 0.1919573853071355 0
467 0.7791351368420962 0.8070614278667643 0
468 0.08599957035006664 0.8008079365928777 0
469 0.440660825184018 0.55263714774468 0
470 0.6266138747724401 0.8088245119533988 0
471 2.39223653626163 0.353726023021229 0
472 0.9410630637132409 0.6060536449524656 0
473 1.201699866324523 0.6142602040783779 0
474 1.800992434960784 0.7758332898258074 0
475 3.183778354699813 0.5720966124700169 0
476 1.727869189441703 0.7528513255751952 0
477 0.9647049045159687 0.3505669164591919 0
478 0.2020960401451617 0.4574011357366304 0
479 0.9158588720976558 0.1847174734389298 0
480 0.08324797542392025 0.1963225717243722 0
481 2.753163031540946 0.283299723368629 0
482 0.8608790822143875 0.07189442308981557 0
483 4.852819715668462 0.3296418181707143 0
484 4.85281971566851 0.6703581818290476 0
485 1.47835624848223 0.1959357038599655 0
486 2.309191246595189 0.4746082405743316 0
487 1.336819899824246 0.5501455001922039 0
488 1.954126052150673 0.175596167216749 0
489 1.954110191104147 0.820289481055321 0
490 2.812011289788382 0.09351657362174135 0
491 2.811495132457569 0.9072658018194797 0
492 1.377539086119196 0.4202561428654775 0
493 0.9909122605666684 0.711416184091743 0
494 0.8850350135735587 0.7976425303696357 0
495 3.86995699055975 0.1194222926356294 0
496 3.873837459136036 0.8787358195030003 0
497 3.784844088397422 0.6886917023924327 0
498 1.681619114524351 0.5178858213266785 0
499 2.514254969268199 0.5127700518687436 0
500 0.3500000000009806 0.9354450849954851 0
501 1.813743790254168 0.2140538198507081 0
502 1.247401971611441 0.3568871323451157 0
503 1.684822345782902 0.6109193840087681 0
504 2.061370392487597 0.9243795415876672 0
505 2.061573707085995 0.07557530430285823 0
506 1.454122545227377 0.7006057808555144 0
507 0.3474501819520592 0.6725282216584483 0
508 2.589312070382519 0.6024453563951242 0
509 0.06947594170389633 0.5664834836569187 0
510 0.06960875245782579 0.4290554004592578 0
511 3.384014684803869 0.3646457877576673 0
512 1.025783804918797 0.8378364351754977 0
513 0.5651590569262789 0.07019559929139414 0
514 1.460495136058393 0.4441073518877283 0
515 2.639802988209287 0.7890549012907212 0
516 2.639754480196416 0.2140314006415589 0
517 1.001244380698013 0.2932206937888074 0
518 3.257657206913505 0.7300287135413897 0
519 0.3341495775115569 0.3152320577955912 0
520 0.3446132139193937 0.4459860816469701 0
521 0.3452612139969497 0.5370789726502823 0
522 0.8497134739248529 0.9378827691849323 0
523 1.236526381734501 0.7542190702561856 0
524 1.352099224026246 0.2859304769993533 0
525 0.3953095108513228 0.8143515501298587 0
526 2.326916379444529 0.8152087356710853 0
527 2.326005358228258 0.1804724946103197 0
528 0.1896042881438125 0.7626779288982678 0
529 1.077141871551492 0.187632414345901 0
530 0.5265893609333148 0.9251622718601201 0
531 2.590808488062967 0.4191139724034796 0
532 3.011726714312003 0.2692741633446921 0
533 3.003676352097366 0.7304616416643939 0
534 1.721398161742873 0.3455595923151191 0
535 3.136470682859283 0.1065948571987673 0
536 3.136470682859764 0.8934051428010786 0
537 1.830413271642368 0.3009916046756391 0
538 4.376112938779079 0.1171254143646715 0
539 4.373035547659923 0.8839485953193843 0
540 2.07320327809608 0.6866959709649216 0
541 2.072780531852602 0.3117394684797111 0
542 0.1672093346508728 0.9310873875396395 0
543 2.216857147526779 0.7452035164517045 0
544 2.896562506561565 0.3531402677077213 0
545 1.970227225435381 0.4438623011634743 0
546 1.067484327370646 0.6634697385253183 0
547 2.554237525501187 0.07461072166914544 0
548 2.554227950399576 0.9255159260703363 0
549 1.826712594384732 0.5574373309259177 0
550 0.5312728757283117 0.8312060769057388 0
551 1.53170082379884 0.4458139734792108 0
552 0.3270043572477575 0.784787209242432 0
553 0.5967482347623605 0.2324714956174603 0
554 1.917853310968305 0.6780691954418699 0
555 3.675469639597177 0.4213892619583336 0
556 0.485133494401258 0.6175313956252502 0
557 4.313460625343266 0.6741828468732378 0
558 1.119003423737391 0.9267234675435468 0
559 1.135948349041505 0.06683759876033463 0
560 1.117950103425253 0.3480734432954677 0
561 1.866260974403403 0.4283601261202618 0
562 2.809101198892498 0.47353441285186 0
563 4.69354639376051 0.8819347741153129 0
564 4.693546393760695 0.1180652258856506 0
565 1.048807370205998 0.4469516405527529 0
566 2.162830575459967 0.5505121883004488 0
567 1.426709962642034 0.563171020637083 0
568 1.357625997502189 0.6901252692582981 0
569 0.3288585911273071 0.06753285735787838 0
570 3.659725977053282 0.8807436408101207 0
571 3.656825275491547 0.1136922841271386 0
572 3.878874409352716 0.6193012859897884 0
573 0.1777357470862498 0.2328511098017672 0
574 1.300893629003584 0.6147639113538501 0
575 0.3677678111201307 0.1764825942004931 0
576 0.5352941404828743 0.6903202385345846 0
577 0.1585619684161631 0.06430685564996647 0
578 1.592486210520183 0.2577501069958507 0
579 0.707532788843706 0.2181869650718954 0
580 2.995457111310218 0.5300486584162758 0
581 0.768987072902647 0.7251675463537485 0
582 1.041235078229863 0.581694613088499 0
583 0.3054504118893137 0.2095277397707429 0
584 2.213118863341397 0.07233099745723302 0
585 2.212658585798217 0.9275513838090763 0
586 1.270000642606379 0.06818892616112815 0
587 0.6171053328869068 0.7189006505149248 0
588 3.096330347461611 0.3982992452914355 0
589 3.14409836113653 0.2107316659238962 0
590 3.144098361136823 0.7892683340762809 0
591 0.5014668511869881 0.7398839805295782 0
592 0.5012379117405716 0.3230037318420942 0
593 2.208655010694203 0.6349034340554494 0
594 3.088278788893971 0.6019547019158573 0
595 3.500513195172108 0.7430620498098836 0
596 3.496840884522705 0.2619066509938159 0
597 1.449999999999809 0.05078975430106913 0
598 1.57139016451604 0.3200560817764416 0
599 1.855658009021742 0.6723586646921111 0
600 1.850092784305661 0.6300019766983906 0
601 1.912288086252225 0.6357125074481493 0
602 1.841296363742758 0.7136444467202547 0
603 1.903491665689321 0.7193549774700137 0
604 3.220739342741049 0.05329742859938366 0
605 3.148206481647881 0.05329742859938366 0
606 3.22073934274171 0.9467025714005393 0
607 3.148206481648361 0.9467025714005393 0
608 1.285469441720727 0.357116989899976 0
609 1.305929601696938 0.4068352025873019 0
610 1.267862131587652 0.4066053450324416 0
611 1.222545396668923 0.3852590425319253 0
612 1.243005556645134 0.4349772552192512 0
613 4.060269418143781 0.9126340775972441 0
614 4.137893416024798 0.8282916078001958 0
615 4.171477985289929 0.9156575302029517 0
616 4.168862000925502 0.08526917393487285 0
617 4.135112975608687 0.1726868487404707 0
618 4.060104962094586 0.08741767480559787 0
619 1.347650151005535 0.9562037006104178 0
620 1.333357645974656 0.8837397306495638 0
621 1.385707494970208 0.927536030039146 0
622 0.5524439227522016 0.1908759858548216 0
623 0.5083654238958688 0.1650553801788293 0
624 0.5344656722038794 0.1276219946781917 0
625 0.4643532972971798 0.1430957921387573 0
626 0.4823315478455018 0.2063497833153872 0
627 2.834348207904927 0.8417098509951483 0
628 2.777429676550373 0.8688216200988249 0
629 2.800282751997731 0.8032656692744935 0
630 2.805280126672843 0.2025504899258874 0
631 2.778147551556112 0.1376511920660275 0
632 2.839143864905113 0.1584158714816012 0
633 2.228069421560017 0.3556601533891793 0
634 2.174539356432641 0.3720777086709828 0
635 2.20323827809013 0.2960596571402195 0
636 4.919104561874672 0.0813890140048206 0
637 4.823396878556988 0.0813890140048206 0
638 4.823396878555484 0.9186109859951961 0
639 4.919104561874454 0.9186109859951961 0
640 0.7403202722590888 0.04402544384586522 0
641 0.715031621779779 0.08602142033604701 0
642 0.6747113495179924 0.0419959764901818 0
643 4.219428147784475 0.3482673115091962 0
644 4.201444780125916 0.436763219124771 0
645 4.126930419011345 0.4033849764243769 0
646 1.157819462575829 0.3808521980071014 0
647 1.154991926622417 0.4148270246294119 0
648 1.115122567471842 0.3820482699177782 0
649 1.942758736815856 0.5211859161172033 0
650 1.95005110822308 0.5647556335674105 0
651 1.89943049012892 0.5497861020042216 0
652 3.341147401106269 0.6820763100513094 0
653 3.398102003858633 0.624330939460475 0
654 3.436017081400737 0.6895736375488435 0
655 3.448057448509811 0.5659141334789745 0
656 3.353187768215342 0.5584168059814404 0
657 0.9466627444550961 0.4973566999322466 0
658 0.9367596312454111 0.5407450738438507 0
659 3.287942377880646 0.08277207936268716 0
660 3.20367371799888 0.1360695079620708 0
661 3.285993731903389 0.9206137999808495 0
662 3.201725072021443 0.8673163713813887 0
663 2.450572741757691 0.739442936135819 0
664 2.388407604648879 0.6816876391505806 0
665 2.446710501971803 0.670659085631625 0
666 2.501153307074475 0.6745351026884641 0
667 2.438988169965663 0.6167798057032257 0
668 1.951833778967422 0.6107056594266107 0
669 1.995162025654358 0.5821054735395923 0
670 2.276455616829088 0.3287854486135778 0
671 2.324502439739567 0.3166840624398225 0
672 2.34418971335115 0.3658274091949844 0
673 4.272628415344591 0.4675977051247173 0
674 4.180130686571461 0.5227153700398981 0
675 0.4451935866729588 0.05090069450109973 0
676 0.443176862156951 0.09958378191353903 0
677 0.3979832754823631 0.0486830874124393 0
678 2.247756695171599 0.4048035001443411 0
679 0.8719401053004834 0.6602986973864926 0
680 0.8768593573835256 0.7112081674413151 0
681 0.8296172124552204 0.6772757665480844 0
682 3.697928066514248 0.228138130296969 0
683 3.780941769361717 0.2700858058431997 0
684 3.723284309512121 0.3221046365492457 0
685 0.6811105141165708 0.116812635269014 0
686 0.7467194368576672 0.1188421026246975 0
687 0.4964664574483263 0.8158470158327262 0
688 0.4885268003848827 0.8659135519018498 0
689 0.4537203821048973 0.8505544908288372 0
690 2.541371522725426 0.6115505895775943 0
691 2.549093854731567 0.6654298695059939 0
692 0.5289311183308132 0.8781841743829295 0
693 0.4861850429873842 0.9128916493790404 0
694 0.4951935866727807 0.05090069450109973 0
695 1.828475204630312 0.9381412414567792 0
696 1.881941688751726 0.9381412414567792 0
697 1.885224986293057 0.06116256238728371 0
698 1.831758502171596 0.06116256238728371 0
699 2.281875385365006 0.5194910581231265 0
700 2.34686830572909 0.5437560146103591 0
701 2.319552444498908 0.5886388321591539 0
702 2.324519093826145 0.2645853061018495 0
703 2.392253190348207 0.301627266683256 0
704 2.6990777570273 0.7461471580807022 0
705 2.64541911239859 0.7368724469570223 0
706 2.704693881216604 0.6939647037470031 0
707 1.18856810031807 0.3608220384896116 0
708 1.148698741167494 0.328043283777978 0
709 1.084028916042872 0.7992236197473207 0
710 1.11818629747454 0.7689635261991241 0
711 1.137234568737375 0.8190984260431226 0
712 2.560474098167031 0.346347876066235 0
713 2.500260119909787 0.3159157586671079 0
714 2.562515908667238 0.2907240604482448 0
715 1.461397782656784 0.2582667015083015 0
716 1.462727992324968 0.3070645195561224 0
717 1.412553854691898 0.2947451790459459 0
718 4.919104561874672 0.1813890140045995 0
719 4.919104561874454 0.8186109859949329 0
720 2.454620544289443 0.424695946856901 0
721 2.506236639338889 0.4421548130769208 0
722 2.462638874218753 0.4953111856487239 0
723 1.181467080633232 0.653233706539755 0
724 1.241269503381189 0.6506906796274343 0
725 1.221036717689898 0.6896641820888114 0
726 0.05970146193623947 0.70687418552038 0
727 0.1027012471112728 0.757278153816819 0
728 0.04299978517503332 0.7504039682964389 0
729 1.787254270104643 0.5589340015279884 0
730 1.810087650729955 0.6120427324341351 0
731 1.770629326449866 0.6135394030362058 0
732 1.422867858301457 0.8803949913792507 0
733 1.437160363332336 0.9528589613401046 0
734 1.297650151005498 0.9562037006104178 0
735 4.448629417629242 0.587860430724002 0
736 4.401681650194197 0.6645339764113299 0
737 4.360408392778311 0.5975093011859098 0
738 2.691583604426232 0.8097161698344457 0
739 2.750858373244244 0.7668084266244266 0
740 0.04826998881109768 0.9017300111890008 0
741 0.04826998881109768 0.9517300111889104 0
742 0.09826998881123772 0.9517300111889104 0
743 1.461925260608417 0.3579207342882624 0
744 1.510769188573302 0.321442256750618 0
745 3.851532062127623 0.3065865332040683 0
746 3.826175819129749 0.2126200269517916 0
747 0.04162398771196012 0.2481612858621861 0
748 0.1001258400166314 0.2386153818421366 0
749 0.05850185230467131 0.2904540959799504 0
750 2.620173653485207 0.6435676745092237 0
751 2.579955437834254 0.7065521876200933 0
752 3.270715686360524 0.5339080934250173 0
753 3.320671131011701 0.4754912874435168 0
754 0.4190919624353787 0.6436318347438159 0
755 0.3977531571009644 0.67486995386671 0
756 0.3687889872864736 0.6412901025355542 0
757 2.023628172032424 0.7913282355382556 0
758 2.062100152306787 0.7581040223145444 0
759 2.082722054918045 0.8077864929371814 0
760 2.087215501499832 0.1918407285324923 0
761 2.064508019039822 0.2433567897167148 0
762 2.021542592183774 0.2105053550233307 0
763 2.401629657715468 0.4157891712249666 0
764 2.445227422835605 0.3626327986531635 0
765 2.038104773758623 0.7141708679402701 0
766 2.097198656644244 0.7306291253391959 0
767 2.101480730104241 0.2682158158527938 0
768 2.035807820788183 0.2868804423436321 0
769 3.454912116128865 0.8026059984966125 0
770 3.394186757866997 0.8047344776615097 0
771 3.439787836910241 0.7451905289747807 0
772 3.436432306917386 0.2542866679747003 0
773 3.39259520773339 0.1917822207986349 0
774 3.453003785338709 0.1994022038177506 0
775 0.9257614288368321 0.7915527678782071 0
776 0.9021086319011737 0.7459368143246794 0
777 0.9428350471644471 0.7398470518332507 0
778 0.7967419104093414 0.2549259712290712 0
779 0.8368387971998306 0.274235614200451 0
780 1.540047588024725 0.6097053726666926 0
781 1.570804783633971 0.6611034826346793 0
782 1.517672788132146 0.6731621129811983 0
783 4.2571387433581 0.9156575302029517 0
784 4.254522758993778 0.08526917393487285 0
785 3.494715620533261 0.5113922050797326 0
786 3.539629856176552 0.5773063385587671 0
787 3.460729260584848 0.4415964399525433 0
788 3.55230166825159 0.4529886450323361 0
789 2.896909351056631 0.8257464629931864 0
790 2.874056275609273 0.8913024138175179 0
791 2.873500301547476 0.1088443258401134 0
792 2.900632876664208 0.1737436236999733 0
793 2.606769187493724 0.3701350751254258 0
794 2.544513398736273 0.3953267733442888 0
795 1.604451947502173 0.7096964326151558 0
796 1.626826747394752 0.64623969230065 0
797 0.8017617687204548 0.7266763914783277 0
798 0.7968425166374126 0.6757669214235051 0
799 3.431731552147593 0.9310749735916708 0
800 3.478415839003471 0.85459770589708 0
801 3.500836354065443 0.9235227323054092 0
802 3.499974029963575 0.07324165327863697 0
803 3.477481339435562 0.1416905315994796 0
804 3.431659376682726 0.06844887832084262 0
805 3.577504913968423 0.9235227323054092 0
806 3.57664258986693 0.07324165327863697 0
807 1.866717727960438 0.5753965751901733 0
808 2.807776904598799 0.73969665752075 0
809 2.397784072016149 0.5453780540375454 0
810 2.360107012882247 0.4762302800015179 0
811 1.194677167278875 0.9422614371891979 0
812 1.242327318283117 0.8984651377996157 0
813 1.247650151005742 0.9562037006104178 0
814 0.5947640362688212 0.945434091328613 0
815 0.6254883493966363 0.9013157280988329 0
816 0.6307243131294957 0.9558816367702199 0
817 1.284583261561833 0.8014643273041895 0
818 1.343735025748926 0.8112500449581908 0
819 1.312263225752236 0.8452863424242908 0
820 1.776572830010832 0.9611977771930902 0
821 1.801475997290737 0.8993390186498694 0
822 1.80553191095323 0.09991299260965331 0
823 1.777345446132291 0.0387504302223696 0
824 0.7606571631722561 0.2371648524654385 0
825 0.8128948867910263 0.2170764061310323 0
826 1.079942926169972 0.2295366377339446 0
827 1.124064809887809 0.1961997513893369 0
828 1.12686586450629 0.2381039747773805 0
829 3.564649713130931 0.6702774522118815 0
830 3.611307885154381 0.6157555238126398 0
831 0.9692733309044008 0.1525569062304377 0
832 0.9983734807245854 0.101312135971884 0
833 1.023289528451946 0.1513158539629227 0
834 2.473217740659921 0.800652312686168 0
835 2.414914843336997 0.8116808662051234 0
836 2.414914843337201 0.1883191337949743 0
837 2.469930886324806 0.1937008501468917 0
838 2.447285887422389 0.2549102266972004 0
839 2.350713891428409 0.4141671317977803 0
840 1.258682761086178 0.7206701127163382 0
841 1.198880338338221 0.7232131396286589 0
842 1.386337000808603 0.8025344919286348 0
843 1.358657036618201 0.7587124768085336 0
844 0.04162398771196012 0.1981612858623143 0
845 1.502253728397037 0.145770257271914 0
846 1.489733883758171 0.09860665059405743 0
847 1.546364823535595 0.1207396165188773 0
848 2.675405848675736 0.5347325510302318 0
849 2.657861895162041 0.584647389489095 0
850 2.606856023896214 0.552530517936261 0
851 0.04299978517503332 0.8504039682965292 0
852 0.091269773986131 0.8521339794853493 0
853 2.780063227373387 0.04675828681087067 0
854 2.739506487612631 0.0980886433132788 0
855 2.707558425197636 0.05133035650240812 0
856 2.707492740005286 0.9495384469896969 0
857 2.739182723755445 0.9031713478994368 0
858 2.779805148707409 0.9536329009097398 0
859 1.14294212743229 0.5552362604355274 0
860 1.18922527452619 0.5622428412141679 0
861 1.155416719230623 0.6072536232997374 0
862 3.648026859581021 0.7947351391379374 0
863 3.603623308987301 0.8638945527104696 0
864 3.591924191515041 0.7778860510382861 0
865 3.593033299690531 0.2133201337801444 0
866 3.601310634103979 0.1300877953422063 0
867 3.6485479410781 0.1969246225650768 0
868 1.166313122555492 0.7405227707480291 0
869 1.113107469860989 0.7206479644522272 0
870 0.04299978517503332 0.8004039682965221 0
871 0.9298836552702097 0.408371187720296 0
872 0.9397867684799532 0.4517595616320218 0
873 2.705642749380361 0.1422232617575649 0
874 2.705117267848249 0.864727166178782 0
875 2.688723478264729 0.6257697076031945 0
876 1.131095679849094 0.2897269926912382 0
877 1.175217563566931 0.2563901063466305 0
878 0.8828805120427095 0.6162099707228638 0
879 0.9301226569710148 0.6501423716160943 0
880 0.5632946804674978 0.96258113593006 0
881 0.5580587167346383 0.908015227258673 0
882 2.552531728665583 0.4659420121361116 0
883 0.6363005730481152 0.6919431164757117 0
884 0.5962036862576867 0.6726334735043504 0
885 0.3995692099975791 0.3384298625102259 0
886 0.4336040952844604 0.3494477479990846 0
887 0.4061632964243518 0.3900654913008115 0
888 2.026694241792963 0.4681689415939174 0
889 2.027165106787452 0.4208208408720969 0
890 2.083632123145034 0.44512748130254 0
891 1.133198486450899 0.5080467529065026 0
892 1.100970660846186 0.460945562001568 0
893 1.144522857123143 0.4631242874450233 0
894 2.493049393967763 0.8528005716343861 0
895 2.528707292388456 0.7805626415650817 0
896 2.525420438053139 0.213790521268011 0
897 2.493049393967952 0.147199428365785 0
898 0.7567456298473136 0.6950765643949748 0
899 0.8597857390559106 0.7629138834862714 0
900 3.033950391224099 0.08597883145328647 0
901 2.992023353553591 0.1480648704825292 0
902 2.97691635097708 0.06208603902924274 0
903 2.977730403703689 0.937669512907778 0
904 2.992837406280835 0.8516906814545542 0
905 3.033950391223547 0.9140211685467761 0
906 3.321700476429381 0.2739009959908482 0
907 3.269126988342587 0.233339732875743 0
908 3.323450241225272 0.2061054218404795 0
909 0.9671942763117165 0.5653835224084794 0
910 0.9106284186469354 0.5814151963878369 0
911 1.099389931155332 0.5530575349920721 0
912 2.658649443902247 0.4622368403403444 0
913 2.709655315168075 0.4943537118931785 0
914 3.670510251944681 0.5354077221293623 0
915 3.69553010889906 0.6283788357824767 0
916 0.5761997366848906 0.7046104445247547 0
917 0.5552980900556703 0.6583432675141803 0
918 2.30266706851793 0.4262685179715356 0
919 3.524016918046715 0.7950537572103509 0
920 3.521318438619558 0.2041949787755449 0
921 0.3655112696109824 0.8360751702751015 0
922 0.4205451179463883 0.8574862885139098 0
923 0.3907468767060479 0.8792099086591525 0
924 1.187219752227131 0.4619282155343465 0
925 3.698423828850969 0.7656268474661236 0
926 3.71012294632323 0.8516353491383069 0
927 3.706205400927695 0.1449057918590308 0
928 3.976951043581916 0.9126340775972441 0
929 3.976786587532623 0.08741767480559787 0
930 0.9224493390482407 0.3668950843178701 0
931 0.9721392207379376 0.3920430198616178 0
932 2.310103252362334 0.75129178873754 0
933 2.271886763485654 0.7802061260613948 0
934 2.255073636403459 0.7162891791278496 0
935 0.4641239602991297 0.3104079255252966 0
936 0.4707180467259025 0.3620435543158822 0
937 3.961561024336713 0.2119780519619279 0
938 4.009029254709688 0.2675173953145006 0
939 3.944234342268631 0.3046600976652328 0
940 3.946154782647086 0.6870767464632754 0
941 4.014683154163999 0.7267688816335098 0
942 3.958156477361738 0.7855760200242538 0
943 0.871972984656155 0.2974603105365259 0
944 0.8997208912606367 0.3322550848716817 0
945 3.900527348710609 0.9393679097515002 0
946 3.950261154007343 0.8520019873487443 0
947 3.94815646366876 0.1471288211234126 0
948 3.898587114423613 0.05971114631781472 0
949 4.355308623849739 0.7178691915017719 0
950 4.44352964870067 0.708220321039864 0
951 1.797149025118673 0.8554082704427535 0
952 1.745246650499193 0.8784648061790644 0
953 1.746734474366956 0.1217771238463201 0
954 1.801147530406261 0.1441892560112342 0
955 0.3531389943245137 0.347139831803772 0
956 0.3805797931846223 0.3065220885020451 0
957 0.4197668104961981 0.7100177161186017 0
958 0.369463835347293 0.70767598391034 0
959 2.338917745071565 0.6501393152251906 0
960 2.273924824707481 0.6258743587379579 0
961 0.3978903625212171 0.9180330559467229 0
962 0.3428565141858113 0.8966219377079145 0
963 0.4766768416509393 0.2630607452819791 0
964 0.4326647150522502 0.2411011572419071 0
965 2.574339313644951 0.7587346419537924 0
966 2.571028205303205 0.2371616718453383 0
967 2.631242183560449 0.2675937892444654 0
968 4.282387473566701 0.613866351456541 0
969 4.329335241001745 0.537192805769213 0
970 3.243505339131989 0.5944651122164789 0
971 3.210988701928348 0.5115395936785553 0
972 0.09572005085661606 0.0457200508568657 0
973 0.04572005085683598 0.0457200508568657 0
974 0.04572005085683598 0.09572005085699287 0
975 1.672648128522928 0.6528760131449474 0
976 1.73914252642904 0.6387837589755603 0
977 1.726968309169066 0.6807403881117394 0
978 2.809719735781395 0.253307446355045 0
979 2.748723422432394 0.2325427669394713 0
980 1.736805893724779 0.4489170640014952 0
981 1.733504894891938 0.4983572938964328 0
982 1.684920113357192 0.4684455914317409 0
983 1.790074807200326 0.4282911139236242 0
984 1.741490025665581 0.3983794114589322 0
985 0.9550472553977285 0.7028236411857332 0
986 0.978700052333387 0.7484395947392606 0
987 0.08734403856879611 0.1438813367190518 0
988 0.04162398771196012 0.1481612858623133 0
989 1.433747877027857 0.7774358996980622 0
990 1.418825866158583 0.8299734678477193 0
991 3.340021719646595 0.1512209576835298 0
992 3.338145249134371 0.8516887735725203 0
993 3.323020969915747 0.7942733040506884 0
994 4.090519513155152 0.7580494904298517 0
995 4.078517818440501 0.6595502168688734 0
996 4.068308179655755 0.3375442549133038 0
997 4.085634861723836 0.2448622092099989 0
998 1.716309145803728 0.5856750280694136 0
999 1.770956056643956 0.8051836738988779 0
1000 1.8271854034355 0.8260578863696829 0
1001 1.213424675260588 0.332450128302802 0
1002 0.437630643511073 0.6137916895189551 0
1003 0.4665948133255637 0.6473715408501108 0
1004 0.4800022040652945 0.3921533144832459 0
1005 0.5105220690799637 0.3531134920094579 0
1006 2.742382122893438 0.6350444187268745 0
1007 0.5604004741321367 0.8610371297814824 0
1008 1.274205881787563 0.8739540129955625 0
1009 1.518620458328345 0.1819194635283497 0
1010 1.461989518550921 0.1597864976035298 0
1011 1.492323975841835 0.5723320444332622 0
1012 1.54545597134366 0.5602734140867433 0
1013 3.262318334048313 0.7856281567515443 0
1014 3.318359842780939 0.7386738608405338 0
1015 3.899000292500598 0.3621258765566409 0
1016 3.854997080569777 0.4320261560477112 0
1017 3.947699360710784 0.4300997205088758 0
1018 1.551353358762012 0.7834319774277376 0
1019 1.595963599661932 0.7584843634019631 0
1020 1.598886974682551 0.8173561178805158 0
1021 1.419309591850839 0.1921683374078822 0
1022 1.402942861919531 0.1560191311514466 0
1023 1.064765774911811 0.143851749025135 0
1024 1.035665625091627 0.1950965192836887 0
1025 1.594772150924045 0.5488233711600929 0
1026 1.547048538741155 0.5114500429266626 0
1027 1.622422653857151 0.9481153434153895 0
1028 1.673005033767083 0.9481153434153895 0
1029 3.077657035753436 0.05329742859938366 0
1030 3.092764038329947 0.1392762600526701 0
1031 3.092764038330229 0.8607237399473154 0
1032 3.077657035753083 0.9467025714005393 0
1033 1.385743290121582 0.217174165976962 0
1034 1.444789946752972 0.2209415324290453 0
1035 3.596892473950177 0.4022910709317402 0
1036 3.630878833898589 0.4720868360589295 0
1037 0.9721786415875615 0.05127659411969952 0
1038 0.9221786415873698 0.05127659411969952 0
1039 4.747944865505253 0.4070503068900094 0
1040 4.70331820996017 0.5012402235416182 0
1041 4.644260735077511 0.4082905304315796 0
1042 4.644260735077479 0.5941899166516629 0
1043 4.747944865505222 0.5929496931100926 0
1044 2.569327473339054 0.5076928656730706 0
1045 2.607604232736438 0.4608648259404387 0
1046 0.2425917908587982 0.7019239108580364 0
1047 0.2382918813672291 0.6449749700887433 0
1048 0.2772599381758659 0.6645432803917446 0
1049 1.871254196160277 0.8184616212058579 0
1050 1.845061227685561 0.7682370246619823 0
1051 3.657870123130914 0.3507731114806743 0
1052 3.579292957483915 0.3316749204540809 0
1053 1.913649948482332 0.8923491865693856 0
1054 1.942213265323842 0.9542079451126063 0
1055 1.942760481580967 0.04567602219474083 0
1056 1.917480462280445 0.1068385845820245 0
1057 1.064430496112252 0.8435974773834084 0
1058 1.045382224849417 0.79346257753941 0
1059 1.651985563422712 0.7436205730679339 0
1060 2.359593111939648 0.7828401126629299 0
1061 2.342779984857453 0.7189231657293846 0
1062 4.194391900554754 0.2427137083392739 0
1063 4.268906261669325 0.276091951039668 0
1064 0.9204041653631431 0.947117250349909 0
1065 0.9704041653629205 0.947117250349909 0
1066 2.226965012018676 0.4980260402959319 0
1067 2.254280873248859 0.4531432227471371 0
1068 0.470330412592009 0.51131857387234 0
1069 0.4228817402996802 0.5193178120622876 0
1070 0.4525513277076713 0.4779992381899476 0
1071 1.487160363331793 0.9528589613401046 0
1072 0.9864495129350493 0.4791162615642685 0
1073 2.208695049797396 0.5574430319861849 0
1074 2.181100537681248 0.4910951966101957 0
1075 4.486286567834557 0.9172670625320636 0
1076 4.576831550221668 0.9172670625320636 0
1077 4.576943388841129 0.08343158653967429 0
1078 4.486398406453905 0.08343158653967429 0
1079 2.038270306530281 0.5143155148523764 0
1080 1.981803290172699 0.4900088744219333 0
1081 1.945709630774345 0.2526571865402938 0
1082 1.951187940127859 0.3052191930754674 0
1083 1.89806246117844 0.2958549634082081 0
1084 0.3948963781007296 0.2719612997513922 0
1085 0.4005510842952922 0.2152503377848003 0
1086 0.268042532143549 0.3267161667591986 0
1087 0.2321876488260905 0.3469645727090832 0
1088 0.2331940933507602 0.2911595941389942 0
1089 0.9536480874124899 0.8398487530432981 0
1090 0.9129216721492164 0.8459385155347268 0
1091 4.407174560812363 0.9419742976596921 0
1092 4.452147554682117 0.8592413601917558 0
1093 4.453798088859585 0.1419942937220101 0
1094 4.4087132563734 0.05856270718233575 0
1095 1.23253648714586 0.4832745180348627 0
1096 1.650082858977769 0.2594869831524517 0
1097 1.702408370481267 0.2423449261108787 0
1098 1.701306297820165 0.2927397731713061 0
1099 0.3748579346673681 0.4659922790134326 0
1100 0.3924056978153134 0.4235347292183201 0
1101 0.4226504185632878 0.4435409265847826 0
1102 3.205737792341613 0.2559334864750039 0
1103 3.207487557137504 0.1881379123246352 0
1104 0.4700990908556166 0.4355416883948351 0
1105 0.3583708125284321 0.4125168437294614 0
1106 0.8633033385650638 0.8308124692569809 0
1107 0.8911899971407216 0.879108454422072 0
1108 0.3484661624276643 0.2806712690449383 0
1109 1.760665948258441 0.7097497297587738 0
1110 1.694171550352329 0.7238419839281609 0
1111 1.747990951571825 0.220825551688817 0
1112 1.69676751272943 0.1875727616699627 0
1113 1.952308095306522 0.3550720699528824 0
1114 1.999955264902427 0.3118742930849681 0
1115 0.4747614917184288 0.7085478333022749 0
1116 0.4464721699647574 0.7413538633459049 0
1117 1.470519068875139 0.661184891934363 0
1118 1.423354571167647 0.6607207977011905 0
1119 1.439751094815408 0.6212999087800392 0
1120 4.346332435949538 0.3149355525419268 0
1121 4.321296188719817 0.2093819493720045 0
1122 2.464775245438458 0.06355487862233281 0
1123 2.403358387561503 0.06355487862233281 0
1124 2.403358387560926 0.9364451213777362 0
1125 2.464775245437821 0.9364451213777362 0
1126 1.510256738080234 0.8235893037617184 0
1127 1.507333363059614 0.7647175492831657 0
1128 1.251296747664054 0.6145120577161141 0
1129 1.29086638472072 0.6509425332651704 0
1130 3.357087344388764 0.06844887832084262 0
1131 3.357159519854638 0.9310749735916708 0
1132 3.829214312234661 0.5240155170495726 0
1133 3.780515244024475 0.4560416730973378 0
1134 2.687946459232714 0.3022279506080005 0
1135 2.723030970967765 0.35257886228596 0
1136 2.657814398659534 0.3715070895253315 0
1137 3.040396346464053 0.6108892383902731 0
1138 3.045977570495669 0.6662081717901256 0
1139 2.998095128065751 0.6751427082645414 0
1140 1.836844378623351 0.1681894723126378 0
1141 1.778046942037078 0.1900536035493045 0
1142 0.1791076579664724 0.6443103713038472 0
1143 0.1615133289613202 0.6980519857978976 0
1144 0.1369972528776312 0.6600067565467096 0
1145 4.2017280803013 0.7610729430355592 0
1146 1.313854517253969 0.1745470047479603 0
1147 1.315703195477301 0.2274883636562505 0
1148 1.269294777511821 0.2136343974484118 0
1149 1.460179643802607 0.7527403282363305 0
1150 1.501276264484384 0.7125830019023497 0
1151 0.03597799926613272 0.6689395056051849 0
1152 0.0956794612023722 0.675813691125565 0
1153 4.050324811997196 0.4260401625288786 0
1154 4.006321600066375 0.4959404420199489 0
1155 4.055814255401067 0.5600752460562417 0
1156 3.953188804114655 0.5641348040362388 0
1157 0.1767276390057073 0.4213784795005632 0
1158 0.1603182561382611 0.4774470901007778 0
1159 0.1349498549988068 0.4414244338647105 0
1160 0.4265687639554338 0.7716558504609727 0
1161 0.4815634451776645 0.7701859676446459 0
1162 0.1341814712377978 0.3331320076121984 0
1163 0.1571714573213222 0.2961580960243899 0
1164 0.1743492239497774 0.3483819116766874 0
1165 0.1132737902075244 0.6220720766315144 0
1166 1.180373142362646 0.8366806034366608 0
1167 1.146215760930978 0.8669406969848574 0
1168 3.004928001137655 0.3205581405857878 0
1169 3.054028530886807 0.3337867043180638 0
1170 3.047229817712459 0.3850706815591595 0
1171 0.310205105318178 0.6400612806404499 0
1172 0.3145050148097471 0.697010221409743 0
1173 1.674863588203223 0.04956289510061381 0
1174 1.624281208293248 0.04956289510061381 0
1175 1.638991916422946 0.5089429106633454 0
1176 1.637399349025451 0.557766281823426 0
1177 0.1109870648816384 0.371348621245534 0
1178 0.09380929825318321 0.3191248055932366 0
1179 3.147971994920802 0.2619082929799956 0
1180 3.209611426125886 0.3071101135311033 0
1181 4.903501170193955 0.5499999999994973 0
1182 4.903501170193955 0.4499999999995115 0
1183 1.683220730153627 0.5644026026677234 0
1184 1.639000964654726 0.6042830631644709 0
1185 2.930438817724826 0.7533077709176054 0
1186 2.868988227072384 0.6932192252056583 0
1187 2.942225761444924 0.6703730959524468 0
1188 2.774751164100979 0.3306787121596623 0
1189 2.824862769051256 0.3182199955381752 0
1190 2.846450901611289 0.3655989843292085 0
1191 0.6824739425292639 0.873733133943993 0
1192 0.6440312505148755 0.8602938927469193 0
1193 0.6650565667868286 0.8222637531504725 0
1194 1.356181079622848 0.2371657239775761 0
1195 1.3116213398807 0.2762531166780277 0
1196 1.221232898060696 0.8600117495743427 0
1197 1.212251705867093 0.8121694786326077 0
1198 3.077760990401251 0.7086883608141457 0
1199 3.120062208799554 0.6444348909398774 0
1200 2.449400167065595 0.5628369202575652 0
1201 2.744619103527799 0.3999578510769933 0
1202 1.650674470909339 0.154108963146626 0
1203 1.696257051999897 0.1325895887245643 0
1204 2.224446883427289 0.793174240117333 0
1205 2.279476499386164 0.8281768497270234 0
1206 0.2137758052835401 0.6069297408375554 0
1207 0.3015992770898878 0.2930716229923503 0
1208 0.3005928325652181 0.3488766015624394 0
1209 1.026194839135107 0.05003554185218452 0
1210 1.921620105757242 0.7904651202767391 0
1211 1.903744281507182 0.8482859819844397 0
1212 1.876264559408731 0.182809040823801 0
1213 1.907035509571604 0.1489606459956582 0
1214 1.9233551019878 0.2094445620448918 0
1215 1.853163971039547 0.2286733883618713 0
1216 1.595155083459143 0.4448819790861271 0
1217 1.64108328039339 0.4043846598545227 0
1218 1.642292915255787 0.4595026807684077 0
1219 1.797227571017981 0.7212407118840798 0
1220 2.936644537413309 0.6150541625525943 0
1221 3.124087988083343 0.3556920826637652 0
1222 3.081786171508538 0.2911795416903935 0
1223 0.7903202722590957 0.04402544384586522 0
1224 0.03530744594851191 0.3286707096132862 0
1225 2.881419473291705 0.2882277185245912 0
1226 4.13165061439222 0.5913558548525835 0
1227 1.693683289817408 0.8653823724013638 0
1228 1.64497205844508 0.8443195953427602 0
1229 1.6922084469548 0.8134712809133449 0
1230 1.213609902062587 0.536068859364659 0
1231 1.269395706480591 0.5091178990495637 0
1232 1.604524339177133 0.1335145066989808 0
1233 1.605034799906666 0.1884976796443791 0
1234 0.5512826734712788 0.7214574241083797 0
1235 0.5921882696732951 0.7357476300985497 0
1236 2.291386850722882 0.2300572982343678 0
1237 2.359137601331521 0.2150005024778014 0
1238 2.767756459417031 0.5201919177174629 0
1239 2.84493818484249 0.5419094815461798 0
1240 2.803593445367023 0.5885669864117827 0
1241 1.60036181754516 0.8692672093685347 0
1242 2.9546032990122 0.4249243797388451 0
1243 2.996793199636763 0.4509453881215797 0
1244 2.953267210685656 0.5040276500335412 0
1245 0.6080709736542009 0.8498463473053124 0
1246 2.503842972168267 0.5667129373144041 0
1247 0.2709047747876763 0.04334366478140767 0
1248 0.2209047747879025 0.04334366478140767 0
1249 1.065440684201902 0.5437813202757731 0
1250 1.017280283570028 0.5532040064764962 0
1251 1.041485889542066 0.5152907136637703 0
1252 2.042589204110306 0.3797532752715513 0
1253 1.985651322758235 0.4027947355629287 0
1254 0.1120337617933399 0.5863743128547889 0
1255 0.09400820691762848 0.5319882640609219 0
1256 0.136566027007072 0.5518790932587921 0
1257 1.163676033469039 0.1170584550486521 0
1258 1.186405144118586 0.1515348264771604 0
1259 1.148258637574581 0.1702907170042645 0
1260 0.9567186937862612 0.2419237708941456 0
1261 0.9175534405192083 0.2330021955028723 0
1262 0.9550241253647087 0.193639048830203 0
1263 1.021066429558095 0.4858325202086231 0
1264 1.069226830189969 0.4764098340079001 0
1265 4.593623814423358 0.3407795799204554 0
1266 4.514921738582106 0.2671608595701443 0
1267 4.610185314781342 0.2404818934296597 0
1268 4.610073476163421 0.7602167556421323 0
1269 4.51058111837472 0.7447096155067747 0
1270 4.58939503283383 0.6703922460847798 0
1271 1.219216923756308 0.1827300634864472 0
1272 1.234634319650767 0.1294978015308347 0
1273 0.2271848140151559 0.9556405179639507 0
1274 0.2771848140152959 0.9556405179639507 0
1275 0.4228903625212871 0.9503105134489804 0
1276 0.4728903625214272 0.9503105134489804 0
1277 1.101335699238263 0.1617233799608286 0
1278 2.90381990831133 0.4155734546792639 0
1279 2.947345897262436 0.3624911927673025 0
1280 0.1590077791244765 0.5132236147994818 0
1281 0.1770333340001879 0.5676096635933488 0
1282 4.202834249610895 0.6221903408525298 0
1283 1.698010261989473 0.9093131206084797 0
1284 1.724568394448867 0.9611977771930902 0
1285 0.09407461229459321 0.4632742224620915 0
1286 0.1104839951620394 0.4072056118618769 0
1287 0.6139834350494473 0.1187172766672738 0
1288 0.6487390872551129 0.1379746691437496 0
1289 0.6132998232658777 0.1726999928306597 0
1290 0.302184814015366 0.9233630604616933 0
1291 0.3250000000009106 0.9677225424977425 0
1292 0.6804269023330011 0.1707953514324 0
1293 3.045583821346581 0.5150243292081411 0
1294 3.046919909673126 0.435921058913445 0
1295 0.3315439106525924 0.6088231615175558 0
1296 1.377713573705752 0.04172995642799907 0
1297 1.327713573705561 0.04172995642799907 0
1298 2.908296077943889 0.06208603902924274 0
1299 2.909110130670451 0.937669512907778 0
1300 0.03480437622891289 0.4645277002298947 0
1301 0.05927023606568032 0.4987465222327283 0
1302 3.096020439422277 0.449149622645721 0
1303 3.167264698309247 0.4246409100892646 0
1304 3.166954790269913 0.4754912874435501 0
1305 4.46510280097006 0.2075443619768059 0
1306 4.448541300612076 0.3078420484676016 0
1307 4.464208092030261 0.7980448305972165 0
1308 1.437189600209238 0.3938251744907476 0
1309 1.419017111088795 0.4321817473766029 0
1310 1.395711575239639 0.3818995699796222 0
1311 2.64263969531243 0.05133035650240812 0
1312 2.642574010120145 0.9495384469896969 0
1313 1.485230796457572 0.4082029116852433 0
1314 1.22106560197964 0.2356714223947374 0
1315 1.225295417322444 0.2872944403085952 0
1316 1.405874271364783 0.6953655250569062 0
1317 1.375106297305053 0.6554805419025824 0
1318 0.3144292955630172 0.03376642867893919 0
1319 0.2853340703519662 0.07711009346034686 0
1320 3.195022338930978 0.3820337474615944 0
1321 2.523114087069242 0.03730536083457272 0
1322 2.495898683870403 0.1008602394569055 0
1323 2.495893896319402 0.8992030844129043 0
1324 2.523109299517995 0.9627579630351681 0
1325 1.424999999999713 0.02539487715053457 0
1326 1.402713573705848 0.06712483357853363 0
1327 0.2735146728380099 0.5501379100564283 0
1328 0.2362175574009446 0.5682742623782449 0
1329 0.2367722015546577 0.5108178328122218 0
1330 0.8841138214844362 0.25806222123074 0
1331 1.714707530174453 0.5391582467283689 0
1332 1.766593310542039 0.5196297192981232 0
1333 1.015734244440071 0.7672758626450502 0
1334 0.9961358245094512 0.8116497202811379 0
1335 3.883361551227702 0.1842715234741448 0
1336 3.881732782490431 0.8123098521785097 0
1337 0.2091976627425661 0.3839384842968917 0
1338 3.077912537724266 0.2400029146342941 0
1339 3.14797199492098 0.7380917070200892 0
1340 3.073887356617095 0.7598649878703374 0
1341 2.594170966952792 0.8108829009020105 0
1342 2.59414671294635 0.1906602500642316 0
1343 0.03473797085194817 0.5332417418287251 0
1344 2.895926240426788 0.5441455959456532 0
1345 2.860089254476796 0.4757705272513333 0
1346 2.852831852727032 0.4133373402797906 0
1347 0.9891705211990329 0.9046650828081526 0
1348 1.018766355837079 0.9575478324582437 0
1349 3.715101057643269 0.4847101480287664 0
1350 3.740883825978384 0.392720787026905 0
1351 0.8952609023248634 0.9160586349423752 0
1352 0.8456425687407109 0.9009325886646292 0
1353 1.447811394309711 0.08721352282408161 0
1354 1.491922489448269 0.06218288207104496 0
1355 0.2950413282001967 0.8845399131741227 0
1356 1.66860094925335 0.3644435958748412 0
1357 1.621463117456707 0.3498228941925606 0
1358 2.245388790292846 0.2189965288939749 0
1359 2.193474635786693 0.2521671325421462 0
1360 2.182095082862033 0.1915215595777051 0
1361 0.9832960678218354 0.8660354679376578 0
1362 0.7787253420374082 0.143683087529565 0
1363 0.7448042343741999 0.174474302462532 0
1364 0.8104892436927136 0.1756673240617007 0
1365 0.8124044461761809 0.1200351242238661 0
1366 1.700641432546866 0.08831332532298342 0
1367 1.109501711869305 0.9633617337717735 0
1368 1.159501711869446 0.9633617337717735 0
1369 1.592004494538268 0.08635090002112419 0
1370 1.56612169265171 0.03678800492051039 0
1371 3.139744443041378 0.5360483062350117 0
1372 2.970146885429172 0.8029003337399749 0
1373 2.973358013809286 0.1967231207015888 0
1374 2.939001577166924 0.2462946663430766 0
1375 4.387417650889555 0.1826754826194674 0
1376 4.385096085008067 0.8227520657248451 0
1377 0.7413171978216566 0.8213822111071553 0
1378 0.7706257748413097 0.857886469028506 0
1379 0.7328078358208701 0.872207252268897 0
1380 1.40052496801575 0.1035486021015461 0
1381 1.15417887914682 0.9056231709609712 0
1382 0.4284847750098318 0.8074197524447861 0
1383 0.9419764567283646 0.3159269170130034 0
1384 2.551388235598735 0.1209499105780249 0
1385 2.551383448047937 0.8791134132918181 0
1386 2.802720247776755 0.4257960569012778 0
1387 1.076194839135299 0.05003554185218452 0
1388 0.8748567369631324 0.9689413845924662 0
1389 0.7310582064212421 0.9543557550951238 0
1390 0.7810582064211973 0.9543557550951238 0
1391 0.4802335258017768 0.5547069477841161 0
1392 0.2555318495554586 0.8604804755071012 0
1393 0.2962035497259039 0.8337393527533226 0
1394 4.396151373561584 0.3745520501352652 0
1395 4.3506493345562 0.451240654854086 0
1396 4.452858199218738 0.4441471507797609 0
1397 3.25278813635179 0.3760589409566026 0
1398 0.801844038198546 0.8863469591672869 0
1399 0.8103534001993326 0.8355219180055452 0
1400 2.139944570659317 0.2685846878239497 0
1401 0.9911490709715521 0.5938741290204823 0
1402 1.997182886597152 0.9542079451126063 0
1403 1.997730102854326 0.04567602219474083 0
1404 1.22608449386092 0.588086222228869 0
1405 0.3195822493781749 0.3807843755706202 0
1406 0.214655715132407 0.8303892362568681 0
1407 0.2134934936066999 0.8811897966776685 0
1408 1.577451631677286 0.9622733479631176 0
1409 1.601475879127824 0.9103886913785072 0
1410 1.725341010570282 0.0387504302223696 0
1411 0.417142986106584 0.1408781850500969 0
1412 3.02636687294903 0.7792519893789731 0
1413 3.030392054056307 0.2206159131256325 0
1414 1.409648279874975 0.5920034175919748 0
1415 1.456812777582467 0.5924675118251473 0
1416 2.339288228381554 0.9561344261632734 0
1417 2.373489683059857 0.8925795475410095 0
1418 2.373489683060406 0.1074204524591829 0
1419 2.339288228382291 0.04386557383685012 0
1420 1.075184325183294 0.590970827804798 0
1421 3.568420468640434 0.7258943436378188 0
1422 3.568555745593678 0.2710318059984154 0
1423 0.8525237150229369 0.1119568919229087 0
1424 0.9026181826957138 0.0872238056646073 0
1425 0.8942628155042631 0.1272862744977004 0
1426 0.9301080776373479 0.1436353308391644 0
1427 0.880013609964571 0.1683684170974658 0
1428 1.555390795365296 0.8834252139162628 0
1429 0.8320850752078275 0.8023519791182 0
1430 0.8068358006901794 0.7676233322348356 0
1431 0.8824192530628838 0.2097774991667974 0
1432 2.819563848318897 0.6567619825555915 0
1433 0.6807243131296359 0.9558816367702199 0
1434 0.3750000000010506 0.9677225424977425 0
1435 4.926409857834231 0.3648209090848446 0
1436 4.926409857834231 0.2648209090851361 0
1437 4.926409857834255 0.7351790909142605 0
1438 4.926409857834255 0.6351790909139972 0
1439 3.633607582034403 0.9403718204050604 0
1440 3.632157231254499 0.0568461420635693 0
1441 0.9977168796648871 0.2478906590051418 0
1442 0.9602461948193866 0.2872538056778112 0
1443 2.141265879026537 0.4620768934721515 0
1444 2.122995916805256 0.5214938851624047 0
1445 1.470278734520711 0.8552963991486779 0
1446 0.3091106213406232 0.5723366561363669 0
1447 0.3676945033089188 0.5735654780314712 0
1448 2.044271265707705 0.5689244854495587 0
1449 2.046053936452047 0.6148745113087588 0
1450 1.068766355837205 0.9575478324582437 0
1451 1.357845041315668 0.1359304419058986 0
1452 3.311106866980376 0.4078141813223805 0
1453 3.393578948835194 0.4323228938788036 0
1454 2.751000054643542 0.4476962070275755 0
1455 2.135451124077571 0.7310425336457359 0
1456 2.111455745529407 0.6871093792714615 0
1457 0.7117825195489169 0.9102373918653437 0
1458 2.250972567987171 0.661139137929722 0
1459 2.231607267414514 0.5996386548636853 0
1460 2.111244372407679 0.3121083404508671 0
1461 4.544768377288778 0.5786827765163052 0
1462 4.548997158878274 0.4349694965720642 0
1463 2.08916221732797 0.5470845526215428 0
1464 1.68518947402977 0.3277207112639991 0
1465 1.704809636966453 0.3822824769259612 0
1466 0.3096652654943363 0.5148802265703438 0
1467 0.9739216947283412 0.6241113600417481 0
1468 1.024007701986653 0.6119318441097648 0
1469 1.427690778452627 0.725301352317246 0
1470 0.8804395411060435 0.03594721154490779 0
1471 4.770853553145528 0.3218712159753425 0
1472 4.829911028028187 0.4148209090853811 0
1473 4.82991102802821 0.5851790909145478 0
1474 4.770853553145521 0.6781287840245924 0
1475 4.845514419708902 0.2462099230901777 0
1476 4.845514419708708 0.7537900769097199 0
1477 0.5876462029112863 0.1929570479858221 0
1478 0.5615459546032757 0.2303904334864597 0
1479 0.7021613474840467 0.7916884544241328 0
1480 0.7399792865044863 0.7773676711837418 0
1481 0.9629812879861152 0.6682000867053768 0
1482 3.440427784663287 0.3132762193757416 0
1483 3.380019207057968 0.305656236356626 0
1484 0.3929610195904838 0.5448580601974811 0
1485 0.375181934706146 0.5115387245150886 0
1486 3.451164996553523 0.373919333831407 0
1487 3.507578096412941 0.3225497654494813 0
1488 0.5137907930923813 0.2756565515987767 0
1489 4.691216892191521 0.7839170801677251 0
1490 4.61240297773241 0.8582344495897201 0
1491 4.612514816350393 0.1424641994824996 0
1492 4.691216892191644 0.2160829198328107 0
1493 0.3058246507691365 0.4142536134881288 0
1494 0.415394308902453 0.58134456557867 0
1495 2.447269233335812 0.3070089830351734 0
1496 1.275681375200451 0.588338075866605 0
1497 1.758078550442001 0.3616565268480902 0
1498 1.088959602598583 0.1179427146400626 0
1499 0.7226638114794284 0.7063297484684602 0
1500 0.6781596246881 0.7063297484686091 0
1501 0.5302177670148622 0.6219488460595131 0
1502 0.5024698604103969 0.5871540717244013 0
1503 0.5102138174420662 0.6539258170799174 0
1504 3.167811991702474 0.6295058462169572 0
1505 3.227538976134651 0.6518743459634191 0
1506 3.762828551335761 0.9112635287332466 0
1507 3.817178687364606 0.8506314384847467 0
1508 3.81948732310719 0.9393679097515002 0
1509 3.8175470888201 0.05971114631781472 0
1510 3.812771258461797 0.1477707961132762 0
1511 3.760361356722147 0.08805964979546152 0
1512 3.280444765238835 0.6734311627521653 0
1513 1.027946452673353 0.7302524519975326 0
1514 3.09657787746857 0.1913446644152346 0
1515 3.096577877468758 0.8086553355849167 0
1516 0.2705527023053012 0.4376013129098464 0
1517 0.3093412654555584 0.4693337810686877 0
1518 0.998846293155055 0.6767926296113866 0
1519 4.503495119872891 0.5116581012908852 0
1520 0.1545036060081457 0.7382131499695139 0
1521 0.1378019292469396 0.7817429327455727 0
1522 1.575685439347321 0.2128266650962923 0
1523 1.552029065405018 0.2641680745071643 0
1524 1.535228294232157 0.2192446326076059 0
1525 4.76354825718572 0.7615606791052648 0
1526 4.765877758754709 0.8595783730528526 0
1527 4.765877758755019 0.1404216269476459 0
1528 4.763548257185969 0.238439320894806 0
1529 2.280007297798222 0.1694117252699268 0
1530 1.859425356553214 0.5318268577399661 0
1531 1.014190453582952 0.4402353819083983 0
1532 0.6247113495181704 0.0419959764901818 0
1533 1.936883997983668 0.396139635553428 0
1534 1.918244099919392 0.436111213641868 0
1535 1.884900872467678 0.3883885480318217 0
1536 3.710585915253091 0.6987091699290934 0
1537 3.7726820019953 0.755609379929463 0
1538 0.6637186554696584 0.7782492132270591 0
1539 0.1293084647668575 0.8259532470101566 0
1540 0.1811108236637304 0.8068882431628517 0
1541 3.20475141780932 0.7084718967526436 0
1542 1.494964084386041 0.2332608729392217 0
1543 1.066232486075342 0.7062792292143203 0
1544 1.114359311156293 0.6778384737632253 0
1545 3.496742439662605 0.6874451583839463 0
1546 0.2691269593743004 0.7655860681236693 0
1547 0.2231491796124891 0.7861789219922843 0
1548 0.2355820679056238 0.7420850750296528 0
1549 1.38166143452498 0.2659389189987392 0
1550 0.5382699756842064 0.3183187176744085 0
1551 0.5508228570360161 0.2709715374310909 0
1552 0.2380826785684423 0.4750413081135179 0
1553 0.2345660638820205 0.419961140532959 0
1554 0.1345786684029218 0.8772792899026282 0
1555 3.710981231285999 0.0568461420635693 0
1556 3.712431582065813 0.9403718204050604 0
1557 0.5132946804673577 0.96258113593006 0
1558 0.03597799926613272 0.6189395056053069 0
1559 1.037132326557044 0.6528194068281743 0
1560 1.029198293968657 0.6874429613085307 0
1561 1.038466679710107 0.2370007426717322 0
1562 1.041994180743232 0.2823307774553978 0
1563 1.964015858079297 0.8643526856402668 0
1564 1.964571004859514 0.1334741058031153 0
1565 0.2740542649185772 0.1625927204699451 0
1566 0.2408993404118276 0.1369442876726192 0
1567 0.2749644740833749 0.1123357623601412 0
1568 1.135183933539332 0.6462271257611145 0
1569 0.200785563131377 0.4931776604353344 0
1570 1.957399003683503 0.6530623474203312 0
1571 2.382238110841879 0.8440494892132788 0
1572 2.381782600233938 0.1537911259274927 0
1573 0.7349052545347617 0.7364207304272339 0
1574 0.7740611048723716 0.7661144871102563 0
1575 2.93811614105135 0.5701666043283877 0
1576 1.515412791805772 0.9151323093032223 0
1577 1.528252428473979 0.9622733479631176 0
1578 1.259272713673297 0.3117314443509088 0
1579 2.231400489110199 0.03616549872861651 0
1580 2.173296599155406 0.03616549872861651 0
1581 2.173066460383545 0.9637756919045382 0
1582 2.231170350338283 0.9637756919045382 0
1583 2.136077335452227 0.9421715514679365 0
1584 2.175669460866899 0.9059472433724747 0
1585 2.176063984475293 0.09395194057008202 0
1586 2.136241720289302 0.05778644184146551 0
1587 2.141736744021026 0.4147287927503311 0
1588 2.11690560055114 0.3551282965013713 0
1589 3.825074010719002 0.7842054711602562 0
1590 3.837236097121124 0.717287793623226 0
1591 0.2007975170561556 0.1185213953143669 0
1592 0.199887307891358 0.1687783534241708 0
1593 0.1966140110969869 0.7225167647266515 0
1594 0.3184889948587158 0.1027585262576727 0
1595 0.1687606158109679 0.1916032854338428 0
1596 0.1304918612550851 0.2145868407630697 0
1597 0.1215167299798031 0.1733390163951454 0
1598 0.805914943382688 0.92329713968759 0
1599 0.125612793124679 0.1208977813898249 0
1600 2.993985507672178 0.5749362166404823 0
1601 1.088308949753685 0.6318583905232077 0
1602 1.297340183782582 0.3119613019057692 0
1603 1.117974174519986 0.03341879938016731 0
1604 1.094169013656818 0.08345434123235183 0
1605 0.6224018551169519 0.2122144404622979 0
1606 1.541481042402947 0.2953210618974598 0
1607 1.540678310686396 0.3461772766295999 0
1608 2.18535847763169 0.8627440333594173 0
1609 2.129937185563994 0.8294526913246716 0
1610 2.176615327260103 0.807853621748216 0
1611 2.134595016982534 0.1701325234544037 0
1612 2.186509171488687 0.1369619198062325 0
1613 1.350537998974604 0.3888014951601569 0
1614 1.33293068884153 0.4382898502926225 0
1615 1.021219197443098 0.328070867606866 0
1616 1.061968997488318 0.3171809512734564 0
1617 2.097524021027705 0.03778765215142912 0
1618 2.041008977613146 0.03778765215142912 0
1619 2.040907320313727 0.9621897707938336 0
1620 2.097422363728235 0.9621897707938336 0
1621 0.03480437622891289 0.4145277002297618 0
1622 1.344656036094899 0.4763497863656907 0
1623 1.389264433372565 0.4583160789385457 0
1624 0.03530744594851191 0.378670709613419 0
1625 0.3365186682049809 0.7321579836616348 0
1626 0.2107894813403121 0.9211842117337705 0
1627 0.1699133469172605 0.8910929724835375 0
1628 1.100347042106853 0.3097571522087279 0
1629 1.079572058806718 0.3554972423601961 0
1630 0.8248567369633622 0.9689413845924662 0
1631 1.311436623350188 0.1220764756980599 0
1632 1.516922489448365 0.03678800492051039 0
1633 1.337818067928129 0.3216386622270948 0
1634 0.5325795284621469 0.03509779964569707 0
1635 0.5277731151369127 0.08599849414679681 0
1636 0.1473697258477962 0.256879650880834 0
1637 2.279550819380098 0.04386557383685012 0
1638 2.279550819379417 0.9561344261632734 0
1639 1.203959165951772 0.7715287013755559 0
1640 2.122435694734064 0.6446081553983634 0
1641 2.151909093599799 0.6182984786370872 0
1642 2.179181611828469 0.6612131108167254 0
1643 2.100291406347592 0.09557409399289463 0
1644 2.100025364211589 0.9043613222617701 0
1645 0.3933934997969247 0.7785876481460452 0
1646 1.514298730223109 0.8740108272932499 0
1647 0.07071597011808088 0.6021812474336443 0
1648 1.56403277106019 0.4729069867396115 0
1649 1.562823136197793 0.4177889658257264 0
1650 1.031658258295994 0.8764660500459925 0
1651 0.3592409229951421 0.7638054777023319 0
1652 0.3042821024575962 0.7531397152017348 0
1653 0.462897159792638 0.5850842716849651 0
1654 0.5860251371951009 0.2730525995620915 0
1655 1.312571095694055 0.5032345289559856 0
1656 1.293644510610782 0.5560288702857819 0
1657 0.6218596038296735 0.7638625812341617 0
1658 0.6589643845268917 0.7332872825078221 0
1659 0.8304395411058517 0.03594721154490779 0
1660 2.128996875982681 0.5761028557595869 0
1661 2.185742793077085 0.5927078111779491 0
1662 2.091465205289632 0.8626769045483828 0
1663 2.091629590126486 0.1372810887610196 0
1664 1.268723370947434 0.1144409823506249 0
1665 1.312713895009134 0.07582441950856314 0
1666 1.685683202512087 0.7726299147149682 0
1667 1.734394433884416 0.7936926917735718 0
1668 0.5825795284619686 0.03509779964569707 0
1669 1.783687799788915 0.2448257679902206 0
1670 0.1336046673255764 0.9655436937698197 0
1671 0.1836046673257166 0.9655436937698197 0
1672 1.285000321302806 0.03409446308056408 0
1673 1.235000321302614 0.03409446308056408 0
1674 1.36890484022509 0.5232607576019088 0
1675 0.846573990929799 0.1934284428253334 0
1676 0.3644292955628391 0.03376642867893919 0
1677 0.03473797085194817 0.5832417418285814 0
1678 3.325695954175283 0.3328905473918895 0
1679 1.737514985533268 0.3105786542224261 0
1680 2.696458755868681 0.2486655620050939 0
1681 2.692019146760129 0.1979086055759363 0
1682 1.621835571079527 0.2334211215439375 0
1683 0.3624125710468312 0.08244951609137849 0
1684 1.13073893798327 0.1013259721680454 0
1685 0.3449372139581717 0.4915325271486262 0
1686 3.769788282043391 0.618361368245816 0
1687 1.078268067705291 0.9209095662300171 0
1688 0.131874656136534 0.9172737049587302 0
1689 1.364703248466081 0.5854906573695353 0
1690 1.38176493123314 0.5566582604146435 0
1691 1.774195374232396 0.3266755887553972 0
1692 1.413849871633984 0.5297735178243485 0
1693 1.010383775574045 0.3982200823444841 0
1694 1.002949459352076 0.3567439789420582 0
1695 1.167974174520178 0.03341879938016731 0
1696 0.5718516139932455 0.111819099822789 0
1697 1.474999999999904 0.02539487715053457 0
1698 4.319105525602589 0.9419742976596921 0
1699 4.320644221163516 0.05856270718233575 0
1700 0.0701118221774248 0.393198409842915 0
1701 1.792022540483016 0.2882946604026861 0
1702 1.812586105391748 0.3393725330283501 0
1703 1.379442504590033 0.7200610965186378 0
1704 1.235911591309712 0.08324574534133802 0
1705 1.200911270005947 0.04915128226077395 0
1706 3.891285279066339 0.5596506429948672 0
1707 3.816803442521038 0.5836661600444938 0
1708 2.846807066184794 0.04675828681087067 0
1709 2.846548987518747 0.9536329009097398 0
1710 0.8207598133676315 0.079972655390773 0
1711 4.311068765415435 0.8576318278626438 0
1712 4.309991476609342 0.1438318811172086 0
1713 4.751065513562664 0.0590326129428253 0
1714 4.657974966251432 0.0590326129428253 0
1715 4.657974966249768 0.9409673870576565 0
1716 4.751065513561286 0.9409673870576565 0
1717 2.318167951662508 0.863738793998816 0
1718 2.317712441054725 0.13410182114201 0
1719 1.045000692197091 0.4049363409888388 0
1720 0.1591737264759245 0.1073311583579425 0
1721 0.2001857589963942 0.0754970926063909 0
1722 2.009085799849065 0.8747132981930526 0
1723 1.999180132873915 0.8306500936081067 0
1724 1.999188063397229 0.1672927305279287 0
1725 2.00963301610607 0.125170669114295 0
1726 2.05281023356564 0.8826951238742798 0
1727 2.052911890864889 0.1172822990709833 0
1728 1.076744522853307 0.3894720689825066 0
1729 1.080551200862214 0.4314873685464208 0
1730 0.6815143010258606 0.2466006913178477 0
1731 0.7260184878171385 0.2466006913176864 0
1732 0.3159158620059951 0.2585108342416975 0
1733 1.946068144915752 0.7511432622068879 0
1734 1.978558230262656 0.7809676229854698 0
1735 1.976480580937218 0.2188087917121511 0
1736 0.4030436161834718 0.1804363947379041 0
1737 0.381867181043243 0.1369243845126859 0
1738 2.551783519825359 0.5576077041319338 0
1739 1.514716591479805 0.4843570296662618 0
1740 0.2233923618772342 0.2518811489954383 0
1741 0.2088624391666399 0.2100261777920951 0
1742 0.2545190539576243 0.2290562169857663 0
1743 1.430742458342164 0.4702416834496711 0
1744 1.479113747609581 0.4835037188705206 0
1745 1.449361069893352 0.5096380504324634 0
1746 4.233907401387461 0.6825068362692265 0
1747 4.281281304257107 0.7527489536395706 0
1748 1.168885444527275 0.08257008164094126 0
1749 1.244818921649821 0.7948598475132376 0
1750 1.368710488095047 0.3504449222743015 0
1751 0.1250010350649176 0.07787347868184893 0
1752 1.462221160901402 0.543035553245198 0
1753 2.017645958771023 0.9163977159064399 0
1754 2.018294832327175 0.08346367434616994 0
1755 0.6072908779824807 0.07709377613587887 0
1756 1.319232568970022 0.6886232122173944 0
1757 1.336840529530356 0.7287766495481938 0
1758 1.298447100998189 0.7272745925072901 0
1759 0.3520429747782398 0.1176751849911729 0
1760 0.3379436048551276 0.1572333946789801 0
1761 0.1875374785597758 0.272129554945323 0
1762 1.382991644193164 0.31473673704656 0
1763 0.1792809842076714 0.03215342782498323 0
1764 0.1292809842078617 0.03215342782498323 0
1765 2.586257615344583 0.03730536083457272 0
1766 2.586252827793273 0.9627579630351681 0
1767 0.3652752792319512 0.2112965372473893 0
1768 4.323129302763578 0.7964352982681047 0
1769 3.884251257598771 0.6825925854219038 0
1770 3.940777934401031 0.6237854470311599 0
1771 1.054359702800255 0.6225821758069087 0
1772 0.2872496942787661 0.2402194639799262 0
1773 0.3341165796165427 0.2278191100325142 0
1774 0.4916751363663719 0.683765962304778 0
1775 2.954144610436784 0.3112072155262067 0
1776 0.6261220239851879 0.2537429565906301 0
1777 1.960429790194736 0.7098574801787443 0
1778 1.111040305521549 0.8880409935674329 0
1779 0.2918492141644616 0.7972335621643665 0
1780 1.849149854836541 0.3630852156622215 0
1781 1.830509956772266 0.4030567937506615 0
1782 1.276290721646512 0.7608235500471375 0
1783 2.222347602563009 0.8843481737960189 0
1784 2.223564050354792 0.1153409766933835 0
1785 1.070304949489449 0.8822270922539033 0
1786 1.866977021087161 0.3247042873095104 0
1787 1.999975482909933 0.6848506321572055 0
1788 1.620733498418425 0.2838159686043649 0
1789 2.169025591359593 0.7598828980825874 0
1790 1.861498711733647 0.2721422807743368 0
1791 2.036927975966846 0.3367333192210471 0
1792 2.641853699228776 0.4204859868033853 0
1793 2.03507398724739 0.657375735181857 0
1794 1.582667806556393 0.3549100199743419 0
1795 1.551955952726749 0.3810312148275001 0
1796 0.9829746426069905 0.3218938051239997 0
1797 1.806051634822128 0.5181330486960525 0
1798 1.83876439699061 0.4925225755101008 0
1799 1.520833640327796 0.4090562224809844 0
1800 2.212756079110491 0.690053475253577 0
1801 2.183282680244757 0.716363152014853 0
1802 0.3313586928091997 0.821292999831388 0
1803 1.764430812201244 0.7643423077005013 0
1804 1.329259813252887 0.6524445903060741 0
1805 1.34674011305575 0.6177998629503584 0
1806 1.825825824831464 0.4535944462932244 0
1807 2.653336651631304 0.8440658976350575 0
1808 2.653378082816648 0.1583460568231876 0
1809 1.610185475416353 0.3149689559946604 0
1810 1.879199546562549 0.4672882553371381 0
1811 1.931182672078538 0.4750393428587443 0
1812 0.6517756443397793 0.2334859014354678 0
1813 0.6777941321576246 0.2050721751895155 0
1814 2.078441759996063 0.3547594245302154 0
1815 0.5969425406160618 0.7807095608177868 0
1816 0.5789433752503759 0.8200152944295688 0
1817 0.5492720410939975 0.7919003432939568 0
1818 2.60770463037481 0.8658938972463468 0
1819 2.607770315566583 0.1349749062458603 0
1820 3.831859248875069 0.6539964941911105 0
1821 2.270728071604142 0.8767069080547542 0
1822 2.27171438062469 0.1230410518016171 0
1823 2.084183227300737 0.6441947470918233 0
1824 2.610549132726449 0.9122964100248651 0
1825 2.610619605469034 0.08863571733698084 0
1826 1.822078530948268 0.2575227122631736 0
1827 3.200877784025164 0.7596485238088353 0
1828 2.261269193611295 0.08003107256546663 0
1829 2.261039054839352 0.9199101180678115 0
1830 1.496097979928617 0.4449606626834696 0
1831 3.205538911159972 0.8152479670189899 0
1832 0.2727197715681718 0.198364492776583 0
1833 0.7421714641988234 0.2087511262196475 0
1834 0.3067849052397191 0.173755967464105 0
1835 1.318856764413915 0.5824547057730269 0
1836 0.7101655590190824 0.18391014131478 0
1837 3.041867950102095 0.5660016801660666 0
1838 0.3611569340495401 0.7995693796861454 0
1839 0.5163698634576499 0.7855450287176584 0
1840 0.5343690288233357 0.7462392951058765 0
1841 3.091994660138457 0.5509773509579319 0
1842 3.136028571796892 0.5870256571929371 0
1843 1.581938187518111 0.2889030943861461 0
1844 3.140284521997907 0.1586632615613317 0
1845 3.140284521998294 0.8413367384386798 0
1846 0.3366091115047222 0.193005166985618 0
1847 0.5183804958349312 0.7151021095320813 0
$EndNodes
$Elements
978
1 8 2 100 1 1 11 25
2 8 2 100 1 11 12 26
3 8 2 100 1 12 13 27
4 8 2 100 1 13 14 28
5 8 2 100 1 14 15 29
6 8 2 100 1 15 16 30
7 8 2 100 1 16 17 31
8 8 2 100 1 17 18 32
9 8 2 100 1 18 19 33
10 8 2 100 1 19 20 34
11 8 2 100 1 20 21 35
12 8 2 100 1 21 22 36
13 8 2 100 1 22 23 37
14 8 2 100 1 23 24 38
15 8 2 100 1 24 2 39
16 8 2 100 2 2 40 64
17 8 2 100 2 40 41 65
18 8 2 100 2 41 42 66
19 8 2 100 2 42 43 67
20 8 2 100 2 43 44 68
21 8 2 100 2 44 45 69
22 8 2 100 2 45 46 70
23 8 2 100 2 46 47 71
24 8 2 100 2 47 48 72
25 8 2 100 2 48 49 73
26 8 2 100 2 49 50 74
27 8 2 100 2 50 51 75
28 8 2 100 2 51 52 76
29 8 2 100 2 52 53 77
30 8 2 100 2 53 54 78
31 8 2 100 2 54 55 79
32 8 2 100 2 55 56 80
33 8 2 100 2 56 57 81
34 8 2 100 2 57 58 82
35 8 2 100 2 58 59 83
36 8 2 100 2 59 60 84
37 8 2 100 2 60 61 85
38 8 2 100 2 61 62 86
39 8 2 100 2 62 63 87
40 8 2 100 2 63 3 88
41 8 2 200 3 3 89 93
42 8 2 200 3 89 90 94
43 8 2 200 3 90 91 95
44 8 2 200 3 91 92 96
45 8 2 200 3 92 4 97
46 8 2 300 4 4 98 122
47 8 2 300 4 98 99 123
48 8 2 300 4 99 100 124
49 8 2 300 4 100 101 125
50 8 2 300 4 101 102 126
51 8 2 300 4 102 103 127
52 8 2 300 4 103 104 128
53 8 2 300 4 104 105 129
54 8 2 300 4 105 106 130
55 8 2 300 4 106 107 131
56 8 2 300 4 107 108 132
57 8 2 300 4 108 109 133
58 8 2 300 4 109 110 134
59 8 2 300 4 110 111 135
60 8 2 300 4 111 112 136
61 8 2 300 4 112 113 137
62 8 2 300 4 113 114 138
63 8 2 300 4 114 115 139
64 8 2 300 4 115 116 140
65 8 2 300 4 116 117 141
66 8 2 300 4 117 118 142
67 8 2 300 4 118 119 143
68 8 2 300 4 119 120 144
69 8 2 300 4 120 121 145
70 8 2 300 4 121 5 146
71 8 2 300 5 5 147 161
72 8 2 300 5 147 148 162
73 8 2 300 5 148 149 163
74 8 2 300 5 149 150 164
75 8 2 300 5 150 151 165
76 8 2 300 5 151 152 166
77 8 2 300 5 152 153 167
78 8 2 300 5 153 154 168
79 8 2 300 5 154 155 169
80 8 2 300 5 155 156 170
81 8 2 300 5 156 157 171
82 8 2 300 5 157 158 172
83 8 2 300 5 158 159 173
84 8 2 300 5 159 160 174
85 8 2 300 5 160 6 175
86 8 2 500 6 7 176 182
87 8 2 500 6 176 177 183
88 8 2 500 6 177 178 184
89 8 2 500 6 178 179 185
90 8 2 500 6 179 180 186
91 8 2 500 6 180 181 187
92 8 2 500 6 181 8 188
93 8 2 600 7 8 189 195
94 8 2 600 7 189 190 196
95 8 2 600 7 190 191 197
96 8 2 600 7 191 192 198
97 8 2 600 7 192 193 199
98 8 2 600 7 193 194 200
99 8 2 600 7 194 7 201
100 8 2 400 8 6 202 204
101 8 2 400 8 202 203 205
102 8 2 400 8 203 9 206
103 8 2 400 9 9 207 210
104 8 2 400 9 207 208 211
105 8 2 400 9 208 209 212
106 8 2 400 9 209 10 213
107 8 2 400 10 10 214 216
108 8 2 400 10 214 215 217
109 8 2 400 10 215 1 218
110 9 2 10 12 554 323 351 599 600 601
111 9 2 10 12 239 323 554 602 599 603
112 9 2 10 12 53 54 535 78 604 605
113 9 2 10 12 536 107 108 606 132 607
114 9 2 10 12 502 277 375 608 609 610
115 9 2 10 12 318 502 375 611 610 612
116 9 2 10 12 102 373 403 613 614 615
117 9 2 10 12 59 402 372 616 617 618
118 9 2 10 12 147 459 316 619 620 621
119 9 2 10 12 288 371 377 622 623 624
120 9 2 10 12 251 377 371 625 623 626
121 9 2 10 12 253 491 311 627 628 629
122 9 2 10 12 254 312 490 630 631 632
123 9 2 10 12 426 378 233 633 634 635
124 9 2 10 12 3 404 63 636 637 88
125 9 2 10 12 4 98 405 122 638 639
126 9 2 10 12 17 428 413 640 641 642
127 9 2 10 12 256 427 335 643 644 645
128 9 2 10 12 560 318 418 646 647 648
129 9 2 10 12 220 430 351 649 650 651
130 9 2 10 12 261 357 364 652 653 654
131 9 2 10 12 223 364 357 655 653 656
132 9 2 10 12 8 330 189 657 658 195
133 9 2 10 12 535 54 328 604 659 660
134 9 2 10 12 329 107 536 661 606 662
135 9 2 10 12 461 247 398 663 664 665
136 9 2 10 12 309 461 398 666 665 667
137 9 2 10 12 293 351 430 668 650 669
138 9 2 10 12 306 426 471 670 671 672
139 9 2 10 12 335 427 420 644 673 674
140 9 2 10 12 14 377 387 675 676 677
141 9 2 10 12 306 378 426 678 633 670
142 9 2 10 12 190 346 315 679 680 681
143 9 2 10 12 250 368 386 682 683 684
144 9 2 10 12 303 413 428 685 641 686
145 9 2 10 12 245 550 362 687 688 689
146 9 2 10 12 309 508 461 690 691 666
147 9 2 10 12 362 550 530 688 692 693
148 9 2 10 12 14 15 377 29 694 675
149 9 2 10 12 118 119 325 143 695 696
150 9 2 10 12 42 43 326 67 697 698
151 9 2 10 12 304 486 398 699 700 701
152 9 2 10 12 471 426 248 671 702 703
153 9 2 10 12 392 515 236 704 705 706
154 9 2 10 12 228 318 560 707 646 708
155 9 2 10 12 289 350 417 709 710 711
156 9 2 10 12 237 310 462 712 713 714
157 9 2 10 12 235 356 408 715 716 717
158 9 2 10 12 3 89 404 93 718 636
159 9 2 10 12 4 405 92 639 719 97
160 9 2 10 12 221 310 499 720 721 722
161 9 2 10 12 224 473 308 723 724 725
162 9 2 10 12 9 324 468 726 727 728
163 9 2 10 12 285 549 323 729 730 731
164 9 2 10 12 147 316 383 621 732 733
165 9 2 10 12 147 148 459 162 734 619
166 9 2 10 12 230 441 557 735 736 737
167 9 2 10 12 311 515 392 738 704 739
168 9 2 10 12 6 202 412 204 740 741
169 9 2 10 12 6 412 160 741 742 175
170 9 2 10 12 287 408 356 743 716 744
171 9 2 10 12 284 386 368 745 683 746
172 9 2 10 12 10 480 327 747 748 749
173 9 2 10 12 461 508 236 691 750 751
174 9 2 10 12 223 357 345 656 752 753
175 9 2 10 12 278 314 507 754 755 756
176 9 2 10 12 280 406 452 757 758 759
177 9 2 10 12 281 453 407 760 761 762
178 9 2 10 12 221 471 310 763 764 720
179 9 2 10 12 452 406 540 758 765 766
180 9 2 10 12 453 541 407 767 768 761
181 9 2 10 12 595 434 261 769 770 771
182 9 2 10 12 596 262 435 772 773 774
183 9 2 10 12 241 494 346 775 776 777
184 9 2 10 12 179 429 180 778 779 186
185 9 2 10 12 282 388 358 780 781 782
186 9 2 10 12 101 102 403 126 615 783
187 9 2 10 12 59 60 402 84 784 616
188 9 2 10 12 223 313 364 785 786 655
189 9 2 10 12 223 365 313 787 788 785
190 9 2 10 12 253 410 491 789 790 627
191 9 2 10 12 254 490 411 632 791 792
192 9 2 10 12 237 531 310 793 794 712
193 9 2 10 12 226 358 388 795 781 796
194 9 2 10 12 190 315 581 681 797 798
195 9 2 10 12 106 434 340 799 800 801
196 9 2 10 12 55 341 435 802 803 804
197 9 2 10 12 105 106 340 130 801 805
198 9 2 10 12 55 56 341 80 806 802
199 9 2 10 12 323 549 351 730 807 600
200 9 2 10 12 253 311 392 629 739 808
201 9 2 10 12 221 398 486 809 700 810
202 9 2 10 12 149 401 459 811 812 813
203 9 2 10 12 155 307 414 814 815 816
204 9 2 10 12 263 446 316 817 818 819
205 9 2 10 12 119 454 325 820 821 695
206 9 2 10 12 42 326 455 698 822 823
207 9 2 10 12 179 457 429 824 825 778
208 9 2 10 12 366 529 423 826 827 828
209 9 2 10 12 249 364 313 829 786 830
210 9 2 10 12 246 342 393 831 832 833
211 9 2 10 12 247 461 360 663 834 835
212 9 2 10 12 248 361 462 836 837 838
213 9 2 10 12 221 486 471 810 839 763
214 9 2 10 12 224 308 523 725 840 841
215 9 2 10 12 234 316 446 842 818 843
216 9 2 10 12 10 214 480 216 844 747
217 9 2 10 12 266 317 437 845 846 847
218 9 2 10 12 286 322 508 848 849 850
219 9 2 10 12 202 468 412 851 852 740
220 9 2 10 12 50 490 448 853 854 855
221 9 2 10 12 111 447 491 856 857 858
222 9 2 10 12 354 463 473 859 860 861
223 9 2 10 12 249 570 340 862 863 864
224 9 2 10 12 250 341 571 865 866 867
225 9 2 10 12 224 417 350 868 710 869
226 9 2 10 12 9 468 203 728 870 206
227 9 2 10 12 8 181 400 188 871 872
228 9 2 10 12 312 448 490 873 854 631
229 9 2 10 12 311 491 447 628 857 874
230 9 2 10 12 236 508 322 750 849 875
231 9 2 10 12 228 366 423 876 828 877
232 9 2 10 12 190 472 346 878 879 679
233 9 2 10 12 155 530 307 880 881 814
234 9 2 10 12 310 531 499 794 882 721
235 9 2 10 12 192 587 193 883 884 199
236 9 2 10 12 279 331 456 885 886 887
237 9 2 10 12 260 545 460 888 889 890
238 9 2 10 12 463 244 418 891 892 893
239 9 2 10 12 300 360 461 894 834 895
240 9 2 10 12 301 462 361 896 837 897
241 9 2 10 12 190 581 191 798 898 197
242 9 2 10 12 315 346 494 680 776 899
243 9 2 10 12 52 319 411 900 901 902
244 9 2 10 12 109 410 320 903 904 905
245 9 2 10 12 262 433 328 906 907 908
246 9 2 10 12 189 330 472 658 909 910
247 9 2 10 12 244 463 354 891 859 911
248 9 2 10 12 286 431 322 912 913 848
249 9 2 10 12 249 313 376 830 914 915
250 9 2 10 12 193 587 576 884 916 917
251 9 2 10 12 306 471 486 672 839 918
252 9 2 10 12 340 434 595 800 769 919
253 9 2 10 12 341 596 435 920 774 803
254 9 2 10 12 189 472 190 910 878 196
255 9 2 10 12 202 203 468 205 870 851
256 9 2 10 12 291 525 362 921 922 923
257 9 2 10 12 318 463 418 924 893 647
258 9 2 10 12 249 367 570 925 926 862
259 9 2 10 12 250 571 368 867 927 682
260 9 2 10 12 102 103 373 127 928 613
261 9 2 10 12 58 59 372 83 618 929
262 9 2 10 12 181 477 400 930 931 871
263 9 2 10 12 352 526 543 932 933 934
264 9 2 10 12 331 592 456 935 936 886
265 9 2 10 12 284 372 396 937 938 939
266 9 2 10 12 283 397 373 940 941 942
267 9 2 10 12 180 338 181 943 944 187
268 9 2 10 12 103 496 373 945 946 928
269 9 2 10 12 58 372 495 929 947 948
270 9 2 10 12 299 557 441 949 736 950
271 9 2 10 12 272 325 454 951 821 952
272 9 2 10 12 273 455 326 953 822 954
273 9 2 10 12 279 519 331 955 956 885
274 9 2 10 12 314 359 507 957 958 755
275 9 2 10 12 304 398 352 701 959 960
276 9 2 10 12 291 362 500 923 961 962
277 9 2 10 12 251 371 331 626 963 964
278 9 2 10 12 236 515 461 705 965 751
279 9 2 10 12 237 462 516 714 966 967
280 9 2 10 12 230 557 420 737 968 969
281 9 2 10 12 345 357 475 752 970 971
282 9 2 10 12 1 11 432 25 972 973
283 9 2 10 12 1 432 215 973 974 218
284 9 2 10 12 226 503 323 975 976 977
285 9 2 10 12 254 481 312 978 979 630
286 9 2 10 12 344 424 498 980 981 982
287 9 2 10 12 290 424 344 983 980 984
288 9 2 10 12 148 149 459 163 813 734
289 9 2 10 12 241 346 493 777 985 986
290 9 2 10 12 215 432 480 974 987 988
291 9 2 10 12 234 451 316 989 990 842
292 9 2 10 12 262 328 435 908 991 773
293 9 2 10 12 261 434 329 770 992 993
294 9 2 10 12 255 373 397 994 941 995
295 9 2 10 12 256 396 372 996 938 997
296 9 2 10 12 285 323 503 731 976 998
297 9 2 10 12 272 474 325 999 1000 951
298 9 2 10 12 228 502 318 1001 611 707
299 9 2 10 12 278 556 314 1002 1003 754
300 9 2 10 12 176 456 592 1004 936 1005
301 9 2 10 12 236 322 392 875 1006 706
302 9 2 10 12 307 530 550 881 692 1007
303 9 2 10 12 263 316 459 819 620 1008
304 9 2 10 12 266 485 317 1009 1010 845
305 9 2 10 12 282 389 388 1011 1012 780
306 9 2 10 12 261 329 518 993 1013 1014
307 9 2 10 12 284 396 386 939 1015 745
308 9 2 10 12 225 386 396 1016 1015 1017
309 9 2 10 12 264 358 382 1018 1019 1020
310 9 2 10 12 317 485 458 1010 1021 1022
311 9 2 10 12 246 393 529 833 1023 1024
312 9 2 10 12 252 388 389 1025 1012 1026
313 9 2 10 12 120 121 348 145 1027 1028
314 9 2 10 12 52 535 319 1029 1030 900
315 9 2 10 12 109 320 536 905 1031 1032
316 9 2 10 12 235 458 485 1033 1021 1034
317 9 2 10 12 313 365 555 788 1035 1036
318 9 2 10 12 19 20 342 34 1037 1038
319 9 2 10 12 259 347 369 1039 1040 1041
320 9 2 10 12 258 369 347 1042 1040 1043
321 9 2 10 12 286 499 531 1044 882 1045
322 9 2 10 12 229 442 349 1046 1047 1048
323 9 2 10 12 239 325 474 1049 1000 1050
324 9 2 10 12 250 555 365 1051 1035 1052
325 9 2 10 12 214 215 480 217 988 844
326 9 2 10 12 118 325 394 696 1053 1054
327 9 2 10 12 43 395 326 1055 1056 697
328 9 2 10 12 289 512 350 1057 1058 709
329 9 2 10 12 226 382 358 1059 1019 795
330 9 2 10 12 247 526 352 1060 932 1061
331 9 2 10 12 256 402 427 1062 1063 643
332 9 2 10 12 151 152 343 166 1064 1065
333 9 2 10 12 304 378 486 1066 1067 699
334 9 2 10 12 7 469 333 1068 1069 1070
335 9 2 10 12 5 147 383 161 733 1071
336 9 2 10 12 8 400 330 872 1072 657
337 9 2 10 12 304 566 378 1073 1074 1066
338 9 2 10 12 99 100 385 124 1075 1076
339 9 2 10 12 61 62 384 86 1077 1078
340 9 2 10 12 260 430 545 1079 1080 888
341 9 2 10 12 240 407 415 1081 1082 1083
342 9 2 10 12 251 331 380 964 1084 1085
343 9 2 10 12 231 353 465 1086 1087 1088
344 9 2 10 12 241 343 494 1089 1090 775
345 9 2 10 12 100 539 385 1091 1092 1075
346 9 2 10 12 61 384 538 1078 1093 1094
347 9 2 10 12 318 375 463 612 1095 924
348 9 2 10 12 227 399 370 1096 1097 1098
349 9 2 10 12 333 520 456 1099 1100 1101
350 9 2 10 12 328 433 589 907 1102 1103
351 9 2 10 12 7 333 456 1070 1101 1104
352 9 2 10 12 520 279 456 1105 887 1100
353 9 2 10 12 292 494 343 1106 1090 1107
354 9 2 10 12 331 519 380 956 1108 1084
355 9 2 10 12 226 323 476 977 1109 1110
356 9 2 10 12 273 370 399 1111 1097 1112
357 9 2 10 12 294 415 407 1113 1082 1114
358 9 2 10 12 314 591 359 1115 1116 957
359 9 2 10 12 282 506 339 1117 1118 1119
360 9 2 10 12 298 427 402 1120 1063 1121
361 9 2 10 12 47 48 361 72 1122 1123
362 9 2 10 12 113 114 360 138 1124 1125
363 9 2 10 12 264 451 358 1126 1127 1018
364 9 2 10 12 308 473 574 724 1128 1129
365 9 2 10 12 54 435 328 1130 991 659
366 9 2 10 12 107 329 434 661 992 1131
367 9 2 10 12 225 376 386 1132 1133 1016
368 9 2 10 12 237 481 431 1134 1135 1136
369 9 2 10 12 336 594 533 1137 1138 1139
370 9 2 10 12 273 326 501 954 1140 1141
371 9 2 10 12 268 442 324 1142 1143 1144
372 9 2 10 12 255 403 373 1145 614 994
373 9 2 10 12 256 372 402 997 617 1062
374 9 2 10 12 267 458 363 1146 1147 1148
375 9 2 10 12 358 451 506 1127 1149 1150
376 9 2 10 12 9 439 324 1151 1152 726
377 9 2 10 12 225 396 335 1017 1153 1154
378 9 2 10 12 225 335 397 1154 1155 1156
379 9 2 10 12 274 478 334 1157 1158 1159
380 9 2 10 12 245 359 591 1160 1116 1161
381 9 2 10 12 274 327 465 1162 1163 1164
382 9 2 10 12 247 352 398 1061 959 664
383 9 2 10 12 268 324 439 1144 1152 1165
384 9 2 10 12 289 417 401 711 1166 1167
385 9 2 10 12 337 532 588 1168 1169 1170
386 9 2 10 12 229 349 507 1048 1171 1172
387 9 2 10 12 40 41 355 65 1173 1174
388 9 2 10 12 252 498 388 1175 1176 1025
389 9 2 10 12 274 436 327 1177 1178 1162
390 9 2 10 12 242 589 433 1179 1102 1180
391 9 2 10 12 90 91 347 95 1181 1182
392 9 2 10 12 388 498 503 1176 1183 1184
393 9 2 10 12 533 253 450 1185 1186 1187
394 9 2 10 12 332 481 544 1188 1189 1190
395 9 2 10 12 257 414 470 1191 1192 1193
396 9 2 10 12 363 458 524 1147 1194 1195
397 9 2 10 12 263 401 417 1196 1166 1197
398 9 2 10 12 243 533 594 1198 1138 1199
399 9 2 10 12 221 499 398 722 1200 809
400 9 2 10 12 332 431 481 1201 1135 1188
401 9 2 10 12 273 399 355 1112 1202 1203
402 9 2 10 12 296 543 526 1204 933 1205
403 9 2 10 12 268 349 442 1206 1047 1142
404 9 2 10 12 231 519 353 1207 1208 1086
405 9 2 10 12 20 393 342 1209 832 1037
406 9 2 10 12 239 489 325 1210 1211 1049
407 9 2 10 12 240 326 488 1212 1213 1214
408 9 2 10 12 240 501 326 1215 1140 1212
409 9 2 10 12 252 421 344 1216 1217 1218
410 9 2 10 12 239 474 323 1050 1219 602
411 9 2 10 12 336 533 450 1139 1187 1220
412 9 2 10 12 242 588 532 1221 1169 1222
413 9 2 10 12 17 18 428 32 1223 640
414 9 2 10 12 10 327 436 749 1178 1224
415 9 2 10 12 254 544 481 1225 1189 978
416 9 2 10 12 255 397 335 995 1155 1226
417 9 2 10 12 256 335 396 645 1153 996
418 9 2 10 12 272 348 382 1227 1228 1229
419 9 2 10 12 271 463 375 1230 1095 1231
420 9 2 10 12 266 355 399 1232 1202 1233
421 9 2 10 12 321 576 587 1234 916 1235
422 9 2 10 12 248 426 527 702 1236 1237
423 9 2 10 12 322 562 450 1238 1239 1240
424 9 2 10 12 264 382 348 1020 1228 1241
425 9 2 10 12 222 337 580 1242 1243 1244
426 9 2 10 12 307 470 414 1245 1192 815
427 9 2 10 12 309 398 499 667 1200 1246
428 9 2 10 12 12 13 419 27 1247 1248
429 9 2 10 12 244 582 330 1249 1250 1251
430 9 2 10 12 294 460 545 1252 889 1253
431 9 2 10 12 268 509 334 1254 1255 1256
432 9 2 10 12 295 422 423 1257 1258 1259
433 9 2 10 12 246 338 479 1260 1261 1262
434 9 2 10 12 244 330 565 1251 1263 1264
435 9 2 10 12 259 440 384 1265 1266 1267
436 9 2 10 12 258 385 441 1268 1269 1270
437 9 2 10 12 267 423 422 1271 1258 1272
438 9 2 10 12 158 159 374 173 1273 1274
439 9 2 10 12 156 157 362 171 1275 1276
440 9 2 10 12 295 423 529 1259 827 1277
441 9 2 10 12 222 544 337 1278 1279 1242
442 9 2 10 12 268 334 449 1256 1280 1281
443 9 2 10 12 255 335 420 1226 674 1282
444 9 2 10 12 120 348 454 1028 1283 1284
445 9 2 10 12 274 334 510 1159 1285 1286
446 9 2 10 12 288 413 466 1287 1288 1289
447 9 2 10 12 158 374 500 1274 1290 1291
448 9 2 10 12 303 466 413 1292 1288 685
449 9 2 10 12 305 580 337 1293 1243 1294
450 9 2 10 12 278 507 349 756 1171 1295
451 9 2 10 12 23 24 379 38 1296 1297
452 9 2 10 12 51 52 411 76 902 1298
453 9 2 10 12 109 110 410 134 1299 903
454 9 2 10 12 208 510 334 1300 1285 1301
455 9 2 10 12 305 588 345 1302 1303 1304
456 9 2 10 12 298 384 440 1305 1266 1306
457 9 2 10 12 299 441 385 950 1269 1307
458 9 2 10 12 408 514 492 1308 1309 1310
459 9 2 10 12 49 50 448 74 855 1311
460 9 2 10 12 111 112 447 136 1312 856
461 9 2 10 12 287 514 408 1313 1308 743
462 9 2 10 12 228 423 363 877 1314 1315
463 9 2 10 12 339 506 568 1118 1316 1317
464 9 2 10 12 13 569 419 1318 1319 1247
465 9 2 10 12 242 345 588 1320 1303 1221
466 9 2 10 12 48 547 361 1321 1322 1122
467 9 2 10 12 113 360 548 1125 1323 1324
468 9 2 10 12 24 597 379 1325 1326 1296
469 9 2 10 12 238 349 449 1327 1328 1329
470 9 2 10 12 180 429 338 779 1330 943
471 9 2 10 12 285 498 424 1331 981 1332
472 9 2 10 12 241 350 512 1333 1058 1334
473 9 2 10 12 305 337 588 1294 1170 1302
474 9 2 10 12 284 495 372 1335 947 937
475 9 2 10 12 283 373 496 942 946 1336
476 9 2 10 12 274 465 353 1164 1087 1337
477 9 2 10 12 242 532 589 1222 1338 1179
478 9 2 10 12 243 590 533 1339 1340 1198
479 9 2 10 12 300 461 515 895 965 1341
480 9 2 10 12 301 516 462 1342 966 896
481 9 2 10 12 208 334 509 1301 1255 1343
482 9 2 10 12 267 363 423 1148 1314 1271
483 9 2 10 12 222 450 562 1344 1239 1345
484 9 2 10 12 222 562 544 1345 1346 1278
485 9 2 10 12 151 343 425 1065 1347 1348
486 9 2 10 12 376 555 386 1349 1350 1133
487 9 2 10 12 272 454 348 952 1283 1227
488 9 2 10 12 268 449 349 1281 1328 1206
489 9 2 10 12 292 343 522 1107 1351 1352
490 9 2 10 12 317 597 437 1353 1354 846
491 9 2 10 12 291 500 374 962 1290 1355
492 9 2 10 12 227 344 421 1356 1217 1357
493 9 2 10 12 297 426 453 1358 1359 1360
494 9 2 10 12 241 512 343 1334 1361 1089
495 9 2 10 12 303 428 457 686 1362 1363
496 9 2 10 12 269 457 428 1364 1362 1365
497 9 2 10 12 273 355 455 1203 1366 953
498 9 2 10 12 149 150 558 164 1367 1368
499 9 2 10 12 40 355 437 1174 1369 1370
500 9 2 10 12 305 345 475 1304 971 1371
501 9 2 10 12 253 533 410 1185 1372 789
502 9 2 10 12 254 411 532 792 1373 1374
503 9 2 10 12 298 538 384 1375 1093 1305
504 9 2 10 12 299 385 539 1307 1092 1376
505 9 2 10 12 257 467 381 1377 1378 1379
506 9 2 10 12 317 379 597 1380 1326 1353
507 9 2 10 12 149 558 401 1368 1381 811
508 9 2 10 12 245 362 525 689 922 1382
509 9 2 10 12 181 338 477 944 1383 930
510 9 2 10 12 301 361 547 897 1322 1384
511 9 2 10 12 300 548 360 1385 1323 894
512 9 2 10 12 332 544 562 1190 1346 1386
513 9 2 10 12 20 21 393 35 1387 1209
514 9 2 10 12 266 437 355 847 1369 1232
515 9 2 10 12 152 522 343 1388 1351 1064
516 9 2 10 12 153 154 381 168 1389 1390
517 9 2 10 12 7 194 469 201 1391 1068
518 9 2 10 12 291 374 416 1355 1392 1393
519 9 2 10 12 298 440 427 1306 1394 1120
520 9 2 10 12 230 427 440 1395 1394 1396
521 9 2 10 12 242 433 345 1180 1397 1320
522 9 2 10 12 292 381 467 1398 1378 1399
523 9 2 10 12 263 459 401 1008 812 1196
524 9 2 10 12 233 453 426 1400 1359 635
525 9 2 10 12 330 582 472 1250 1401 909
526 9 2 10 12 117 118 394 142 1054 1402
527 9 2 10 12 43 44 395 68 1403 1055
528 9 2 10 12 271 473 463 1404 860 1230
529 9 2 10 12 279 353 519 1405 1208 955
530 9 2 10 12 265 416 374 1406 1392 1407
531 9 2 10 12 121 464 348 1408 1409 1027
532 9 2 10 12 41 455 355 1410 1366 1173
533 9 2 10 12 251 387 377 1411 676 625
534 9 2 10 12 320 410 533 904 1372 1412
535 9 2 10 12 319 532 411 1413 1373 901
536 9 2 10 12 282 339 567 1119 1414 1415
537 9 2 10 12 114 444 360 1416 1417 1124
538 9 2 10 12 47 361 443 1123 1418 1419
539 9 2 10 12 244 354 582 911 1420 1249
540 9 2 10 12 249 340 595 864 919 1421
541 9 2 10 12 250 596 341 1422 920 865
542 9 2 10 12 269 482 342 1423 1424 1425
543 9 2 10 12 269 342 479 1425 1426 1427
544 9 2 10 12 264 348 464 1241 1409 1428
545 9 2 10 12 246 479 342 1262 1426 831
546 9 2 10 12 315 494 467 899 1429 1430
547 9 2 10 12 108 109 536 133 1032 607
548 9 2 10 12 52 53 535 77 605 1029
549 9 2 10 12 338 429 479 1330 1431 1261
550 9 2 10 12 322 450 392 1240 1432 1006
551 9 2 10 12 154 155 414 169 816 1433
552 9 2 10 12 157 500 362 1434 961 1275
553 9 2 10 12 89 90 483 94 1435 1436
554 9 2 10 12 91 92 484 96 1437 1438
555 9 2 10 12 105 340 570 805 863 1439
556 9 2 10 12 56 571 341 1440 866 806
557 9 2 10 12 246 517 338 1441 1442 1260
558 9 2 10 12 260 378 566 1443 1074 1444
559 9 2 10 12 316 451 383 990 1445 732
560 9 2 10 12 278 349 521 1295 1446 1447
561 9 2 10 12 293 430 438 669 1448 1449
562 9 2 10 12 230 420 427 969 673 1395
563 9 2 10 12 150 151 425 165 1348 1450
564 9 2 10 12 317 458 379 1022 1451 1380
565 9 2 10 12 223 345 511 753 1452 1453
566 9 2 10 12 306 486 378 918 1067 678
567 9 2 10 12 322 431 562 913 1454 1238
568 9 2 10 12 232 452 540 1455 766 1456
569 9 2 10 12 154 414 381 1433 1457 1389
570 9 2 10 12 304 352 593 960 1458 1459
571 9 2 10 12 233 541 453 1460 767 1400
572 9 2 10 12 258 441 369 1270 1461 1042
573 9 2 10 12 259 369 440 1041 1462 1265
574 9 2 10 12 252 344 498 1218 982 1175
575 9 2 10 12 257 381 414 1379 1457 1191
576 9 2 10 12 260 438 430 1463 1448 1079
577 9 2 10 12 227 534 344 1464 1465 1356
578 9 2 10 12 292 467 494 1399 1429 1106
579 9 2 10 12 238 521 349 1466 1446 1327
580 9 2 10 12 270 472 582 1467 1401 1468
581 9 2 10 12 234 506 451 1469 1149 989
582 9 2 10 12 19 342 482 1038 1424 1470
583 9 2 10 12 259 483 347 1471 1472 1039
584 9 2 10 12 258 347 484 1043 1473 1474
585 9 2 10 12 89 483 404 1436 1475 718
586 9 2 10 12 92 405 484 719 1476 1437
587 9 2 10 12 288 553 371 1477 1478 622
588 9 2 10 12 257 409 467 1479 1480 1377
589 9 2 10 12 270 346 472 1481 879 1467
590 9 2 10 12 596 511 262 1482 1483 772
591 9 2 10 12 333 469 521 1069 1484 1485
592 9 2 10 12 365 511 596 1486 1482 1487
593 9 2 10 12 331 371 592 963 1488 935
594 9 2 10 12 258 563 385 1489 1490 1268
595 9 2 10 12 259 384 564 1267 1491 1492
596 9 2 10 12 279 520 353 1105 1493 1405
597 9 2 10 12 278 521 469 1447 1484 1494
598 9 2 10 12 248 462 471 838 1495 703
599 9 2 10 12 271 574 473 1496 1128 1404
600 9 2 10 12 290 344 534 984 1465 1497
601 9 2 10 12 295 529 393 1277 1023 1498
602 9 2 10 12 191 409 192 1499 1500 198
603 9 2 10 12 193 556 194 1501 1502 200
604 9 2 10 12 193 576 556 917 1503 1501
605 9 2 10 12 243 475 357 1504 970 1505
606 9 2 10 12 104 367 496 1506 1507 1508
607 9 2 10 12 57 495 368 1509 1510 1511
608 9 2 10 12 261 518 357 1014 1512 652
609 9 2 10 12 241 493 350 986 1513 1333
610 9 2 10 12 310 471 462 764 1495 713
611 9 2 10 12 319 589 532 1514 1338 1413
612 9 2 10 12 320 533 590 1412 1340 1515
613 9 2 10 12 238 353 520 1516 1493 1517
614 9 2 10 12 270 493 346 1518 985 1481
615 9 2 10 12 230 440 369 1396 1462 1519
616 9 2 10 12 230 369 441 1519 1461 735
617 9 2 10 12 324 528 468 1520 1521 727
618 9 2 10 12 266 578 356 1522 1523 1524
619 9 2 10 12 258 405 563 1525 1526 1489
620 9 2 10 12 259 564 404 1492 1527 1528
621 9 2 10 12 297 527 426 1529 1236 1358
622 9 2 10 12 220 351 549 651 807 1530
623 9 2 10 12 330 400 565 1072 1531 1263
624 9 2 10 12 90 347 483 1182 1472 1435
625 9 2 10 12 91 484 347 1438 1473 1181
626 9 2 10 12 16 17 413 31 642 1532
627 9 2 10 12 415 545 561 1533 1534 1535
628 9 2 10 12 249 497 367 1536 1537 925
629 9 2 10 12 257 470 409 1193 1538 1479
630 9 2 10 12 265 468 528 1539 1521 1540
631 9 2 10 12 243 357 518 1505 1512 1541
632 9 2 10 12 266 356 485 1524 1542 1009
633 9 2 10 12 224 350 546 869 1543 1544
634 9 2 10 12 249 595 364 1421 1545 829
635 9 2 10 12 250 365 596 1052 1487 1422
636 9 2 10 12 229 416 528 1546 1547 1548
637 9 2 10 12 294 545 415 1253 1533 1113
638 9 2 10 12 235 524 458 1549 1194 1033
639 9 2 10 12 177 592 371 1550 1488 1551
640 9 2 10 12 238 478 353 1552 1553 1516
641 9 2 10 12 265 412 468 1554 852 1539
642 9 2 10 12 57 368 571 1511 927 1555
643 9 2 10 12 104 570 367 1556 926 1506
644 9 2 10 12 235 485 356 1034 1542 715
645 9 2 10 12 155 156 530 170 1557 880
646 9 2 10 12 9 207 439 210 1558 1151
647 9 2 10 12 270 546 493 1559 1560 1518
648 9 2 10 12 246 366 517 1561 1562 1441
649 9 2 10 12 325 489 394 1211 1563 1053
650 9 2 10 12 326 395 488 1056 1564 1213
651 9 2 10 12 302 445 419 1565 1566 1567
652 9 2 10 12 224 354 473 1568 861 723
653 9 2 10 12 334 478 449 1158 1569 1280
654 9 2 10 12 293 554 351 1570 601 668
655 9 2 10 12 253 392 450 808 1432 1186
656 9 2 10 12 247 360 526 835 1571 1060
657 9 2 10 12 248 527 361 1237 1572 836
658 9 2 10 12 409 581 467 1573 1574 1480
659 9 2 10 12 274 353 478 1337 1553 1157
660 9 2 10 12 222 580 450 1244 1575 1344
661 9 2 10 12 5 383 464 1071 1576 1577
662 9 2 10 12 228 363 502 1315 1578 1001
663 9 2 10 12 45 46 584 70 1579 1580
664 9 2 10 12 115 116 585 140 1581 1582
665 9 2 10 12 116 390 585 1583 1584 1581
666 9 2 10 12 45 584 391 1580 1585 1586
667 9 2 10 12 233 378 460 634 1587 1588
668 9 2 10 12 283 367 497 1589 1537 1590
669 9 2 10 12 275 419 445 1591 1566 1592
670 9 2 10 12 229 528 442 1548 1593 1046
671 9 2 10 12 302 419 569 1567 1319 1594
672 9 2 10 12 275 573 480 1595 1596 1597
673 9 2 10 12 292 522 381 1352 1598 1398
674 9 2 10 12 275 480 432 1597 987 1599
675 9 2 10 12 350 493 546 1513 1560 1543
676 9 2 10 12 336 450 580 1220 1575 1600
677 9 2 10 12 282 358 506 782 1150 1117
678 9 2 10 12 224 546 354 1544 1601 1568
679 9 2 10 12 277 502 363 608 1578 1602
680 9 2 10 12 21 559 393 1603 1604 1387
681 9 2 10 12 288 466 553 1289 1605 1477
682 9 2 10 12 287 356 598 744 1606 1607
683 9 2 10 12 5 464 121 1577 1408 146
684 9 2 10 12 54 55 435 79 804 1130
685 9 2 10 12 106 107 434 131 1131 799
686 9 2 10 12 296 390 452 1608 1609 1610
687 9 2 10 12 297 453 391 1360 1611 1612
688 9 2 10 12 103 104 496 128 1508 945
689 9 2 10 12 57 58 495 82 948 1509
690 9 2 10 12 277 492 375 1613 1614 609
691 9 2 10 12 223 511 365 1453 1486 787
692 9 2 10 12 261 364 595 654 1545 771
693 9 2 10 12 276 517 366 1615 1562 1616
694 9 2 10 12 44 45 505 69 1617 1618
695 9 2 10 12 116 117 504 141 1619 1620
696 9 2 10 12 208 209 510 212 1621 1300
697 9 2 10 12 260 460 378 890 1587 1443
698 9 2 10 12 219 375 492 1622 1614 1623
699 9 2 10 12 10 436 209 1224 1624 213
700 9 2 10 12 229 507 359 1172 958 1625
701 9 2 10 12 265 374 542 1407 1626 1627
702 9 2 10 12 276 366 560 1616 1628 1629
703 9 2 10 12 153 381 522 1390 1598 1630
704 9 2 10 12 313 555 376 1036 1349 914
705 9 2 10 12 267 379 458 1631 1451 1146
706 9 2 10 12 2 40 437 64 1370 1632
707 9 2 10 12 277 363 524 1602 1195 1633
708 9 2 10 12 15 513 377 1634 1635 694
709 9 2 10 12 327 480 573 748 1596 1636
710 9 2 10 12 46 47 443 71 1419 1637
711 9 2 10 12 114 115 444 139 1638 1416
712 9 2 10 12 156 362 530 1276 693 1557
713 9 2 10 12 224 523 417 841 1639 868
714 9 2 10 12 56 57 571 81 1555 1440
715 9 2 10 12 104 105 570 129 1439 1556
716 9 2 10 12 232 438 593 1640 1641 1642
717 9 2 10 12 45 391 505 1586 1643 1617
718 9 2 10 12 116 504 390 1620 1644 1583
719 9 2 10 12 245 525 359 1382 1645 1160
720 9 2 10 12 264 383 451 1646 1445 1126
721 9 2 10 12 268 439 509 1165 1647 1254
722 9 2 10 12 252 551 421 1648 1649 1216
723 9 2 10 12 343 512 425 1361 1650 1347
724 9 2 10 12 229 359 552 1625 1651 1652
725 9 2 10 12 278 469 556 1494 1653 1002
726 9 2 10 12 177 371 553 1551 1478 1654
727 9 2 10 12 119 120 454 144 1284 820
728 9 2 10 12 41 42 455 66 823 1410
729 9 2 10 12 271 375 487 1231 1655 1656
730 9 2 10 12 409 470 587 1538 1657 1658
731 9 2 10 12 18 19 482 33 1470 1659
732 9 2 10 12 284 368 495 746 1510 1335
733 9 2 10 12 283 496 367 1336 1507 1589
734 9 2 10 12 438 566 593 1660 1661 1641
735 9 2 10 12 280 452 390 759 1609 1662
736 9 2 10 12 281 391 453 1663 1611 760
737 9 2 10 12 267 586 379 1664 1665 1631
738 9 2 10 12 272 382 476 1229 1666 1667
739 9 2 10 12 246 529 366 1024 826 1561
740 9 2 10 12 264 464 383 1428 1576 1646
741 9 2 10 12 15 16 513 30 1668 1634
742 9 2 10 12 273 501 370 1141 1669 1111
743 9 2 10 12 159 160 542 174 1670 1671
744 9 2 10 12 22 23 586 37 1672 1673
745 9 2 10 12 228 560 366 708 1628 876
746 9 2 10 12 7 456 176 1104 1004 182
747 9 2 10 12 219 487 375 1674 1655 1622
748 9 2 10 12 269 429 457 1675 825 1364
749 9 2 10 12 226 476 382 1110 1666 1059
750 9 2 10 12 13 14 569 28 1676 1318
751 9 2 10 12 207 208 509 211 1343 1677
752 9 2 10 12 345 433 511 1397 1678 1452
753 9 2 10 12 227 370 534 1098 1679 1464
754 9 2 10 12 312 481 516 979 1680 1681
755 9 2 10 12 266 399 578 1233 1682 1522
756 9 2 10 12 14 387 569 677 1683 1676
757 9 2 10 12 295 393 559 1498 1604 1684
758 9 2 10 12 333 521 520 1485 1685 1099
759 9 2 10 12 249 376 497 915 1686 1536
760 9 2 10 12 150 425 558 1450 1687 1367
761 9 2 10 12 160 412 542 742 1688 1670
762 9 2 10 12 339 487 567 1689 1690 1414
763 9 2 10 12 290 534 370 1497 1679 1691
764 9 2 10 12 219 567 487 1692 1690 1674
765 9 2 10 12 276 400 477 1693 931 1694
766 9 2 10 12 21 22 559 36 1695 1603
767 9 2 10 12 288 377 513 624 1635 1696
768 9 2 10 12 2 437 597 1632 1354 1697
769 9 2 10 12 100 101 539 125 1698 1091
770 9 2 10 12 60 61 538 85 1094 1699
771 9 2 10 12 274 510 436 1286 1700 1177
772 9 2 10 12 237 516 481 967 1680 1134
773 9 2 10 12 290 370 537 1691 1701 1702
774 9 2 10 12 265 542 412 1627 1688 1554
775 9 2 10 12 238 520 521 1517 1685 1466
776 9 2 10 12 234 568 506 1703 1316 1469
777 9 2 10 12 22 586 422 1673 1704 1705
778 9 2 10 12 225 572 376 1706 1707 1132
779 9 2 10 12 50 51 490 75 1708 853
780 9 2 10 12 110 111 491 135 858 1709
781 9 2 10 12 18 482 428 1659 1710 1223
782 9 2 10 12 159 542 374 1671 1626 1273
783 9 2 10 12 101 403 539 783 1711 1698
784 9 2 10 12 60 538 402 1699 1712 784
785 9 2 10 12 110 491 410 1709 790 1299
786 9 2 10 12 51 411 490 1298 791 1708
787 9 2 10 12 62 63 564 87 1713 1714
788 9 2 10 12 98 99 563 123 1715 1716
789 9 2 10 12 360 444 526 1417 1717 1571
790 9 2 10 12 361 527 443 1572 1718 1418
791 9 2 10 12 276 565 400 1719 1531 1693
792 9 2 10 12 275 577 419 1720 1721 1591
793 9 2 10 12 285 503 498 998 1183 1331
794 9 2 10 12 259 404 483 1528 1475 1471
795 9 2 10 12 258 484 405 1474 1476 1525
796 9 2 10 12 280 394 489 1722 1563 1723
797 9 2 10 12 281 488 395 1724 1564 1725
798 9 2 10 12 280 390 504 1662 1644 1726
799 9 2 10 12 281 505 391 1727 1643 1663
800 9 2 10 12 332 562 431 1386 1454 1201
801 9 2 10 12 276 418 565 1728 1729 1719
802 9 2 10 12 267 422 586 1272 1704 1664
803 9 2 10 12 157 158 500 172 1291 1434
804 9 2 10 12 178 579 179 1730 1731 185
805 9 2 10 12 231 380 519 1732 1108 1207
806 9 2 10 12 63 404 564 637 1527 1713
807 9 2 10 12 98 563 405 1716 1526 638
808 9 2 10 12 226 388 503 796 1184 975
809 9 2 10 12 239 406 489 1733 1734 1210
810 9 2 10 12 240 488 407 1214 1735 1081
811 9 2 10 12 251 575 387 1736 1737 1411
812 9 2 10 12 309 499 508 1246 1738 690
813 9 2 10 12 252 389 551 1026 1739 1648
814 9 2 10 12 231 573 445 1740 1741 1742
815 9 2 10 12 250 386 555 684 1350 1051
816 9 2 10 12 219 514 389 1743 1744 1745
817 9 2 10 12 255 557 403 1746 1747 1145
818 9 2 10 12 22 422 559 1705 1748 1695
819 9 2 10 12 23 379 586 1297 1665 1672
820 9 2 10 12 263 417 523 1197 1639 1749
821 9 2 10 12 277 408 492 1750 1310 1613
822 9 2 10 12 275 432 577 1599 1751 1720
823 9 2 10 12 280 489 406 1723 1734 757
824 9 2 10 12 281 407 488 762 1735 1724
825 9 2 10 12 282 567 389 1415 1752 1011
826 9 2 10 12 117 394 504 1402 1753 1619
827 9 2 10 12 44 505 395 1618 1754 1403
828 9 2 10 12 286 508 499 850 1738 1044
829 9 2 10 12 288 513 413 1696 1755 1287
830 9 2 10 12 280 504 394 1726 1753 1722
831 9 2 10 12 281 395 505 1725 1754 1727
832 9 2 10 12 308 568 446 1756 1757 1758
833 9 2 10 12 302 387 575 1759 1737 1760
834 9 2 10 12 262 511 433 1483 1678 906
835 9 2 10 12 231 465 573 1088 1761 1740
836 9 2 10 12 277 524 408 1633 1762 1750
837 9 2 10 12 152 153 522 167 1630 1388
838 9 2 10 12 11 12 577 26 1763 1764
839 9 2 10 12 48 49 547 73 1765 1321
840 9 2 10 12 112 113 548 137 1324 1766
841 9 2 10 12 251 380 575 1085 1767 1736
842 9 2 10 12 234 446 568 843 1757 1703
843 9 2 10 12 299 403 557 1768 1747 949
844 9 2 10 12 62 564 384 1714 1491 1077
845 9 2 10 12 99 385 563 1076 1490 1715
846 9 2 10 12 283 572 397 1769 1770 940
847 9 2 10 12 270 582 546 1468 1771 1559
848 9 2 10 12 269 428 482 1365 1710 1423
849 9 2 10 12 231 583 380 1772 1773 1732
850 9 2 10 12 314 556 576 1003 1503 1774
851 9 2 10 12 219 389 567 1745 1752 1692
852 9 2 10 12 254 532 544 1374 1775 1225
853 9 2 10 12 276 560 418 1629 648 1728
854 9 2 10 12 354 546 582 1601 1771 1420
855 9 2 10 12 16 413 513 1532 1755 1668
856 9 2 10 12 2 597 24 1697 1325 39
857 9 2 10 12 177 553 178 1654 1776 184
858 9 2 10 12 337 544 532 1279 1775 1168
859 9 2 10 12 239 554 406 603 1777 1733
860 9 2 10 12 235 408 524 717 1762 1549
861 9 2 10 12 225 397 572 1156 1770 1706
862 9 2 10 12 289 401 558 1167 1381 1778
863 9 2 10 12 229 552 416 1652 1779 1546
864 9 2 10 12 290 415 561 1780 1535 1781
865 9 2 10 12 269 479 429 1427 1431 1675
866 9 2 10 12 263 523 446 1749 1782 817
867 9 2 10 12 296 585 390 1783 1584 1608
868 9 2 10 12 297 391 584 1612 1585 1784
869 9 2 10 12 298 402 538 1121 1712 1375
870 9 2 10 12 299 539 403 1376 1711 1768
871 9 2 10 12 238 449 478 1329 1569 1552
872 9 2 10 12 289 425 512 1785 1650 1057
873 9 2 10 12 176 592 177 1005 1550 183
874 9 2 10 12 302 569 387 1594 1683 1759
875 9 2 10 12 290 537 415 1702 1786 1780
876 9 2 10 12 293 406 554 1787 1777 1570
877 9 2 10 12 227 578 399 1788 1682 1096
878 9 2 10 12 296 452 543 1610 1789 1204
879 9 2 10 12 240 415 537 1083 1786 1790
880 9 2 10 12 294 407 541 1114 768 1791
881 9 2 10 12 237 431 531 1136 1792 793
882 9 2 10 12 293 540 406 1793 765 1787
883 9 2 10 12 287 598 421 1607 1794 1795
884 9 2 10 12 338 517 477 1442 1796 1383
885 9 2 10 12 220 549 424 1530 1797 1798
886 9 2 10 12 265 528 416 1540 1547 1406
887 9 2 10 12 287 421 551 1795 1649 1799
888 9 2 10 12 276 477 517 1694 1796 1615
889 9 2 10 12 232 593 543 1642 1800 1801
890 9 2 10 12 291 416 552 1393 1779 1802
891 9 2 10 12 272 476 474 1667 1803 999
892 9 2 10 12 339 568 574 1317 1804 1805
893 9 2 10 12 290 561 424 1781 1806 983
894 9 2 10 12 311 447 515 874 1807 738
895 9 2 10 12 312 516 448 1681 1808 873
896 9 2 10 12 191 581 409 898 1573 1499
897 9 2 10 12 255 420 557 1282 968 1746
898 9 2 10 12 323 474 476 1219 1803 1109
899 9 2 10 12 192 409 587 1500 1658 883
900 9 2 10 12 227 421 598 1357 1794 1809
901 9 2 10 12 220 561 545 1810 1534 1811
902 9 2 10 12 244 565 418 1264 1729 892
903 9 2 10 12 219 492 514 1623 1309 1743
904 9 2 10 12 178 466 579 1812 1813 1730
905 9 2 10 12 285 424 549 1332 1797 729
906 9 2 10 12 352 543 593 934 1800 1458
907 9 2 10 12 11 577 432 1764 1751 972
908 9 2 10 12 207 509 439 1677 1647 1558
909 9 2 10 12 209 436 510 1624 1700 1621
910 9 2 10 12 233 460 541 1588 1814 1460
911 9 2 10 12 295 559 422 1684 1748 1257
912 9 2 10 12 308 574 568 1129 1804 1756
913 9 2 10 12 275 445 573 1592 1741 1595
914 9 2 10 12 286 531 431 1045 1792 912
915 9 2 10 12 321 470 550 1815 1816 1817
916 9 2 10 12 324 442 528 1143 1593 1520
917 9 2 10 12 289 558 425 1778 1687 1785
918 9 2 10 12 220 545 430 1811 1080 649
919 9 2 10 12 300 515 447 1341 1807 1818
920 9 2 10 12 301 448 516 1819 1808 1342
921 9 2 10 12 12 419 577 1248 1721 1763
922 9 2 10 12 220 424 561 1798 1806 1810
923 9 2 10 12 376 572 497 1707 1820 1686
924 9 2 10 12 308 446 523 1758 1782 840
925 9 2 10 12 296 526 444 1205 1717 1821
926 9 2 10 12 297 443 527 1822 1718 1529
927 9 2 10 12 178 553 466 1776 1605 1812
928 9 2 10 12 315 467 581 1430 1574 797
929 9 2 10 12 293 438 540 1449 1823 1793
930 9 2 10 12 307 550 470 1007 1816 1245
931 9 2 10 12 300 447 548 1818 1824 1385
932 9 2 10 12 301 547 448 1384 1825 1819
933 9 2 10 12 370 501 537 1669 1826 1701
934 9 2 10 12 112 548 447 1766 1824 1312
935 9 2 10 12 49 448 547 1311 1825 1765
936 9 2 10 12 240 537 501 1790 1826 1215
937 9 2 10 12 243 518 590 1541 1827 1339
938 9 2 10 12 294 541 460 1791 1814 1252
939 9 2 10 12 232 540 438 1456 1823 1640
940 9 2 10 12 297 584 443 1784 1828 1822
941 9 2 10 12 296 444 585 1821 1829 1783
942 9 2 10 12 321 587 470 1235 1657 1815
943 9 2 10 12 389 514 551 1744 1830 1739
944 9 2 10 12 329 590 518 1831 1827 1013
945 9 2 10 12 232 543 452 1801 1789 1455
946 9 2 10 12 260 566 438 1444 1660 1463
947 9 2 10 12 46 443 584 1637 1828 1579
948 9 2 10 12 115 585 444 1582 1829 1638
949 9 2 10 12 231 445 583 1742 1832 1772
950 9 2 10 12 179 579 457 1731 1833 824
951 9 2 10 12 194 556 469 1502 1653 1391
952 9 2 10 12 302 583 445 1834 1832 1565
953 9 2 10 12 283 497 572 1590 1820 1769
954 9 2 10 12 339 574 487 1805 1835 1689
955 9 2 10 12 303 457 579 1363 1833 1836
956 9 2 10 12 336 580 594 1600 1837 1137
957 9 2 10 12 327 573 465 1636 1761 1163
958 9 2 10 12 359 525 552 1645 1838 1651
959 9 2 10 12 287 551 514 1799 1830 1313
960 9 2 10 12 321 550 591 1817 1839 1840
961 9 2 10 12 305 594 580 1841 1837 1293
962 9 2 10 12 303 579 466 1836 1813 1292
963 9 2 10 12 291 552 525 1802 1838 921
964 9 2 10 12 245 591 550 1161 1839 687
965 9 2 10 12 271 487 574 1656 1835 1496
966 9 2 10 12 243 594 475 1199 1842 1504
967 9 2 10 12 304 593 566 1459 1661 1073
968 9 2 10 12 305 475 594 1371 1842 1841
969 9 2 10 12 227 598 578 1809 1843 1788
970 9 2 10 12 319 535 589 1030 1844 1514
971 9 2 10 12 320 590 536 1515 1845 1031
972 9 2 10 12 328 589 535 1103 1844 660
973 9 2 10 12 329 536 590 662 1845 1831
974 9 2 10 12 380 583 575 1773 1846 1767
975 9 2 10 12 302 575 583 1760 1846 1834
976 9 2 10 12 321 591 576 1840 1847 1234
977 9 2 10 12 314 576 591 1774 1847 1115
978 9 2 10 12 356 578 598 1523 1843 1606
$EndElements
