# vtk DataFile Version 3.0
    
ASCII
DATASET UNSTRUCTURED_GRID
POINTS 1375 float
0 0 0
5 0 0
5 1 0
0 1 0
0.6 0.49 0
0.8 0.49 0
0 0.7 0
0 0.3 0
0.2 0 0
0.4 0 0
0.6 0 0
0.8 0 0
1 0 0
1.2 0 0
1.4 0 0
1.6 0 0
1.8 0 0
2 0 0
2.2 0 0
2.4 0 0
2.6 0 0
2.8 0 0
3 0 0
3.2 0 0
3.4 0 0
3.6 0 0
3.8 0 0
4 0 0
4.2 0 0
4.4 0 0
4.6 0 0
4.8 0 0
0.1 0 0
0.3 0 0
0.5 0 0
0.7 0 0
0.9 0 0
1.1 0 0
1.3 0 0
1.5 0 0
1.7 0 0
1.9 0 0
2.1 0 0
2.3 0 0
2.5 0 0
2.7 0 0
2.9 0 0
3.1 0 0
3.3 0 0
3.5 0 0
3.7 0 0
3.9 0 0
4.1 0 0
4.3 0 0
4.5 0 0
4.7 0 0
4.9 0 0
5 0.2 0
5 0.4 0
5 0.6 0
5 0.8 0
5 0.1 0
5 0.3 0
5 0.5 0
5 0.7 0
5 0.9 0
4.8 1 0
4.6 1 0
4.4 1 0
4.2 1 0
4 1 0
3.8 1 0
3.6 1 0
3.4 1 0
3.2 1 0
3 1 0
2.8 1 0
2.6 1 0
2.4 1 0
2.2 1 0
2 1 0
1.8 1 0
1.6 1 0
1.4 1 0
1.2 1 0
1 1 0
0.8 1 0
0.6 1 0
0.4 1 0
0.2 1 0
4.9 1 0
4.7 1 0
4.5 1 0
4.3 1 0
4.1 1 0
3.9 1 0
3.7 1 0
3.5 1 0
3.3 1 0
3.1 1 0
2.9 1 0
2.7 1 0
2.5 1 0
2.3 1 0
2.1 1 0
1.9 1 0
1.7 1 0
1.5 1 0
1.3 1 0
1.1 1 0
0.9 1 0
0.7 1 0
0.5 1 0
0.3 1 0
0.1 1 0
0 0.891408 0
0 0.809235 0
0 0.747053 0
0 0.945704 0
0 0.850321 0
0 0.778144 0
0 0.723527 0
0.609903 0.446612 0
0.637651 0.411817 0
0.677748 0.392507 0
0.722252 0.392507 0
0.762349 0.411817 0
0.790097 0.446612 0
0.602507 0.467748 0
0.621817 0.427651 0
0.656612 0.399903 0
0.7 0.39 0
0.743388 0.399903 0
0.778183 0.427651 0
0.797493 0.467748 0
0.790097 0.533388 0
0.762349 0.568183 0
0.722252 0.587493 0
0.677748 0.587493 0
0.637651 0.568183 0
0.609903 0.533388 0
0.797493 0.512252 0
0.778183 0.552349 0
0.743388 0.580097 0
0.7 0.59 0
0.656612 0.580097 0
0.621817 0.552349 0
0.602507 0.512252 0
0 0.65 0
0 0.6 0
0 0.55 0
0 0.5 0
0 0.45 0
0 0.4 0
0 0.35 0
0 0.675 0
0 0.625 0
0 0.575 0
0 0.525 0
0 0.475 0
0 0.425 0
0 0.375 0
0 0.325 0
0 0.252947 0
0 0.190765 0
0 0.108592 0
0 0.276473 0
0 0.221856 0
0 0.149679 0
0 0.0542961 0
0.325509 0.681521 0
0.30442 0.325465 0
1.17326 0.620855 0
0.192833 0.475 0
0.489598 0.32221 0
0.405053 0.498935 0
0.494109 0.658261 0
0.97529 0.720376 0
1.03615 0.416287 0
0.161127 0.276473 0
0.176687 0.726844 0
1.66971 0.486985 0
4.4627 0.479939 0
3.90225 0.497513 0
3.3 0.5 0
2.71149 0.45291 0
2.18725 0.50827 0
0.136611 0.5943 0
0.689707 0.817555 0
0.607012 0.683091 0
0.945507 0.546035 0
0.602887 0.28998 0
0.834465 0.210781 0
0.499123 0.447401 0
0.113137 0.373255 0
1.33684 0.316333 0
0.79784 0.700512 0
0.278809 0.553085 0
0.130222 0.149368 0
0.287212 0.171246 0
0.130274 0.839638 0
0.274945 0.811466 0
0.885092 0.342394 0
0.510239 0.558808 0
0.215624 0.370916 0
0.306551 0.439381 0
0.0985335 0.468557 0
0.0871307 0.672502 0
0.406429 0.391008 0
3.6 0.66 0
4.18979 0.654778 0
3 0.34 0
1.04388 0.205771 0
0.432131 0.791424 0
1.46625 0.694413 0
3.60549 0.337985 0
4.19811 0.337412 0
3.00549 0.662015 0
0.858888 0.615839 0
0.70086 0.680801 0
0.7 0.301612 0
0.224116 0.640964 0
0.561567 0.371355 0
0.0788459 0.276473 0
2.44048 0.315714 0
2.44394 0.657688 0
0.40343 0.601646 0
0.0887705 0.781036 0
1.93131 0.705066 0
1.91671 0.296161 0
0.899088 0.445684 0
0.402426 0.217841 0
0.562436 0.596156 0
4.7125 0.2875 0
4.72955 0.697997 0
0.529394 0.204403 0
0.656385 0.159649 0
0.776972 0.325835 0
0.209938 0.559478 0
0.0747152 0.547028 0
1.58879 0.258302 0
0.554497 0.79908 0
1.15368 0.779827 0
0.249992 0.719393 0
0.253741 0.296379 0
2.70348 0.224622 0
3.9 0.76 0
3.30269 0.777701 0
3.3 0.24 0
3.9011 0.234644 0
2.70712 0.806433 0
4.43955 0.74791 0
4.46042 0.247917 0
1.69995 0.775778 0
2.17456 0.750606 0
2.18503 0.21579 0
0.0655935 0.623056 0
1.38924 0.50465 0
0.868714 0.528508 0
0.13698 0.525977 0
0.889065 0.848825 0
0.0504997 0.430011 0
0.0680655 0.325023 0
0.529347 0.495563 0
1.2067 0.449162 0
0.143814 0.430866 0
0.772372 0.640282 0
4.79824 0.508474 0
0.153127 0.65938 0
0.261739 0.486791 0
0.0486698 0.228872 0
0.119986 0.222606 0
0.33266 0.495461 0
0.825877 0.390295 0
0.631883 0.626042 0
0.393157 0.706259 0
0.15562 0.330761 0
0.633056 0.350988 0
0.468361 0.499104 0
0.555089 0.44445 0
0.23895 0.429954 0
0.388635 0.309595 0
0.277364 0.381991 0
1.04513 0.610328 0
0.0996084 0.0871163 0
0.0998847 0.909787 0
1.29592 0.728086 0
0.328639 0.612674 0
0.372006 0.44288 0
0.437598 0.444805 0
0.44144 0.556708 0
0.052441 0.724645 0
0.470824 0.389918 0
1.22558 0.173288 0
1.88211 0.488606 0
3.49998 0.179481 0
4.10044 0.177958 0
2.9119 0.826674 0
3.51295 0.496641 0
4.11039 0.495261 0
2.91486 0.495511 0
0.342567 0.38172 0
2.90746 0.182578 0
3.50733 0.817809 0
3.70059 0.817717 0
4.09869 0.815208 0
3.10061 0.18233 0
0.200571 0.203705 0
1.76712 0.181923 0
0.0436666 0.476884 0
2.3674 0.492241 0
0.111545 0.319094 0
0.568082 0.531882 0
3.6947 0.500157 0
4.27785 0.494778 0
3.10733 0.5 0
0.365005 0.553085 0
0.200264 0.794129 0
3.09996 0.819026 0
3.70487 0.180902 0
0.545391 0.720926 0
0.291771 0.255224 0
4.29106 0.174284 0
0.341059 0.762649 0
4.27483 0.824706 0
1.51589 0.422605 0
0.0390105 0.665867 0
1.43464 0.165941 0
0.593091 0.404743 0
1.13573 0.312744 0
0.0450767 0.37847 0
0.272828 0.608364 0
2.33592 0.831333 0
2.33592 0.168667 0
0.0427374 0.579052 0
2.51402 0.820909 0
2.51819 0.169964 0
0.814502 0.581313 0
0.205149 0.113481 0
1.10707 0.509467 0
0.0638029 0.161529 0
0.475155 0.602239 0
1.01884 0.823438 0
0.0361802 0.27862 0
0.184944 0.605041 0
0.83541 0.470078 0
2.84746 0.339124 0
3.44459 0.65043 0
4.04022 0.644552 0
0.0373078 0.525633 0
1.89826 0.865183 0
0.552204 0.656012 0
0.231126 0.887663 0
0.0389918 0.778864 0
0.0596535 0.834995 0
4.59806 0.834257 0
4.83292 0.167083 0
4.83292 0.832917 0
0.44575 0.111349 0
2.02606 0.167546 0
0.142493 0.775357 0
0.994377 0.316464 0
0.549791 0.316703 0
1.47737 0.856593 0
2.52785 0.470791 0
0.163417 0.387177 0
3.75951 0.647077 0
3.16159 0.352466 0
0.144962 0.475342 0
1.76489 0.342395 0
0.71015 0.621325 0
0.107145 0.630531 0
0.116775 0.723294 0
0.195742 0.683764 0
3.44368 0.350821 0
4.04246 0.348558 0
2.808 0.64559 0
2.61873 0.642387 0
0.498838 0.891944 0
1.75873 0.619984 0
0.711349 0.35548 0
4.60263 0.164732 0
3.16309 0.651748 0
3.76168 0.350241 0
1.62013 0.626785 0
1.27022 0.880336 0
2.03023 0.562739 0
0.924312 0.12518 0
2.30182 0.648028 0
2.27903 0.358484 0
2.07631 0.377284 0
4.6232 0.434625 0
4.56666 0.640269 0
0.530698 0.405335 0
0.372942 0.648152 0
1.07324 0.710965 0
0.434679 0.656035 0
0.0933451 0.416934 0
0.639348 0.740508 0
0.5999 0.571343 0
2.04533 0.861215 0
4.87214 0.687877 0
4.86873 0.312611 0
0.730261 0.223726 0
0.276144 0.656057 0
0.471605 0.720505 0
0.79398 0.790229 0
0.20779 0.312558 0
0.875186 0.716917 0
0.255236 0.338476 0
0.187427 0.4296 0
0.938068 0.633976 0
0.216535 0.516332 0
0.825145 0.520028 0
0.520496 0.361104 0
0.454176 0.269707 0
0.520035 0.272826 0
0.439652 0.341131 0
0.168902 0.561828 0
4.33803 0.346866 0
0.0288977 0.625 0
0.363017 0.857524 0
0.217969 0.267003 0
0.0782407 0.508816 0
0.0939638 0.583324 0
0.643786 0.235874 0
0.972352 0.465576 0
1.02339 0.515701 0
0.953605 0.390985 0
0.119986 0.278764 0
0.757165 0.110122 0
0.618457 0.88232 0
0.30924 0.0764247 0
1.52475 0.549852 0
1.8973 0.120523 0
0.936425 0.240118 0
4.34322 0.640075 0
0.0287768 0.326016 0
0.234127 0.593386 0
0.758064 0.369429 0
1.10325 0.912097 0
0.733419 0.743173 0
1.30296 0.606718 0
0.56429 0.111875 0
0.518829 0.614295 0
0.756061 0.602718 0
0.731868 0.889821 0
1.10822 0.100477 0
2.5803 0.3268 0
0.566923 0.477697 0
0.424088 0.164595 0
0.344819 0.194544 0
0.366481 0.141298 0
1.68356 0.0909616 0
1.67795 0.220113 0
1.59439 0.129151 0
3.85 0.88 0
3.95 0.88 0
3.25135 0.88885 0
3.35135 0.88885 0
2.75174 0.112311 0
2.65174 0.112311 0
2.65356 0.903217 0
2.75356 0.903217 0
3.35 0.12 0
3.25 0.12 0
3.95055 0.117322 0
3.85055 0.117322 0
0.588992 0.532635 0
0.584041 0.510941 0
0.244373 0.556281 0
0.213236 0.537905 0
0.247672 0.534709 0
1.46281 0.287318 0
1.55234 0.340454 0
1.42636 0.369469 0
0.567502 0.50479 0
0.583462 0.483849 0
0.555679 0.344029 0
0.591423 0.333846 0
0.597311 0.361172 0
0.315563 0.943831 0
0.297071 0.872594 0
0.381508 0.928762 0
0.235855 0.281691 0
0.25487 0.261114 0
0.272756 0.275802 0
0.176758 0.521155 0
0.192719 0.53908 0
0.152941 0.543902 0
1.38574 0.241137 0
1.51171 0.212121 0
0.613073 0.377866 0
0.577329 0.388049 0
1.16347 0.700341 0
1.11346 0.745396 0
1.12325 0.66591 0
0.346527 0.31753 0
0.365601 0.345657 0
0.323494 0.353592 0
0.204684 0.495666 0
0.164906 0.500489 0
4.69903 0.917128 0
4.71549 0.833587 0
4.81646 0.916458 0
4.66785 0.361063 0
4.54181 0.341271 0
4.58646 0.267708 0
4.46156 0.363928 0
4.54295 0.457282 0
1.38665 0.792339 0
1.3738 0.868464 0
1.28307 0.804211 0
0.794113 0.401056 0
0.807987 0.418453 0
4.64811 0.669133 0
4.68245 0.574371 0
4.76389 0.603235 0
4.59493 0.537447 0
4.71072 0.471549 0
0.318981 0.834495 0
0.253036 0.849565 0
4.50131 0.0823662 0
4.53152 0.206325 0
4.43021 0.123958 0
1.51732 0.0829703 0
0.374498 0.386364 0
0.397532 0.350301 0
0.508498 0.720716 0
0.549944 0.760003 0
0.513051 0.759793 0
4.59903 0.917128 0
1.64997 0.887889 0
1.74997 0.887889 0
0.298095 0.290345 0
0.340203 0.28241 0
0.256468 0.573236 0
0.222032 0.576432 0
4.41978 0.873955 0
4.5188 0.791084 0
4.49903 0.917128 0
1.47181 0.775503 0
1.38109 0.71125 0
0.319606 0.467421 0
0.2972 0.491126 0
0.284145 0.463086 0
0.566141 0.247192 0
0.58659 0.220139 0
0.623336 0.262927 0
1.18998 0.535008 0
1.25483 0.52794 0
1.23811 0.613787 0
1.41732 0.0829703 0
1.33011 0.169614 0
1.31279 0.0866439 0
0.18942 0.560653 0
0.859778 0.276587 0
0.831032 0.334115 0
0.805718 0.268308 0
0.0252498 0.415005 0
0.0252498 0.440005 0
1.23459 0.67447 0
1.2248 0.753956 0
0.270274 0.519938 0
0.305735 0.524273 0
1.5928 0.454795 0
1.62925 0.372644 0
0.246171 0.229465 0
0.20927 0.235354 0
0.932178 0.7846 0
0.882126 0.782871 0
0.925238 0.718647 0
1.36304 0.410492 0
1.29797 0.476906 0
1.27177 0.382747 0
0.239137 0.501562 0
0.321907 0.553085 0
0.346822 0.58288 0
0.303724 0.58288 0
0.105848 0.536502 0
0.115472 0.554651 0
0.0843395 0.565176 0
0.0477882 0.404241 0
0.0692109 0.397702 0
0.0719224 0.423472 0
0.514235 0.471482 0
0.498854 0.497333 0
0.483742 0.473252 0
0.0630706 0.669185 0
0.052302 0.644462 0
0.0763621 0.647779 0
0.597159 0.611099 0
0.592043 0.641027 0
0.55732 0.626084 0
0.103241 0.395094 0
0.0791067 0.375863 0
0.348833 0.524273 0
3.44999 0.0897403 0
3.39999 0.20974 0
4.05022 0.0889789 0
4.00077 0.206301 0
2.80951 0.816553 0
2.85595 0.913337 0
0.62318 0.7118 0
0.59237 0.730717 0
0.576202 0.702008 0
4.81646 0.0835417 0
4.71777 0.165908 0
4.70131 0.0823662 0
2.19251 0.107895 0
2.10555 0.191668 0
2.11303 0.083773 0
1.17122 0.380953 0
1.23629 0.314539 0
2.85373 0.091289 0
2.80547 0.2036 0
3.7503 0.908858 0
3.8003 0.788858 0
3.99934 0.787604 0
4.04934 0.907604 0
3.40501 0.797755 0
3.45366 0.908905 0
3.2003 0.211165 0
3.1503 0.0911648 0
1.78356 0.0909616 0
1.21279 0.0866439 0
0.137803 0.304763 0
0.133583 0.324928 0
0.115766 0.298929 0
1.67684 0.300349 0
1.7173 0.41469 0
4.60131 0.0823662 0
1.5831 0.735096 0
1.58866 0.816186 0
3.90167 0.366079 0
3.97178 0.291601 0
3.97235 0.423036 0
3.3 0.37 0
3.37184 0.295411 0
3.37184 0.425411 0
2.61083 0.197293 0
2.55909 0.0849821 0
2.55701 0.910455 0
2.61057 0.813671 0
3.23155 0.575874 0
3.30135 0.63885 0
3.23289 0.714725 0
3.83196 0.423877 0
3.83139 0.292442 0
3.14998 0.909513 0
3.20133 0.798363 0
3.80298 0.207773 0
3.75243 0.0904512 0
0.615371 0.40828 0
0.635353 0.381403 0
4.65756 0.226116 0
3.23079 0.426233 0
3.23079 0.296233 0
3.90112 0.628757 0
3.82975 0.703539 0
3.83088 0.572295 0
0.0764779 0.527922 0
0.107611 0.517396 0
2.64189 0.275711 0
2.70749 0.338766 0
2.6459 0.389855 0
2.77547 0.281873 0
2.77948 0.396017 0
3.3723 0.575215 0
3.37364 0.714065 0
3.97124 0.571033 0
3.97011 0.702276 0
1.98077 0.633902 0
2.1024 0.656672 0
2.05294 0.727836 0
2.18091 0.629438 0
2.10874 0.535504 0
4.33741 0.912353 0
4.35719 0.786308 0
0.115288 0.588812 0
0.136796 0.560139 0
1.54319 0.660599 0
1.66004 0.701282 0
0.117757 0.497267 0
0.0883871 0.488686 0
0.654815 0.606767 0
0.634767 0.597113 0
0.655402 0.371748 0
0.186214 0.705304 0
0.222867 0.701579 0
0.21334 0.723118 0
0.0734557 0.300748 0
0.0521228 0.301822 0
0.057513 0.277547 0
0.0339541 0.645434 0
0.0472456 0.624028 0
0.0565711 0.351747 0
0.0906011 0.349139 0
1.45256 0.463628 0
0.561461 0.281403 0
0.524715 0.238614 0
0.4893 0.528956 0
0.519793 0.527185 0
2.26796 0.0843334 0
2.26048 0.192229 0
2.18728 0.875303 0
2.25524 0.79097 0
2.26796 0.915667 0
0.451868 0.755965 0
0.493314 0.795252 0
4.37574 0.211101 0
4.34553 0.0871422 0
4.40036 0.413402 0
4.39922 0.297391 0
0.209929 0.662364 0
0.237054 0.680179 0
0.615891 0.598692 0
0.618775 0.569763 0
1.18066 0.243016 0
1.28121 0.24481 0
1.3461 0.555684 0
1.53869 0.928297 0
0.140971 0.50066 0
0.168897 0.475171 0
0.250344 0.458373 0
0.27275 0.434668 0
0.120129 0.665941 0
0.134951 0.691337 0
0.101953 0.697898 0
4.89912 0.554237 0
4.89912 0.454237 0
3.65243 0.0904512 0
3.60242 0.180192 0
3.54999 0.0897403 0
2.95595 0.913337 0
3.00593 0.82285 0
3.04998 0.909513 0
1.79911 0.820481 0
1.84913 0.932592 0
1.91479 0.785125 0
1.81563 0.740422 0
0.359333 0.69389 0
0.367108 0.734454 0
0.333284 0.722085 0
0.0484211 0.32552 0
0.0324785 0.302318 0
2.24454 0.578149 0
2.23819 0.699317 0
0.548135 0.48663 0
0.548714 0.513723 0
0.347099 0.236533 0
0.289492 0.213235 0
0.619447 0.654567 0
0.666371 0.653422 0
0.653936 0.681946 0
0.158374 0.303617 0
0.140557 0.277619 0
2.40567 0.574965 0
2.44762 0.481516 0
2.48589 0.564239 0
2.10995 0.80591 0
1.98832 0.78314 0
2.12267 0.930607 0
0.263068 0.687725 0
0.25013 0.64851 0
0.836513 0.708715 0
0.834583 0.753573 0
0.79591 0.745371 0
0.53916 0.545345 0
0.565259 0.564019 0
0.536338 0.577482 0
2.57329 0.556589 0
2.53134 0.650037 0
0.74935 0.690656 0
0.736616 0.660541 0
0.785106 0.670397 0
0.279828 0.33197 0
0.254489 0.317428 0
0.27908 0.310922 0
0.581168 0.583749 0
0.902197 0.580937 0
0.863801 0.572173 0
0.90711 0.537272 0
0.215891 0.452477 0
0.227286 0.480896 0
0.0470831 0.453448 0
0.0218333 0.463442 0
1.72934 0.697881 0
1.84502 0.662525 0
0.527106 0.445926 0
0.542218 0.470006 0
1.12142 0.432725 0
1.15689 0.479314 0
1.07161 0.462877 0
0.225128 0.756761 0
0.188475 0.760486 0
0.542893 0.424893 0
0.561894 0.405039 0
0.57409 0.424596 0
0.368857 0.497198 0
0.352333 0.469171 0
0.38853 0.470908 0
3.0503 0.0911648 0
3.00403 0.182454 0
2.95373 0.091289 0
3.55366 0.908905 0
3.60396 0.817763 0
3.6503 0.908858 0
0.339279 0.441131 0
0.215563 0.943831 0
0.883901 0.487096 0
0.922297 0.49586 0
0.258157 0.405973 0
0.291958 0.410686 0
0.0562363 0.195201 0
0.0918946 0.192068 0
0.0843281 0.225739 0
0.582496 0.445531 0
0.601497 0.425677 0
2.75975 0.54925 0
2.71337 0.643989 0
2.66511 0.547648 0
0.188622 0.650172 0
0.169036 0.63221 0
0.20453 0.623003 0
0.377495 0.0938867 0
0.298226 0.123836 0
0.651444 0.295796 0
0.666528 0.3263 0
0.617971 0.320484 0
0.146731 0.725069 0
0.164907 0.693112 0
0.436707 0.49902 0
0.4549 0.527906 0
0.423247 0.527822 0
0.693949 0.604409 0
0.671016 0.623684 0
0.760207 0.390623 0
0.791971 0.379862 0
0.403222 0.554896 0
0.385029 0.52601 0
0.576339 0.303342 0
2.01303 0.083773 0
0.287751 0.700457 0
0.300827 0.668789 0
0.830644 0.430187 0
0.812754 0.458345 0
4.78123 0.765457 0
4.6638 0.766127 0
0.0243349 0.209819 0
0.0243349 0.24091 0
0.0951955 0.297784 0
0.0898053 0.322059 0
0.0225384 0.389235 0
3.55273 0.258733 0
3.65518 0.259444 0
3.05272 0.74052 0
2.95869 0.744344 0
0.138277 0.380216 0
0.153616 0.409022 0
0.128475 0.40206 0
0.422435 0.579177 0
0.458297 0.579474 0
0.439292 0.601943 0
0.672202 0.353234 0
0.694548 0.373994 0
0.841523 0.819527 0
2.66293 0.72441 0
2.75756 0.726012 0
0.112341 0.346175 0
0.275819 0.580725 0
0.253478 0.600875 0
0.0711 0.472721 0
0.0745166 0.449284 0
0.540632 0.605226 0
0.514534 0.586552 0
0.452979 0.471954 0
0.46836 0.446103 0
4.91646 0.183542 0
4.91646 0.0835417 0
4.91646 0.916458 0
4.91646 0.816458 0
1.08594 0.364516 0
0.404802 0.443842 0
0.421326 0.47187 0
0.084608 0.72397 0
0.0697859 0.698574 0
0.246494 0.376454 0
0.227287 0.400435 0
0.596923 0.769794 0
0.715131 0.262669 0
0.753616 0.274781 0
0.738486 0.313724 0
2.95373 0.261289 0
3.0503 0.261165 0
3.6503 0.738858 0
3.55366 0.738905 0
0.074212 0.808015 0
0.0493227 0.806929 0
0.0638812 0.77995 0
1.14017 0.565161 0
0.174434 0.671572 0
0.622102 0.808317 0
0.664527 0.779031 0
0.395531 0.263718 0
0.302392 0.634365 0
0.274486 0.63221 0
0.300734 0.610519 0
0.855485 0.366345 0
0.801425 0.358065 0
0.705505 0.651063 0
0.59289 0.182026 0
0.650085 0.197761 0
0.121748 0.47195 0
0.579608 0.669552 0
0.81563 0.62806 0
0.828364 0.658175 0
1.05918 0.660646 0
1.10919 0.615592 0
0.295526 0.741021 0
0.160778 0.599671 0
0.144869 0.62684 0
0.0959393 0.442746 0
0.11858 0.4239 0
0.121174 0.449711 0
1.33511 0.940168 0
1.43869 0.928297 0
0.0262205 0.712323 0
0.0262205 0.735849 0
0.0863691 0.626793 0
0.0971378 0.651516 0
0.475839 0.557758 0
0.140557 0.24954 0
0.160279 0.213155 0
0.180849 0.240089 0
0.46591 0.211122 0
0.491785 0.237055 0
0.428301 0.243774 0
0.588413 0.462154 0
0.561006 0.461073 0
0.134379 0.352008 0
0.159519 0.358969 0
0.534913 0.294765 0
0.349226 0.664836 0
0.383049 0.677205 0
0.152757 0.578064 0
1.38461 0.650566 0
1.42775 0.599532 0
0.327074 0.647097 0
0.309966 0.381855 0
0.290892 0.353728 0
0.366034 0.60716 0
0.384217 0.577365 0
1.99651 0.336723 0
1.97921 0.432945 0
1.89941 0.392383 0
0.0637578 0.252673 0
0.0994161 0.24954 0
0.042425 0.253746 0
0.0180901 0.265783 0
0.546132 0.388345 0
0.582145 0.0559374 0
0.50502 0.111612 0
0.522875 0.0556744 0
2.05327 0.470011 0
1.95617 0.525672 0
4.15022 0.0889789 0
0.782363 0.217253 0
0.997067 0.771907 0
0.953954 0.836131 0
4.14934 0.907604 0
0.705674 0.328546 0
0.995316 0.578182 0
0.991597 0.622152 0
0.941787 0.590006 0
0.324559 0.41055 0
0.454211 0.417361 0
0.484974 0.41866 0
4.51468 0.560104 0
4.45494 0.640172 0
4.40296 0.560007 0
4.24553 0.0871422 0
4.19575 0.176121 0
0.357287 0.4123 0
0.213188 0.429777 0
0.201525 0.400258 0
2.36796 0.915667 0
2.42497 0.826121 0
2.45701 0.910455 0
2.45909 0.0849821 0
2.42705 0.169316 0
2.36796 0.0843334 0
0.795815 0.160451 0
0.840738 0.117651 0
0.879388 0.16798 0
0.586477 0.8407 0
0.558648 0.887132 0
0.526668 0.845512 0
0.144388 0.453104 0
0.130136 0.644955 0
0.422013 0.417906 0
0.389217 0.416944 0
3.55647 0.578321 0
3.60382 0.498399 0
3.64735 0.580079 0
2.96018 0.578763 0
3.0111 0.497755 0
3.05641 0.581007 0
4.15009 0.57502 0
4.19412 0.495019 0
4.23382 0.574778 0
4.23798 0.416095 0
4.15425 0.416336 0
3.65009 0.419071 0
3.55922 0.417313 0
3.05367 0.42 0
2.95743 0.417755 0
0.0949638 0.837316 0
0.109522 0.810337 0
4.83348 0.410542 0
4.93437 0.356306 0
4.79062 0.300056 0
4.75537 0.397987 0
4.93607 0.643939 0
4.83519 0.598175 0
4.80085 0.692937 0
4.23741 0.912353 0
0.0457258 0.695256 0
4.77271 0.227292 0
0.115632 0.778197 0
0.136384 0.807498 0
0.678582 0.0550609 0
0.706775 0.134885 0
0.628192 0.0798243 0
0.454917 0.629137 0
0.419054 0.62884 0
0.0143884 0.338008 0
0.0369267 0.352243 0
0.0225384 0.364235 0
0.844532 0.924412 0
0.944532 0.924412 0
0.0218333 0.488442 0
0.165621 0.430233 0
0.166194 0.452471 0
0.0298268 0.863201 0
0.0797691 0.872391 0
0.0499424 0.900597 0
0.121878 0.612415 0
4.14927 0.257685 0
4.24458 0.255848 0
0.0499424 0.954893 0
0.0498042 0.0435582 0
0.0498042 0.0978543 0
0.0298268 0.822115 0
0.741261 0.630804 0
0.733106 0.612022 0
0.764217 0.6215 0
0.841608 0.55491 0
0.819824 0.55067 0
0.846929 0.524268 0
0.830278 0.495053 0
0.852062 0.499293 0
0.793437 0.610797 0
0.836695 0.598576 0
0.8023 0.55735 0
0.788426 0.574748 0
0.785282 0.592015 0
0.759205 0.58545 0
0.237604 0.802797 0
0.262469 0.76543 0
0.243891 0.187475 0
0.19013 0.4523 0
0.807621 0.526708 0
2.81318 0.47421 0
2.86143 0.57055 0
4.07642 0.421909 0
4.00632 0.496387 0
3.47832 0.423731 0
3.40647 0.498321 0
0.35462 0.0382124 0
0.25462 0.0382124 0
0.0319014 0.135061 0
0.0319014 0.176147 0
1.457 0.527251 0
1.4955 0.622133 0
0.185622 0.350839 0
0.181705 0.321659 0
0.211707 0.341737 0
4.18676 0.819957 0
1.13473 0.189529 0
1.08981 0.259258 0
0.189548 0.271738 0
1.766 0.262159 0
0.414144 0.325363 0
0.42304 0.366069 0
0.465485 0.841684 0
0.0817056 0.124323 0
0.386595 0.777036 0
0.412644 0.748841 0
0.89209 0.394039 0
0.862483 0.41799 0
0.0194959 0.762959 0
0.0194959 0.794049 0
0.308002 0.787058 0
0.523157 0.657137 0
0.548798 0.688469 0
0.51975 0.689593 0
1.00942 0.911719 0
0.0195052 0.682934 0
0.0195052 0.657934 0
0.610338 0.135762 0
0.231513 0.325517 0
0.23543 0.354696 0
0.956679 0.677176 0
1.01021 0.665352 0
0.0457164 0.751755 0
0.817705 0.480039 0
0.812572 0.505014 0
0.422875 0.0556744 0
4.39139 0.693993 0
4.50311 0.69409 0
0.487572 0.157876 0
0.500761 0.397627 0
0.51491 0.426368 0
0.885445 0.225449 0
0.910758 0.291256 0
0.739157 0.595105 0
0.716201 0.604409 0
0.175422 0.408388 0
0.18952 0.379047 0
0.438626 0.390463 0
0.984447 0.530868 0
1.03426 0.563014 0
0.1807 0.863651 0
0.165505 0.898725 0
0.115079 0.874712 0
0.898478 0.624908 0
0.119986 0.250685 0
0.0994161 0.277619 0
0.717139 0.711987 0
0.765629 0.721842 0
3.7271 0.573617 0
3.79847 0.498835 0
3.20367 0.5 0
3.13446 0.426233 0
2.02267 0.930607 0
4.23231 0.739742 0
4.14424 0.734993 0
1.29944 0.667402 0
0.0706058 0.75284 0
0.102773 0.752165 0
0.867249 0.457881 0
2.88116 0.417317 0
3.47877 0.573536 0
4.07531 0.569906 0
0.0404872 0.501259 0
0.0186539 0.512816 0
2.56638 0.731648 0
2.47898 0.739298 0
0.767518 0.347632 0
0.734706 0.362454 0
0.74416 0.340658 0
1.97139 0.231853 0
2.05119 0.272415 0
2.13067 0.296537 0
0.114915 0.118242 0
0.152379 0.100298 0
0.167686 0.131424 0
0.962156 0.06259 0
0.862156 0.06259 0
0.670104 0.710655 0
0.778582 0.0550609 0
0.2663 0.360233 0
4.31454 0.260575 0
4.26807 0.342139 0
4.31053 0.567426 0
4.37027 0.487358 0
2.38993 0.744511 0
2.3882 0.24219 0
2.47933 0.242839 0
2.61967 0.46185 0
2.55407 0.398795 0
0.449419 0.945972 0
0.549419 0.945972 0
0.93572 0.45563 0
0.958929 0.505806 0
0.15959 0.751101 0
0.129634 0.749326 0
0.492697 0.580524 0
0.0213687 0.564526 0
0.0213687 0.589526 0
2.13178 0.442777 0
2.17767 0.367884 0
2.23314 0.433377 0
0.482857 0.689383 0
0.453142 0.68827 0
0.464394 0.657148 0
2.92373 0.339562 0
2.87746 0.260851 0
4.06946 0.72988 0
3.47596 0.73412 0
4.11501 0.649665 0
3.5223 0.655215 0
0.665934 0.944911 0
0.765934 0.944911 0
0.0180901 0.28931 0
0.496992 0.608267 0
2.23203 0.287137 0
0.604902 0.552366 0
0.583991 0.551613 0
1.84192 0.239042 0
1.83221 0.151223 0
1.90701 0.208342 0
0.7168 0.373994 0
0.984095 0.165476 0
1.01627 0.112828 0
1.07605 0.153124 0
0.740158 0.380968 0
2.31887 0.739681 0
2.37288 0.652858 0
2.30748 0.263576 0
2.35975 0.337099 0
1.23511 0.940168 0
3.13521 0.575874 0
3.72819 0.425199 0
3.52458 0.344403 0
3.47183 0.265151 0
4.12028 0.342985 0
4.07145 0.263258 0
2.85995 0.736132 0
2.90674 0.653803 0
0.165396 0.176536 0
0.125104 0.185987 0
0.0186539 0.537816 0
0.505047 0.341657 0
0.49566 0.375511 0
0.480211 0.356064 0
0.609228 0.94116 0
0.675163 0.886071 0
1.94913 0.932592 0
1.8235 0.415501 0
1.8408 0.319278 0
1.77591 0.487796 0
0.184458 0.294516 0
0.0970124 0.155449 0
0.0400226 0.552342 0
4.30794 0.420822 0
1.9718 0.863199 0
1.0761 0.559897 0
0.867037 0.666378 0
0.40381 0.652093 0
0.388186 0.624899 0
3.73005 0.732397 0
3.67975 0.653539 0
3.1311 0.267398 0
3.08079 0.346233 0
4.30902 0.73239 0
4.26651 0.647427 0
4.93437 0.256306 0
4.93607 0.743939 0
3.13153 0.735387 0
3.08429 0.656882 0
3.73327 0.265571 0
3.68358 0.344113 0
0.0541655 0.601054 0
0.0683506 0.581188 0
0.0797786 0.60319 0
0.171379 0.784743 0
0.165269 0.816884 0
0.0587263 0.56304 0
0.654082 0.849937 0
1.05163 0.956049 0
1.15163 0.956049 0
1.02427 0.71567 0
0.0144489 0.6375 0
1.01526 0.366376 0
1.06506 0.314604 0
0.671893 0.268743 0
0.546842 0.158139 0
0.397574 0.824474 0
0.352038 0.810087 0
0.0143884 0.313008 0
1.82042 0.554295 0
1.71422 0.553485 0
1.90671 0.596836 0
2.48416 0.393252 0
2.40394 0.403977 0
1.21195 0.830081 0
0.0358176 0.602026 0
0.0144489 0.6125 0
1.18674 0.896216 0
1.12847 0.845962 0
1.15411 0.0502384 0
1.05411 0.0502384 0
2.32322 0.425363 0
2.27733 0.500256 0
2.33461 0.570135 0
0.0560115 0.53633 0
0.35079 0.630413 0
0.455238 0.365524 0
0.464625 0.33167 0
1.96168 0.144035 0
0.230766 0.304469 0
1.1669 0.136882 0
0.446914 0.305419 0
0.471887 0.295958 0
1.59723 0.518419 0
1.52032 0.486229 0
0.525597 0.38322 0
1.94865 0.0602615 0
1.84865 0.0602615 0
0.413918 0.681147 0
0.432381 0.713382 0
0.990152 0.222945 0
0.930368 0.182649 0
4.58236 0.737263 0
0.541031 0.36623 0
0.535143 0.338904 0
1.06105 0.867767 0
0.0609536 0.49285 0
0.0577743 0.517224 0
0.810467 0.869323 0
0.919348 0.36669 0
0.926346 0.418334 0
1.04604 0.767201 0
4.85082 0.239847 0
4.85253 0.760397 0
1.06523 0.512584 0
1.02977 0.465994 0
0.100554 0.606927 0
1.64492 0.556885 0
1.57244 0.588319 0
0.487105 0.271266 0
1.68943 0.623384 0
0.762924 0.840025 0
0.248472 0.624664 0
1.01913 0.261118 0
0.421405 0.289651 0
0.997869 0.490638 0
1.00425 0.440932 0
0.215695 0.840896 0
0.20286 0.158593 0
0.939734 0.329429 0
0.973991 0.353725 0
0.176923 0.583434 0
0.743713 0.166924 0
0.149942 0.954893 0
0.687023 0.2298 0
0.965401 0.278291 0
0.229121 0.617175 0
2.54924 0.248382 0
2.51039 0.321257 0
0.197441 0.582259 0
0.202575 0.0567403 0
0.149804 0.0435582 0
0.519695 0.319457 0
0.484632 0.63025 0
0.686383 0.74184 0
0.535516 0.635154 0
0.906627 0.675447 0
0.430927 0.874734 0
0.209535 0.599214 0
0.763699 0.766701 0
0.994875 0.403636 0
0.506469 0.636278 0
1.08626 0.801632 0
0.246181 0.142363 0
0.504817 0.297518 0
0.693323 0.191687 0
0.257195 0.0949527 0
0.962978 0.428281 0
0.741844 0.803892 0
0.710787 0.853688 0
0.711563 0.780364 0
0.21288 0.28978 0
CELLS 645 4515
6 358 231 199 450 451 452
6 15 308 240 453 454 455
6 70 71 246 95 456 457
6 73 74 247 98 458 459
6 20 21 245 45 460 461
6 76 77 250 101 462 463
6 23 24 248 48 464 465
6 26 27 249 51 466 467
6 4 140 312 147 468 469
6 197 238 412 470 471 472
6 195 240 325 473 474 475
6 4 312 449 469 476 477
6 222 362 277 478 479 480
6 88 352 421 481 482 483
6 244 422 321 484 485 486
6 259 412 418 487 488 489
6 195 327 240 490 491 473
6 222 277 328 480 492 493
6 172 242 395 494 495 496
6 171 281 301 497 498 499
6 173 412 259 500 487 501
6 66 355 357 502 503 504
6 233 391 252 505 506 507
6 182 252 391 508 506 509
6 286 363 385 510 511 512
6 126 273 127 513 514 133
6 234 392 267 515 516 517
6 267 392 391 516 518 519
6 201 421 352 520 482 521
6 29 381 252 522 523 524
6 15 240 327 455 491 525
6 208 301 281 526 498 527
6 405 320 241 528 529 530
6 66 67 355 91 531 502
6 81 82 253 106 532 533
6 171 321 281 534 535 497
6 197 438 238 536 537 470
6 68 251 355 538 539 540
6 214 363 286 541 510 542
6 205 272 269 543 544 545
6 191 235 425 546 547 548
6 172 264 442 549 550 551
6 14 327 293 552 553 554
6 238 418 412 555 488 471
6 192 202 237 556 557 558
6 152 153 261 160 559 560
6 172 286 242 561 562 494
6 197 269 272 563 544 564
6 181 325 240 565 474 566
6 307 321 422 567 485 568
6 177 260 408 569 570 571
6 195 257 264 572 573 574
6 197 412 269 472 575 563
6 197 316 287 576 577 578
6 239 259 424 579 580 581
6 261 330 397 582 583 584
6 193 263 278 585 586 587
6 207 326 256 588 589 590
6 232 274 351 591 592 593
6 194 397 330 594 583 595
6 197 272 316 564 596 576
6 24 295 248 597 598 464
6 27 296 249 599 600 466
6 76 250 297 463 601 602
6 189 398 320 603 604 605
6 31 356 381 606 607 608
6 18 255 359 609 610 611
6 195 264 329 574 612 613
6 21 302 245 614 615 460
6 71 304 246 616 617 456
6 70 246 305 457 618 619
6 73 247 303 459 620 621
6 23 248 306 465 622 623
6 15 16 308 40 624 453
6 13 14 293 38 554 625
6 429 276 311 626 627 628
6 181 240 369 566 629 630
6 29 30 381 54 631 522
6 214 253 363 632 633 541
6 183 249 375 634 635 636
6 184 248 374 637 638 639
6 20 245 336 461 640 641
6 77 335 250 642 643 462
6 382 184 247 644 645 646
6 183 383 249 647 648 634
6 74 318 247 649 650 458
6 26 249 319 467 651 652
6 123 328 277 653 492 654
6 233 252 381 507 523 655
6 184 367 248 656 657 637
6 183 246 366 658 659 660
6 239 423 259 661 662 579
6 448 245 185 663 664 665
6 245 346 185 666 667 664
6 247 184 347 645 668 669
6 183 348 246 670 671 658
6 228 386 254 672 673 674
6 186 254 386 675 673 676
6 68 324 251 677 678 538
6 187 424 259 679 580 680
6 214 384 253 681 682 632
6 206 259 423 683 662 684
6 138 274 139 685 686 145
6 123 277 124 654 687 130
6 180 373 243 688 689 690
6 223 262 343 691 692 693
6 256 326 420 589 694 695
6 30 31 381 55 608 631
6 194 330 262 595 696 697
6 195 325 257 475 698 572
6 191 416 235 699 700 546
6 203 278 263 701 586 702
6 18 333 255 703 704 609
6 79 254 332 705 706 707
6 213 405 241 708 530 709
6 29 252 322 524 710 711
6 182 419 252 712 713 508
6 243 373 221 689 714 715
6 139 274 399 686 716 717
6 195 329 293 613 718 719
6 257 442 264 720 550 573
6 82 363 253 721 633 532
6 67 68 355 92 540 531
6 173 259 368 501 722 723
6 205 269 280 545 724 725
6 207 268 372 726 727 728
6 58 59 267 63 729 730
6 25 319 295 731 732 733
6 75 297 318 734 735 736
6 81 253 350 533 737 738
6 228 350 253 739 737 740
6 170 275 323 741 742 743
6 262 437 343 744 745 692
6 186 388 254 746 747 675
6 263 449 312 748 476 749
6 199 231 321 451 750 751
6 189 274 219 752 753 754
6 179 276 429 755 626 756
6 225 310 364 757 758 759
6 228 254 400 674 760 761
6 79 400 254 762 760 705
6 404 243 221 763 715 764
6 196 408 406 765 766 767
6 203 312 232 768 769 770
6 225 364 377 759 771 772
6 196 219 266 773 774 775
6 171 409 244 776 777 778
6 232 399 274 779 716 591
6 190 218 258 780 781 782
6 173 280 269 783 724 784
6 152 261 309 560 785 786
6 228 253 379 740 787 788
6 193 279 263 789 790 585
6 178 264 339 791 792 793
6 180 243 317 690 794 795
6 279 393 328 796 797 798
6 175 272 288 799 800 801
6 22 306 302 802 803 804
6 72 303 304 805 806 807
6 205 288 272 808 800 543
6 89 352 88 809 481 113
6 190 258 230 782 810 811
6 205 280 282 725 812 813
6 270 340 271 814 815 816
6 122 279 328 817 798 818
6 185 376 377 819 820 821
6 221 268 344 822 823 824
6 432 358 199 825 452 826
6 191 220 277 827 828 829
6 180 372 268 830 727 831
6 14 15 327 39 525 552
6 175 278 290 832 833 834
6 138 370 274 835 836 685
6 126 439 273 837 838 513
6 175 290 316 834 839 840
6 191 277 362 829 479 841
6 17 18 359 42 611 842
6 170 243 404 843 763 844
6 171 244 321 778 486 534
6 127 273 345 514 845 846
6 234 357 355 847 503 848
6 163 164 270 167 849 850
6 195 293 327 719 553 490
6 223 311 262 851 852 691
6 153 330 261 853 582 559
6 215 295 319 854 732 855
6 217 318 297 856 735 857
6 194 365 265 858 859 860
6 226 290 341 861 862 863
6 124 277 380 687 864 865
6 260 406 408 866 766 570
6 250 377 376 867 820 868
6 194 262 311 697 852 869
6 197 331 438 870 871 536
6 206 309 261 872 785 873
6 203 232 444 770 874 875
6 193 278 289 587 876 877
6 1 57 356 61 878 879
6 1 356 31 879 606 56
6 2 66 357 90 504 880
6 2 357 60 880 881 65
6 178 329 264 882 612 791
6 175 288 289 801 883 884
6 207 372 291 728 885 886
6 204 282 280 887 812 888
6 241 320 398 529 604 889
6 220 403 237 890 891 892
6 211 302 306 893 803 894
6 209 304 303 895 806 896
6 227 354 353 897 898 899
6 172 339 264 900 792 549
6 221 373 268 714 901 822
6 188 241 398 902 889 903
6 231 281 321 904 535 750
6 287 404 331 905 906 907
6 202 273 237 908 909 557
6 219 274 370 753 836 910
6 235 236 425 911 912 547
6 206 368 259 913 722 683
6 189 351 274 914 592 752
6 196 266 218 775 915 916
6 172 395 283 496 917 918
6 170 323 243 743 919 843
6 187 344 268 920 823 921
6 206 397 265 922 923 924
6 83 385 363 925 511 926
6 6 291 117 927 928 121
6 207 256 371 590 929 930
6 175 289 278 884 876 832
6 203 290 278 931 833 701
6 179 271 307 932 933 934
6 231 235 415 935 936 937
6 122 449 279 938 939 817
6 194 276 365 940 941 858
6 191 362 416 841 942 699
6 170 394 275 943 944 741
6 187 259 418 680 489 945
6 214 442 257 946 720 947
6 206 261 397 873 584 922
6 175 316 272 840 596 799
6 170 404 287 844 905 948
6 171 301 282 499 949 950
6 226 287 316 951 577 952
6 229 390 294 953 954 955
6 223 270 271 956 816 957
6 163 270 343 850 958 959
6 222 328 393 493 797 960
6 194 311 276 869 627 940
6 10 443 358 961 962 963
6 294 390 386 954 964 965
6 194 265 397 860 923 594
6 24 25 295 49 733 597
6 27 28 296 52 966 599
6 75 76 297 100 602 734
6 192 237 403 558 891 967
6 177 342 260 968 969 569
6 21 22 302 46 804 614
6 69 70 305 94 619 970
6 71 72 304 96 807 616
6 72 73 303 97 621 805
6 22 23 306 47 623 802
6 220 380 277 971 864 828
6 190 283 411 972 973 974
6 205 282 301 813 949 975
6 193 289 292 877 976 977
6 182 392 436 978 979 980
6 28 322 296 981 982 966
6 205 301 288 975 983 808
6 204 280 410 888 984 985
6 74 75 318 99 736 649
6 25 26 319 50 652 731
6 78 332 335 986 987 988
6 19 336 333 989 990 991
6 192 430 387 992 993 994
6 241 431 378 995 996 997
6 226 316 290 952 839 861
6 4 449 122 477 938 128
6 206 265 368 924 998 913
6 207 371 268 930 999 726
6 18 19 333 43 991 703
6 78 79 332 103 707 986
6 208 289 288 1000 883 1001
6 209 298 313 1002 1003 1004
6 217 300 315 1005 1006 1007
6 210 299 314 1008 1009 1010
6 216 314 299 1011 1009 1012
6 215 313 298 1013 1003 1014
6 211 315 300 1015 1006 1016
6 200 354 227 1017 897 1018
6 58 267 402 730 1019 1020
6 233 402 267 1021 1019 1022
6 59 401 267 1023 1024 729
6 234 267 401 517 1024 1025
6 77 78 335 102 988 642
6 19 20 336 44 641 989
6 68 69 324 93 1026 677
6 207 291 326 886 1027 588
6 233 381 356 655 607 1028
6 200 227 360 1018 1029 1030
6 10 430 236 1031 1032 1033
6 226 341 396 863 1034 1035
6 154 437 330 1036 1037 1038
6 85 86 260 110 1039 1040
6 173 269 412 784 575 500
6 151 152 309 159 786 1041
6 265 410 368 1042 1043 998
6 203 263 312 702 749 768
6 115 354 285 1044 1045 1046
6 187 268 371 921 999 1047
6 216 296 322 1048 982 1049
6 3 115 285 118 1046 1050
6 0 284 165 1051 1052 169
6 115 116 354 119 1053 1044
6 266 370 445 1054 1055 1056
6 233 267 391 1022 519 505
6 258 337 413 1057 1058 1059
6 182 391 392 509 518 978
6 153 154 330 161 1038 853
6 223 343 270 693 958 956
6 258 413 345 1059 1060 1061
6 208 288 301 1001 983 526
6 218 266 337 915 1062 1063
6 135 337 136 1064 1065 142
6 136 337 445 1065 1066 1067
6 201 317 243 1068 794 1069
6 199 321 307 751 567 1070
6 410 173 368 1071 723 1043
6 135 413 337 1072 1058 1064
6 219 370 266 910 1054 774
6 185 300 376 1073 1074 819
6 183 375 299 636 1075 1076
6 184 374 298 639 1077 1078
6 8 9 432 33 1079 1080
6 164 165 340 168 1081 1082
6 214 257 433 947 1083 1084
6 204 276 407 1085 1086 1087
6 69 305 324 970 1088 1026
6 212 293 329 1089 718 1090
6 179 307 422 934 568 1091
6 240 308 369 454 1092 629
6 208 281 417 527 1093 1094
6 213 241 378 709 997 1095
6 218 337 258 1063 1057 781
6 165 284 340 1052 1096 1081
6 213 323 275 1097 742 1098
6 202 230 273 1099 1100 908
6 116 117 353 120 1101 1102
6 201 243 323 1069 919 1103
6 176 351 320 1104 1105 1106
6 85 260 342 1040 969 1107
6 6 326 291 1108 1027 927
6 6 148 326 155 1109 1108
6 10 236 443 1033 1110 961
6 204 407 409 1087 1111 1112
6 177 411 283 1113 973 1114
6 117 291 353 928 1115 1101
6 28 29 322 53 711 981
6 5 345 413 1116 1060 1117
6 9 10 358 34 963 1118
6 251 436 392 1119 979 1120
6 231 358 235 450 1121 935
6 193 292 393 977 1122 1123
6 122 328 123 818 653 129
6 197 287 331 578 907 870
6 5 127 345 134 846 1116
6 262 330 437 696 1037 744
6 192 435 202 1124 1125 556
6 137 445 370 1126 1055 1127
6 204 410 365 985 1128 1129
6 208 292 289 1130 976 1000
6 190 427 283 1131 1132 972
6 200 352 285 1133 1134 1135
6 266 445 337 1056 1066 1062
6 190 411 218 974 1136 780
6 223 271 429 957 1137 1138
6 441 219 196 1139 773 1140
6 183 366 313 660 1141 1142
6 184 315 367 1143 1144 656
6 79 80 400 104 1145 762
6 210 324 305 1146 1088 1147
6 214 286 442 542 1148 946
6 227 291 372 1149 885 1150
6 180 268 373 831 901 688
6 230 258 345 810 1061 1151
6 185 346 300 667 1152 1073
6 184 298 347 1078 1153 668
6 183 299 348 1076 1154 670
6 151 309 349 1041 1155 1156
6 250 335 377 643 1157 867
6 225 377 335 772 1157 1158
6 237 439 380 1159 1160 1161
6 229 359 390 1162 1163 953
6 255 390 359 1164 1163 610
6 263 279 449 790 939 748
6 198 284 338 1165 1166 1167
6 11 12 387 36 1168 1169
6 230 345 273 1151 845 1100
6 189 219 398 754 1170 603
6 10 11 430 35 1171 1031
6 171 282 409 950 1172 776
6 216 322 419 1049 1173 1174
6 252 419 322 713 1173 710
6 182 436 314 980 1175 1176
6 225 335 332 1158 987 1177
6 224 333 336 1178 990 1179
6 185 364 448 1180 1181 665
6 11 387 430 1169 993 1171
6 87 88 378 112 1182 1183
6 190 230 426 811 1184 1185
6 180 360 372 1186 1187 830
6 203 341 290 1188 862 931
6 149 150 334 157 1189 1190
6 186 390 389 1191 1192 1193
6 204 365 276 1129 941 1085
6 176 405 396 1194 1195 1196
6 189 320 351 605 1105 914
6 211 346 302 1197 1198 893
6 245 302 346 615 1198 666
6 246 348 305 671 1199 618
6 247 347 303 669 1200 620
6 210 305 348 1147 1199 1201
6 209 303 347 896 1200 1202
6 164 340 270 1082 814 849
6 137 370 138 1127 835 144
6 86 87 446 111 1203 1204
6 7 163 343 166 959 1205
6 203 444 341 875 1206 1188
6 255 389 390 1207 1192 1164
6 173 410 280 1071 984 783
6 140 399 312 1208 1209 468
6 229 308 434 1210 1211 1212
6 124 380 125 865 1213 131
6 179 429 271 756 1137 932
6 212 387 447 1214 1215 1216
6 125 380 439 1213 1160 1217
6 254 388 332 747 1218 706
6 225 332 388 1177 1218 1219
6 255 333 389 704 1220 1207
6 224 389 333 1221 1220 1178
6 83 84 385 108 1222 925
6 184 382 315 644 1223 1143
6 183 313 383 1142 1224 647
6 227 372 360 1150 1187 1029
6 215 374 295 1225 1226 854
6 216 375 296 1227 1228 1048
6 217 297 376 857 1229 1230
6 215 298 374 1014 1077 1225
6 216 299 375 1012 1075 1227
6 217 376 300 1230 1074 1005
6 198 307 271 1231 933 1232
6 220 237 380 892 1161 971
6 150 151 349 158 1156 1233
6 174 414 292 1234 1235 1236
6 87 431 446 1237 1238 1203
6 80 81 350 105 738 1239
6 172 442 286 551 1148 561
6 229 294 369 955 1240 1241
6 181 369 294 630 1240 1242
6 179 407 276 1243 1086 755
6 211 300 346 1016 1152 1197
6 209 347 298 1202 1153 1002
6 210 348 299 1201 1154 1008
6 198 271 340 1232 815 1244
6 150 349 334 1233 1245 1189
6 87 378 431 1183 996 1237
6 182 314 419 1176 1246 712
6 228 400 350 761 1247 739
6 172 283 339 918 1248 900
6 196 218 408 916 1249 765
6 226 396 394 1035 1250 1251
6 246 304 366 617 1252 659
6 209 366 304 1253 1252 895
6 211 306 367 894 1254 1255
6 248 367 306 657 1254 622
6 251 324 436 678 1256 1119
6 210 436 324 1257 1256 1146
6 57 58 402 62 1020 1258
6 59 60 401 64 1259 1023
6 247 318 382 650 1260 646
6 217 382 318 1261 1260 856
6 215 319 383 855 1262 1263
6 249 383 319 648 1262 651
6 256 334 424 1264 1265 1266
6 82 83 363 107 926 721
6 200 360 317 1030 1267 1268
6 239 424 334 581 1265 1269
6 188 431 241 1270 995 902
6 84 85 440 109 1271 1272
6 177 283 395 1114 917 1273
6 148 420 326 1274 694 1109
6 200 285 354 1135 1045 1017
6 178 361 329 1275 1276 882
6 180 317 360 795 1267 1186
6 191 425 220 548 1277 827
6 235 443 236 1278 1110 911
6 116 353 354 1102 898 1053
6 204 409 282 1112 1172 887
6 248 295 374 598 1226 638
6 249 296 375 600 1228 635
6 250 376 297 868 1229 601
6 213 421 323 1279 1280 1097
6 7 343 437 1205 745 1281
6 181 294 379 1242 1282 1283
6 228 379 294 788 1282 1284
6 224 364 310 1285 758 1286
6 229 369 308 1241 1092 1210
6 242 286 385 562 512 1287
6 149 334 420 1190 1288 1289
6 242 385 440 1287 1290 1291
6 198 340 284 1244 1096 1165
6 12 13 447 37 1292 1293
6 228 294 386 1284 965 672
6 186 389 310 1193 1294 1295
6 186 310 388 1295 1296 746
6 209 313 366 1004 1141 1253
6 211 367 315 1255 1144 1015
6 193 393 279 1123 796 789
6 237 273 439 909 838 1159
6 239 334 349 1269 1245 1297
6 226 394 287 1251 1298 951
6 174 292 417 1236 1299 1300
6 229 434 359 1212 1301 1162
6 12 447 387 1293 1215 1168
6 7 437 154 1281 1036 162
6 244 409 407 777 1111 1302
6 212 447 293 1216 1303 1089
6 139 399 140 717 1208 146
6 174 417 415 1300 1304 1305
6 217 315 382 1007 1223 1261
6 215 383 313 1263 1224 1013
6 181 433 325 1306 1307 565
6 225 388 310 1219 1296 757
6 224 310 389 1286 1294 1221
6 170 287 394 948 1298 943
6 185 377 364 821 771 1180
6 292 414 393 1235 1308 1122
6 16 17 434 41 1309 1310
6 256 420 334 695 1288 1264
6 227 353 291 899 1115 1149
6 176 320 405 1106 528 1194
6 186 386 390 676 964 1191
6 275 396 405 1311 1195 1312
6 212 435 387 1313 1314 1214
6 148 149 420 156 1289 1274
6 5 413 135 1117 1072 141
6 251 392 355 1120 1315 539
6 234 355 392 848 1315 515
6 201 323 421 1103 1280 520
6 222 414 362 1316 1317 478
6 85 342 440 1107 1318 1271
6 309 423 349 1319 1320 1155
6 86 446 260 1204 1321 1039
6 202 428 230 1322 1323 1099
6 223 429 311 1138 628 851
6 275 394 396 944 1250 1311
6 16 434 308 1310 1211 624
6 177 395 342 1273 1324 968
6 57 402 356 1258 1325 878
6 60 357 401 881 1326 1259
6 178 339 427 793 1327 1328
6 216 419 314 1174 1246 1011
6 192 387 435 994 1314 1124
6 256 424 371 1266 1329 929
6 181 384 433 1330 1331 1306
6 125 439 126 1217 837 132
6 206 423 309 684 1319 872
6 84 440 385 1272 1290 1222
6 210 314 436 1010 1175 1257
6 257 325 433 698 1307 1083
6 235 416 415 700 1332 936
6 136 445 137 1067 1126 143
6 253 384 379 682 1333 787
6 208 417 292 1094 1299 1130
6 260 446 406 1321 1334 866
6 221 331 404 1335 906 764
6 212 329 361 1090 1276 1336
6 281 415 417 1337 1304 1093
6 181 379 384 1283 1333 1330
6 178 427 426 1328 1338 1339
6 13 293 447 625 1303 1292
6 200 317 352 1268 1340 1133
6 235 358 443 1121 962 1278
6 187 371 424 1047 1329 679
6 232 312 399 769 1209 779
6 198 338 307 1167 1341 1231
6 202 361 428 1342 1343 1322
6 187 418 344 945 1344 920
6 192 403 430 967 1345 992
6 89 285 352 1346 1134 809
6 220 425 403 1277 1347 890
6 212 361 435 1336 1348 1313
6 80 350 400 1239 1247 1145
6 283 427 339 1132 1327 1248
6 221 438 331 1349 871 1335
6 224 336 448 1179 1350 1351
6 245 448 336 663 1350 640
6 234 401 357 1025 1326 847
6 233 356 402 1028 1325 1021
6 238 344 418 1352 1344 555
6 213 275 405 1098 1312 708
6 8 338 284 1353 1166 1354
6 174 362 414 1355 1317 1234
6 214 433 384 1084 1331 681
6 176 396 341 1196 1034 1356
6 265 365 410 859 1128 1042
6 219 441 398 1139 1357 1170
6 232 351 444 593 1358 874
6 202 435 361 1125 1348 1342
6 218 411 408 1136 1359 1249
6 17 359 434 842 1301 1309
6 213 378 421 1095 1360 1279
6 238 438 344 537 1361 1352
6 231 415 281 937 1337 904
6 196 406 441 767 1362 1140
6 178 428 361 1363 1343 1275
6 176 444 351 1364 1358 1104
6 239 349 423 1297 1320 661
6 242 342 395 1365 1324 495
6 221 344 438 824 1361 1349
6 222 393 414 960 1308 1316
6 176 341 444 1356 1206 1364
6 199 307 338 1070 1341 1366
6 174 416 362 1367 942 1355
6 224 448 364 1351 1181 1285
6 236 430 403 1032 1345 1368
6 199 338 432 1366 1369 826
6 230 428 426 1323 1370 1184
6 188 406 446 1371 1334 1372
6 201 352 317 521 1340 1068
6 242 440 342 1291 1318 1365
6 188 446 431 1372 1238 1270
6 174 415 416 1305 1332 1367
6 190 426 427 1185 1338 1131
6 88 421 378 483 1360 1182
6 188 441 406 1373 1362 1371
6 177 408 411 571 1359 1113
6 9 358 432 1118 825 1079
6 179 422 407 1091 1374 1243
6 8 432 338 1080 1369 1353
6 244 407 422 1302 1374 484
6 236 403 425 1368 1347 912
6 188 398 441 903 1357 1373
6 178 426 428 1339 1370 1363
6 0 8 284 32 1354 1051
6 3 285 89 1050 1346 114
CELL_TYPES 645
22
22
22
22
22
22
22
22
22
22
22
22
22
22
22
22
22
22
22
22
22
22
22
22
22
22
22
22
22
22
22
22
22
22
22
22
22
22
22
22
22
22
22
22
22
22
22
22
22
22
22
22
22
22
22
22
22
22
22
22
22
22
22
22
22
22
22
22
22
22
22
22
22
22
22
22
22
22
22
22
22
22
22
22
22
22
22
22
22
22
22
22
22
22
22
22
22
22
22
22
22
22
22
22
22
22
22
22
22
22
22
22
22
22
22
22
22
22
22
22
22
22
22
22
22
22
22
22
22
22
22
22
22
22
22
22
22
22
22
22
22
22
22
22
22
22
22
22
22
22
22
22
22
22
22
22
22
22
22
22
22
22
22
22
22
22
22
22
22
22
22
22
22
22
22
22
22
22
22
22
22
22
22
22
22
22
22
22
22
22
22
22
22
22
22
22
22
22
22
22
22
22
22
22
22
22
22
22
22
22
22
22
22
22
22
22
22
22
22
22
22
22
22
22
22
22
22
22
22
22
22
22
22
22
22
22
22
22
22
22
22
22
22
22
22
22
22
22
22
22
22
22
22
22
22
22
22
22
22
22
22
22
22
22
22
22
22
22
22
22
22
22
22
22
22
22
22
22
22
22
22
22
22
22
22
22
22
22
22
22
22
22
22
22
22
22
22
22
22
22
22
22
22
22
22
22
22
22
22
22
22
22
22
22
22
22
22
22
22
22
22
22
22
22
22
22
22
22
22
22
22
22
22
22
22
22
22
22
22
22
22
22
22
22
22
22
22
22
22
22
22
22
22
22
22
22
22
22
22
22
22
22
22
22
22
22
22
22
22
22
22
22
22
22
22
22
22
22
22
22
22
22
22
22
22
22
22
22
22
22
22
22
22
22
22
22
22
22
22
22
22
22
22
22
22
22
22
22
22
22
22
22
22
22
22
22
22
22
22
22
22
22
22
22
22
22
22
22
22
22
22
22
22
22
22
22
22
22
22
22
22
22
22
22
22
22
22
22
22
22
22
22
22
22
22
22
22
22
22
22
22
22
22
22
22
22
22
22
22
22
22
22
22
22
22
22
22
22
22
22
22
22
22
22
22
22
22
22
22
22
22
22
22
22
22
22
22
22
22
22
22
22
22
22
22
22
22
22
22
22
22
22
22
22
22
22
22
22
22
22
22
22
22
22
22
22
22
22
22
22
22
22
22
22
22
22
22
22
22
22
22
22
22
22
22
22
22
22
22
22
22
22
22
22
22
22
22
22
22
22
22
22
22
22
22
22
22
22
22
22
22
22
22
22
22
22
22
22
22
22
22
22
22
22
22
22
22
22
22
22
22
22
22
22
22
22
22
22
22
22
22
22
22
22
22
22
22
22
22
22
22
22
22
22
22
22
22
22
22
22
22
22
22
22
22
22
22
22
22
22
22
22
22
22
22
22
22
22
22
22
22
22
22
22
22
POINT_DATA 1375
VECTORS velocity double
-0.000000000407140 -0.000000000826736 0.000000000000000
0.000000000094467 -0.000000000000332 0.000000000000000
0.000000000092939 0.000000000000110 0.000000000000000
-0.000000000407847 0.000000000829164 0.000000000000000
0.000000003781560 -0.000000000094753 0.000000000000000
-0.000000000180144 0.000000000009525 0.000000000000000
0.839999998761688 0.000000000000549 0.000000000000000
0.839999998761930 -0.000000000000735 0.000000000000000
-0.000000000007749 -0.000000001155165 0.000000000000000
0.000000000013307 -0.000000001203264 0.000000000000000
0.000000000212658 -0.000000000952255 0.000000000000000
0.000000000176794 -0.000000000011480 0.000000000000000
0.000000000043693 -0.000000000493458 0.000000000000000
0.000000000079213 -0.000000000487064 0.000000000000000
0.000000000078911 -0.000000000527014 0.000000000000000
0.000000000114941 -0.000000000500374 0.000000000000000
0.000000000084803 -0.000000000485191 0.000000000000000
0.000000000084747 -0.000000000461536 0.000000000000000
0.000000000105889 -0.000000000440908 0.000000000000000
0.000000000101480 -0.000000000407426 0.000000000000000
0.000000000091686 -0.000000000382814 0.000000000000000
0.000000000104690 -0.000000000356111 0.000000000000000
0.000000000105934 -0.000000000317447 0.000000000000000
0.000000000095365 -0.000000000285467 0.000000000000000
0.000000000107821 -0.000000000253522 0.000000000000000
0.000000000104349 -0.000000000213394 0.000000000000000
0.000000000096798 -0.000000000183548 0.000000000000000
0.000000000106918 -0.000000000150095 0.000000000000000
0.000000000100983 -0.000000000111645 0.000000000000000
0.000000000090513 -0.000000000083816 0.000000000000000
0.000000000077177 -0.000000000056470 0.000000000000000
0.000000000088111 -0.000000000028891 0.000000000000000
0.000000000126823 -0.000000001314724 0.000000000000000
0.000000000049091 -0.000000001215137 0.000000000000000
0.000000000152380 -0.000000001139950 0.000000000000000
0.000000000226658 -0.000000000346946 0.000000000000000
-0.000000000029375 -0.000000000313340 0.000000000000000
0.000000000060161 -0.000000000491877 0.000000000000000
0.000000000042561 -0.000000000509370 0.000000000000000
0.000000000054628 -0.000000000513287 0.000000000000000
0.000000000054204 -0.000000000492112 0.000000000000000
0.000000000059082 -0.000000000472615 0.000000000000000
0.000000000058786 -0.000000000451041 0.000000000000000
0.000000000059097 -0.000000000423035 0.000000000000000
0.000000000057809 -0.000000000394924 0.000000000000000
0.000000000060696 -0.000000000371103 0.000000000000000
0.000000000059643 -0.000000000336577 0.000000000000000
0.000000000057548 -0.000000000300644 0.000000000000000
0.000000000059811 -0.000000000270693 0.000000000000000
0.000000000058305 -0.000000000232523 0.000000000000000
0.000000000055938 -0.000000000197857 0.000000000000000
0.000000000058993 -0.000000000167564 0.000000000000000
0.000000000057914 -0.000000000130559 0.000000000000000
0.000000000056157 -0.000000000097344 0.000000000000000
0.000000000062149 -0.000000000070109 0.000000000000000
0.000000000060854 -0.000000000042744 0.000000000000000
0.000000000058574 -0.000000000013992 0.000000000000000
0.725313189980622 -0.002048517146775 0.000000000000000
0.869444478851045 -0.001124678684185 0.000000000000000
0.870383934499977 0.000885245688225 0.000000000000000
0.724927021666728 0.002008381256331 0.000000000000000
0.426950909651622 -0.002101072745877 0.000000000000000
0.835745904793199 -0.001423702104644 0.000000000000000
0.876950579747395 -0.000092485466981 0.000000000000000
0.836090131781793 0.001465524915077 0.000000000000000
0.429228122892856 0.002054250363815 0.000000000000000
0.000000000087263 0.000000000029803 0.000000000000000
0.000000000078562 0.000000000056382 0.000000000000000
0.000000000096458 0.000000000087989 0.000000000000000
0.000000000100558 0.000000000114415 0.000000000000000
0.000000000105536 0.000000000153961 0.000000000000000
0.000000000097129 0.000000000184720 0.000000000000000
0.000000000105585 0.000000000216196 0.000000000000000
0.000000000111255 0.000000000250830 0.000000000000000
0.000000000105588 0.000000000288783 0.000000000000000
0.000000000107821 0.000000000320061 0.000000000000000
0.000000000104066 0.000000000352167 0.000000000000000
0.000000000092184 0.000000000383754 0.000000000000000
0.000000000093782 0.000000000401872 0.000000000000000
0.000000000109642 0.000000000441742 0.000000000000000
0.000000000090602 0.000000000451443 0.000000000000000
0.000000000094748 0.000000000479223 0.000000000000000
0.000000000087044 0.000000000494055 0.000000000000000
0.000000000074251 0.000000000510730 0.000000000000000
0.000000000057640 0.000000000487027 0.000000000000000
0.000000000020498 0.000000000500379 0.000000000000000
0.000000000199611 0.000000000068016 0.000000000000000
0.000000000283160 0.000000000877381 0.000000000000000
0.000000000037568 0.000000001181334 0.000000000000000
-0.000000000006530 0.000000001156969 0.000000000000000
0.000000000059658 0.000000000014493 0.000000000000000
0.000000000060734 0.000000000043255 0.000000000000000
0.000000000061483 0.000000000072278 0.000000000000000
0.000000000055010 0.000000000101015 0.000000000000000
0.000000000058721 0.000000000133664 0.000000000000000
0.000000000058744 0.000000000170093 0.000000000000000
0.000000000056643 0.000000000199917 0.000000000000000
0.000000000057329 0.000000000233109 0.000000000000000
0.000000000060823 0.000000000270909 0.000000000000000
0.000000000056780 0.000000000303982 0.000000000000000
0.000000000058329 0.000000000335746 0.000000000000000
0.000000000061569 0.000000000367829 0.000000000000000
0.000000000057932 0.000000000393253 0.000000000000000
0.000000000058513 0.000000000419170 0.000000000000000
0.000000000053583 0.000000000446486 0.000000000000000
0.000000000058668 0.000000000465416 0.000000000000000
0.000000000059112 0.000000000488910 0.000000000000000
0.000000000058576 0.000000000503586 0.000000000000000
0.000000000051607 0.000000000503788 0.000000000000000
0.000000000061921 0.000000000486242 0.000000000000000
-0.000000000035871 0.000000000324287 0.000000000000000
0.000000000193662 0.000000000323173 0.000000000000000
0.000000000142724 0.000000001140162 0.000000000000000
0.000000000055338 0.000000001224823 0.000000000000000
0.000000000127233 0.000000001317787 0.000000000000000
0.387199901725438 0.000000000161651 0.000000000000000
0.617495618690990 0.000000000031337 0.000000000000000
0.755858554521433 0.000000000006075 0.000000000000000
0.205392227449578 -0.000000000128623 0.000000000000000
0.509100170943006 -0.000000000023773 0.000000000000000
0.690543605091191 -0.000000000004624 0.000000000000000
0.800143295006718 -0.000000000001255 0.000000000000000
0.000000002668485 0.000000000034524 0.000000000000000
0.000000001578526 -0.000000000613595 0.000000000000000
0.000000001136243 0.000000000007087 0.000000000000000
0.000000000854007 -0.000000000145722 0.000000000000000
0.000000000595306 0.000000000023635 0.000000000000000
0.000000000062683 0.000000000032534 0.000000000000000
0.000000003567420 0.000000000243054 0.000000000000000
0.000000002004175 0.000000000250573 0.000000000000000
0.000000000415949 0.000000000344337 0.000000000000000
0.000000000398887 0.000000000004541 0.000000000000000
0.000000000306871 -0.000000000119102 0.000000000000000
0.000000000064274 -0.000000000097909 0.000000000000000
-0.000000000110438 -0.000000000050867 0.000000000000000
0.000000000073068 -0.000000000011292 0.000000000000000
0.000000000601037 -0.000000000004677 0.000000000000000
0.000000000766694 0.000000000067303 0.000000000000000
0.000000001017077 0.000000000120810 0.000000000000000
0.000000001444255 0.000000000255271 0.000000000000000
0.000000002245000 0.000000000256649 0.000000000000000
-0.000000000101109 0.000000000043939 0.000000000000000
0.000000000122943 0.000000000096642 0.000000000000000
0.000000000374338 0.000000000090373 0.000000000000000
0.000000000353885 0.000000000025707 0.000000000000000
0.000000000614358 -0.000000000248996 0.000000000000000
0.000000001592422 -0.000000000408235 0.000000000000000
0.000000003285452 0.000000000080811 0.000000000000000
0.909999998762627 -0.000000000000186 0.000000000000000
0.959999998764917 0.000000000000170 0.000000000000000
0.989999998767782 -0.000000000000071 0.000000000000000
0.999999998768885 0.000000000000358 0.000000000000000
0.989999998770685 0.000000000000447 0.000000000000000
0.959999998768788 -0.000000000000117 0.000000000000000
0.909999998764426 -0.000000000000326 0.000000000000000
0.877499998753847 -0.000000000000405 0.000000000000000
0.937499998757004 0.000000000000152 0.000000000000000
0.977499998759356 0.000000000000076 0.000000000000000
0.997499998759939 0.000000000000228 0.000000000000000
0.997499998760390 0.000000000000247 0.000000000000000
0.977499998759214 0.000000000000256 0.000000000000000
0.937499998758064 0.000000000000055 0.000000000000000
0.877499998755400 -0.000000000000135 0.000000000000000
0.755858554523919 -0.000000000005878 0.000000000000000
0.617495618695429 -0.000000000031354 0.000000000000000
0.387199901729178 -0.000000000161509 0.000000000000000
0.800143295009248 0.000000000001216 0.000000000000000
0.690543605094789 0.000000000004754 0.000000000000000
0.509100170946816 0.000000000023692 0.000000000000000
0.205392227454315 0.000000000128373 0.000000000000000
0.860174204374977 -0.061494187556004 0.000000000000000
0.864307356649478 0.061644347443691 0.000000000000000
1.003606191730725 -0.019791264079786 0.000000000000000
0.981717488386159 0.001566366187925 0.000000000000000
0.884720556339761 -0.215774980545693 0.000000000000000
1.050345963236207 0.013087038407490 0.000000000000000
0.918978096184199 0.295077466718036 0.000000000000000
1.029418959968697 -0.112568960873129 0.000000000000000
0.647937197363002 0.084105831194966 0.000000000000000
0.795182463587966 -0.019260141952723 0.000000000000000
0.790338128141717 0.024390781651334 0.000000000000000
0.589007794318144 -0.002081333900815 0.000000000000000
0.873153989895423 -0.000071915480643 0.000000000000000
0.855512128695106 -0.002680518574406 0.000000000000000
0.816175123012433 -0.002988850576039 0.000000000000000
0.757634643275001 0.002043862635260 0.000000000000000
0.692055734886782 -0.006721088345201 0.000000000000000
0.960640284013674 0.013799302995520 0.000000000000000
1.013532839273993 -0.107336100719411 0.000000000000000
0.930368169172006 0.722121402347835 0.000000000000000
0.441993907440511 -0.106081990754463 0.000000000000000
0.846644900248147 -0.739192361396461 0.000000000000000
1.011961785164008 0.164030857497349 0.000000000000000
1.097204320489880 -0.033377564471399 0.000000000000000
0.934341468781832 -0.010445025484960 0.000000000000000
0.982179749123111 0.022505021979441 0.000000000000000
1.159069261628089 -0.290963742211460 0.000000000000000
0.965852301765491 -0.003593902291741 0.000000000000000
0.511213653578228 -0.019674735938491 0.000000000000000
0.554661054287327 0.071643943941023 0.000000000000000
0.542575520562814 0.025040329522267 0.000000000000000
0.605793918781175 -0.038250101121082 0.000000000000000
1.045224714936868 0.214918197404792 0.000000000000000
1.103888117502482 0.197701017220108 0.000000000000000
0.919132230173988 -0.002084177771987 0.000000000000000
0.970015741385499 0.028132267046175 0.000000000000000
0.995051121307568 -0.001360965037196 0.000000000000000
0.881907198557482 0.012940175855232 0.000000000000000
0.994604302437235 0.074572882135334 0.000000000000000
0.865672123309290 -0.007741017071506 0.000000000000000
0.862171135592847 -0.004314715512893 0.000000000000000
0.841083434310836 0.005754867018608 0.000000000000000
0.882315028626169 0.066228913341560 0.000000000000000
0.641783238630538 0.021475940869072 0.000000000000000
1.014581329051734 -0.004390294119986 0.000000000000000
0.849055888042710 0.001900308594846 0.000000000000000
0.853819624227802 0.000838983433846 0.000000000000000
0.886999244205521 -0.010462611174707 0.000000000000000
0.989831944234050 -0.261753525060793 0.000000000000000
1.167738161893341 -0.063432296976828 0.000000000000000
1.135613595412352 0.061376344426607 0.000000000000000
0.905004091507737 0.007064288800918 0.000000000000000
0.746778630927058 -0.943191302175492 0.000000000000000
0.800920172548747 -0.010683991629492 0.000000000000000
0.864538162372005 0.009635600487502 0.000000000000000
0.912349887026426 -0.005799490706921 0.000000000000000
1.008904068485670 -0.055079485011270 0.000000000000000
0.685815398704938 0.015374302411713 0.000000000000000
0.978453312622723 -0.008305049895824 0.000000000000000
0.911577336410504 0.004255990049678 0.000000000000000
0.210753634907628 0.084664296950152 0.000000000000000
0.666351149098482 0.119366522357819 0.000000000000000
0.723227304516884 0.932187289064252 0.000000000000000
0.833483888141930 0.001228093875264 0.000000000000000
0.844617440383980 -0.000226618552309 0.000000000000000
0.582974159602126 -0.562222121154368 0.000000000000000
0.830592183584948 -0.025290568730753 0.000000000000000
1.128659626155775 0.270232043901558 0.000000000000000
0.968495221003170 0.008377072703128 0.000000000000000
0.991229683566053 0.004258203446146 0.000000000000000
0.927210728248094 0.002744012258486 0.000000000000000
0.616654656642749 0.577634268740874 0.000000000000000
0.900207819314562 -0.005284101036157 0.000000000000000
0.793221849570523 -0.009045123858290 0.000000000000000
0.822070737573892 0.020494601434282 0.000000000000000
0.808179150364761 0.006070430898715 0.000000000000000
0.805662592174589 -0.003243788789596 0.000000000000000
0.800581598810673 -0.004235771315672 0.000000000000000
0.806812096885066 0.004102180481187 0.000000000000000
0.790456430529002 0.000872983982129 0.000000000000000
0.765635167069610 -0.001913731955237 0.000000000000000
0.808952667139561 -0.000526886728670 0.000000000000000
0.803861448025125 0.000709431237323 0.000000000000000
0.883054935272010 -0.001609750773569 0.000000000000000
0.919179512960567 -0.009641437962387 0.000000000000000
0.815224665052002 -0.000326387713734 0.000000000000000
0.940218391843874 0.006543908872162 0.000000000000000
0.509517510840510 0.000590516797496 0.000000000000000
0.140732744128147 -0.080012283413377 0.000000000000000
0.992451056274665 0.005334715302437 0.000000000000000
0.847834359399102 -0.064903933802688 0.000000000000000
0.981758580990390 -0.001235517863479 0.000000000000000
0.878455201654100 -0.006990186264296 0.000000000000000
1.129980327768185 0.013681027953456 0.000000000000000
0.505648596906719 0.024860587206976 0.000000000000000
0.975389464761270 -0.005926963807373 0.000000000000000
1.092271392285815 -0.319874431843292 0.000000000000000
0.876090180783395 -0.000148907187398 0.000000000000000
0.894255280591083 0.021316114213864 0.000000000000000
0.975966224068784 0.007796721698256 0.000000000000000
0.707309676296029 -0.004654729151498 0.000000000000000
0.693437534163739 -0.020098594453572 0.000000000000000
0.994872482296282 0.010397668434924 0.000000000000000
0.634620911471764 0.207734322068430 0.000000000000000
0.860888394706763 0.636009705109643 0.000000000000000
0.853711703147099 -0.109949253354125 0.000000000000000
0.880499263714435 -0.015842445122714 0.000000000000000
0.812231003495193 -0.597877852878491 0.000000000000000
1.116210953988565 0.004386822077964 0.000000000000000
0.847850447948647 -0.617976107937162 0.000000000000000
0.959568498196864 0.007904740436610 0.000000000000000
0.872472372134128 0.117100407353269 0.000000000000000
0.924183466179670 0.029940606100004 0.000000000000000
0.973068216829033 -0.082080180591184 0.000000000000000
0.326550936821045 -0.011654048424236 0.000000000000000
0.335789221936058 0.012704737614160 0.000000000000000
0.985359715905534 0.008192249156153 0.000000000000000
0.943352821008640 -0.041905095300266 0.000000000000000
1.006626204084423 0.044536509820321 0.000000000000000
1.065319000203712 0.040112724807798 0.000000000000000
1.081781761440768 -0.014505521623523 0.000000000000000
0.799960795396719 0.006013255298605 0.000000000000000
1.044991428252638 -0.016420183183617 0.000000000000000
0.767959180965430 0.002773143913999 0.000000000000000
0.633903436096421 -0.000174249796095 0.000000000000000
0.691059181498539 0.003596832208993 0.000000000000000
0.682759226428943 0.001686180613357 0.000000000000000
0.709509484691468 -0.003054033137245 0.000000000000000
0.839721764586093 -0.004122432168551 0.000000000000000
0.867181019182393 -0.002459143995053 0.000000000000000
0.786454219771125 -0.004850129588362 0.000000000000000
0.942506375180640 0.066120459164898 0.000000000000000
0.714411157455902 0.004585163558582 0.000000000000000
0.713339939545555 -0.004600992302017 0.000000000000000
0.709383978951653 -0.002020494820924 0.000000000000000
0.701533125791980 -0.003459581956654 0.000000000000000
0.712675452935613 0.001695011749126 0.000000000000000
0.642244623388656 -0.013067460825062 0.000000000000000
0.742386276677904 -0.003693083806602 0.000000000000000
0.999289783064955 0.000253185154848 0.000000000000000
0.716838232602845 0.000786969750604 0.000000000000000
0.868073584633956 -0.013902708193116 0.000000000000000
0.569628009806399 0.688376855617930 0.000000000000000
0.851329316877835 -0.003580283159114 0.000000000000000
0.871932333460290 -0.001784348836347 0.000000000000000
0.807409018076360 -0.004469385087290 0.000000000000000
1.003891569296260 -0.020916289237475 0.000000000000000
0.653384033975786 0.020381363933726 0.000000000000000
0.725430826863445 -0.001715566702435 0.000000000000000
0.695307089280246 -0.000244950081339 0.000000000000000
0.697333898661652 0.743077721125517 0.000000000000000
0.740322343356415 0.057271222566479 0.000000000000000
0.675071607574762 0.000738945917127 0.000000000000000
0.723688790112640 -0.107102765563107 0.000000000000000
0.677150285225985 -0.001811191508171 0.000000000000000
0.702523711200406 0.011797178548867 0.000000000000000
0.891034419689605 0.002953345310210 0.000000000000000
0.703650908672636 0.007671108371768 0.000000000000000
0.495873785672082 -1.034939361239817 0.000000000000000
0.995692232620022 0.057122423213726 0.000000000000000
0.942830658004847 -0.002234040413604 0.000000000000000
0.938146712787732 -0.009482998518979 0.000000000000000
0.703498796281595 -0.001119522736640 0.000000000000000
0.703893845066807 0.002019685984680 0.000000000000000
0.976364172507726 0.002165118730491 0.000000000000000
0.732928126907652 0.003918615640217 0.000000000000000
0.703434109971905 0.001493741442060 0.000000000000000
0.524302888031695 -0.212188771946337 0.000000000000000
0.409626844219280 -0.009497014430982 0.000000000000000
0.378285309379047 -0.007638562586755 0.000000000000000
0.542795331815721 -0.008252909419583 0.000000000000000
1.044693673831754 0.067067149446362 0.000000000000000
0.820671606201992 -0.058855302886022 0.000000000000000
0.804836831959348 -0.002581550948373 0.000000000000000
0.944851975373676 0.014444862203375 0.000000000000000
-0.014969287292063 0.006966829280912 0.000000000000000
0.838529100975416 0.008966135987504 0.000000000000000
0.866045803741446 -0.009602327224326 0.000000000000000
0.861414059619374 -0.005038509520049 0.000000000000000
0.998730772851708 0.001026049496555 0.000000000000000
0.599836808390160 -0.002635333334580 0.000000000000000
0.734886474338371 0.860407046902983 0.000000000000000
0.408070541809131 -0.009386074641568 0.000000000000000
0.689992655423457 0.003400522364536 0.000000000000000
0.552181892824209 0.007494186211503 0.000000000000000
0.648106828434250 0.001086476114808 0.000000000000000
0.648333591937515 0.000454323628675 0.000000000000000
0.650505545740746 -0.000317898413577 0.000000000000000
0.344674668770171 -0.140859436207048 0.000000000000000
0.696855973912317 -0.003897442771829 0.000000000000000
0.698388133458796 0.026595181377793 0.000000000000000
1.010293033461171 0.119284626839891 0.000000000000000
0.728462738724899 -0.856837782272888 0.000000000000000
0.639532418093909 0.002657131907088 0.000000000000000
0.736830505240014 0.001568630495840 0.000000000000000
0.941427974375105 -0.010520834995345 0.000000000000000
0.867541936655673 -0.005350815237254 0.000000000000000
0.841733174666791 0.004234108306630 0.000000000000000
0.991011107831202 -0.000765736178940 0.000000000000000
0.875470193692412 0.006937363590205 0.000000000000000
0.886722613266201 -0.073216603788905 0.000000000000000
0.930653234493416 0.013899816841800 0.000000000000000
0.801626760488248 0.021895124421245 0.000000000000000
0.855354699766408 0.018090886001728 0.000000000000000
0.844234950951644 0.004424735628321 0.000000000000000
0.852902077833879 0.000891367161688 0.000000000000000
0.888535268684826 -0.011364829496711 0.000000000000000
0.893053381079580 -0.007593405623729 0.000000000000000
0.375778883055414 0.281537077358551 0.000000000000000
0.890716660290982 -0.012930085265595 0.000000000000000
0.922986545557201 0.051306158801767 0.000000000000000
0.639341440696093 0.000500655019034 0.000000000000000
0.880325457505019 -0.007924132699436 0.000000000000000
0.853658042969834 0.000234860044012 0.000000000000000
0.912631251067877 -0.011540760809736 0.000000000000000
0.538723684239429 0.013106680055289 0.000000000000000
0.756948527353750 -0.009960608769704 0.000000000000000
0.739954743884509 0.017801355685019 0.000000000000000
0.901996256864343 -0.010652015288919 0.000000000000000
0.834418969228742 0.008839141262460 0.000000000000000
0.810493167412332 0.004147228343837 0.000000000000000
0.874179351099041 0.001063132169201 0.000000000000000
0.865652538747304 0.000098868382570 0.000000000000000
0.888259980764145 -0.450505633925399 0.000000000000000
0.932410105027804 -0.076309626777024 0.000000000000000
1.020612120849555 -0.052407517990771 0.000000000000000
0.958799804158380 -0.045823872304565 0.000000000000000
0.971484261484166 -0.005036388640622 0.000000000000000
0.978311339704141 0.325854185674988 0.000000000000000
0.583086002447279 0.859691683809776 0.000000000000000
0.616117566097111 0.001222687129677 0.000000000000000
0.850336465286491 0.000004470587026 0.000000000000000
0.848735651647716 -0.000255803898980 0.000000000000000
1.090579664176003 0.205047732501049 0.000000000000000
0.891030653185923 -0.021624856549386 0.000000000000000
0.813823604014643 0.218447917474211 0.000000000000000
1.070782876410678 -0.240601491721896 0.000000000000000
0.851129201078930 -0.008285338342711 0.000000000000000
1.093136598619156 -0.206288827041977 0.000000000000000
0.880720883439889 0.019618452419582 0.000000000000000
0.967898947990034 -0.003962151520096 0.000000000000000
1.038870385255289 -0.168003377058436 0.000000000000000
0.979791149810396 0.006316488195643 0.000000000000000
0.010969222097045 -0.009722401655732 0.000000000000000
0.886078682569469 -0.478199504265831 0.000000000000000
0.811479093191937 -0.056109716541243 0.000000000000000
0.703757711974451 -0.609203940350962 0.000000000000000
0.952785911443207 0.062101290951904 0.000000000000000
0.973344320858834 0.009999000287480 0.000000000000000
0.860621863296594 0.000475511888551 0.000000000000000
0.938363667016883 0.001437438879737 0.000000000000000
0.455288348861168 -0.099818921728618 0.000000000000000
0.775666845399656 -0.004265907712665 0.000000000000000
0.999598361940632 0.001793972858367 0.000000000000000
0.971819307600650 0.008668184934184 0.000000000000000
0.894160431799181 -0.282155631585241 0.000000000000000
0.218175317074741 0.036054365303882 0.000000000000000
0.324670240290701 -0.030318580889207 0.000000000000000
0.787522625879800 0.141339322215547 0.000000000000000
0.803558516025089 -0.017765447554106 0.000000000000000
0.878661530021632 0.215627953638412 0.000000000000000
0.644647368218905 0.139791432387145 0.000000000000000
0.242488936955803 0.063872341038772 0.000000000000000
0.680614370310632 -0.009452940268014 0.000000000000000
0.532796704056380 -0.000114295635859 0.000000000000000
0.982703488167653 0.127194434164790 0.000000000000000
0.867724415046292 -0.002402234825156 0.000000000000000
0.879958691952687 -0.001394198263664 0.000000000000000
0.948176574114412 0.003917091398020 0.000000000000000
0.761943404523212 0.232876224408881 0.000000000000000
0.382667833320999 -0.013051809147174 0.000000000000000
1.140072633938181 -0.222399847943132 0.000000000000000
0.907566172691154 -0.009877915888510 0.000000000000000
0.494686998164402 -0.343657539269463 0.000000000000000
0.929791078031623 0.431698784469439 0.000000000000000
0.647783338301928 -0.223640580437733 0.000000000000000
0.839865211656241 -0.216583344258626 0.000000000000000
0.465989923671035 0.022441869464812 0.000000000000000
0.854499089261964 0.009406027534988 0.000000000000000
0.767172527826209 -0.304021513620026 0.000000000000000
0.500384814589338 0.021208928648637 0.000000000000000
0.630033223419056 0.141953160085775 0.000000000000000
0.461445195422117 0.100195564330559 0.000000000000000
0.402478749795280 -0.005433365673703 0.000000000000000
0.840439970833927 -0.003764342658147 0.000000000000000
0.547327511779430 -0.007013284024614 0.000000000000000
0.504031273551398 0.000286246539006 0.000000000000000
0.503590011781120 -0.001018256425910 0.000000000000000
0.483320901579829 -0.000129236807977 0.000000000000000
0.485879335627032 -0.000430804352446 0.000000000000000
0.490623415028738 0.001136120472201 0.000000000000000
0.492431066716205 -0.000397998927120 0.000000000000000
0.434970853101293 0.001037163377498 0.000000000000000
0.439706339850780 0.000218047500973 0.000000000000000
0.506092769758577 0.001334271084962 0.000000000000000
0.507577011661685 -0.000512974946165 0.000000000000000
0.492029072593154 0.000255350770095 0.000000000000000
0.491188573794028 -0.000581776445786 0.000000000000000
0.317247813227550 0.644511011424272 0.000000000000000
0.184531572115186 0.439122215543184 0.000000000000000
0.975395988331857 0.003210464033534 0.000000000000000
0.974908278716597 0.007790262042605 0.000000000000000
0.982219636853293 0.004777346665963 0.000000000000000
0.938946789145006 0.014490562950213 0.000000000000000
0.889175774233697 0.009511273751000 0.000000000000000
0.856599222878257 0.018840982947591 0.000000000000000
0.477146037469005 0.237683867421610 0.000000000000000
0.299661560307470 -0.192259276408437 0.000000000000000
0.784202556843274 -0.915845463206082 0.000000000000000
0.870613250596202 -0.909358769418629 0.000000000000000
0.813039484829511 -1.010455843721981 0.000000000000000
0.200738569518783 -0.052053603365546 0.000000000000000
0.460524153339162 -0.073842246198794 0.000000000000000
0.225151261754789 -0.064103231647055 0.000000000000000
0.801268728553489 0.005813839516142 0.000000000000000
0.768767895214865 0.021638507268284 0.000000000000000
0.790232403428609 0.038919461728265 0.000000000000000
0.987956971424075 0.006002459399362 0.000000000000000
0.980524821606790 0.007614437353653 0.000000000000000
0.982290335029750 0.007451337224351 0.000000000000000
0.872791024364338 0.012902431069822 0.000000000000000
0.814852328661164 0.005797954018086 0.000000000000000
0.729272921646094 -0.846105782437858 0.000000000000000
0.663050229279403 -1.021260840549520 0.000000000000000
1.001302495701166 -0.011841469332289 0.000000000000000
0.951691612045610 -0.028049621062046 0.000000000000000
1.022339620720435 -0.030738161880176 0.000000000000000
0.878286883118590 0.092239698648751 0.000000000000000
0.927549723016246 0.091547018388287 0.000000000000000
0.915270818377618 0.065813451506800 0.000000000000000
0.982134495871364 0.003933371051795 0.000000000000000
0.989003466200731 0.003764180197349 0.000000000000000
0.366312452147298 -0.000287126686815 0.000000000000000
0.648987478779585 -0.000286326100031 0.000000000000000
0.360983648852559 -0.000731168681888 0.000000000000000
0.861736045850615 0.001593768187285 0.000000000000000
0.854350403951585 0.001378877958157 0.000000000000000
0.819385672446947 0.001289959701416 0.000000000000000
0.861422054747184 0.000819502873913 0.000000000000000
0.873715515154665 0.000480902863669 0.000000000000000
0.839411807947908 0.007009847470953 0.000000000000000
0.580289269438338 0.004039012440139 0.000000000000000
0.793938306217617 0.011017816937241 0.000000000000000
0.311745469169849 0.148164071490915 0.000000000000000
0.190158881099179 0.094118735078618 0.000000000000000
0.858538026577152 0.000202008785854 0.000000000000000
0.872549852243919 -0.000409642918222 0.000000000000000
0.871484309425717 -0.000818465168293 0.000000000000000
0.875599406645182 0.000017954822148 0.000000000000000
0.875959142233416 0.000606560066586 0.000000000000000
0.560581754054118 -0.075888291231303 0.000000000000000
0.517800910952383 -0.017662734712536 0.000000000000000
0.364582046203882 -0.000345791092167 0.000000000000000
0.730839579326490 0.000391682759496 0.000000000000000
0.510069059203798 -0.000557892688067 0.000000000000000
0.375723185091651 -0.001574030371599 0.000000000000000
0.969063885425065 0.074490258816311 0.000000000000000
0.946048379015218 0.095791975820106 0.000000000000000
0.771520584552247 0.512435186575680 0.000000000000000
0.694022340351809 0.688799005858629 0.000000000000000
0.743765062191782 0.503241731899506 0.000000000000000
0.361064520036888 0.000744206905830 0.000000000000000
0.503309262614975 0.002500975001018 0.000000000000000
0.498641419495073 -0.001545077888959 0.000000000000000
0.819646840939935 0.063655935277150 0.000000000000000
0.816857614862323 0.103265086093126 0.000000000000000
0.966609431150846 -0.000638918962390 0.000000000000000
0.959190550696869 0.006320942038622 0.000000000000000
0.516467491462674 0.000516279295318 0.000000000000000
0.738675261058829 0.000950403000447 0.000000000000000
0.363869742521651 0.000833919508031 0.000000000000000
0.866646449915099 0.001819314281759 0.000000000000000
0.978898848089135 0.002977332574966 0.000000000000000
0.994524995734995 0.020850050472819 0.000000000000000
0.995200032512797 0.010117945459216 0.000000000000000
0.983122086075789 0.016388809156378 0.000000000000000
0.791713193375464 -0.737336312581336 0.000000000000000
0.816866722466094 -0.573207421898490 0.000000000000000
0.916853185074272 -0.523046543614277 0.000000000000000
0.589175834731811 -0.007466176159362 0.000000000000000
0.578040160494049 -0.005639590520140 0.000000000000000
0.958362934614091 -0.010075874851071 0.000000000000000
0.341615062606346 0.007058628697223 0.000000000000000
0.734242983981482 0.006124719246592 0.000000000000000
0.384375758644926 0.000140059849452 0.000000000000000
0.972840890786504 0.009470793796009 0.000000000000000
1.030096600701272 0.194125686881114 0.000000000000000
1.041731546120301 0.257863878913618 0.000000000000000
1.084059645325772 0.231239440935270 0.000000000000000
0.970867461384694 -0.000469233542638 0.000000000000000
0.985248204906530 -0.000114382090995 0.000000000000000
1.000704768081772 -0.001954423429070 0.000000000000000
0.936133323130239 0.004176171786135 0.000000000000000
0.982666588497402 0.002671313228584 0.000000000000000
0.993658906990168 0.000972178746262 0.000000000000000
0.625249440160914 0.004397847137058 0.000000000000000
0.831190098319827 0.006517557465705 0.000000000000000
0.708320753803238 0.012633265280403 0.000000000000000
0.712094176741747 -0.007581749766229 0.000000000000000
0.911505679717437 -0.108044400793762 0.000000000000000
0.949297861590242 -0.147891492494669 0.000000000000000
1.048199309076159 -0.153160230121450 0.000000000000000
0.726364856777946 0.022989409821749 0.000000000000000
0.499480157799826 0.009195700507289 0.000000000000000
0.809549071903125 0.032345796598220 0.000000000000000
0.983419055306256 0.005975873053314 0.000000000000000
0.993192562640306 -0.014262816177157 0.000000000000000
0.984520324054474 -0.033829226417170 0.000000000000000
0.968752707051090 -0.021445329011742 0.000000000000000
0.990281922764689 0.005438015333009 0.000000000000000
0.982917123985074 0.007880376066848 0.000000000000000
0.981399004725304 0.006395116794318 0.000000000000000
0.962996209676897 -0.001788410448000 0.000000000000000
0.956646836043580 -0.003821755007925 0.000000000000000
0.975493772319653 -0.002928500334016 0.000000000000000
1.044589997976838 -0.021243963926724 0.000000000000000
1.037159394385351 0.005724832971544 0.000000000000000
1.077488363111120 -0.003672357625796 0.000000000000000
0.885105225611518 0.007666493060474 0.000000000000000
0.916209589453218 0.004877220778577 0.000000000000000
0.911320445831811 0.009675931503603 0.000000000000000
0.863711916836242 0.950082877772186 0.000000000000000
0.919489579202233 0.918522357788394 0.000000000000000
0.780451785211692 0.918904662382027 0.000000000000000
0.952875819199290 -0.007747538744659 0.000000000000000
0.936463740439932 -0.006297912626891 0.000000000000000
1.012203119830012 -0.004092102434216 0.000000000000000
0.389547466563292 0.002570696106967 0.000000000000000
0.755543212346805 0.005011429460194 0.000000000000000
0.384462785709553 0.001381047961514 0.000000000000000
0.742092935704195 0.001840660385258 0.000000000000000
0.735326316401067 -0.003123139054868 0.000000000000000
0.390601063242905 -0.000372358043541 0.000000000000000
0.998184440887179 0.529400557678984 0.000000000000000
0.922152317236276 0.638698926271631 0.000000000000000
0.866622044349420 0.785754997880096 0.000000000000000
0.358808861703037 0.001109511431210 0.000000000000000
0.643034334507253 0.000958886144238 0.000000000000000
0.363269279408194 0.001022338616984 0.000000000000000
0.484078232795868 -0.002313914533167 0.000000000000000
0.760376297607444 -0.003433998989428 0.000000000000000
0.384546991218617 -0.003079615788426 0.000000000000000
0.854212354940421 0.048216296964884 0.000000000000000
0.962416053945464 0.031394712041405 0.000000000000000
0.404062828197156 0.002163658765474 0.000000000000000
0.764103354121271 0.006101630894463 0.000000000000000
0.407512139746725 0.000021027371559 0.000000000000000
0.756973387927155 -0.001880950367959 0.000000000000000
0.757828089261577 -0.003925393262270 0.000000000000000
0.398807003380643 -0.002197161902918 0.000000000000000
0.758128169788875 -0.004972011252241 0.000000000000000
0.402222885490323 -0.001404290366231 0.000000000000000
0.760035140302022 0.001920057490359 0.000000000000000
0.409473458366716 -0.000187573030798 0.000000000000000
0.400846342911342 -0.000613189833240 0.000000000000000
0.384565687398168 -0.008277326878248 0.000000000000000
0.842603477180472 -0.017049037456421 0.000000000000000
0.873114505664265 -0.015280381296182 0.000000000000000
0.836005077951361 -0.015696861935771 0.000000000000000
0.914403745823902 0.003802356768379 0.000000000000000
0.732267784795210 0.005608659193644 0.000000000000000
0.359112950360573 0.000211353401641 0.000000000000000
0.942873283244279 -0.000125442146306 0.000000000000000
0.760028611172650 0.002373062265372 0.000000000000000
0.853334082223638 0.000124810331681 0.000000000000000
0.830331817165173 0.001370453467806 0.000000000000000
0.864620039987265 -0.000782330417702 0.000000000000000
0.839494811221304 0.003665542386226 0.000000000000000
0.835556336507590 0.005483225330930 0.000000000000000
0.839895247034953 0.001200762024142 0.000000000000000
0.755404871842339 0.002709134992752 0.000000000000000
0.393809849183593 -0.000147865229567 0.000000000000000
0.406626894444997 0.003837128941341 0.000000000000000
0.747576865052375 0.000779977828549 0.000000000000000
0.854813826153171 -0.007073712878376 0.000000000000000
0.866241586172416 -0.006969315792765 0.000000000000000
0.856955960062482 -0.005744346605291 0.000000000000000
0.859422677172352 -0.000699147996176 0.000000000000000
0.833295788374664 0.000528000496856 0.000000000000000
0.415748077665216 -0.000003266228515 0.000000000000000
0.756337674129264 -0.002411337094335 0.000000000000000
0.742003856760521 0.000068498079538 0.000000000000000
0.400330884930618 -0.000454095513874 0.000000000000000
0.479803900094567 -0.645256118256288 0.000000000000000
0.751244488452933 -0.372795087881265 0.000000000000000
0.759334460820215 0.000944504424300 0.000000000000000
0.832452771249511 0.001965531144144 0.000000000000000
0.835793133325539 0.004507047781494 0.000000000000000
0.862789960220265 -0.004622616427814 0.000000000000000
0.844331863236826 -0.004400716535596 0.000000000000000
0.868305024114413 -0.004610841765415 0.000000000000000
0.995626039445019 0.003085616906774 0.000000000000000
0.994399865888839 0.003340050078742 0.000000000000000
0.844936210808288 0.008145559612472 0.000000000000000
0.837050072310758 0.009620942197314 0.000000000000000
0.812559280963481 0.008527084465548 0.000000000000000
0.841830453600296 0.009157766613243 0.000000000000000
0.806624080225616 0.006851093579350 0.000000000000000
0.855425145903219 -0.006783226078805 0.000000000000000
0.847494507521302 -0.008114304009641 0.000000000000000
0.868471956748540 -0.004126033928224 0.000000000000000
0.841908209848616 -0.004798872547066 0.000000000000000
0.897679759116994 -0.010772207458651 0.000000000000000
0.911811024617749 -0.014384720538965 0.000000000000000
0.938202315008244 -0.006654485425758 0.000000000000000
0.879180224431723 -0.016304483692619 0.000000000000000
0.716737729712953 -0.009573676652617 0.000000000000000
0.385001441630749 -0.000495333379370 0.000000000000000
0.751817594922383 -0.001385474245828 0.000000000000000
0.964847875339593 0.011390408046778 0.000000000000000
0.977492720023830 0.009457855417954 0.000000000000000
0.981150503054887 -0.007436852046511 0.000000000000000
0.961381716682251 -0.004018858427825 0.000000000000000
0.994199447516034 0.001441257518119 0.000000000000000
0.997230911157352 0.000360804819980 0.000000000000000
0.662066592529012 0.299956108272532 0.000000000000000
0.673370030657851 0.455514983636811 0.000000000000000
0.684046081253681 -0.265386212015249 0.000000000000000
0.822720846901462 0.021476721246766 0.000000000000000
0.830933420763496 0.007503426126794 0.000000000000000
0.798570988222334 0.011226511511187 0.000000000000000
0.840200178025313 -0.008854141227351 0.000000000000000
0.842190714436614 -0.004887400998594 0.000000000000000
0.801976416980804 -0.006431139948418 0.000000000000000
0.915351704991556 0.002150492951064 0.000000000000000
0.938364472407157 0.003701125166502 0.000000000000000
0.911782213975428 -0.004312011031347 0.000000000000000
0.906218868178155 -0.009338092182336 0.000000000000000
0.588338874772061 0.010358326925803 0.000000000000000
0.805213158690717 -0.830646485115041 0.000000000000000
0.679650353969438 -0.599862873769526 0.000000000000000
1.072426021444460 0.050298582679215 0.000000000000000
0.988202379724913 0.109286961644639 0.000000000000000
0.383371345874315 -0.000135404266785 0.000000000000000
0.761067064548028 0.001158881308477 0.000000000000000
0.534764708708491 -0.003126955392951 0.000000000000000
0.820211412769596 -0.005967253673729 0.000000000000000
0.371542457818069 -0.003410501002950 0.000000000000000
0.713559594271613 0.111145714379354 0.000000000000000
0.671532684288281 0.324713573605506 0.000000000000000
0.746083096992849 0.000592955200991 0.000000000000000
0.384802082676949 0.000254262477532 0.000000000000000
0.870706850259758 -0.000158470764500 0.000000000000000
0.836815141977322 0.000999666526368 0.000000000000000
0.882677448227949 0.012819630260684 0.000000000000000
0.860605167466959 -0.000252171585971 0.000000000000000
0.769585462354135 0.766606040597067 0.000000000000000
0.400975467750003 0.485479195854505 0.000000000000000
0.912688586948824 0.026534276914281 0.000000000000000
0.884000950603457 0.009141279374391 0.000000000000000
0.699397396013474 -0.011387401693333 0.000000000000000
0.337842653696921 0.003157149226717 0.000000000000000
0.991255340278050 0.002435438049420 0.000000000000000
0.987140341130197 0.000177504913479 0.000000000000000
0.975151247490254 0.008539738952743 0.000000000000000
0.974062454072442 0.018610099712163 0.000000000000000
0.886379722443149 0.018433724531545 0.000000000000000
0.848826917267467 0.022681160384083 0.000000000000000
0.841951960291951 0.017444254224502 0.000000000000000
0.875404805219595 0.000166231366901 0.000000000000000
0.876302034135433 -0.000500201733025 0.000000000000000
0.387920615989980 -0.000490360381483 0.000000000000000
0.689970064202036 0.000871962231838 0.000000000000000
0.396666521104178 0.001196415278280 0.000000000000000
0.399751940230879 -0.000690060344780 0.000000000000000
0.712593468749403 -0.002872912616374 0.000000000000000
0.400128237533983 -0.000396001625393 0.000000000000000
0.755195562767863 -0.004474814912321 0.000000000000000
0.303438635322406 -0.002939112771198 0.000000000000000
0.826938777879917 -0.003927588997953 0.000000000000000
0.920580210623543 -0.006794584575856 0.000000000000000
0.870687570930006 -0.088581634843574 0.000000000000000
0.795129437717877 -0.118639248703939 0.000000000000000
0.816814279706239 -0.080656889124462 0.000000000000000
0.878202102320420 -0.003806433361502 0.000000000000000
0.843587933214620 -0.001965701155822 0.000000000000000
0.806676742326009 -0.011831256203344 0.000000000000000
0.930054007341255 -0.012005978690992 0.000000000000000
0.849523484312297 -0.090509955871276 0.000000000000000
0.830486378555204 0.242724824754151 0.000000000000000
0.730706089538025 0.110768252709532 0.000000000000000
0.668409394492098 0.053769385994011 0.000000000000000
1.001517038302301 0.686638040062710 0.000000000000000
1.013673521034307 0.254399606101993 0.000000000000000
1.074209037186840 0.329884378294680 0.000000000000000
0.839415629262729 -0.017277602654232 0.000000000000000
0.799468845905323 -0.019203703196117 0.000000000000000
0.807475523147874 -0.007052145372472 0.000000000000000
0.726541299381366 0.001196173316606 0.000000000000000
0.811464681236340 -0.005847047357315 0.000000000000000
0.775363823766503 -0.002467766658601 0.000000000000000
0.833664945979155 -0.001732542254519 0.000000000000000
0.327890495803608 0.000272347426135 0.000000000000000
0.851304248837878 -0.016313439093235 0.000000000000000
0.903492268495185 -0.006037190328943 0.000000000000000
1.095183118835437 -0.252256121429996 0.000000000000000
1.056588858129643 -0.221882721147201 0.000000000000000
1.084875639188303 -0.260390929282984 0.000000000000000
0.821540595037347 0.424154610586091 0.000000000000000
0.689363879433518 0.865491987419440 0.000000000000000
0.914326860596799 0.565960161440879 0.000000000000000
0.794077388483217 -0.006240782366092 0.000000000000000
0.901381117471976 -0.006437531090215 0.000000000000000
1.139341987945570 -0.242338677555435 0.000000000000000
1.093670549272118 -0.227872284235829 0.000000000000000
1.128668563683324 -0.317976655251835 0.000000000000000
0.880548758371958 0.039134083881866 0.000000000000000
0.854670799320287 0.020181807837301 0.000000000000000
0.851510750670656 0.043238800887625 0.000000000000000
0.729232446320892 0.969374591360611 0.000000000000000
0.710091204269289 -0.183715334704510 0.000000000000000
0.530849581052736 -0.189177518973457 0.000000000000000
0.286433230069996 -0.100937033681944 0.000000000000000
0.975131875262033 0.003867280768515 0.000000000000000
0.985066281732440 0.004987843725432 0.000000000000000
0.991416609149517 -0.000489725936092 0.000000000000000
0.994408103803173 0.000233853594739 0.000000000000000
0.953024935720743 -0.007640636964776 0.000000000000000
0.953370528192638 -0.011912290621670 0.000000000000000
0.928719699991625 -0.232345218328352 0.000000000000000
0.849919414604830 -0.209859808984845 0.000000000000000
0.597928577894833 0.049253290628169 0.000000000000000
0.404175762589772 0.013628127898628 0.000000000000000
0.435547015407899 0.038610134214981 0.000000000000000
0.733353945006422 0.005875374819579 0.000000000000000
0.724769803741151 0.022125812022772 0.000000000000000
0.835167997163316 -0.560839764464813 0.000000000000000
0.798654845169880 -0.812925205509494 0.000000000000000
0.701410639689120 -0.900792207897669 0.000000000000000
1.022772839320494 0.010382878291076 0.000000000000000
1.013823400341766 0.025625575228612 0.000000000000000
1.034150094908400 0.030371546784951 0.000000000000000
0.396406508233536 0.000664546999719 0.000000000000000
0.710429504342281 0.003103154385811 0.000000000000000
0.410644917882171 0.001421262986948 0.000000000000000
0.408221865880925 -0.002035803827738 0.000000000000000
0.707998770649607 -0.003654520595330 0.000000000000000
0.393543836065828 -0.001056592419539 0.000000000000000
0.994976784998121 0.036434741832437 0.000000000000000
0.224242992077373 0.003694315478740 0.000000000000000
0.056988395615517 0.004944912845213 0.000000000000000
0.143664506120883 -0.016647575440472 0.000000000000000
0.949495546824297 0.017735814178490 0.000000000000000
0.957869575306074 0.030785334216931 0.000000000000000
0.627847178951905 -0.006324164275828 0.000000000000000
0.620594274695478 -0.014454291368046 0.000000000000000
0.698962707658642 -0.012187212959473 0.000000000000000
0.432880010048063 -0.658658248707246 0.000000000000000
0.325789432842922 -0.753068822761285 0.000000000000000
0.806312809454034 -0.007640694290027 0.000000000000000
0.891638258365865 -0.008634739286722 0.000000000000000
0.806324512075930 -0.006362359972262 0.000000000000000
0.901695226897128 0.017010469284186 0.000000000000000
0.919971050171767 0.018537435244354 0.000000000000000
0.927193668517596 0.011793501798616 0.000000000000000
0.285468240054411 0.033853882379094 0.000000000000000
0.424298649233595 0.064667404093251 0.000000000000000
1.042999654627967 -0.298321463681746 0.000000000000000
0.977137794695932 -0.234865936501047 0.000000000000000
0.945520656365632 -0.649408302106124 0.000000000000000
0.795584504583101 0.025189831691079 0.000000000000000
0.844327003211765 0.023231628983061 0.000000000000000
1.051379774929816 0.012932719644215 0.000000000000000
1.079727509845652 -0.002616559171103 0.000000000000000
1.063987908978389 0.000635659098025 0.000000000000000
0.495496387414736 -0.004896787654689 0.000000000000000
0.850696170789708 0.206291089715464 0.000000000000000
0.367401292070755 0.150208312539180 0.000000000000000
0.656160535680308 0.240505951144005 0.000000000000000
1.026403082148193 -0.021401708389531 0.000000000000000
1.036851782890346 -0.007179471533260 0.000000000000000
0.848507532424793 -0.878279856970754 0.000000000000000
0.374695748861982 -0.001904625924131 0.000000000000000
0.838332259492463 -0.033743382154234 0.000000000000000
0.884047534437233 -0.041113445398402 0.000000000000000
0.182174386930979 0.088678264832521 0.000000000000000
-0.011479635029710 -0.003486517855284 0.000000000000000
0.771267606885948 -0.000253747305036 0.000000000000000
0.768290162186956 0.000614161579425 0.000000000000000
0.663072715934962 -0.001451319506303 0.000000000000000
0.731436450082203 -0.001504443872101 0.000000000000000
0.834457998497346 -0.012709583412968 0.000000000000000
0.872374026005550 -0.010745312088560 0.000000000000000
0.950782144916363 -0.000746912331732 0.000000000000000
0.807062760974551 0.002870240727224 0.000000000000000
0.805105246747703 0.001028561054587 0.000000000000000
0.836849913442969 -0.005402762153291 0.000000000000000
0.839580669943926 -0.006545786586930 0.000000000000000
0.937030989645533 -0.011035107991433 0.000000000000000
0.957953926410406 -0.008121574141390 0.000000000000000
0.955445355092754 -0.008586585271185 0.000000000000000
1.030171731136666 -0.041225218318830 0.000000000000000
1.057841309415772 0.016800927655373 0.000000000000000
1.003703430615924 -0.020327906967567 0.000000000000000
0.855668952921818 -0.224517052273776 0.000000000000000
0.535143666850048 -0.035512038783068 0.000000000000000
0.917943869323926 -0.165047884716223 0.000000000000000
0.874854029099210 -0.004621501748038 0.000000000000000
0.871153877208803 -0.007011129523876 0.000000000000000
0.901576731553211 -0.012269248965923 0.000000000000000
0.960600219397057 -0.006365496568088 0.000000000000000
0.946518601472751 -0.001704117399928 0.000000000000000
0.995259802034221 -0.000387500599605 0.000000000000000
0.987549277993128 -0.001775958340720 0.000000000000000
0.833037057095325 0.671012998677674 0.000000000000000
0.960465252914753 0.294678271718936 0.000000000000000
1.070275211148682 0.024591948249198 0.000000000000000
1.040233426500990 0.011077780811319 0.000000000000000
0.685414423357357 -0.001284600389768 0.000000000000000
0.367825988108096 -0.000598292986869 0.000000000000000
0.369797617726834 0.000769686395257 0.000000000000000
0.686882613173999 0.001230694818105 0.000000000000000
0.879208045742207 0.077937377305880 0.000000000000000
1.025615637928144 0.045916797303313 0.000000000000000
1.063387218274365 0.026600699039690 0.000000000000000
0.798818396781739 0.013919641879307 0.000000000000000
0.841408076914809 0.009560990246221 0.000000000000000
0.928862255780865 0.012940904809371 0.000000000000000
0.944051768497138 0.002836202610200 0.000000000000000
0.901792385868141 0.487863902281510 0.000000000000000
1.164898868932875 0.154851781069194 0.000000000000000
1.129935450685342 0.215277873404846 0.000000000000000
1.076106138540559 0.185520525118775 0.000000000000000
0.822895546103932 0.005862392722149 0.000000000000000
0.815909835548312 0.004182522162302 0.000000000000000
0.818402310769054 -0.004821391764654 0.000000000000000
0.821714811902611 -0.006428944174007 0.000000000000000
0.620239080454218 0.011142716361734 0.000000000000000
0.623108246785926 0.005312632992901 0.000000000000000
0.687046856535759 0.008829697253868 0.000000000000000
0.691203102223117 -0.025758522598844 0.000000000000000
0.875968851357825 0.020527938568314 0.000000000000000
0.906239943236481 0.246536057636671 0.000000000000000
1.048208806914595 0.091645924404183 0.000000000000000
0.803414150427129 0.113051374222131 0.000000000000000
0.926755532297760 -0.033536989027306 0.000000000000000
0.920050749824174 -0.015210365216832 0.000000000000000
0.948918425879591 -0.024827963598500 0.000000000000000
0.867671500891858 0.231030959104231 0.000000000000000
0.904595007441751 0.263952772971406 0.000000000000000
1.079487089909269 -0.064019240343984 0.000000000000000
0.798997204409333 -0.406401329486555 0.000000000000000
0.949090737597952 -0.159042145584147 0.000000000000000
0.992109698543661 -0.001299183409736 0.000000000000000
0.889447934467349 0.863510172854326 0.000000000000000
0.990700227258861 -0.302481615372791 0.000000000000000
1.081737731678236 -0.288857658159920 0.000000000000000
1.023719979906403 -0.062664659656199 0.000000000000000
0.967232415920180 -0.045822102001362 0.000000000000000
0.774040193528601 -0.053199779720072 0.000000000000000
0.952550242232123 0.014902125318722 0.000000000000000
0.928544232852443 0.017620197430867 0.000000000000000
0.983507019847921 -0.003203486201589 0.000000000000000
0.972070382764465 -0.005951468934037 0.000000000000000
0.984077469519303 -0.003578359203759 0.000000000000000
0.271792460057083 0.005288053108047 0.000000000000000
0.312299714958838 -0.001323486429157 0.000000000000000
0.819482520696326 0.001789414080423 0.000000000000000
0.777358551115014 0.001929293412304 0.000000000000000
0.934302064666177 0.010334848228214 0.000000000000000
0.906039988440647 0.013645138192591 0.000000000000000
1.021641465428601 0.057390438362002 0.000000000000000
0.744805868177529 -0.021245394568687 0.000000000000000
0.671921077411135 -0.020228227516433 0.000000000000000
0.727042160777342 -0.016624404600079 0.000000000000000
0.630216744318143 -0.157018441146213 0.000000000000000
0.695690244681305 -0.328164676114271 0.000000000000000
0.722424844522738 0.054297624023367 0.000000000000000
0.340950929194153 -0.433136127846191 0.000000000000000
0.746290829396230 -0.497272757490520 0.000000000000000
0.907046052325900 -0.013518953336438 0.000000000000000
0.911281403213307 -0.013313964399920 0.000000000000000
0.718400571009221 -0.750564837700792 0.000000000000000
0.902630621519138 -0.071906127180180 0.000000000000000
0.911838899309782 -0.089519181299525 0.000000000000000
0.967129724677461 0.012236202046082 0.000000000000000
0.985457245900548 -0.006655558550773 0.000000000000000
0.846965536153343 -0.011612786441336 0.000000000000000
0.918849297079448 -0.053743720046033 0.000000000000000
0.944163945241373 0.048182792974846 0.000000000000000
0.906311993903117 0.044698076344727 0.000000000000000
0.976168676665344 -0.050655420157608 0.000000000000000
1.019796485948741 -0.034708001020830 0.000000000000000
0.868221634404902 0.004700938177040 0.000000000000000
0.711345232519870 0.004148668074186 0.000000000000000
0.786131264184459 0.007794595212924 0.000000000000000
0.755005167105973 -0.007690430213359 0.000000000000000
0.747996783041730 -0.015462087140035 0.000000000000000
0.757293808890760 -0.003722481205132 0.000000000000000
0.780560672390748 -0.000735928919339 0.000000000000000
0.849764316143829 -0.673973975847973 0.000000000000000
0.384116672274745 -0.157723081395066 0.000000000000000
0.431566605829509 -0.351804608862595 0.000000000000000
0.338530614417973 -0.189673851943185 0.000000000000000
0.697807691253649 -0.000356476978632 0.000000000000000
0.688573069609186 -0.005409694090519 0.000000000000000
0.391363000812027 0.000929969830434 0.000000000000000
1.003620510786599 0.198566194032752 0.000000000000000
0.916113498759789 -0.086692368424840 0.000000000000000
0.827050688885173 -0.069457975222030 0.000000000000000
0.403659409495906 -0.001650942265526 0.000000000000000
1.065077152538239 0.052358243639111 0.000000000000000
0.743526229050571 -0.104645398922417 0.000000000000000
0.986835302642793 -0.121231208984808 0.000000000000000
0.806066238290096 -0.149700550176656 0.000000000000000
0.971260045496396 0.045189541343895 0.000000000000000
1.048965589848674 0.021627487104062 0.000000000000000
1.018345547426097 -0.027551544739572 0.000000000000000
0.873324699575480 -0.000103171386998 0.000000000000000
0.866407776511243 -0.000869127905773 0.000000000000000
0.873690742181600 -0.000730682275877 0.000000000000000
0.372548985181058 0.000598303186762 0.000000000000000
0.677687534875978 0.000828112056465 0.000000000000000
0.987381600290322 0.056952936384178 0.000000000000000
0.967374988175781 0.001206261974675 0.000000000000000
0.946195850128609 -0.004019355127097 0.000000000000000
0.381586354285340 -0.000543901231543 0.000000000000000
0.715678803971140 0.003305625645615 0.000000000000000
0.398148156092572 0.004647842572329 0.000000000000000
0.380652897831937 0.000756969145819 0.000000000000000
0.699284084569443 0.002424484810258 0.000000000000000
0.391624550884289 0.001204049631028 0.000000000000000
0.938783015122584 0.151728635951144 0.000000000000000
0.743955359015918 0.043411835543017 0.000000000000000
0.850038084341827 0.090864954424555 0.000000000000000
0.693466431804977 0.406876359979631 0.000000000000000
0.577817306824190 0.334250669891914 0.000000000000000
0.549838642673713 0.453833291147696 0.000000000000000
0.983172086978242 -0.003463324112226 0.000000000000000
0.911540748014524 0.017839586406523 0.000000000000000
1.026715213628838 0.059315654410041 0.000000000000000
1.012306870747540 0.060496848564503 0.000000000000000
0.860228217780602 -0.008184541735768 0.000000000000000
0.847014382063026 -0.003896376486341 0.000000000000000
0.867480560742732 -0.006645191190320 0.000000000000000
0.839402880420896 -0.011375413246935 0.000000000000000
0.801017306751304 -0.004636861809226 0.000000000000000
0.854388300061177 -0.009771703755444 0.000000000000000
0.869643793972317 -0.004293851711806 0.000000000000000
0.868346562476977 -0.002055579628307 0.000000000000000
0.873358973333674 -0.003607979012276 0.000000000000000
0.869296874942568 -0.000086688520769 0.000000000000000
0.866930705088248 -0.000032856317126 0.000000000000000
0.855621861203207 -0.000398006265468 0.000000000000000
0.849543813486048 0.000640180174068 0.000000000000000
0.824158299454923 0.001980146846828 0.000000000000000
0.810829974908801 0.002975914481199 0.000000000000000
0.547143821610523 0.016183690984992 0.000000000000000
0.616412439058452 0.020302734202236 0.000000000000000
0.871528282907973 0.000041564143680 0.000000000000000
0.862233413224837 -0.001066059022267 0.000000000000000
0.841448452451857 0.000520874706194 0.000000000000000
0.870589641874959 0.001130371632176 0.000000000000000
0.864144365877232 0.000813215839463 0.000000000000000
0.870888537570922 -0.000354837126988 0.000000000000000
0.847693095075455 -0.000430363976914 0.000000000000000
0.373397230418902 -0.000865124121228 0.000000000000000
0.847298239985971 0.004511945698205 0.000000000000000
0.763105922951598 0.000518980616669 0.000000000000000
0.691478492806876 0.021917484076401 0.000000000000000
0.622537647080626 0.025837833974307 0.000000000000000
0.564367269487552 0.161474901795391 0.000000000000000
0.888235087359882 0.176573659588245 0.000000000000000
0.653909162342104 -0.008086453501109 0.000000000000000
0.982513740096301 0.010377297673004 0.000000000000000
0.990594773255145 -0.050326785982562 0.000000000000000
0.895306214056374 -0.000544433146899 0.000000000000000
0.912440780545137 -0.001867838182844 0.000000000000000
0.926030054240848 -0.000853912383218 0.000000000000000
0.416920477214968 0.019785308589028 0.000000000000000
0.344514208885864 0.002503113110577 0.000000000000000
0.999310331690772 0.000320637746807 0.000000000000000
0.971055168925120 -0.005322928077661 0.000000000000000
0.979980810257720 -0.002855021148993 0.000000000000000
0.471886113871109 0.002452020864736 0.000000000000000
0.446628109638840 0.010743531472258 0.000000000000000
0.359394572289330 0.002024060794780 0.000000000000000
0.945076355625274 0.014243250002316 0.000000000000000
0.800507786162382 0.001119781715509 0.000000000000000
0.801247617942866 0.000868505437607 0.000000000000000
0.175920852347804 0.001166151183661 0.000000000000000
0.170475281489484 -0.000428313861890 0.000000000000000
0.354654779036887 -0.001784391194859 0.000000000000000
0.584859646741226 0.002586090037836 0.000000000000000
0.950163721778075 -0.229476465184293 0.000000000000000
0.722541784252881 -0.159991147225238 0.000000000000000
0.892747917822847 -0.282608393804915 0.000000000000000
0.294695108792490 -0.135670912196761 0.000000000000000
0.178909763244755 -0.094271575487379 0.000000000000000
0.071310793538678 -0.047908266075256 0.000000000000000
-0.007449917037669 -0.000310798529447 0.000000000000000
0.010452539400083 -0.018710187978830 0.000000000000000
0.829659940068848 -0.285908700146579 0.000000000000000
0.758075380218668 -0.253178470199334 0.000000000000000
0.154596370120082 -0.091428437267685 0.000000000000000
0.260271880781419 -0.148481500740110 0.000000000000000
0.548970812675023 -0.239231379063940 0.000000000000000
0.311051791124313 -0.140733857644781 0.000000000000000
0.639687866683405 -0.003772667228885 0.000000000000000
0.717077455161259 -0.025372361447661 0.000000000000000
0.617079588588979 0.016776980066751 0.000000000000000
0.975539910652063 -0.001223633736231 0.000000000000000
-0.001365674113486 -0.000251524736032 0.000000000000000
0.775546449811806 -0.001690175735656 0.000000000000000
0.840120912774669 -0.011428678426567 0.000000000000000
0.865805830262558 -0.000544064006519 0.000000000000000
0.861832423449524 -0.002629466623541 0.000000000000000
0.848183053975526 0.001035378973458 0.000000000000000
0.831023681238993 -0.003583954762627 0.000000000000000
0.095976037115430 0.051711846401538 0.000000000000000
0.145714375904572 0.026780861204892 0.000000000000000
0.467091621786540 -0.002827483267923 0.000000000000000
0.580466313177243 -0.002874803123937 0.000000000000000
0.596478445443158 -0.004077593121018 0.000000000000000
0.897789075926943 -0.012384266999786 0.000000000000000
0.901629677495000 -0.011132137221834 0.000000000000000
0.865977134267266 -0.013641835696109 0.000000000000000
0.888138283173570 -0.005258651688236 0.000000000000000
0.689535350269100 -0.002406944834259 0.000000000000000
0.803144264170943 0.032342760057197 0.000000000000000
0.932277765235449 0.061976115314283 0.000000000000000
0.788349738832762 -0.013695937100043 0.000000000000000
0.884337644045480 -0.000001685401422 0.000000000000000
0.905193406918765 0.102081855766239 0.000000000000000
0.983156536022918 0.070448216639745 0.000000000000000
0.503514542895732 0.153056346137637 0.000000000000000
0.437014014397480 -0.010318979392440 0.000000000000000
0.697872559439459 -0.089506419642837 0.000000000000000
0.772659536009558 -0.060283890657307 0.000000000000000
0.661040799156121 0.175877162200169 0.000000000000000
0.391227142169770 0.140263616595116 0.000000000000000
0.723628019028714 0.001196935942297 0.000000000000000
0.654202003326738 0.001028253213973 0.000000000000000
0.679936318929511 -0.077335466938735 0.000000000000000
0.841216905085136 0.588543804553854 0.000000000000000
0.764454720762280 0.799549954413644 0.000000000000000
0.828010817309571 0.556864318981352 0.000000000000000
0.372217221276293 -0.031093434527447 0.000000000000000
0.866102593213001 0.000835714562089 0.000000000000000
0.900137500143744 0.000806962999769 0.000000000000000
0.735447605496346 -0.199296980945734 0.000000000000000
0.868986540102417 0.004351016724881 0.000000000000000
0.902433281714310 0.007930016335051 0.000000000000000
1.050794160472304 -0.137376313880149 0.000000000000000
1.028302425087670 -0.096637814465189 0.000000000000000
0.746433737463970 0.004779759646777 0.000000000000000
-0.006425571956926 -0.011490306887506 0.000000000000000
-0.000905774515286 0.014127109638046 0.000000000000000
0.194256312529170 -0.040398622079587 0.000000000000000
0.840463640671142 -0.001977701874704 0.000000000000000
0.844938809507982 -0.000155839825400 0.000000000000000
0.484079085436833 -0.349709548446394 0.000000000000000
0.956065329891327 -0.178994760162243 0.000000000000000
0.961007124795523 -0.200706363050836 0.000000000000000
0.977690011735133 0.146585922155071 0.000000000000000
1.002435379035894 0.159972603254963 0.000000000000000
0.353179767593082 -0.117232312043285 0.000000000000000
0.497816990144583 -0.052404700936252 0.000000000000000
0.955128379376417 -0.007518793872894 0.000000000000000
0.931195033941483 -0.007954677222870 0.000000000000000
0.992113686155278 0.045371297346997 0.000000000000000
0.395289788154213 -0.065360323054293 0.000000000000000
0.643027095492005 -0.073496380484652 0.000000000000000
0.483695047314573 0.018921980710875 0.000000000000000
0.382081048994988 0.017041483284746 0.000000000000000
0.441125316320353 0.018899701308269 0.000000000000000
1.003437640036736 -0.215220158903061 0.000000000000000
0.749448503409136 -0.019323762752875 0.000000000000000
0.801274700500119 -0.014594946365871 0.000000000000000
1.172713389750008 -0.167853016894475 0.000000000000000
1.124819366376632 -0.254057142934388 0.000000000000000
0.860493662367036 -0.005469714993958 0.000000000000000
0.858956240923399 -0.002926814508154 0.000000000000000
0.822748157801497 -0.003753074482782 0.000000000000000
0.819248076832422 0.001568677302223 0.000000000000000
0.307153468090960 0.000829405402695 0.000000000000000
0.808832094646383 -0.003244454262490 0.000000000000000
0.812228302571734 -0.003868218308964 0.000000000000000
0.990555709575050 0.001051004340360 0.000000000000000
0.744396550733223 0.010711247620685 0.000000000000000
0.744666315730624 0.019050007535826 0.000000000000000
0.080384551208135 0.049575468325169 0.000000000000000
0.810558908337603 0.004510283352868 0.000000000000000
0.862540679009435 -0.008487936936982 0.000000000000000
0.870532408562504 -0.004290368300815 0.000000000000000
0.999911503444170 0.000669522044765 0.000000000000000
0.999406010665545 0.000444724818978 0.000000000000000
0.881557225981136 -0.002036536932554 0.000000000000000
0.878143934913966 -0.000621395604406 0.000000000000000
0.954902483264641 0.262046740545640 0.000000000000000
0.797013710638881 0.162698724534683 0.000000000000000
0.979931498237089 0.211873727098023 0.000000000000000
0.842736684086846 -0.001183976575295 0.000000000000000
0.874896188652939 -0.000801647857300 0.000000000000000
0.867918345219036 0.001927601556855 0.000000000000000
0.421062386476122 -0.015828856699058 0.000000000000000
0.373957523230879 -0.018881424505050 0.000000000000000
0.464692745394373 -0.017449557520380 0.000000000000000
0.288274739005228 -0.013686789398337 0.000000000000000
0.333278802471289 -0.042969856857446 0.000000000000000
1.115858069993127 0.121956727799263 0.000000000000000
0.535026089418861 0.142995525407011 0.000000000000000
0.909264665725889 0.025635447404826 0.000000000000000
0.801263353240640 0.001049791835842 0.000000000000000
0.856061243445918 0.000561377082932 0.000000000000000
0.871295640700901 -0.002212371812109 0.000000000000000
0.873442699603970 -0.001063843902363 0.000000000000000
0.882871899149361 -0.000295861306722 0.000000000000000
0.826949347815393 0.004924577114808 0.000000000000000
0.821843633234365 0.004785369339363 0.000000000000000
0.754196880076473 0.001478010061659 0.000000000000000
0.789521858156673 0.008084337628848 0.000000000000000
0.211481919070057 0.123560186393859 0.000000000000000
0.374631418122097 0.192140359107108 0.000000000000000
0.218000137250080 0.056225731646602 0.000000000000000
0.240759292043228 -0.034703033289795 0.000000000000000
0.745984307748334 0.026680673715220 0.000000000000000
0.750179111361795 0.024612583055986 0.000000000000000
1.011403927742681 0.131629650381445 0.000000000000000
0.983195688890028 0.000654077300380 0.000000000000000
0.967768090984383 0.000846562097180 0.000000000000000
0.729500922528624 0.000734649362555 0.000000000000000
0.821225392472615 0.005440092605006 0.000000000000000
0.741797783937981 0.002893437617626 0.000000000000000
0.843561613698216 0.243922382899020 0.000000000000000
0.882006596579433 0.048906662835797 0.000000000000000
0.926155762956243 0.080604469459385 0.000000000000000
0.842233727712318 0.007222503258213 0.000000000000000
0.819822119333884 0.006999117098370 0.000000000000000
0.821373148380992 -0.004399191521188 0.000000000000000
0.827288238211435 -0.007624283311307 0.000000000000000
0.861651868211389 -0.004653288187279 0.000000000000000
0.865981803399402 -0.008950184607442 0.000000000000000
0.556135286293357 -0.153109078630948 0.000000000000000
0.528764393920851 -0.150065238122278 0.000000000000000
0.822380044694826 -0.000694265921811 0.000000000000000
0.970620587656042 0.212052624487929 0.000000000000000
0.868415745098061 0.005081886500229 0.000000000000000
0.374547663871732 0.558942918406799 0.000000000000000
0.621300671022060 0.856377709071432 0.000000000000000
0.857568452428353 -0.000534320830587 0.000000000000000
0.643575414643475 -0.001150120843027 0.000000000000000
0.786731394744057 -0.000744651918273 0.000000000000000
0.542745133364502 0.047213214038195 0.000000000000000
0.791855579595038 0.065794321697748 0.000000000000000
0.589674123027325 0.043170310950457 0.000000000000000
0.707797333467012 0.041267731810964 0.000000000000000
0.414724980969457 0.134733356446734 0.000000000000000
0.895009886002114 -0.003827925569956 0.000000000000000
0.903306542291004 -0.007302447767532 0.000000000000000
0.848846874566684 0.005005277277676 0.000000000000000
0.853074947251787 0.010313738928501 0.000000000000000
0.250415869167722 0.012042962477087 0.000000000000000
0.841020467892006 -0.008765423636933 0.000000000000000
0.853940815789071 -0.000826887469956 0.000000000000000
0.847682022447995 0.003224644349802 0.000000000000000
0.812426865154320 0.004721140451710 0.000000000000000
0.854133840652418 0.000839161206578 0.000000000000000
0.808447795597598 0.001561258799875 0.000000000000000
0.851907955349580 -0.007324996601193 0.000000000000000
0.887551218305874 -0.011642163724014 0.000000000000000
0.584592035291360 -0.019455957527327 0.000000000000000
0.604524974771842 -0.020294230878687 0.000000000000000
0.994347611159880 0.000391253172432 0.000000000000000
0.854253057392166 -0.344822512400526 0.000000000000000
0.938847600411281 -0.212527366364541 0.000000000000000
0.935974964000564 -0.105842466106590 0.000000000000000
0.520466895351932 0.053351226896172 0.000000000000000
0.774228313276348 -0.111752057104930 0.000000000000000
0.315062615930833 -0.000654282391872 0.000000000000000
0.748369283382808 0.008037672415901 0.000000000000000
0.891584007688101 0.006430241568964 0.000000000000000
0.626539065693605 -0.000768279818533 0.000000000000000
0.824115157073638 -0.014867183155252 0.000000000000000
0.528076536830346 -0.014949090355029 0.000000000000000
0.988834242790873 0.001557215869551 0.000000000000000
0.868983215885513 -0.000710244902865 0.000000000000000
0.603383421919084 0.000296322615902 0.000000000000000
0.682676390695016 -0.054295139030678 0.000000000000000
1.063335423980953 -0.242146643963398 0.000000000000000
0.943728345852246 -0.071194253695074 0.000000000000000
0.970177574796119 -0.068122918354838 0.000000000000000
0.819968939327426 -0.003810090608697 0.000000000000000
0.866670654738684 -0.005919878742337 0.000000000000000
0.818472472262525 0.003350597042931 0.000000000000000
0.844480416347816 0.004110441015985 0.000000000000000
0.813316246341187 -0.002666056708063 0.000000000000000
0.861838531949616 -0.003328254766776 0.000000000000000
0.802024757402257 -0.000980284415483 0.000000000000000
0.801075532343274 0.000956805889657 0.000000000000000
0.835846519399907 -0.004239643919376 0.000000000000000
0.884471332635514 -0.008632120388620 0.000000000000000
0.807788871736094 0.000180139642827 0.000000000000000
0.852733896237615 0.000440136759763 0.000000000000000
0.958725022174301 0.004099675596381 0.000000000000000
0.972360764785292 0.005207689970741 0.000000000000000
0.955671919235720 0.007812158606352 0.000000000000000
0.677234444614318 0.025542487793749 0.000000000000000
0.601544754710472 0.027583175730422 0.000000000000000
0.983303522963766 0.003301855545034 0.000000000000000
0.881655898485585 -0.011376879433676 0.000000000000000
0.182725903228797 -0.018370948173613 0.000000000000000
0.188569884139498 -0.006380887427589 0.000000000000000
1.013575845614127 -0.083258751740124 0.000000000000000
0.924447503410463 0.000446727321189 0.000000000000000
0.915539637169182 0.112796925446900 0.000000000000000
0.988668850933504 0.086484675827256 0.000000000000000
1.088320629352440 -0.070823221247251 0.000000000000000
0.582727065318780 -0.487944650815730 0.000000000000000
0.560337332972131 -0.061541744043893 0.000000000000000
0.619037940674280 -0.099775850884929 0.000000000000000
0.860186051927623 -0.000476186057146 0.000000000000000
0.736954519617007 -0.009674118568589 0.000000000000000
0.710555947057618 -0.009893962745041 0.000000000000000
0.823732948021929 -0.010635675630741 0.000000000000000
0.801901524063586 0.008958126282632 0.000000000000000
0.783591253313581 0.009957403666122 0.000000000000000
0.732454938637059 0.007713341930467 0.000000000000000
0.958235758329723 0.001886805527660 0.000000000000000
0.949537311303644 0.000542331484061 0.000000000000000
0.442921901132781 0.007199402811194 0.000000000000000
0.669521505276895 -0.003895458946351 0.000000000000000
0.232449800695123 -0.000598996768207 0.000000000000000
0.218320143104542 0.025784702470427 0.000000000000000
0.761714791686918 0.007968630289213 0.000000000000000
0.705977141632442 -0.002285772202787 0.000000000000000
0.814306623474192 -0.007911665075273 0.000000000000000
0.994104476194381 0.002418067441821 0.000000000000000
0.950079547874589 -0.060236798792945 0.000000000000000
0.978427668361562 0.023454085674803 0.000000000000000
0.905777785946522 -0.043976647151289 0.000000000000000
0.615196703839746 -0.002199158665698 0.000000000000000
0.839566000880984 0.003779775349653 0.000000000000000
0.610846494806496 0.010061886743426 0.000000000000000
0.873082543279123 0.015705001286176 0.000000000000000
0.822636543014799 -0.126560970957279 0.000000000000000
0.637080689269869 -0.006205476840434 0.000000000000000
0.608667141627644 0.003052725345346 0.000000000000000
0.858651894853313 -0.470904957490069 0.000000000000000
0.280391350165039 0.000404410293640 0.000000000000000
0.269810839797775 0.001442528663601 0.000000000000000
0.901173410763172 -0.085684129253875 0.000000000000000
0.831818902113897 -0.007936516383103 0.000000000000000
0.908745031482003 0.094564144844668 0.000000000000000
0.847095855795502 0.099765085147027 0.000000000000000
0.807313817539013 0.000973528078757 0.000000000000000
0.805761681923809 -0.706656768040648 0.000000000000000
0.809660728871401 -0.681781284445670 0.000000000000000
0.595198105311160 -0.028243332023960 0.000000000000000
0.998889952033968 0.000808428393285 0.000000000000000
0.998078764523437 0.001574798402658 0.000000000000000
0.778424920933490 -0.108904254096907 0.000000000000000
0.914192341358120 0.179068258192319 0.000000000000000
0.485047629546702 0.124176680496587 0.000000000000000
0.908638754461826 -0.063752598819931 0.000000000000000
0.777099551872241 0.000225434836559 0.000000000000000
0.774945310674066 -0.000329384777750 0.000000000000000
0.364269314240710 -0.018061989754903 0.000000000000000
0.346255180595516 0.036380075561988 0.000000000000000
0.951073118797112 0.011167769337065 0.000000000000000
0.728042937907176 -0.010921001777100 0.000000000000000
0.787343348135974 -0.013882807815908 0.000000000000000
0.746657373071263 -0.313015139889888 0.000000000000000
0.902567694829685 -0.011973699756626 0.000000000000000
0.951041793372752 -0.201638541290228 0.000000000000000
0.926971988629572 -0.001478220471355 0.000000000000000
0.951383544252977 0.087793925454711 0.000000000000000
0.842025770081779 0.070405649781994 0.000000000000000
0.251464714539321 0.002057745141543 0.000000000000000
0.415185238641298 0.065805550354558 0.000000000000000
0.542417740712689 0.010276874634697 0.000000000000000
0.532325528210187 -0.009121013655897 0.000000000000000
1.013933954281316 0.159599392995800 0.000000000000000
0.939708132341849 0.139161691959875 0.000000000000000
0.959800706275868 0.012559961228209 0.000000000000000
1.007065614198591 0.221683183417229 0.000000000000000
0.186230893177847 0.012394535702346 0.000000000000000
0.991513093421662 0.042546663879929 0.000000000000000
0.987666917531840 0.118432633243922 0.000000000000000
0.930777960153115 0.005028534226418 0.000000000000000
0.820676553285804 0.004583790593747 0.000000000000000
0.860438380348860 0.008950106545350 0.000000000000000
0.959964474574369 0.011140094534689 0.000000000000000
0.227484781207304 -0.010755475447318 0.000000000000000
0.179365649272032 -0.012890399488690 0.000000000000000
0.819510179226037 -0.527368703121406 0.000000000000000
0.956225261756458 0.163355907437665 0.000000000000000
1.061907053412512 -0.007016087652157 0.000000000000000
0.860130363834153 0.681108708141647 0.000000000000000
1.051462841145903 -0.189890593141948 0.000000000000000
0.402107798758237 0.031643613515573 0.000000000000000
0.948959247647519 0.009639881079390 0.000000000000000
1.090962530824163 -0.264799111484712 0.000000000000000
0.704631993032250 0.109935005711960 0.000000000000000
0.886732006714855 0.371644928447674 0.000000000000000
0.851102505929228 -0.029042741727906 0.000000000000000
0.508288330362298 0.024581892704630 0.000000000000000
0.795308255144193 -0.396650780713491 0.000000000000000
0.967426524249506 0.112692658453536 0.000000000000000
0.357920758603200 0.024227134637372 0.000000000000000
0.473242543231933 0.092763298382103 0.000000000000000
1.010992588449286 -0.208131767006054 0.000000000000000
0.949476988890611 -0.180281907377684 0.000000000000000
1.100777368936866 -0.152389371128603 0.000000000000000
0.816160288912715 -0.006903458646566 0.000000000000000
