# vtk DataFile Version 3.0
    
ASCII
DATASET UNSTRUCTURED_GRID
POINTS 2009 float
0 0 0
1.5 0 0
5 0 0
5 1 0
1.5 1 0
0 1 0
0.6 0.45 0
0.8 0.45 0
0 0.7 0
0 0.3 0
0.1 0 0
0.2 0 0
0.3 0 0
0.4 0 0
0.5 0 0
0.6 0 0
0.7 0 0
0.8 0 0
0.9 0 0
1 0 0
1.1 0 0
1.2 0 0
1.3 0 0
1.4 0 0
0.05 0 0
0.15 0 0
0.25 0 0
0.35 0 0
0.45 0 0
0.55 0 0
0.65 0 0
0.75 0 0
0.85 0 0
0.95 0 0
1.05 0 0
1.15 0 0
1.25 0 0
1.35 0 0
1.45 0 0
1.5984 0 0
1.69956 0 0
1.80357 0 0
1.91051 0 0
2.02044 0 0
2.13347 0 0
2.24968 0 0
2.36916 0 0
2.49199 0 0
2.61828 0 0
2.74812 0 0
2.8816 0 0
3.01884 0 0
3.15994 0 0
3.30501 0 0
3.45415 0 0
3.60749 0 0
3.76514 0 0
3.92722 0 0
4.09385 0 0
4.26518 0 0
4.44131 0 0
4.6224 0 0
4.80858 0 0
1.5492 0 0
1.64898 0 0
1.75157 0 0
1.85704 0 0
1.96547 0 0
2.07696 0 0
2.19158 0 0
2.30942 0 0
2.43057 0 0
2.55513 0 0
2.6832 0 0
2.81486 0 0
2.95022 0 0
3.08939 0 0
3.23248 0 0
3.37958 0 0
3.53082 0 0
3.68631 0 0
3.84618 0 0
4.01054 0 0
4.17951 0 0
4.35324 0 0
4.53186 0 0
4.71549 0 0
4.90429 0 0
5 0.2 0
5 0.4 0
5 0.6 0
5 0.8 0
5 0.1 0
5 0.3 0
5 0.5 0
5 0.7 0
5 0.9 0
4.80858 1 0
4.6224 1 0
4.44131 1 0
4.26518 1 0
4.09385 1 0
3.92722 1 0
3.76514 1 0
3.60749 1 0
3.45415 1 0
3.30501 1 0
3.15994 1 0
3.01884 1 0
2.8816 1 0
2.74812 1 0
2.61828 1 0
2.49199 1 0
2.36916 1 0
2.24968 1 0
2.13347 1 0
2.02044 1 0
1.91051 1 0
1.80357 1 0
1.69956 1 0
1.5984 1 0
4.90429 1 0
4.71549 1 0
4.53186 1 0
4.35324 1 0
4.17951 1 0
4.01054 1 0
3.84618 1 0
3.68631 1 0
3.53082 1 0
3.37958 1 0
3.23248 1 0
3.08939 1 0
2.95022 1 0
2.81486 1 0
2.6832 1 0
2.55513 1 0
2.43057 1 0
2.30942 1 0
2.19158 1 0
2.07696 1 0
1.96547 1 0
1.85704 1 0
1.75157 1 0
1.64898 1 0
1.5492 1 0
1.4 1 0
1.3 1 0
1.2 1 0
1.1 1 0
1 1 0
0.9 1 0
0.8 1 0
0.7 1 0
0.6 1 0
0.5 1 0
0.4 1 0
0.3 1 0
0.2 1 0
0.1 1 0
1.45 1 0
1.35 1 0
1.25 1 0
1.15 1 0
1.05 1 0
0.95 1 0
0.85 1 0
0.75 1 0
0.65 1 0
0.55 1 0
0.45 1 0
0.35 1 0
0.25 1 0
0.15 1 0
0.05 1 0
0.629289 0.379289 0
0.7 0.35 0
0.770711 0.379289 0
0.607612 0.411732 0
0.661732 0.357612 0
0.738268 0.357612 0
0.792388 0.411732 0
0.770711 0.520711 0
0.7 0.55 0
0.629289 0.520711 0
0.792388 0.488268 0
0.738268 0.542388 0
0.661732 0.542388 0
0.607612 0.488268 0
0 0.9 0
0 0.8 0
0 0.95 0
0 0.85 0
0 0.75 0
0 0.6 0
0 0.5 0
0 0.4 0
0 0.65 0
0 0.55 0
0 0.45 0
0 0.35 0
0 0.2 0
0 0.1 0
0 0.25 0
0 0.15 0
0 0.05 0
1.2978 0.499711 0
1.79709 0.499826 0
2.30064 0.491275 0
2.8136 0.477753 0
0.316298 0.570376 0
0.332973 0.296713 0
1.05664 0.309074 0
3.31479 0.509368 0
1.03884 0.689134 0
3.80464 0.5 0
1.54784 0.696439 0
1.55032 0.315344 0
4.27598 0.50411 0
0.568919 0.757099 0
2.0488 0.687669 0
2.0513 0.317316 0
0.826423 0.741648 0
1.28313 0.750078 0
1.30684 0.249521 0
2.55157 0.690295 0
2.52399 0.319819 0
1.79464 0.752722 0
1.79256 0.245389 0
0.996049 0.488982 0
0.873213 0.208732 0
0.523209 0.208201 0
3.05377 0.314972 0
3.02549 0.679303 0
0.204926 0.802363 0
2.2897 0.734679 0
2.30315 0.2565 0
0.207145 0.44317 0
0.423367 0.454442 0
3.53535 0.708296 0
3.54055 0.281457 0
0.495228 0.605994 0
0.391218 0.739886 0
0.72325 0.176936 0
1.49563 0.5 0
2.79827 0.74665 0
2.79621 0.247734 0
4.65106 0.356407 0
0.176771 0.167528 0
4.06039 0.304818 0
4.05549 0.688548 0
0.917214 0.355743 0
0.89207 0.609444 0
4.56786 0.685837 0
1.98201 0.492321 0
0.971267 0.845485 0
1.13594 0.834042 0
1.44025 0.830412 0
3.29807 0.233045 0
3.2974 0.77177 0
1.16178 0.163997 0
1.14503 0.559529 0
1.45608 0.165527 0
0.150916 0.615107 0
1.64287 0.834385 0
1.64287 0.165615 0
0.705315 0.836155 0
0.496678 0.344694 0
1.20447 0.371119 0
0.694717 0.692238 0
1.39626 0.631125 0
0.372142 0.139576 0
1.94418 0.841334 0
1.94418 0.158666 0
2.5258 0.502689 0
3.79991 0.746058 0
3.78176 0.246882 0
1.64658 0.560503 0
1.40072 0.369797 0
1.69452 0.377085 0
1.01387 0.153972 0
1.8954 0.62719 0
1.89998 0.362159 0
4.35515 0.254689 0
2.12532 0.83301 0
2.13244 0.171507 0
4.30394 0.761047 0
2.14569 0.553851 0
0.599209 0.264586 0
0.485162 0.867298 0
0.138876 0.318846 0
2.99928 0.5 0
2.44806 0.169037 0
2.44806 0.830963 0
0.77617 0.260931 0
2.1923 0.373812 0
0.835014 0.876369 0
2.39383 0.620807 0
2.39894 0.370986 0
0.589377 0.623914 0
1.1639 0.686698 0
0.311874 0.868565 0
0.799922 0.626904 0
2.6434 0.829622 0
2.63372 0.167232 0
0.283433 0.4875 0
3.48784 0.523838 0
1.24818 0.856661 0
2.95172 0.116085 0
2.95172 0.883915 0
1.33905 0.125048 0
1.09276 0.416631 0
2.62812 0.568049 0
0.60605 0.114678 0
0.144011 0.878652 0
1.66905 0.655935 0
0.517099 0.515744 0
0.931687 0.716673 0
1.75262 0.849512 0
1.75353 0.148089 0
2.69869 0.376618 0
0.894924 0.500496 0
0.801301 0.112772 0
1.26474 0.621164 0
4.77327 0.537659 0
0.280975 0.726749 0
2.90107 0.637046 0
2.90118 0.3711 0
0.113352 0.526946 0
3.9991 0.497413 0
3.15355 0.167786 0
3.1542 0.836411 0
0.112689 0.725535 0
4.7624 0.762928 0
1.54343 0.897257 0
1.58895 0.418028 0
0.96485 0.264361 0
0.42444 0.655839 0
0.598726 0.894509 0
0.278803 0.112227 0
3.14021 0.452232 0
3.4458 0.830023 0
3.44972 0.172467 0
0.441898 0.268788 0
2.20113 0.666315 0
0.925073 0.105864 0
1.5492 0.101646 0
0.401425 0.57761 0
1.77648 0.617442 0
0.475054 0.105851 0
0.234988 0.566485 0
0.241997 0.348606 0
0.999112 0.592346 0
1.41608 0.269037 0
1.16157 0.269029 0
4.18538 0.167084 0
1.04946 0.90187 0
3.19988 0.592938 0
2.30519 0.913193 0
2.30519 0.0868071 0
4.51125 0.169672 0
4.79764 0.203817 0
0.111682 0.105761 0
3.68113 0.845668 0
3.66175 0.156287 0
0.348507 0.406822 0
3.42627 0.390261 0
3.40592 0.625438 0
4.48057 0.491604 0
0.484192 0.70421 0
1.64973 0.275378 0
1.34759 0.910098 0
2.09017 0.432717 0
0.82538 0.318339 0
3.95274 0.828372 0
3.94366 0.179663 0
0.289746 0.204187 0
3.65513 0.548109 0
1.38859 0.73676 0
0.118424 0.424716 0
0.510365 0.445628 0
1.18818 0.474769 0
1.25175 0.0848088 0
3.71651 0.385978 0
4.17119 0.835153 0
2.0518 0.89471 0
2.05232 0.10562 0
1.0488 0.797955 0
1.00313 0.398664 0
1.39895 0.528392 0
2.66945 0.724754 0
1.4943 0.594872 0
4.45616 0.810064 0
0.0952441 0.244883 0
1.54946 0.207055 0
1.30563 0.352141 0
2.28926 0.618032 0
2.81496 0.120279 0
2.81521 0.877268 0
1.08862 0.114036 0
1.90316 0.739972 0
1.89839 0.262662 0
3.90279 0.628418 0
3.88961 0.357923 0
1.85382 0.910596 0
1.85394 0.0890613 0
0.403556 0.908181 0
1.53799 0.792432 0
4.22357 0.339546 0
0.235566 0.919092 0
1.80273 0.348496 0
0.658463 0.761067 0
0.868908 0.438962 0
4.12614 0.561045 0
1.49337 0.38907 0
1.68981 0.477278 0
0.57274 0.32399 0
2.14288 0.271845 0
0.764563 0.911939 0
0.410189 0.345157 0
0.695868 0.271091 0
0.723703 0.0785777 0
2.55129 0.900504 0
2.54991 0.0990466 0
2.59449 0.420936 0
1.89489 0.53091 0
1.08935 0.215335 0
0.246529 0.646246 0
1.16393 0.923582 0
0.740016 0.755962 0
0.839035 0.55732 0
1.44625 0.927553 0
1.99402 0.601829 0
0.905589 0.90288 0
0.891303 0.808704 0
4.82392 0.378695 0
1.08246 0.509817 0
4.38599 0.648328 0
3.16756 0.299632 0
2.02154 0.774339 0
2.02626 0.229798 0
2.77394 0.593964 0
0.566908 0.56115 0
1.43239 0.0741785 0
1.25541 0.190619 0
1.98262 0.398216 0
1.65702 0.923172 0
1.66103 0.0770642 0
3.25818 0.0979232 0
3.26077 0.895989 0
0.0727778 0.65 0
0.671989 0.618071 0
1.19782 0.767816 0
1.09218 0.610515 0
0.212601 0.263461 0
2.40663 0.265751 0
2.40998 0.724082 0
4.47315 0.332599 0
4.62207 0.84795 0
0.861058 0.672669 0
0.484648 0.789079 0
2.29087 0.362372 0
1.34155 0.816802 0
2.18469 0.0897042 0
2.18341 0.911103 0
1.62069 0.750093 0
0.196885 0.704963 0
1.45869 0.684119 0
0.813124 0.191467 0
0.350217 0.0675925 0
1.70547 0.755024 0
0.62109 0.694148 0
2.66314 0.281102 0
1.23015 0.552594 0
2.20688 0.465503 0
1.12886 0.341463 0
0.190106 0.0839351 0
1.00364 0.0820263 0
1.95615 0.929328 0
1.95628 0.0706693 0
0.621606 0.185207 0
0.315263 0.792989 0
3.08786 0.583634 0
2.41418 0.515431 0
1.84968 0.818827 0
1.84852 0.180773 0
1.36775 0.202988 0
1.7138 0.223704 0
3.82923 0.881715 0
3.82923 0.118285 0
3.68902 0.691251 0
0.270341 0.422482 0
1.11706 0.755129 0
1.58092 0.512314 0
1.26919 0.426007 0
2.49036 0.603298 0
1.58365 0.607824 0
0.451895 0.181244 0
2.54354 0.792802 0
2.54049 0.212198 0
0.673622 0.917187 0
0.893148 0.276267 0
3.29119 0.358432 0
0.373508 0.22072 0
1.24533 0.289159 0
0.941901 0.439094 0
0.526747 0.282052 0
3.05023 0.891095 0
3.05023 0.108905 0
0.552526 0.067829 0
1.32526 0.677682 0
2.91704 0.760204 0
2.91959 0.266241 0
1.35815 0.444912 0
0.791644 0.813002 0
0.0788943 0.810726 0
0.534443 0.930089 0
2.23627 0.195527 0
2.22516 0.801855 0
0.437821 0.399348 0
0.941018 0.552801 0
0.650131 0.0585776 0
2.49181 0.419003 0
4.34095 0.883495 0
0.0662485 0.342338 0
0.552275 0.836887 0
0.553472 0.679715 0
0.937372 0.197026 0
4.13045 0.438288 0
0.985313 0.331135 0
4.35267 0.110706 0
2.42786 0.92141 0
2.4278 0.0785704 0
1.16305 0.0688845 0
0.951754 0.645637 0
1.62088 0.346459 0
2.79572 0.352799 0
1.73001 0.300248 0
2.11942 0.738576 0
1.97171 0.31403 0
1.72725 0.553122 0
1.86915 0.443062 0
0.644274 0.31912 0
3.54653 0.897367 0
3.54653 0.102633 0
0.862033 0.0648934 0
1.82991 0.674832 0
2.68387 0.0881393 0
2.68521 0.911141 0
1.97258 0.6862 0
0.763955 0.690868 0
3.58356 0.40718 0
0.752317 0.58389 0
3.15747 0.706405 0
2.71743 0.46502 0
4.21018 0.671583 0
1.76382 0.427045 0
1.32812 0.573311 0
3.36656 0.0931224 0
3.35883 0.902887 0
0.561814 0.38872 0
1.43269 0.446203 0
1.49204 0.258009 0
2.06181 0.550403 0
1.1926 0.616008 0
0.753402 0.319397 0
4.3585 0.382087 0
0.0788175 0.922515 0
4.63197 0.550329 0
4.67385 0.130354 0
2.89835 0.528916 0
4.88558 0.678545 0
3.7798 0.619348 0
0.847094 0.943955 0
0.567152 0.499754 0
0.39862 0.827666 0
1.2418 0.687304 0
0.370651 0.501686 0
2.9995 0.398055 0
0.17761 0.378169 0
0.830421 0.384956 0
4.05939 0.123048 0
0.338152 0.938348 0
0.15 0.945713 0
2.11285 0.633451 0
0.536118 0.137779 0
4.88581 0.86227 0
3.04483 0.211296 0
3.04269 0.792889 0
0.828939 0.498925 0
0.97638 0.77159 0
0.973629 0.929812 0
0.450879 0.513366 0
0.463698 0.93919 0
1.35 0.0528502 0
1.02337 0.23036 0
0.622524 0.825109 0
4.8982 0.104641 0
0.0627165 0.164395 0
2.72451 0.178465 0
2.73345 0.82407 0
1.4705 0.320251 0
0.728574 0.63969 0
0.18471 0.510654 0
2.35218 0.817897 0
2.35452 0.175365 0
0.0643195 0.477695 0
1.46859 0.757921 0
0.0588027 0.0588027 0
2.1192 0.351741 0
1.35384 0.30189 0
3.40023 0.733947 0
3.40089 0.28111 0
0.836207 0.251147 0
0.629381 0.578714 0
2.98579 0.589253 0
1.83219 0.566821 0
0.0671628 0.573293 0
4.89688 0.511802 0
1.25194 0.938068 0
3.29703 0.653728 0
0.868686 0.146792 0
1.75511 0.691191 0
2.23179 0.297093 0
0.34215 0.657249 0
0.41803 0.0651601 0
3.65827 0.275851 0
1.75332 0.936656 0
1.75433 0.0628428 0
2.22872 0.558995 0
0.664948 0.122795 0
0.329224 0.613812 0
0.358861 0.573993 0
0.371787 0.617429 0
0.383295 0.656544 0
0.412932 0.616724 0
4.69718 0.656628 0
4.66513 0.724382 0
4.59991 0.618083 0
4.76784 0.650293 0
4.70262 0.543994 0
2.4421 0.612053 0
2.45017 0.66369 0
2.40191 0.672444 0
2.34984 0.72938 0
2.28948 0.676355 0
2.34962 0.671057 0
0.174468 0.840507 0
0.111452 0.844689 0
0.14191 0.806544 0
2.46146 0.345403 0
2.40279 0.318369 0
2.46531 0.292785 0
2.98528 0.0580423 0
2.91666 0.0580423 0
2.91666 0.941958 0
2.98528 0.941958 0
0.259211 0.526992 0
0.209849 0.538569 0
0.234071 0.499077 0
2.34979 0.43113 0
2.40656 0.443209 0
2.35741 0.503353 0
2.34155 0.619419 0
2.52097 0.646797 0
2.48078 0.707188 0
0.245289 0.465335 0
0.195928 0.476912 0
1.0747 0.362853 0
1.04795 0.407648 0
1.02988 0.353869 0
0.572408 0.196704 0
0.610408 0.224897 0
0.561209 0.236394 0
2.29576 0.426823 0
2.34491 0.366679 0
2.61051 0.707525 0
2.60649 0.758778 0
2.54756 0.741549 0
0.245053 0.0419676 0
0.289402 0.0561133 0
0.234455 0.0980809 0
0.459834 0.630917 0
0.448326 0.591802 0
0.275643 0.56843 0
0.299865 0.528938 0
1.93787 0.713086 0
1.99706 0.730269 0
1.96235 0.757155 0
1.96233 0.24623 0
1.99898 0.271914 0
1.93505 0.288346 0
1.68691 0.556813 0
1.69815 0.604529 0
1.65782 0.608219 0
0.195053 0.0419676 0
1.19633 0.422944 0
1.14047 0.4457 0
1.14861 0.393875 0
1.06551 0.649825 0
1.12804 0.648607 0
1.10137 0.687916 0
1.92367 0.790653 0
1.98286 0.807837 0
1.98522 0.194232 0
1.92129 0.210664 0
0.2584 0.835464 0
0.27372 0.893828 0
0.220246 0.860727 0
4.0233 0.914186 0
4.06196 0.831762 0
4.13252 0.917577 0
2.59347 0.811212 0
2.65643 0.777188 0
0.0957917 0.768131 0
0.158807 0.763949 0
3.25733 0.551153 0
3.17004 0.522585 0
3.2275 0.4808 0
4.33098 0.576219 0
4.29808 0.659955 0
4.24308 0.587847 0
2.5079 0.369411 0
2.44537 0.394995 0
0.327042 0.494593 0
0.343475 0.536031 0
0.407829 0.697862 0
0.454316 0.680025 0
0.437705 0.722048 0
2.15908 0.0448521 0
2.1185 0.0976619 0
2.09289 0.0528098 0
2.09264 0.947355 0
2.1176 0.902907 0
2.15844 0.955552 0
0.0394472 0.755363 0
0.0563445 0.712768 0
3.37053 0.449815 0
3.45705 0.457049 0
3.40131 0.516603 0
3.44688 0.574638 0
3.36035 0.567403 0
0.0394472 0.805363 0
4.53169 0.923975 0
4.44874 0.905032 0
4.53911 0.829007 0
3.54094 0.802832 0
3.49617 0.863695 0
3.49058 0.769159 0
3.49514 0.226962 0
3.49813 0.13755 0
3.54354 0.192045 0
1.39756 0.145288 0
1.38572 0.0996135 0
1.44423 0.119853 0
2.25376 0.478389 0
2.24888 0.413938 0
1.13532 0.492293 0
1.08761 0.463224 0
1.75186 0.585282 0
1.72276 0.636688 0
3.93998 0.914186 0
1.16688 0.800929 0
1.223 0.812239 0
1.19206 0.845351 0
1.92558 0.467691 0
1.92588 0.420639 0
1.98232 0.445269 0
2.57696 0.535369 0
2.55924 0.585674 0
2.50808 0.552994 0
1.03925 0.499399 0
1.04078 0.551081 0
0.99758 0.540664 0
4.62224 0.923975 0
0.189788 0.898872 0
3.47064 0.666867 0
3.51159 0.616067 0
1.26565 0.803369 0
1.24048 0.758947 0
1.08732 0.560166 0
1.04565 0.601431 0
0.11706 0.281864 0
0.153923 0.254172 0
0.175738 0.291153 0
2.21315 0.734085 0
2.17229 0.770215 0
2.16027 0.702446 0
2.58985 0.629172 0
0.951822 0.0410131 0
0.964359 0.0939451 0
0.912537 0.052932 0
2.56015 0.461813 0
2.61131 0.494493 0
0.562978 0.273319 0
0.524978 0.245126 0
3.60824 0.776982 0
3.61383 0.871518 0
3.60414 0.12946 0
3.60115 0.218872 0
2.47676 0.758442 0
2.47356 0.238975 0
2.53224 0.266009 0
0.74971 0.218933 0
0.736019 0.266011 0
0.709559 0.224014 0
0.260094 0.797676 0
0.313568 0.830777 0
2.45299 0.467217 0
1.14048 0.720914 0
1.07795 0.722132 0
4.91196 0.289348 0
4.81078 0.291256 0
4.89882 0.201908 0
2.24159 0.368092 0
2.19959 0.419658 0
1.20605 0.890122 0
1.14994 0.878812 0
3.71344 0.0781437 0
3.63462 0.0781437 0
3.64431 0.922834 0
3.72313 0.922834 0
0.194686 0.215494 0
0.136007 0.206205 0
0.999588 0.443823 0
1.04441 0.452807 0
4.71533 0.923975 0
4.69224 0.805439 0
4.78549 0.881464 0
0.483989 0.514555 0
0.480622 0.479497 0
0.513732 0.480686 0
3.57148 0.535973 0
3.59524 0.628202 0
1.69775 0.841948 0
1.70482 0.886342 0
1.64995 0.878779 0
1.65195 0.121339 0
1.70728 0.112576 0
1.6982 0.156852 0
2.88334 0.118182 0
2.84828 0.0601395 0
2.84841 0.938634 0
2.88347 0.880592 0
0.267783 0.959546 0
0.286859 0.92872 0
0.319076 0.969174 0
0.386038 0.539648 0
1.52171 0.948629 0
1.57091 0.948629 0
0.466866 0.450035 0
0.437123 0.483904 0
1.00182 0.0410131 0
3.79718 0.0591427 0
3.74549 0.137286 0
3.75518 0.863691 0
3.79718 0.940857 0
0.34074 0.351767 0
0.295252 0.377714 0
0.287485 0.32266 0
0.531068 0.583572 0
0.578143 0.592532 0
0.542303 0.614954 0
4.91196 0.389348 0
0.151567 0.467685 0
0.162785 0.433943 0
1.56574 0.652131 0
1.62635 0.63188 0
1.60844 0.676187 0
4.25706 0.716315 0
4.34496 0.704687 0
2.09238 0.138563 0
2.15856 0.130605 0
2.15437 0.872057 0
2.08856 0.86386 0
0.768187 0.184201 0
0.794647 0.226199 0
3.14387 0.588286 0
3.11404 0.517933 0
1.31234 0.78344 0
1.29486 0.836731 0
2.64879 0.646402 0
0.115888 0.475831 0
0.149031 0.5188 0
1.61512 0.584163 0
0.356941 0.810327 0
0.355247 0.848116 0
0.132134 0.571026 0
0.167813 0.562881 0
2.25743 0.768267 0
2.24541 0.700497 0
3.85135 0.687238 0
3.92776 0.728395 0
3.87633 0.787215 0
3.86271 0.213272 0
3.91663 0.268793 0
3.83569 0.302402 0
0.336096 0.733317 0
0.311562 0.691999 0
0.366684 0.698567 0
0.227299 0.306033 0
0.272787 0.280087 0
1.69217 0.427182 0
1.63938 0.447653 0
1.64174 0.397557 0
0.192952 0.590796 0
0.845996 0.618174 0
0.819478 0.592112 0
0.865552 0.583382 0
1.67417 0.794705 0
1.72905 0.802268 0
3.03454 0.0544527 0
3.00097 0.112495 0
3.00097 0.887505 0
3.03454 0.945547 0
0.48442 0.746645 0
0.437933 0.764483 0
1.01003 0.82172 0
1.04913 0.849913 0
1.01037 0.873678 0
1.63537 0.494796 0
1.58493 0.465171 0
1.93845 0.511615 0
1.88202 0.486986 0
0.80065 0.056386 0
0.762502 0.0956749 0
0.761852 0.0392889 0
2.03638 0.0528098 0
2.03612 0.947355 0
1.41191 0.184257 0
1.3534 0.164018 0
2.46999 0.50906 0
2.5088 0.460846 0
1.84548 0.254025 0
1.85056 0.305579 0
1.79765 0.296942 0
1.09275 0.325269 0
1.11081 0.379047 0
0.238743 0.432826 0
0.276887 0.454991 0
3.80306 0.37195 0
3.74913 0.31643 0
3.76057 0.442989 0
3.84713 0.428961 0
3.975 0.331371 0
4.00203 0.242241 0
4.00411 0.75846 0
3.97914 0.658483 0
4.16816 0.616314 0
4.20106 0.532578 0
0.473054 0.55968 0
0.506163 0.560869 0
0.571425 0.651815 0
0.52435 0.642854 0
0.325013 0.903457 0
1.60023 0.910215 0
1.62771 0.961586 0
3.50492 0.39872 0
3.5357 0.465509 0
1.77363 0.801117 0
1.75005 0.753873 0
0.529664 0.17299 0
0.578862 0.161493 0
0.251173 0.233824 0
0.311359 0.25045 0
0.217783 0.959546 0
1.0927 0.867956 0
1.09237 0.815999 0
1.54989 0.261199 0
1.59959 0.241216 0
1.60002 0.295361 0
1.6463 0.220496 0
1.59617 0.186335 0
2.12237 0.785793 0
2.17524 0.817432 0
3.56206 0.344319 0
3.48341 0.335859 0
2.11793 0.493284 0
2.14853 0.44911 0
2.17628 0.509677 0
1.59315 0.865821 0
1.54071 0.844845 0
1.59043 0.813409 0
1.85136 0.355327 0
1.89919 0.31241 0
2.85765 0.753427 0
2.86613 0.818736 0
2.80674 0.811959 0
2.80558 0.184007 0
2.86727 0.19326 0
2.8579 0.256988 0
0.762275 0.144854 0
0.807212 0.152119 0
1.09431 0.0570178 0
1.04613 0.098031 0
1.05182 0.0410131 0
0.879055 0.72916 0
0.911495 0.762688 0
0.858863 0.775176 0
2.10375 0.552127 0
2.07599 0.49156 0
0.330944 0.171882 0
0.284275 0.158207 0
0.325473 0.125901 0
1.11375 0.534673 0
1.16661 0.517149 0
1.20849 0.229824 0
1.25037 0.239889 0
1.20345 0.279094 0
1.20859 0.177308 0
1.16168 0.216513 0
0.0789803 0.204639 0
0.119744 0.165962 0
0.0871993 0.135078 0
0.144227 0.136645 0
0.48971 0.655102 0
3.1062 0.255464 0
3.11066 0.307302 0
3.0493 0.263134 0
1.16666 0.356291 0
0.385937 0.430632 0
0.393164 0.403085 0
0.430594 0.426895 0
0.542003 0.538447 0
2.93438 0.82206 0
2.93566 0.191163 0
0.994221 0.3649 0
1.02098 0.320105 0
1.3976 0.579759 0
1.44663 0.561632 0
1.44528 0.612998 0
0.748479 0.824578 0
0.778103 0.86247 0
0.734939 0.874047 0
2.42902 0.777522 0
2.4958 0.811883 0
2.49428 0.190617 0
2.42734 0.217394 0
1.49497 0.547436 0
1.44729 0.514196 0
1.64487 0.703014 0
1.58426 0.723266 0
4.56683 0.0848358 0
4.47628 0.0848358 0
0.876564 0.641056 0
0.83049 0.649787 0
0.047622 0.272441 0
0.0807463 0.29361 0
0.0331242 0.321169 0
1.31158 0.196803 0
1.29723 0.157834 0
0.658737 0.228149 0
0.672428 0.181072 0
2.2452 0.642174 0
1.28112 0.22007 0
1.33729 0.226254 0
4.58115 0.263039 0
4.59255 0.150013 0
4.66245 0.24338 0
1.9413 0.380187 0
1.88456 0.40261 0
2.59356 0.30046 0
2.62882 0.351019 0
2.55924 0.370378 0
0.394919 0.783776 0
0.35324 0.766437 0
3.20906 0.0489616 0
3.20586 0.132855 0
3.15674 0.0838932 0
3.15707 0.918205 0
3.20748 0.8662 0
3.21035 0.947994 0
3.16055 0.233709 0
3.09919 0.189541 0
1.53827 0.506157 0
1.53761 0.553593 0
3.72989 0.524054 0
3.68582 0.467043 0
2.68091 0.32886 0
2.72943 0.316951 0
2.7472 0.364709 0
1.58228 0.560069 0
1.53898 0.601348 0
2.35172 0.566731 0
2.29495 0.554653 0
0.723477 0.127757 0
0.145053 0.0419676 0
0.150894 0.094848 0
0.105841 0.0528805 0
0.84374 0.707158 0
0.896372 0.694671 0
1.5738 0.0508228 0
1.5246 0.0508228 0
0.0394472 0.855363 0
0.0788559 0.866621 0
0.0394087 0.911258 0
0.227787 0.139877 0
0.233258 0.185858 0
4.73575 0.167085 0
4.72435 0.280112 0
1.73366 0.185897 0
1.67833 0.19466 0
1.05124 0.134004 0
1.08899 0.164685 0
1.05161 0.184653 0
1.14239 0.613262 0
1.17825 0.651353 0
2.79596 0.300267 0
2.72967 0.264418 0
4.11334 0.761851 0
3.3716 0.800896 0
3.40231 0.866455 0
3.32811 0.837329 0
3.33232 0.163083 0
3.40814 0.132795 0
3.3739 0.202756 0
1.34452 0.0889493 0
1.39119 0.0635143 0
2.64659 0.398777 0
2.91038 0.318671 0
2.95954 0.332148 0
2.95034 0.384577 0
2.67277 0.516535 0
2.74568 0.529492 0
2.70103 0.581007 0
2.404 0.568119 0
0.647539 0.267838 0
2.85739 0.424427 0
2.89976 0.450008 0
2.85597 0.503334 0
4.21818 0.917577 0
1.82216 0.785774 0
1.80115 0.834169 0
1.77305 0.196739 0
1.80103 0.164431 0
1.82054 0.213081 0
1.4945 0.444535 0
1.54116 0.403549 0
1.54229 0.459014 0
3.90187 0.498706 0
3.95094 0.562915 0
3.85371 0.564209 0
3.94436 0.427668 0
0.379348 0.375989 0
0.424005 0.372253 0
1.75318 0.234547 0
2.97126 0.719753 0
2.90906 0.698625 0
2.96328 0.658174 0
4.12289 0.235951 0
4.20448 0.253315 0
4.14198 0.322182 0
1.12557 0.189666 0
1.1252 0.139016 0
4.43196 0.140189 0
4.39699 0.0553528 0
0.047622 0.222441 0
4.22528 0.083542 0
4.13962 0.083542 0
1.32379 0.955049 0
1.37379 0.955049 0
0.200905 0.753663 0
0.23893 0.715856 0
0.24295 0.764556 0
2.27744 0.956596 0
2.33717 0.956596 0
2.33717 0.0434035 0
2.27744 0.0434035 0
0.426152 0.545488 0
2.80466 0.415276 0
2.84845 0.36195 0
4.25607 0.859324 0
4.30306 0.941747 0
2.7861 0.670307 0
2.83751 0.615505 0
2.84967 0.691848 0
2.98668 0.290607 0
3.02663 0.356513 0
0.799788 0.894154 0
0.813329 0.844686 0
0.401088 0.867924 0
0.357715 0.888373 0
1.325 0.0264251 0
1.30088 0.0688295 0
1.27588 0.0424044 0
4.71216 0.447033 0
4.64151 0.453368 0
1.33189 0.398526 0
1.31367 0.43546 0
1.28741 0.389074 0
0.298119 0.759869 0
4.02975 0.401116 0
4.02729 0.592981 0
0.111414 0.900584 0
1.50264 0.133586 0
1.54933 0.15435 0
1.50277 0.186291 0
2.94881 0.514458 0
2.95023 0.43555 0
1.00761 0.730362 0
0.954033 0.744132 0
0.985266 0.702904 0
3.10189 0.138346 0
3.10508 0.0544527 0
3.10508 0.945547 0
3.10221 0.863753 0
0.397009 0.478064 0
0.359579 0.454254 0
1.02473 0.950935 0
1.07473 0.950935 0
1.27597 0.969034 0
1.29976 0.924083 0
1.37943 0.407354 0
1.35317 0.360969 0
3.34881 0.752858 0
3.42301 0.781985 0
3.42531 0.226789 0
3.34948 0.257077 0
1.59604 0.13363 0
3.27812 0.165484 0
3.31237 0.0955228 0
3.3098 0.899438 0
3.27908 0.833879 0
2.1872 0.556423 0
2.21493 0.612655 0
2.17341 0.610083 0
4.73749 0.367551 0
4.79859 0.458177 0
3.23282 0.266338 0
3.22581 0.200415 0
0.94172 0.681155 0
0.995299 0.667385 0
2.70145 0.774412 0
2.68843 0.826846 0
2.76551 0.471386 0
2.75657 0.40891 0
4.28936 0.297117 0
4.27027 0.210886 0
3.81457 0.813886 0
3.74052 0.795863 0
3.72175 0.201584 0
3.8055 0.182584 0
2.94343 0.613149 0
3.00564 0.634278 0
0.0888358 0.50232 0
0.0913716 0.451205 0
2.79377 0.535859 0
2.99939 0.449027 0
1.77845 0.968328 0
1.80357 0.923626 0
1.82869 0.955298 0
1.82876 0.0445306 0
1.80414 0.075952 0
1.77895 0.0314214 0
1.48912 0.811422 0
1.49184 0.863834 0
0.102562 0.330592 0
4.35391 0.182697 0
4.4332 0.21218 0
1.75297 0.893084 0
1.70517 0.929914 0
1.70768 0.0699535 0
1.75393 0.105466 0
0.10904 0.5942 0
0.0902575 0.550119 0
0.526783 0.773089 0
0.526556 0.730655 0
4.06262 0.529229 0
4.09082 0.624797 0
1.22588 0.0424044 0
0.945486 0.494739 0
0.918413 0.469795 0
0.968975 0.464038 0
0.711852 0.0392889 0
1.2954 0.104929 0
3.06985 0.425143 0
3.06974 0.476116 0
0.31597 0.447161 0
0.599363 0.947255 0
0.636174 0.905848 0
0.636811 0.958593 0
0.474093 0.422488 0
0.309424 0.414652 0
0.256169 0.385544 0
2.70806 0.420819 0
0.453433 0.344925 0
0.426044 0.306973 0
0.469288 0.306741 0
0.968533 0.520891 0
0.917971 0.526649 0
1.61375 0.536408 0
1.6682 0.51889 0
2.03517 0.731004 0
2.01069 0.686935 0
3.09699 0.383602 0
3.61935 0.477644 0
3.65003 0.396579 0
4.51201 0.747951 0
4.42107 0.729196 0
4.47692 0.667082 0
0.131803 0.670321 0
0.0927334 0.687768 0
0.111847 0.632554 0
0.890026 0.55506 0
0.866979 0.528908 0
1.56963 0.366686 0
1.52184 0.352207 0
1.29788 0.883379 0
1.25006 0.897364 0
3.04357 0.541817 0
4.82411 0.812599 0
4.8472 0.931135 0
4.59496 0.766893 0
2.0115 0.315673 0
2.03878 0.273557 0
1.80322 0.880054 0
1.80374 0.118575 0
0.583576 0.474877 0
0.538758 0.472691 0
0.555183 0.447814 0
1.88216 0.955298 0
1.88222 0.0445306 0
2.13766 0.221676 0
2.08457 0.250822 0
2.07935 0.200652 0
1.47313 0.963777 0
1.49484 0.912405 0
1.76579 0.654316 0
1.71208 0.673563 0
4.38005 0.785556 0
4.20321 0.471199 0
4.17701 0.388917 0
4.24978 0.421828 0
0.585975 0.294288 0
0.549744 0.303021 0
4.12829 0.499666 0
0.183438 0.125732 0
0.1739 0.660035 0
0.154787 0.715249 0
1.49079 0.087912 0
1.46619 0.0370892 0
4.05989 0.213933 0
4.12239 0.145066 0
0.905181 0.316005 0
0.928999 0.270314 0
0.941032 0.310052 0
1.62972 0.0385321 0
1.60512 0.0893549 0
1.44325 0.878982 0
0.613828 0.149943 0
0.571084 0.126228 0
1.1067 0.912726 0
2.25899 0.588514 0
1.073 0.262205 0
1.12546 0.242182 0
1.10911 0.289052 0
0.863158 0.842537 0
0.898446 0.855792 0
0.870302 0.889625 0
3.2258 0.80409 0
3.15583 0.771408 0
3.22744 0.739087 0
0.281413 0.608311 0
0.240759 0.606365 0
0.938428 0.874183 0
0.931285 0.827095 0
4.82942 0.608102 0
4.82399 0.720737 0
2.09709 0.294581 0
1.34457 0.86345 0
0.484322 0.27542 0
0.511712 0.313373 0
2.18958 0.233686 0
2.23403 0.24631 0
2.18733 0.284469 0
0.916544 0.581122 0
0.831017 0.0324467 0
0.831667 0.0888327 0
2.24494 0.0882556 0
2.21718 0.0448521 0
2.21655 0.955552 0
2.2443 0.912148 0
1.13197 0.961791 0
0.0363889 0.675 0
1.89514 0.57905 0
1.94445 0.566369 0
1.94471 0.614509 0
2.65596 0.442978 0
3.28159 0.0489616 0
3.28289 0.947994 0
0.560597 0.796993 0
0.518462 0.812983 0
2.7217 0.659359 0
2.03609 0.462519 0
2.02191 0.521362 0
0.387435 0.282751 0
0.371581 0.320935 0
1.57934 0.771263 0
1.63178 0.792239 0
4.09542 0.371553 0
4.06477 0.46785 0
1.11861 0.585022 0
3.15388 0.375932 0
2.15699 0.649883 0
2.12927 0.593651 0
0.542125 0.507749 0
0.190436 0.333726 0
4.32245 0.822271 0
4.23756 0.7981 0
2.14124 0.403265 0
4.00152 0.151356 0
2.36649 0.0826887 0
2.39116 0.126968 0
2.32985 0.131086 0
2.32868 0.865545 0
2.39002 0.869653 0
2.36652 0.917302 0
1.98802 0.547075 0
0.975081 0.297748 0
0.951263 0.343439 0
4.31724 0.443099 0
4.41953 0.436846 0
4.37828 0.497857 0
0.482554 0.238495 0
2.76586 0.78536 0
2.73386 0.735702 0
1.16882 0.587769 0
3.46779 0.721121 0
3.47072 0.281284 0
0.906406 0.659153 0
0.686811 0.958593 0
2.98221 0.238769 0
3.03409 0.736096 0
2.97987 0.776547 0
2.18436 0.183517 0
0.31451 0.0899096 0
0.361179 0.103584 0
0.921912 0.62754 0
0.975619 0.175499 0
0.931222 0.151445 0
0.96947 0.129918 0
0.834454 0.444481 0
0.848923 0.468943 0
0.81447 0.474462 0
4.30892 0.0553528 0
4.26902 0.138895 0
1.5856 0.330901 0
1.60491 0.382244 0
2.39851 0.960705 0
2.39848 0.0392852 0
0.198723 0.630676 0
3.2157 0.405332 0
3.30299 0.4339 0
1.27608 0.26934 0
0.873818 0.370349 0
0.827901 0.351647 0
0.871297 0.337041 0
0.630683 0.620993 0
0.64654 0.65611 0
0.605234 0.659031 0
2.78154 0.0601395 0
2.78166 0.938634 0
0.487527 0.0529257 0
0.446542 0.0855058 0
0.459015 0.03258 0
3.40649 0.951444 0
3.44998 0.915011 0
3.45194 0.0862337 0
3.41036 0.0465612 0
0.657903 0.693193 0
0.683353 0.655155 0
0.567222 0.965044 0
0.566585 0.912299 0
0.933841 0.790147 0
4.4922 0.251135 0
4.41415 0.293644 0
1.6577 0.361772 0
0.221707 0.675604 0
0.263752 0.686497 0
3.9933 0.0615241 0
3.93544 0.0898317 0
4.43328 0.569966 0
4.52421 0.58872 0
0.762056 0.349343 0
0.789391 0.318868 0
0.798045 0.348814 0
0.518832 0.691963 0
1.25358 0.137714 0
1.20793 0.930825 0
0.325108 0.0337963 0
0.970065 0.572573 0
3.50034 0.948684 0
3.50034 0.0513164 0
2.35489 0.261126 0
2.34875 0.314062 0
2.29701 0.309436 0
0.861932 0.49971 0
0.881916 0.469729 0
3.61218 0.699774 0
3.68507 0.76846 0
4.80311 0.101908 0
4.74122 0.0651769 0
0.893061 0.397353 0
0.849664 0.411959 0
3.05667 0.631468 0
3.12267 0.645019 0
3.09148 0.692854 0
0.975433 0.618991 0
1.01898 0.64074 0
0.423598 0.122714 0
0.463475 0.143548 0
0.412019 0.16041 0
1.00876 0.117999 0
3.40307 0.679692 0
3.41358 0.335685 0
1.47406 0.211768 0
1.45406 0.263523 0
1.43608 0.217282 0
1.83594 0.395779 0
1.81648 0.435053 0
1.78328 0.387771 0
1.14522 0.305246 0
3.24845 0.623333 0
3.22725 0.680067 0
3.17867 0.649672 0
1.01074 0.286718 0
1.01155 0.915841 0
0.972448 0.887649 0
2.58409 0.0495233 0
2.52095 0.0495233 0
2.52164 0.950252 0
2.58478 0.950252 0
1.36076 0.654403 0
1.32669 0.625496 0
1.36219 0.602218 0
4.07662 0.0615241 0
2.69382 0.229783 0
2.76036 0.2131 0
2.40129 0.172201 0
2.43793 0.123804 0
2.43796 0.876187 0
2.40012 0.82443 0
1.08293 0.776542 0
1.04382 0.743545 0
1.39692 0.918825 0
1.42313 0.963777 0
0.726158 0.566945 0
0.712153 0.600981 0
0.685995 0.584036 0
2.65107 0.0440696 0
2.61689 0.0935929 0
2.61825 0.905822 0
2.65175 0.95557 0
2.83614 0.56144 0
1.39392 0.870255 0
1.39191 0.236012 0
4.5621 0.344503 0
1.01259 0.784773 0
3.29721 0.712749 0
2.07074 0.375017 0
2.03639 0.415467 0
2.01696 0.357766 0
0.446897 0.225016 0
0.487552 0.194722 0
3.66001 0.216069 0
3.59941 0.278654 0
1.3909 0.823607 0
0.905292 0.202879 0
0.91526 0.236646 0
0.883181 0.242499 0
3.30591 0.581548 0
3.74446 0.718655 0
0.395086 0.102368 0
0.209804 0.363387 0
0.158243 0.348508 0
1.29643 0.597238 0
1.295 0.649423 0
1.85175 0.864712 0
1.85123 0.134917 0
0.951111 0.230693 0
0.689468 0.876671 0
0.648073 0.871148 0
0.663919 0.830632 0
3.34604 0.319771 0
3.29463 0.295738 0
2.89971 0.582981 0
0.681889 0.798611 0
0.699239 0.758515 0
0.722665 0.796058 0
1.18302 0.320074 0
0.994108 0.247361 0
1.04 0.269717 0
0.776119 0.605397 0
0.795676 0.570605 0
0.76583 0.784482 0
3.35147 0.639583 0
0.0321598 0.488847 0
0.0657411 0.525494 0
0.0335814 0.536646 0
3.35873 0.374346 0
0.800775 0.289635 0
0.764786 0.290164 0
4.55627 0.520967 0
4.56581 0.424005 0
1.36507 0.776781 0
1.41442 0.783586 0
0.859264 0.297303 0
4.85339 0.0523206 0
4.84792 0.154229 0
0.372825 0.180148 0
0.331627 0.212454 0
1.37728 0.335843 0
1.38496 0.285464 0
1.4084 0.319417 0
0.795189 0.716258 0
0.812506 0.681769 0
1.2249 0.330139 0
2.03667 0.834524 0
2.07343 0.803674 0
2.03929 0.167709 0
0.936815 0.964906 0
0.986815 0.964906 0
0.804873 0.539015 0
0.761514 0.552301 0
0.579288 0.0912534 0
0.601328 0.0632033 0
0.62809 0.0866277 0
2.74941 0.104209 0
2.71599 0.0440696 0
2.71667 0.95557 0
2.75021 0.894204 0
2.59181 0.133139 0
2.65879 0.127685 0
2.66431 0.870382 0
2.59735 0.865063 0
0.0852424 0.0822818 0
0.0794014 0.0294014 0
0.960171 0.377204 0
0.972515 0.418879 0
0.929557 0.397418 0
0.35324 0.258717 0
0.407703 0.244754 0
1.44329 0.294644 0
1.43561 0.345024 0
0.893553 0.0853787 0
0.881017 0.0324467 0
3.88644 0.148974 0
3.87822 0.0591427 0
3.87822 0.940857 0
3.89099 0.855043 0
2.02141 0.644749 0
2.05344 0.61764 0
2.08083 0.66056 0
0.526263 0.0339145 0
0.51379 0.0868403 0
3.57701 0.948684 0
3.57701 0.0513164 0
4.88569 0.770408 0
0.732281 0.955969 0
0.782281 0.955969 0
0.781939 0.658886 0
0.610625 0.859809 0
0.409015 0.03258 0
4.47686 0.412101 0
1.54291 0.744436 0
1.50329 0.775177 0
1.50821 0.72718 0
4.94291 0.831135 0
4.94279 0.739273 0
2.02791 0.576116 0
2.08733 0.591927 0
1.99799 0.868022 0
1.99825 0.132143 0
0.0699703 0.611646 0
1.20677 0.124403 0
0.561196 0.718407 0
0.902795 0.95144 0
0.939609 0.916346 0
4.41583 0.357343 0
0.625066 0.0292888 0
0.576263 0.0339145 0
0.973823 0.808538 0
1.18197 0.961791 0
1.46416 0.473101 0
1.46303 0.417636 0
0.717366 0.7241 0
0.67659 0.726653 0
0.946386 0.599219 0
1.33586 0.743419 0
0.740445 0.61179 0
0.700282 0.62888 0
0.494007 0.159511 0
2.26747 0.276796 0
2.26971 0.226013 0
4.64813 0.0651769 0
3.72001 0.261366 0
1.68176 0.249541 0
4.9491 0.152321 0
1.16242 0.116441 0
1.2074 0.0768466 0
0.529246 0.366707 0
0.53609 0.417174 0
0.503521 0.395161 0
0.0335814 0.586646 0
0.223976 0.400326 0
1.42747 0.657622 0
1.42364 0.710439 0
1.39242 0.683942 0
0.294339 0.651747 0
0.192378 0.41067 0
0.800566 0.382122 0
1.52075 0.232532 0
0.903029 0.171909 0
0.89688 0.126328 0
1.41619 0.0370892 0
1.4765 0.639495 0
0.0592118 0.412358 0
0.0321598 0.438847 0
1.67829 0.961586 0
1.6803 0.0385321 0
1.20917 0.513681 0
1.18759 0.556062 0
0.518719 0.852093 0
0.543359 0.883488 0
0.509803 0.898693 0
1.50326 0.690279 0
1.52107 0.645655 0
0.905404 0.439028 0
1.6353 0.310919 0
0.580907 0.41936 0
0.575501 0.865698 0
0.505586 0.121815 0
3.67207 0.61968 0
1.46364 0.72102 0
1.9883 0.964664 0
2.00397 0.912019 0
2.0043 0.0881444 0
1.98836 0.0353346 0
0.87095 0.177762 0
1.12583 0.0914601 0
1.23683 0.398563 0
1.22869 0.450388 0
2.64843 0.224167 0
2.60182 0.24665 0
2.58711 0.189715 0
1.26397 0.526152 0
1.24299 0.48724 0
2.20429 0.856479 0
2.26518 0.857524 0
2.27073 0.141167 0
2.21048 0.142615 0
1.67212 0.326232 0
1.35693 0.707221 0
1.93339 0.0353346 0
1.93333 0.964664 0
0.0363889 0.625 0
1.31296 0.536511 0
1.27914 0.562953 0
0.517222 0.965044 0
0.148017 0.401442 0
1.3608 0.252439 0
1.33034 0.275706 0
1.24744 0.586879 0
0.639777 0.727608 0
1.68987 0.287813 0
1.71227 0.338667 0
1.3042 0.71388 0
4.13284 0.680066 0
4.19069 0.753368 0
2.08525 0.334529 0
2.10469 0.392229 0
3.22937 0.329032 0
1.95016 0.885331 0
1.95023 0.114667 0
0.0394087 0.961258 0
0.0894087 0.961258 0
0.0294014 0.0794014 0
0.0607596 0.111599 0
0.0313583 0.132198 0
0.841473 0.810853 0
0.809033 0.777325 0
1.2835 0.462859 0
1.41582 0.487298 0
0.375108 0.0337963 0
3.79222 0.559674 0
3.71746 0.583729 0
1.22597 0.969034 0
0.12865 0.371781 0
2.99828 0.16369 0
2.99721 0.838402 0
2.70933 0.867606 0
2.77433 0.850669 0
2.76973 0.149372 0
2.70419 0.133302 0
0.841054 0.910162 0
0.805828 0.927947 0
2.45227 0.559365 0
0.534709 0.334342 0
0.567277 0.356355 0
1.18153 0.0344422 0
1.13153 0.0344422 0
1.27548 0.32065 0
1.25505 0.36163 0
0.595005 0.725624 0
0.613691 0.759083 0
4.94279 0.639273 0
1.86265 0.651011 0
1.83105 0.620827 0
1.86379 0.597005 0
0.0331242 0.371169 0
0.0923361 0.383527 0
1.36354 0.550852 0
1.80433 0.592131 0
1.80319 0.646137 0
2.49967 0.865734 0
2.48957 0.910957 0
2.48885 0.0888085 0
2.49898 0.134042 0
0.664691 0.564357 0
0.629335 0.549712 0
2.15575 0.362777 0
0.806189 0.256039 0
0.830794 0.284743 0
1.8489 0.746347 0
1.87642 0.7794 0
1.87346 0.221718 0
2.85765 0.30952 0
2.45992 0.960705 0
2.45989 0.0392852 0
4.39113 0.941747 0
4.39855 0.84678 0
1.42859 0.74734 0
1.45442 0.794166 0
1.375 0.0264251 0
2.67911 0.172848 0
1.72644 0.968328 0
1.72695 0.0314214 0
1.899 0.875965 0
1.89693 0.830081 0
1.89635 0.169719 0
1.89906 0.123863 0
3.62092 0.341515 0
1.1265 0.794586 0
1.90498 0.919962 0
1.90511 0.0798653 0
0.484905 0.828189 0
1.32797 0.472311 0
1.37855 0.486652 0
1.34837 0.514052 0
1.30623 0.300831 0
3.68739 0.330914 0
0.601015 0.35164 0
0.608507 0.321555 0
0.636782 0.349205 0
0.595552 0.384005 0
0.412702 0.200982 0
4.94291 0.931135 0
0.823547 0.971977 0
0.815211 0.417478 0
0.467249 0.372021 0
1.32974 0.327016 0
1.81227 0.713777 0
1.86653 0.707402 0
0.640493 0.793088 0
0.595721 0.791104 0
0.0313583 0.182198 0
0.431849 0.969595 0
0.481849 0.969595 0
2.32094 0.776288 0
2.28867 0.809876 0
2.2954 0.185446 0
2.32884 0.215932 0
0.719092 0.914563 0
0.369076 0.969174 0
3.78985 0.682703 0
3.84129 0.623883 0
4.9491 0.0523206 0
0.697934 0.310545 0
0.724635 0.295244 0
0.726701 0.334699 0
0.401778 0.954091 0
0.433627 0.923686 0
0.444359 0.88774 0
0.441891 0.847482 0
1.81464 0.533324 0
1.77972 0.559972 0
1.76217 0.526474 0
1.89928 0.683581 0
0.370854 0.923265 0
3.33579 0.0465612 0
3.33192 0.951444 0
0.672137 0.33456 0
0.670071 0.295105 0
1.52118 0.286676 0
1.66308 0.752558 0
1.20285 0.687001 0
1.21981 0.72756 0
1.18086 0.727257 0
0.47443 0.903244 0
2.26468 0.525135 0
0.650685 0.598393 0
0.675066 0.0292888 0
2.54315 0.41997 0
1.68726 0.70548 0
1.74863 0.362791 0
1.72917 0.402065 0
2.54741 0.846653 0
2.5452 0.155622 0
1.93585 0.338094 0
0.621742 0.291853 0
1.93399 0.656695 0
0.0294014 0.0294014 0
1.26247 0.718691 0
1.76637 0.324372 0
1.70853 0.5152 0
1.74345 0.488552 0
1.76129 0.272818 0
0.873547 0.971977 0
0.192783 0.932402 0
0.147005 0.912183 0
2.07048 0.756457 0
1.48194 0.354661 0
1.44704 0.379433 0
1.51041 0.317798 0
4.94844 0.555901 0
4.94844 0.455901 0
2.11613 0.686014 0
2.08411 0.713123 0
1.72682 0.452161 0
0.125 0.972857 0
0.175 0.972857 0
1.4167 0.408 0
0.783219 0.748805 0
0.751986 0.723415 0
4.29104 0.360817 0
4.35683 0.318388 0
1.78045 0.463436 0
1.83312 0.471444 0
0.384123 0.0663763 0
3.09844 0.81465 0
3.10008 0.749647 0
0.59822 0.510232 0
0.587281 0.686932 0
1.05636 0.222848 0
1.15744 0.761473 0
1.97716 0.356123 0
0.799825 0.509818 0
1.84599 0.515368 0
1.73029 0.723107 0
1.39542 0.445557 0
0.843168 0.200099 0
0.840905 0.169129 0
1.77487 0.721956 0
1.86354 0.548865 0
0.833987 0.528122 0
3.73441 0.6553 0
0.729336 0.691553 0
0.694099 0.149866 0
0.694326 0.100687 0
1.7219 0.261976 0
1.9833 0.644015 0
0.686917 0.0685777 0
2.13104 0.311793 0
0.598145 0.569932 0
0.598099 0.54093 0
0.834993 0.129782 0
0.5874 0.830998 0
1.25327 0.654234 0
1.2172 0.651656 0
1.22867 0.618586 0
0.876342 0.923418 0
4.8604 0.445249 0
2.16759 0.322829 0
1.01862 0.192166 0
0.864678 0.263707 0
0.410765 0.507526 0
2.21205 0.335453 0
0.56703 0.530452 0
1.21137 0.584301 0
0.980369 0.213693 0
0.609379 0.601314 0
1.28353 0.682493 0
0.441634 0.808373 0
2.38108 0.770989 0
2.38058 0.220558 0
0.824665 0.221307 0
3.34863 0.693838 0
4.83508 0.52473 0
4.89123 0.595174 0
0.643277 0.154001 0
1.48127 0.28913 0
2.26133 0.329733 0
0.711645 0.665964 0
3.04646 0.841992 0
3.04753 0.160101 0
2.94207 0.559084 0
0.85471 0.229939 0
3.03682 0.586443 0
0.499071 0.934639 0
2.99253 0.544626 0
0.114409 0.934114 0
2.2178 0.512249 0
0.635499 0.118737 0
0.544322 0.102804 0
0.86536 0.105843 0
1.79251 0.683011 0
0.764248 0.633297 0
0.65754 0.0906865 0
0.746265 0.665279 0
CELLS 953 6671
6 624 210 347 631 632 633
6 337 624 347 634 633 635
6 568 333 253 636 637 638
6 324 333 568 639 636 640
6 297 495 456 641 642 643
6 456 235 396 644 645 646
6 234 314 515 647 648 649
6 226 298 455 650 651 652
6 50 51 308 75 653 654
6 108 109 309 133 655 656
6 305 350 603 657 658 659
6 208 298 483 660 661 662
6 297 456 396 643 646 663
6 495 225 456 664 665 642
6 237 305 603 666 659 667
6 212 311 388 668 669 670
6 231 480 288 671 672 673
6 208 461 298 674 675 660
6 225 390 498 676 677 678
6 476 12 339 679 680 681
6 241 337 347 682 635 683
6 210 350 305 684 657 685
6 400 549 439 686 687 688
6 401 440 539 689 690 691
6 277 540 315 692 693 694
6 11 12 476 26 679 695
6 268 381 311 696 697 698
6 214 453 300 699 700 701
6 272 400 439 702 688 703
6 273 440 401 704 689 705
6 234 301 409 706 707 708
6 101 374 384 709 710 711
6 303 498 390 712 677 713
6 234 515 332 649 714 715
6 213 357 340 716 717 718
6 218 437 555 719 720 721
6 226 522 298 722 723 650
6 210 305 577 685 724 725
6 242 337 369 726 727 728
6 44 463 386 729 730 731
6 115 385 464 732 733 734
6 332 515 8 714 735 736
6 213 366 306 737 738 739
6 213 306 367 739 740 741
6 515 190 8 742 193 735
6 458 99 392 743 744 745
6 239 543 341 746 747 748
6 240 342 544 749 750 751
6 262 310 443 752 753 754
6 208 474 461 755 756 674
6 311 381 436 697 757 758
6 315 540 348 693 759 760
6 101 102 374 126 761 709
6 256 452 307 762 763 764
6 254 541 445 765 766 767
6 274 312 495 768 769 770
6 229 436 352 771 772 773
6 98 99 458 123 743 774
6 234 409 314 708 775 647
6 239 367 306 776 740 777
6 223 307 452 778 763 779
6 352 436 453 772 780 781
6 290 393 454 782 783 784
6 344 518 538 785 786 787
6 225 495 312 664 769 788
6 18 477 345 789 790 791
6 274 424 312 792 793 768
6 231 288 506 673 794 795
6 239 363 543 796 797 746
6 240 544 364 751 798 799
6 225 498 456 678 800 665
6 226 455 499 652 801 802
6 243 294 420 803 804 805
6 234 481 301 806 807 706
6 298 522 483 723 808 661
6 214 300 492 701 809 810
6 88 435 361 811 812 813
6 295 461 474 814 756 815
6 256 307 428 764 816 817
6 55 56 364 80 818 819
6 103 104 363 128 820 821
6 248 454 393 822 783 823
6 229 388 311 824 669 825
6 97 458 333 826 827 828
6 316 592 380 829 830 831
6 239 306 377 777 832 833
6 264 318 446 834 835 836
6 265 447 319 837 838 839
6 50 308 397 654 840 841
6 109 398 309 842 843 655
6 157 409 582 844 845 846
6 210 577 347 725 847 632
6 4 334 120 848 849 145
6 238 380 592 850 830 851
6 18 19 477 33 852 789
6 56 489 364 853 854 818
6 103 363 488 821 855 856
6 211 365 351 857 858 859
6 241 442 299 860 861 862
6 88 89 435 93 863 811
6 237 603 379 667 864 865
6 216 496 315 866 867 868
6 286 555 437 869 720 870
6 285 386 463 871 730 872
6 284 464 385 873 733 874
6 97 98 458 122 774 826
6 243 468 294 875 876 803
6 340 357 482 717 877 878
6 223 462 307 879 880 778
6 225 312 390 788 881 676
6 328 379 603 882 864 883
6 277 315 496 694 867 884
6 301 481 575 807 885 886
6 263 328 603 887 883 888
6 235 518 344 889 785 890
6 275 402 374 891 892 893
6 276 375 403 894 895 896
6 242 325 624 897 898 899
6 211 351 454 859 900 901
6 279 415 335 902 903 904
6 263 603 350 888 658 905
6 229 311 436 825 758 771
6 252 302 430 906 907 908
6 264 470 318 909 910 834
6 51 508 308 911 912 653
6 108 309 507 656 913 914
6 242 369 460 728 915 916
6 255 387 356 917 918 919
6 335 415 493 903 920 921
6 242 624 337 899 634 726
6 254 425 541 922 923 765
6 17 322 421 924 925 926
6 43 44 386 68 731 927
6 115 116 385 140 928 732
6 262 486 310 929 930 752
6 274 483 522 931 808 932
6 228 401 410 933 934 935
6 212 475 311 936 937 668
6 237 491 305 938 939 666
6 276 403 383 896 940 941
6 215 383 403 942 940 943
6 249 403 375 944 895 945
6 250 374 402 946 892 947
6 218 555 413 721 948 949
6 241 592 316 950 829 951
6 241 299 526 862 952 953
6 301 582 409 954 845 707
6 120 334 446 849 955 956
6 306 366 551 738 957 958
6 227 318 470 959 910 960
6 231 585 480 961 962 671
6 211 454 376 901 963 964
6 157 158 409 172 965 844
6 256 356 387 966 918 967
6 217 394 370 968 969 970
6 265 370 394 971 969 972
6 284 538 518 973 786 974
6 240 551 366 975 957 976
6 287 372 474 977 978 979
6 264 334 407 980 981 982
6 282 410 401 983 934 984
6 245 511 398 985 986 987
6 246 397 512 988 989 990
6 243 322 468 991 992 875
6 20 399 477 993 994 995
6 222 317 434 996 997 998
6 287 563 372 999 1000 977
6 271 376 339 1001 1002 1003
6 261 436 381 1004 757 1005
6 354 444 504 1006 1007 1008
6 260 444 354 1009 1006 1010
6 248 393 598 823 1011 1012
6 248 598 362 1012 1013 1014
6 241 369 337 1015 727 682
6 587 438 232 1016 1017 1018
6 268 311 475 698 937 1019
6 238 365 519 1020 1021 1022
6 241 316 442 951 1023 860
6 309 398 511 843 986 1024
6 308 512 397 1025 989 840
6 212 388 529 670 1026 1027
6 270 389 391 1028 1029 1030
6 266 514 418 1031 1032 1033
6 293 456 498 1034 800 1035
6 292 499 455 1036 801 1037
6 244 391 389 1038 1029 1039
6 216 315 465 868 1040 1041
6 60 61 360 85 1042 1043
6 252 459 302 1044 1045 906
6 9 393 524 1046 1047 1048
6 310 486 444 930 1049 1050
6 243 420 480 805 1051 1052
6 235 344 396 890 1053 645
6 224 444 486 1054 1049 1055
6 19 20 477 34 995 852
6 247 360 569 1056 1057 1058
6 282 445 541 1059 766 1060
6 226 472 424 1061 1062 1063
6 242 575 481 1064 885 1065
6 52 448 330 1066 1067 1068
6 107 331 449 1069 1070 1071
6 330 438 587 1072 1016 1073
6 244 493 391 1074 1075 1038
6 215 377 383 1076 1077 942
6 320 472 536 1078 1079 1080
6 391 493 496 1075 1081 1082
6 208 483 396 662 1083 1084
6 243 421 322 1085 925 991
6 10 476 362 1086 1087 1088
6 222 459 317 1089 1090 996
6 1 39 346 63 1091 1092
6 189 515 567 1093 1094 1095
6 248 339 376 1096 1002 1097
6 247 569 361 1058 1098 1099
6 265 319 487 839 1100 1101
6 280 399 426 1102 1103 1104
6 300 453 564 700 1105 1106
6 246 536 472 1107 1079 1108
6 250 384 374 1109 710 946
6 259 341 559 1110 1111 1112
6 258 558 342 1113 1114 1115
6 310 594 443 1116 1117 753
6 320 424 472 1118 1062 1078
6 327 512 578 1119 1120 1121
6 312 554 441 1122 1123 1124
6 297 396 483 663 1083 1125
6 288 480 420 672 1051 1126
6 209 327 570 1127 1128 1129
6 100 101 384 125 711 1130
6 227 484 318 1131 1132 959
6 228 319 485 1133 1134 1135
6 244 414 335 1136 1137 1138
6 215 329 402 1139 1140 1141
6 215 403 329 943 1142 1139
6 365 419 519 1143 1144 1021
6 228 487 319 1145 1100 1133
6 233 511 326 1146 1147 1148
6 249 355 408 1149 1150 1151
6 260 426 399 1152 1103 1153
6 60 360 530 1043 1154 1155
6 9 201 393 203 1156 1046
6 58 59 355 83 1157 1158
6 146 147 371 161 1159 1160
6 234 466 325 1161 1162 1163
6 113 114 358 138 1164 1165
6 45 46 359 70 1166 1167
6 241 347 592 683 1168 950
6 209 536 327 1169 1170 1127
6 264 446 334 836 955 980
6 100 384 523 1130 1171 1172
6 245 441 326 1173 1174 1175
6 578 512 232 1120 1176 1177
6 296 418 514 1178 1032 1179
6 301 575 406 886 1180 1181
6 22 594 382 1182 1183 1184
6 247 324 568 1185 640 1186
6 395 513 494 1187 1188 1189
6 234 325 481 1163 1190 806
6 249 329 403 1191 1142 944
6 250 402 329 947 1140 1192
6 314 567 515 1193 1094 648
6 262 346 394 1194 1195 1196
6 291 570 327 1197 1128 1198
6 214 590 317 1199 1200 1201
6 52 330 508 1068 1202 1203
6 107 507 331 1204 1205 1069
6 10 11 476 25 695 1086
6 238 577 365 1206 1207 1020
6 149 150 356 164 1208 1209
6 147 619 371 1210 1211 1159
6 278 513 395 1212 1187 1213
6 259 611 341 1214 1215 1110
6 258 342 612 1115 1216 1217
6 265 394 346 972 1195 1218
6 258 448 558 1219 1220 1113
6 259 559 449 1112 1221 1222
6 287 629 344 1223 1224 1225
6 247 435 324 1226 1227 1185
6 258 438 330 1228 1072 1229
6 214 317 534 1201 1230 1231
6 303 390 600 713 1232 1233
6 209 554 536 1234 1235 1169
6 283 408 355 1236 1150 1237
6 275 488 363 1238 855 1239
6 276 364 489 1240 854 1241
6 233 326 615 1148 1242 1243
6 328 606 379 1244 1245 882
6 209 441 554 1246 1123 1234
6 291 327 578 1198 1121 1247
6 118 627 404 1248 1249 1250
6 41 405 628 1251 1252 1253
6 257 407 334 1254 981 1255
6 290 524 393 1256 1047 782
6 283 530 360 1257 1154 1258
6 318 627 446 1259 1260 835
6 319 447 628 838 1261 1262
6 263 617 328 1263 1264 887
6 219 460 369 1265 915 1266
6 250 329 413 1192 1267 1268
6 21 22 382 36 1184 1269
6 229 321 505 1270 1271 1272
6 16 17 421 31 926 1273
6 310 382 594 1274 1183 1116
6 291 578 340 1247 1275 1276
6 305 365 577 1277 1207 724
6 154 338 500 1278 1279 1280
6 238 519 380 1022 1281 850
6 351 365 491 858 1282 1283
6 320 536 554 1080 1235 1284
6 245 326 511 1175 1147 985
6 267 419 343 1285 1286 1287
6 229 520 321 1288 1289 1270
6 277 493 415 1290 920 1291
6 220 439 549 1292 687 1293
6 232 340 578 1294 1275 1177
6 377 551 383 1295 1296 1077
6 253 392 437 1297 1298 1299
6 263 332 450 1300 1301 1302
6 321 520 430 1289 1303 1304
6 217 335 414 1305 1137 1306
6 307 371 619 1307 1211 1308
6 291 340 482 1276 878 1309
6 97 333 586 828 1310 1311
6 253 333 458 637 827 1312
6 221 539 440 1313 690 1314
6 318 404 627 1315 1249 1259
6 319 628 405 1262 1252 1316
6 6 574 380 1317 1318 1319
6 117 118 404 142 1250 1320
6 41 42 405 66 1321 1251
6 285 417 440 1322 1323 1324
6 242 481 325 1065 1190 897
6 4 431 334 1325 1326 848
6 315 348 622 760 1327 1328
6 286 437 392 870 1298 1329
6 218 528 408 1330 1331 1332
6 288 416 506 1333 1334 794
6 218 413 528 949 1335 1330
6 248 476 339 1336 681 1096
6 189 190 515 192 742 1093
6 263 466 332 1337 1338 1300
6 1 346 443 1092 1339 1340
6 234 332 466 715 1338 1161
6 249 581 355 1341 1342 1149
6 262 443 346 754 1339 1194
6 251 501 336 1343 1344 1345
6 39 447 346 1346 1347 1091
6 257 334 431 1255 1326 1348
6 313 480 585 1349 962 1350
6 256 428 356 817 1351 966
6 344 629 396 1224 1352 1053
6 212 426 354 1353 1354 1355
6 296 434 433 1356 1357 1358
6 259 331 553 1359 1360 1361
6 210 427 350 1362 1363 684
6 255 433 434 1364 1357 1365
6 324 571 333 1366 1367 639
6 221 440 417 1314 1323 1368
6 307 462 371 880 1369 1307
6 267 343 506 1287 1370 1371
6 258 330 448 1229 1067 1219
6 259 449 331 1222 1070 1359
6 417 517 623 1372 1373 1374
6 252 430 520 908 1303 1375
6 265 346 447 1218 1347 837
6 17 545 322 1376 1377 924
6 45 359 463 1167 1378 1379
6 114 464 358 1380 1381 1164
6 149 356 428 1209 1351 1382
6 8 450 332 1383 1301 736
6 281 425 432 1384 1385 1386
6 312 424 554 793 1387 1122
6 52 53 448 77 1388 1066
6 106 107 449 131 1071 1389
6 219 525 460 1390 1391 1265
6 312 441 390 1124 1392 881
6 254 372 563 1393 1000 1394
6 211 343 419 1395 1286 1396
6 264 407 465 982 1397 1398
6 249 528 329 1399 1400 1191
6 261 453 436 1401 780 1004
6 232 438 340 1017 1402 1294
6 287 344 584 1225 1403 1404
6 316 380 574 831 1318 1405
6 290 454 351 784 900 1406
6 286 523 384 1407 1171 1408
6 295 474 372 815 978 1409
6 249 375 581 945 1410 1341
6 248 362 476 1014 1087 1336
6 359 532 605 1411 1412 1413
6 358 604 531 1414 1415 1416
6 254 432 425 1417 1385 922
6 251 336 529 1345 1418 1419
6 260 354 426 1010 1354 1152
6 218 566 368 1420 1421 1422
6 231 506 343 795 1370 1423
6 245 600 390 1424 1232 1425
6 261 564 453 1426 1105 1401
6 239 341 611 748 1215 1427
6 240 612 342 1428 1216 749
6 317 459 534 1090 1429 1230
6 153 154 500 168 1280 1430
6 232 512 587 1176 1431 1018
6 233 588 511 1432 1433 1146
6 285 517 417 1434 1372 1322
6 271 339 469 1003 1435 1436
6 252 534 459 1437 1429 1044
6 280 527 345 1438 1439 1440
6 7 412 589 1441 1442 1443
6 59 530 355 1444 1445 1157
6 217 535 335 1446 1447 1305
6 113 358 531 1165 1416 1448
6 46 532 359 1449 1411 1166
6 263 350 427 905 1363 1450
6 213 340 502 718 1451 1452
6 224 504 444 1453 1007 1054
6 244 335 493 1138 921 1074
6 251 580 373 1454 1455 1456
6 299 451 471 1457 1458 1459
6 49 50 397 74 841 1460
6 109 110 398 134 1461 842
6 14 349 625 1462 1463 1464
6 283 355 530 1237 1445 1257
6 105 559 341 1465 1111 1466
6 54 342 558 1467 1114 1468
6 269 471 451 1469 1458 1470
6 154 516 338 1471 1472 1278
6 317 590 434 1200 1473 997
6 283 360 457 1258 1474 1475
6 279 335 535 904 1447 1476
6 325 466 427 1162 1477 1478
6 57 581 375 1479 1410 1480
6 253 437 368 1299 1481 1482
6 177 565 373 1483 1484 1485
6 241 526 369 953 1486 1015
6 247 361 435 1099 812 1226
6 310 444 382 1050 1487 1274
6 307 619 428 1308 1488 816
6 12 469 339 1489 1435 680
6 229 352 520 773 1490 1288
6 107 108 507 132 914 1204
6 51 52 508 76 1203 911
6 105 341 543 1466 747 1491
6 54 544 342 1492 750 1467
6 236 455 461 1493 1494 1495
6 321 589 412 1496 1442 1497
6 239 490 363 1498 1499 796
6 211 419 365 1396 1143 857
6 62 361 569 1500 1098 1501
6 251 412 580 1502 1503 1454
6 218 368 437 1422 1481 719
6 233 482 553 1504 1505 1506
6 214 534 352 1231 1507 1508
6 271 349 497 1509 1510 1511
6 280 345 477 1440 790 1512
6 239 611 367 1427 1513 776
6 240 366 612 976 1514 1428
6 262 562 353 1515 1516 1517
6 410 541 556 1518 1519 1520
6 212 354 475 1355 1521 936
6 357 620 553 1522 1523 1524
6 212 529 336 1027 1418 1525
6 255 356 591 919 1526 1527
6 47 48 423 72 1528 1529
6 111 112 422 136 1530 1531
6 270 510 557 1532 1533 1534
6 58 355 581 1158 1342 1535
6 245 390 441 1425 1392 1173
6 298 461 455 675 1494 651
6 282 541 410 1060 1518 983
6 246 472 599 1108 1536 1537
6 292 605 532 1538 1412 1539
6 293 531 604 1540 1415 1541
6 214 492 387 810 1542 1543
6 146 371 431 1160 1544 1545
6 183 552 451 1546 1547 1548
6 48 547 423 1549 1550 1528
6 111 422 548 1531 1551 1552
6 209 570 441 1129 1553 1246
6 257 431 371 1348 1544 1554
6 262 353 486 1517 1555 929
6 247 457 360 1556 1474 1056
6 57 58 581 82 1535 1479
6 214 387 590 1543 1557 1199
6 620 259 553 1558 1361 1523
6 214 352 453 1508 781 699
6 221 372 445 1559 1560 1561
6 357 553 482 1524 1505 877
6 231 343 497 1423 1562 1563
6 240 364 626 799 1564 1565
6 257 371 462 1554 1369 1566
6 230 527 501 1567 1568 1569
6 213 620 357 1570 1522 716
6 275 363 490 1239 1499 1571
6 271 625 349 1572 1463 1509
6 290 351 579 1406 1573 1574
6 323 557 510 1575 1533 1576
6 318 484 404 1132 1577 1315
6 319 405 485 1316 1578 1134
6 336 501 527 1344 1568 1579
6 266 500 596 1580 1581 1582
6 612 502 258 1583 1584 1217
6 326 441 570 1174 1553 1585
6 266 411 429 1586 1587 1588
6 268 475 354 1019 1521 1589
6 212 336 595 1525 1590 1591
6 302 552 430 1592 1593 907
6 266 429 514 1588 1594 1031
6 213 367 620 741 1595 1570
6 195 606 617 1596 1597 1598
6 366 502 612 1599 1583 1514
6 294 373 565 1600 1484 1601
6 247 568 368 1186 1602 1603
6 257 462 378 1566 1604 1605
6 254 445 372 767 1560 1393
6 251 373 501 1456 1606 1343
6 62 597 361 1607 1608 1500
6 271 503 376 1609 1610 1001
6 278 610 353 1611 1612 1613
6 222 550 459 1614 1615 1089
6 268 354 504 1589 1008 1616
6 284 385 439 874 1617 1618
6 285 440 386 1324 1619 871
6 150 151 591 165 1620 1621
6 150 591 356 1621 1526 1208
6 182 430 552 1622 1593 1623
6 313 509 521 1624 1625 1626
6 49 397 547 1460 1627 1628
6 110 548 398 1629 1630 1461
6 304 423 547 1631 1550 1632
6 303 548 422 1633 1551 1634
6 10 362 608 1088 1635 1636
6 251 388 505 1637 1638 1639
6 211 503 343 1640 1641 1395
6 278 353 601 1613 1642 1643
6 18 345 545 791 1644 1645
6 57 375 489 1480 1646 1647
6 102 488 374 1648 1649 761
6 220 432 584 1650 1651 1652
6 14 509 349 1653 1654 1462
6 104 543 363 1655 797 820
6 55 364 544 819 798 1656
6 333 571 586 1367 1657 1310
6 152 153 418 167 1658 1659
6 302 459 550 1045 1615 1660
6 338 596 500 1661 1581 1279
6 13 14 625 28 1464 1662
6 247 368 457 1603 1663 1556
6 216 407 607 1664 1665 1666
6 306 551 377 958 1295 832
6 91 586 571 1667 1657 1668
6 213 502 366 1452 1599 737
6 432 563 584 1669 1670 1651
6 272 439 385 703 1617 1671
6 273 386 440 1672 1619 704
6 263 450 617 1302 1673 1263
6 4 146 431 160 1545 1325
6 260 382 444 1674 1487 1009
6 248 376 454 1097 963 822
6 219 369 526 1266 1486 1675
6 151 433 591 1676 1677 1620
6 368 566 457 1421 1678 1663
6 15 521 509 1679 1625 1680
6 255 434 590 1365 1473 1681
6 148 149 428 163 1382 1682
6 244 561 414 1683 1684 1136
6 269 429 411 1685 1587 1686
6 252 520 534 1375 1687 1437
6 223 378 462 1688 1604 879
6 305 491 365 939 1282 1277
6 451 552 602 1547 1689 1690
6 231 497 585 1563 1691 961
6 236 623 517 1692 1373 1693
6 61 569 360 1694 1057 1042
6 276 626 364 1695 1564 1240
6 265 487 370 1101 1696 971
6 88 361 597 813 1608 1697
6 260 533 382 1698 1699 1674
6 267 560 380 1700 1701 1702
6 194 195 617 198 1598 1703
6 275 374 488 893 1649 1238
6 276 489 375 1241 1646 894
6 351 491 579 1283 1704 1573
6 211 376 503 964 1610 1640
6 270 467 378 1705 1706 1707
6 210 624 427 631 1708 1362
6 237 579 491 1709 1704 938
6 177 373 580 1485 1455 1710
6 61 62 569 86 1501 1694
6 262 394 562 1196 1711 1515
6 345 527 621 1439 1712 1713
6 1 443 23 1340 1714 38
6 270 391 467 1030 1715 1705
6 196 379 606 1716 1245 1717
6 352 534 520 1507 1687 1490
6 56 57 489 81 1647 853
6 102 103 488 127 856 1648
6 119 120 446 144 956 1718
6 39 40 447 64 1719 1346
6 261 381 473 1005 1720 1721
6 289 525 516 1722 1723 1724
6 216 467 391 1725 1715 1726
6 251 505 412 1639 1727 1502
6 253 458 392 1312 745 1297
6 328 617 606 1264 1597 1244
6 217 370 535 970 1728 1446
6 6 380 560 1319 1701 1729
6 338 516 525 1472 1723 1730
6 349 585 497 1731 1691 1510
6 239 377 490 833 1732 1498
6 216 607 467 1666 1733 1725
6 116 478 385 1734 1735 928
6 43 386 479 927 1736 1737
6 230 621 527 1738 1712 1567
6 260 399 533 1153 1739 1698
6 268 494 381 1740 1741 696
6 280 477 399 1512 994 1102
6 304 472 499 1742 1743 1744
6 206 473 381 1745 1720 1746
6 358 464 518 1381 1747 1748
6 359 517 463 1749 1750 1378
6 325 427 624 1478 1708 898
6 216 465 407 1041 1397 1664
6 279 535 370 1476 1728 1751
6 270 378 510 1707 1752 1532
6 42 43 479 67 1737 1753
6 116 117 478 141 1754 1734
6 8 194 450 197 1755 1383
6 206 557 473 1756 1757 1745
6 154 155 516 169 1758 1471
6 237 379 579 865 1759 1709
6 224 486 610 1055 1760 1761
6 226 499 472 802 1743 1061
6 323 473 557 1762 1757 1575
6 269 411 471 1686 1763 1469
6 279 370 537 1751 1764 1765
6 223 510 378 1766 1752 1688
6 44 45 463 69 1379 729
6 114 115 464 139 734 1380
6 253 368 568 1482 1602 638
6 250 555 384 1767 1768 1109
6 321 412 505 1497 1727 1271
6 221 609 372 1769 1770 1559
6 340 438 502 1402 1771 1451
6 272 385 478 1671 1735 1772
6 273 479 386 1773 1736 1672
6 5 567 159 1774 1775 174
6 5 189 567 191 1095 1774
6 195 196 606 199 1717 1596
6 202 608 598 1776 1777 1778
6 222 434 514 998 1779 1780
6 353 610 486 1612 1760 1555
6 206 381 494 1746 1741 1781
6 244 389 561 1039 1782 1683
6 12 13 469 27 1783 1489
6 215 572 377 1784 1785 1076
6 148 428 619 1682 1488 1786
6 290 579 379 1574 1759 1787
6 308 587 512 1788 1431 1025
6 309 511 588 1024 1433 1789
6 362 598 608 1013 1777 1635
6 398 548 600 1630 1790 1791
6 397 599 547 1792 1793 1627
6 296 573 418 1794 1795 1178
6 297 483 495 1125 1796 641
6 267 416 560 1797 1798 1700
6 20 21 533 35 1799 1800
6 20 533 399 1800 1739 993
6 268 504 395 1616 1801 1802
6 320 554 424 1284 1387 1118
6 219 471 411 1803 1763 1804
6 90 91 571 95 1668 1805
6 281 546 616 1806 1807 1808
6 196 524 379 1809 1810 1716
6 270 557 389 1534 1811 1028
6 348 616 546 1812 1807 1813
6 293 422 531 1814 1815 1540
6 292 532 423 1539 1816 1817
6 183 614 184 1818 1819 187
6 295 372 609 1409 1770 1820
6 286 384 555 1408 1768 869
6 294 613 373 1821 1822 1600
6 104 105 543 129 1491 1655
6 54 55 544 79 1656 1492
6 227 400 484 1823 1824 1131
6 228 485 401 1135 1825 933
6 277 496 493 884 1081 1290
6 246 512 536 990 1826 1107
6 268 395 494 1802 1189 1740
6 112 531 422 1827 1815 1530
6 47 423 532 1529 1816 1828
6 274 495 483 770 1796 931
6 99 523 392 1829 1830 744
6 257 378 607 1605 1831 1832
6 290 379 524 1787 1810 1256
6 23 443 594 1714 1117 1833
6 304 599 472 1834 1536 1742
6 119 446 627 1718 1260 1835
6 40 628 447 1836 1261 1719
6 272 404 484 1837 1577 1838
6 273 485 405 1839 1578 1840
6 229 505 388 1272 1638 824
6 272 484 400 1838 1824 702
6 273 401 485 705 1825 1839
6 216 391 496 1726 1082 866
6 626 551 240 1841 975 1565
6 256 387 492 967 1542 1842
6 99 100 523 124 1172 1829
6 251 529 388 1419 1026 1637
6 117 404 478 1320 1843 1754
6 42 479 405 1753 1844 1321
6 289 460 525 1845 1391 1722
6 14 15 509 29 1680 1653
6 272 478 404 1772 1843 1837
6 273 405 479 1840 1844 1773
6 206 513 389 1846 1847 1848
6 327 536 512 1170 1826 1119
6 17 18 545 32 1645 1376
6 224 395 504 1849 1801 1453
6 296 514 434 1179 1779 1356
6 276 383 626 941 1850 1695
6 175 416 542 1851 1852 1853
6 255 591 433 1527 1677 1364
6 6 560 175 1729 1854 178
6 206 494 513 1781 1188 1846
6 343 503 497 1641 1855 1562
6 3 586 91 1856 1667 96
6 152 418 573 1659 1795 1857
6 286 392 523 1329 1830 1407
6 383 551 626 1296 1841 1850
6 3 97 586 121 1311 1856
6 7 177 580 181 1710 1858
6 7 580 412 1858 1503 1441
6 21 382 533 1269 1699 1799
6 9 524 196 1048 1809 200
6 267 380 519 1702 1281 1859
6 278 395 610 1213 1860 1611
6 227 546 400 1861 1862 1823
6 219 411 596 1804 1863 1864
6 206 389 557 1848 1811 1756
6 255 590 387 1681 1557 917
6 201 202 598 204 1778 1865
6 155 156 593 170 1866 1867
6 235 604 518 1868 1869 889
6 236 517 605 1693 1870 1871
6 153 500 418 1430 1872 1658
6 156 157 582 171 846 1873
6 358 518 604 1748 1869 1414
6 359 605 517 1413 1870 1749
6 275 572 402 1874 1875 891
6 249 408 528 1151 1331 1399
6 2 88 597 92 1697 1876
6 112 113 531 137 1448 1827
6 46 47 532 71 1828 1449
6 176 420 565 1877 1878 1879
6 156 406 593 1880 1881 1866
6 59 60 530 84 1155 1444
6 289 406 575 1882 1180 1883
6 207 616 540 1884 1885 1886
6 281 400 546 1887 1862 1806
6 156 582 406 1873 1888 1880
6 53 54 558 78 1468 1889
6 105 106 559 130 1890 1465
6 271 497 503 1511 1855 1609
6 176 542 420 1891 1892 1877
6 263 427 466 1450 1477 1337
6 258 502 438 1584 1771 1228
6 217 562 394 1893 1711 968
6 264 465 470 1398 1894 909
6 300 576 452 1895 1896 1897
6 289 593 406 1898 1881 1882
6 48 49 547 73 1628 1549
6 110 111 548 135 1552 1629
6 208 396 629 1084 1352 1899
6 183 451 614 1548 1900 1818
6 15 16 521 30 1901 1679
6 2 597 62 1876 1607 87
6 226 424 522 1063 1902 722
6 315 470 465 1903 1894 1040
6 279 410 556 1904 1520 1905
6 246 599 397 1537 1792 988
6 245 398 600 987 1791 1424
6 303 422 498 1634 1906 712
6 304 499 423 1744 1907 1631
6 224 610 395 1761 1860 1849
6 282 401 539 984 691 1908
6 266 418 500 1033 1872 1580
6 288 542 416 1909 1852 1333
6 348 540 616 759 1885 1812
6 215 402 572 1141 1875 1784
6 281 549 400 1910 686 1887
6 293 498 422 1035 1906 1814
6 292 423 499 1817 1907 1036
6 0 608 202 1911 1776 205
6 0 10 608 24 1636 1911
6 267 519 419 1859 1144 1285
6 175 542 176 1853 1891 179
6 223 452 576 779 1896 1912
6 279 537 410 1765 1913 1904
6 207 540 415 1886 1914 1915
6 228 410 537 935 1913 1916
6 151 152 573 166 1857 1917
6 40 41 628 65 1253 1836
6 118 119 627 143 1835 1248
6 314 409 583 775 1918 1919
6 266 596 411 1582 1863 1586
6 329 528 413 1400 1335 1267
6 284 439 538 1618 1920 973
6 301 406 582 1181 1888 954
6 182 552 183 1623 1546 186
6 201 598 393 1865 1011 1156
6 278 601 414 1643 1921 1922
6 217 414 601 1306 1921 1923
6 89 90 618 94 1924 1925
6 220 584 538 1652 1926 1927
6 279 556 415 1905 1928 902
6 175 560 416 1854 1798 1851
6 158 159 583 173 1929 1930
6 176 565 177 1879 1483 180
6 278 414 561 1922 1684 1931
6 222 429 550 1932 1933 1614
6 158 583 409 1930 1918 965
6 218 408 566 1332 1934 1420
6 22 23 594 37 1833 1182
6 267 506 416 1371 1334 1797
6 257 607 407 1832 1665 1254
6 294 565 420 1601 1878 804
6 283 566 408 1935 1934 1236
6 147 148 619 162 1786 1210
6 277 415 540 1291 1914 692
6 207 556 541 1936 1519 1937
6 271 469 625 1436 1938 1572
6 274 522 424 932 1902 792
6 331 588 553 1939 1940 1360
6 6 184 574 188 1941 1317
6 250 413 555 1268 948 1767
6 288 420 542 1126 1892 1909
6 344 538 584 787 1926 1403
6 219 526 471 1675 1942 1803
6 284 518 464 974 1747 873
6 285 463 517 872 1750 1434
6 212 595 426 1591 1943 1353
6 300 452 492 1897 1944 809
6 221 445 539 1561 1945 1313
6 7 589 182 1443 1946 185
6 207 541 425 1937 923 1947
6 256 492 452 1842 1944 762
6 222 514 429 1780 1594 1932
6 207 415 556 1915 1928 1936
6 315 622 470 1328 1948 1903
6 233 553 588 1506 1940 1432
6 389 513 561 1847 1949 1782
6 230 468 621 1950 1951 1738
6 227 470 622 960 1948 1952
6 281 616 425 1808 1953 1384
6 182 589 430 1946 1954 1622
6 377 572 490 1785 1955 1732
6 269 550 429 1956 1933 1685
6 243 630 421 1957 1958 1085
6 370 487 537 1696 1959 1764
6 281 432 549 1386 1960 1910
6 220 549 432 1293 1960 1650
6 16 421 521 1273 1961 1901
6 228 537 487 1916 1959 1145
6 221 417 609 1368 1962 1769
6 321 430 589 1304 1954 1496
6 184 614 442 1819 1963 1964
6 322 621 468 1965 1951 992
6 219 596 525 1864 1966 1390
6 282 539 445 1908 1945 1059
6 220 538 439 1927 1920 1292
6 254 563 432 1394 1669 1417
6 207 425 616 1947 1953 1884
6 323 576 564 1967 1968 1969
6 296 433 573 1358 1970 1794
6 89 618 435 1925 1971 863
6 295 609 417 1820 1962 1972
6 280 426 595 1104 1943 1973
6 373 613 501 1822 1974 1606
6 299 471 526 1459 1942 952
6 151 573 433 1917 1970 1676
6 238 592 577 851 1975 1206
6 295 417 623 1972 1374 1976
6 184 442 574 1964 1977 1941
6 283 457 566 1475 1678 1935
6 347 577 592 847 1975 1168
6 300 564 576 1106 1968 1895
6 53 558 448 1889 1220 1388
6 106 449 559 1389 1221 1890
6 323 564 473 1969 1978 1762
6 275 490 572 1571 1955 1874
6 336 527 595 1579 1979 1590
6 299 442 614 861 1963 1980
6 323 510 576 1576 1981 1967
6 378 467 607 1706 1733 1831
6 289 575 460 1883 1982 1845
6 316 574 442 1405 1977 1023
6 293 604 456 1541 1983 1034
6 292 455 605 1037 1984 1538
6 223 576 510 1912 1981 1766
6 294 468 613 876 1985 1821
6 259 620 611 1558 1986 1214
6 280 595 527 1973 1979 1438
6 242 460 575 916 1982 1064
6 324 435 618 1227 1971 1987
6 278 561 513 1931 1949 1212
6 303 600 548 1233 1790 1633
6 304 547 599 1632 1793 1834
6 324 618 571 1987 1988 1366
6 261 473 564 1721 1978 1426
6 367 611 620 1513 1986 1595
6 90 571 618 1805 1988 1924
6 235 456 604 644 1983 1868
6 236 605 455 1871 1984 1493
6 243 480 630 1052 1989 1957
6 217 601 562 1923 1990 1893
6 287 584 563 1404 1670 999
6 13 625 469 1662 1938 1783
6 194 617 450 1703 1673 1755
6 299 614 451 1980 1900 1457
6 295 623 461 1976 1991 814
6 269 451 602 1470 1690 1992
6 331 507 588 1205 1993 1939
6 330 587 508 1073 1994 1202
6 326 570 615 1585 1995 1242
6 230 613 468 1996 1985 1950
6 233 615 482 1243 1997 1504
6 289 516 593 1724 1998 1898
6 236 461 623 1495 1991 1692
6 291 615 570 1999 1995 1197
6 314 583 567 1919 2000 1193
6 208 629 474 1899 2001 755
6 313 630 480 2002 1989 1349
6 313 585 509 1350 2003 1624
6 159 567 583 1775 2000 1929
6 349 509 585 1654 2003 1731
6 287 474 629 979 2001 1223
6 291 482 615 1309 1997 1999
6 309 588 507 1789 1993 913
6 308 508 587 912 1994 1788
6 322 545 621 1377 2004 1965
6 345 621 545 1713 2004 1644
6 230 501 613 1569 1974 1996
6 227 622 546 1952 2005 1861
6 155 593 516 1867 1998 1758
6 348 546 622 1813 2005 1327
6 302 602 552 2006 1689 1592
6 313 521 630 1626 2007 2002
6 338 525 596 1730 1966 1661
6 421 630 521 1958 2007 1961
6 353 562 601 1516 1990 1642
6 269 602 550 1992 2008 1956
6 302 550 602 1660 2008 2006
CELL_TYPES 953
22
22
22
22
22
22
22
22
22
22
22
22
22
22
22
22
22
22
22
22
22
22
22
22
22
22
22
22
22
22
22
22
22
22
22
22
22
22
22
22
22
22
22
22
22
22
22
22
22
22
22
22
22
22
22
22
22
22
22
22
22
22
22
22
22
22
22
22
22
22
22
22
22
22
22
22
22
22
22
22
22
22
22
22
22
22
22
22
22
22
22
22
22
22
22
22
22
22
22
22
22
22
22
22
22
22
22
22
22
22
22
22
22
22
22
22
22
22
22
22
22
22
22
22
22
22
22
22
22
22
22
22
22
22
22
22
22
22
22
22
22
22
22
22
22
22
22
22
22
22
22
22
22
22
22
22
22
22
22
22
22
22
22
22
22
22
22
22
22
22
22
22
22
22
22
22
22
22
22
22
22
22
22
22
22
22
22
22
22
22
22
22
22
22
22
22
22
22
22
22
22
22
22
22
22
22
22
22
22
22
22
22
22
22
22
22
22
22
22
22
22
22
22
22
22
22
22
22
22
22
22
22
22
22
22
22
22
22
22
22
22
22
22
22
22
22
22
22
22
22
22
22
22
22
22
22
22
22
22
22
22
22
22
22
22
22
22
22
22
22
22
22
22
22
22
22
22
22
22
22
22
22
22
22
22
22
22
22
22
22
22
22
22
22
22
22
22
22
22
22
22
22
22
22
22
22
22
22
22
22
22
22
22
22
22
22
22
22
22
22
22
22
22
22
22
22
22
22
22
22
22
22
22
22
22
22
22
22
22
22
22
22
22
22
22
22
22
22
22
22
22
22
22
22
22
22
22
22
22
22
22
22
22
22
22
22
22
22
22
22
22
22
22
22
22
22
22
22
22
22
22
22
22
22
22
22
22
22
22
22
22
22
22
22
22
22
22
22
22
22
22
22
22
22
22
22
22
22
22
22
22
22
22
22
22
22
22
22
22
22
22
22
22
22
22
22
22
22
22
22
22
22
22
22
22
22
22
22
22
22
22
22
22
22
22
22
22
22
22
22
22
22
22
22
22
22
22
22
22
22
22
22
22
22
22
22
22
22
22
22
22
22
22
22
22
22
22
22
22
22
22
22
22
22
22
22
22
22
22
22
22
22
22
22
22
22
22
22
22
22
22
22
22
22
22
22
22
22
22
22
22
22
22
22
22
22
22
22
22
22
22
22
22
22
22
22
22
22
22
22
22
22
22
22
22
22
22
22
22
22
22
22
22
22
22
22
22
22
22
22
22
22
22
22
22
22
22
22
22
22
22
22
22
22
22
22
22
22
22
22
22
22
22
22
22
22
22
22
22
22
22
22
22
22
22
22
22
22
22
22
22
22
22
22
22
22
22
22
22
22
22
22
22
22
22
22
22
22
22
22
22
22
22
22
22
22
22
22
22
22
22
22
22
22
22
22
22
22
22
22
22
22
22
22
22
22
22
22
22
22
22
22
22
22
22
22
22
22
22
22
22
22
22
22
22
22
22
22
22
22
22
22
22
22
22
22
22
22
22
22
22
22
22
22
22
22
22
22
22
22
22
22
22
22
22
22
22
22
22
22
22
22
22
22
22
22
22
22
22
22
22
22
22
22
22
22
22
22
22
22
22
22
22
22
22
22
22
22
22
22
22
22
22
22
22
22
22
22
22
22
22
22
22
22
22
22
22
22
22
22
22
22
22
22
22
22
22
22
22
22
22
22
22
22
22
22
22
22
22
22
22
22
22
22
22
22
22
22
22
22
22
22
22
22
22
22
22
22
22
22
22
22
22
22
22
22
22
22
22
22
22
22
22
22
22
22
22
22
22
22
22
22
22
22
22
22
22
22
22
22
22
22
22
22
22
22
22
22
22
22
22
22
22
22
22
22
22
22
22
22
22
22
22
22
22
22
22
22
22
22
22
22
22
22
22
22
22
22
22
22
22
22
22
22
22
22
22
22
22
22
22
22
22
22
22
22
22
22
22
22
22
22
22
22
22
22
22
22
22
22
22
22
22
22
22
22
22
22
22
22
22
22
22
22
22
22
22
22
22
22
22
22
22
22
22
22
22
22
22
22
22
22
22
22
22
22
22
22
22
22
22
22
22
22
22
22
22
22
22
22
22
22
22
22
22
22
22
22
22
22
22
22
22
22
22
22
22
22
22
22
22
22
22
POINT_DATA 2009
VECTORS velocity double
-0.000000000832704 -0.000000000865507 0.000000000000000
0.000000000175016 -0.000000001027117 0.000000000000000
0.000000000352731 0.000000000035581 0.000000000000000
0.000000000383600 -0.000000000021359 0.000000000000000
0.000000000175235 0.000000001031509 0.000000000000000
-0.000000000831792 0.000000000868859 0.000000000000000
0.000000003244225 -0.000000000005119 0.000000000000000
-0.000000000489381 0.000000000009201 0.000000000000000
0.839999998516811 0.000000000001074 0.000000000000000
0.839999998514348 0.000000000002980 0.000000000000000
-0.000000000084335 -0.000000001591719 0.000000000000000
0.000000000067881 -0.000000001746841 0.000000000000000
0.000000000135185 -0.000000001814233 0.000000000000000
0.000000000165082 -0.000000001914336 0.000000000000000
0.000000000325673 -0.000000001820230 0.000000000000000
0.000000000453955 -0.000000001070329 0.000000000000000
0.000000000310183 -0.000000000523501 0.000000000000000
0.000000000096630 -0.000000000766481 0.000000000000000
0.000000000127673 -0.000000000930131 0.000000000000000
0.000000000147340 -0.000000001062485 0.000000000000000
0.000000000203764 -0.000000001053479 0.000000000000000
0.000000000167423 -0.000000001066390 0.000000000000000
0.000000000162331 -0.000000001061659 0.000000000000000
0.000000000162893 -0.000000001042933 0.000000000000000
0.000000000173592 -0.000000001856089 0.000000000000000
0.000000000064651 -0.000000001772075 0.000000000000000
0.000000000044523 -0.000000001794707 0.000000000000000
0.000000000034101 -0.000000001866928 0.000000000000000
0.000000000110805 -0.000000001885039 0.000000000000000
0.000000000321149 -0.000000001481648 0.000000000000000
0.000000000285727 -0.000000000748989 0.000000000000000
0.000000000061046 -0.000000000614574 0.000000000000000
0.000000000057438 -0.000000000840804 0.000000000000000
0.000000000059558 -0.000000000989308 0.000000000000000
0.000000000096044 -0.000000001058153 0.000000000000000
0.000000000089200 -0.000000001062735 0.000000000000000
0.000000000101205 -0.000000001065428 0.000000000000000
0.000000000110962 -0.000000001052983 0.000000000000000
0.000000000105125 -0.000000001036064 0.000000000000000
0.000000000178653 -0.000000001003475 0.000000000000000
0.000000000164765 -0.000000000975349 0.000000000000000
0.000000000165650 -0.000000000948567 0.000000000000000
0.000000000173782 -0.000000000920291 0.000000000000000
0.000000000178166 -0.000000000889887 0.000000000000000
0.000000000188704 -0.000000000862174 0.000000000000000
0.000000000176256 -0.000000000828923 0.000000000000000
0.000000000178166 -0.000000000798114 0.000000000000000
0.000000000180768 -0.000000000765304 0.000000000000000
0.000000000194392 -0.000000000732825 0.000000000000000
0.000000000199072 -0.000000000694706 0.000000000000000
0.000000000211404 -0.000000000663546 0.000000000000000
0.000000000227571 -0.000000000630488 0.000000000000000
0.000000000278885 -0.000000000579906 0.000000000000000
0.000000000232071 -0.000000000531514 0.000000000000000
0.000000000300522 -0.000000000499155 0.000000000000000
0.000000000262523 -0.000000000427584 0.000000000000000
0.000000000272699 -0.000000000396334 0.000000000000000
0.000000000288506 -0.000000000346119 0.000000000000000
0.000000000245659 -0.000000000285266 0.000000000000000
0.000000000247767 -0.000000000256381 0.000000000000000
0.000000000259850 -0.000000000191123 0.000000000000000
0.000000000287249 -0.000000000144260 0.000000000000000
0.000000000337887 -0.000000000097565 0.000000000000000
0.000000000100923 -0.000000001016392 0.000000000000000
0.000000000106150 -0.000000000988913 0.000000000000000
0.000000000109126 -0.000000000962473 0.000000000000000
0.000000000105644 -0.000000000934091 0.000000000000000
0.000000000104002 -0.000000000905485 0.000000000000000
0.000000000095791 -0.000000000876261 0.000000000000000
0.000000000098944 -0.000000000844933 0.000000000000000
0.000000000101448 -0.000000000813580 0.000000000000000
0.000000000101589 -0.000000000781719 0.000000000000000
0.000000000096381 -0.000000000749231 0.000000000000000
0.000000000093875 -0.000000000714074 0.000000000000000
0.000000000084425 -0.000000000679151 0.000000000000000
0.000000000081085 -0.000000000647169 0.000000000000000
0.000000000075502 -0.000000000605458 0.000000000000000
0.000000000074483 -0.000000000554445 0.000000000000000
0.000000000070639 -0.000000000515322 0.000000000000000
0.000000000065387 -0.000000000461863 0.000000000000000
0.000000000057639 -0.000000000414528 0.000000000000000
0.000000000062175 -0.000000000367925 0.000000000000000
0.000000000062755 -0.000000000317468 0.000000000000000
0.000000000060791 -0.000000000270225 0.000000000000000
0.000000000071016 -0.000000000223379 0.000000000000000
0.000000000053768 -0.000000000170305 0.000000000000000
0.000000000050134 -0.000000000119987 0.000000000000000
0.000000000050340 -0.000000000034172 0.000000000000000
0.745754331995107 0.011360833321719 0.000000000000000
0.750547089340796 0.004179402750325 0.000000000000000
0.745698695544720 -0.006545621328083 0.000000000000000
0.756176813018661 0.008893702843224 0.000000000000000
0.604871269191739 0.020685094530394 0.000000000000000
0.760211354056822 0.011075768147390 0.000000000000000
0.764484822696894 -0.006746248780177 0.000000000000000
0.760007593309906 -0.011489292297320 0.000000000000000
0.611336416911628 0.012376902062348 0.000000000000000
0.000000000419051 0.000000000099025 0.000000000000000
0.000000000223928 0.000000000152874 0.000000000000000
0.000000000247088 0.000000000182245 0.000000000000000
0.000000000254200 0.000000000267097 0.000000000000000
0.000000000274301 0.000000000289547 0.000000000000000
0.000000000269958 0.000000000346013 0.000000000000000
0.000000000253486 0.000000000398930 0.000000000000000
0.000000000250140 0.000000000427508 0.000000000000000
0.000000000297874 0.000000000494795 0.000000000000000
0.000000000232710 0.000000000532815 0.000000000000000
0.000000000268004 0.000000000579705 0.000000000000000
0.000000000223530 0.000000000629342 0.000000000000000
0.000000000212256 0.000000000664155 0.000000000000000
0.000000000201579 0.000000000696775 0.000000000000000
0.000000000195516 0.000000000736144 0.000000000000000
0.000000000180793 0.000000000769274 0.000000000000000
0.000000000178161 0.000000000802668 0.000000000000000
0.000000000176678 0.000000000833624 0.000000000000000
0.000000000188987 0.000000000868379 0.000000000000000
0.000000000179318 0.000000000896592 0.000000000000000
0.000000000174790 0.000000000927600 0.000000000000000
0.000000000167412 0.000000000956128 0.000000000000000
0.000000000166342 0.000000000981393 0.000000000000000
0.000000000181185 0.000000001010051 0.000000000000000
0.000000000030671 0.000000000032124 0.000000000000000
0.000000000050045 0.000000000132618 0.000000000000000
0.000000000075697 0.000000000167578 0.000000000000000
0.000000000072848 0.000000000221407 0.000000000000000
0.000000000052934 0.000000000278109 0.000000000000000
0.000000000057101 0.000000000319953 0.000000000000000
0.000000000066784 0.000000000371655 0.000000000000000
0.000000000062686 0.000000000414374 0.000000000000000
0.000000000066659 0.000000000459769 0.000000000000000
0.000000000071636 0.000000000512867 0.000000000000000
0.000000000075402 0.000000000556214 0.000000000000000
0.000000000077484 0.000000000604394 0.000000000000000
0.000000000081946 0.000000000646863 0.000000000000000
0.000000000083773 0.000000000680543 0.000000000000000
0.000000000093566 0.000000000716851 0.000000000000000
0.000000000096642 0.000000000752822 0.000000000000000
0.000000000102159 0.000000000786008 0.000000000000000
0.000000000102020 0.000000000818166 0.000000000000000
0.000000000099833 0.000000000850363 0.000000000000000
0.000000000096397 0.000000000882688 0.000000000000000
0.000000000104685 0.000000000912680 0.000000000000000
0.000000000106186 0.000000000941483 0.000000000000000
0.000000000109315 0.000000000969562 0.000000000000000
0.000000000106497 0.000000000994830 0.000000000000000
0.000000000100365 0.000000001021479 0.000000000000000
0.000000000178125 0.000000001050752 0.000000000000000
0.000000000167459 0.000000001067395 0.000000000000000
0.000000000165834 0.000000001075881 0.000000000000000
0.000000000176242 0.000000001080039 0.000000000000000
0.000000000161214 0.000000001061638 0.000000000000000
0.000000000160662 0.000000001015514 0.000000000000000
0.000000000145500 0.000000000878314 0.000000000000000
0.000000000244095 0.000000000706625 0.000000000000000
0.000000000478758 0.000000000920077 0.000000000000000
0.000000000299671 0.000000001552584 0.000000000000000
0.000000000204835 0.000000001834335 0.000000000000000
0.000000000136633 0.000000001819392 0.000000000000000
0.000000000072741 0.000000001748697 0.000000000000000
-0.000000000083072 0.000000001599110 0.000000000000000
0.000000000103445 0.000000001041918 0.000000000000000
0.000000000104076 0.000000001059893 0.000000000000000
0.000000000106496 0.000000001072666 0.000000000000000
0.000000000101035 0.000000001079125 0.000000000000000
0.000000000089160 0.000000001073939 0.000000000000000
0.000000000085355 0.000000001039598 0.000000000000000
0.000000000068342 0.000000000952500 0.000000000000000
0.000000000047691 0.000000000778859 0.000000000000000
0.000000000159731 0.000000000767069 0.000000000000000
0.000000000277466 0.000000001253224 0.000000000000000
0.000000000178577 0.000000001726561 0.000000000000000
0.000000000074759 0.000000001835313 0.000000000000000
0.000000000049552 0.000000001800848 0.000000000000000
0.000000000069097 0.000000001778174 0.000000000000000
0.000000000172237 0.000000001862679 0.000000000000000
0.000000001806023 0.000000000306370 0.000000000000000
0.000000001012924 0.000000000287460 0.000000000000000
0.000000000230123 0.000000000314350 0.000000000000000
0.000000002589970 0.000000000504008 0.000000000000000
0.000000000681827 0.000000000902486 0.000000000000000
-0.000000000090961 0.000000000530915 0.000000000000000
-0.000000000622852 0.000000000187384 0.000000000000000
0.000000000253113 -0.000000000343619 0.000000000000000
0.000000001009397 -0.000000000321374 0.000000000000000
0.000000001925069 -0.000000000337037 0.000000000000000
-0.000000000587448 -0.000000000189941 0.000000000000000
-0.000000000061989 -0.000000000538376 0.000000000000000
0.000000000692520 -0.000000000912396 0.000000000000000
0.000000002593522 -0.000000000576046 0.000000000000000
0.359999998442285 0.000000000151330 0.000000000000000
0.639999998417505 0.000000000030947 0.000000000000000
0.189999998132428 -0.000000000129749 0.000000000000000
0.509999998293713 -0.000000000042338 0.000000000000000
0.749999998379228 -0.000000000023441 0.000000000000000
0.959999998538207 -0.000000000001295 0.000000000000000
0.999999998567292 0.000000000002450 0.000000000000000
0.959999998604837 0.000000000005936 0.000000000000000
0.909999998464385 -0.000000000007682 0.000000000000000
0.989999998498891 -0.000000000005017 0.000000000000000
0.989999998492387 0.000000000005847 0.000000000000000
0.909999998460542 0.000000000016561 0.000000000000000
0.639999998406894 -0.000000000030278 0.000000000000000
0.359999998450551 -0.000000000145961 0.000000000000000
0.749999998392213 0.000000000029500 0.000000000000000
0.509999998292560 0.000000000035749 0.000000000000000
0.189999998141227 0.000000000130867 0.000000000000000
0.644445332299648 -0.028646501932442 0.000000000000000
0.725778308865686 -0.004769350420443 0.000000000000000
0.735719705691351 -0.000898756420354 0.000000000000000
0.743305761564186 0.000297436433975 0.000000000000000
0.947259713390926 0.040699305305439 0.000000000000000
0.817322562260564 -0.039652388779984 0.000000000000000
0.836214723995261 0.053780834428505 0.000000000000000
0.738128841609940 0.000196709103882 0.000000000000000
0.842253432432325 -0.027134457836076 0.000000000000000
0.742114992869125 -0.000968336261218 0.000000000000000
0.757985145291961 -0.008103122144889 0.000000000000000
0.730160441981308 0.006102491604669 0.000000000000000
0.742612694960359 0.001072164769787 0.000000000000000
0.708123853144432 0.375713850935809 0.000000000000000
0.741440242017019 -0.004815609380514 0.000000000000000
0.736429145273387 0.002058879056349 0.000000000000000
1.008323669114684 -0.210633651275893 0.000000000000000
0.780766558167154 -0.011707281006584 0.000000000000000
0.769436791566414 0.011625979874743 0.000000000000000
0.739180010712951 -0.001734916668084 0.000000000000000
0.738043510222393 0.000696001805257 0.000000000000000
0.749876492550533 -0.007526552252911 0.000000000000000
0.739594316195738 0.005470988335811 0.000000000000000
0.421770214498770 -0.073416692010378 0.000000000000000
0.954603434578863 0.151174676428630 0.000000000000000
0.564463033994134 -0.424311988124008 0.000000000000000
0.742923083141426 0.001960783596099 0.000000000000000
0.742721053595492 -0.001672862461505 0.000000000000000
0.649086455454101 0.069427206570197 0.000000000000000
0.742921743918283 0.000453046006271 0.000000000000000
0.740688613175491 -0.001843657504104 0.000000000000000
0.962535016404707 -0.005763147017600 0.000000000000000
0.904291670363995 -0.006737019056348 0.000000000000000
0.739719699510272 -0.005076802696291 0.000000000000000
0.738104426612790 0.003433062321559 0.000000000000000
0.759985320492676 0.302799963345375 0.000000000000000
0.737430804871351 0.144981972774904 0.000000000000000
1.034991907788795 0.204499610719202 0.000000000000000
0.697441533536765 -0.014093344928347 0.000000000000000
0.741037571813924 -0.004465604838654 0.000000000000000
0.740374251016817 0.004525432357810 0.000000000000000
0.737875429497175 0.000855743871708 0.000000000000000
0.572167317762607 -0.046686984716590 0.000000000000000
0.744356039108872 0.001506706401642 0.000000000000000
0.751151379309337 -0.000544805114151 0.000000000000000
0.712433117366237 0.158258838664422 0.000000000000000
0.949269850179376 -0.224869440610833 0.000000000000000
0.736475399615578 0.003964979714939 0.000000000000000
0.734400755711233 -0.002273733534000 0.000000000000000
0.796059344594014 -0.003039620812735 0.000000000000000
0.787276781904169 0.003992589253640 0.000000000000000
0.768892863254583 -0.006476134912829 0.000000000000000
0.743992985821006 -0.007876818540805 0.000000000000000
0.745687202916739 0.007474027651763 0.000000000000000
0.785965170956995 -0.001639108468654 0.000000000000000
0.757586345906305 -0.058691047976689 0.000000000000000
0.758375529427184 0.010516088999425 0.000000000000000
0.963475782978968 0.048346413691221 0.000000000000000
0.759052822646432 0.002399320379625 0.000000000000000
0.750155120803546 -0.001832482079169 0.000000000000000
1.042481472868575 -0.184929936416714 0.000000000000000
0.794410823449222 -0.224840213604577 0.000000000000000
0.662719184648624 0.032093500450959 0.000000000000000
1.001514827866949 -0.084928890247936 0.000000000000000
0.760783300779501 -0.021914306626633 0.000000000000000
0.531018408794227 -0.067448253193123 0.000000000000000
0.746734690592108 -0.004833299489965 0.000000000000000
0.740416598607452 0.004209743795437 0.000000000000000
0.738259228646247 -0.000593070636957 0.000000000000000
0.746278376910951 -0.000858636928998 0.000000000000000
0.749161088222141 -0.005359311300978 0.000000000000000
0.726381716872052 -0.010584497269948 0.000000000000000
0.692038654568946 0.020391377348692 0.000000000000000
0.718374810163207 0.003220748376916 0.000000000000000
0.804288349975416 -0.000923228482272 0.000000000000000
0.737843152200395 -0.007041934125144 0.000000000000000
0.730720607844222 0.002643841487493 0.000000000000000
0.740313962004949 0.002097738783000 0.000000000000000
0.741833225718929 -0.000635561344908 0.000000000000000
0.738592022470709 -0.000570359704712 0.000000000000000
0.745346508401745 0.005081449014559 0.000000000000000
0.739205213200377 -0.000852069200359 0.000000000000000
0.668482292220661 -0.559982758763351 0.000000000000000
0.626153361594265 0.222311853765201 0.000000000000000
0.879674159487253 -0.042037524403733 0.000000000000000
0.741391847107253 -0.000397563436802 0.000000000000000
0.742218738484975 0.001869473011385 0.000000000000000
0.744193520100084 -0.002734543751437 0.000000000000000
1.030928079610489 0.299298281907239 0.000000000000000
0.737990661052037 -0.003196925111694 0.000000000000000
0.816460748486824 -0.039926284191132 0.000000000000000
0.737977003312941 -0.002602771740748 0.000000000000000
0.735814861007456 0.000952968908191 0.000000000000000
0.626518216086549 0.596095234760165 0.000000000000000
0.800373969162404 -0.016201736842886 0.000000000000000
0.526193629725870 0.074739331511258 0.000000000000000
1.032265256636782 -0.353208996596373 0.000000000000000
0.742329722756074 -0.003278371756090 0.000000000000000
0.740605911669084 0.002439295673944 0.000000000000000
0.967238743132924 0.012881339021255 0.000000000000000
0.745380475765147 -0.000001445218803 0.000000000000000
0.770506385690587 -0.002219702708663 0.000000000000000
0.704783389023724 -0.000174592578420 0.000000000000000
0.703863605805783 0.000636042473437 0.000000000000000
0.740304291889568 -0.001624937177644 0.000000000000000
0.438401929831189 0.020629257929236 0.000000000000000
0.738400402203334 -0.001781920493782 0.000000000000000
0.812922967765844 -0.151146250596776 0.000000000000000
0.443035296470431 0.047004169921708 0.000000000000000
0.745662841015239 -0.008855301493611 0.000000000000000
0.814686889573174 0.210768481277082 0.000000000000000
0.887270015197699 -0.072289496191787 0.000000000000000
0.750825143640733 -0.003246701133756 0.000000000000000
0.741702053729925 0.002683297049439 0.000000000000000
0.739501673575731 0.003139166547018 0.000000000000000
0.359728460071290 -0.139983639642522 0.000000000000000
0.978827332128388 0.156466240341025 0.000000000000000
0.778967199472927 -0.028387062079379 0.000000000000000
0.729777834049092 -0.002655676404620 0.000000000000000
0.789236458838936 0.071564735199188 0.000000000000000
0.744681588952810 0.001391494349936 0.000000000000000
0.742647520879931 -0.000694617409006 0.000000000000000
1.015899166221852 0.016718693582160 0.000000000000000
0.746801212448199 0.001294919450793 0.000000000000000
0.737532046742053 -0.000534700705724 0.000000000000000
0.738210227725917 0.000025402862351 0.000000000000000
0.811265953099289 0.055429733323610 0.000000000000000
0.712153746803812 -0.004898147756739 0.000000000000000
0.697010203538374 -0.002864445712588 0.000000000000000
0.704800736870455 -0.002036851381402 0.000000000000000
0.909416234414740 0.072573232412485 0.000000000000000
0.826162077589587 0.142066296802252 0.000000000000000
0.887428000406008 0.011621775601927 0.000000000000000
0.454639538592690 -0.028241802851387 0.000000000000000
0.743288014194212 0.000325852887585 0.000000000000000
0.737856013039348 -0.007432142324906 0.000000000000000
0.734907682432012 0.009727069615350 0.000000000000000
0.747788801841865 -0.135279589324476 0.000000000000000
0.742257571979338 0.000699521284582 0.000000000000000
0.755786099147297 -0.003764204216786 0.000000000000000
0.689869468096374 0.002906906619194 0.000000000000000
0.921527401288095 0.047896441102706 0.000000000000000
0.735773762089652 -0.009652433057959 0.000000000000000
0.498781568378462 -0.177842678622927 0.000000000000000
0.963447829978898 0.037251837077375 0.000000000000000
0.886238677187387 -0.029466760221119 0.000000000000000
0.886093894212098 -0.091171067488411 0.000000000000000
0.748256854176537 0.019524693278315 0.000000000000000
0.803996261659374 0.020097210243991 0.000000000000000
0.747387071770530 -0.007394789699277 0.000000000000000
0.697920427940438 0.003203698910687 0.000000000000000
0.743090745594658 0.001094940837939 0.000000000000000
0.637110710014198 0.001158575133912 0.000000000000000
0.634146553878585 -0.001295139072131 0.000000000000000
0.746398928304197 0.004532054222385 0.000000000000000
0.729660004765832 0.003944420785813 0.000000000000000
0.387030773269980 -0.029829420533729 0.000000000000000
0.740377735743419 0.003136002549037 0.000000000000000
0.742999730593420 -0.001455343047941 0.000000000000000
0.913767306177304 -0.022641717719252 0.000000000000000
0.736479518250527 0.006963431189318 0.000000000000000
0.737615562712626 -0.007956442664178 0.000000000000000
0.738327621315511 0.000189755938065 0.000000000000000
0.693625993881041 0.344766279232502 0.000000000000000
0.739813283958570 0.002237442962670 0.000000000000000
0.665228536999685 -0.001049977670347 0.000000000000000
0.738355805884694 -0.002213391106994 0.000000000000000
0.894823562687542 0.297080210414931 0.000000000000000
0.744859086572911 -0.012426539943125 0.000000000000000
0.741833804082491 0.004171282572199 0.000000000000000
0.659640883193865 -0.045329621834611 0.000000000000000
0.750201558656706 -0.001047264714939 0.000000000000000
0.772141468083068 -0.012150449749636 0.000000000000000
0.991710272953307 -0.005628386550238 0.000000000000000
0.941627893793046 -0.037785636273678 0.000000000000000
0.542667154512733 -0.030672485498301 0.000000000000000
0.642434257635006 -0.005417317629978 0.000000000000000
0.746896198830937 -0.004871112141241 0.000000000000000
0.744529164706013 0.010552785489146 0.000000000000000
0.693707928872847 -0.005699151694412 0.000000000000000
0.690158824419011 0.005380787597356 0.000000000000000
0.808358773295149 -0.005166087361025 0.000000000000000
0.445367202009196 0.061775872659438 0.000000000000000
0.700745709667952 -0.024785525414170 0.000000000000000
0.740711041217562 -0.004357772793108 0.000000000000000
0.742767185313110 -0.018279945657124 0.000000000000000
0.757665837304677 -0.005898891015595 0.000000000000000
0.748379930723824 -0.030659116408648 0.000000000000000
0.750226276768140 0.005684753440600 0.000000000000000
0.700121510784114 0.026152899929365 0.000000000000000
0.738645416108507 -0.001306542615231 0.000000000000000
0.713059523023858 0.003661031935237 0.000000000000000
0.717131635370271 -0.004046532402795 0.000000000000000
0.738788052460100 -0.003586050381160 0.000000000000000
0.745498543403049 -0.006281395908033 0.000000000000000
0.737084676788710 0.004368111332532 0.000000000000000
0.745152459451182 -0.004842439098225 0.000000000000000
0.742988548663052 0.005200250849684 0.000000000000000
0.651189221729516 -0.001351395507274 0.000000000000000
0.645079060951975 0.001008593551884 0.000000000000000
0.505558918001174 0.097051700400000 0.000000000000000
0.763209718748334 -0.005435261281644 0.000000000000000
0.741890309359833 -0.004268834341981 0.000000000000000
0.369812580667830 0.031233803527599 0.000000000000000
0.727387646067093 0.003993538435493 0.000000000000000
0.989509518516245 0.009919106573610 0.000000000000000
0.018837332916491 0.010484252449151 0.000000000000000
0.754370018893348 0.005392075700554 0.000000000000000
0.697738980756994 0.006450020958153 0.000000000000000
0.713107238073687 -0.004944719525932 0.000000000000000
0.542758417980111 -0.702377313371633 0.000000000000000
0.739733731123291 -0.002959592779448 0.000000000000000
0.804970057346170 -0.070201113590280 0.000000000000000
0.840807281776917 -0.046944341494358 0.000000000000000
0.952610583710267 0.003223180296163 0.000000000000000
0.953244990393905 0.147731330221262 0.000000000000000
0.673606804707403 -0.002232889445881 0.000000000000000
0.671992433012791 0.002025330527853 0.000000000000000
0.737982966330587 0.000383439352205 0.000000000000000
0.731142458067926 -0.004978436533622 0.000000000000000
0.825322826197464 0.012784872846425 0.000000000000000
0.902882993808022 0.056003079294429 0.000000000000000
0.608896013775780 0.004467090471651 0.000000000000000
1.074693140843445 -0.252317887875258 0.000000000000000
0.787477090496289 -0.299686236024887 0.000000000000000
0.588223890738190 -0.002181433629069 0.000000000000000
0.738281942648777 -0.005958445803619 0.000000000000000
0.703074225963365 0.003161223763990 0.000000000000000
0.876126933315137 -0.041796196399176 0.000000000000000
0.738378984971916 0.011679294256655 0.000000000000000
0.599775319300446 -0.064780842819580 0.000000000000000
0.748597293284264 -0.004121050192372 0.000000000000000
0.741875971508986 -0.000147383683026 0.000000000000000
0.743843205835127 -0.006466234164701 0.000000000000000
0.737757908593336 0.004567838633424 0.000000000000000
0.741137743319884 -0.001706449173461 0.000000000000000
0.552223487206201 0.679105150106733 0.000000000000000
0.597055340982054 0.003708200790320 0.000000000000000
0.785714862027366 -0.000439140534852 0.000000000000000
0.733371078985375 0.001860400598899 0.000000000000000
0.604060119429777 0.003615237225496 0.000000000000000
0.600473188513336 -0.003231849001934 0.000000000000000
0.656378990324610 -0.004223902157640 0.000000000000000
0.672686881996983 0.003310167613495 0.000000000000000
0.921138179276246 0.015793256257931 0.000000000000000
0.910619422410276 0.158022156776102 0.000000000000000
0.790954999651934 -0.005941054427865 0.000000000000000
0.840240742086282 -0.046263811716799 0.000000000000000
0.773794484356018 -0.048692370727596 0.000000000000000
0.739451871878736 0.000964039068116 0.000000000000000
0.740575475162789 -0.002192757276359 0.000000000000000
0.738865085013951 0.004517732305540 0.000000000000000
0.753755857812255 0.010763363856931 0.000000000000000
0.985964855837001 -0.228707147876197 0.000000000000000
0.628962469739706 0.307059575486146 0.000000000000000
0.737220469352459 -0.001054065886614 0.000000000000000
0.773576525440236 -0.005695144565632 0.000000000000000
0.642014742256372 -0.002899116222772 0.000000000000000
0.642475224567144 0.002760348138955 0.000000000000000
0.759045794155839 -0.001739866708755 0.000000000000000
0.827781514338441 0.069935671825940 0.000000000000000
0.760359008953746 -0.015132888443429 0.000000000000000
1.011133881955697 0.252763438611723 0.000000000000000
0.348718193676158 -0.019603981641853 0.000000000000000
0.754993430489843 -0.004724960516064 0.000000000000000
0.817082446041995 0.350750608973062 0.000000000000000
0.740257263070187 0.003221626093726 0.000000000000000
0.732267655737855 -0.046631373964429 0.000000000000000
0.735927667684638 -0.001847557777780 0.000000000000000
0.747833801340336 0.045661239058455 0.000000000000000
0.341459718322149 -0.021802537278494 0.000000000000000
0.609226046233876 -0.009997173191428 0.000000000000000
0.568076236308731 -0.002405290430537 0.000000000000000
0.564545788066291 0.002368049246991 0.000000000000000
0.804723785748286 -0.282454132174180 0.000000000000000
0.665544570127631 0.087330732702367 0.000000000000000
0.741259651038987 -0.001676442777617 0.000000000000000
0.735960824630071 -0.001169367977622 0.000000000000000
0.750930972867216 -0.003961710249154 0.000000000000000
0.743672775731542 0.003179033612695 0.000000000000000
0.766833727422466 0.008070908747363 0.000000000000000
0.744288870392633 0.003137348272275 0.000000000000000
0.699357979448852 -0.000926105296705 0.000000000000000
0.706111483095068 -0.005337825811519 0.000000000000000
0.743361875011127 0.001613061070611 0.000000000000000
0.931187655580829 -0.007052516628214 0.000000000000000
0.797464580054266 -0.006192747362976 0.000000000000000
0.710225598953573 -0.011357609517171 0.000000000000000
0.594573584947986 0.006467602491148 0.000000000000000
0.738794620113140 -0.001637524683282 0.000000000000000
0.740359219777725 -0.010392348784565 0.000000000000000
0.584768507190222 -0.193876199246033 0.000000000000000
0.743321132597910 -0.002358361393282 0.000000000000000
0.741023571814265 0.001564119747823 0.000000000000000
0.899713837292875 -0.102909676993709 0.000000000000000
0.961976465393987 0.178187064571360 0.000000000000000
0.740051830588823 -0.002421162903657 0.000000000000000
0.681213278201294 -0.061168009824156 0.000000000000000
0.780498459837895 0.022208063679414 0.000000000000000
0.148045679414565 0.009294412034071 0.000000000000000
0.629216401713558 -0.451890113175908 0.000000000000000
0.686622290415477 -0.003314130704934 0.000000000000000
0.686469773940024 0.004033071824727 0.000000000000000
0.657990654933143 -0.132073429189671 0.000000000000000
0.773393613580116 -0.018107493960521 0.000000000000000
0.744761052268711 -0.000330993306352 0.000000000000000
0.742380822592960 0.000791075996721 0.000000000000000
0.632846038242794 -0.000885514595672 0.000000000000000
1.001041771942351 -0.174054749208419 0.000000000000000
0.620698512019311 0.030685950988551 0.000000000000000
0.686832161820796 0.067138491367319 0.000000000000000
0.741657219910243 -0.003433616166050 0.000000000000000
0.744751786222089 0.002721360198480 0.000000000000000
0.884869749841375 -0.028772989768064 0.000000000000000
0.812161570609682 -0.166839884496651 0.000000000000000
0.866383403042047 0.045972242469668 0.000000000000000
0.738307293027280 -0.000164959739905 0.000000000000000
0.695013719360028 -0.000615748406869 0.000000000000000
0.913860577949261 -0.004144289537090 0.000000000000000
0.730285412094963 0.240499041028390 0.000000000000000
0.684543517264599 0.507546725948907 0.000000000000000
0.891422303786867 0.049787134265388 0.000000000000000
0.755304724506565 -0.000771163415662 0.000000000000000
0.803691648700557 0.098205429901628 0.000000000000000
0.683252056070831 0.000696300402380 0.000000000000000
0.605334225907106 -0.001030484557064 0.000000000000000
0.602848335203918 0.000803522122661 0.000000000000000
0.556633868080961 -0.002973199934196 0.000000000000000
0.900506168942631 -0.099487318044413 0.000000000000000
0.725261233111002 0.002031302159939 0.000000000000000
0.740716060289883 0.001908098054328 0.000000000000000
0.732805393257147 0.005658465634256 0.000000000000000
0.743870987246681 0.000031864417910 0.000000000000000
0.734695972584780 0.004841124955836 0.000000000000000
0.726402176938680 -0.009046183644705 0.000000000000000
0.726854513362832 -0.000978182176357 0.000000000000000
0.719014601430384 -0.416726445796694 0.000000000000000
0.669678492381774 -0.012176794863023 0.000000000000000
0.665113543421538 0.012885307256644 0.000000000000000
0.523135720966406 0.011664698620117 0.000000000000000
0.741300216739486 -0.007738008199541 0.000000000000000
0.634366533997734 0.002766750919876 0.000000000000000
0.637171017189807 -0.003255556015383 0.000000000000000
0.741115184298286 -0.007916908836087 0.000000000000000
1.067180720980417 -0.302164079289232 0.000000000000000
0.753502927593500 -0.002487655720997 0.000000000000000
0.871445134708799 -0.258713894494153 0.000000000000000
0.742513959081313 -0.001361700913392 0.000000000000000
0.739526086510527 0.000781698747515 0.000000000000000
0.752265304755522 0.008286326791793 0.000000000000000
0.721278058246089 0.000000183123540 0.000000000000000
0.744617290680002 -0.030749168196294 0.000000000000000
0.653198394761413 -0.002856257878700 0.000000000000000
0.664692777536910 0.002877885165639 0.000000000000000
0.522161733477731 -0.598567449867185 0.000000000000000
0.665021605007444 -0.002623626757894 0.000000000000000
0.744524308119808 0.013361213519492 0.000000000000000
0.740383290807748 -0.002319639551505 0.000000000000000
0.800880109560415 -0.034977769330534 0.000000000000000
0.782137899926363 0.208920969457152 0.000000000000000
0.737277432840796 0.001830193446912 0.000000000000000
0.292055627124724 0.011614193073477 0.000000000000000
0.740342604402203 -0.003183895341405 0.000000000000000
0.730378810135679 -0.011751995209095 0.000000000000000
0.744099808033933 -0.000086376787809 0.000000000000000
0.737192893305249 -0.001317319910395 0.000000000000000
0.742823555977532 0.000059814601196 0.000000000000000
0.467839888483412 0.005266362023450 0.000000000000000
0.434709098037791 0.523264731366057 0.000000000000000
0.606318244153198 0.160166531140233 0.000000000000000
0.785317816582627 -0.017918309512656 0.000000000000000
0.943289524135232 0.021121804265257 0.000000000000000
0.741392209773705 0.001068473799692 0.000000000000000
0.926318893119793 -0.026693872562068 0.000000000000000
0.227171039608739 0.110450989352588 0.000000000000000
0.706933993175206 0.009212691188744 0.000000000000000
0.372459909999771 0.032622829432425 0.000000000000000
0.233657627741863 0.014123455375558 0.000000000000000
0.742010472312163 0.000150899263065 0.000000000000000
0.576617523791801 -0.324946545454816 0.000000000000000
0.722111867743208 -0.018476694273440 0.000000000000000
0.744647316625160 0.003607884973706 0.000000000000000
0.746023749095981 -0.003044933041175 0.000000000000000
0.131739678031139 -0.088435791098191 0.000000000000000
0.825800625395835 -0.015514866866964 0.000000000000000
0.568709752760990 0.001246873050640 0.000000000000000
0.913410644547861 0.009955054124110 0.000000000000000
0.523772311137647 0.084507105323860 0.000000000000000
0.466123398276402 -0.001709577908780 0.000000000000000
0.850461734232543 0.025503512233928 0.000000000000000
0.922129548583720 0.052271891225983 0.000000000000000
0.637666576956037 0.017933227930489 0.000000000000000
0.558978323710479 -0.014806990358009 0.000000000000000
0.742380381893108 0.005798252306187 0.000000000000000
0.742702376563849 -0.006582173517260 0.000000000000000
0.724763556243279 0.017398349317943 0.000000000000000
1.029517505835512 -0.204577532951533 0.000000000000000
0.996428346218986 0.014437686167046 0.000000000000000
0.744770424619831 -0.000262271467370 0.000000000000000
0.741858987097970 -0.000637936432745 0.000000000000000
1.013012456384142 0.015325149091630 0.000000000000000
0.764126387020206 -0.009969207004844 0.000000000000000
0.221398064565385 -0.002111300908176 0.000000000000000
0.738835573686608 -0.003147792641669 0.000000000000000
0.743888194008618 0.022167745760920 0.000000000000000
0.733237022456255 -0.008822840621940 0.000000000000000
0.729837721664650 0.010612599600723 0.000000000000000
1.009565807567775 0.258811208983788 0.000000000000000
0.703246642851543 0.504802457733568 0.000000000000000
0.741206736361219 -0.000873451968368 0.000000000000000
0.733204586480595 -0.006934234596812 0.000000000000000
0.994788718890033 0.013554669067459 0.000000000000000
0.750726991631493 0.005842936147397 0.000000000000000
0.529723978811143 -0.000259049232904 0.000000000000000
0.742864881276348 0.003464322452708 0.000000000000000
0.937821783574797 0.087396731699852 0.000000000000000
0.743206227439515 -0.009535257976125 0.000000000000000
0.739770684880882 -0.002803137892244 0.000000000000000
0.869908047217428 0.069568024075328 0.000000000000000
0.390920393109588 -0.057465894341520 0.000000000000000
0.743414242011363 -0.002048177088888 0.000000000000000
0.532840387788324 -0.000916429218208 0.000000000000000
0.525819474382406 0.000998863482614 0.000000000000000
0.737379683012623 -0.001078506339997 0.000000000000000
0.969072069587846 0.030638291904670 0.000000000000000
0.897720718974117 0.055875717006407 0.000000000000000
0.900029433215994 0.046397164551565 0.000000000000000
0.864673229475381 0.061094525251130 0.000000000000000
0.837587685547989 0.092310364204975 0.000000000000000
0.838297814329692 0.092090190032674 0.000000000000000
0.744114689428351 -0.005499326283931 0.000000000000000
0.758110643135647 0.006613081571057 0.000000000000000
0.737877936558789 0.001460732981788 0.000000000000000
0.760231750901739 -0.009009279889810 0.000000000000000
0.740320829177424 -0.006475709912801 0.000000000000000
0.739056459550569 -0.002339108209901 0.000000000000000
0.738939808921954 -0.002816679344727 0.000000000000000
0.738539222295565 -0.002519938900397 0.000000000000000
0.741097237101297 -0.000425912237274 0.000000000000000
0.740431992043513 -0.000360309913887 0.000000000000000
0.739075117535407 -0.001415379716817 0.000000000000000
0.550550745269303 0.060853238488652 0.000000000000000
0.535312172066525 0.046308208292870 0.000000000000000
0.631049847981138 0.057106938914679 0.000000000000000
0.737708545645885 0.001358316992292 0.000000000000000
0.736894933200078 0.001269842885398 0.000000000000000
0.739277124610979 0.001756767457924 0.000000000000000
0.462286887225952 0.000749252066119 0.000000000000000
0.453830932732282 -0.003089229795807 0.000000000000000
0.453685572865262 0.003344025198110 0.000000000000000
0.461719904476205 -0.000587187061334 0.000000000000000
0.946971451010700 0.024085118773628 0.000000000000000
0.966598936603953 0.027361257476762 0.000000000000000
0.956499571850416 0.017741575618929 0.000000000000000
0.736242858833228 -0.000266166656621 0.000000000000000
0.737126272604322 -0.000050961201754 0.000000000000000
0.736845756572979 -0.000738365288154 0.000000000000000
0.738711808230097 -0.002097387971639 0.000000000000000
0.739144415114638 -0.001676250372689 0.000000000000000
0.740742683723375 -0.002670643506335 0.000000000000000
0.936998659971526 0.007952973003977 0.000000000000000
0.968583584402341 0.005446858017111 0.000000000000000
0.670146517730357 0.056103442418234 0.000000000000000
0.471960985836927 0.039325464124837 0.000000000000000
0.681543632147139 0.073864209942835 0.000000000000000
0.782804993822986 -0.421734350142302 0.000000000000000
0.791928690637217 -0.431705648506213 0.000000000000000
0.725679212872721 -0.522012217957224 0.000000000000000
0.735982284604154 -0.001039243149845 0.000000000000000
0.737535429232912 -0.000028041555099 0.000000000000000
0.740302347695699 -0.002391042676867 0.000000000000000
0.742218664671753 -0.001951924340373 0.000000000000000
0.740591661326727 -0.002010565807339 0.000000000000000
0.214529589458270 -0.002799747887620 0.000000000000000
0.288052945088157 -0.009046796200771 0.000000000000000
0.404458864745093 -0.024701927982785 0.000000000000000
0.772755625475863 0.212923960299870 0.000000000000000
0.834365946146957 0.117914460111447 0.000000000000000
0.930137983754955 0.037099139169235 0.000000000000000
0.940885556213659 0.025105371578531 0.000000000000000
0.743098370726479 -0.007121253133730 0.000000000000000
0.741723442088728 -0.007629693519929 0.000000000000000
0.743306703117240 -0.006934999847104 0.000000000000000
0.737089167646624 0.004921768574392 0.000000000000000
0.736219067762343 0.005137148879565 0.000000000000000
0.736277823048529 0.004571679696979 0.000000000000000
0.727920804539114 -0.009508506154115 0.000000000000000
0.734882755952376 -0.010430512868915 0.000000000000000
0.734924707906643 -0.010300949287887 0.000000000000000
0.193971217779397 -0.006291788667291 0.000000000000000
0.570634310272600 0.006040739695458 0.000000000000000
0.506027732451376 -0.009441790829349 0.000000000000000
0.568070347402493 0.030552286310085 0.000000000000000
0.822376037809460 -0.033622319541910 0.000000000000000
0.805429269677315 -0.026237136101561 0.000000000000000
0.809573144043062 -0.017262464766113 0.000000000000000
0.744770421332615 -0.005668082216352 0.000000000000000
0.744955237128879 -0.006045869244572 0.000000000000000
0.739270819599891 0.004961571590913 0.000000000000000
0.738186303538221 0.004405152415952 0.000000000000000
0.597080111343390 0.070651082084448 0.000000000000000
0.468765636786551 0.051510562247798 0.000000000000000
0.515237465965087 0.058743089918272 0.000000000000000
0.582840984736835 -0.001164959382347 0.000000000000000
0.736500354179149 0.002124567550938 0.000000000000000
0.554577111324739 0.008606241372716 0.000000000000000
0.742018834439920 -0.001934434330408 0.000000000000000
0.744176391878202 -0.003103730237682 0.000000000000000
0.710065232088870 0.049157180016870 0.000000000000000
0.725723997288489 0.066235441167047 0.000000000000000
0.744946624162883 0.001681355582933 0.000000000000000
0.744143165221148 0.000076016521272 0.000000000000000
0.744907693894667 -0.000249130611679 0.000000000000000
0.742208680594831 -0.000145167588474 0.000000000000000
0.754170659557733 0.002495481959708 0.000000000000000
0.744755044131186 0.005325351889506 0.000000000000000
0.738071387037254 0.000438545558286 0.000000000000000
0.737814792775351 0.000672713219691 0.000000000000000
0.923985367714853 0.013978020173657 0.000000000000000
0.912627964834327 0.031928228371283 0.000000000000000
0.757860474210386 0.142696889942736 0.000000000000000
0.774212212385765 0.232699729232204 0.000000000000000
0.721181037687697 0.232973618722548 0.000000000000000
0.380377223466083 -0.002978898027940 0.000000000000000
0.663632398545679 -0.000454115190990 0.000000000000000
0.435580651300393 0.000006016487498 0.000000000000000
0.436947529836940 -0.000311776561273 0.000000000000000
0.664780112168496 0.000068854700458 0.000000000000000
0.378662940182720 0.002795557413414 0.000000000000000
0.747319747740971 0.005185292432371 0.000000000000000
0.810029901366798 0.010069488535615 0.000000000000000
0.744163849712162 0.001677835665676 0.000000000000000
0.751142317684120 0.004354287650507 0.000000000000000
0.746150151089392 -0.000821172268020 0.000000000000000
0.744053609049018 -0.005112953105119 0.000000000000000
0.743869277218047 -0.002595417103364 0.000000000000000
0.623994097544826 0.005445575288683 0.000000000000000
0.549285137109356 0.002988438917041 0.000000000000000
0.604003113024109 -0.004654668985108 0.000000000000000
0.737572941160354 0.000108942418095 0.000000000000000
0.747972654775228 -0.005582140625936 0.000000000000000
0.732436719933360 -0.008821276309534 0.000000000000000
0.731147163345359 -0.010184929574400 0.000000000000000
0.730657563691980 0.010895312281964 0.000000000000000
0.730934950043777 0.009914776215383 0.000000000000000
0.748724138627158 0.005706032972421 0.000000000000000
0.746038473030734 0.005333063435980 0.000000000000000
0.685187736300853 0.001937453355229 0.000000000000000
0.713503394521989 0.007271532769318 0.000000000000000
0.736231487856634 -0.001255162175944 0.000000000000000
0.736320672708576 -0.001550764160482 0.000000000000000
0.585619964735922 -0.047068867875970 0.000000000000000
0.468561547550336 -0.029409017167299 0.000000000000000
0.731918062820013 -0.009666502411429 0.000000000000000
0.739864463779193 -0.010679321758483 0.000000000000000
0.551428606703042 -0.013808283910001 0.000000000000000
0.786844185670291 -0.000491863265369 0.000000000000000
0.779461555430761 -0.004310519538484 0.000000000000000
0.772480522737268 0.001121621482662 0.000000000000000
0.732539099023819 -0.001633916602562 0.000000000000000
0.732079568438757 0.000753686485115 0.000000000000000
0.735902359239565 -0.000008475716321 0.000000000000000
0.739475077622620 -0.000757911937475 0.000000000000000
0.739614455775550 -0.001062667373218 0.000000000000000
0.738985165718087 -0.000940706601907 0.000000000000000
0.517335637094226 -0.069257685409011 0.000000000000000
0.768718148600925 -0.080470509215320 0.000000000000000
0.717025010572337 -0.101555862317321 0.000000000000000
0.516750721304859 0.009821103649528 0.000000000000000
0.419397013323155 0.041314083985298 0.000000000000000
0.747634736739363 -0.008136031346446 0.000000000000000
0.754744211571362 -0.001531940571141 0.000000000000000
0.775136360757776 -0.006974163701794 0.000000000000000
0.780456892552803 -0.009796597330394 0.000000000000000
0.766149136702406 -0.065001340150567 0.000000000000000
0.845675258324280 -0.063903494191313 0.000000000000000
0.798558367485679 -0.042033553327448 0.000000000000000
0.746999563524753 -0.048171173090877 0.000000000000000
0.818318690556758 -0.045012242063580 0.000000000000000
0.742989143541533 0.001367165757377 0.000000000000000
0.744530244480066 0.001954494223096 0.000000000000000
0.742830750349716 0.001310882479741 0.000000000000000
0.740538511216945 -0.001376495289711 0.000000000000000
0.334115500004607 -0.011090034225720 0.000000000000000
0.681055985135393 -0.013383365298943 0.000000000000000
0.409812424683039 -0.013242236971601 0.000000000000000
0.738959617851245 0.000042640727314 0.000000000000000
0.738467416250860 -0.000553353349934 0.000000000000000
0.718866891328817 -0.586544097383863 0.000000000000000
0.643909495850485 -0.445904335900432 0.000000000000000
0.751497854866129 -0.000321417293027 0.000000000000000
0.711776613189125 -0.006308540314211 0.000000000000000
0.711498570363345 0.006554877108624 0.000000000000000
0.751206954273815 0.000047732206945 0.000000000000000
0.740407334423039 -0.003014807164736 0.000000000000000
0.739029575821987 0.002377459337350 0.000000000000000
0.739429620894090 0.001257110356906 0.000000000000000
1.041672077459603 0.236598167352722 0.000000000000000
0.959095730402120 0.186310537662084 0.000000000000000
1.035890895672414 0.108700351267713 0.000000000000000
0.661731679711179 0.073004101616823 0.000000000000000
0.600908653944403 0.082256670996708 0.000000000000000
0.738192875437990 -0.000879741179212 0.000000000000000
0.793274545359564 -0.011136254348927 0.000000000000000
0.807960434526414 -0.015252933770811 0.000000000000000
0.749405757762988 0.013014116715362 0.000000000000000
0.734682611098829 0.013747857958560 0.000000000000000
0.749945181537707 0.007229520972863 0.000000000000000
0.737504727867138 -0.001908685064401 0.000000000000000
0.736605429785706 -0.002305142241530 0.000000000000000
0.709468052868861 0.002320686342668 0.000000000000000
0.735487533128378 0.005036564765793 0.000000000000000
0.552151088179367 -0.006820642809503 0.000000000000000
0.528774937706280 0.002647900064651 0.000000000000000
0.530088674648248 -0.002216399451021 0.000000000000000
0.544985684578974 0.008336227961557 0.000000000000000
0.662479106765738 -0.048884626537320 0.000000000000000
0.663405034900558 -0.040740975679827 0.000000000000000
0.318370603515812 -0.003736721073087 0.000000000000000
0.407008488288915 -0.020847374087117 0.000000000000000
0.578945461349725 0.001944519418517 0.000000000000000
0.717875471716162 0.005782290317309 0.000000000000000
0.671345607015049 -0.017165700157520 0.000000000000000
0.838043085851914 0.066112471124959 0.000000000000000
0.825926761623501 -0.004395364289876 0.000000000000000
0.775352874021806 0.058624622952339 0.000000000000000
0.750128652759021 -0.000340742779714 0.000000000000000
0.750547406595726 0.001113428818408 0.000000000000000
0.749789359565833 0.000505806527117 0.000000000000000
0.701760750417339 0.001018775731349 0.000000000000000
0.718245437717063 0.003290170024386 0.000000000000000
0.711334929223565 -0.002674158045795 0.000000000000000
0.693842888769224 -0.000860571370188 0.000000000000000
0.741223516317231 -0.000396959587177 0.000000000000000
0.707249716276415 -0.000511961472401 0.000000000000000
0.472303452469081 0.000006067946038 0.000000000000000
0.479333134443605 -0.000058122072821 0.000000000000000
0.707920157089583 0.000882480407790 0.000000000000000
0.228534414405293 0.009335479735961 0.000000000000000
0.385523471036611 0.030228176358786 0.000000000000000
0.210274459289578 0.009925091347315 0.000000000000000
0.911533813450097 0.038523445764036 0.000000000000000
0.434832713113706 -0.003579289766788 0.000000000000000
0.433666445418600 0.000427788036298 0.000000000000000
0.819466434588812 -0.016709185334183 0.000000000000000
0.907725953116359 0.007050442378531 0.000000000000000
0.329666394365541 -0.002841434528110 0.000000000000000
0.432189787100887 -0.004639720621092 0.000000000000000
0.730510137509251 -0.006962159519916 0.000000000000000
0.731105664656700 0.007065373541197 0.000000000000000
0.438409348332705 0.005266935712484 0.000000000000000
0.838396649624752 -0.034283413376952 0.000000000000000
0.869828545092391 -0.021824595009251 0.000000000000000
0.837168881581343 -0.037269645310062 0.000000000000000
0.674655233454547 0.501062427280096 0.000000000000000
0.643192624462940 0.669076011905611 0.000000000000000
0.739049112586277 0.538796590252967 0.000000000000000
0.749046176380324 0.008457739632169 0.000000000000000
0.971819578367777 -0.005077455443163 0.000000000000000
0.955621307508116 -0.010529739223579 0.000000000000000
0.747953896815838 -0.008868381852719 0.000000000000000
0.740645627971725 -0.009211495133718 0.000000000000000
0.748876829527058 -0.005872743134672 0.000000000000000
0.754248948779003 0.006113592181521 0.000000000000000
0.747962426321750 -0.000862817850547 0.000000000000000
0.723219794765558 0.003261845128697 0.000000000000000
0.717379034313177 -0.001831134530273 0.000000000000000
0.719217943418234 0.001433888735595 0.000000000000000
0.725593066523633 -0.003943499723374 0.000000000000000
0.995109332122917 0.267201567155107 0.000000000000000
1.010313099180364 0.291565904316997 0.000000000000000
0.744869745628854 -0.000428499543311 0.000000000000000
0.747239338763912 -0.000415722583303 0.000000000000000
0.772515158005064 -0.008219343202302 0.000000000000000
0.768273228008744 -0.004593109868239 0.000000000000000
0.740032720959692 -0.003240068951116 0.000000000000000
0.995120181053934 0.002670690695676 0.000000000000000
0.991679929624810 0.012780895196684 0.000000000000000
0.734608455442480 -0.010835738884392 0.000000000000000
0.655212611381242 0.116588095935353 0.000000000000000
0.592186369437396 0.113446655768305 0.000000000000000
0.972506649845567 0.032506494022435 0.000000000000000
0.960806326311653 0.034531671203314 0.000000000000000
0.743978430587293 0.001353484591447 0.000000000000000
0.741024108541060 0.000306499727261 0.000000000000000
0.745975256459054 -0.002972453010286 0.000000000000000
0.744815290785777 -0.008219527803478 0.000000000000000
0.750559410358120 -0.006447795006816 0.000000000000000
0.749934450266356 -0.001070663126835 0.000000000000000
0.748993437038442 0.009072244476714 0.000000000000000
0.745488031956521 -0.002264881462509 0.000000000000000
0.757736639948010 0.094568542599434 0.000000000000000
0.805541231299882 0.072767384134974 0.000000000000000
0.796970293928655 0.099957367383553 0.000000000000000
0.820922829500049 -0.038625298528515 0.000000000000000
0.775173068833314 -0.044803388690103 0.000000000000000
0.717508587831271 -0.000331757074103 0.000000000000000
0.713281548230975 -0.003595015470875 0.000000000000000
0.714640012416587 0.000714735315138 0.000000000000000
0.938751968123715 0.046783737840692 0.000000000000000
0.962385585637435 -0.302082472066398 0.000000000000000
0.915847643811103 -0.335481457538932 0.000000000000000
0.880409555501827 -0.278908765479004 0.000000000000000
0.756683977457173 0.000293699568546 0.000000000000000
0.750852115541291 -0.003938886274149 0.000000000000000
0.408201447758234 0.003542391763895 0.000000000000000
0.697781559473664 0.002582602953276 0.000000000000000
0.697775100495125 -0.001938467927640 0.000000000000000
0.410481089526872 -0.003441450928915 0.000000000000000
0.678321811126529 0.331309952999285 0.000000000000000
0.721178820757035 0.233151132245497 0.000000000000000
0.795744212661080 -0.005133455814073 0.000000000000000
0.776376659488656 0.000971299999560 0.000000000000000
0.755786487041362 0.000740996557869 0.000000000000000
0.715741945912297 -0.008137788069461 0.000000000000000
0.708664106125427 -0.006964536421121 0.000000000000000
0.734076658547956 -0.004058079497468 0.000000000000000
0.731215802874770 -0.003143769912527 0.000000000000000
0.484789529592313 0.062011710761807 0.000000000000000
0.932992622280419 0.164099629855943 0.000000000000000
0.439024462740442 0.064530807987984 0.000000000000000
0.430952424221202 0.004596987860510 0.000000000000000
0.432203623378893 -0.004663672655600 0.000000000000000
0.757371234072947 0.009368055601155 0.000000000000000
0.760307963911117 0.002585130541652 0.000000000000000
0.738059201877125 -0.001021595632745 0.000000000000000
0.739226372440195 -0.000735115244648 0.000000000000000
0.737437403348457 0.004576429631245 0.000000000000000
0.733172689696846 0.004206807427346 0.000000000000000
0.734080487363848 0.005309529623252 0.000000000000000
0.787178445105236 0.048165579569734 0.000000000000000
0.611783027837850 0.044474315090240 0.000000000000000
0.934288774913334 -0.008096517395302 0.000000000000000
0.935723128218029 0.003321864176295 0.000000000000000
0.750240296867492 -0.004640085115052 0.000000000000000
0.750360320462812 -0.006795090270242 0.000000000000000
0.745193604084571 -0.003451967023196 0.000000000000000
0.750380786377178 0.002454660967039 0.000000000000000
0.750744795551493 0.008494333297200 0.000000000000000
0.740113249898229 0.007774709766054 0.000000000000000
0.755189822078087 -0.009702919938965 0.000000000000000
0.746808542593744 -0.004516049549689 0.000000000000000
0.753056546521949 0.006072903945702 0.000000000000000
0.750979374089405 0.003777937861019 0.000000000000000
0.812900649606517 0.110613884881198 0.000000000000000
0.744779595022770 0.249232960520812 0.000000000000000
0.729968403489271 0.543619226641512 0.000000000000000
0.765747618915376 0.419404207563323 0.000000000000000
0.470251591990804 0.057821748505353 0.000000000000000
0.654173271042235 0.002585243882434 0.000000000000000
0.343305153393870 0.002654204935220 0.000000000000000
0.745775082358871 0.000657959287067 0.000000000000000
0.751383109386881 0.000596940429337 0.000000000000000
0.750104442687131 -0.006380020655161 0.000000000000000
0.749993696401663 -0.007106600438761 0.000000000000000
0.614618780330756 -0.387312421373201 0.000000000000000
0.804328616400792 -0.324897301637024 0.000000000000000
0.720123195277337 -0.050393306566977 0.000000000000000
0.726035273696120 -0.044517921595508 0.000000000000000
0.213982702304245 0.010652303328865 0.000000000000000
0.751355317088059 0.004535440366117 0.000000000000000
0.791907175654579 0.000952040198630 0.000000000000000
0.741480587993759 0.006269396029567 0.000000000000000
0.744637822378279 0.002362308764153 0.000000000000000
0.734713963984250 0.003417709708478 0.000000000000000
0.745311544003072 0.000006162976594 0.000000000000000
0.748292705668762 0.000717538638357 0.000000000000000
0.745926007176190 -0.000236796316749 0.000000000000000
0.741389474781017 0.002134131651636 0.000000000000000
0.752272764757182 -0.002724625806719 0.000000000000000
0.749830300480598 0.003643985471878 0.000000000000000
0.737367976426237 -0.002497859194815 0.000000000000000
0.737062042723692 -0.002568784503572 0.000000000000000
0.736674293932545 -0.001790133008808 0.000000000000000
0.734950151725330 0.000621313187734 0.000000000000000
0.750348926723863 -0.003928068179259 0.000000000000000
0.758297194063459 -0.000977282253059 0.000000000000000
0.730392995428536 0.002543435106782 0.000000000000000
0.734145723916600 0.003860973157911 0.000000000000000
0.742708001565081 -0.001288449007898 0.000000000000000
0.743789020327395 -0.002339164023488 0.000000000000000
0.739325484683826 -0.004706703882306 0.000000000000000
0.737940039578062 0.004415309941329 0.000000000000000
0.744493538568880 0.002559579374290 0.000000000000000
0.741402868120458 0.001867049702513 0.000000000000000
1.004878217813993 0.243721229153939 0.000000000000000
0.968161676413148 0.211603655603825 0.000000000000000
0.463247559547424 -0.002834031313795 0.000000000000000
0.677731926897821 -0.006482261047122 0.000000000000000
0.359162413696017 -0.003495410721551 0.000000000000000
0.916204115537967 -0.130901452480732 0.000000000000000
0.836601098657242 -0.061995808260724 0.000000000000000
0.900675245460457 -0.116065234310107 0.000000000000000
0.739140280530110 -0.001344754697381 0.000000000000000
0.738859352242491 -0.002160234560542 0.000000000000000
0.608192751309260 -0.047448494377620 0.000000000000000
0.556769411723927 -0.038223265037507 0.000000000000000
0.508210851330959 -0.040622897137758 0.000000000000000
0.678104653429039 -0.064342257527055 0.000000000000000
0.660360682812854 -0.053154881002432 0.000000000000000
0.785202531757366 0.006769314200594 0.000000000000000
0.775190207286453 0.008103087011854 0.000000000000000
0.785650124763322 0.021707653909188 0.000000000000000
0.776568999697776 -0.000716159642436 0.000000000000000
0.794296795163729 0.006797405407173 0.000000000000000
0.646494439799474 -0.026814945073014 0.000000000000000
0.558133715012770 -0.034758539371911 0.000000000000000
0.473146147521303 -0.026171496556928 0.000000000000000
0.481623510055066 -0.040323750793260 0.000000000000000
0.723159410449219 0.324048436438297 0.000000000000000
0.742552980063595 0.003101329392535 0.000000000000000
0.746540665706980 0.001335425654598 0.000000000000000
0.746539173863366 0.002062095013551 0.000000000000000
0.708253598258307 0.040710131777313 0.000000000000000
0.868735186377408 -0.017563033699036 0.000000000000000
0.857309217349323 -0.031680407424993 0.000000000000000
0.892616645136789 -0.021970445870818 0.000000000000000
0.717401887795930 0.461837110156471 0.000000000000000
0.741036675723380 -0.001190219926971 0.000000000000000
0.741567426729150 0.001866597844609 0.000000000000000
0.667361673222594 0.091622478364374 0.000000000000000
0.807471694487021 0.071634501047047 0.000000000000000
0.738597886312281 -0.025732913131020 0.000000000000000
0.723824419884868 -0.022432578695925 0.000000000000000
0.748695382914609 -0.021574029570038 0.000000000000000
0.977610265672018 -0.198906015168393 0.000000000000000
0.873529882591241 -0.123379315984049 0.000000000000000
0.941971066838013 -0.154887339824601 0.000000000000000
0.742025896556787 -0.002560974380341 0.000000000000000
0.742954212882946 -0.003198250416557 0.000000000000000
0.740962974642699 0.002420240247138 0.000000000000000
0.740338288278354 0.001462884590024 0.000000000000000
0.720691884550209 -0.018339139739284 0.000000000000000
0.706087582125227 -0.019005843042564 0.000000000000000
0.751231668086475 -0.004259100829595 0.000000000000000
0.755476397504384 -0.004103742561851 0.000000000000000
0.578762260124018 -0.004382475661477 0.000000000000000
0.552200281359131 0.012513826842032 0.000000000000000
0.943485372046990 -0.226350226547535 0.000000000000000
0.981208758700935 -0.305261465594588 0.000000000000000
0.789069166379763 0.000464858530930 0.000000000000000
0.825187898749926 -0.019267052536763 0.000000000000000
0.867437893358524 0.011536307717955 0.000000000000000
0.768748936475345 0.002896757140294 0.000000000000000
0.764831314635218 -0.000869935171354 0.000000000000000
0.948237986104120 -0.149922739049295 0.000000000000000
0.924504545195569 -0.016642948958098 0.000000000000000
0.740754843011657 -0.000412126224829 0.000000000000000
0.772717632490988 0.004083662773066 0.000000000000000
0.762799557574721 0.009261289421233 0.000000000000000
0.753023796204077 -0.001179331778070 0.000000000000000
0.743992620316373 -0.010068880915198 0.000000000000000
0.754474600523553 -0.007340789805991 0.000000000000000
0.733389892956747 0.002601311421701 0.000000000000000
0.730704490779929 0.000857326572164 0.000000000000000
0.739096908665701 0.000679139256404 0.000000000000000
0.739353804338380 0.001579988970439 0.000000000000000
0.739460079524089 -0.000256560798502 0.000000000000000
0.663338243725756 0.153915553821349 0.000000000000000
0.702704295951002 0.115162730683120 0.000000000000000
0.389233748342158 0.002867706399875 0.000000000000000
0.725966298307585 -0.006075453577635 0.000000000000000
0.578084400576452 0.001411105286328 0.000000000000000
0.570537721325103 -0.000856199743994 0.000000000000000
0.725567989225697 0.004932862642495 0.000000000000000
0.410959816265038 -0.002210658155036 0.000000000000000
0.748981661605537 0.002285532507278 0.000000000000000
0.745350607993400 0.003728077181861 0.000000000000000
0.707435973515668 -0.012759817052357 0.000000000000000
0.726672637119489 -0.015098070334682 0.000000000000000
0.750513792371650 -0.001931302172038 0.000000000000000
0.748667430001828 -0.004362351129714 0.000000000000000
0.740428715185604 0.003551916263480 0.000000000000000
0.741255931656357 0.004139396997005 0.000000000000000
0.741055008397646 0.002664394218353 0.000000000000000
0.727319038321638 -0.012037242189017 0.000000000000000
0.739722320438261 -0.012900063309127 0.000000000000000
0.737793462210193 -0.001813454664975 0.000000000000000
0.736674821651816 -0.001247120967301 0.000000000000000
1.029932043703864 0.220260482110024 0.000000000000000
0.188077179734506 -0.007260941254933 0.000000000000000
0.368604155454209 -0.029822855813877 0.000000000000000
0.209305449492157 -0.012670285093224 0.000000000000000
0.958305279736342 -0.218414161770863 0.000000000000000
0.905383217987338 -0.141356522350765 0.000000000000000
0.427949011389679 -0.000068708131787 0.000000000000000
0.429495217871763 0.003050811726348 0.000000000000000
0.492285189020498 0.004309593202699 0.000000000000000
0.462952600305661 0.025495585750500 0.000000000000000
0.327204584917615 0.002039701514275 0.000000000000000
0.521825774936781 -0.039116386781625 0.000000000000000
0.614125498599375 -0.048711152045289 0.000000000000000
0.728742202514859 -0.005814378487878 0.000000000000000
0.760118618289373 0.003697518297068 0.000000000000000
0.742726290846728 0.002876254637564 0.000000000000000
0.747159990647965 -0.000202372958344 0.000000000000000
0.770595403866064 -0.003347489530234 0.000000000000000
0.786916812262822 0.003111838916283 0.000000000000000
0.802958365366845 0.006656624978681 0.000000000000000
0.807921784693537 -0.039716921397398 0.000000000000000
0.790819896785420 -0.025955650458523 0.000000000000000
0.742355524519382 0.003081170334893 0.000000000000000
0.740216738661999 0.005786739219388 0.000000000000000
0.749185233640284 0.004094863569065 0.000000000000000
0.747898733351670 -0.000504681307706 0.000000000000000
0.709457290761799 -0.000686533659919 0.000000000000000
0.746923287213136 0.003634870847385 0.000000000000000
0.745344348069358 -0.002628741395248 0.000000000000000
0.706111650475633 0.003022002297173 0.000000000000000
0.746803608376805 0.002646586265896 0.000000000000000
0.639045569616602 -0.002651077770336 0.000000000000000
0.532329791802223 0.000434407690771 0.000000000000000
0.739530614602145 0.002068749801422 0.000000000000000
0.743750882091483 -0.000604935326959 0.000000000000000
0.743971662293394 0.000128103920444 0.000000000000000
0.744155365493314 -0.000137016847639 0.000000000000000
0.740637487680268 -0.001286639559477 0.000000000000000
0.743294533700632 -0.000588306399983 0.000000000000000
0.741078256685374 -0.002569977217869 0.000000000000000
0.737541188745664 -0.002126254047741 0.000000000000000
0.865374668321876 -0.296846862459408 0.000000000000000
0.744432905268014 0.000186733142705 0.000000000000000
0.742879151836829 -0.000388802998946 0.000000000000000
0.744203595376719 -0.000379945870017 0.000000000000000
0.566147530930156 0.002836659509195 0.000000000000000
0.747176823640531 -0.005561593042733 0.000000000000000
0.748159738897879 -0.004755372273015 0.000000000000000
0.742893172865822 0.004880350309834 0.000000000000000
0.740841628245935 0.003799412409619 0.000000000000000
0.739318711504037 0.004395822268499 0.000000000000000
0.694872785555503 -0.003889422966260 0.000000000000000
0.706199718927470 0.000244921264196 0.000000000000000
0.704762601043132 -0.006445744971588 0.000000000000000
0.749656793269380 0.000507387319042 0.000000000000000
0.752399433912590 -0.003237472919513 0.000000000000000
0.745522706440244 -0.003512865535514 0.000000000000000
0.747315610934175 0.004988483649053 0.000000000000000
0.862144541998560 -0.037176804820759 0.000000000000000
0.825430333781042 -0.041189448674211 0.000000000000000
0.740683441253544 0.004903880646822 0.000000000000000
0.744958537995649 0.000054044941517 0.000000000000000
0.744943745953530 0.000744614095393 0.000000000000000
0.745307939828286 0.000203407998550 0.000000000000000
0.754660556377382 -0.004118128095802 0.000000000000000
0.751021949035544 -0.007634005026252 0.000000000000000
0.746966495650397 -0.004506307156178 0.000000000000000
0.798344781262993 0.005065872890824 0.000000000000000
0.759844172530659 -0.002126512019774 0.000000000000000
0.728609855641807 0.011985013755932 0.000000000000000
0.449354008788501 0.007130711216295 0.000000000000000
0.688204671922007 -0.008092146323700 0.000000000000000
0.567945138172747 -0.010531690734138 0.000000000000000
0.554671250871891 0.002520452878115 0.000000000000000
0.396430490928229 -0.001486060640830 0.000000000000000
0.395604698605471 0.000991754154111 0.000000000000000
0.740357099033430 0.071324380152516 0.000000000000000
0.795687065005156 0.068413809593816 0.000000000000000
0.709291157579492 0.068744026582399 0.000000000000000
0.373893470657085 -0.000157840904419 0.000000000000000
0.377070850339107 0.001653900050689 0.000000000000000
0.375838758159954 -0.001635196004270 0.000000000000000
0.372125702716949 0.000244372161245 0.000000000000000
0.863153294749315 0.029223926573705 0.000000000000000
0.743161215057946 0.001313156263422 0.000000000000000
0.742684304125007 0.000233452795442 0.000000000000000
0.734894123885460 0.005603454685859 0.000000000000000
0.412532138328264 -0.002282152160418 0.000000000000000
0.742666906567159 -0.002983976265932 0.000000000000000
0.743521155198305 -0.000020843454382 0.000000000000000
0.745159115799178 -0.000889487893303 0.000000000000000
0.744958653494141 0.001047121885017 0.000000000000000
0.743982588040370 0.002074355748206 0.000000000000000
0.786451419085202 -0.056566460588649 0.000000000000000
0.881706106107195 -0.100804418313952 0.000000000000000
0.580631241182452 0.137542540945695 0.000000000000000
0.541464230948577 0.090385287970457 0.000000000000000
0.245236807289227 -0.000270570443786 0.000000000000000
0.563562625538188 -0.003885216566883 0.000000000000000
0.371949402175385 -0.002272761918654 0.000000000000000
0.744415618021164 -0.001267521425755 0.000000000000000
0.756465012582211 -0.001660476887572 0.000000000000000
0.663468686554964 0.017659109627450 0.000000000000000
0.629431300766507 0.003017832632872 0.000000000000000
0.647176790731954 0.020603052064641 0.000000000000000
0.723597852934034 0.078943416185506 0.000000000000000
0.756971396924671 0.000469617935471 0.000000000000000
0.755002287239175 0.001774280453117 0.000000000000000
0.371699939527850 0.028277233944463 0.000000000000000
0.732184980186748 0.006962276204912 0.000000000000000
0.741274303518091 0.004696196068273 0.000000000000000
0.751538148794804 0.010165658776166 0.000000000000000
0.744111377948520 -0.000594697579206 0.000000000000000
0.743078268132666 -0.000186687576552 0.000000000000000
0.817987221147072 -0.022970933444722 0.000000000000000
0.841170820626205 -0.035131461437393 0.000000000000000
0.840362654426748 -0.044580790566330 0.000000000000000
0.711502530537428 0.001995391982142 0.000000000000000
0.453945429451422 0.002680274105339 0.000000000000000
0.452395703145779 -0.002272223274546 0.000000000000000
0.712234524934652 -0.001403778088410 0.000000000000000
0.886144510254571 0.008452831143468 0.000000000000000
0.907333008881055 -0.003195072431831 0.000000000000000
0.414039584123378 0.000542553149605 0.000000000000000
0.415961527850695 0.002677978028023 0.000000000000000
0.290938923800336 -0.000690046061392 0.000000000000000
0.600169850962960 -0.002247649341848 0.000000000000000
0.668633322729344 0.013159880559889 0.000000000000000
0.698856466153030 0.022677006634507 0.000000000000000
0.740209135774667 0.002264112393632 0.000000000000000
0.746701216724994 -0.009867832101380 0.000000000000000
0.745285981702551 0.011990896738809 0.000000000000000
0.736383487358436 -0.001754831631025 0.000000000000000
0.727608982306884 0.000208317988278 0.000000000000000
0.739510609309232 -0.008422151501605 0.000000000000000
0.656492090285033 -0.004643568269815 0.000000000000000
0.670860685062394 0.003293069970665 0.000000000000000
0.738298553817945 0.006537764577661 0.000000000000000
0.738464801325101 -0.000947055896136 0.000000000000000
0.738352065738095 -0.000511485730793 0.000000000000000
0.739188561624866 0.000147887986609 0.000000000000000
0.747841604806708 0.007588709795534 0.000000000000000
0.748979171596788 0.002225939605135 0.000000000000000
0.748463726498689 -0.004311707815191 0.000000000000000
0.736823039676986 -0.006409290528712 0.000000000000000
0.864716011111217 -0.089937480164086 0.000000000000000
0.850961856083974 -0.057399444166127 0.000000000000000
0.741016351422481 -0.005945139316110 0.000000000000000
0.741173673766560 -0.005079091796068 0.000000000000000
0.742607275856431 0.000798052830645 0.000000000000000
0.742338949701991 0.001956282377094 0.000000000000000
0.746286511330423 -0.002053334939918 0.000000000000000
0.748115243149533 -0.006269016575658 0.000000000000000
0.746505016122277 -0.000610308138666 0.000000000000000
0.745794598610958 0.002274729516886 0.000000000000000
0.745883587008483 -0.002713479065561 0.000000000000000
0.757280671707316 -0.005657862260603 0.000000000000000
0.744066941885283 0.000922507393044 0.000000000000000
0.743943133510930 -0.001405924487453 0.000000000000000
1.002357142743727 0.014941674675773 0.000000000000000
0.990207672796646 0.009436527722719 0.000000000000000
0.744325529729512 -0.000435218638299 0.000000000000000
0.742185446361689 0.000304430859950 0.000000000000000
0.295863708400950 -0.000780169634466 0.000000000000000
0.594846687905832 -0.002629895251916 0.000000000000000
0.391843475034372 -0.001787061168819 0.000000000000000
0.387849428299249 0.001695609416557 0.000000000000000
0.588482439055929 0.002650322250962 0.000000000000000
0.291694404360546 0.001017124374582 0.000000000000000
0.761725894906524 -0.006796274847650 0.000000000000000
0.741753101247509 -0.006039609558230 0.000000000000000
0.885776557094769 -0.026516950027916 0.000000000000000
0.748169990328738 0.000929023540882 0.000000000000000
0.753726881295482 0.006727931902589 0.000000000000000
0.682127829038157 -0.001983156324216 0.000000000000000
0.572609349418632 0.001600027224313 0.000000000000000
0.567074603752324 -0.001638039929946 0.000000000000000
0.673189470971390 0.001817593308835 0.000000000000000
0.959422755530220 0.032000697180091 0.000000000000000
0.996982617813112 0.019659456161614 0.000000000000000
0.748788559378228 0.349972840004976 0.000000000000000
0.771396132805974 0.417089354994296 0.000000000000000
0.752706341932263 0.003815165454357 0.000000000000000
0.753874065725522 0.004878669269441 0.000000000000000
0.371951701913552 -0.002197898303234 0.000000000000000
0.413636267276157 -0.109292433880152 0.000000000000000
0.214252089089781 -0.062467543006489 0.000000000000000
0.267492162649101 -0.035098105248986 0.000000000000000
0.496610034180493 0.061932587457410 0.000000000000000
0.696919269619061 -0.005098802753122 0.000000000000000
0.745783194281208 0.001622113714446 0.000000000000000
0.744610980280308 0.000450692409307 0.000000000000000
0.913300362179120 -0.003654879920295 0.000000000000000
0.703944145204106 -0.019589960351572 0.000000000000000
0.891930922933576 -0.058818255943799 0.000000000000000
0.533758094555966 -0.053070482733144 0.000000000000000
0.821087626746242 -0.029307549890453 0.000000000000000
0.897051049071253 -0.012130858468430 0.000000000000000
0.898167722177405 -0.016428430913222 0.000000000000000
0.740936389525097 0.002214413239795 0.000000000000000
0.782037121736344 -0.101440095521672 0.000000000000000
0.790256551237820 -0.084602639979850 0.000000000000000
0.721574193255382 -0.174927299313187 0.000000000000000
0.640276853556726 -0.127587611557071 0.000000000000000
0.589749624271128 -0.167761418270130 0.000000000000000
0.718803437941072 -0.011097005128112 0.000000000000000
0.720671099909330 -0.008526431661022 0.000000000000000
0.742302706501937 -0.006393767200740 0.000000000000000
0.741362963009026 -0.007038549962276 0.000000000000000
0.743408571188699 0.001940499918118 0.000000000000000
0.748575658256415 -0.003482593408462 0.000000000000000
0.752436505669644 -0.002532190222177 0.000000000000000
0.754578507082787 -0.003203959709564 0.000000000000000
0.739305839517740 -0.006225709081370 0.000000000000000
0.748724629038001 -0.003724149804732 0.000000000000000
0.869589633618478 0.057731787897342 0.000000000000000
0.862052203112847 0.033958642090163 0.000000000000000
0.923204615224835 0.037895199228024 0.000000000000000
0.784925378100150 -0.231470539191711 0.000000000000000
0.566878719228959 -0.215883384718123 0.000000000000000
0.718556119603477 0.002208973303708 0.000000000000000
0.716379830427382 0.007097500944940 0.000000000000000
0.726668521876407 -0.002809915364318 0.000000000000000
0.686489000330117 -0.000800627641221 0.000000000000000
0.743648931148982 -0.000531929318957 0.000000000000000
0.772373640937741 -0.014469179136980 0.000000000000000
0.451294481641244 -0.031566138716218 0.000000000000000
0.757764455906289 0.009990765331130 0.000000000000000
0.736113178534132 0.003999672461782 0.000000000000000
0.737404880861256 0.004108652921919 0.000000000000000
0.713885537182109 -0.003338690210178 0.000000000000000
0.706026395326611 0.002897143317298 0.000000000000000
0.208464177045200 0.333965516168868 0.000000000000000
0.658551278497864 0.142741292547123 0.000000000000000
0.510174400475104 -0.050561568998222 0.000000000000000
0.390103198174164 0.000378243307291 0.000000000000000
0.386325463947385 -0.000686862510373 0.000000000000000
0.742016713482051 -0.002012916275214 0.000000000000000
0.738401254837177 0.000943938705091 0.000000000000000
0.739084369913691 0.001461673507574 0.000000000000000
0.333651937490247 -0.002002786030800 0.000000000000000
0.645338581110571 -0.005191538115206 0.000000000000000
0.739543993051932 -0.009891639111978 0.000000000000000
0.742757591410801 -0.009993673693648 0.000000000000000
0.756593316429215 -0.001807673246439 0.000000000000000
0.750244553256257 0.000815367290171 0.000000000000000
0.749142616438578 -0.001925638069513 0.000000000000000
0.743520384302245 -0.001518671176450 0.000000000000000
0.661505670594452 -0.657173556244369 0.000000000000000
0.641744481522561 -0.572436116396292 0.000000000000000
0.748733129782562 0.002754958592575 0.000000000000000
0.458544504175635 -0.038043360546828 0.000000000000000
0.881411189623438 0.058121325199670 0.000000000000000
0.802924923001389 0.073079941668400 0.000000000000000
0.643710964756285 0.005398327531375 0.000000000000000
0.340651355991452 0.002630075742897 0.000000000000000
0.753158743697421 0.002789043546832 0.000000000000000
0.731207712427202 0.003385932482127 0.000000000000000
0.866841449167339 0.175509891908873 0.000000000000000
0.913791650480750 0.118111064739285 0.000000000000000
0.852790611149708 0.124417014188529 0.000000000000000
0.342177852497600 -0.002251937217959 0.000000000000000
0.648023950312268 -0.001880912816023 0.000000000000000
0.718120601804895 -0.004369992020504 0.000000000000000
0.893651354068523 -0.220496599918147 0.000000000000000
0.750521345930343 -0.259305410108082 0.000000000000000
0.655892285962613 0.004514073924694 0.000000000000000
0.737466910533023 -0.001163468077311 0.000000000000000
0.823247730715764 0.030376892105595 0.000000000000000
0.803399087788991 0.016746070135333 0.000000000000000
0.807301035399463 0.031810610349144 0.000000000000000
0.821043461638102 -0.040625888940872 0.000000000000000
0.785981031144863 -0.009444035326649 0.000000000000000
0.753469818769888 -0.009079304498702 0.000000000000000
0.740939777212967 0.004780908681907 0.000000000000000
0.747486989312617 -0.003350625381593 0.000000000000000
0.748748223086537 0.003781352752570 0.000000000000000
0.898647238896500 0.048859353105381 0.000000000000000
0.926810301258674 0.046857089032396 0.000000000000000
0.751531258630050 -0.001055445835607 0.000000000000000
0.822564972581966 -0.013697726024325 0.000000000000000
0.766300981242792 -0.000153499598506 0.000000000000000
0.716097613407201 -0.004014632506007 0.000000000000000
0.738770457583037 -0.000248102829495 0.000000000000000
0.748207738635216 -0.002831030370833 0.000000000000000
0.684725642031516 -0.277598709784499 0.000000000000000
0.721483149673220 -0.319038978713371 0.000000000000000
0.741169027667178 -0.003146271445626 0.000000000000000
0.740468388495138 -0.002903449817148 0.000000000000000
0.739762736847969 -0.003732001377846 0.000000000000000
0.878383974122583 -0.197489262129329 0.000000000000000
0.239048442836204 0.014505227952969 0.000000000000000
0.742652000304780 0.067873650071744 0.000000000000000
0.639503589789404 -0.001523749747205 0.000000000000000
0.383270352260039 -0.000417899361423 0.000000000000000
0.382261736483033 0.000517161355802 0.000000000000000
0.640979994177343 0.001312973282721 0.000000000000000
0.340704440011188 0.002660772549397 0.000000000000000
0.874288004970590 -0.001794001283621 0.000000000000000
0.735451074022591 -0.006300952452879 0.000000000000000
0.736318197668375 -0.005586720175257 0.000000000000000
0.738975081819643 -0.007011256870761 0.000000000000000
0.740696712364085 0.000638102731382 0.000000000000000
0.402247317630301 -0.000422336089677 0.000000000000000
0.421736780762608 0.000116881613910 0.000000000000000
0.810650022973921 0.316210972594661 0.000000000000000
0.735825101644711 0.300400349169386 0.000000000000000
0.742092070065229 -0.004145309568331 0.000000000000000
0.736984157086937 -0.001246376082955 0.000000000000000
0.737697509710391 -0.002559737728686 0.000000000000000
0.768356905281811 -0.060484485551446 0.000000000000000
0.800080381703991 -0.038182841904387 0.000000000000000
0.759128642596910 -0.003646973886002 0.000000000000000
0.757504583091397 0.000488412164243 0.000000000000000
0.750526235505517 -0.002567115170998 0.000000000000000
0.753315528122972 0.000015899361077 0.000000000000000
0.803154296161255 -0.054239592158407 0.000000000000000
0.745401309205140 -0.000132350834603 0.000000000000000
0.741190443756061 0.000848194415923 0.000000000000000
0.740243806435130 0.000265076681184 0.000000000000000
0.613499238005339 0.374802269390104 0.000000000000000
0.858846581919809 -0.038355532761476 0.000000000000000
0.765677719909776 0.004597285219793 0.000000000000000
0.745461048419457 0.011048413571405 0.000000000000000
0.737642474652473 -0.003147464295687 0.000000000000000
0.738754603657514 0.005108897567803 0.000000000000000
0.619534901439926 -0.001496097960466 0.000000000000000
0.710348295872112 0.000281361990743 0.000000000000000
0.711764740963038 -0.000832088298542 0.000000000000000
0.717042941724591 0.000317595135788 0.000000000000000
0.715493697540462 -0.000817561101177 0.000000000000000
0.622869237739256 0.001394374169362 0.000000000000000
0.738188489052034 -0.004312041609568 0.000000000000000
0.861518839143570 0.084316125247344 0.000000000000000
0.751581346937412 0.130966100259120 0.000000000000000
0.742498858632359 -0.000033748407122 0.000000000000000
0.748873816720701 0.001559999346016 0.000000000000000
0.750675143618282 -0.001042354243849 0.000000000000000
0.705916405794879 -0.280874864666698 0.000000000000000
0.743548065844071 -0.006476790988718 0.000000000000000
0.741542815232403 -0.006295424909506 0.000000000000000
0.781733249403529 -0.046142738211971 0.000000000000000
0.744440533628265 -0.012294060249237 0.000000000000000
0.743098718917009 0.012758641284546 0.000000000000000
0.913880484549230 -0.154198991292101 0.000000000000000
0.504416852650964 -0.055477289821676 0.000000000000000
0.746047406205735 0.002358602203953 0.000000000000000
0.746228446877923 -0.001616165455999 0.000000000000000
0.746975629107298 -0.001186162259299 0.000000000000000
0.738414160565635 -0.002926506782351 0.000000000000000
0.415603594832703 -0.025536484983656 0.000000000000000
0.468546866251864 -0.045846471370793 0.000000000000000
0.906705397138622 -0.151957306456392 0.000000000000000
0.833535113858139 0.015448573158459 0.000000000000000
0.822613620273938 0.022010908350345 0.000000000000000
0.770746212426493 -0.001232828810358 0.000000000000000
-0.003711425959302 0.005009398105048 0.000000000000000
0.043299683428191 -0.028829483299280 0.000000000000000
0.015804033178574 -0.003768919106743 0.000000000000000
0.416261194047183 -0.006704980201704 0.000000000000000
0.737992274835293 -0.010599794062744 0.000000000000000
0.728546212653025 0.002856197781056 0.000000000000000
0.716432171551493 0.000987418740472 0.000000000000000
0.343513876589979 0.000956843406332 0.000000000000000
0.342158722200990 -0.000959340049914 0.000000000000000
0.913113712668448 0.050888993676660 0.000000000000000
0.746262667148248 -0.001273772063925 0.000000000000000
0.741197783750432 -0.001003378315200 0.000000000000000
0.769285983187587 0.015952091769209 0.000000000000000
0.472292808962749 0.160017909979138 0.000000000000000
0.561036039147364 0.228522331791228 0.000000000000000
0.780104125828019 0.228780146886017 0.000000000000000
0.846531394392276 0.414700945612074 0.000000000000000
0.946728485828459 0.273510371292889 0.000000000000000
0.776268671866350 0.512469175967198 0.000000000000000
0.466499940762746 0.005511283327708 0.000000000000000
0.472563392627596 -0.006046373726843 0.000000000000000
0.453399961592104 -0.089928134554492 0.000000000000000
0.483770970607415 -0.113846397144964 0.000000000000000
0.298219043426666 -0.050718815741585 0.000000000000000
0.422839991808668 0.002017441415003 0.000000000000000
0.584285926931553 -0.002738556597700 0.000000000000000
0.586553863644560 0.004714521362354 0.000000000000000
0.412004807559428 -0.001919390928071 0.000000000000000
0.921644444729298 0.127220056336059 0.000000000000000
1.002634577975783 0.028143412085852 0.000000000000000
0.525656085351137 0.000958346291492 0.000000000000000
0.820525858021510 0.051336337756405 0.000000000000000
0.831404067118430 -0.024863166023221 0.000000000000000
0.741885998605069 0.005465053066889 0.000000000000000
0.746210298935895 0.005127105612133 0.000000000000000
0.723665981669132 0.002528190116911 0.000000000000000
0.842453548954214 0.059788072797858 0.000000000000000
0.836709623856268 0.066255151844822 0.000000000000000
0.454022653367916 0.007860366054598 0.000000000000000
0.591729647558032 0.002794070611251 0.000000000000000
0.746194168250009 -0.003211976684038 0.000000000000000
0.759037307888805 0.001200823539264 0.000000000000000
0.404103385502295 0.130285445074809 0.000000000000000
0.800344693605932 0.281312659857714 0.000000000000000
0.470877320357666 0.212957811520615 0.000000000000000
0.705150998237856 0.443111248418667 0.000000000000000
0.750401336884523 -0.003705720343542 0.000000000000000
0.573472620375420 0.002434245409791 0.000000000000000
0.190290981361030 -0.005394437978920 0.000000000000000
0.840275494149861 -0.126466217264060 0.000000000000000
0.393806677234373 -0.009452547661198 0.000000000000000
0.393158052735847 0.010910631869052 0.000000000000000
0.739398314092035 -0.000925015659774 0.000000000000000
0.737553569925014 -0.000252432860472 0.000000000000000
0.738901523897760 -0.001505090301012 0.000000000000000
0.243129727798596 -0.130865525627264 0.000000000000000
0.119954429694693 -0.061549412835630 0.000000000000000
0.743183594778631 0.000820871583171 0.000000000000000
0.751548641313720 0.002037842884276 0.000000000000000
0.625765933706614 0.006331471527343 0.000000000000000
0.510187889990287 -0.000823088190660 0.000000000000000
0.289107944965367 0.097893346650997 0.000000000000000
0.097742010605612 0.050023794790055 0.000000000000000
0.743191395900457 -0.002930874906843 0.000000000000000
0.745625021564393 -0.001462635154451 0.000000000000000
0.746276942992584 -0.002572580437353 0.000000000000000
0.875867252852665 -0.092852598763764 0.000000000000000
0.848173509619371 -0.055262839966243 0.000000000000000
0.559830304841427 -0.124129884309359 0.000000000000000
0.574820923715384 -0.195674381334977 0.000000000000000
0.578110036094195 -0.126710824704763 0.000000000000000
0.728808601543865 -0.007092388103998 0.000000000000000
0.736500771223041 -0.010256276860557 0.000000000000000
0.734868908534782 0.011819750372765 0.000000000000000
0.750307835284013 0.013228732385200 0.000000000000000
0.744696171740037 0.016792350537663 0.000000000000000
0.751126739404524 0.014335389056567 0.000000000000000
0.729065571507930 0.001008103895093 0.000000000000000
0.726997319229847 -0.000594446572487 0.000000000000000
0.725787370287540 0.002303281386235 0.000000000000000
0.778851301738080 0.031818653045755 0.000000000000000
0.745724168249269 0.002309816019205 0.000000000000000
0.744645089057753 0.004331070662678 0.000000000000000
0.746093218212073 0.000551006338170 0.000000000000000
0.851736562868141 0.058087724906645 0.000000000000000
0.634758227833263 0.001379210839596 0.000000000000000
0.717549351174421 0.000613565117332 0.000000000000000
0.416592639423800 -0.000839327892510 0.000000000000000
0.411260406965304 0.002714418158691 0.000000000000000
0.413833135530435 -0.002974212997406 0.000000000000000
0.418465835011535 0.000786586056119 0.000000000000000
0.764551137945131 -0.019826701165757 0.000000000000000
0.762738619034052 -0.024227998518752 0.000000000000000
0.749031650885195 -0.025820702944583 0.000000000000000
0.471419511349492 0.009850102385051 0.000000000000000
0.740656017493254 0.005144447270929 0.000000000000000
0.742302897601757 0.006060691262459 0.000000000000000
0.740096682258498 0.000492060267223 0.000000000000000
0.702283206460745 0.001326282632161 0.000000000000000
0.703102814262704 -0.001885700714879 0.000000000000000
0.742771963329740 -0.001490619378207 0.000000000000000
0.796730157681570 -0.005903186592070 0.000000000000000
0.806383788578492 -0.015551661378943 0.000000000000000
0.632130944812925 -0.000055486884407 0.000000000000000
0.324447968889498 0.000743757442516 0.000000000000000
0.476119837200495 -0.117566893286635 0.000000000000000
0.875221376576859 -0.085766467366245 0.000000000000000
0.719985618925140 0.088998452235333 0.000000000000000
0.369215448387129 -0.001126410620392 0.000000000000000
0.652056686447104 0.000325350770699 0.000000000000000
0.654884651236806 -0.000367115150590 0.000000000000000
0.371962988892760 0.001086047316224 0.000000000000000
0.744047700632899 0.000177420672019 0.000000000000000
0.735166787867213 -0.002641849005040 0.000000000000000
0.756258612852081 0.014405229075417 0.000000000000000
0.750976405511417 0.002246027216692 0.000000000000000
0.810817902958015 -0.010703907163754 0.000000000000000
0.748064673711876 0.007279027037881 0.000000000000000
0.737631316938845 -0.000789710864180 0.000000000000000
0.736007968806902 -0.000174695980242 0.000000000000000
0.736331739698123 0.001959868354802 0.000000000000000
0.652534518549330 -0.158663789604367 0.000000000000000
0.620519794377644 -0.306330689681797 0.000000000000000
0.753207404791538 -0.002249333362392 0.000000000000000
0.741368419267054 -0.000970582479739 0.000000000000000
0.765361406241979 -0.005775315172546 0.000000000000000
0.897266980306110 0.095420466469865 0.000000000000000
0.904989468757550 0.111297764792014 0.000000000000000
0.939941732361611 0.165675427357810 0.000000000000000
0.741135078150685 0.002402971570180 0.000000000000000
0.747191146788791 0.000537115966955 0.000000000000000
0.480615459391421 -0.067454934336267 0.000000000000000
0.887133624750358 -0.029178607702055 0.000000000000000
0.888056520758641 -0.037077655184041 0.000000000000000
0.759233605245679 -0.030180080318879 0.000000000000000
0.771785617559914 -0.022280732541833 0.000000000000000
0.728203974987330 -0.002354095004131 0.000000000000000
0.721657821870182 0.001756629934198 0.000000000000000
0.869436657969678 0.063398861695551 0.000000000000000
0.985270715731755 -0.145589970664942 0.000000000000000
0.980938986259847 -0.073411078885870 0.000000000000000
0.965255621844301 -0.094295209915821 0.000000000000000
0.744147288047298 0.003831713141512 0.000000000000000
0.747158682569998 -0.007375243488608 0.000000000000000
0.743630130474534 0.001238818526779 0.000000000000000
1.029939458543651 -0.117708425512274 0.000000000000000
1.009557978138294 -0.148117282525974 0.000000000000000
1.046142174266290 -0.210768756386515 0.000000000000000
0.761976872467537 0.032925872459543 0.000000000000000
0.867503246376234 0.045244030635735 0.000000000000000
0.835941609162771 0.040543690745780 0.000000000000000
0.953558158938149 -0.336450890244104 0.000000000000000
0.772936561484714 -0.314345665633790 0.000000000000000
1.012555350582306 -0.237846828059492 0.000000000000000
0.744386853839634 -0.003017431744037 0.000000000000000
0.997689869210010 0.007141177335612 0.000000000000000
1.000395788724934 0.016450658231445 0.000000000000000
0.997693032650662 0.005887319882462 0.000000000000000
0.744682614153301 0.004932834739419 0.000000000000000
0.939259773627509 0.304231614686651 0.000000000000000
0.942444143360083 0.277899163840961 0.000000000000000
0.749816912214348 0.000444809222181 0.000000000000000
0.747309590702931 0.000097008581851 0.000000000000000
0.770293694829555 -0.009004727425533 0.000000000000000
0.764120416284589 -0.009299665060977 0.000000000000000
0.918648358973774 0.248115500988697 0.000000000000000
0.372962109593228 0.015915904755900 0.000000000000000
0.753586515486594 0.006484741675380 0.000000000000000
0.608584354089171 -0.065047951196322 0.000000000000000
0.673251544271449 -0.048033544769262 0.000000000000000
0.720827908409969 0.022859471878269 0.000000000000000
0.742523071255580 0.021033818573726 0.000000000000000
0.725926790284788 0.022439272500936 0.000000000000000
1.013441330239244 -0.285574978640792 0.000000000000000
0.989229795566155 -0.296713802795818 0.000000000000000
0.731104903149371 0.031195543098523 0.000000000000000
0.738167075410462 -0.005769576386461 0.000000000000000
0.743774744576956 -0.003398700379414 0.000000000000000
0.733849059690492 0.004926600613592 0.000000000000000
0.302991072482036 0.002555674473912 0.000000000000000
0.310438871956413 -0.000562282482528 0.000000000000000
0.402202613029222 -0.216892269542040 0.000000000000000
0.457554591139669 -0.164668909407672 0.000000000000000
0.804147087289032 -0.146887296474940 0.000000000000000
0.805889936916373 -0.045444537776060 0.000000000000000
0.896911914738761 -0.031824562529132 0.000000000000000
0.674743839870185 0.006013216380357 0.000000000000000
0.383092661030428 0.002932465269622 0.000000000000000
0.386223424575298 -0.003265141687584 0.000000000000000
0.678662392423261 -0.006614357179698 0.000000000000000
0.718304577050918 0.002138888438282 0.000000000000000
0.712379606174212 0.003371133852248 0.000000000000000
0.714462844887535 -0.004136060261900 0.000000000000000
0.721006666990858 -0.002391710426809 0.000000000000000
0.306319041401820 -0.015762714261519 0.000000000000000
0.116616921572548 -0.002603544616660 0.000000000000000
0.576339818356926 0.105854937833120 0.000000000000000
0.297528656938512 0.038292405112683 0.000000000000000
0.371773561740928 0.090434364223513 0.000000000000000
0.745004384084656 -0.050502843585616 0.000000000000000
0.705767502728232 -0.092038742998526 0.000000000000000
0.737336851572783 0.020079596881538 0.000000000000000
0.711114690968216 0.019300107778781 0.000000000000000
0.630159138842550 0.003699046417283 0.000000000000000
0.255779421464329 -0.004819411313471 0.000000000000000
0.721162669963913 -0.002450504271282 0.000000000000000
0.476136693610055 0.000940444146074 0.000000000000000
0.469993074839186 -0.007080696406552 0.000000000000000
0.729274665318755 -0.010978498947769 0.000000000000000
0.740939163708827 -0.005567986122661 0.000000000000000
0.740442395467950 -0.003319682793562 0.000000000000000
0.741569657097535 -0.001901466447479 0.000000000000000
0.490867386474889 -0.055856561319060 0.000000000000000
0.639056055510380 -0.176676231300875 0.000000000000000
0.422863824799521 -0.010826174100463 0.000000000000000
0.422466405566235 0.011327065089279 0.000000000000000
0.784266445467155 -0.002635761971056 0.000000000000000
0.404792797075811 -0.025512997603073 0.000000000000000
0.381383156415059 -0.010625430018335 0.000000000000000
1.028527838119097 -0.322881920505938 0.000000000000000
0.944661111366859 0.020403789921365 0.000000000000000
0.238314761288732 -0.020343768416670 0.000000000000000
0.747770842854141 0.001944942311045 0.000000000000000
0.757766788910677 -0.007113965775360 0.000000000000000
0.760745807819527 -0.007758773384474 0.000000000000000
0.758403013660002 -0.009882163955697 0.000000000000000
0.742131776007983 0.005759316291065 0.000000000000000
0.763419989437917 -0.004234928623414 0.000000000000000
0.739762001214988 -0.004014438353819 0.000000000000000
0.740384448428116 -0.001346728463277 0.000000000000000
0.726073791020857 -0.006567869257960 0.000000000000000
0.721681379638606 0.006203743662466 0.000000000000000
0.963400421275574 0.014773631160251 0.000000000000000
0.740670782886006 -0.005484056778856 0.000000000000000
0.745300359835866 0.460181559881723 0.000000000000000
0.404372854047446 0.004806881036335 0.000000000000000
0.641247798034138 0.002633182888799 0.000000000000000
0.745760507011270 0.003304587495661 0.000000000000000
0.538408955367353 0.024797469919489 0.000000000000000
0.554343498676255 -0.051402631326416 0.000000000000000
0.809656412311207 -0.010032362673730 0.000000000000000
0.342957287252668 0.002295570720282 0.000000000000000
0.687321805269676 -0.009747626324686 0.000000000000000
0.687008047295299 0.003249918864398 0.000000000000000
1.043685501549965 -0.191544375567828 0.000000000000000
1.022926405272095 -0.027879889071482 0.000000000000000
0.874043029236644 -0.137360275145748 0.000000000000000
0.771043170445784 -0.011924439799836 0.000000000000000
0.959189677656363 -0.244207984912974 0.000000000000000
0.956412255556927 -0.031511503392459 0.000000000000000
0.651174291208233 -0.291678700453036 0.000000000000000
0.739359848089307 -0.002103270510716 0.000000000000000
0.741383068035660 -0.002450926956652 0.000000000000000
0.458128555646444 -0.008273366636423 0.000000000000000
0.748198117058151 -0.003781490540596 0.000000000000000
0.739894607271771 0.002937818076172 0.000000000000000
0.722682026262799 0.012723203235980 0.000000000000000
0.715572110905970 -0.004785418528262 0.000000000000000
0.598547876019575 -0.004969071171071 0.000000000000000
0.622414207787306 -0.410929536644237 0.000000000000000
0.716080450869107 -0.236453504309708 0.000000000000000
0.750791463710062 -0.119053095281607 0.000000000000000
0.967304626938395 0.000526318615546 0.000000000000000
0.908714636863921 -0.018057168725024 0.000000000000000
0.757367832616568 -0.018136921294148 0.000000000000000
0.763427699010481 -0.013661267858355 0.000000000000000
0.763322577256813 -0.016042023715834 0.000000000000000
0.868570330754896 0.064455187180309 0.000000000000000
0.929921695437132 -0.016922781089800 0.000000000000000
0.101788595941007 0.068237227311987 0.000000000000000
0.745264619115232 0.009247167967933 0.000000000000000
0.875841534992406 0.066000164101225 0.000000000000000
0.838904390521273 0.032745647273708 0.000000000000000
0.331633921822623 0.000684532615435 0.000000000000000
0.751683391486124 -0.017367927208971 0.000000000000000
0.951401097203749 0.007582911461688 0.000000000000000
0.994708535872236 0.014220110857681 0.000000000000000
0.344368236757469 0.001617222470641 0.000000000000000
0.342654898962910 -0.001839845691186 0.000000000000000
0.646905609128120 -0.046598805261942 0.000000000000000
0.737880306322690 -0.052018001024405 0.000000000000000
0.740120960640311 0.233558174781538 0.000000000000000
0.810481389431817 0.155944239228330 0.000000000000000
0.705882978743051 0.163305506086649 0.000000000000000
0.755955128635762 -0.012465267260160 0.000000000000000
0.748825688188589 -0.012771299702475 0.000000000000000
0.099245500612292 0.010352273076570 0.000000000000000
0.731109042182217 0.002239270454412 0.000000000000000
0.265264723369054 -0.430995086118431 0.000000000000000
0.850743255498388 0.123434670577335 0.000000000000000
0.612678143525459 -0.252900322220541 0.000000000000000
0.747013599990162 0.000940756131053 0.000000000000000
0.760839908935316 -0.012336031481945 0.000000000000000
0.324137397078876 -0.002185209433730 0.000000000000000
0.635906364557120 -0.006298059206554 0.000000000000000
0.632802714344335 0.006190638654526 0.000000000000000
0.322160958173732 0.002342739146082 0.000000000000000
0.906330785242171 0.120972533518834 0.000000000000000
0.663819428557155 -0.002966662241234 0.000000000000000
0.634277164728373 0.018194810914933 0.000000000000000
0.579399153424363 -0.008667844275512 0.000000000000000
0.743218622165030 0.002109074650874 0.000000000000000
0.740665097278008 0.000909590145559 0.000000000000000
0.740936506052121 0.001104524027754 0.000000000000000
0.692609702325429 -0.040138716880694 0.000000000000000
0.612818092779360 -0.030208572699453 0.000000000000000
0.727320860073423 0.003617827257202 0.000000000000000
0.727455332753192 0.002189471027399 0.000000000000000
0.723248079792278 -0.002717817963262 0.000000000000000
0.723472387226861 -0.004041811889027 0.000000000000000
0.729533609132317 0.003147336418726 0.000000000000000
0.768311738607697 -0.014866906407774 0.000000000000000
0.311956878402923 -0.000302958180651 0.000000000000000
0.313535740958719 0.000304589683611 0.000000000000000
0.935699948387774 0.002887045046111 0.000000000000000
0.700551187351180 -0.032134281236370 0.000000000000000
0.733672189779831 -0.037258759078628 0.000000000000000
0.494630723923840 0.016618460639540 0.000000000000000
0.941110407279031 -0.013865559704452 0.000000000000000
0.754632563863842 0.015789850806299 0.000000000000000
0.757155792162532 0.018087933020927 0.000000000000000
0.757669612446770 -0.037294399920115 0.000000000000000
0.946062423639942 0.172646885229312 0.000000000000000
0.735977398116179 0.003985681137855 0.000000000000000
0.725646985276896 0.004912963130162 0.000000000000000
0.772744742082475 -0.015334637794852 0.000000000000000
0.754580180163469 0.007475976806525 0.000000000000000
0.753069319803471 0.011760117012412 0.000000000000000
0.737708506516610 -0.000900348072140 0.000000000000000
0.738970245342670 -0.002682698559787 0.000000000000000
0.743870180478852 -0.004023797595333 0.000000000000000
0.693975042214480 -0.003824118552627 0.000000000000000
0.689092475561509 0.003494806781063 0.000000000000000
0.148879082485013 0.002389806264930 0.000000000000000
0.154632639286936 0.005419821903259 0.000000000000000
0.292616506283981 0.003157952263717 0.000000000000000
0.398149701738724 -0.010047868190128 0.000000000000000
0.460488275606151 0.000288431217320 0.000000000000000
0.903350327171291 -0.098896771136737 0.000000000000000
0.954038064141858 -0.186062442447833 0.000000000000000
0.616812815702073 -0.012835395435484 0.000000000000000
0.685168397671092 -0.015717924523518 0.000000000000000
0.203750816685036 -0.006235144150371 0.000000000000000
0.747313425819205 -0.000010611299264 0.000000000000000
0.747941870778068 0.000213647414681 0.000000000000000
0.284554951222816 0.000696646899384 0.000000000000000
0.913006736119724 -0.022131711399392 0.000000000000000
0.731945853902443 0.002441130833134 0.000000000000000
0.733005615787935 -0.001826682683441 0.000000000000000
0.715206574345596 -0.005429863291086 0.000000000000000
0.733490131943940 -0.005756876178638 0.000000000000000
0.732472067104826 0.005261007409484 0.000000000000000
0.715551461599049 0.004507320468954 0.000000000000000
0.670173019468372 -0.013396922992738 0.000000000000000
0.621301489518498 -0.017337033659029 0.000000000000000
0.738468962318796 -0.001344311412177 0.000000000000000
0.711110248927338 -0.495752023785998 0.000000000000000
0.569284054613508 -0.680501439094859 0.000000000000000
0.306921911746045 -0.000379879557209 0.000000000000000
0.299538474259722 -0.000991295289080 0.000000000000000
0.741957404192889 0.025622150849387 0.000000000000000
0.685292549845457 0.027535301567518 0.000000000000000
0.870591795945229 0.354079362976382 0.000000000000000
0.893594609571735 0.215488215400627 0.000000000000000
0.735349806560896 -0.003855702578115 0.000000000000000
0.740028917612792 -0.007080017943274 0.000000000000000
0.738045737950422 -0.007500754130013 0.000000000000000
0.735963736813732 -0.006903141843237 0.000000000000000
0.938843507839895 0.004125686278075 0.000000000000000
0.936023336037902 -0.012927513446639 0.000000000000000
0.725372828261632 -0.028372674135113 0.000000000000000
0.735074590426065 -0.008418469218644 0.000000000000000
0.738872403833839 -0.008402264437322 0.000000000000000
0.721377247645661 -0.003109968580492 0.000000000000000
0.639441980754387 -0.003610469576772 0.000000000000000
0.637050437372096 0.003175023242036 0.000000000000000
0.720521797040681 0.002519720832934 0.000000000000000
0.557750003684368 0.257643395414853 0.000000000000000
0.504459360899805 0.399890488387354 0.000000000000000
0.738033186045447 -0.003773591877331 0.000000000000000
1.001400429494141 0.294603670905647 0.000000000000000
0.950664241072211 0.282729533162647 0.000000000000000
0.745846359987463 -0.006416714890120 0.000000000000000
0.747528109449295 -0.004806999208199 0.000000000000000
0.740235638393121 0.003748897178113 0.000000000000000
0.743235127165013 0.000525741421794 0.000000000000000
0.352090843715318 -0.001837436634503 0.000000000000000
0.350773030308057 0.001685696915337 0.000000000000000
0.474218563858721 -0.003001750913650 0.000000000000000
0.723268402342067 -0.002879326289118 0.000000000000000
0.764636306086643 -0.011415103812851 0.000000000000000
0.763595710064888 -0.008217171733011 0.000000000000000
0.251828702069172 -0.000784947658012 0.000000000000000
0.739740016193008 0.004114495449778 0.000000000000000
0.290078204997191 0.000259626433027 0.000000000000000
0.286492712257955 -0.000281161517547 0.000000000000000
0.714159863975890 -0.001835992687210 0.000000000000000
0.745486122148220 -0.003762074791232 0.000000000000000
0.739206299975086 0.003017255949544 0.000000000000000
0.708697157821243 0.001378468305522 0.000000000000000
0.749413925028604 -0.000796943097476 0.000000000000000
0.789769831509752 0.000213396661963 0.000000000000000
0.615270060885500 -0.000154865451604 0.000000000000000
0.610513565544488 -0.000150700818839 0.000000000000000
0.671696128414323 0.273355482076033 0.000000000000000
0.646714094971815 -0.015459512601773 0.000000000000000
0.670202874293199 -0.016532127292853 0.000000000000000
0.680635618467991 -0.025691275038710 0.000000000000000
0.746883684501387 0.021360598994727 0.000000000000000
0.745665813678633 -0.002054964288512 0.000000000000000
0.588418783122202 -0.575358817596214 0.000000000000000
0.728759346283803 -0.615692975142923 0.000000000000000
0.491585383134442 -0.344927837662645 0.000000000000000
0.434154547327880 -0.551781676156212 0.000000000000000
0.657373267279235 -0.108028581719472 0.000000000000000
0.503938657753958 -0.012139743518737 0.000000000000000
0.229177177530132 0.005418752915651 0.000000000000000
0.017023555766219 0.008544698051254 0.000000000000000
0.828203340627178 -0.082582207811239 0.000000000000000
0.720018747156558 0.023751678847254 0.000000000000000
0.744619618868610 -0.008102979952744 0.000000000000000
0.742295424105306 -0.007028824508841 0.000000000000000
0.995031156387843 0.034923817583482 0.000000000000000
0.866833636770510 0.241852740750922 0.000000000000000
0.599014842088220 -0.001465683538495 0.000000000000000
0.337590130820053 0.036561289107264 0.000000000000000
0.367401149354255 0.030427038551554 0.000000000000000
0.742557212097095 0.000375674896235 0.000000000000000
0.744153966916092 0.001073781614650 0.000000000000000
0.741642406502240 -0.001839344445568 0.000000000000000
0.740938876812512 -0.001425482580912 0.000000000000000
0.806094551097224 -0.100142977818603 0.000000000000000
0.235455931482703 0.018577270217797 0.000000000000000
0.748261133227846 -0.000849493082331 0.000000000000000
0.746873089544783 -0.001554796367996 0.000000000000000
0.424405571726437 0.019467827162376 0.000000000000000
0.752889152179670 -0.025808317057301 0.000000000000000
0.896476885541931 0.134467079193017 0.000000000000000
0.414909945813243 0.079936317860012 0.000000000000000
0.366560255868439 0.041531830043021 0.000000000000000
0.542459063539532 0.096294309982129 0.000000000000000
0.620999873185042 0.154555745553558 0.000000000000000
0.652263454197842 0.204888064373417 0.000000000000000
0.730869817565980 -0.006014522334729 0.000000000000000
0.731114281366322 -0.008371357008108 0.000000000000000
0.728098355696591 -0.007107166296179 0.000000000000000
0.740864400811026 -0.006711406909682 0.000000000000000
0.467389641725445 0.058818170037708 0.000000000000000
0.359930431954876 -0.003642694812422 0.000000000000000
0.372070355280423 0.001937628415613 0.000000000000000
0.536841068810399 -0.208781733174769 0.000000000000000
0.846996946790250 -0.190399475419497 0.000000000000000
0.738492062568790 0.009883089409229 0.000000000000000
0.753688221242086 -0.002557459360679 0.000000000000000
0.787095926518346 -0.017725844754254 0.000000000000000
0.781839182638639 -0.011802913955332 0.000000000000000
0.787762818940161 -0.010119959735115 0.000000000000000
0.642813625518750 0.161140401170990 0.000000000000000
0.737257567813769 -0.001118280476705 0.000000000000000
0.818907208003961 0.325901105371849 0.000000000000000
0.528869082238660 0.044948647686342 0.000000000000000
0.738923894856421 -0.000124888736836 0.000000000000000
0.746736089799311 -0.007182727747593 0.000000000000000
0.725387697719139 0.004561206597383 0.000000000000000
0.722433669609788 0.001987206820046 0.000000000000000
0.731530529266268 -0.002573747606799 0.000000000000000
0.731540879041642 0.002029285999578 0.000000000000000
0.733392861772089 0.004032425615794 0.000000000000000
0.827276416209502 -0.487072847032233 0.000000000000000
0.739342261075333 -0.007504774864638 0.000000000000000
0.110403848967210 0.001413020333318 0.000000000000000
0.776362562925953 -0.014621068932316 0.000000000000000
0.731201739853926 0.005574063124831 0.000000000000000
0.722271063782274 -0.007212026156561 0.000000000000000
0.722842164819722 -0.005067308725653 0.000000000000000
0.734547930191295 0.005647623447800 0.000000000000000
0.239948925069120 0.007692334446255 0.000000000000000
0.315594414906229 0.023396953176469 0.000000000000000
0.344963763093953 0.032792185057602 0.000000000000000
0.743047701754529 -0.003771083841006 0.000000000000000
0.716039672930144 0.013137453615976 0.000000000000000
0.701155052868926 0.013770663743655 0.000000000000000
0.728258675178649 0.011644909889660 0.000000000000000
0.754900805843356 -0.001438646432572 0.000000000000000
0.753712640250599 0.001473711420411 0.000000000000000
0.743241500767939 0.000411375826171 0.000000000000000
0.742795782896733 -0.002251468200707 0.000000000000000
0.720371944844299 -0.002197645632105 0.000000000000000
0.120975540637777 0.002295724808375 0.000000000000000
0.128326201553492 0.003238653069965 0.000000000000000
0.683287043482331 0.010920932100921 0.000000000000000
0.996781523621419 -0.258645436458893 0.000000000000000
1.058970118749856 -0.274369804560117 0.000000000000000
0.747024156873182 -0.000730888631353 0.000000000000000
0.743975811305649 0.003075431192197 0.000000000000000
0.725348007038923 -0.002733709381169 0.000000000000000
0.728387231686911 -0.002516840143156 0.000000000000000
0.379718349012134 -0.031171558496934 0.000000000000000
0.746203162780394 -0.003716189869855 0.000000000000000
0.743952077304129 -0.003756663143700 0.000000000000000
0.385320467280333 0.486910335685121 0.000000000000000
0.819795531448769 0.483386794177869 0.000000000000000
0.826714041267079 0.018225764862823 0.000000000000000
0.788361758670521 -0.004666349555655 0.000000000000000
0.734628130534659 0.003610786682496 0.000000000000000
0.073141464803801 -0.061419894844439 0.000000000000000
0.730488458013308 -0.004375539462040 0.000000000000000
0.747461069702896 -0.007893783667962 0.000000000000000
0.659389339070328 -0.001712337954882 0.000000000000000
0.958035229426160 0.198933130192489 0.000000000000000
0.932350345916657 0.172561639650260 0.000000000000000
0.744454482146206 -0.008296907716094 0.000000000000000
0.733333150947246 -0.005716212663368 0.000000000000000
0.418294029547645 -0.212201236601105 0.000000000000000
0.745091672499252 0.000088290050502 0.000000000000000
1.003439463796882 -0.221352751931404 0.000000000000000
1.009819947737133 0.111962988065853 0.000000000000000
0.968960638972696 0.138078688845137 0.000000000000000
0.737648022653027 0.004758992966255 0.000000000000000
0.740036736709388 -0.007348623056500 0.000000000000000
0.896380379459427 0.087361156714942 0.000000000000000
0.739662853591563 -0.003218464577328 0.000000000000000
0.711192134602807 0.639767990711080 0.000000000000000
0.553340266008461 0.580602122714679 0.000000000000000
0.927183614263330 0.120568151856696 0.000000000000000
0.874498779926432 0.169308807879113 0.000000000000000
0.775929790018170 -0.022637744864643 0.000000000000000
0.783364299499553 -0.025352691678553 0.000000000000000
0.782943996596388 -0.031590140114596 0.000000000000000
0.596779921720918 0.000423855553844 0.000000000000000
0.757824466774512 0.008157659017247 0.000000000000000
0.739202626584482 -0.004145033586354 0.000000000000000
0.818719739427678 0.011609926091194 0.000000000000000
0.959906090436107 0.217753749533354 0.000000000000000
0.882441830603953 0.022102841640728 0.000000000000000
0.738156430789676 -0.002972116555531 0.000000000000000
0.529923438157104 0.630598982094386 0.000000000000000
0.767550742839911 -0.041061787384979 0.000000000000000
0.848647016004840 0.031132330078914 0.000000000000000
0.792438072343973 0.535067115092209 0.000000000000000
0.774388261053845 -0.018140113285317 0.000000000000000
0.658152396599806 0.228593957551423 0.000000000000000
0.742889878274550 -0.000853018433964 0.000000000000000
0.741467558376749 -0.000390063382895 0.000000000000000
0.987149503434216 0.253500459186494 0.000000000000000
0.744627773652935 -0.002133429332159 0.000000000000000
0.738651768650816 0.006345209156522 0.000000000000000
0.776924208546353 0.006692392754983 0.000000000000000
0.936090756131280 -0.130923577932281 0.000000000000000
0.735685148499294 0.015645745495375 0.000000000000000
0.738436796762661 -0.001751048513857 0.000000000000000
1.025638325179084 -0.144531704390872 0.000000000000000
0.740160421711628 -0.002906447800794 0.000000000000000
0.740573117553355 0.003714596080074 0.000000000000000
0.743638541617415 -0.000327843362175 0.000000000000000
0.963151270714251 0.206832611717047 0.000000000000000
0.744736645770554 -0.001800251705494 0.000000000000000
0.651928377698668 0.083855563297739 0.000000000000000
0.741611291557843 -0.001057110830290 0.000000000000000
0.267947775980988 0.016635386932484 0.000000000000000
0.735949896183762 -0.001277813515939 0.000000000000000
0.910140660726472 -0.069757190210723 0.000000000000000
0.680877789066744 -0.244776884461921 0.000000000000000
0.765154950383633 0.042572301304109 0.000000000000000
0.741832038171910 -0.008651874611152 0.000000000000000
0.992237481599558 -0.313236357862380 0.000000000000000
0.970098413939304 0.044841069863642 0.000000000000000
1.035390864701370 -0.265162771982190 0.000000000000000
