$MeshFormat
2.2 0 8
$EndMeshFormat
$Nodes
1808
1 0 0 0
2 3 0 0
3 3 1 0
4 0 1 0
5 1.4 0.5 0
6 1.6 0.5 0
7 0.09999999999955492 0 0
8 0.1999999999991203 0 0
9 0.2999999999987617 0 0
10 0.3999999999983593 0 0
11 0.4999999999978253 0 0
12 0.5999999999974546 0 0
13 0.6999999999970983 0 0
14 0.799999999996742 0 0
15 0.8999999999963859 0 0
16 0.9999999999960294 0 0
17 1.099999999995673 0 0
18 1.199999999995317 0 0
19 1.299999999994961 0 0
20 1.399999999994604 0 0
21 1.499999999994292 0 0
22 1.599999999994632 0 0
23 1.699999999995016 0 0
24 1.799999999995399 0 0
25 1.899999999995782 0 0
26 1.999999999996166 0 0
27 2.099999999996549 0 0
28 2.199999999996932 0 0
29 2.299999999997316 0 0
30 2.3999999999977 0 0
31 2.499999999998083 0 0
32 2.599999999998466 0 0
33 2.69999999999885 0 0
34 2.799999999999233 0 0
35 2.899999999999617 0 0
36 0.04999999999977876 0 0
37 0.1499999999993352 0 0
38 0.2499999999989435 0 0
39 0.3499999999985813 0 0
40 0.4499999999980924 0 0
41 0.5499999999976388 0 0
42 0.6499999999972923 0 0
43 0.7499999999969308 0 0
44 0.8499999999965604 0 0
45 0.9499999999962077 0 0
46 1.049999999995849 0 0
47 1.149999999995503 0 0
48 1.249999999995159 0 0
49 1.349999999994759 0 0
50 1.44999999999444 0 0
51 1.549999999994452 0 0
52 1.649999999994823 0 0
53 1.749999999995197 0 0
54 1.849999999995598 0 0
55 1.949999999995967 0 0
56 2.049999999996357 0 0
57 2.14999999999672 0 0
58 2.249999999997114 0 0
59 2.349999999997518 0 0
60 2.449999999997866 0 0
61 2.54999999999825 0 0
62 2.649999999998633 0 0
63 2.749999999999004 0 0
64 2.84999999999943 0 0
65 2.949999999999854 0 0
66 3 0.09999999999981467 0
67 3 0.1999999999995579 0
68 3 0.2999999999992664 0
69 3 0.3999999999989749 0
70 3 0.4999999999986943 0
71 3 0.5999999999989468 0
72 3 0.69999999999921 0
73 3 0.7999999999994734 0
74 3 0.8999999999997368 0
75 3 0.04999999999989927 0
76 3 0.1499999999997036 0
77 3 0.2499999999994121 0
78 3 0.3499999999991207 0
79 3 0.4499999999988346 0
80 3 0.5499999999988205 0
81 3 0.6499999999990784 0
82 3 0.7499999999993416 0
83 3 0.8499999999996051 0
84 3 0.9499999999998684 0
85 2.900000000001199 1 0
86 2.800000000002174 1 0
87 2.700000000001933 1 0
88 2.600000000002023 1 0
89 2.500000000003165 1 0
90 2.400000000003 1 0
91 2.300000000002719 1 0
92 2.200000000002438 1 0
93 2.100000000002157 1 0
94 2.000000000001934 1 0
95 1.900000000002364 1 0
96 1.800000000002824 1 0
97 1.700000000003284 1 0
98 1.600000000003743 1 0
99 1.500000000004159 1 0
100 1.400000000003922 1 0
101 1.300000000003642 1 0
102 1.200000000003362 1 0
103 1.100000000003082 1 0
104 1.000000000002801 1 0
105 0.900000000002521 1 0
106 0.8000000000022411 1 0
107 0.7000000000019608 1 0
108 0.600000000001681 1 0
109 0.5000000000014007 1 0
110 0.4000000000011208 1 0
111 0.30000000000084 1 0
112 0.2000000000005602 1 0
113 0.1000000000002803 1 0
114 2.950000000000586 1 0
115 2.850000000001705 1 0
116 2.750000000002092 1 0
117 2.650000000001951 1 0
118 2.550000000002569 1 0
119 2.450000000003063 1 0
120 2.350000000002855 1 0
121 2.25000000000257 1 0
122 2.150000000002304 1 0
123 2.05000000000207 1 0
124 1.950000000002129 1 0
125 1.850000000002584 1 0
126 1.750000000003031 1 0
127 1.650000000003501 1 0
128 1.550000000003954 1 0
129 1.450000000004078 1 0
130 1.350000000003807 1 0
131 1.250000000003511 1 0
132 1.150000000003261 1 0
133 1.05000000000292 1 0
134 0.9500000000026811 1 0
135 0.8500000000023609 1 0
136 0.7500000000021734 1 0
137 0.6500000000018611 1 0
138 0.5500000000015239 1 0
139 0.4500000000012605 1 0
140 0.3500000000009442 1 0
141 0.2500000000006843 1 0
142 0.150000000000337 1 0
143 0.05000000000018279 1 0
144 0 0.8999999999995836 0
145 0 0.7999999999999998 0
146 0 0.7000000000006934 0
147 0 0.6000000000013869 0
148 0 0.5000000000020587 0
149 0 0.4000000000016644 0
150 0 0.3000000000012483 0
151 0 0.2000000000008322 0
152 0 0.100000000000416 0
153 0 0.9499999999998356 0
154 0 0.8499999999998515 0
155 0 0.7500000000003858 0
156 0 0.6500000000010593 0
157 0 0.5500000000016854 0
158 0 0.4500000000018616 0
159 0 0.3500000000014563 0
160 0 0.2500000000010403 0
161 0 0.1500000000006241 0
162 0 0.05000000000020799 0
163 1.429289321881033 0.4292893218816575 0
164 1.499999999999471 0.3999999999999999 0
165 1.570710678118625 0.4292893218813151 0
166 1.407612046748789 0.46173165676369 0
167 1.461731656762993 0.4076120467490774 0
168 1.538268343236371 0.4076120467488142 0
169 1.592387953251114 0.4617316567634555 0
170 1.570710678118964 0.5707106781183462 0
171 1.500000000000538 0.6000000000000001 0
172 1.429289321881397 0.5707106781187064 0
173 1.592387953251184 0.5382683432363746 0
174 1.538268343236978 0.5923879532509346 0
175 1.461731656763723 0.5923879532512247 0
176 1.407612046748883 0.5382683432365383 0
177 0.9080650370168221 0.5008416952525725 0
178 2.09182414924939 0.5012348970648102 0
179 2.533004363317936 0.5409581591507249 0
180 0.4669956366828172 0.5409581591501605 0
181 1.162385074260029 0.3671130603061599 0
182 1.158029067206149 0.6424960362287161 0
183 1.837775220312547 0.6330684185164879 0
184 1.841833424818276 0.3576516679678832 0
185 0.647120290117049 0.3113455725705656 0
186 2.352879709883655 0.3113455725704978 0
187 0.2964285714287318 0.2964285714287613 0
188 2.700717085639718 0.2875774919861309 0
189 0.6941532071289585 0.7097018931411572 0
190 2.30584679287105 0.7097018931414305 0
191 0.2624999999989165 0.7375000000012751 0
192 2.737500000001877 0.7375000000015358 0
193 0.9263649520900744 0.2574499405974464 0
194 2.074973403956942 0.2556130514325354 0
195 1.61729540169653 0.7831761495758635 0
196 1.382704598303501 0.2168238504242028 0
197 1.606091320145045 0.2113508366506279 0
198 1.393908679855016 0.7886491633493343 0
199 2.069179871165503 0.7702297859785288 0
200 0.930532026552011 0.7703852361723995 0
201 0.2310274222540748 0.5116433154394831 0
202 2.782311032671147 0.5056040285909598 0
203 2.517397118881196 0.7770497742242926 0
204 0.4826028811191579 0.7770497742249002 0
205 0.4774664620250663 0.2026404790844673 0
206 2.522533537975316 0.2026404790837701 0
207 0.6483795150889589 0.5116155368635738 0
208 2.351620484911659 0.5116155368635846 0
209 1.228192667727788 0.1728340042591854 0
210 1.76998342647155 0.8282372884497621 0
211 1.229988109239095 0.8281152238907975 0
212 1.771831459148033 0.1729616503247895 0
213 1.247567838375876 0.499417742006228 0
214 1.752432161624123 0.5005822579938054 0
215 1.072549617854304 0.4992194048015204 0
216 1.927403891321593 0.5021598493644339 0
217 1.301952869964648 0.3458690702013868 0
218 1.698047130035343 0.6541309297986435 0
219 1.301952869965091 0.6541309297999394 0
220 1.698047130034915 0.3458690702000642 0
221 0.7837003417348637 0.1860762720832242 0
222 2.216299658265438 0.186076272083073 0
223 0.4889854847722867 0.3783169893865641 0
224 2.51101451522937 0.3783169893867511 0
225 0.1676162328523156 0.168056541339958 0
226 2.832383767147495 0.1680565413399712 0
227 0.8095075975677359 0.3598737428427458 0
228 2.190551765281511 0.3599275331841571 0
229 0.7926453667473987 0.8379447262749336 0
230 2.207354633252409 0.8379447262747987 0
231 1.046728392197924 0.146911168703771 0
232 1.953290948221145 0.1469709820702057 0
233 0.154310062602331 0.3723957694834738 0
234 2.842843542143395 0.3649550208402407 0
235 0.1519206672291007 0.8459788689154673 0
236 2.848079332771484 0.8459788689152281 0
237 1.054878849562421 0.853216386748995 0
238 1.945121150438627 0.853216386749045 0
239 0.8403140594527997 0.6420944371620463 0
240 2.159562778687555 0.642114020431238 0
241 1.004940995499837 0.6311312377163092 0
242 2.378017019706275 0.8547504263220931 0
243 0.6219829802939862 0.8547504263222203 0
244 1.994359613453558 0.6324622933176196 0
245 1.994651404581966 0.3691020396630266 0
246 1.500000000001049 0.7291426671591564 0
247 1.499999999999034 0.2708573328408285 0
248 1.005978922114555 0.3677340231154928 0
249 0.3346854161676412 0.1486536969244962 0
250 2.673506313000541 0.1498215249566581 0
251 0.146016396187119 0.6405596072795264 0
252 2.853983603813462 0.6405596072794262 0
253 2.64526920043166 0.8564505335591295 0
254 0.3547307995683958 0.8564505335598018 0
255 1.514492938654759 0.8696774904529988 0
256 1.485507061345249 0.1303225095470077 0
257 0.6161238977847342 0.1481171690039088 0
258 2.383876102215621 0.1481171690041535 0
259 0.5576468211743439 0.6548612127344444 0
260 2.442353178825824 0.6548612127346025 0
261 0.3517873449776247 0.4335935656376238 0
262 2.646638405972882 0.4371145315656776 0
263 0.321707406371153 0.6035353138161272 0
264 2.678292593629674 0.6035353138164383 0
265 1.409646352673896 0.6597647578998532 0
266 1.407621423163926 0.3382352399504879 0
267 1.590353647326133 0.3402352421001507 0
268 1.592378576836091 0.6617647600495078 0
269 0.8833048976551287 0.1274465572232817 0
270 2.116695102344687 0.1274465572229094 0
271 1.315941706808665 0.123750064870306 0
272 1.680549976710078 0.8756542060071888 0
273 1.308919837511045 0.8836142894695315 0
274 1.692512664328313 0.1048924217223639 0
275 0.773163122428471 0.5363474178983155 0
276 2.226759630615319 0.5363070315131885 0
277 1.068426506827326 0.7339464285001051 0
278 1.91797641946554 0.7389344273843651 0
279 2.040425795489222 0.8618986677637611 0
280 0.9594965613942053 0.8619673911437721 0
281 1.929780443786564 0.2667306487980375 0
282 1.083518438282117 0.2624527779089648 0
283 1.310240579208346 0.5684857309059639 0
284 1.310240579208074 0.4313201830968954 0
285 1.689759420791664 0.4315142690940548 0
286 1.689759420791913 0.5686798169031161 0
287 0.4264864278224805 0.689884139403779 0
288 2.573513572178394 0.6898841394038496 0
289 0.1146606626885817 0.4790456910902027 0
290 2.882531357756047 0.4897582034891328 0
291 2.548187800594997 0.9043356263967202 0
292 0.4518121994063171 0.9043356263974567 0
293 1.274584817825031 0.2608999888595126 0
294 1.722424953287965 0.7436870326385561 0
295 1.277572626281335 0.7436766529999255 0
296 1.725418054420323 0.2609151848191466 0
297 0.405501321506005 0.2936965043827793 0
298 2.581742564248861 0.2866049635642868 0
299 2.899030839530094 0.2630794612635671 0
300 0.1006787119742839 0.2638387213297823 0
301 0.7054203828622015 0.4083135336797749 0
302 2.294582707665933 0.4083163340931105 0
303 0.09259339532646277 0.7423749709231038 0
304 2.907406604674018 0.7423749709226312 0
305 0.5393637350766225 0.4800246803579489 0
306 2.460636264924371 0.4800246803581494 0
307 2.743075035213758 0.8980624981514601 0
308 0.2569249647877215 0.8980624981517261 0
309 1.233586889205806 0.4050375137929264 0
310 1.231396754195997 0.5932066352531226 0
311 1.766439826556287 0.5949927326775431 0
312 1.768603245804037 0.4067933647468893 0
313 1.593517065046628 0.1293748665019391 0
314 1.405433467450378 0.8657167341032055 0
315 0.4284827209656615 0.1020236600188658 0
316 2.551040847770085 0.093088111302081 0
317 1.139059687818632 0.09839081689192934 0
318 1.86094031218066 0.09839081689418376 0
319 1.858826141880866 0.9052207038971436 0
320 1.141141327503586 0.9050812015440582 0
321 0.545612645103055 0.2863880707242113 0
322 2.454387354898167 0.2863880707244428 0
323 1.156463854635664 0.5467522314723832 0
324 1.843460023378639 0.4535025068277659 0
325 0.9074114985842263 0.3993809235680998 0
326 0.7003296779037511 0.5978287905093263 0
327 2.299665395632573 0.5978262148470921 0
328 2.092620960261712 0.4000705957887766 0
329 0.2494280218894267 0.09397948261197488 0
330 2.749240761408376 0.09350369640042819 0
331 0.3680574845156924 0.768136045651403 0
332 2.631942515484987 0.7681360456512203 0
333 0.8259337319221521 0.2666842572644305 0
334 2.174184219439518 0.2665405700299918 0
335 0.844290015298754 0.7424591283121766 0
336 2.155617203801828 0.7424681858259846 0
337 1.155780057632877 0.4524408255979718 0
338 1.844254239815049 0.5477795415310847 0
339 0.2509304424703727 0.4143643603591871 0
340 2.744184214184082 0.4177755825142192 0
341 0.589864784618064 0.7489594243802944 0
342 2.410135215382109 0.7489594243801766 0
343 2.294825587975383 0.8923861858399607 0
344 0.7051744120256315 0.8923861858398436 0
345 0.599106631806842 0.3975609887753229 0
346 2.400893502275838 0.3975611102703819 0
347 1.169475769558896 0.2759225259413667 0
348 1.829978196846978 0.7251914104056517 0
349 1.191895221177072 0.731165703886303 0
350 1.803817306128211 0.2742963283236887 0
351 2.898802621274343 0.1011973787256663 0
352 0.1011973787255501 0.1011973787255398 0
353 1.596102045981623 0.9113658643097757 0
354 1.403313234604549 0.08853484750312732 0
355 0.701306509364713 0.1192488190153921 0
356 2.298693490634501 0.1192488190155762 0
357 2.081904971165955 0.5939249129553612 0
358 0.9183131123516359 0.59337845334913 0
359 2.025146654874392 0.0867230339362699 0
360 0.9748565685254779 0.0867130650419024 0
361 0.2013704741654556 0.2718360578412967 0
362 2.79763099472093 0.2689942098160036 0
363 0.9912863230530302 0.4538319778185113 0
364 2.008631782718926 0.4554495845330732 0
365 2.140546927145007 0.915222845180129 0
366 0.8594451500898753 0.9152298577695176 0
367 0.5440710356819261 0.1043909866181213 0
368 2.453003759850691 0.103114479658718 0
369 0.5584618422191403 0.9203039614534979 0
370 2.441538157782732 0.9203039614533397 0
371 0.683973922274854 0.2197043828949885 0
372 2.316026077725385 0.2197043828949479 0
373 2.305430846070687 0.8007481936661853 0
374 0.6945691539294545 0.8007481936660876 0
375 1.361343995007868 0.3798846246947109 0
376 1.638656004992125 0.6201153753053008 0
377 1.361681483259962 0.6197496939478174 0
378 1.638318516740053 0.3802503060521874 0
379 0.08463207863848617 0.5700815683132414 0
380 2.917650170316378 0.5737503169655238 0
381 0.3601603020007002 0.5261637186795213 0
382 2.639839697999816 0.5261637186798213 0
383 0.2371528536134662 0.6206010204754083 0
384 2.762387084194701 0.6261307737365823 0
385 0.435930629000517 0.4558319792172122 0
386 2.562337150508614 0.4586264224072028 0
387 2.003806682448873 0.5473305923169569 0
388 0.9961150451921413 0.5456439987203503 0
389 1.078546211524642 0.5884205324038478 0
390 1.254319319584044 0.07541279151593915 0
391 1.767243935371067 0.07802622637993328 0
392 1.922000316008767 0.412280136147873 0
393 1.464637160429254 0.7976205349738123 0
394 1.53518792832029 0.2015613984603789 0
395 0.7991206115168109 0.08572624911718763 0
396 2.200879388482116 0.08572624911706211 0
397 1.880554546821646 0.2096516144757709 0
398 1.920414950655678 0.5883423182828967 0
399 1.116483186252867 0.1964119357564892 0
400 1.078971334121698 0.4123615973000023 0
401 1.744439614984931 0.9252683892132021 0
402 1.231789194183252 0.9190960330686844 0
403 0.5771819192442199 0.5792027108627954 0
404 2.422817376975679 0.5792023429114455 0
405 0.742609377746476 0.2919996268892882 0
406 2.25742068971024 0.2919851108092963 0
407 0.8092913588645629 0.4643309162614687 0
408 2.190618087255186 0.4644475410765326 0
409 1.118285991846294 0.7924800362811395 0
410 1.885456013854169 0.8063181069843448 0
411 2.912199806772894 0.9121998067727144 0
412 0.08780019322726194 0.9121998067727215 0
413 0.2585943089874088 0.1934312220454884 0
414 2.737339425172187 0.1967956390298065 0
415 1.541309625212541 0.7922556938115686 0
416 1.458661222912423 0.2076079617608126 0
417 2.928826187826301 0.3499999999991206 0
418 0.07117381217311559 0.3500000000014563 0
419 0.8772818240164488 0.8255972679345599 0
420 2.122624886170794 0.8255528422046403 0
421 0.9225498034993163 0.6823182507195291 0
422 0.9530436708105807 0.1727322257974124 0
423 2.047192908367504 0.1724060217664221 0
424 2.077080135739431 0.6824756421495404 0
425 0.2307385413353468 0.8044820687771851 0
426 2.769261458665654 0.8044820687770682 0
427 0.3930456247479527 0.2032390123081364 0
428 2.65653780716411 0.2168876983225528 0
429 2.918593709168328 0.1800559506628894 0
430 0.08139116960621173 0.1800954789878909 0
431 1.475284349074183 0.6645713335796754 0
432 1.524715650925832 0.3354286664203298 0
433 1.351980000169246 0.2855022480564263 0
434 1.649919339029576 0.7145118155040665 0
435 1.349093884799175 0.7145543556293912 0
436 1.646867876797456 0.2847837610713173 0
437 1.947875583053629 0.06641696658013187 0
438 1.052128929706747 0.06640301012752055 0
439 1.983615300610444 0.7889452854901655 0
440 1.01784211831689 0.7876545455741792 0
441 0.1817882066367268 0.7160297518452925 0
442 2.816881936183656 0.7204050025463391 0
443 0.3425192318039701 0.06893136791106737 0
444 2.646868330776176 0.07519421908830154 0
445 1.00594539689961 0.2939490391628299 0
446 2.121468325588199 0.3202297733023424 0
447 1.996369754387779 0.2952115621444331 0
448 0.8799489121804236 0.321534039878756 0
449 1.958024922434305 0.9316891706173391 0
450 1.041965709054907 0.9316831519972152 0
451 0.5360627629569988 0.8355309591249251 0
452 2.463937237043152 0.835530959123896 0
453 0.06464837403041358 0.6506032293035904 0
454 2.935808075760772 0.6513369790331476 0
455 0.5597521656432261 0.1979909995577946 0
456 2.439662793463707 0.1977356981657867 0
457 0.4016569942415478 0.3832683917351245 0
458 2.652399685854144 0.3545348829346527 0
459 1.542771838678802 0.06558550598695061 0
460 1.452729777291211 0.9353818479818952 0
461 2.650000000001976 0.9368551126328806 0
462 0.3500000000009805 0.9368551126334177 0
463 1.229332291151136 0.3323467884391176 0
464 1.770189244256505 0.6684978805806332 0
465 1.23202673658171 0.6704415140279769 0
466 1.768125125795921 0.334051854086842 0
467 2.362876153094022 0.9334881147230787 0
468 0.63712384690848 0.9334881147231124 0
469 0.7694775442379417 0.6753900975447982 0
470 2.230485644224903 0.6753944417318284 0
471 2.154114709624387 0.5620229088815703 0
472 0.06810768207765276 0.8383473200652886 0
473 0.1660612030769133 0.9277802406198455 0
474 2.833938796923527 0.9277802406192065 0
475 2.931892317922674 0.8383473200651994 0
476 0.634912046611783 0.6534852202221146 0
477 2.365087660268443 0.653485066973083 0
478 0.8453445616801518 0.5623056135786195 0
479 1.432095071138762 0.7257171354318703 0
480 1.567143914321812 0.2705872517073034 0
481 1.633288687286157 0.06176649652892208 0
482 1.369260227980032 0.9367769059497761 0
483 0.1660264812579242 0.5559632223107671 0
484 2.839772649750347 0.567160586012325 0
485 0.4878286512149713 0.6281443883063298 0
486 0.5008555192822818 0.7015916743007236 0
487 2.499144480718397 0.7015916742998615 0
488 2.512171231488927 0.6281443269811804 0
489 1.992850232836154 0.7133834414951694 0
490 2.593545434270922 0.1654785466846541 0
491 0.2370109166759154 0.3409744327825535 0
492 2.753797944035232 0.3382240329903263 0
493 1.53594220278994 0.6507732304166701 0
494 1.464057797210068 0.3492267695833233 0
495 1.002387000937286 0.7125502871450717 0
496 0.6323002885651852 0.07435139492748445 0
497 2.368630618794412 0.07347832990318677 0
498 0.3291083396048393 0.6794735114962393 0
499 2.670852539461464 0.6799437286104166 0
500 0.1715076000950877 0.07101280694553747 0
501 2.828492399904821 0.07101280694512613 0
502 0.8638379743685001 0.2010073640307439 0
503 2.136162025631695 0.2010073640305651 0
504 2.575583001656405 0.8260105775811885 0
505 0.424416998343896 0.8260105775819994 0
506 0.1843984609153672 0.4487529610075251 0
507 2.828000763210993 0.440933789816767 0
508 1.572807524260954 0.7219373860861388 0
509 1.427504173626366 0.2780422337693469 0
510 0.303338146155001 0.8010670964440202 0
511 2.696661853846095 0.8010670964444023 0
512 0.2968599386192745 0.4852254845393839 0
513 2.705991877769993 0.4882602120675566 0
514 1.074184643029497 0.6694909654839347 0
515 1.323551704428598 0.1934280559357852 0
516 1.676058164863809 0.806880292499887 0
517 1.324370819372986 0.8080683586727003 0
518 1.678874265505256 0.1877504377519758 0
519 0.3128116384482974 0.3695701793387826 0
520 1.336138258248019 0.4998706093348861 0
521 1.663861741751981 0.5001293906651267 0
522 1.342721855158902 0.0575018630742142 0
523 1.657278144840988 0.9424981369251184 0
524 1.914890056582448 0.6672532146507983 0
525 0.3987144606161602 0.6113598718086928 0
526 2.601278999679368 0.6114382311070719 0
527 1.92532789778235 0.3320852979557829 0
528 1.367402430868999 0.44807294780163 0
529 1.632597569130996 0.551927052198378 0
530 1.367469928519545 0.5517633424614749 0
531 1.632530071480465 0.4482366575385368 0
532 0.7202051178588538 0.4907001896458448 0
533 2.279782517945225 0.4907057627639736 0
534 0.7731650738714828 0.9303199593443032 0
535 2.226834117684499 0.9303192437737581 0
536 2.214117631756947 0.6027329234809834 0
537 0.7857257931406231 0.6027932713386212 0
538 2.588558804718357 0.3847941000661082 0
539 1.085848009815395 0.333830292160358 0
540 2.930988683460952 0.4225788542300147 0
541 0.06802890749280566 0.4202882921157712 0
542 0.3276833962176785 0.2280493581459969 0
543 1.537583000834038 0.9405341282882681 0
544 1.462416999166016 0.0594658717123322 0
545 2.236405827236896 0.7607465060386527 0
546 0.7635941727626885 0.7607465060380766 0
547 1.125196797492832 0.7123402445999023 0
548 1.873711100794077 0.2890695747925788 0
549 1.02316924002638 0.216865259187329 0
550 1.976889315176168 0.2166751419060472 0
551 1.400188072949077 0.1601038514282156 0
552 1.59927474627977 0.8398338850835092 0
553 0.9451299363737779 0.328009593264525 0
554 0.9511130020976617 0.9460396813557337 0
555 2.048877310722698 0.946032567340916 0
556 0.2893815845717337 0.5494337705899847 0
557 2.713764457253066 0.5499388093782717 0
558 0.6129509695413665 0.2404034691909325 0
559 2.386989332408621 0.2403774180283168 0
560 2.948816623122082 0.05118337687764286 0
561 0.05118337687751201 0.05118337687793235 0
562 2.05601676975532 0.3280454044662229 0
563 1.873977308156259 0.7320629188950084 0
564 1.872434126714713 0.696222312528225 0
565 1.916433238023994 0.7030938210175817 0
566 2.150439694239333 0.04286312455853106 0
567 2.158787245413402 0.1065864031699858 0
568 2.108347551170618 0.0637232786114547 0
569 0.8916524488257573 0.06372327861164084 0
570 0.8412127545859698 0.1065864031702347 0
571 0.8495603057565984 0.04286312455859381 0
572 0.5115395535640607 0.2445142749043393 0
573 0.47555698330453 0.2900422875534953 0
574 0.4414838917655357 0.2481684917336233 0
575 0.4472434031391458 0.3360067468846717 0
576 0.5172990649376708 0.3323525300553877 0
577 2.552138051112089 0.2446227213240284 0
578 2.518064959573514 0.2864965171443648 0
579 2.488460446436742 0.2445142749041064 0
580 2.482700935063769 0.332352530055597 0
581 2.546378539739115 0.3324609764755189 0
582 1.126497103920507 0.2691876519251658 0
583 1.127661889687146 0.3048764090508624 0
584 1.084683224048756 0.2981415350346614 0
585 1.45228683547779 0.6176410058491908 0
586 1.44246535087404 0.6621680457397643 0
587 1.419467837277646 0.6152377180092798 0
588 1.547713164522229 0.3823589941508224 0
589 1.557534649125983 0.3378319542602403 0
590 1.580532162722379 0.3847622819907329 0
591 1.876332638447497 0.6501608165836431 0
592 1.833876708579762 0.6791299144610699 0
593 1.124116542037712 0.350471676233259 0
594 1.165930421909463 0.3215177931237633 0
595 0.2221441033178216 0.7267648759232839 0
596 0.2094705301250965 0.6683153861603504 0
597 0.2498264268061914 0.6790505102383417 0
598 2.749943542098289 0.6818153868690591 0
599 2.789634510189179 0.6732678881414607 0
600 2.777190968092766 0.7289525012739375 0
601 0.6943611805292065 0.7552250434036224 0
602 0.6422169692737593 0.774853809023191 0
603 0.6420089958735112 0.7293306587607258 0
604 2.357991004126579 0.7293306587608035 0
605 2.357783030726398 0.7748538090231809 0
606 2.305638819470868 0.7552250434038079 0
607 2.481098165719512 0.2001880886247784 0
608 2.4463332766572 0.1504250889122524 0
609 2.487768648913004 0.1528774793712441 0
610 0.5107687488534962 0.1535157328512943 0
611 0.5519116006625761 0.151190993087958 0
612 0.5186093138341462 0.200315739321131 0
613 0.2831305966091527 0.6500372659858238 0
614 0.2958041698018779 0.7084867557487572 0
615 2.70417626973167 0.7087218643059763 0
616 2.716619811828083 0.6530372511734994 0
617 0.1222570312777817 0.7941769199192855 0
618 0.1371908009815948 0.7292023613841981 0
619 0.1668544369329137 0.7810043103803799 0
620 2.83248063447757 0.7831919357307836 0
621 2.862144270428837 0.7313899867344851 0
622 2.877742968722751 0.7941769199189297 0
623 0.2062633739860368 0.7602559103112387 0
624 0.1913296042822238 0.8252304688463261 0
625 2.808670395718569 0.8252304688461482 0
626 2.793071697424655 0.7624435356617036 0
627 0.4529745914953639 0.1523320695516666 0
628 0.4862768783237937 0.1032073233184936 0
629 2.502022303810388 0.0981012954803995 0
630 2.5367871928727 0.1478642951929255 0
631 1.901716216659855 0.7726262671843549 0
632 1.857717105350573 0.7657547586949982 0
633 1.100000812267492 0.229432356832727 0
634 1.142979477905882 0.236167230848928 0
635 0.7495603057569547 0.04286312455859381 0
636 0.7502135604407619 0.1024875340662899 0
637 0.7006532546809057 0.05962440950769606 0
638 2.299346745315908 0.05962440950778811 0
639 2.249786439558309 0.1024875340663192 0
640 2.250439694239716 0.04286312455853106 0
641 0.7995603057567764 0.04286312455859381 0
642 2.200439694239524 0.04286312455853106 0
643 0.3815840685666513 0.125338678471681 0
644 0.4107641728568071 0.1526313361635011 0
645 0.363865520457797 0.1759463546163163 0
646 1.048422279308664 0.8924497693731051 0
647 1.000731135224556 0.8968252715704936 0
648 1.007187705478313 0.8575918889463836 0
649 1.992773472963924 0.8575575272564031 0
650 1.999225358961764 0.8967939191905501 0
651 1.951573036436466 0.8924527786831921 0
652 0.7631548597406699 0.2390379494862562 0
653 0.713291650010665 0.2558520048921383 0
654 0.7338371320048589 0.2028903274891064 0
655 2.266162867995412 0.2028903274890104 0
656 2.286723383717813 0.2558447468521221 0
657 2.236860173987839 0.2390306914461846 0
658 0.9374282842609318 0.0433565325209512 0
659 0.9290807330903033 0.1070798111325921 0
660 2.07092087860954 0.1070847955795897 0
661 2.06257332743547 0.04336151696813495 0
662 0.8048170368285079 0.2263802646738273 0
663 0.784271554834314 0.2793419420768594 0
664 2.215802454574879 0.279262840419644 0
665 2.195241938852478 0.2263084210565324 0
666 0.6059238824560251 0.8018549253512574 0
667 0.6582760671117204 0.827749309994154 0
668 2.341723932888481 0.8277493099941392 0
669 2.394076117544192 0.8018549253511349 0
670 1.512357825462652 0.3677143332101648 0
671 1.487642174537361 0.6322856667898378 0
672 0.674354596496355 0.55472216368645 0
673 0.6387557985739856 0.5885157506860608 0
674 0.6127807171665893 0.5454091238631846 0
675 2.387218930943669 0.545408939887515 0
676 2.361241386304126 0.5885142788792688 0
677 2.325642940272116 0.5547208758553384 0
678 0.5723596384549485 0.3419745297497671 0
679 0.5440460582895643 0.3879389890809435 0
680 2.455954008752604 0.3879390498285665 0
681 2.427640428587003 0.3419745904974124 0
682 2.52409390029908 0.9521678131983601 0
683 2.57409390029851 0.9521678131983601 0
684 0.425906099703719 0.9521678131987283 0
685 0.4759060997038589 0.9521678131987283 0
686 0.6676208622577671 0.6256570053657204 0
687 0.6060469829280015 0.616343965542455 0
688 2.393952518622061 0.6163437049422642 0
689 2.332376527950507 0.6256556409100875 0
690 2.949515419765047 0.2815397306314167 0
691 2.949515419765047 0.2315397306315625 0
692 0.05033935598714197 0.2319193606653072 0
693 0.05033935598714197 0.2819193606655153 0
694 1.44667355954555 0.3892580457324904 0
695 1.418455372522479 0.3837622809160727 0
696 1.435839610186997 0.3437310047669056 0
697 1.553326440454452 0.6107419542675081 0
698 1.581544627477527 0.616237719083927 0
699 1.564160389813015 0.6562689952330889 0
700 2.054802833327362 0.8160642268711449 0
701 2.012020548049833 0.8254219766269633 0
702 2.026397585887973 0.7795875357343471 0
703 1.272067187268226 0.1482920345647457 0
704 1.319746705618631 0.1585890604030456 0
705 1.275872186078193 0.1831310300974853 0
706 1.725266701590814 0.8519457472284755 0
707 1.678304070786944 0.8412672492535379 0
708 1.723020795667679 0.8175587904748245 0
709 1.277179464306041 0.8180917912817489 0
710 1.316645328442015 0.8458413240711159 0
711 1.26945397337507 0.8558647566801645 0
712 1.725352862326644 0.1803560440383827 0
713 1.685693464916785 0.1463214297371698 0
714 1.732172061738173 0.1389270360235767 0
715 0.4253301828174252 0.7725929099381517 0
716 0.3972719561690865 0.7290100925275911 0
717 0.4545446544708192 0.7334669568143396 0
718 2.545455345529795 0.733466956814071 0
719 2.60272804383169 0.7290100925275349 0
720 2.574669817183091 0.7725929099377564 0
721 0.9741870724344504 0.7790198908732894 0
722 0.9886693398555475 0.8248109683589757 0
723 0.9450142939731081 0.8161763136580857 0
724 1.964368225524535 0.8210808361196053 0
725 2.619140185706486 0.2517463309434198 0
726 2.587643999259892 0.2260417551244704 0
727 2.625041620717516 0.1911831225036034 0
728 1.036360483939655 0.8204354661615871 0
729 0.8093994782161494 0.4121023295521072 0
730 0.7573558708633823 0.4363222249706218 0
731 0.7574639902149687 0.3840936382612603 0
732 2.242567236473722 0.3841219336386338 0
733 2.24260039746056 0.4363819375848215 0
734 2.190584926268349 0.4121875371303448 0
735 2.599093900298486 0.9205953695148004 0
736 2.625000000001999 0.9684275563164403 0
737 0.3750000000010506 0.9684275563167089 0
738 0.4009060997036488 0.9205953695154372 0
739 1.39531665844445 0.4045869732881842 0
740 1.384482709085897 0.3590599323225994 0
741 1.604683341555544 0.5954130267118235 0
742 1.615517290914108 0.6409400676774043 0
743 1.385663917966929 0.6397572259238353 0
744 1.395485402570679 0.5952301860332618 0
745 1.614336082033093 0.360242774076169 0
746 1.604514597429339 0.4047698139667512 0
747 2.55803948612312 0.1840595128842121 0
748 0.6237430734479004 0.4545882628194483 0
749 0.6522635073345218 0.4029372612275489 0
750 0.6768999489755803 0.4599645352716743 0
751 2.323101596288796 0.4599659354783475 0
752 2.347738104970885 0.4029387221817462 0
753 2.376256993593748 0.4545883235669833 0
754 0.5938716250827907 0.4958201086107613 0
755 0.5692351834417322 0.4387928345666359 0
756 2.430764883600104 0.4387928953142657 0
757 2.406128374918015 0.495820108610867 0
758 2.157589991244691 0.6922911031286113 0
759 2.11634866977063 0.7124719139877624 0
760 2.118321457213493 0.6622948312903891 0
761 0.8814319314760579 0.6622063439407877 0
762 0.8834199093990351 0.7123886895158529 0
763 0.8423020373757768 0.6922767827371115 0
764 1.291853048311948 0.4996441756705571 0
765 1.323189418728182 0.534178170120425 0
766 1.278904208792111 0.533951736456096 0
767 1.278904208791975 0.4653689625515617 0
768 1.323189418728047 0.4655953962158907 0
769 1.708146951688052 0.5003558243294661 0
770 1.676810581271822 0.4658218298795908 0
771 1.721095791207894 0.4660482635439301 0
772 1.721095791208018 0.5346310374484607 0
773 1.676810581271947 0.5344046037841215 0
774 1.733621967683041 0.03901311318996664 0
775 1.72987829984969 0.09145932405114858 0
776 1.696256332161664 0.05244621086118194 0
777 0.6231134609619455 0.3544532806729442 0
778 0.596366467610052 0.2988668216473884 0
779 2.403633532390911 0.2988668216474703 0
780 2.376886606079746 0.3544533414204398 0
781 2.287182612805579 0.4495110484285421 0
782 2.235200302600205 0.4775766519202531 0
783 0.7647482383617084 0.4775155529536567 0
784 0.7128127503605277 0.4495068616628098 0
785 1.75721152072824 0.876752838831482 0
786 1.712494795847505 0.9004612976101954 0
787 1.270354515847148 0.901355161269108 0
788 1.230888651711174 0.8736056284797409 0
789 1.306096724586361 0.3885946266491411 0
790 1.27191373420694 0.4181788484449109 0
791 1.267769879585227 0.3754532919971566 0
792 1.693903275413628 0.6114053733508797 0
793 1.7280996236741 0.5818362747903296 0
794 1.732243478295815 0.6245618312380933 0
795 1.266674812080544 0.623668782526531 0
796 1.270818666702171 0.5808461830795433 0
797 1.306096724586718 0.6113083303529516 0
798 1.733325187919476 0.3763312174734768 0
799 1.729181333297851 0.419153816920472 0
800 1.693903275413289 0.3886916696470595 0
801 0.4352560433865095 0.2029397456963019 0
802 0.5031796858797198 0.5104914197540548 0
803 0.5582728271604212 0.5296136956103722 0
804 0.5220887779635186 0.560080435006478 0
805 2.477910870146808 0.5600802510310852 0
806 2.441726820950025 0.5296135116347974 0
807 2.496820314121153 0.5104914197544371 0
808 1.239482296285936 0.5463121886296752 0
809 1.240577363790841 0.4522276278995772 0
810 1.76051770371408 0.4536878113703473 0
811 1.759435994090205 0.5477874953356743 0
812 1.241255993655916 0.1241233978875622 0
813 1.285130513196354 0.09958142819312257 0
814 1.76953769725955 0.1254939383523614 0
815 0.8335026196949962 0.1567614146532529 0
816 0.8735714360118143 0.1642269606270128 0
817 0.8237691580516819 0.193541818056984 0
818 2.176230841948566 0.193541818056819 0
819 2.126428563988191 0.1642269606267373 0
820 2.166497380305063 0.1567614146529912 0
821 0.7914104766258373 0.1359012606002059 0
822 2.208589523373777 0.1359012606000676 0
823 0.9965393555762842 0.9388614166764744 0
824 0.9553047817459335 0.9040035362497529 0
825 2.04465155310596 0.9039656175523385 0
826 2.003451116578502 0.9388608689791276 0
827 2.698291950019113 0.386155232724436 0
828 2.703098814944688 0.3463794579624895 0
829 2.748991079109657 0.3779998077522727 0
830 2.727257514837475 0.3129007624882286 0
831 2.67655838574693 0.3210561874603918 0
832 2.908812274349211 0.2215677059632283 0
833 2.959296854584164 0.1900279753312237 0
834 0.04069558480310587 0.1900477394943616 0
835 0.09103494079024783 0.2219671001588366 0
836 0.04629669766323138 0.7211874854618986 0
837 0.04629669766323138 0.7711874854615518 0
838 2.953703302337009 0.7711874854610523 0
839 2.953703302337009 0.7211874854609206 0
840 1.265894597093447 0.9595480165343422 0
841 1.304459918757343 0.9418071447347658 0
842 1.299068261126815 0.2271640223976489 0
843 1.25138874277641 0.216866996559349 0
844 1.699241559075887 0.7752836625692215 0
845 1.746204189879757 0.7859621605441591 0
846 1.253780367760215 0.7858959384453614 0
847 1.30097172282716 0.775872505836313 0
848 1.748624756784178 0.216938417571968 0
849 1.702146159962789 0.2243328112855612 0
850 2.073130003452467 0.7263527140640346 0
851 2.112398537483665 0.7563489859022567 0
852 0.8874110209253825 0.7564221822422881 0
853 0.9265409150256636 0.7263517434459643 0
854 2.647634600216818 0.896652823096005 0
855 2.596728500513328 0.8803930799779248 0
856 0.4032714994873565 0.8803930799786293 0
857 0.3523653997846882 0.8966528230966098 0
858 2.820237268432162 0.3169746153281222 0
859 2.848330917125512 0.2660368355397854 0
860 2.870937190836745 0.3140172410519039 0
861 0.1274943872883075 0.318117245406628 0
862 0.1510245930698698 0.2678373895855395 0
863 0.1778402683838933 0.3221159136623852 0
864 0.3386023239858056 0.1087925324177818 0
865 0.3855009763848158 0.08547751396496658 0
866 0.5141746099244546 0.4291708348722565 0
867 2.48582539007687 0.4291708348724502 0
868 2.095902378668148 0.7978913140915845 0
869 2.081525340830008 0.8437257549842008 0
870 0.918389192705327 0.843782329539166 0
871 0.9039069252842299 0.7979912520534798 0
872 1.031917970453667 0.4765256913100158 0
873 1.035128828587364 0.4330967875592568 0
874 1.075760475988001 0.4557905010507614 0
875 2.721537517607846 0.94903124907573 0
876 2.771537517607966 0.94903124907573 0
877 0.2284624823941408 0.949031249075863 0
878 0.2784624823942807 0.949031249075863 0
879 1.880470156088221 0.04919540844709188 0
880 1.83047015608803 0.04919540844709188 0
881 1.169529843906975 0.04919540844596467 0
882 1.119529843907153 0.04919540844596467 0
883 0.3509649464673684 0.2950625379057703 0
884 0.3591564799771512 0.331633341860781 0
885 0.3046201049385146 0.332999375383772 0
886 0.5325052852295956 0.6036735495845627 0
887 0.4774121439488943 0.5845512737282452 0
888 2.522587797403431 0.5845512430659526 0
889 2.467494304232303 0.6036733349463129 0
890 1.201673948004376 0.4759292838020999 0
891 1.194683473419341 0.4287391696954491 0
892 1.798343200719586 0.5241808997624451 0
893 1.805347033185668 0.5713861371043139 0
894 2.906099903387046 0.9560999033863572 0
895 2.956099903386447 0.9560999033863572 0
896 2.956099903386447 0.9060999033862256 0
897 0.04390009661363097 0.9060999033861525 0
898 0.04390009661363097 0.9560999033863608 0
899 0.09390009661377113 0.9560999033863608 0
900 1.339090032745538 0.9101955977096539 0
901 1.334630113991837 0.9683884529748881 0
902 1.662900675807235 0.08332945912564298 0
903 1.666644343640586 0.03088324826446104 0
904 1.92470210366518 0.4572199927561534 0
905 1.965316049363847 0.4338648603404731 0
906 1.96801783702026 0.4788047169487535 0
907 1.157246460920907 0.5946241338505496 0
908 1.19393030441583 0.5699794333627528 0
909 1.194712910701073 0.6178513357409193 0
910 1.842646724098458 0.4055770873978246 0
911 1.806031634591338 0.4301479357873276 0
912 1.805218335311157 0.3822225163573862 0
913 1.265642580557892 0.3391079293202522 0
914 1.251958554488084 0.2966233886493152 0
915 1.288268843894839 0.3033845295304497 0
916 1.734118187145924 0.6613144051896384 0
917 1.746307098772235 0.7060924566095946 0
918 1.710236041661654 0.6989089812185998 0
919 1.289762748123213 0.6989037913999324 0
920 1.254799681431523 0.7070590835139512 0
921 1.266989803273401 0.6622862219139581 0
922 1.711732592227619 0.3033921275096054 0
923 1.746771590108122 0.2974835194529943 0
924 1.733086127915418 0.3399604621434531 0
925 0.6926402158197835 0.1694766009551903 0
926 0.7425034255497883 0.1526625455493081 0
927 2.25749657444997 0.1526625455493246 0
928 2.307359784179943 0.1694766009552621 0
929 0.6587152035747236 0.1336829940096505 0
930 0.6500489100297942 0.1839107759494487 0
931 2.349951089970503 0.1839107759495507 0
932 2.341284796425061 0.1336829940098649 0
933 0.6123884156149235 0.7012223223012045 0
934 0.6645326268703707 0.6815935566816359 0
935 2.335467226569747 0.6815934800572567 0
936 2.387611437825276 0.7012222456766297 0
937 0.05733033134429087 0.4895228455461307 0
938 0.09964637066353396 0.5245636297017221 0
939 0.04231603931924308 0.5350407841576501 0
940 2.958825085158189 0.536875158482109 0
941 2.900090764036213 0.5317542602273283 0
942 2.941265678878024 0.4948791017439135 0
943 1.20201584650577 0.5230849867393056 0
944 1.15612195613427 0.4995965285351775 0
945 1.797946092501381 0.4770423824107857 0
946 1.843857131596844 0.5006410241794252 0
947 1.321360927576932 0.0287509315371071 0
948 1.298520587371473 0.06645732729507667 0
949 1.277159659789502 0.03770639575796957 0
950 1.599804192595837 0.1703628515762835 0
951 1.636195665275942 0.1585626521269574 0
952 1.642482792825151 0.1995506372013019 0
953 1.399671073652697 0.8271829487262699 0
954 1.364902143411682 0.8368925463879529 0
955 1.359139749614001 0.7983587610110173 0
956 1.329331780983784 0.09062596397226011 0
957 0.3254078729879961 0.6415044126561833 0
958 0.2794301299923096 0.6120681671457677 0
959 2.720339838912188 0.6148330437765104 0
960 2.674572566545569 0.6417395212134275 0
961 0.7240148803043387 0.3501565802845316 0
962 0.7760584876571059 0.325936684866017 0
963 2.223986227495876 0.3259563219967267 0
964 2.276001698688086 0.3501507224512034 0
965 0.6948648339317625 0.3016725997299269 0
966 0.6762703364896252 0.3598295531251702 0
967 2.323731208774794 0.3598309533318042 0
968 2.305150199796947 0.301665341689897 0
969 1.197985981732918 0.3860752870495432 0
970 1.159082565946453 0.4097769429520659 0
971 1.802107523434417 0.6140305755970155 0
972 1.841014730063798 0.5904239800237863 0
973 0.4035791578737764 0.3384824480589519 0
974 0.3572343163449225 0.3764192855369536 0
975 0.4642413604817434 0.05101183000943289 0
976 0.4142413604820104 0.05101183000943289 0
977 2.575520423884275 0.0465440556510405 0
978 2.525520423884084 0.0465440556510405 0
979 0.9874282842607536 0.0433565325209512 0
980 2.012573327435279 0.04336151696813495 0
981 0.4636709735523812 0.6957379068522513 0
982 0.4917292002007199 0.7393207242628119 0
983 2.508270799799797 0.739320724262077 0
984 2.536329026448396 0.6957379068518556 0
985 1.64428767201085 0.6673135954046836 0
986 1.621148957932833 0.6881382877767872 0
987 1.356661997588557 0.3326934363755686 0
988 1.379800711666586 0.3118687440034571 0
989 1.618610762061794 0.312509501585734 0
990 1.642593196768754 0.3325170335617523 0
991 1.379370118736536 0.6871595567646223 0
992 1.355387684029568 0.6671520247886043 0
993 0.5879380317139802 0.1730540842808517 0
994 0.5800974667333301 0.1262540778110151 0
995 2.418439931033156 0.1256158243314358 0
996 2.411769447839665 0.1729264335849701 0
997 1.120570663753334 0.9525406007720292 0
998 1.170570663753474 0.9525406007720292 0
999 1.829413070941845 0.9526103519485718 0
1000 1.879413070941615 0.9526103519485718 0
1001 0.1915846249002926 0.6305803138774674 0
1002 0.1639023014119229 0.6782946795624094 0
1003 2.835432769998559 0.6804823049128826 0
1004 2.808185344004082 0.6333451905080043 0
1005 1.67398323453246 0.6843213726513551 0
1006 1.668351567513734 0.6371231525519722 0
1007 1.326966435066947 0.3156856591289066 0
1008 1.331648432486258 0.3628768474480488 0
1009 1.331817176612526 0.6369403118738783 0
1010 1.325523377382133 0.6843426427146653 0
1011 1.668182823387484 0.3630596881261258 0
1012 1.672457503416185 0.3153264156356908 0
1013 0.2747140109440942 0.04698974130598744 0
1014 0.2247140109442735 0.04698974130598744 0
1015 2.774620380703805 0.04675184820021409 0
1016 2.724620380703613 0.04675184820021409 0
1017 1.185564718371341 0.8665982127174279 0
1018 1.12971365967494 0.8487806189125988 0
1019 1.174137050542695 0.8102976300859686 0
1020 2.959296854584164 0.1400279753313521 0
1021 2.908698165221336 0.1406266646942779 0
1022 2.949401310637172 0.1005986893627405 0
1023 0.05059868936277504 0.1005986893629779 0
1024 0.0912942741658809 0.1406464288567153 0
1025 0.04069558480310587 0.1400477394941534 0
1026 2.470769078892948 0.9601519807266699 0
1027 2.494862979188864 0.9123197939250299 0
1028 0.5051370208127287 0.9123197939254772 0
1029 0.5292309211102705 0.9601519807267489 0
1030 0.736746400166111 0.5670881042038209 0
1031 0.7102673978813024 0.5442644900775855 0
1032 0.7466841201436624 0.5135238037720802 0
1033 2.253271074280272 0.513506397138581 0
1034 2.289723956788898 0.5442659888055328 0
1035 2.263212513123945 0.5670666231801402 0
1036 1.639912361494924 0.857744045545349 0
1037 1.63766645557179 0.8233570887916981 0
1038 1.358064889878871 0.1419269581492608 0
1039 1.361869888688837 0.1767659536820004 0
1040 0.6842923164739063 0.5011578632547092 0
1041 2.315701501428442 0.5011606498137791 0
1042 1.643014864687471 0.1171336441121515 0
1043 1.357176652480712 0.8746655117863684 0
1044 1.042475128118126 0.3900478102077475 0
1045 0.9986326225837926 0.410783000467002 0
1046 1.827719720162859 0.8172776977170535 0
1047 1.872141077867517 0.8557694054407442 0
1048 1.814404784176208 0.8667289961734528 0
1049 2.649519045913513 0.3958247072501652 0
1050 2.695411310078482 0.4274450570399484 0
1051 1.222030293691964 0.2684112574004397 0
1052 1.198834218643342 0.224378265100276 0
1053 1.776201575067471 0.7344392215221038 0
1054 1.799980811659264 0.7767143494277069 0
1055 1.210941665208084 0.7796404638885502 0
1056 1.234733923729204 0.7374211784431142 0
1057 1.787824382638122 0.2236289893242391 0
1058 1.764617680274267 0.2676057565714176 0
1059 1.335792287107971 0.4056024038958031 0
1060 1.664207712892019 0.5943975961042085 0
1061 1.335961031234154 0.5941177124268906 0
1062 1.664038968765858 0.4058822875731211 0
1063 2.001641593650446 0.4122758120980499 0
1064 1.958325860295367 0.3906910879054498 0
1065 1.086582420704357 0.8228482115150673 0
1066 1.098010088533004 0.8791487941465266 0
1067 1.901973646159747 0.8792185453230943 0
1068 1.915288582146398 0.8297672468666949 0
1069 1.965605286885233 0.5247452208406954 0
1070 1.962110816552275 0.5678364552999269 0
1071 1.923909420988635 0.5452510838236653 0
1072 1.11416483774359 0.4758301151997461 0
1073 1.114506736244984 0.5229858181369518 0
1074 1.885829065568321 0.5249696954477593 0
1075 1.885431957350116 0.4778311780960999 0
1076 1.801632878432899 0.9152445465551728 0
1077 1.186465260843419 0.9120886173063714 0
1078 1.816385885664346 0.1356762336094866 0
1079 1.870747429501153 0.1540212156849773 0
1080 1.826193002984839 0.1913066324002802 0
1081 1.814092123775864 0.08820852163705853 0
1082 1.783621967683233 0.03901311318996664 0
1083 1.22715965978968 0.03770639575796957 0
1084 1.196689503701338 0.08690180420393424 0
1085 1.638326011345851 0.8935100351584823 0
1086 1.597688396130697 0.8755998746966425 0
1087 1.359627470706607 0.1061424561867167 0
1088 1.401750653776813 0.1243193494656715 0
1089 0.1844933535088856 0.2199462995906273 0
1090 0.1341474724132998 0.2159476313348701 0
1091 2.865707303338795 0.2155680013017691 0
1092 2.815007380934212 0.2185253755779874 0
1093 0.4876471820385698 0.4679283297875806 0
1094 0.4624580568864019 0.4170744843018882 0
1095 0.4514631328416672 0.4983950691836864 0
1096 2.511486707716492 0.4693255513826761 0
1097 2.547670756913275 0.4997922907789638 0
1098 2.536675832868992 0.4184717058969769 0
1099 0.3777973837136599 0.6846788254500091 0
1100 0.3639114001104998 0.645416691652466 0
1101 0.4126004442193204 0.650622005606236 0
1102 2.587396285928881 0.6506611852554607 0
1103 2.636065769570416 0.6456909798587442 0
1104 2.622183055819929 0.6849139340071331 0
1105 1.570639624232668 0.2064561175555034 0
1106 1.564352496683459 0.165468132481159 0
1107 1.429272920142135 0.7931348491615733 0
1108 1.435035313939816 0.8316686345385089 0
1109 1.172337926990328 0.1846229700078373 0
1110 1.12777143703575 0.1474013763242093 0
1111 1.18362617777321 0.1356124105755573 0
1112 2.698054546092276 0.08434895774436486 0
1113 2.673434165387513 0.03759710954415077 0
1114 0.3212596159013659 0.03446568395553368 0
1115 0.2959736268466984 0.08145542526152112 0
1116 0.3120559838232051 0.2622389647873791 0
1117 0.3665923588618417 0.2608729312643882 0
1118 1.950795860037992 0.7639398564372653 0
1119 1.934535657232306 0.7976316962372552 0
1120 1.075547914689473 0.5438199686026841 0
1121 1.037330628358392 0.5670322655620991 0
1122 1.034332331523223 0.5224317017609353 0
1123 1.678639072422136 0.9712490684625592 0
1124 1.70085887991296 0.9338832630691603 0
1125 1.722219807494108 0.9626341946066011 0
1126 1.09335624933681 0.7632132323906222 0
1127 1.068064055081592 0.7900672909276594 0
1128 1.043134312572108 0.7608004870371421 0
1129 1.842185926474929 0.2419739713997298 0
1130 1.211960978879391 0.7008036089571399 0
1131 1.785971215962066 0.3041740912052654 0
1132 1.199404030355016 0.3041346571902422 0
1133 1.800083720551741 0.6968446454931425 0
1134 2.603762758570696 0.7970733116162043 0
1135 2.546490060268801 0.8015301759027405 0
1136 0.4535099397315269 0.8015301759034498 0
1137 0.3962372414297942 0.7970733116167013 0
1138 0.3058278821780587 0.8772565158557639 0
1139 0.2801315554713613 0.8495647972978732 0
1140 0.3290344728616984 0.828758815001911 0
1141 2.670965527138877 0.828758815001766 0
1142 2.719868444529927 0.8495647972979312 0
1143 2.694172117822709 0.8772565158552947 0
1144 2.043636182421839 0.3845863177259016 0
1145 2.050626371490319 0.4277600901609249 0
1146 1.916922747521396 0.1783112982729883 0
1147 1.907115630200903 0.1226808994821947 0
1148 0.9493489108186283 0.4266064506933056 0
1149 0.9566952103493907 0.3835574733417963 0
1150 0.03401445374640283 0.460144146058915 0
1151 0.0913447850906937 0.449666991602987 0
1152 2.9067600206085 0.4561685288595738 0
1153 2.965494341730476 0.4612894271143545 0
1154 2.958825085158189 0.5868751584822354 0
1155 0.04231603931924308 0.5850407841573142 0
1156 1.668914060775533 0.9090761714661536 0
1157 1.092894040008278 0.1226509927978502 0
1158 1.081605789225395 0.1716615522301301 0
1159 0.03232418701520679 0.6753016146521419 0
1160 0.07862088467843817 0.6964891001133471 0
1161 0.1193048957567909 0.6914672891013152 0
1162 0.1053323851087663 0.6455814182915585 0
1163 2.894895839787117 0.6459482931562869 0
1164 2.921607340217395 0.6968559749778893 0
1165 2.88069510424374 0.6914672891010287 0
1166 2.967904037880386 0.6756684895161789 0
1167 2.268166218547976 0.6925481674366294 0
1168 2.265075519928738 0.6366103282894602 0
1169 2.302756094251811 0.6537640539942613 0
1170 0.6972414425163548 0.6537653418252417 0
1171 0.7349036110708465 0.6366094440270622 0
1172 0.73181537568345 0.6925459953429777 0
1173 1.155090606511683 0.7618228700837213 0
1174 2.832421195213597 0.4976811160400463 0
1175 2.861152003753197 0.5284593947507289 0
1176 2.811041841210747 0.5363823073016424 0
1177 2.59895458927313 0.08414116519519127 0
1178 2.620206882523549 0.1203363828864778 0
1179 2.572293141020503 0.1292833289933675 0
1180 0.1344853626454564 0.4257207302868382 0
1181 0.1111694850475683 0.3963420307996225 0
1182 2.490667177962174 0.8062903666740943 0
1183 2.519760119349779 0.8307707683525423 0
1184 0.5093328220380784 0.8062903666749126 0
1185 0.4802398806504474 0.8307707683534622 0
1186 0.303462482394351 0.9174588053925719 0
1187 0.3250000000009102 0.9684275563167089 0
1188 2.696537517607867 0.9174588053921704 0
1189 2.675000000001955 0.9684275563164403 0
1190 0.08035053870205777 0.7903611454941961 0
1191 0.03405384103882638 0.8191736600326443 0
1192 2.965946158961337 0.8191736600323364 0
1193 2.919649461298346 0.7903611454939152 0
1194 0.2191906954206855 0.3064052453119251 0
1195 0.1956604896391232 0.3566851011330136 0
1196 2.798320743089314 0.3515895269152835 0
1197 2.775714469378081 0.303609121403165 0
1198 0.5962794338930635 0.6541732164782795 0
1199 0.573755802896204 0.7019103185573694 0
1200 2.426244197103967 0.7019103185573896 0
1201 2.403720419547133 0.6541731398538427 0
1202 2.506062518819074 0.8699332927603081 0
1203 2.561885401125701 0.8651731019889544 0
1204 0.4381145988751065 0.865173101989728 0
1205 0.493937481181658 0.8699332927611909 0
1206 1.539512063195939 0.1298486880244734 0
1207 1.51034749483277 0.1659419540036933 0
1208 1.459963203052568 0.8676971122781021 0
1209 1.489565049542006 0.8336490127134055 0
1210 1.313282408997139 0.2732011184579695 0
1211 1.68617214615877 0.7290994240713113 0
1212 1.313333255540255 0.7291155043146583 0
1213 1.686142965608889 0.2728494729452319 0
1214 2.050227965984158 0.4783422407989417 0
1215 2.092222554755551 0.4506527464267934 0
1216 0.1693542617588491 0.4105743652454994 0
1217 0.1495295618019745 0.4638993260488639 0
1218 2.80515589794107 0.4732689092038634 0
1219 2.85526606048352 0.4653459966529499 0
1220 2.660187321888358 0.1125078720224798 0
1221 2.711373537204459 0.1216626106785431 0
1222 0.2920567190285339 0.1213165897682355 0
1223 1.117505033080153 0.5675863819381155 0
1224 0.9077382678005241 0.4501113094103362 0
1225 0.9496756800349262 0.4773368365355419 0
1226 1.882334595235363 0.5680609299069908 0
1227 0.5220355178398757 0.05219549330906066 0
1228 2.476501879924387 0.05155723982935901 0
1229 0.3602109334936566 0.60744759281241 0
1230 2.639785796654521 0.6074867724617551 0
1231 1.882730169693703 0.4328913214878195 0
1232 1.117375695877287 0.4324012114489871 0
1233 2.610426101044032 0.8412305555701589 0
1234 0.3895738989561459 0.8412305555709005 0
1235 0.3712596159011647 0.03446568395553368 0
1236 2.623434165387321 0.03759710954415077 0
1237 0.1752124710866457 0.5023580916591461 0
1238 0.140343571973253 0.517504456700485 0
1239 2.886916112802174 0.3937669375351277 0
1240 2.879494723335973 0.4317563220233909 0
1241 2.835422152677194 0.4029444053285038 0
1242 2.678627446401913 0.2522325951543418 0
1243 2.696938616168148 0.2068416686761797 0
1244 2.719028255405952 0.2421865655079687 0
1245 0.1127419373877233 0.3611978847424651 0
1246 0.08592626207369977 0.3069193606656193 0
1247 2.964413093913151 0.3249999999991935 0
1248 2.913928513678197 0.3065397306313439 0
1249 0.0355869060865578 0.3250000000013523 0
1250 2.885834864984848 0.3574775104196807 0
1251 0.1985269517559995 0.5338032688751251 0
1252 0.207712941584721 0.4801981382235041 0
1253 0.3485829120602659 0.7238047785738211 0
1254 2.651397527473225 0.7240398871308185 0
1255 1.877132823807862 0.2493605946341749 0
1256 1.838764203461144 0.2816829515581338 0
1257 2.875488738157911 0.1740562460014303 0
1258 0.1245037012292636 0.1740760101639244 0
1259 0.2488995227970937 0.284132314635029 0
1260 0.2299823915764322 0.2326336399433926 0
1261 0.2775114402080703 0.2449298967371249 0
1262 2.767485209946558 0.2328949244229051 0
1263 2.749174040180324 0.2782858509010673 0
1264 1.215894597093307 0.9595480165343422 0
1265 1.772219807493878 0.9626341946066011 0
1266 0.3992734731269788 0.2484677583454579 0
1267 2.641229824944289 0.2870912277752088 0
1268 0.1100141746533767 0.842163094490378 0
1269 2.889985825347079 0.8421630944902138 0
1270 1.118287639365395 0.6154582843162819 0
1271 1.384630113991977 0.9683884529748881 0
1272 1.410995002635622 0.9360793769658357 0
1273 1.426364888647567 0.9676909239909476 0
1274 1.616644343640394 0.03088324826446104 0
1275 1.58803026298248 0.06367600125793635 0
1276 1.571385919336717 0.0327927529934753 0
1277 1.908425532157586 0.9184549372572414 0
1278 1.091553518279246 0.9183821767706367 0
1279 1.367342299236374 0.2511630492403146 0
1280 1.337765852298922 0.2394651519961058 0
1281 1.353128151366049 0.205125953179994 0
1282 1.633607370363053 0.748843982539965 0
1283 1.662988751946692 0.7606960540019767 0
1284 1.646676783280169 0.7950282210378752 0
1285 1.33673235208608 0.7613113571510457 0
1286 1.371501282327096 0.7516017594893627 0
1287 1.662871071151356 0.2362670994116466 0
1288 1.626479598471251 0.2480672988609726 0
1289 1.482028898604769 0.3746133847916616 0
1290 1.517971101395239 0.6253866152083352 0
1291 2.420769078892866 0.9601519807266699 0
1292 0.5792309211104106 0.9601519807267489 0
1293 2.585150684483609 0.3356995318151975 0
1294 2.549786659973863 0.3815555447264296 0
1295 1.881916870413522 0.3849659020578781 0
1296 2.633525873635731 0.1576500358206561 0
1297 1.568144451862715 0.09748018624444485 0
1298 1.613402876166393 0.09557068151543058 0
1299 1.429081622370795 0.9005492910425503 0
1300 1.387346847715205 0.9012468200264908 0
1301 0.5720355178396903 0.05219549330906066 0
1302 2.426501879924195 0.05155723982935901 0
1303 0.4453212395069172 0.3807926905608443 0
1304 2.617071125051503 0.3205699232494698 0
1305 1.121741394669563 0.7524101404405209 0
1306 1.158546009334952 0.7217529742431026 0
1307 0.8584595480759811 0.3796273332054229 0
1308 0.8583514287243946 0.4318559199147842 0
1309 0.8586781979406926 0.4825863057570206 0
1310 1.957387282054618 0.6104023058002581 0
1311 1.999083147951215 0.5898964428172883 0
1312 1.000528020345989 0.5883876182183297 0
1313 1.041743603512239 0.6097758850600785 0
1314 2.788506916068643 0.9129213693853333 0
1315 2.816969398462851 0.9638901203096033 0
1316 0.1830306015387367 0.9638901203099228 0
1317 0.2114930839323174 0.9129213693857858 0
1318 2.079492553452694 0.6382002775524508 0
1319 2.120733874926755 0.6180194666932997 0
1320 0.8297225750460582 0.9576149288847589 0
1321 0.8797225750461981 0.9576149288847589 0
1322 2.120273463573582 0.9576114225900645 0
1323 2.170273463573722 0.9576114225900645 0
1324 1.929012461218335 0.9658445853086696 0
1325 1.070982854528994 0.9658415759986077 0
1326 2.141619523758449 0.4322590684326546 0
1327 2.141586362771612 0.3799990644864669 0
1328 2.256392739661548 0.8193464599704921 0
1329 2.300128217023035 0.846567189753073 0
1330 2.251090110613895 0.8651654560573796 0
1331 0.7489098893865152 0.8651654560573886 0
1332 0.6998717829775429 0.8465671897529656 0
1333 0.7436072603384266 0.8193464599705106 0
1334 2.141221118252288 0.4828412190706714 0
1335 0.8793135859022179 0.6177364452555881 0
1336 0.9204314579254761 0.6378483520343296 0
1337 0.8767047993484869 0.531573654415596 0
1338 0.8273179602723574 0.5133182649200441 0
1339 0.9520900411044817 0.5232428469864614 0
1340 0.9572140787718886 0.5695112260347401 0
1341 0.9131890746842291 0.5471100743008512 0
1342 2.222301637990925 0.6390636826064059 0
1343 2.25689151369476 0.6002795691640377 0
1344 0.743027735522187 0.6003110309239736 0
1345 0.7776016686892824 0.6390916844417096 0
1346 2.086864560207673 0.5475799050100857 0
1347 2.042855826807414 0.5706277526361591 0
1348 2.047815415849131 0.5242827446908835 0
1349 0.296639862577525 0.1710424594849923 0
1350 0.2540111654384177 0.1437053523287317 0
1351 0.2085221273708711 0.1310180119759664 0
1352 0.2131052709198621 0.1807438816927232 0
1353 2.784861596159841 0.1824260901848888 0
1354 2.743290093290281 0.1451496677151173 0
1355 2.790812264277935 0.1307801188701997 0
1356 2.705422869086364 0.1733085819932323 0
1357 2.172366398439786 0.5132352249790514 0
1358 2.122969429436888 0.5316289029731902 0
1359 0.2438317530615342 0.8512722834644556 0
1360 0.2044228160084111 0.8720206835335966 0
1361 2.795577183992621 0.8720206835333442 0
1362 2.756168246939706 0.8512722834642641 0
1363 2.336421303840829 0.8735683060810269 0
1364 0.6635786961598089 0.873568306081032 0
1365 0.3938589869890709 0.444712772427418 0
1366 0.3980454655006086 0.4909978489483667 0
1367 0.3559738234891624 0.4798786421585725 0
1368 0.4135779693417587 0.5335609389148409 0
1369 2.643239051986349 0.4816391251227494 0
1370 2.601088424254215 0.4923950705435121 0
1371 2.604487778240748 0.4478704769864402 0
1372 2.586422030658876 0.5335609389152731 0
1373 2.841009064847505 0.8868795547672173 0
1374 0.158990935153007 0.8868795547676565 0
1375 0.791227240646517 0.5003391670798921 0
1376 0.8092538420543114 0.5493265157384675 0
1377 2.208688858935252 0.5003772862948606 0
1378 2.190437170119853 0.5491649701973793 0
1379 2.006219232583899 0.5013900884250151 0
1380 0.8448858531453261 0.2338458106475872 0
1381 2.155173122535606 0.2337739670302784 0
1382 0.9937006841225857 0.4997379882694308 0
1383 0.6655471061959515 0.2655249777327771 0
1384 2.33445289380452 0.2655249777327228 0
1385 0.9052790760937686 0.9306347695626256 0
1386 0.9255565010500914 0.9730198406778668 0
1387 2.074438655362427 0.973016283670458 0
1388 2.094712118933853 0.9306277062605225 0
1389 0.2466192706671317 0.7709910343892301 0
1390 2.753380729333765 0.7709910343893021 0
1391 1.049428660952336 0.1066570894156458 0
1392 1.09559430876269 0.08239691350972495 0
1393 1.904407947617145 0.08240389173715781 0
1394 1.950583265637387 0.1066939743251688 0
1395 1.517971101395494 0.6899579487879133 0
1396 1.554374863525447 0.6863553082514045 0
1397 1.536403762131001 0.7255400266226476 0
1398 1.482028898604551 0.3100420512120759 0
1399 1.445780985418217 0.3136345016763351 0
1400 1.4637520868127 0.2744497833050877 0
1401 0.9094708557420403 0.8885986244566448 0
1402 2.090486361317114 0.8885607564719451 0
1403 1.005962159507083 0.3308415311391614 0
1404 1.045896703357502 0.313889665661594 0
1405 1.045913465964975 0.3507821576379254 0
1406 2.432585277900752 0.617031777823024 0
1407 0.567414370209282 0.61703196179862 0
1408 0.1695619164737016 0.1195346741427477 0
1409 0.2104678109922572 0.08249614477875616 0
1410 2.788866580656598 0.08225825167277716 0
1411 2.830438083526158 0.1195346741425487 0
1412 1.195858682705583 0.3497299243726388 0
1413 1.231459590178471 0.3686921511160221 0
1414 1.803982232284526 0.6507831495485605 0
1415 1.768314535406396 0.6317453066290881 0
1416 1.231711745388854 0.6318240746405497 0
1417 1.19502790189393 0.6564687751283465 0
1418 1.768364185799979 0.3704226094168657 0
1419 1.804979275307099 0.3458517610273626 0
1420 0.2670383437451739 0.8027745826106026 0
1421 2.732961656255875 0.8027745826107353 0
1422 1.879095085484112 0.6107053683996924 0
1423 1.07606446485121 0.03320150506376027 0
1424 1.923937791524706 0.03320848329006593 0
1425 0.3603645104828156 0.2156441852270667 0
1426 0.2931388526025436 0.2107402900957427 0
1427 1.959989651182158 0.3505936688094047 0
1428 1.960848826085064 0.313648430050108 0
1429 1.995510579484873 0.3321568009037298 0
1430 1.120678204190864 0.3897373288030811 0
1431 2.1315859066579 0.8703878436923846 0
1432 0.868363487053162 0.8704135628520388 0
1433 0.8607859196576014 0.7840281981233683 0
1434 2.139121044986311 0.7840105140153124 0
1435 1.039562819264667 0.650311101600122 0
1436 1.038285821983391 0.6910206263145032 0
1437 1.003663998218561 0.6718407624306905 0
1438 1.405104385964934 0.2474330420967749 0
1439 1.389742086897806 0.2817722409128866 0
1440 1.595051462978742 0.7525567678310011 0
1441 1.611363431645265 0.7182246007951026 0
1442 0.817720664744944 0.3132790000535881 0
1443 2.182367992360514 0.3132340516070744 0
1444 2.173950780198708 0.8765837857274639 0
1445 2.164989759711602 0.8317487842397195 0
1446 0.8349635953819238 0.8317709971047467 0
1447 0.8260452584186371 0.8765872920222255 0
1448 0.9181742842328546 0.150089391510347 0
1449 0.9084408225895404 0.1868697949140781 0
1450 2.0916774669996 0.1867066928984936 0
1451 2.081944005356096 0.1499262894946657 0
1452 1.993604923144856 0.6729228674063945 0
1453 1.953870144709301 0.6903183280729839 0
1454 1.954624835018003 0.649857753984209 0
1455 2.035671579172361 0.2754123067884842 0
1456 1.986629534781973 0.2559433520252401 0
1457 2.025931359566555 0.2361440966692913 0
1458 2.863647510589582 0.08610509283539623 0
1459 2.865593194210919 0.1346269600328188 0
1460 0.1344068057889328 0.1346269600327489 0
1461 0.1363524894103189 0.08610509283553861 0
1462 0.8184676910230764 0.7902019272935551 0
1463 2.181485918527119 0.7902064560503916 0
1464 0.9747670960582271 0.2371575998923877 0
1465 1.014557318462995 0.2554071491750795 0
1466 0.9661551744948425 0.2756994898801382 0
1467 2.384315309396055 0.03673916495159339 0
1468 2.334315309395864 0.03673916495159339 0
1469 0.6661501442811417 0.03717569746374223 0
1470 0.6161501442813199 0.03717569746374223 0
1471 2.263417058843609 0.965159621886879 0
1472 2.260829852829941 0.9113527148068594 0
1473 2.297412793989051 0.9461930929199803 0
1474 0.7025872060137961 0.9461930929199218 0
1475 0.7391697429485571 0.9113530725920734 0
1476 0.7365825369367218 0.9651599796721516 0
1477 0.9616270539257364 0.6122548455327196 0
1478 1.417562798395146 0.3081387368599174 0
1479 1.582593050548523 0.6918510730678233 0
1480 0.1357538000473213 0.03550640347276873 0
1481 0.1005986893625525 0.05059868936276988 0
1482 2.89940131063698 0.05059868936283317 0
1483 2.864246199952219 0.03550640347256306 0
1484 0.03401445374640283 0.4101441460587177 0
1485 2.965494341730476 0.4112894271144948 0
1486 1.044731917590864 0.2782009085358974 0
1487 2.038132292309757 0.6131936031364904 0
1488 0.6685619234552205 0.9667440573615562 0
1489 0.6711491294670557 0.912937150281478 0
1490 2.328850870534702 0.9129371502815197 0
1491 2.33143807654837 0.9667440573615393 0
1492 0.5526824053731405 0.242189535141003 0
1493 2.447025074180937 0.2420618844451148 0
1494 1.476364888647685 0.9676909239909476 0
1495 1.521385919336547 0.0327927529934753 0
1496 0.5362338328686109 0.7630045993025973 0
1497 0.5629637737875315 0.7922451917526098 0
1498 0.5790228716254926 0.8451406927235727 0
1499 2.43703622621263 0.7922451917520363 0
1500 2.463766167131652 0.7630045993022345 0
1501 2.420977128374713 0.8451406927229945 0
1502 0.185753800047104 0.03550640347276873 0
1503 2.814246199952027 0.03550640347256306 0
1504 1.420870711906329 0.6927409466658618 0
1505 1.390594477968968 0.7201357455306308 0
1506 1.578748780823972 0.3054112469037271 0
1507 1.607005895559634 0.2776855063893103 0
1508 0.3613941420420441 0.8122932896056024 0
1509 2.638605857958323 0.8122932896051749 0
1510 1.413001875496889 0.7571831493906023 0
1511 1.586617617233428 0.2409690441789657 0
1512 2.333662054714456 0.0963635744593815 0
1513 0.6668033989649491 0.09680010697143829 0
1514 0.9262707174790021 0.3636952584163125 0
1515 0.9755544292441665 0.3478718081900089 0
1516 1.963075099087172 0.2809711054712353 0
1517 1.927554170784457 0.2994079733769102 0
1518 0.9397043114503276 0.2150910831974294 0
1519 0.9881064554184803 0.1947987424923707 0
1520 2.012041111771836 0.1945405818362346 0
1521 2.061083156162223 0.2140095365994787 0
1522 2.036169781620948 0.129564527851346 0
1523 0.9639501196680294 0.1297226454196574 0
1524 0.8447282548740798 0.3407038913607509 0
1525 0.893680205382325 0.360457481723428 0
1526 2.213417058843469 0.965159621886879 0
1527 0.786582536936862 0.9651599796721516 0
1528 2.454639848050253 0.725275549340019 0
1529 2.470748829772111 0.6782264435172321 0
1530 0.545360151950173 0.725275549340509 0
1531 0.5292511702283129 0.678226443517584 0
1532 2.866969398462363 0.9638901203096033 0
1533 0.03405384103882638 0.869173660032436 0
1534 0.1330306015385968 0.9638901203099228 0
1535 2.965946158961337 0.8691736600324681 0
1536 2.025334087168643 0.3485737220646247 0
1537 2.074318865008516 0.3640580001274998 0
1538 0.5792818073222108 0.2633957699575719 0
1539 0.6300356298292078 0.275874520880749 0
1540 2.369934521146138 0.2758614952994073 0
1541 2.420688343653394 0.2633827443763798 0
1542 2.107044642924955 0.3601501845455595 0
1543 2.156010045434855 0.3400786532432497 0
1544 2.147826272513858 0.2933851716661671 0
1545 0.8529413220512878 0.2941091485715932 0
1546 1.514139450012026 0.09795400776697913 0
1547 1.483611357972985 0.9025296692174469 0
1548 0.6185619234550805 0.9667440573615562 0
1549 2.381438076548511 0.9667440573615393 0
1550 0.8951014632292873 0.2292286523140951 0
1551 2.105567714794318 0.2283102077315502 0
1552 2.12457881169823 0.2610768107312635 0
1553 2.09822086477257 0.2879214123674388 0
1554 2.665022060082325 0.1833546116396054 0
1555 0.9031569321352491 0.2894919902381012 0
1556 0.8761493420061133 0.2620670989309384 0
1557 1.174962144191611 0.6868308700575095 0
1558 1.822825365473244 0.315973998145786 0
1559 0.7829052203094408 0.8841323428096184 0
1560 2.217094375468454 0.8841319850242784 0
1561 1.60828507398815 0.8115050173296863 0
1562 1.391446335626289 0.1884638509262092 0
1563 2.964413093913151 0.3749999999990478 0
1564 0.0355869060865578 0.3750000000015603 0
1565 0.779444457784547 0.5695703446184683 0
1566 2.220438631186133 0.5695199774970859 0
1567 1.512357825462433 0.3031429996305791 0
1568 1.49438672406795 0.3423277180018265 0
1569 1.487642174537616 0.6968570003694159 0
1570 1.505613275932062 0.6576722819981727 0
1571 2.477262205157375 0.6415027698578915 0
1572 0.5227377361946577 0.6415028005203871 0
1573 0.2409789323622237 0.4630038378993351 0
1574 0.2738951905448236 0.4497949224492855 0
1575 0.2639436804366746 0.4984343999894335 0
1576 0.3243236417984495 0.4594095250885039 0
1577 0.3013588937239987 0.4239789629984054 0
1578 2.74415145522057 0.4969321203292582 0
1579 2.725088045977038 0.4530178972908879 0
1580 2.763247623427614 0.4616898055525895 0
1581 2.676315141871438 0.4626873718166171 0
1582 0.3152787422573045 0.752818022826339 0
1583 0.3356978153353467 0.7846015710477117 0
1584 0.2829190730769587 0.7692835482226477 0
1585 2.664302184665541 0.7846015710478114 0
1586 2.717080926923986 0.7692835482229691 0
1587 2.684721257743432 0.7528180228263781 0
1588 2.452737697412942 0.8779174602886178 0
1589 0.5472623025880696 0.8779174602892115 0
1590 1.026064464851388 0.03320150506376027 0
1591 1.973937791524897 0.03320848329006593 0
1592 2.035719874596495 0.65746896773358 0
1593 0.9637453994995766 0.6567247442179192 0
1594 0.8068837797683479 0.7089246129284874 0
1595 0.8048958018453707 0.6587422673534222 0
1596 2.195024211456229 0.6587542310815332 0
1597 2.193051424013365 0.7089313137789065 0
1598 1.556883842467264 0.8547556877682541 0
1599 1.555297492318191 0.8905216773813873 0
1600 1.442847567147163 0.1452131804876116 0
1601 1.444410147974899 0.1094286785250675 0
1602 1.053343839154248 0.2396590185481469 0
1603 1.069826213139623 0.2066385974719091 0
1604 0.6484624459081103 0.2300539260429605 0
1605 0.6145374336630504 0.1942603190974206 0
1606 2.385432717312121 0.1942472935162351 0
1607 2.351507705067003 0.2300409004616323 0
1608 1.035406753882306 0.7232483578225883 0
1609 1.071305574928412 0.7017186969920199 0
1610 1.905167495304105 0.2381911316369042 0
1611 1.928721930998907 0.2131633781909091 0
1612 1.953334879481366 0.2417028953520424 0
1613 2.370446586400148 0.8941192705225859 0
1614 0.6295534136012331 0.8941192705226664 0
1615 0.2026202525363518 0.3933800649213304 0
1616 0.2176644516928699 0.4315586606833561 0
1617 2.786092488697538 0.4293546861654931 0
1618 0.1253292799482052 0.5630223953120043 0
1619 2.878711410033363 0.5704554514889244 0
1620 0.243970679573144 0.3776693965708703 0
1621 2.793513878163739 0.3913653016772299 0
1622 1.989218801547768 0.1168470080032378 0
1623 2.000241928294325 0.1596885019183139 0
1624 0.9998860315042523 0.1598216972505917 0
1625 1.010792480361701 0.1168121168728367 0
1626 1.520654812606795 0.7606991804853625 0
1627 1.502973392820898 0.7949381143926904 0
1628 1.482318580215151 0.7633816010664843 0
1629 1.479330611455728 0.2392326473008206 0
1630 1.496924575616356 0.2045846801105957 0
1631 1.517593964159662 0.2362093656506037 0
1632 0.7781197697550436 0.7993456161565051 0
1633 0.8039420940307213 0.7516028171751266 0
1634 2.196011515519362 0.7516073459323187 0
1635 2.221880230244652 0.7993456161567256 0
1636 1.955413326150847 0.7261589344397672 0
1637 1.034948816112152 0.18188821394555 0
1638 1.453689710106473 0.6951442345057728 0
1639 1.545929782623822 0.3030079590638166 0
1640 1.965090131698656 0.1818230619881265 0
1641 1.566842523407831 0.9259499962990219 0
1642 1.526037969744398 0.9051058093706335 0
1643 1.432865116885283 0.07400035960772976 0
1644 1.473962030255632 0.09489419062966993 0
1645 1.97901246121812 0.9658445853086696 0
1646 1.020982854528854 0.9658415759986077 0
1647 0.816305111980679 0.9227749085569104 0
1648 2.183690522414753 0.9227710444769435 0
1649 1.466047535569905 0.7274299012955134 0
1650 1.533571957160423 0.270722292274066 0
1651 1.013492749116113 0.07655803758471147 0
1652 1.98651111896401 0.07657000025820088 0
1653 0.281871040459335 0.3919672698489849 0
1654 0.332299491712961 0.4015818724882032 0
1655 2.873069301848211 0.9199900236959604 0
1656 0.07795393765245735 0.875273563419005 0
1657 0.1269306981520876 0.9199900236962835 0
1658 2.922046062347784 0.8752735634189569 0
1659 0.06960135983296062 0.3851441460586138 0
1660 2.929907435643627 0.3862894271145677 0
1661 0.03232418701520679 0.6253016146524886 0
1662 2.967904037880386 0.6256684895160471 0
1663 0.5881856621235556 0.08937119077280288 0
1664 2.410817189322551 0.0882964047809524 0
1665 1.481208499580154 0.0297329358561661 0
1666 1.43120849958031 0.0297329358561661 0
1667 1.518791500419099 0.970267064144134 0
1668 1.56879150041889 0.970267064144134 0
1669 1.901745772290321 0.2779001117953082 0
1670 2.024438655362316 0.973016283670458 0
1671 0.9755565010502315 0.9730198406778668 0
1672 1.401656617299577 0.04426742375156366 0
1673 1.598051022992683 0.9556829321548879 0
1674 1.096811652160079 0.7231433365500037 0
1675 1.628639072422365 0.9712490684625592 0
1676 1.371360927576753 0.0287509315371071 0
1677 1.373017544881726 0.07301835528867076 0
1678 1.626690095411306 0.9269320006174471 0
1679 1.52790128193365 0.8309665921322837 0
1680 1.472084142128836 0.1689652356539101 0
1681 2.118009840395171 0.5779739109184657 0
1682 0.5863515675922963 0.2191972343743636 0
1683 2.413326062936164 0.2190565580970517 0
1684 0.07619037780153104 0.07619037780173606 0
1685 0.07559168843853346 0.02559168843896617 0
1686 2.923809622198212 0.07619037780165461 0
1687 2.974408311561041 0.07559168843872877 0
1688 2.92440831156085 0.02559168843882143 0
1689 0.02559168843875601 0.07559168843917416 0
1690 0.8818288370158939 0.5778420334638748 0
1691 0.3767221696095862 0.4084309786863741 0
1692 0.4187938116210324 0.4195501854761684 0
1693 1.14161293234949 0.6774181404143091 0
1694 1.857772262806177 0.323360621380231 0
1695 0.5902224112565633 0.8875271938878591 0
1696 2.409777588744503 0.8875271938877164 0
1697 2.402207155438377 0.9268960380882092 0
1698 0.5977928445638101 0.9268960380883051 0
1699 2.156838744155971 0.6020684646564041 0
1700 0.07464022633444988 0.6103423988084159 0
1701 0.1153242374128026 0.6053205877963839 0
1702 2.88581688706492 0.607154962122475 0
1703 2.926729123038575 0.6125436479993357 0
1704 0.8428293105664757 0.6022000253703329 0
1705 0.6242120931749597 0.1112342819656967 0
1706 2.376253360505016 0.1107977494536701 0
1707 0.02559168843875601 0.02559168843896617 0
1708 2.974408311561041 0.02559168843882143 0
1709 1.076365427277069 0.6289557489438913 0
1710 1.398379625200471 0.5612370102900905 0
1711 1.383734964259772 0.5258816712307375 0
1712 1.601620374799545 0.4387629897099259 0
1713 1.616265035740232 0.4741183287692684 0
1714 1.383701215434499 0.474036473900815 0
1715 1.398345876375016 0.4386811348416437 0
1716 1.616298784565498 0.5259635260991891 0
1717 1.60165412362498 0.5613188651583621 0
1718 1.917652503619063 0.6277977664668475 0
1719 0.2667197440523236 0.3187015021056574 0
1720 2.270918336653792 0.780747349852419 0
1721 2.271126310053973 0.7352241995900416 0
1722 0.7288736899458235 0.7352241995896169 0
1723 0.7290816633460715 0.7807473498520821 0
1724 1.923664106895558 0.3721827170518279 0
1725 1.082409671968546 0.3730959447301802 0
1726 0.1560214387225216 0.5982614147951468 0
1727 2.846878126781904 0.6038600966458756 0
1728 0.3409338541859266 0.5648495162478242 0
1729 0.3794373813084302 0.5687617952441071 0
1730 0.4328550486494888 0.5761590154794267 0
1731 2.620559348839592 0.5688009748934466 0
1732 2.659066145814745 0.5648495162481297 0
1733 2.567141681498652 0.5761981951288984 0
1734 0.2015896674356952 0.5882821213930878 0
1735 2.801079866972525 0.5966456798744537 0
1736 0.2340901379337705 0.5661221679574457 0
1737 2.772349058432924 0.565867401163771 0
1738 1.448366115784008 0.7616688352028413 0
1739 1.551165921321051 0.2360743250838411 0
1740 0.962468402218301 0.6974342689323004 0
1741 2.62047924528625 0.3696644915003804 0
1742 2.088742547671759 0.3241375888842826 0
1743 2.065495086856131 0.2918292279493792 0
1744 1.364373212938433 0.4139787862481704 0
1745 1.635626787061561 0.5860212137518395 0
1746 1.364575705889753 0.5857565182046461 0
1747 1.635424294110259 0.4142434817953621 0
1748 2.02619326207155 0.311628483305328 0
1749 0.3055444954714434 0.576484542203056 0
1750 0.3247709432862169 0.537798744634753 0
1751 2.676802077626441 0.5380512640290465 0
1752 2.696028525441371 0.5767370615973551 0
1753 2.034965184287793 0.6979295418223549 0
1754 0.9755376666366942 0.3109793162136775 0
1755 0.9357474442319261 0.2927297669309857 0
1756 0.9125394242771008 0.3247718165716405 0
1757 1.570292185746156 0.8160447894475389 0
1758 1.42942464793075 0.1838559065945141 0
1759 0.1198604302281813 0.8790893378440944 0
1760 2.880139569772188 0.8790893378439713 0
1761 2.575447977613486 0.4217102612366555 0
1762 2.61759860534562 0.4109543158158929 0
1763 0.3285101203099873 0.5056946016094526 0
1764 2.672915787884905 0.507211965373689 0
1765 0.8130199262967114 0.6224438542503337 0
1766 2.186840205222251 0.6224234719561107 0
1767 0.4432715559155658 0.6197521300575113 0
1768 0.457157539518726 0.6590142638550545 0
1769 2.54284240183366 0.6590142331925151 0
1770 2.556725115584148 0.6197912790441261 0
1771 1.116106855117823 0.6559935008563254 0
1772 1.579302513454536 0.787715921693716 0
1773 1.557058574736748 0.7570965399488536 0
1774 1.420682910607962 0.2122159060925077 0
1775 1.443082698269394 0.2428250977650797 0
1776 1.338855253863945 0.5601245366837193 0
1777 1.338821505038537 0.4396965654492627 0
1778 1.661144746136064 0.4398754633162958 0
1779 1.661178494961455 0.5603034345507471 0
1780 2.031015052000829 0.7418066137368491 0
1781 1.883580661300313 0.344868482961833 0
1782 0.2602045034129042 0.5305385430147338 0
1783 0.2632672190926 0.5850173955326965 0
1784 2.738075770723884 0.588034791557427 0
1785 2.748037744962106 0.5277714189846157 0
1786 0.3311844061926599 0.1883515275352465 0
1787 0.9664595137446483 0.7414677616587356 0
1788 0.2749112775621064 0.3552723060606681 0
1789 1.988232766723299 0.7511643634926675 0
1790 1.495156389062625 0.9379579881350817 0
1791 1.502594418922409 0.06252568884964141 0
1792 0.4943420852486266 0.6648680313035267 0
1793 2.505657856103662 0.664868000640521 0
1794 1.010114559627088 0.7501024163596255 0
1795 2.233445735730899 0.7180704738852406 0
1796 0.766535858500315 0.7180683017914373 0
1797 2.184116170690667 0.5823779161812768 0
1798 0.8155351774103874 0.5825494424586204 0
1799 0.2931207615955041 0.5173296275646843 0
1800 2.70987816751153 0.5190995107229142 0
1801 1.36806912912401 0.4999353046674431 0
1802 1.351770344558509 0.4739717785682581 0
1803 1.631930870875991 0.5000646953325634 0
1804 1.648229655441489 0.5260282214317524 0
1805 1.351804093383782 0.5258169758981806 0
1806 1.648195906616223 0.4741830241018318 0
1807 1.099690720261164 0.6909156050419185 0
1808 1.899519499288213 0.3105774363741809 0
$EndNodes
$Elements
948
1 8 2 100 1 1 7 36
2 8 2 100 1 7 8 37
3 8 2 100 1 8 9 38
4 8 2 100 1 9 10 39
5 8 2 100 1 10 11 40
6 8 2 100 1 11 12 41
7 8 2 100 1 12 13 42
8 8 2 100 1 13 14 43
9 8 2 100 1 14 15 44
10 8 2 100 1 15 16 45
11 8 2 100 1 16 17 46
12 8 2 100 1 17 18 47
13 8 2 100 1 18 19 48
14 8 2 100 1 19 20 49
15 8 2 100 1 20 21 50
16 8 2 100 1 21 22 51
17 8 2 100 1 22 23 52
18 8 2 100 1 23 24 53
19 8 2 100 1 24 25 54
20 8 2 100 1 25 26 55
21 8 2 100 1 26 27 56
22 8 2 100 1 27 28 57
23 8 2 100 1 28 29 58
24 8 2 100 1 29 30 59
25 8 2 100 1 30 31 60
26 8 2 100 1 31 32 61
27 8 2 100 1 32 33 62
28 8 2 100 1 33 34 63
29 8 2 100 1 34 35 64
30 8 2 100 1 35 2 65
31 8 2 200 2 2 66 75
32 8 2 200 2 66 67 76
33 8 2 200 2 67 68 77
34 8 2 200 2 68 69 78
35 8 2 200 2 69 70 79
36 8 2 200 2 70 71 80
37 8 2 200 2 71 72 81
38 8 2 200 2 72 73 82
39 8 2 200 2 73 74 83
40 8 2 200 2 74 3 84
41 8 2 300 3 3 85 114
42 8 2 300 3 85 86 115
43 8 2 300 3 86 87 116
44 8 2 300 3 87 88 117
45 8 2 300 3 88 89 118
46 8 2 300 3 89 90 119
47 8 2 300 3 90 91 120
48 8 2 300 3 91 92 121
49 8 2 300 3 92 93 122
50 8 2 300 3 93 94 123
51 8 2 300 3 94 95 124
52 8 2 300 3 95 96 125
53 8 2 300 3 96 97 126
54 8 2 300 3 97 98 127
55 8 2 300 3 98 99 128
56 8 2 300 3 99 100 129
57 8 2 300 3 100 101 130
58 8 2 300 3 101 102 131
59 8 2 300 3 102 103 132
60 8 2 300 3 103 104 133
61 8 2 300 3 104 105 134
62 8 2 300 3 105 106 135
63 8 2 300 3 106 107 136
64 8 2 300 3 107 108 137
65 8 2 300 3 108 109 138
66 8 2 300 3 109 110 139
67 8 2 300 3 110 111 140
68 8 2 300 3 111 112 141
69 8 2 300 3 112 113 142
70 8 2 300 3 113 4 143
71 8 2 400 4 4 144 153
72 8 2 400 4 144 145 154
73 8 2 400 4 145 146 155
74 8 2 400 4 146 147 156
75 8 2 400 4 147 148 157
76 8 2 400 4 148 149 158
77 8 2 400 4 149 150 159
78 8 2 400 4 150 151 160
79 8 2 400 4 151 152 161
80 8 2 400 4 152 1 162
81 8 2 500 5 5 163 166
82 8 2 500 5 163 164 167
83 8 2 500 5 164 165 168
84 8 2 500 5 165 6 169
85 8 2 600 6 6 170 173
86 8 2 600 6 170 171 174
87 8 2 600 6 171 172 175
88 8 2 600 6 172 5 176
89 9 2 10 12 278 348 524 563 564 565
90 9 2 10 12 27 396 270 566 567 568
91 9 2 10 12 15 269 395 569 570 571
92 9 2 10 12 205 321 297 572 573 574
93 9 2 10 12 223 297 321 575 573 576
94 9 2 10 12 206 298 322 577 578 579
95 9 2 10 12 224 322 298 580 578 581
96 9 2 10 12 282 347 539 582 583 584
97 9 2 10 12 172 431 265 585 586 587
98 9 2 10 12 165 432 267 588 589 590
99 9 2 10 12 183 524 348 591 564 592
100 9 2 10 12 181 539 347 593 583 594
101 9 2 10 12 191 441 383 595 596 597
102 9 2 10 12 192 384 442 598 599 600
103 9 2 10 12 189 374 341 601 602 603
104 9 2 10 12 190 342 373 604 605 606
105 9 2 10 12 206 456 368 607 608 609
106 9 2 10 12 205 367 455 610 611 612
107 9 2 10 12 191 383 498 597 613 614
108 9 2 10 12 192 499 384 615 616 598
109 9 2 10 12 235 303 441 617 618 619
110 9 2 10 12 236 442 304 620 621 622
111 9 2 10 12 235 441 425 619 623 624
112 9 2 10 12 236 426 442 625 626 620
113 9 2 10 12 205 315 367 627 628 610
114 9 2 10 12 206 368 316 609 629 630
115 9 2 10 12 278 410 348 631 632 563
116 9 2 10 12 282 399 347 633 634 582
117 9 2 10 12 13 395 355 635 636 637
118 9 2 10 12 29 356 396 638 639 640
119 9 2 10 12 13 14 395 43 641 635
120 9 2 10 12 28 29 396 58 640 642
121 9 2 10 12 249 315 427 643 644 645
122 9 2 10 12 237 450 280 646 647 648
123 9 2 10 12 238 279 449 649 650 651
124 9 2 10 12 221 405 371 652 653 654
125 9 2 10 12 222 372 406 655 656 657
126 9 2 10 12 15 360 269 658 659 569
127 9 2 10 12 27 270 359 568 660 661
128 9 2 10 12 221 333 405 662 663 652
129 9 2 10 12 222 406 334 657 664 665
130 9 2 10 12 27 28 396 57 642 566
131 9 2 10 12 14 15 395 44 571 641
132 9 2 10 12 243 341 374 666 602 667
133 9 2 10 12 242 373 342 668 605 669
134 9 2 10 12 164 432 165 670 588 168
135 9 2 10 12 171 431 172 671 585 175
136 9 2 10 12 207 326 403 672 673 674
137 9 2 10 12 208 404 327 675 676 677
138 9 2 10 12 223 321 345 576 678 679
139 9 2 10 12 224 346 322 680 681 580
140 9 2 10 12 88 89 291 118 682 683
141 9 2 10 12 109 110 292 139 684 685
142 9 2 10 12 326 476 403 686 687 673
143 9 2 10 12 327 404 477 676 688 689
144 9 2 10 12 67 68 299 77 690 691
145 9 2 10 12 150 151 300 160 692 693
146 9 2 10 12 494 163 266 694 695 696
147 9 2 10 12 493 170 268 697 698 699
148 9 2 10 12 199 279 439 700 701 702
149 9 2 10 12 209 271 515 703 704 705
150 9 2 10 12 210 272 516 706 707 708
151 9 2 10 12 211 517 273 709 710 711
152 9 2 10 12 212 518 274 712 713 714
153 9 2 10 12 204 331 287 715 716 717
154 9 2 10 12 203 288 332 718 719 720
155 9 2 10 12 200 440 280 721 722 723
156 9 2 10 12 238 439 279 724 701 649
157 9 2 10 12 428 298 490 725 726 727
158 9 2 10 12 237 280 440 648 722 728
159 9 2 10 12 227 407 301 729 730 731
160 9 2 10 12 228 302 408 732 733 734
161 9 2 10 12 88 291 461 683 735 736
162 9 2 10 12 110 462 292 737 738 684
163 9 2 10 12 266 163 375 695 739 740
164 9 2 10 12 268 170 376 698 741 742
165 9 2 10 12 172 265 377 587 743 744
166 9 2 10 12 165 267 378 590 745 746
167 9 2 10 12 298 206 490 577 747 726
168 9 2 10 12 207 345 301 748 749 750
169 9 2 10 12 208 302 346 751 752 753
170 9 2 10 12 207 305 345 754 755 748
171 9 2 10 12 208 346 306 753 756 757
172 9 2 10 12 240 336 424 758 759 760
173 9 2 10 12 239 421 335 761 762 763
174 9 2 10 12 213 520 283 764 765 766
175 9 2 10 12 213 284 520 767 768 764
176 9 2 10 12 214 521 285 769 770 771
177 9 2 10 12 214 286 521 772 773 769
178 9 2 10 12 23 391 274 774 775 776
179 9 2 10 12 185 345 321 777 678 778
180 9 2 10 12 186 322 346 779 681 780
181 9 2 10 12 302 533 408 781 782 733
182 9 2 10 12 301 407 532 730 783 784
183 9 2 10 12 210 401 272 785 786 706
184 9 2 10 12 211 273 402 711 787 788
185 9 2 10 12 217 284 309 789 790 791
186 9 2 10 12 218 286 311 792 793 794
187 9 2 10 12 219 310 283 795 796 797
188 9 2 10 12 220 312 285 798 799 800
189 9 2 10 12 205 427 315 801 644 627
190 9 2 10 12 180 305 403 802 803 804
191 9 2 10 12 179 404 306 805 806 807
192 9 2 10 12 213 283 310 766 796 808
193 9 2 10 12 213 309 284 809 790 767
194 9 2 10 12 214 285 312 771 799 810
195 9 2 10 12 214 311 286 811 793 772
196 9 2 10 12 209 390 271 812 813 703
197 9 2 10 12 212 274 391 714 775 814
198 9 2 10 12 221 269 502 815 816 817
199 9 2 10 12 222 503 270 818 819 820
200 9 2 10 12 221 395 269 821 570 815
201 9 2 10 12 222 270 396 820 567 822
202 9 2 10 12 280 450 554 647 823 824
203 9 2 10 12 279 555 449 825 826 650
204 9 2 10 12 340 458 492 827 828 829
205 9 2 10 12 188 492 458 830 828 831
206 9 2 10 12 67 299 429 691 832 833
207 9 2 10 12 151 430 300 834 835 692
208 9 2 10 12 145 146 303 155 836 837
209 9 2 10 12 72 73 304 82 838 839
210 9 2 10 12 101 402 273 840 787 841
211 9 2 10 12 209 515 293 705 842 843
212 9 2 10 12 210 516 294 708 844 845
213 9 2 10 12 211 295 517 846 847 709
214 9 2 10 12 212 296 518 848 849 712
215 9 2 10 12 199 424 336 850 759 851
216 9 2 10 12 200 335 421 852 762 853
217 9 2 10 12 253 461 291 854 735 855
218 9 2 10 12 254 292 462 856 738 857
219 9 2 10 12 234 362 299 858 859 860
220 9 2 10 12 233 300 361 861 862 863
221 9 2 10 12 249 443 315 864 865 643
222 9 2 10 12 223 345 305 679 755 866
223 9 2 10 12 224 306 346 867 756 680
224 9 2 10 12 199 420 279 868 869 700
225 9 2 10 12 200 280 419 723 870 871
226 9 2 10 12 215 363 400 872 873 874
227 9 2 10 12 86 87 307 116 875 876
228 9 2 10 12 111 112 308 141 877 878
229 9 2 10 12 24 25 318 54 879 880
230 9 2 10 12 17 18 317 47 881 882
231 9 2 10 12 187 297 519 883 884 885
232 9 2 10 12 180 403 485 804 886 887
233 9 2 10 12 179 488 404 888 889 805
234 9 2 10 12 213 337 309 890 891 809
235 9 2 10 12 214 338 311 892 893 811
236 9 2 10 12 3 85 411 114 894 895
237 9 2 10 12 3 411 74 895 896 84
238 9 2 10 12 4 144 412 153 897 898
239 9 2 10 12 4 412 113 898 899 143
240 9 2 10 12 101 273 482 841 900 901
241 9 2 10 12 23 274 481 776 902 903
242 9 2 10 12 216 392 364 904 905 906
243 9 2 10 12 182 323 310 907 908 909
244 9 2 10 12 184 324 312 910 911 912
245 9 2 10 12 217 463 293 913 914 915
246 9 2 10 12 218 464 294 916 917 918
247 9 2 10 12 219 295 465 919 920 921
248 9 2 10 12 220 296 466 922 923 924
249 9 2 10 12 221 371 355 654 925 926
250 9 2 10 12 222 356 372 927 928 655
251 9 2 10 12 257 355 371 929 925 930
252 9 2 10 12 258 372 356 931 928 932
253 9 2 10 12 189 341 476 603 933 934
254 9 2 10 12 190 477 342 935 936 604
255 9 2 10 12 148 289 379 937 938 939
256 9 2 10 12 70 380 290 940 941 942
257 9 2 10 12 213 323 337 943 944 890
258 9 2 10 12 214 324 338 945 946 892
259 9 2 10 12 19 522 390 947 948 949
260 9 2 10 12 197 313 518 950 951 952
261 9 2 10 12 198 314 517 953 954 955
262 9 2 10 12 213 310 323 808 908 943
263 9 2 10 12 214 312 324 810 911 945
264 9 2 10 12 271 390 522 813 948 956
265 9 2 10 12 263 498 383 957 613 958
266 9 2 10 12 264 384 499 959 616 960
267 9 2 10 12 227 301 405 731 961 962
268 9 2 10 12 228 406 302 963 964 732
269 9 2 10 12 185 405 301 965 961 966
270 9 2 10 12 186 302 406 967 964 968
271 9 2 10 12 181 309 337 969 891 970
272 9 2 10 12 183 311 338 971 893 972
273 9 2 10 12 297 457 519 973 974 884
274 9 2 10 12 185 301 345 966 749 777
275 9 2 10 12 186 346 302 780 752 967
276 9 2 10 12 10 11 315 40 975 976
277 9 2 10 12 31 32 316 61 977 978
278 9 2 10 12 15 16 360 45 979 658
279 9 2 10 12 26 27 359 56 661 980
280 9 2 10 12 204 287 486 717 981 982
281 9 2 10 12 203 487 288 983 984 718
282 9 2 10 12 268 376 434 742 985 986
283 9 2 10 12 266 375 433 740 987 988
284 9 2 10 12 267 436 378 989 990 745
285 9 2 10 12 265 435 377 991 992 743
286 9 2 10 12 257 455 367 993 611 994
287 9 2 10 12 258 368 456 995 608 996
288 9 2 10 12 102 103 320 132 997 998
289 9 2 10 12 95 96 319 125 999 1000
290 9 2 10 12 251 383 441 1001 596 1002
291 9 2 10 12 252 442 384 1003 599 1004
292 9 2 10 12 218 434 376 1005 985 1006
293 9 2 10 12 217 433 375 1007 987 1008
294 9 2 10 12 219 377 435 1009 992 1010
295 9 2 10 12 220 378 436 1011 990 1012
296 9 2 10 12 8 9 329 38 1013 1014
297 9 2 10 12 33 34 330 63 1015 1016
298 9 2 10 12 211 320 409 1017 1018 1019
299 9 2 10 12 66 429 351 1020 1021 1022
300 9 2 10 12 152 352 430 1023 1024 1025
301 9 2 10 12 89 370 291 1026 1027 682
302 9 2 10 12 109 292 369 685 1028 1029
303 9 2 10 12 275 326 532 1030 1031 1032
304 9 2 10 12 276 533 327 1033 1034 1035
305 9 2 10 12 272 552 516 1036 1037 707
306 9 2 10 12 271 551 515 1038 1039 704
307 9 2 10 12 207 532 326 1040 1031 672
308 9 2 10 12 208 327 533 677 1034 1041
309 9 2 10 12 66 67 429 76 833 1020
310 9 2 10 12 151 152 430 161 1025 834
311 9 2 10 12 274 518 313 713 951 1042
312 9 2 10 12 273 517 314 710 954 1043
313 9 2 10 12 248 400 363 1044 873 1045
314 9 2 10 12 210 410 319 1046 1047 1048
315 9 2 10 12 262 458 340 1049 827 1050
316 9 2 10 12 209 293 347 843 1051 1052
317 9 2 10 12 210 294 348 845 1053 1054
318 9 2 10 12 211 349 295 1055 1056 846
319 9 2 10 12 212 350 296 1057 1058 848
320 9 2 10 12 217 375 284 1008 1059 789
321 9 2 10 12 218 376 286 1006 1060 792
322 9 2 10 12 219 283 377 797 1061 1009
323 9 2 10 12 220 285 378 800 1062 1011
324 9 2 10 12 245 364 392 1063 905 1064
325 9 2 10 12 237 409 320 1065 1018 1066
326 9 2 10 12 238 319 410 1067 1047 1068
327 9 2 10 12 216 387 398 1069 1070 1071
328 9 2 10 12 215 337 323 1072 944 1073
329 9 2 10 12 216 338 324 1074 946 1075
330 9 2 10 12 210 319 401 1048 1076 785
331 9 2 10 12 211 402 320 788 1077 1017
332 9 2 10 12 212 318 397 1078 1079 1080
333 9 2 10 12 24 318 391 880 1081 1082
334 9 2 10 12 18 390 317 1083 1084 881
335 9 2 10 12 272 353 552 1085 1086 1036
336 9 2 10 12 271 354 551 1087 1088 1038
337 9 2 10 12 225 361 300 1089 862 1090
338 9 2 10 12 226 299 362 1091 859 1092
339 9 2 10 12 223 305 385 866 1093 1094
340 9 2 10 12 180 385 305 1095 1093 802
341 9 2 10 12 179 306 386 807 1096 1097
342 9 2 10 12 224 386 306 1098 1096 867
343 9 2 10 12 287 498 525 1099 1100 1101
344 9 2 10 12 288 526 499 1102 1103 1104
345 9 2 10 12 197 394 313 1105 1106 950
346 9 2 10 12 198 393 314 1107 1108 953
347 9 2 10 12 209 399 317 1109 1110 1111
348 9 2 10 12 33 330 444 1016 1112 1113
349 9 2 10 12 9 443 329 1114 1115 1013
350 9 2 10 12 209 347 399 1052 634 1109
351 9 2 10 12 187 542 297 1116 1117 883
352 9 2 10 12 278 439 410 1118 1119 631
353 9 2 10 12 215 389 388 1120 1121 1122
354 9 2 10 12 97 523 401 1123 1124 1125
355 9 2 10 12 277 409 440 1126 1127 1128
356 9 2 10 12 212 397 350 1080 1129 1057
357 9 2 10 12 23 24 391 53 1082 774
358 9 2 10 12 18 19 390 48 949 1083
359 9 2 10 12 295 349 465 1056 1130 920
360 9 2 10 12 296 350 466 1058 1131 923
361 9 2 10 12 293 463 347 914 1132 1051
362 9 2 10 12 294 464 348 917 1133 1053
363 9 2 10 12 203 332 504 720 1134 1135
364 9 2 10 12 204 505 331 1136 1137 715
365 9 2 10 12 209 317 390 1111 1084 812
366 9 2 10 12 212 391 318 814 1081 1078
367 9 2 10 12 254 308 510 1138 1139 1140
368 9 2 10 12 253 511 307 1141 1142 1143
369 9 2 10 12 245 328 364 1144 1145 1063
370 9 2 10 12 232 397 318 1146 1079 1147
371 9 2 10 12 248 363 325 1045 1148 1149
372 9 2 10 12 148 541 289 1150 1151 937
373 9 2 10 12 70 290 540 942 1152 1153
374 9 2 10 12 70 71 380 80 1154 940
375 9 2 10 12 147 148 379 157 939 1155
376 9 2 10 12 272 401 523 786 1124 1156
377 9 2 10 12 210 348 410 1054 632 1046
378 9 2 10 12 238 410 439 1068 1119 724
379 9 2 10 12 231 317 399 1157 1110 1158
380 9 2 10 12 237 440 409 728 1127 1065
381 9 2 10 12 146 453 303 1159 1160 836
382 9 2 10 12 251 303 453 1161 1160 1162
383 9 2 10 12 252 454 304 1163 1164 1165
384 9 2 10 12 72 304 454 839 1164 1166
385 9 2 10 12 190 470 327 1167 1168 1169
386 9 2 10 12 189 326 469 1170 1171 1172
387 9 2 10 12 211 409 349 1019 1173 1055
388 9 2 10 12 202 290 484 1174 1175 1176
389 9 2 10 12 316 444 490 1177 1178 1179
390 9 2 10 12 233 289 541 1180 1151 1181
391 9 2 10 12 452 203 504 1182 1135 1183
392 9 2 10 12 505 204 451 1136 1184 1185
393 9 2 10 12 254 462 308 857 1186 1138
394 9 2 10 12 111 308 462 878 1186 1187
395 9 2 10 12 253 307 461 1143 1188 854
396 9 2 10 12 87 461 307 1189 1188 875
397 9 2 10 12 145 303 472 837 1190 1191
398 9 2 10 12 73 475 304 1192 1193 838
399 9 2 10 12 233 361 491 863 1194 1195
400 9 2 10 12 234 492 362 1196 1197 858
401 9 2 10 12 259 476 341 1198 933 1199
402 9 2 10 12 260 342 477 1200 936 1201
403 9 2 10 12 291 452 504 1202 1183 1203
404 9 2 10 12 292 505 451 1204 1185 1205
405 9 2 10 12 256 313 394 1206 1106 1207
406 9 2 10 12 255 314 393 1208 1108 1209
407 9 2 10 12 217 293 433 915 1210 1007
408 9 2 10 12 218 294 434 918 1211 1005
409 9 2 10 12 219 435 295 1010 1212 919
410 9 2 10 12 220 436 296 1012 1213 922
411 9 2 10 12 178 364 328 1214 1145 1215
412 9 2 10 12 233 506 289 1216 1217 1180
413 9 2 10 12 202 507 290 1218 1219 1174
414 9 2 10 12 250 444 330 1220 1112 1221
415 9 2 10 12 249 329 443 1222 1115 864
416 9 2 10 12 215 323 389 1073 1223 1120
417 9 2 10 12 177 325 363 1224 1148 1225
418 9 2 10 12 216 398 338 1071 1226 1074
419 9 2 10 12 11 367 315 1227 628 975
420 9 2 10 12 31 316 368 978 629 1228
421 9 2 10 12 263 525 498 1229 1100 957
422 9 2 10 12 264 499 526 960 1103 1230
423 9 2 10 12 216 324 392 1075 1231 904
424 9 2 10 12 215 400 337 874 1232 1072
425 9 2 10 12 253 291 504 855 1203 1233
426 9 2 10 12 254 505 292 1234 1204 856
427 9 2 10 12 10 315 443 976 865 1235
428 9 2 10 12 32 444 316 1236 1177 977
429 9 2 10 12 289 506 483 1217 1237 1238
430 9 2 10 12 234 540 507 1239 1240 1241
431 9 2 10 12 188 428 414 1242 1243 1244
432 9 2 10 12 207 301 532 750 784 1040
433 9 2 10 12 208 533 302 1041 781 751
434 9 2 10 12 233 418 300 1245 1246 861
435 9 2 10 12 68 417 299 1247 1248 690
436 9 2 10 12 150 300 418 693 1246 1249
437 9 2 10 12 234 299 417 860 1248 1250
438 9 2 10 12 207 403 305 674 803 754
439 9 2 10 12 208 306 404 757 806 675
440 9 2 10 12 201 483 506 1251 1237 1252
441 9 2 10 12 287 331 498 716 1253 1099
442 9 2 10 12 288 499 332 1104 1254 719
443 9 2 10 12 290 507 540 1219 1240 1152
444 9 2 10 12 350 397 548 1129 1255 1256
445 9 2 10 12 226 429 299 1257 832 1091
446 9 2 10 12 225 300 430 1090 835 1258
447 9 2 10 12 187 361 413 1259 1260 1261
448 9 2 10 12 188 414 362 1244 1262 1263
449 9 2 10 12 101 102 402 131 1264 840
450 9 2 10 12 96 97 401 126 1125 1265
451 9 2 10 12 205 297 427 574 1266 801
452 9 2 10 12 188 298 428 1267 725 1242
453 9 2 10 12 235 472 303 1268 1190 617
454 9 2 10 12 236 304 475 622 1193 1269
455 9 2 10 12 182 389 323 1270 1223 907
456 9 2 10 12 100 482 460 1271 1272 1273
457 9 2 10 12 22 481 459 1274 1275 1276
458 9 2 10 12 238 449 319 651 1277 1067
459 9 2 10 12 237 320 450 1066 1278 646
460 9 2 10 12 196 433 515 1279 1280 1281
461 9 2 10 12 195 434 516 1282 1283 1284
462 9 2 10 12 198 517 435 955 1285 1286
463 9 2 10 12 197 518 436 952 1287 1288
464 9 2 10 12 163 494 164 694 1289 167
465 9 2 10 12 170 493 171 697 1290 174
466 9 2 10 12 89 90 370 119 1291 1026
467 9 2 10 12 108 109 369 138 1029 1292
468 9 2 10 12 224 298 538 581 1293 1294
469 9 2 10 12 184 392 324 1295 1231 910
470 9 2 10 12 250 490 444 1296 1178 1220
471 9 2 10 12 313 459 481 1297 1275 1298
472 9 2 10 12 314 460 482 1299 1272 1300
473 9 2 10 12 11 12 367 41 1301 1227
474 9 2 10 12 30 31 368 60 1228 1302
475 9 2 10 12 223 457 297 1303 973 575
476 9 2 10 12 188 458 298 831 1304 1267
477 9 2 10 12 349 409 547 1173 1305 1306
478 9 2 10 12 227 325 407 1307 1308 729
479 9 2 10 12 177 407 325 1309 1308 1224
480 9 2 10 12 244 398 387 1310 1070 1311
481 9 2 10 12 293 515 433 842 1280 1210
482 9 2 10 12 294 516 434 844 1283 1211
483 9 2 10 12 295 435 517 1212 1285 847
484 9 2 10 12 296 436 518 1213 1287 849
485 9 2 10 12 251 441 303 1002 618 1161
486 9 2 10 12 252 304 442 1165 621 1003
487 9 2 10 12 241 388 389 1312 1121 1313
488 9 2 10 12 86 307 474 876 1314 1315
489 9 2 10 12 112 473 308 1316 1317 877
490 9 2 10 12 240 424 357 760 1318 1319
491 9 2 10 12 102 320 402 998 1077 1264
492 9 2 10 12 96 401 319 1265 1076 999
493 9 2 10 12 105 106 366 135 1320 1321
494 9 2 10 12 92 93 365 122 1322 1323
495 9 2 10 12 95 319 449 1000 1277 1324
496 9 2 10 12 103 450 320 1325 1278 997
497 9 2 10 12 228 408 328 734 1326 1327
498 9 2 10 12 230 373 343 1328 1329 1330
499 9 2 10 12 229 344 374 1331 1332 1333
500 9 2 10 12 178 328 408 1215 1326 1334
501 9 2 10 12 239 358 421 1335 1336 761
502 9 2 10 12 177 478 407 1337 1338 1309
503 9 2 10 12 177 388 358 1339 1340 1341
504 9 2 10 12 327 470 536 1168 1342 1343
505 9 2 10 12 326 537 469 1344 1345 1171
506 9 2 10 12 178 357 387 1346 1347 1348
507 9 2 10 12 249 413 329 1349 1350 1222
508 9 2 10 12 225 329 413 1351 1350 1352
509 9 2 10 12 226 414 330 1353 1354 1355
510 9 2 10 12 250 330 414 1221 1354 1356
511 9 2 10 12 178 408 471 1334 1357 1358
512 9 2 10 12 235 425 308 624 1359 1360
513 9 2 10 12 236 307 426 1361 1362 625
514 9 2 10 12 242 343 373 1363 1329 668
515 9 2 10 12 243 374 344 667 1332 1364
516 9 2 10 12 261 385 381 1365 1366 1367
517 9 2 10 12 180 381 385 1368 1366 1095
518 9 2 10 12 262 382 386 1369 1370 1371
519 9 2 10 12 179 386 382 1097 1370 1372
520 9 2 10 12 236 474 307 1373 1314 1361
521 9 2 10 12 235 308 473 1360 1317 1374
522 9 2 10 12 275 407 478 1375 1338 1376
523 9 2 10 12 275 532 407 1032 783 1375
524 9 2 10 12 276 408 533 1377 782 1033
525 9 2 10 12 276 471 408 1378 1357 1377
526 9 2 10 12 178 387 364 1348 1379 1214
527 9 2 10 12 221 502 333 817 1380 662
528 9 2 10 12 222 334 503 665 1381 818
529 9 2 10 12 177 363 388 1225 1382 1339
530 9 2 10 12 185 371 405 1383 653 965
531 9 2 10 12 186 406 372 968 656 1384
532 9 2 10 12 105 366 554 1321 1385 1386
533 9 2 10 12 93 555 365 1387 1388 1322
534 9 2 10 12 191 425 441 1389 623 595
535 9 2 10 12 192 442 426 600 626 1390
536 9 2 10 12 231 438 317 1391 1392 1157
537 9 2 10 12 232 318 437 1147 1393 1394
538 9 2 10 12 246 493 508 1395 1396 1397
539 9 2 10 12 247 494 509 1398 1399 1400
540 9 2 10 12 280 554 366 824 1385 1401
541 9 2 10 12 279 365 555 1402 1388 825
542 9 2 10 12 221 355 395 926 636 821
543 9 2 10 12 222 396 356 822 639 927
544 9 2 10 12 248 445 539 1403 1404 1405
545 9 2 10 12 260 477 404 1201 688 1406
546 9 2 10 12 259 403 476 1407 687 1198
547 9 2 10 12 225 500 329 1408 1409 1351
548 9 2 10 12 226 330 501 1355 1410 1411
549 9 2 10 12 181 463 309 1412 1413 969
550 9 2 10 12 183 464 311 1414 1415 971
551 9 2 10 12 182 310 465 909 1416 1417
552 9 2 10 12 184 312 466 912 1418 1419
553 9 2 10 12 308 425 510 1359 1420 1139
554 9 2 10 12 307 511 426 1142 1421 1362
555 9 2 10 12 183 338 398 972 1226 1422
556 9 2 10 12 17 317 438 882 1392 1423
557 9 2 10 12 25 437 318 1424 1393 879
558 9 2 10 12 297 542 427 1117 1425 1266
559 9 2 10 12 187 413 542 1261 1426 1116
560 9 2 10 12 245 527 447 1427 1428 1429
561 9 2 10 12 181 337 400 970 1232 1430
562 9 2 10 12 279 420 365 869 1431 1402
563 9 2 10 12 280 366 419 1401 1432 870
564 9 2 10 12 200 419 335 871 1433 852
565 9 2 10 12 199 336 420 851 1434 868
566 9 2 10 12 241 514 495 1435 1436 1437
567 9 2 10 12 196 509 433 1438 1439 1279
568 9 2 10 12 195 508 434 1440 1441 1282
569 9 2 10 12 227 405 333 962 663 1442
570 9 2 10 12 228 334 406 1443 664 963
571 9 2 10 12 230 365 420 1444 1431 1445
572 9 2 10 12 229 419 366 1446 1432 1447
573 9 2 10 12 269 422 502 1448 1449 816
574 9 2 10 12 270 503 423 819 1450 1451
575 9 2 10 12 244 489 524 1452 1453 1454
576 9 2 10 12 194 447 550 1455 1456 1457
577 9 2 10 12 226 501 351 1411 1458 1459
578 9 2 10 12 225 352 500 1460 1461 1408
579 9 2 10 12 229 335 419 1462 1433 1446
580 9 2 10 12 230 420 336 1445 1434 1463
581 9 2 10 12 193 549 445 1464 1465 1466
582 9 2 10 12 29 30 497 59 1467 1468
583 9 2 10 12 12 13 496 42 1469 1470
584 9 2 10 12 91 535 343 1471 1472 1473
585 9 2 10 12 107 344 534 1474 1475 1476
586 9 2 10 12 241 358 388 1477 1340 1312
587 9 2 10 12 266 433 509 988 1439 1478
588 9 2 10 12 268 434 508 986 1441 1479
589 9 2 10 12 206 316 490 630 1179 747
590 9 2 10 12 7 500 352 1480 1461 1481
591 9 2 10 12 35 351 501 1482 1458 1483
592 9 2 10 12 148 149 541 158 1484 1150
593 9 2 10 12 69 70 540 79 1153 1485
594 9 2 10 12 282 539 445 584 1404 1486
595 9 2 10 12 244 387 357 1311 1347 1487
596 9 2 10 12 107 468 344 1488 1489 1474
597 9 2 10 12 91 343 467 1473 1490 1491
598 9 2 10 12 205 455 321 612 1492 572
599 9 2 10 12 206 322 456 579 1493 607
600 9 2 10 12 99 100 460 129 1273 1494
601 9 2 10 12 21 22 459 51 1276 1495
602 9 2 10 12 204 341 451 1496 1497 1184
603 9 2 10 12 243 451 341 1498 1497 666
604 9 2 10 12 203 452 342 1182 1499 1500
605 9 2 10 12 242 342 452 669 1499 1501
606 9 2 10 12 7 8 500 37 1502 1480
607 9 2 10 12 34 35 501 64 1483 1503
608 9 2 10 12 265 479 435 1504 1505 991
609 9 2 10 12 267 480 436 1506 1507 989
610 9 2 10 12 254 331 505 1508 1137 1234
611 9 2 10 12 253 504 332 1233 1134 1509
612 9 2 10 12 198 435 479 1286 1505 1510
613 9 2 10 12 197 436 480 1288 1507 1511
614 9 2 10 12 29 497 356 1468 1512 638
615 9 2 10 12 13 355 496 637 1513 1469
616 9 2 10 12 215 388 363 1122 1382 872
617 9 2 10 12 248 325 553 1149 1514 1515
618 9 2 10 12 281 447 527 1516 1428 1517
619 9 2 10 12 193 422 549 1518 1519 1464
620 9 2 10 12 194 550 423 1457 1520 1521
621 9 2 10 12 216 364 387 906 1379 1069
622 9 2 10 12 270 423 359 1451 1522 660
623 9 2 10 12 269 360 422 659 1523 1448
624 9 2 10 12 227 448 325 1524 1525 1307
625 9 2 10 12 91 92 535 121 1526 1471
626 9 2 10 12 106 107 534 136 1476 1527
627 9 2 10 12 203 342 487 1500 1528 983
628 9 2 10 12 260 487 342 1529 1528 1200
629 9 2 10 12 259 341 486 1199 1530 1531
630 9 2 10 12 204 486 341 982 1530 1496
631 9 2 10 12 85 86 474 115 1315 1532
632 9 2 10 12 144 145 472 154 1191 1533
633 9 2 10 12 112 113 473 142 1534 1316
634 9 2 10 12 73 74 475 83 1535 1192
635 9 2 10 12 245 562 328 1536 1537 1144
636 9 2 10 12 185 321 558 778 1538 1539
637 9 2 10 12 186 559 322 1540 1541 779
638 9 2 10 12 228 328 446 1327 1542 1543
639 9 2 10 12 217 309 463 791 1413 913
640 9 2 10 12 218 311 464 794 1415 916
641 9 2 10 12 219 465 310 921 1416 795
642 9 2 10 12 220 466 312 924 1418 798
643 9 2 10 12 228 446 334 1543 1544 1443
644 9 2 10 12 227 333 448 1442 1545 1524
645 9 2 10 12 256 459 313 1546 1297 1206
646 9 2 10 12 255 460 314 1547 1299 1208
647 9 2 10 12 107 108 468 137 1548 1488
648 9 2 10 12 90 91 467 120 1491 1549
649 9 2 10 12 193 502 422 1550 1449 1518
650 9 2 10 12 194 423 503 1521 1450 1551
651 9 2 10 12 194 334 446 1552 1544 1553
652 9 2 10 12 250 414 428 1356 1243 1554
653 9 2 10 12 193 448 333 1555 1545 1556
654 9 2 10 12 226 351 429 1459 1021 1257
655 9 2 10 12 225 430 352 1258 1024 1460
656 9 2 10 12 181 347 463 594 1132 1412
657 9 2 10 12 183 348 464 592 1133 1414
658 9 2 10 12 182 465 349 1417 1130 1557
659 9 2 10 12 184 466 350 1419 1131 1558
660 9 2 10 12 229 534 344 1559 1475 1331
661 9 2 10 12 230 343 535 1330 1472 1560
662 9 2 10 12 195 516 552 1284 1037 1561
663 9 2 10 12 196 515 551 1281 1039 1562
664 9 2 10 12 274 313 481 1042 1298 902
665 9 2 10 12 273 314 482 1043 1300 900
666 9 2 10 12 189 476 326 934 686 1170
667 9 2 10 12 190 327 477 1169 689 935
668 9 2 10 12 68 69 417 78 1563 1247
669 9 2 10 12 149 150 418 159 1249 1564
670 9 2 10 12 275 537 326 1565 1344 1030
671 9 2 10 12 276 327 536 1035 1343 1566
672 9 2 10 12 247 432 494 1567 1568 1398
673 9 2 10 12 246 431 493 1569 1570 1395
674 9 2 10 12 260 404 488 1406 889 1571
675 9 2 10 12 259 485 403 1572 886 1407
676 9 2 10 12 225 413 361 1352 1260 1089
677 9 2 10 12 226 362 414 1092 1262 1353
678 9 2 10 12 201 339 512 1573 1574 1575
679 9 2 10 12 261 512 339 1576 1574 1577
680 9 2 10 12 202 513 340 1578 1579 1580
681 9 2 10 12 262 340 513 1050 1579 1581
682 9 2 10 12 191 331 510 1582 1583 1584
683 9 2 10 12 254 510 331 1140 1583 1508
684 9 2 10 12 253 332 511 1509 1585 1141
685 9 2 10 12 192 511 332 1586 1585 1587
686 9 2 10 12 291 370 452 1027 1588 1202
687 9 2 10 12 292 451 369 1205 1589 1028
688 9 2 10 12 16 17 438 46 1423 1590
689 9 2 10 12 25 26 437 55 1591 1424
690 9 2 10 12 244 357 424 1487 1318 1592
691 9 2 10 12 268 508 493 1479 1396 699
692 9 2 10 12 266 509 494 1478 1399 696
693 9 2 10 12 191 498 331 614 1253 1582
694 9 2 10 12 192 332 499 1587 1254 615
695 9 2 10 12 241 421 358 1593 1336 1477
696 9 2 10 12 193 333 502 1556 1380 1550
697 9 2 10 12 194 503 334 1551 1381 1552
698 9 2 10 12 8 329 500 1014 1409 1502
699 9 2 10 12 34 501 330 1503 1410 1015
700 9 2 10 12 239 335 469 763 1594 1595
701 9 2 10 12 240 470 336 1596 1597 758
702 9 2 10 12 255 552 353 1598 1086 1599
703 9 2 10 12 256 551 354 1600 1088 1601
704 9 2 10 12 282 549 399 1602 1603 633
705 9 2 10 12 257 371 558 930 1604 1605
706 9 2 10 12 258 559 372 1606 1607 931
707 9 2 10 12 277 495 514 1608 1436 1609
708 9 2 10 12 281 397 550 1610 1611 1612
709 9 2 10 12 242 467 343 1613 1490 1363
710 9 2 10 12 243 344 468 1364 1489 1614
711 9 2 10 12 233 339 506 1615 1616 1216
712 9 2 10 12 202 340 507 1580 1617 1218
713 9 2 10 12 289 483 379 1238 1618 938
714 9 2 10 12 290 380 484 941 1619 1175
715 9 2 10 12 233 491 339 1195 1620 1615
716 9 2 10 12 234 340 492 1621 829 1196
717 9 2 10 12 232 359 423 1622 1522 1623
718 9 2 10 12 231 422 360 1624 1523 1625
719 9 2 10 12 246 415 393 1626 1627 1628
720 9 2 10 12 247 416 394 1629 1630 1631
721 9 2 10 12 229 546 335 1632 1633 1462
722 9 2 10 12 230 336 545 1463 1634 1635
723 9 2 10 12 278 524 489 565 1453 1636
724 9 2 10 12 100 101 482 130 901 1271
725 9 2 10 12 22 23 481 52 903 1274
726 9 2 10 12 231 399 549 1158 1603 1637
727 9 2 10 12 9 10 443 39 1235 1114
728 9 2 10 12 32 33 444 62 1113 1236
729 9 2 10 12 265 431 479 586 1638 1504
730 9 2 10 12 267 432 480 589 1639 1506
731 9 2 10 12 232 550 397 1640 1611 1146
732 9 2 10 12 255 353 543 1599 1641 1642
733 9 2 10 12 256 354 544 1601 1643 1644
734 9 2 10 12 94 95 449 124 1324 1645
735 9 2 10 12 103 104 450 133 1646 1325
736 9 2 10 12 229 366 534 1447 1647 1559
737 9 2 10 12 230 535 365 1560 1648 1444
738 9 2 10 12 201 506 339 1252 1616 1573
739 9 2 10 12 234 507 340 1241 1617 1621
740 9 2 10 12 246 479 431 1649 1638 1569
741 9 2 10 12 247 480 432 1650 1639 1567
742 9 2 10 12 16 438 360 1590 1651 979
743 9 2 10 12 26 359 437 980 1652 1591
744 9 2 10 12 261 339 519 1577 1653 1654
745 9 2 10 12 85 474 411 1532 1655 894
746 9 2 10 12 144 472 412 1533 1656 897
747 9 2 10 12 113 412 473 899 1657 1534
748 9 2 10 12 74 411 475 896 1658 1535
749 9 2 10 12 233 541 418 1181 1659 1245
750 9 2 10 12 234 417 540 1250 1660 1239
751 9 2 10 12 232 437 359 1394 1652 1622
752 9 2 10 12 231 360 438 1625 1651 1391
753 9 2 10 12 146 147 453 156 1661 1159
754 9 2 10 12 71 72 454 81 1166 1662
755 9 2 10 12 12 496 367 1470 1663 1301
756 9 2 10 12 30 368 497 1302 1664 1467
757 9 2 10 12 20 21 544 50 1665 1666
758 9 2 10 12 98 99 543 128 1667 1668
759 9 2 10 12 87 88 461 117 736 1189
760 9 2 10 12 110 111 462 140 1187 737
761 9 2 10 12 281 548 397 1669 1255 1610
762 9 2 10 12 94 449 555 1645 826 1670
763 9 2 10 12 104 554 450 1671 823 1646
764 9 2 10 12 20 544 354 1666 1643 1672
765 9 2 10 12 98 543 353 1668 1641 1673
766 9 2 10 12 277 547 409 1674 1305 1126
767 9 2 10 12 97 98 523 127 1675 1123
768 9 2 10 12 19 20 522 49 1676 947
769 9 2 10 12 271 522 354 956 1677 1087
770 9 2 10 12 272 523 353 1156 1678 1085
771 9 2 10 12 255 393 415 1209 1627 1679
772 9 2 10 12 256 394 416 1207 1630 1680
773 9 2 10 12 98 353 523 1673 1678 1675
774 9 2 10 12 20 354 522 1672 1677 1676
775 9 2 10 12 178 471 357 1358 1681 1346
776 9 2 10 12 257 558 455 1605 1682 993
777 9 2 10 12 258 456 559 996 1683 1606
778 9 2 10 12 7 352 561 1481 1684 1685
779 9 2 10 12 66 351 560 1022 1686 1687
780 9 2 10 12 35 560 351 1688 1686 1482
781 9 2 10 12 152 561 352 1689 1684 1023
782 9 2 10 12 177 358 478 1341 1690 1337
783 9 2 10 12 261 457 385 1691 1692 1365
784 9 2 10 12 223 385 457 1094 1692 1303
785 9 2 10 12 182 349 547 1557 1306 1693
786 9 2 10 12 184 350 548 1558 1256 1694
787 9 2 10 12 243 369 451 1695 1589 1498
788 9 2 10 12 242 452 370 1501 1588 1696
789 9 2 10 12 242 370 467 1696 1697 1613
790 9 2 10 12 243 468 369 1614 1698 1695
791 9 2 10 12 240 357 471 1319 1681 1699
792 9 2 10 12 147 379 453 1155 1700 1661
793 9 2 10 12 251 453 379 1162 1700 1701
794 9 2 10 12 252 380 454 1702 1703 1163
795 9 2 10 12 71 454 380 1662 1703 1154
796 9 2 10 12 93 94 555 123 1670 1387
797 9 2 10 12 104 105 554 134 1386 1671
798 9 2 10 12 239 478 358 1704 1690 1335
799 9 2 10 12 257 367 496 994 1663 1705
800 9 2 10 12 258 497 368 1706 1664 995
801 9 2 10 12 1 561 152 1707 1689 162
802 9 2 10 12 2 560 35 1708 1688 65
803 9 2 10 12 2 66 560 75 1687 1708
804 9 2 10 12 1 7 561 36 1685 1707
805 9 2 10 12 257 496 355 1705 1513 929
806 9 2 10 12 258 356 497 932 1512 1706
807 9 2 10 12 90 467 370 1549 1697 1291
808 9 2 10 12 108 369 468 1292 1698 1548
809 9 2 10 12 241 389 514 1313 1709 1435
810 9 2 10 12 5 172 530 176 1710 1711
811 9 2 10 12 6 165 531 169 1712 1713
812 9 2 10 12 5 528 163 1714 1715 166
813 9 2 10 12 6 529 170 1716 1717 173
814 9 2 10 12 244 524 398 1454 1718 1310
815 9 2 10 12 187 491 361 1719 1194 1259
816 9 2 10 12 188 362 492 1263 1197 830
817 9 2 10 12 190 373 545 606 1720 1721
818 9 2 10 12 189 546 374 1722 1723 601
819 9 2 10 12 261 519 457 1654 974 1691
820 9 2 10 12 245 392 527 1064 1724 1427
821 9 2 10 12 248 539 400 1405 1725 1044
822 9 2 10 12 251 379 483 1701 1618 1726
823 9 2 10 12 252 484 380 1727 1619 1702
824 9 2 10 12 263 381 525 1728 1729 1229
825 9 2 10 12 180 525 381 1730 1729 1368
826 9 2 10 12 264 526 382 1230 1731 1732
827 9 2 10 12 179 382 526 1372 1731 1733
828 9 2 10 12 251 483 383 1726 1734 1001
829 9 2 10 12 252 384 484 1004 1735 1727
830 9 2 10 12 229 374 546 1333 1723 1632
831 9 2 10 12 230 545 373 1635 1720 1328
832 9 2 10 12 250 428 490 1554 727 1296
833 9 2 10 12 201 383 483 1736 1734 1251
834 9 2 10 12 202 484 384 1176 1735 1737
835 9 2 10 12 246 393 479 1628 1738 1649
836 9 2 10 12 247 394 480 1631 1739 1650
837 9 2 10 12 241 495 421 1437 1740 1593
838 9 2 10 12 298 458 538 1304 1741 1293
839 9 2 10 12 194 446 562 1553 1742 1743
840 9 2 10 12 163 528 375 1715 1744 739
841 9 2 10 12 170 529 376 1717 1745 741
842 9 2 10 12 172 377 530 744 1746 1710
843 9 2 10 12 165 378 531 746 1747 1712
844 9 2 10 12 194 562 447 1743 1748 1455
845 9 2 10 12 106 534 366 1527 1647 1320
846 9 2 10 12 92 365 535 1323 1648 1526
847 9 2 10 12 263 556 381 1749 1750 1728
848 9 2 10 12 264 382 557 1732 1751 1752
849 9 2 10 12 244 424 489 1592 1753 1452
850 9 2 10 12 193 445 553 1466 1754 1755
851 9 2 10 12 193 553 448 1755 1756 1555
852 9 2 10 12 198 479 393 1510 1738 1107
853 9 2 10 12 197 480 394 1511 1739 1105
854 9 2 10 12 255 415 552 1679 1757 1598
855 9 2 10 12 256 416 551 1680 1758 1600
856 9 2 10 12 235 412 472 1759 1656 1268
857 9 2 10 12 235 473 412 1374 1657 1759
858 9 2 10 12 236 411 474 1760 1655 1373
859 9 2 10 12 236 475 411 1269 1658 1760
860 9 2 10 12 262 386 538 1371 1761 1762
861 9 2 10 12 261 381 512 1367 1763 1576
862 9 2 10 12 262 513 382 1581 1764 1369
863 9 2 10 12 185 558 371 1539 1604 1383
864 9 2 10 12 186 372 559 1384 1607 1540
865 9 2 10 12 239 469 537 1595 1345 1765
866 9 2 10 12 240 536 470 1766 1342 1596
867 9 2 10 12 180 485 525 887 1767 1730
868 9 2 10 12 287 525 485 1101 1767 1768
869 9 2 10 12 288 488 526 1769 1770 1102
870 9 2 10 12 179 526 488 1733 1770 888
871 9 2 10 12 182 514 389 1771 1709 1270
872 9 2 10 12 195 415 508 1772 1773 1440
873 9 2 10 12 196 416 509 1774 1775 1438
874 9 2 10 12 283 530 377 1776 1746 1061
875 9 2 10 12 284 375 528 1059 1744 1777
876 9 2 10 12 285 531 378 1778 1747 1062
877 9 2 10 12 286 376 529 1060 1745 1779
878 9 2 10 12 199 489 424 1780 1753 850
879 9 2 10 12 224 538 386 1294 1761 1098
880 9 2 10 12 184 527 392 1781 1724 1295
881 9 2 10 12 201 556 383 1782 1783 1736
882 9 2 10 12 263 383 556 958 1783 1749
883 9 2 10 12 202 384 557 1737 1784 1785
884 9 2 10 12 264 557 384 1752 1784 959
885 9 2 10 12 171 493 431 1290 1570 671
886 9 2 10 12 164 494 432 1289 1568 670
887 9 2 10 12 249 542 413 1786 1426 1349
888 9 2 10 12 200 421 495 853 1740 1787
889 9 2 10 12 339 491 519 1620 1788 1653
890 9 2 10 12 187 519 491 885 1788 1719
891 9 2 10 12 199 439 489 702 1789 1780
892 9 2 10 12 246 508 415 1397 1773 1626
893 9 2 10 12 247 509 416 1400 1775 1629
894 9 2 10 12 183 398 524 1422 1718 591
895 9 2 10 12 255 543 460 1642 1790 1547
896 9 2 10 12 256 544 459 1644 1791 1546
897 9 2 10 12 287 485 486 1768 1792 981
898 9 2 10 12 259 486 485 1531 1792 1572
899 9 2 10 12 288 487 488 984 1793 1769
900 9 2 10 12 260 488 487 1571 1793 1529
901 9 2 10 12 200 495 440 1787 1794 721
902 9 2 10 12 249 427 542 645 1425 1786
903 9 2 10 12 278 489 439 1636 1789 1118
904 9 2 10 12 190 545 470 1721 1795 1167
905 9 2 10 12 189 469 546 1172 1796 1722
906 9 2 10 12 181 400 539 1430 1725 593
907 9 2 10 12 281 550 447 1612 1456 1516
908 9 2 10 12 277 440 495 1128 1794 1608
909 9 2 10 12 191 510 425 1584 1420 1389
910 9 2 10 12 192 426 511 1390 1421 1586
911 9 2 10 12 282 445 549 1486 1465 1602
912 9 2 10 12 69 540 417 1485 1660 1563
913 9 2 10 12 149 418 541 1564 1659 1484
914 9 2 10 12 240 471 536 1699 1797 1766
915 9 2 10 12 276 536 471 1566 1797 1378
916 9 2 10 12 239 537 478 1765 1798 1704
917 9 2 10 12 195 552 415 1561 1757 1772
918 9 2 10 12 196 551 416 1562 1758 1774
919 9 2 10 12 275 478 537 1376 1798 1565
920 9 2 10 12 231 549 422 1637 1519 1624
921 9 2 10 12 232 423 550 1623 1520 1640
922 9 2 10 12 262 538 458 1762 1741 1049
923 9 2 10 12 321 455 558 1492 1682 1538
924 9 2 10 12 322 559 456 1541 1683 1493
925 9 2 10 12 381 556 512 1750 1799 1763
926 9 2 10 12 382 513 557 1764 1800 1751
927 9 2 10 12 5 520 528 1801 1802 1714
928 9 2 10 12 6 521 529 1803 1804 1716
929 9 2 10 12 5 530 520 1711 1805 1801
930 9 2 10 12 6 531 521 1713 1806 1803
931 9 2 10 12 248 553 445 1515 1754 1403
932 9 2 10 12 325 448 553 1525 1756 1514
933 9 2 10 12 328 562 446 1537 1742 1542
934 9 2 10 12 245 447 562 1429 1748 1536
935 9 2 10 12 336 470 545 1597 1795 1634
936 9 2 10 12 335 546 469 1633 1796 1594
937 9 2 10 12 99 460 543 1494 1790 1667
938 9 2 10 12 21 459 544 1495 1791 1665
939 9 2 10 12 284 528 520 1777 1802 768
940 9 2 10 12 286 529 521 1779 1804 773
941 9 2 10 12 283 520 530 765 1805 1776
942 9 2 10 12 285 521 531 770 1806 1778
943 9 2 10 12 277 514 547 1609 1807 1674
944 9 2 10 12 182 547 514 1693 1807 1771
945 9 2 10 12 201 512 556 1575 1799 1782
946 9 2 10 12 202 557 513 1785 1800 1578
947 9 2 10 12 184 548 527 1694 1808 1781
948 9 2 10 12 281 527 548 1517 1808 1669
$EndElements