$MeshFormat
2.2 0 8
$EndMeshFormat
$Nodes
1985
1 0 0 0
2 1.5 0 0
3 5 0 0
4 5 1 0
5 1.5 1 0
6 0 1 0
7 0.6 0.49 0
8 0.8 0.49 0
9 0 0.7 0
10 0 0.3 0
11 0.09999999999956016 0 0
12 0.1999999999991797 0 0
13 0.2999999999987273 0 0
14 0.399999999998371 0 0
15 0.4999999999980147 0 0
16 0.5999999999976584 0 0
17 0.6999999999973021 0 0
18 0.799999999997316 0 0
19 0.8999999999976995 0 0
20 0.9999999999980829 0 0
21 1.099999999998466 0 0
22 1.19999999999885 0 0
23 1.299999999999233 0 0
24 1.399999999999616 0 0
25 0.0499999999997871 0 0
26 0.1499999999993731 0 0
27 0.2499999999989535 0 0
28 0.3499999999985535 0 0
29 0.4499999999981982 0 0
30 0.5499999999978246 0 0
31 0.6499999999974704 0 0
32 0.7499999999971865 0 0
33 0.8499999999975114 0 0
34 0.9499999999978943 0 0
35 1.049999999998275 0 0
36 1.149999999998661 0 0
37 1.249999999999001 0 0
38 1.349999999999425 0 0
39 1.449999999999827 0 0
40 1.598398406406691 0 0
41 1.69956316622664 0 0
42 1.803572037350657 0 0
43 1.910505005593579 0 0
44 2.020444248140296 0 0
45 2.133474334969415 0 0
46 2.249682114879001 0 0
47 2.369156932883387 0 0
48 2.491990648637298 0 0
49 2.618277705187979 0 0
50 2.748115164958391 0 0
51 2.881602842581207 0 0
52 3.018843388647588 0 0
53 3.159942280436479 0 0
54 3.305008002622814 0 0
55 3.45415206721074 0 0
56 3.60748918701745 0 0
57 3.76513718708045 0 0
58 3.927217238287477 0 0
59 4.093853987411402 0 0
60 4.265175503547953 0 0
61 4.44131357396772 0 0
62 4.622403538742169 0 0
63 4.808584633364633 0 0
64 1.549199203203357 0 0
65 1.648980786316663 0 0
66 1.751567601788671 0 0
67 1.857038521472099 0 0
68 1.96547462686695 0 0
69 2.076959291554819 0 0
70 2.191578224924208 0 0
71 2.309419523881173 0 0
72 2.430573790760364 0 0
73 2.555134176912639 0 0
74 2.683196435073135 0 0
75 2.814859003769767 0 0
76 2.950223115614397 0 0
77 3.08939283454205 0 0
78 3.232475141529548 0 0
79 3.379580034916787 0 0
80 3.530820627114029 0 0
81 3.686313187048969 0 0
82 3.846177212683973 0 0
83 4.010535612849404 0 0
84 4.179514745479738 0 0
85 4.353244538757997 0 0
86 4.531858556354918 0 0
87 4.715494086053537 0 0
88 4.904292316682271 0 0
89 5 0.1999999999995579 0
90 5 0.3999999999989749 0
91 5 0.5999999999989468 0
92 5 0.7999999999994734 0
93 5 0.09999999999981678 0
94 5 0.2999999999992664 0
95 5 0.4999999999986832 0
96 5 0.6999999999992101 0
97 5 0.8999999999997367 0
98 4.808584633362061 1 0
99 4.622403538739024 1 0
100 4.441313573964803 1 0
101 4.265175503545255 1 0
102 4.093853987408912 1 0
103 3.927217238285182 1 0
104 3.765137187078344 1 0
105 3.607489187015524 1 0
106 3.454152067209565 1 0
107 3.305008002623656 1 0
108 3.159942280436959 1 0
109 3.018843388646401 1 0
110 2.881602842579925 1 0
111 2.748115164957249 1 0
112 2.618277705186969 1 0
113 2.491990648636413 1 0
114 2.369156932882623 1 0
115 2.249682114878349 1 0
116 2.133474334968872 1 0
117 2.020444248139856 1 0
118 1.910505005593236 1 0
119 1.803572037350407 1 0
120 1.699563166226477 1 0
121 1.598398406406613 1 0
122 4.904292316680941 1 0
123 4.715494086050587 1 0
124 4.531858556351828 1 0
125 4.353244538755165 1 0
126 4.179514745477161 1 0
127 4.010535612847018 1 0
128 3.84617721268177 1 0
129 3.686313187046926 1 0
130 3.530820627112526 1 0
131 3.37958003491661 1 0
132 3.23247514153046 1 0
133 3.089392834541631 1 0
134 2.950223115613143 1 0
135 2.814859003768591 1 0
136 2.683196435072086 1 0
137 2.555134176911691 1 0
138 2.430573790759518 1 0
139 2.309419523880486 1 0
140 2.191578224923628 1 0
141 2.076959291554378 1 0
142 1.965474626866533 1 0
143 1.857038521471798 1 0
144 1.751567601788488 1 0
145 1.648980786316545 1 0
146 1.549199203203352 1 0
147 1.400000000001087 1 0
148 1.300000000001012 1 0
149 1.2000000000015 1 0
150 1.100000000001219 1 0
151 1.000000000000967 1 0
152 0.900000000001412 1 0
153 0.8000000000018716 1 0
154 0.7000000000019609 1 0
155 0.6000000000016807 1 0
156 0.5000000000014007 1 0
157 0.4000000000011206 1 0
158 0.3000000000008405 1 0
159 0.2000000000005604 1 0
160 0.1000000000002801 1 0
161 1.450000000000543 1 0
162 1.350000000001042 1 0
163 1.250000000001313 1 0
164 1.150000000001281 1 0
165 1.050000000001072 1 0
166 0.9500000000012142 1 0
167 0.8500000000016594 1 0
168 0.7500000000020588 1 0
169 0.6500000000018265 1 0
170 0.5500000000013841 1 0
171 0.4500000000011282 1 0
172 0.3500000000008474 1 0
173 0.2500000000005476 1 0
174 0.1500000000003863 1 0
175 0.05000000000015215 1 0
176 0.6292893218810941 0.4192893218815964 0
177 0.6999999999996102 0.39 0
178 0.770710678118568 0.4192893218812585 0
179 0.6076120467488352 0.4517316567635783 0
180 0.6617316567632555 0.3976120467489689 0
181 0.7382683432361759 0.3976120467487334 0
182 0.7923879532511122 0.4517316567634516 0
183 0.7707106781188369 0.5607106781184728 0
184 0.7000000000004258 0.5900000000000001 0
185 0.6292893218814941 0.5607106781188037 0
186 0.79238795325114 0.5282683432364816 0
187 0.7382683432368853 0.5823879532509728 0
188 0.6617316567636974 0.5823879532512143 0
189 0.6076120467489037 0.5282683432365873 0
190 0 0.9000000000001807 0
191 0 0.8000000000001664 0
192 0 0.9500000000001064 0
193 0 0.8500000000004694 0
194 0 0.7500000000000832 0
195 0 0.6000000000002439 0
196 0 0.5000000000005315 0
197 0 0.4000000000002657 0
198 0 0.6500000000001219 0
199 0 0.5500000000003877 0
200 0 0.4500000000003366 0
201 0 0.3500000000001899 0
202 0 0.2000000000002564 0
203 0 0.1000000000002544 0
204 0 0.2500000000001282 0
205 0 0.1500000000003991 0
206 0 0.05000000000013985 0
207 1.298233829672681 0.4970108936849301 0
208 1.799304381568646 0.5004334738469753 0
209 2.303316365356448 0.491251720941426 0
210 2.816584486558265 0.4777148005626264 0
211 0.3369230020918015 0.6412749870796179 0
212 0.3375944480099026 0.3460787469307189 0
213 3.317687939576824 0.5093373217084892 0
214 1.052974743467083 0.3437930740805167 0
215 1.039260523639391 0.6221763506799648 0
216 3.807891072833493 0.5000000000000902 0
217 1.540239389676145 0.6957218124017487 0
218 1.549199203203344 0.3097295311219785 0
219 4.278981322288497 0.5041864326916689 0
220 2.05131587331534 0.6877498463882822 0
221 2.053763135346021 0.3171393201949378 0
222 0.5198044570039218 0.7671582061647952 0
223 0.802988612362854 0.7641787723090038 0
224 1.271032345029741 0.7511073837867419 0
225 1.28518238779609 0.2499970464775821 0
226 2.554391873886399 0.6905543558628454 0
227 2.526818986120401 0.319624459205108 0
228 0.5218359456647067 0.2228448773062745 0
229 0.812280476388755 0.2120434571223972 0
230 1.792138645332394 0.7500702758675265 0
231 1.792569935795359 0.2454826963527755 0
232 3.05606594691115 0.3111147612642741 0
233 3.028924801716041 0.6793949488541419 0
234 2.292247916801852 0.7347146139625568 0
235 2.305707310300257 0.2564194442779806 0
236 0.1992395627923233 0.4880951740674443 0
237 0.4179311051702899 0.4950355661327119 0
238 3.538311785939532 0.7080696711209353 0
239 3.543622000431683 0.2817343083262519 0
240 0.1934441789960945 0.8116247230337237 0
241 0.1921693216989049 0.1914320670903114 0
242 0.9749237944883685 0.8248912174909346 0
243 1.498555752609317 0.4981449459609212 0
244 2.799328342012825 0.7525774017330975 0
245 2.799328342012804 0.2474225982670893 0
246 4.652225752743557 0.3555900051866006 0
247 0.953199956521013 0.4889144388390632 0
248 0.9688901569632792 0.1714077202530266 0
249 4.062994307509936 0.3047999386377026 0
250 4.058888602891885 0.6882228180190442 0
251 0.3662439123177373 0.1790612080667122 0
252 0.6581870666126163 0.7383845446397166 0
253 4.570806118544425 0.6862306758683614 0
254 1.984553703825737 0.49243631662909 0
255 1.127479958595347 0.490643902071481 0
256 0.3637962006739092 0.8024261588424603 0
257 0.9003455474033792 0.3385558023775669 0
258 1.418087469417224 0.8287862407837456 0
259 0.8958295525244067 0.6468529739998749 0
260 0.4990782615818201 0.618480981403609 0
261 0.4913456176924599 0.3671330635985492 0
262 0.6627462352198781 0.250194562923022 0
263 1.431962795042916 0.1646323813061696 0
264 3.301095860638433 0.233005112101864 0
265 3.300439319014486 0.7717884677115163 0
266 0.1562788165431801 0.6449254651488225 0
267 1.642598769426445 0.8342066561160826 0
268 1.642598769426472 0.1657933438839295 0
269 1.146886593673543 0.152225300106283 0
270 1.38951775093299 0.6422455413158584 0
271 1.391836202121312 0.3605095059778242 0
272 1.944567737470529 0.8412309783482981 0
273 1.944567737470575 0.1587690216517302 0
274 2.528649587897682 0.5027029016596526 0
275 3.803122236167202 0.7462268949956261 0
276 3.7849343665459 0.2465761852289646 0
277 0.1485963999505016 0.3421691690137352 0
278 1.649154436069465 0.5675999447015223 0
279 1.152724800644934 0.8517399639630864 0
280 1.694860771986543 0.3781101118748229 0
281 1.208867461164595 0.628990072445871 0
282 1.897817364695088 0.6281998535101129 0
283 1.902009599049573 0.3614875200695407 0
284 1.195331573637145 0.3618887417953721 0
285 4.35609705477952 0.2545593322765736 0
286 2.126503811205048 0.833066764946358 0
287 2.13378637324811 0.1716754821584475 0
288 0.6092379077243213 0.8726517215856873 0
289 4.307502294359566 0.7613264672255783 0
290 2.148274458407772 0.553903540936139 0
291 3.002420773731212 0.5000000000000644 0
292 2.450673728239591 0.1693463367258022 0
293 2.450673728239504 0.8306536632741373 0
294 0.606775967199134 0.1205758881751494 0
295 0.7760661151195073 0.6736398467567719 0
296 2.194944761571529 0.3736745754556148 0
297 2.396543090404293 0.6208300439909519 0
298 2.401706250660272 0.3708940076162097 0
299 0.7413961958620324 0.8738551172382937 0
300 0.7822100674657305 0.3100933630800734 0
301 0.4513694308572923 0.8667580954156215 0
302 2.646857578923524 0.8306302943982235 0
303 2.639574818027131 0.1671874257187751 0
304 0.5916969607263378 0.3046655811417118 0
305 0.7337668560860563 0.1188577242268512 0
306 3.490745473731928 0.523800886385057 0
307 0.2973519732000703 0.4590059692625977 0
308 1.119157149525307 0.7322090751358978 0
309 0.8947010991683067 0.8763087700849598 0
310 0.5943704127825856 0.6637562258408994 0
311 2.955969189430206 0.1653065097096539 0
312 2.955969189430181 0.8346934902901442 0
313 2.631015945467951 0.5681674407049467 0
314 1.312367529745254 0.8717995637549248 0
315 0.4219247441741218 0.7168431214995464 0
316 1.319559510630044 0.1208812666195593 0
317 0.4241559793716632 0.2728317734280231 0
318 0.4491962832567273 0.1210691977370666 0
319 1.685470170218559 0.6706394138346881 0
320 1.75580558981223 0.856934195973597 0
321 1.753414812081913 0.1481973131264858 0
322 0.8873094774332508 0.1164856379038975 0
323 2.70166865152961 0.3764060437124072 0
324 4.791145780585373 0.554952950771167 0
325 0.8886815045911667 0.5606963993183207 0
326 2.904243080213563 0.6289972622380567 0
327 2.904243080213561 0.3710027377620929 0
328 0.2753678398697406 0.8868700577306276 0
329 4.002112226839665 0.4973068779228133 0
330 3.159757306269934 0.1671073369956639 0
331 3.155130608222956 0.8348098397964381 0
332 1.537404498074583 0.8924823694639994 0
333 0.8897444610638853 0.4199667101210934 0
334 1.136122901120315 0.2696568695479847 0
335 0.5098851143021718 0.5257659980901156 0
336 0.1150535502684845 0.8849464497314463 0
337 4.768678218369124 0.769058339614491 0
338 0.2675152477518989 0.1082607218134623 0
339 0.102721322929744 0.545955089302938 0
340 0.9250194300571524 0.7375799687718224 0
341 1.541614711320317 0.1064980859898094 0
342 1.59210924525088 0.4174274253230043 0
343 0.1161645028421699 0.1107447553236429 0
344 3.143080263487861 0.451737007085825 0
345 3.45292234821408 0.8273583214658864 0
346 3.452922348213976 0.1726416785341002 0
347 2.203517531583653 0.6663589676686273 0
348 1.772243432588619 0.6252012120695787 0
349 0.1003974326953275 0.7369063918054356 0
350 0.274538822241407 0.5515448879656206 0
351 0.3959395234040887 0.5926173849902323 0
352 3.202784465702237 0.5928832707850736 0
353 0.1043680312549982 0.4392692638161561 0
354 0.09867901675735845 0.2456015516749583 0
355 4.185660769696226 0.1662085032915731 0
356 0.4071416119430745 0.3963831909624237 0
357 0.9218048339113161 0.2557760766657463 0
358 2.306009712073147 0.913256691648922 0
359 2.306009712073651 0.08674330835108954 0
360 0.2865888745165614 0.2419768687058077 0
361 4.511674029202582 0.1694779136294063 0
362 0.2808682378367519 0.7322875108287732 0
363 3.683336340432147 0.8456103645696611 0
364 3.664228834117118 0.1561264448642542 0
365 4.798259590002902 0.2031328950197875 0
366 3.429231269391501 0.3903603460898518 0
367 3.408825646189332 0.6253761144371026 0
368 1.058598599324019 0.09795643968625485 0
369 0.240044509419887 0.3807374772790065 0
370 1.654127975640537 0.2755459755609916 0
371 4.482928254711699 0.4914160611291782 0
372 1.059939130970355 0.9022482850742654 0
373 0.9711415279814263 0.5801225605652782 0
374 3.95630658550705 0.8285925052407094 0
375 3.9429234034794 0.182554430028097 0
376 2.092741501868138 0.4326974683321168 0
377 1.047505160222194 0.4407151623019731 0
378 1.295175586081279 0.3949353341856612 0
379 3.658345316479299 0.5480484458954713 0
380 1.390300522990561 0.2631264882516358 0
381 1.30290050492046 0.5871501532893271 0
382 0.9717139440768157 0.3957790971757467 0
383 0.5292326093130648 0.4431050217918326 0
384 1.391909062182983 0.5466671404101062 0
385 1.370834554304465 0.7380791217203402 0
386 1.493315010564973 0.6110562614418011 0
387 2.05278184018176 0.8945589232223554 0
388 2.053312639164635 0.1057867216104186 0
389 4.173739779857315 0.8353074167783761 0
390 3.719781877469303 0.385920918297273 0
391 2.672102002349131 0.7257055020279489 0
392 1.046692441418351 0.5338664938946287 0
393 1.032753119046668 0.7190785355954233 0
394 4.455741192567849 0.8060722008452605 0
395 2.291938982070155 0.6180890605898806 0
396 2.821626942163297 0.1184054197338769 0
397 2.821626942162288 0.8815945802662094 0
398 1.854349902929354 0.9116156616344813 0
399 1.854008363253733 0.08911741109410902 0
400 1.544181775832744 0.2100743683445771 0
401 3.905927485079912 0.6285456603337296 0
402 3.892245621293934 0.358172472061262 0
403 1.903982783138865 0.7401682321804313 0
404 1.899363135005227 0.2623778581771809 0
405 0.9984575798963 0.2693853210539377 0
406 0.3613320770607544 0.9029057847656652 0
407 1.532160300634239 0.7846520168892434 0
408 4.225535908878462 0.3393543381675636 0
409 1.803985744438843 0.348899265577252 0
410 1.224559800750288 0.08742159477446727 0
411 4.12920048372356 0.5609222072886094 0
412 1.48094028284333 0.3945430802858477 0
413 1.210409972146145 0.4479581972617179 0
414 1.691293541307395 0.4771726139392632 0
415 2.144919501763154 0.271977547855148 0
416 2.552612842627337 0.9007292002729166 0
417 2.55157244821411 0.09895904545812344 0
418 0.8237403197587925 0.3676811442042152 0
419 0.6954743786777174 0.663228632267715 0
420 2.597368983910916 0.4207970324195677 0
421 1.897300784951096 0.5315499266596282 0
422 0.7360763309309052 0.79465657226602 0
423 1.22436171886437 0.9138019015941331 0
424 0.8223841314332882 0.6154440162047624 0
425 0.3607517076264593 0.08996256175923371 0
426 0.5250826507183357 0.9219255099339991 0
427 1.446303488438699 0.9179230881772661 0
428 0.9629596467432662 0.07716995956863577 0
429 1.996308494254137 0.6019320989089901 0
430 1.449999999999809 0.07817156601016646 0
431 0.6748486775477871 0.3260507204537372 0
432 0.238060483859237 0.6424624921882136 0
433 4.388762460966321 0.6479166105638406 0
434 1.066268459997499 0.2048018759208603 0
435 1.124064249060837 0.5788343771950527 0
436 0.4513467948151854 0.1922563425630874 0
437 4.829518293836379 0.3825792274516667 0
438 1.457359079255006 0.7167568324254561 0
439 0.5952456972558662 0.7929120545442517 0
440 3.171351396226623 0.2988834156639766 0
441 0.5659060657087176 0.5817671086219864 0
442 2.023128647362388 0.7748826256115062 0
443 2.027875052762713 0.2294508519598092 0
444 0.2250256437252604 0.2952125932512222 0
445 2.776606939183735 0.5938040112811701 0
446 1.211992662593344 0.5384312659913966 0
447 1.985143807527349 0.3978131583264211 0
448 0.8404938818591927 0.2740502036460226 0
449 0.4470124688671199 0.7902688386084008 0
450 1.652948460976214 0.9240004781357187 0
451 1.654646040771883 0.07652774857386534 0
452 0.8507963549423063 0.7075577825766841 0
453 0.9730868520761073 0.9162449548774624 0
454 0.1963763284985274 0.7158416110388528 0
455 0.5296637474047337 0.07355847519415697 0
456 3.263398353713501 0.1051288221642398 0
457 3.26264360518934 0.8958298573508141 0
458 0.7362655396132563 0.201308771019153 0
459 4.476746442351669 0.334364405279179 0
460 0.8169916321726924 0.9205471022294232 0
461 2.409356547815938 0.2655706429156384 0
462 2.41263865912226 0.7241682256633168 0
463 1.119043396552174 0.3930389007778414 0
464 0.599430510885218 0.2072124336497826 0
465 2.29352657364589 0.3622554228384987 0
466 0.5126352626555182 0.6899223907626599 0
467 4.624523956033828 0.8490739121396718 0
468 1.619835012341457 0.732178111520007 0
469 0.810438977820631 0.0807265755071683 0
470 0.07187951443365033 0.645557389251488 0
471 2.185532603075047 0.08994362220772362 0
472 2.184230376237071 0.9109043597818284 0
473 0.1962903442448861 0.9184018390919696 0
474 1.084740395651486 0.8027938885781054 0
475 1.238583100540702 0.1949628374935134 0
476 1.70744745025356 0.7599778818718523 0
477 1.456034748050158 0.313345035798277 0
478 0.5660917183385779 0.3749616517504769 0
479 1.392775119251817 0.448635150084215 0
480 0.5106488464278238 0.3058583605209154 0
481 0.1842089303598028 0.5686878867180922 0
482 2.666293447380666 0.2809915263374204 0
483 2.209500462029483 0.465455390852733 0
484 1.146320975034856 0.06982431350475507 0
485 1.956529746862947 0.9294811126410271 0
486 1.956567598724563 0.07073463087125156 0
487 0.3541220075506722 0.5335999541900834 0
488 0.677840755845777 0.9180703207046258 0
489 0.9722190097528484 0.659561704383598 0
490 1.24513651918858 0.8268754227776323 0
491 1.562485165185133 0.5562033837701115 0
492 2.416943402138459 0.5154364079917553 0
493 3.090818391346926 0.5836986552244672 0
494 3.832355625013809 0.8826595898713214 0
495 3.832355625013959 0.1173404101293363 0
496 1.850168931736675 0.8200038688008668 0
497 1.848784796721362 0.1807888600804563 0
498 1.71433832831376 0.2209943395171112 0
499 0.5246254354044762 0.8352790710421258 0
500 3.692095478519931 0.6910838142196626 0
501 0.06719520710502244 0.3488046639164412 0
502 2.493170456241773 0.60338834792218 0
503 0.1895853486763706 0.08167776733370652 0
504 0.6763907758004678 0.07689131684148969 0
505 1.203161576999552 0.7053942813980897 0
506 1.327063575010473 0.3202881470975004 0
507 2.546720011573319 0.793316630495232 0
508 2.543656228100319 0.2119196976793797 0
509 0.4593649715391624 0.438599579992301 0
510 1.148029479090326 0.9335753113411724 0
511 3.294276398599322 0.3582370962444806 0
512 1.291052365558634 0.6754944256593713 0
513 1.222932196053787 0.2824105763500781 0
514 3.052540206878149 0.1063268937258316 0
515 3.051723866896282 0.8944331596994906 0
516 1.605051569169365 0.6371587488596233 0
517 0.6675961315152463 0.8193026031892241 0
518 0.6370080358101882 0.6118925289698809 0
519 2.915536119825918 0.2670165503175543 0
520 2.906994294357822 0.7376572746900512 0
521 0.5297589449738873 0.1542946471513726 0
522 0.6692293141340017 0.1625067828059079 0
523 4.340506140519588 0.8836548607491104 0
524 2.494620746660989 0.4189323946123698 0
525 2.238164889673565 0.195375177523288 0
526 2.226942125791174 0.8022024779093273 0
527 0.3485315085961849 0.7188567073514315 0
528 2.430573790759519 0.9252710176463103 0
529 2.430573790760342 0.07472898235354655 0
530 0.3530241653942627 0.2688106175015532 0
531 1.973630945938176 0.3136537417455779 0
532 1.974510632553164 0.6865865313198646 0
533 0.07654587977216483 0.8167132841214555 0
534 1.622574299020326 0.3452032609701993 0
535 4.352785226615326 0.110503075385049 0
536 1.730803856464207 0.3018117581899469 0
537 2.122610672333253 0.7366424771855215 0
538 0.1730621258544275 0.4125677710440855 0
539 4.133041069704162 0.4382629357362243 0
540 1.375351697520655 0.9237017785431873 0
541 2.798483873410549 0.3526143253331251 0
542 1.871708025599192 0.4431030931204431 0
543 1.731547458918718 0.5575809488214822 0
544 1.833249850909238 0.6789651130116403 0
545 1.115406082454522 0.6583384779748281 0
546 0.7337585007407201 0.7268176736478454 0
547 3.549392839911004 0.8965008922182961 0
548 3.549392839911175 0.1034991077812611 0
549 3.377704262439355 0.08740115266371012 0
550 3.377704262439456 0.9125988473359695 0
551 3.586736000702841 0.4073298919128556 0
552 1.344745812030906 0.2004828478910884 0
553 2.720288146676838 0.4649172756689738 0
554 4.213400916368444 0.6714410505685371 0
555 2.685067259720811 0.08408812644342495 0
556 2.685038275036191 0.9184235101866261 0
557 3.161198415275948 0.6999125729164915 0
558 0.2887910680211177 0.8148165985497197 0
559 1.765616799320603 0.427740016685849 0
560 2.064259936927946 0.5505729437381763 0
561 0.450317811820133 0.5510667376181273 0
562 0.8799440125627542 0.8022950883651518 0
563 0.7530767058938729 0.6181385032138369 0
564 4.36405779660197 0.3847761139088327 0
565 4.673946315436261 0.1304383152932557 0
566 1.380304461134324 0.07273704278717907 0
567 0.07112214149392017 0.1756644671099658 0
568 0.8120163138432575 0.838640237082142 0
569 0.9668534196607141 0.3287244311588404 0
570 4.872930701041678 0.6779837236642545 0
571 2.901357024940079 0.5279134213752438 0
572 4.644005610513223 0.5608623337315906 0
573 1.603725103804988 0.4992504527897928 0
574 3.783081444344457 0.6192447572130871 0
575 1.327495170876759 0.7984967278406447 0
576 0.4310146860133078 0.3424039005979512 0
577 0.7215795961111633 0.28445630802261 0
578 3.002613235156918 0.3979941761922556 0
579 0.863819866613941 0.4900042745237532 0
580 0.8269506859912941 0.5425555764751625 0
581 2.115444615722724 0.6335358611233005 0
582 1.1793254645066 0.7783533359399255 0
583 3.047688442531161 0.2096037537748064 0
584 3.045461445993168 0.7851686789544835 0
585 1.063455921120299 0.2719092851508249 0
586 4.884447793355704 0.8675415991375988 0
587 0.0633118361365291 0.9366881638636402 0
588 4.058097765338328 0.1234985408026467 0
589 0.7486342926126645 0.3570138838646443 0
590 0.2923065100635606 0.1729428601004137 0
591 0.4356051695004493 0.6426271317629106 0
592 0.8274002914612355 0.437775825222437 0
593 0.8730236155261713 0.1899373366643255 0
594 0.06226628568206754 0.06226628568232948 0
595 0.5760485792621015 0.7304266843904645 0
596 2.35459692482123 0.8187315117917133 0
597 2.35674766314389 0.1746973153578909 0
598 1.470243841020705 0.2436871956611063 0
599 4.898524760929865 0.1043148217118672 0
600 0.7441193219403547 0.05529512331510183 0
601 0.7472457167768669 0.9424945080344686 0
602 0.7992434733488165 0.1501773644686887 0
603 0.4482548798059178 0.9415040793939635 0
604 1.830896093731941 0.5726619779336457 0
605 2.12172509542668 0.3516838611008542 0
606 3.402537134285468 0.7291893606390795 0
607 3.403938743117757 0.2811681844186146 0
608 2.727987952684758 0.1779179799509968 0
609 2.733327837066832 0.8240140262280155 0
610 0.1661438152230843 0.2599548216082468 0
611 2.991217031219383 0.5907708499299957 0
612 2.950223115613165 0.9314893355217401 0
613 2.950223115614396 0.06851066447812056 0
614 3.298912153340716 0.654747851366292 0
615 0.7754575482877159 0.2548388960516395 0
616 2.234281679219957 0.2969407150348153 0
617 3.661370629669679 0.2756899968457646 0
618 1.756547019621879 0.6943315660217562 0
619 1.262347163369106 0.3285864592651732 0
620 0.3714707746388049 0.4544531219821771 0
621 1.752767765838795 0.9413672092602085 0
622 1.752619946180304 0.05954604910238327 0
623 2.231309559889502 0.5590117361977612 0
624 0.6273642284880949 0.3622011281398375 0
625 0.4492428380662207 0.05150675157260455 0
626 0.3893061932909396 0.4254181564723004 0
627 0.3545326113243537 0.400265934456448 0
628 0.3723680299764886 0.3712309689465713 0
629 4.810332037210876 0.4687660891114169 0
630 4.91475914691819 0.4912896137253068 0
631 4.895572890292686 0.577476475385057 0
632 4.669742168456775 0.7276445077414262 0
633 4.607405864528824 0.623546504799976 0
634 4.706341914441174 0.6649603366730408 0
635 4.91475914691819 0.3912896137253208 0
636 4.779911999477248 0.662005645192829 0
637 4.717575695549298 0.5579076422513788 0
638 0.3344113739194376 0.4567295456223874 0
639 0.3174732106049865 0.4025423580966583 0
640 2.444856773323033 0.6121091959565659 0
641 2.452904557682016 0.6637782867927484 0
642 2.404590874763277 0.6724991348271343 0
643 2.352443287962056 0.7294414198129369 0
644 2.292093449436004 0.6764018372762186 0
645 2.352288820596208 0.6711286431265987 0
646 0.5625413253600082 0.9609627549669996 0
647 0.5671602792213285 0.8972886157598432 0
648 0.604618953863001 0.9363258607928436 0
649 0.6389203779237289 0.9590351603523128 0
650 0.6435393317850491 0.8953610211451566 0
651 2.464262618390336 0.3452592334106588 0
652 2.405531399238105 0.318232325265924 0
653 2.46808776696817 0.2925975510603732 0
654 1.445665435930567 0.4733900480225681 0
655 1.436857701047574 0.4215891151850313 0
656 1.489748017726323 0.4463440131233845 0
657 2.35251130800836 0.4310728642788179 0
658 2.409324826399366 0.4431652078039825 0
659 2.360129883747454 0.5033440644665906 0
660 1.648363372533505 0.2206696597224606 0
661 1.599154875736641 0.2428101719527843 0
662 1.593390272629608 0.1879338561142533 0
663 2.344241036237224 0.6194595522904163 0
664 2.523781165064086 0.6469713518925127 0
665 2.483515266504329 0.7073612907630811 0
666 1.924275260304697 0.7906996052643647 0
667 1.963555715250627 0.7575254288959687 0
668 1.983848192416458 0.8080568019799022 0
669 1.986221395116644 0.1941099368057697 0
670 1.96361909388397 0.245914355068495 0
671 1.921965436237901 0.2105734399144555 0
672 0.2196420361061052 0.4344163256732254 0
673 0.2686982413099787 0.4198717232708021 0
674 0.2482957679961969 0.473550571665021 0
675 1.690350947494091 0.5625904467615023 0
676 1.708508814568639 0.6141101813280852 0
677 1.667312303144012 0.6191196792681052 0
678 2.298421469501169 0.4267535718899623 0
679 2.347616412153081 0.3665747152273542 0
680 1.939246707846015 0.7133773817501479 0
681 1.998819639957776 0.7307345784656854 0
682 2.000752999350445 0.2715522968526936 0
683 1.936497040471701 0.2880157999613794 0
684 0.3088956199642767 0.6867812489541956 0
685 0.2594643608479944 0.6873750015084934 0
686 0.2874917429755192 0.6418687396339158 0
687 2.613246938117765 0.7081299289453972 0
688 2.609411006961225 0.7595110662615905 0
689 2.550555942729859 0.7419354931790387 0
690 0.244792674337549 0.04083888366685326 0
691 0.2837576238753131 0.05413036090673117 0
692 0.2285502982141348 0.09496924457358444 0
693 0.1947926743377751 0.04083888366685326 0
694 2.596788795248421 0.8119734624467278 0
695 2.659479790636327 0.7781678982130862 0
696 1.249959913361614 0.6522422490526212 0
697 1.247106971279093 0.6904443535287306 0
698 1.206014519082074 0.6671921769219804 0
699 3.260236202639531 0.5511102962467814 0
700 3.172932364595049 0.5223101389354493 0
701 3.230384101532343 0.4805371643971571 0
702 2.510719866390695 0.3692784269087389 0
703 2.44816349866063 0.3949132011142897 0
704 0.5606332282749624 0.2150286554780285 0
705 0.5955637358057779 0.2559390073957472 0
706 0.5567664531955223 0.2637552292239931 0
707 4.333871891627409 0.5760515216277548 0
708 4.301081688667383 0.6596788305661889 0
709 4.24619111932847 0.587813741630103 0
710 0.2481451721228633 0.9592009195459847 0
711 0.2358290920573133 0.9026359484112986 0
712 0.2876839199352905 0.9434350288653137 0
713 4.025080286457981 0.9142962526203546 0
714 4.065023182682182 0.8319499610095427 0
715 4.133796883633114 0.917653708389188 0
716 1.094548822293699 0.3067249718142507 0
717 1.127583148836244 0.331347885162913 0
718 1.086009070009629 0.368415987429179 0
719 0.2859453977207387 0.5052754286141091 0
720 0.2368891925168652 0.5198200310165324 0
721 4.540132574300838 0.8275730564924662 0
722 4.532918764999316 0.9245369560698359 0
723 4.448527383266326 0.9030361004226303 0
724 1.518702249037292 0.9462411847319997 0
725 1.567901452240598 0.9462411847319997 0
726 1.255883983042528 0.608070112867599 0
727 1.296976435239547 0.6313222894743492 0
728 3.373459604484163 0.4498488338991705 0
729 3.459988371561714 0.4570806162374544 0
730 3.404216706654376 0.516569104046773 0
731 3.44978555996063 0.5745885004110798 0
732 3.363256792883078 0.5673567180727959 0
733 1.751895445753668 0.5913910804455305 0
734 1.728856801403589 0.6479203129521334 0
735 0.4708646005890218 0.7420006638321708 0
736 0.46728000341482 0.7033827561311032 0
737 0.51621985982972 0.7285402984637276 0
738 2.256408413692966 0.4783535558970795 0
739 2.251513517837687 0.4138554068456158 0
740 2.159503469022231 0.04497181110386181 0
741 2.119422621119841 0.09786517190907111 0
742 2.093393487067025 0.0528933608052093 0
743 2.093128087575316 0.9472794616111777 0
744 2.118506108209416 0.9027316415020918 0
745 2.158852355602972 0.9554521798909141 0
746 4.623463747386426 0.9245369560698359 0
747 1.546690489518044 0.2599019497332778 0
748 1.601663589421941 0.2926377533414851 0
749 3.543852312925268 0.8022852816696158 0
750 3.501157594062542 0.8619296068420912 0
751 3.495617067076806 0.7677139962934109 0
752 3.498272174322829 0.227187993430176 0
753 3.501157594062575 0.1380703931576806 0
754 3.546507420171429 0.1926167080537565 0
755 0.2386222831676396 0.724064560933813 0
756 0.2172184061788822 0.6791520516135332 0
757 0.3455225048212368 0.5874374706348506 0
758 0.3750307654773805 0.5631086695901579 0
759 0.3664312627479451 0.6169461860349251 0
760 0.5511729035770808 0.3052619708313136 0
761 0.5162423960462652 0.2643516189135949 0
762 1.192734847107123 0.1735940687998982 0
763 1.187353000830508 0.2323098535207491 0
764 1.141504747396929 0.2109410848271339 0
765 2.579832766682817 0.5354351711822997 0
766 2.562093200854862 0.5857778943135634 0
767 2.510910022069727 0.5530456247909164 0
768 0.2888194787148948 0.3634081121048627 0
769 0.3862640857961254 0.6419510594212643 0
770 0.4287649568372856 0.6797351266312286 0
771 0.3794238731329617 0.6790590542895822 0
772 1.928130864712464 0.4677697048747666 0
773 1.92842591656327 0.4204581257234321 0
774 1.984848755676543 0.4451247374777555 0
775 3.473568716064432 0.666722892779019 0
776 3.51452862983573 0.6159352787529961 0
777 2.592703909677175 0.6293608982838961 0
778 2.563009285904299 0.4617499670396101 0
779 2.614192464689434 0.4944822365622572 0
780 2.47967933534779 0.7587424280792745 0
781 2.476506387958129 0.238745170297509 0
782 2.53523760711036 0.2657720784422438 0
783 1.15718748509466 0.3774638212866067 0
784 1.16572723737873 0.3157728056716784 0
785 0.3057309121666043 0.5964099375226193 0
786 0.3143304148960396 0.542572421077852 0
787 0.359634038856 0.2239359127841327 0
788 0.3951999458447002 0.2259464907473676 0
789 0.388590072382963 0.2708211954647881 0
790 0.9348124468283376 0.8505999937879472 0
791 0.8873225558655304 0.8393019292250559 0
792 0.9274339035255614 0.8135931529280432 0
793 1.595176479525399 0.9082414237998591 0
794 1.625673433691414 0.9620002390678594 0
795 3.941761911896117 0.9142962526203546 0
796 0.1981451721227232 0.9592009195459847 0
797 0.627221597973108 0.2774300720323669 0
798 0.6310883730525481 0.2287034982864022 0
799 0.626278739697601 0.701070385240308 0
800 0.6449223957301515 0.6634924290543072 0
801 0.6768307226451669 0.7008065884537158 0
802 0.3634978099720983 0.134511884912973 0
803 0.4049739954415933 0.1055158797481501 0
804 0.4077200977872323 0.1500652029018894 0
805 1.230757648297244 0.2386867069217957 0
806 1.179527548587051 0.2760337229490314 0
807 2.244235667608709 0.3679649991470567 0
808 2.202222611800506 0.4195649831541739 0
809 2.455782074399724 0.4671844013020625 0
810 0.4087953535664614 0.1856587753148998 0
811 0.4377513870934243 0.2325440579955553 0
812 0.4054043347705145 0.7963474987254305 0
813 0.4491909498622061 0.8285134670120111 0
814 0.4075828157656007 0.8345921271290409 0
815 3.61082406318584 0.7768400178452982 0
816 3.616364590171575 0.8710556283939785 0
817 3.606810837014146 0.1298127763227576 0
818 3.603925417274401 0.218930376595253 0
819 1.309779755314639 0.06044063330977965 0
820 1.272059655690166 0.1041514306970133 0
821 1.262279900374761 0.04371079738723364 0
822 2.215229828687414 0.7342807227889774 0
823 2.174776399062214 0.7694224775474243 0
824 2.163064101958453 0.7015007224270744 0
825 1.590001633750514 0.863344512790041 0
826 1.534782399354411 0.8385671931766214 0
827 1.587379535030342 0.809429336502663 0
828 4.91475914691819 0.2912896137256123 0
829 4.813888941919641 0.2928560612357272 0
830 4.899129795001451 0.2015664475096727 0
831 0.5829530328543588 0.5358835543109932 0
832 0.5378955900054447 0.553766553356051 0
833 0.5549425571510859 0.5078829990450577 0
834 1.075955134285987 0.7256438053656606 0
835 1.074079600750595 0.6887085067851257 0
836 1.117281615989915 0.6952737765553629 0
837 1.699202179619338 0.8455704260448398 0
838 1.704377025394222 0.8904673370546579 0
839 1.64777361520133 0.8791035671259007 0
840 1.648622405099177 0.1211605462288974 0
841 1.704030426426898 0.1123625308501756 0
842 1.698006790754193 0.1569953285052076 0
843 3.714683010598784 0.0780632224321271 0
844 3.635859010567284 0.0780632224321271 0
845 3.645412763723835 0.9228051822848306 0
846 3.724236763755245 0.9228051822848306 0
847 1.44523240739615 0.5224060431855138 0
848 1.3923420907174 0.4976511452471606 0
849 0.0521840156274991 0.4696346319083438 0
850 0.1035446770923711 0.492612176559547 0
851 0.051360661464872 0.5229775446517347 0
852 3.574545395105613 0.5359246661402641 0
853 3.598328551209415 0.6280590585082033 0
854 0.7683735565517871 0.7454982229784246 0
855 0.7549123079301137 0.7002287602023087 0
856 0.7895273637411806 0.7189093095328878 0
857 0.6033879835983962 0.06028794408757468 0
858 0.5682198573019338 0.09706718168465317 0
859 0.564831873701196 0.03677923759707848 0
860 0.6415833714998009 0.09873360250831953 0
861 0.6381953878990632 0.03844565842074484 0
862 1.262180859432691 0.9569009507970665 0
863 1.268364624304812 0.892800732674529 0
864 1.306183764873133 0.9358997818774624 0
865 0.8922555285577867 0.6037746866590978 0
866 0.9299115162862965 0.5704094799417995 0
867 0.9334855402529165 0.6134877672825765 0
868 0.5646163046565325 0.4665525108959163 0
869 0.5792609655970795 0.4311971718367145 0
870 0.4063507539590233 0.8848319400906434 0
871 0.3625641388673318 0.8526659718040628 0
872 0.1075267751343823 0.9424732248657232 0
873 0.1556719472566853 0.901674144411708 0
874 0.1481451721225831 0.9592009195459847 0
875 0.3852281263851534 0.717849914425489 0
876 0.3427272553439932 0.6800658472155248 0
877 0.415772346452269 0.6176222583765715 0
878 4.716554294697945 0.9245369560698359 0
879 4.696601087201476 0.8090661258770814 0
880 4.788631425865592 0.8845291698072455 0
881 1.077333303046957 0.6402574143273965 0
882 1.036006821343029 0.6706274431376941 0
883 1.570006558863504 0.0532490429949047 0
884 1.520807355660159 0.0532490429949047 0
885 0.8936547387154752 0.05824281895194874 0
886 0.848874227626941 0.0986061067055329 0
887 0.8552194889091653 0.04036328775358415 0
888 0.8584958160870522 0.9602735511147116 0
889 0.8558463656704995 0.8984279361571914 0
890 0.8973505495848593 0.9381543850424798 0
891 1.693077156646969 0.427641362907043 0
892 1.641701393279138 0.4473000196311338 0
893 1.643485008618711 0.3977687685989136 0
894 0.4834084629355208 0.778713522386598 0
895 0.4344686065206208 0.7535559800539736 0
896 0.3183499584652475 0.8948879212481464 0
897 0.3306660385307975 0.9514528923828326 0
898 3.798746406047204 0.05867020506466813 0
899 3.748292229565538 0.1367334274967952 0
900 3.757845982722978 0.8641349772204913 0
901 3.798746406046076 0.9413297949356607 0
902 3.146801428524581 0.5882909630047704 0
903 3.116949327417393 0.5177178311551461 0
904 2.651558973908541 0.6469364713664478 0
905 0.8134312350309068 0.690598814666728 0
906 0.8268924836525802 0.735868277442844 0
907 4.260451605364005 0.7163837588970576 0
908 4.348132377662943 0.7046215388947095 0
909 1.396719583468939 0.8762440096634665 0
910 1.343859613632954 0.8977506711490561 0
911 1.365227499581239 0.8502929022693353 0
912 0.9740053232822379 0.8705680861841985 0
913 0.933893975622207 0.8962768624812111 0
914 3.854524860623557 0.6873862776646779 0
915 3.931117035293481 0.7285690827872196 0
916 3.879714410837126 0.7874097001181677 0
917 3.86392888501265 0.2145653076285308 0
918 3.917584512386667 0.2703634510446795 0
919 3.838589993919917 0.3023743286451133 0
920 2.093549506206373 0.1387311018844331 0
921 2.159659488161579 0.1308095521830855 0
922 2.155367093721059 0.8719855623640932 0
923 2.089642825693404 0.8638128440843567 0
924 0.1509804428610337 0.5170251316851912 0
925 0.1518037970236608 0.4636822189418002 0
926 0.9365434260387597 0.9581224774387311 0
927 1.675023109840003 0.7970922689939675 0
928 1.731626520032895 0.8084560389227247 0
929 0.9209407305560898 0.5248054190786919 0
930 0.8762506856025538 0.5253503369210369 0
931 0.908509911567477 0.4894593566814082 0
932 1.37576115283648 0.1427568239628645 0
933 1.349931985882184 0.09680915470336919 0
934 1.40613362808862 0.1186847120466743 0
935 2.259595021296513 0.7684585459359421 0
936 2.247882724192753 0.7005367908155921 0
937 2.853161318185324 0.7451173382115743 0
938 2.864310618260055 0.8096259274781303 0
939 2.810477642087557 0.8170859909996535 0
940 2.81047764208805 0.1829140090004831 0
941 2.868581530994607 0.1927109850257156 0
942 2.857432230919361 0.2572195742923218 0
943 0.5324921636452689 0.6001240450127977 0
944 0.5801382392456516 0.6227616672314429 0
945 0.5467243371822028 0.6411186036222543 0
946 0.5975976937951059 0.5712388933703951 0
947 2.472796495018071 0.5090696548257039 0
948 2.511635167279335 0.4608176481360112 0
949 1.845966535400293 0.2539302772649782 0
950 1.851674439722035 0.3056385618772164 0
951 1.798277840117101 0.2971909809650137 0
952 1.346209127926725 0.6146978473025928 0
953 1.347404783551721 0.5669086468497167 0
954 1.390713406557986 0.5944563408629824 0
955 0.1316457315964125 0.1835482671001386 0
956 0.09364332216804504 0.1432046112168043 0
957 0.1541669122705374 0.1510884112069772 0
958 2.888798065796234 0.8581440352781768 0
959 2.931481741894001 0.7861753824900977 0
960 2.935752654628062 0.2161615300136041 0
961 2.888798065796752 0.1418559647217654 0
962 1.345071445927832 0.5218390170475182 0
963 1.30056716729657 0.5420805234871287 0
964 2.036878443652466 0.0528933608052093 0
965 2.036613044160808 0.9472794616111777 0
966 0.9024817213099533 0.7699375285684871 0
967 0.9499716122727604 0.7812355931313786 0
968 4.007597594199468 0.7584076616298767 0
969 3.982408043985899 0.6583842391763869 0
970 3.977619964401935 0.3314862053494823 0
971 4.002958855494668 0.2436771843328998 0
972 0.9314798233704829 0.03858497978431789 0
973 0.9251345620882585 0.09682779873626662 0
974 3.806013749381618 0.3720466951792675 0
975 3.752358122007601 0.3162485517631188 0
976 3.507983635047171 0.3988451190013537 0
977 3.538740737217384 0.4655653891489563 0
978 1.101948772588397 0.7675014818570016 0
979 1.058746757349077 0.7609362120867644 0
980 0.8767821638389131 0.4549854923224234 0
981 0.9214722087924492 0.4544405744800783 0
982 3.763836475151398 0.4429604591486815 0
983 3.850068347063713 0.4290862360306761 0
984 0.9209568862447253 0.180672528458676 0
985 0.880166546479711 0.1532114872841115 0
986 0.9280998171982651 0.143946679078462 0
987 1.940927244388416 0.5119931216443591 0
988 1.884504405275144 0.4873265098900356 0
989 0.0521840156274991 0.4196346319082109 0
990 0.9360297457400975 0.3671674497766568 0
991 0.9307292025703504 0.4078729036484201 0
992 0.8950450042336322 0.3792612562493302 0
993 3.565179000567262 0.3445321001195537 0
994 3.486426634911592 0.3360473272080519 0
995 0.9621707422512196 0.5345184997021707 0
996 1.645260869693962 0.6538990813471557 0
997 1.627103002619415 0.6023793467805728 0
998 1.773972117572312 0.8035022359205617 0
999 1.749793047792977 0.7550240788696894 0
1000 4.171300700046002 0.6161816289285733 0
1001 4.204090903006028 0.5325543199901391 0
1002 1.437723274336115 0.7727715366046009 0
1003 1.494759689944623 0.7507044246573498 0
1004 1.475123885025731 0.8067191288364946 0
1005 0.9624569502989143 0.4423467680074049 0
1006 0.2813100458675815 0.3206456700909706 0
1007 0.2558072591209109 0.2685947309785149 0
1008 0.312091661263232 0.2940278078182633 0
1009 2.120507980137955 0.4933005046341279 0
1010 2.15112098194881 0.4490764295924249 0
1011 2.178887460218627 0.509679465894436 0
1012 0.1454241692281317 0.2185168093826349 0
1013 0.08490057912563931 0.210633009392462 0
1014 1.852997671744208 0.3551933928233964 0
1015 1.9006863670274 0.3119326891233608 0
1016 0.1542488646322895 0.848285586382585 0
1017 0.09579971502032469 0.8508298669264509 0
1018 0.1349950293841297 0.8141690035775896 0
1019 0.615689224296387 0.6378243774053902 0
1020 0.6662412072439528 0.637560580618798 0
1021 2.106267197667859 0.5522382423371577 0
1022 2.078500719398042 0.4916352060351465 0
1023 0.5195588618076183 0.4844355099409741 0
1024 0.6687974563838326 0.2881226416883795 0
1025 0.6332728191370625 0.3153581507977245 0
1026 1.626522223589287 0.03826387428693267 0
1027 1.5981303760461 0.09151291728183736 0
1028 1.319931350311006 0.8351481457977847 0
1029 1.372791320146992 0.8136414843121952 0
1030 2.431656193680882 0.7774109444687271 0
1031 2.498696869906412 0.8119851468846846 0
1032 2.497164978169955 0.1906330172025909 0
1033 2.430015138027764 0.2174584898207203 0
1034 1.337675848760833 0.9618508892715936 0
1035 0.3806660385309375 0.9514528923828326 0
1036 1.542898243576531 0.1582862271671932 0
1037 1.592106740373395 0.1361457149368694 0
1038 2.12455724176915 0.7848546210659397 0
1039 2.176722968498111 0.8176346214278427 0
1040 0.2325350765725737 0.3379750352651144 0
1041 0.3843045670116052 0.344241323764335 0
1042 0.3808752136907829 0.309455260179371 0
1043 0.4275853326924854 0.3076178370129872 0
1044 0.3453093067020826 0.3074446822161361 0
1045 0.051360661464872 0.572977544651591 0
1046 0.05019871634766376 0.7184531959027178 0
1047 0.05019871634766376 0.7684531959028009 0
1048 1.647509322556191 0.488211533364528 0
1049 1.597917174527934 0.4583389390563986 0
1050 1.340152230566778 0.03636852139358954 0
1051 0.5476621638258213 0.4090333367711548 0
1052 0.5976905201098359 0.3971254868160367 0
1053 1.388354303536911 0.182557614598629 0
1054 1.332152661330475 0.1606820572553239 0
1055 0.4674024128997435 0.2893450669744693 0
1056 0.4729959625181849 0.2478383253671488 0
1057 0.4502715390359564 0.156662770150077 0
1058 1.12326167757376 0.4418414014246612 0
1059 1.16472668434916 0.4204985490197797 0
1060 1.168944965370746 0.4693010496665995 0
1061 0.9340242811386275 0.6532073391917364 0
1062 0.9486192199050003 0.6985708365777101 0
1063 0.9104244912907795 0.6922164713858486 0
1064 4.567038783972375 0.08473895681470313 0
1065 4.476493801585151 0.08473895681470313 0
1066 0.08847165623374617 0.7768098379634456 0
1067 0.146920805845711 0.7742655574195796 0
1068 2.247728256826904 0.6422240141292539 0
1069 3.21167031707499 0.05256441108211989 0
1070 3.211577829991717 0.1361180795799519 0
1071 3.159849793353206 0.08355366849783197 0
1072 3.157536444329958 0.917404919898219 0
1073 3.208887106706148 0.8653198485736261 0
1074 3.21129294281315 0.9479149286754071 0
1075 2.596556216750534 0.3003079927712642 0
1076 2.631831215645791 0.3508942793784941 0
1077 2.562093985015658 0.3702107458123378 0
1078 0.1447926743379654 0.04083888366685326 0
1079 0.1528749257592703 0.09621126132867472 0
1080 0.108082251420865 0.05537237766182145 0
1081 1.058215332293691 0.3078511796156708 0
1082 1.099789411120307 0.2707830773494048 0
1083 1.436388242482321 0.3775262931318359 0
1084 1.392305660686565 0.4045723280310196 0
1085 1.394461011860844 0.7834326812520429 0
1086 1.414096816779735 0.7274179770728981 0
1087 2.683981049455138 0.3286987850249138 0
1088 2.732388660395608 0.3168029258352728 0
1089 2.750076262470079 0.3645101845227662 0
1090 2.354441192104307 0.5667627342908179 0
1091 2.297627673713302 0.5546703907656533 0
1092 4.581949890973069 0.2625339594080034 0
1093 4.592810172319421 0.149958114461331 0
1094 4.663086034089909 0.2430141602399281 0
1095 3.733118194656396 0.5240242229477807 0
1096 3.689063596974301 0.4669846820963721 0
1097 0.522214946204199 0.8012186386034605 0
1098 0.485818952135798 0.8127739548252633 0
1099 3.376680833614283 0.7995733945887014 0
1100 3.415313305326768 0.869978584400928 0
1101 3.339071790726971 0.842193657523743 0
1102 3.339400061538894 0.1602031323827871 0
1103 3.415313305326666 0.1300214155989052 0
1104 3.377009104426204 0.2028233953179821 0
1105 1.943576703288461 0.3796503391979809 0
1106 1.886858812324382 0.4022953065949919 0
1107 1.733876570197837 0.1845958263217985 0
1108 1.678468548870116 0.1933938417005204 0
1109 0.5535028377190518 0.6768393083017796 0
1110 0.5058567621186692 0.6542016860831345 0
1111 0.4879974331308842 0.8510185832288737 0
1112 1.575997656487848 0.7584150642046252 0
1113 1.631216890883951 0.7831923838180448 0
1114 0.8591068419788475 0.6311484951023186 0
1115 0.8555328180122275 0.5880702077615416 0
1116 0.4386480383547261 0.4668175730625065 0
1117 0.4846250429206671 0.4821827890412083 0
1118 0.4639081097362308 0.5104007821114138 0
1119 0.2344060094329175 0.8492473903821756 0
1120 0.1948672616204903 0.8650132810628466 0
1121 0.6171178229373588 0.7344056145150906 0
1122 0.5852094960223435 0.6970914551156819 0
1123 2.798906107711677 0.3000184618001072 0
1124 2.732810894696735 0.2642070623022548 0
1125 2.909889600019739 0.3190096440398236 0
1126 2.959074677491418 0.332505363254905 0
1127 2.95342815768524 0.3844984569771742 0
1128 0.3561638546350471 0.7606414330969459 0
1129 0.3928604724240155 0.7596346401710034 0
1130 4.116314191374601 0.7617651173987101 0
1131 2.649518817720263 0.3986015380659874 0
1132 2.675652046072394 0.5165423581869603 0
1133 2.748447542930286 0.529360643475072 0
1134 2.703811442325843 0.5809857259930584 0
1135 1.079299299661242 0.04897821984312743 0
1136 1.029299299661051 0.04897821984312743 0
1137 2.406743246271376 0.5681332259913536 0
1138 4.736102952719581 0.1667856051565216 0
1139 4.725242671373229 0.279361450103194 0
1140 2.860413783385913 0.4243587691623596 0
1141 2.90280005257682 0.4494580795686683 0
1142 2.858970755749172 0.502814110968935 0
1143 4.124327538603081 0.2355042209646379 0
1144 4.205598339287344 0.2527814207295683 0
1145 4.144265108194199 0.3220771384026331 0
1146 1.821153788534534 0.7850370723341966 0
1147 1.802987260774452 0.8384690323872319 0
1148 1.772992373938636 0.1968400047396306 0
1149 1.801099804401638 0.164493086603471 0
1150 1.82067736625836 0.2131357782166159 0
1151 1.516777200120559 0.653389036921775 0
1152 1.549183289867169 0.6241075051507122 0
1153 1.572645479422755 0.6664402806306859 0
1154 0.1861508443233754 0.4503314725557649 0
1155 0.2065533176371573 0.396652624161546 0
1156 3.905001649836579 0.4986534389614518 0
1157 3.954019855959789 0.5629262691282715 0
1158 3.856909278956703 0.5642728301669099 0
1159 3.947178924066799 0.4277396749920377 0
1160 1.753454132054559 0.2332385179349434 0
1161 0.1908773351876378 0.136554917212009 0
1162 2.967959548036931 0.7085261117720965 0
1163 2.905618687285693 0.6833272684640539 0
1164 2.966583940964802 0.6541961055460993 0
1165 0.9659249018532727 0.1242888399108312 0
1166 4.219457641701284 0.917653708389188 0
1167 1.570654224227112 0.3635784782224915 0
1168 1.536524764047105 0.405985252804426 0
1169 1.515069743023337 0.3521363057039131 0
1170 3.051877194721155 0.2603592575195403 0
1171 3.109519919378892 0.2542435847193915 0
1172 3.113708671568887 0.3049990884641253 0
1173 4.432229627908955 0.1399904945072276 0
1174 4.397049400291524 0.0552515376925245 0
1175 2.807534179984407 0.4151645629478757 0
1176 2.851363476812055 0.361808531547609 0
1177 0.486591370239946 0.2075506099346809 0
1178 0.9453474954372976 0.2135918984593864 0
1179 0.8974142247187437 0.2228567066650359 0
1180 0.2298422847254019 0.1498463944518869 0
1181 0.8052194889089734 0.04036328775358415 0
1182 0.4741202160779837 0.6662747612627853 0
1183 2.277845913475748 0.956628345824461 0
1184 2.337583322477885 0.956628345824461 0
1185 2.337583322478519 0.04337165417554477 0
1186 2.277845913476326 0.04337165417554477 0
1187 1.442612036373978 0.5788617009259537 0
1188 1.441416380748981 0.6266509013788297 0
1189 0.04933950837867922 0.2228007758376073 0
1190 0.04933950837867922 0.2728007758374791 0
1191 2.78796764059828 0.6731907065071339 0
1192 2.840425009698649 0.6114006367596134 0
1193 2.851785711113194 0.6907873319855771 0
1194 0.325061572540936 0.8588611916576925 0
1195 0.3262936343475135 0.80862137869609 0
1196 3.282247107175967 0.1690669671330519 0
1197 3.320551308076428 0.09626498741397495 0
1198 3.320173933814398 0.9042143523433919 0
1199 3.281541462101913 0.8338091625311652 0
1200 1.495935381587145 0.5546006037013611 0
1201 2.985801033368534 0.2890656557909142 0
1202 3.029339591034034 0.3545544687282648 0
1203 3.165554351248279 0.2329953763298203 0
1204 3.103722874400547 0.1883555453852352 0
1205 4.225418136622089 0.08310425164578657 0
1206 4.139757378553814 0.08310425164578657 0
1207 1.029969565485661 0.9511241425371326 0
1208 1.079969565485787 0.9511241425371326 0
1209 0.1140791654884152 0.6452414272001552 0
1210 0.08730041868169716 0.595756239277213 0
1211 0.1295000697364621 0.5954402772258802 0
1212 1.527900087875053 0.5836298226059563 0
1213 1.583768367177249 0.5966810663148674 0
1214 4.257122960188451 0.8594811387637432 0
1215 4.302840822032421 0.9418274303745552 0
1216 2.951888899335645 0.5139567106876541 0
1217 2.953331926972386 0.4355013688810786 0
1218 0.03593975721682517 0.622778694625866 0
1219 4.29081648182899 0.2969568352220686 0
1220 4.270878912237873 0.2103839177840734 0
1221 4.0325532671748 0.4010534082802579 0
1222 4.030500414865776 0.5927648479709288 0
1223 1.477745983745904 0.8606343051238725 0
1224 0.8567423904113389 0.3938239271626544 0
1225 0.8620429335810859 0.3531184732908911 0
1226 4.721685766664464 0.4552714779788838 0
1227 4.64811568162839 0.4582261694590956 0
1228 3.351488226649977 0.750488914175298 0
1229 3.427729741249774 0.778273841052483 0
1230 3.428430545665866 0.2269049314763574 0
1231 3.352517301878095 0.2570866482602393 0
1232 3.817738930590505 0.8144432424334738 0
1233 3.743229288299674 0.7959186297826436 0
1234 3.724581600331509 0.2013513150466094 0
1235 3.808644995779929 0.1819582976791505 0
1236 2.189792009148637 0.5564576385669502 0
1237 2.217413545736577 0.6126853519331943 0
1238 2.175895994995712 0.6101312543023831 0
1239 2.768436316617552 0.4713160381158001 0
1240 2.759386010043694 0.4087658005010495 0
1241 1.005201025810409 0.6011494556226216 0
1242 1.008916984699889 0.5569945272299535 0
1243 1.042976482528871 0.5780214222872968 0
1244 0.4942987904261136 0.4408523008920668 0
1245 1.212279900374569 0.04371079738723364 0
1246 1.778169901594601 0.9706836046301042 0
1247 1.803558834384075 0.9264914354473448 0
1248 1.828960970139881 0.9558078308172406 0
1249 1.828790200302195 0.04455870554705451 0
1250 1.803314154717019 0.07433173009824615 0
1251 1.77809599176548 0.02977302455119164 0
1252 3.236223628432528 0.2659442638829203 0
1253 3.230426583454183 0.2000562245487639 0
1254 3.106148756574042 0.1367171153607478 0
1255 3.106241243657314 0.0531634468629158 0
1256 3.10583307366662 0.9472165798497453 0
1257 3.103427237559619 0.8646214997479643 0
1258 0.7096184758539047 0.8959627189714597 0
1259 0.6727184436805116 0.868686461946925 0
1260 0.7044961636886393 0.8465788602137589 0
1261 2.796595712871 0.5357594059218982 0
1262 0.9110751906573477 0.2971659395216566 0
1263 0.9443291267860151 0.2922502539122933 0
1264 0.9335994835320467 0.3336401167682036 0
1265 3.002517004444065 0.44899708809616 0
1266 1.486788753181617 0.1355652336479895 0
1267 1.48807228543783 0.1873533748253733 0
1268 2.947730055716473 0.6098840560840262 0
1269 3.010070916467712 0.6350828993920687 0
1270 1.764395226105249 0.6597663890456674 0
1271 1.721008594920219 0.6824854899282221 0
1272 1.473151744219349 0.958961544088633 0
1273 1.491853993256641 0.9052027288206328 0
1274 0.03827293988608242 0.8583566420608181 0
1275 0.05752677513424227 0.8924732248658135 0
1276 0.2820794539454291 0.8508433281401736 0
1277 0.9999461989696822 0.5113904663668459 0
1278 1.000352558371604 0.4648148005705181 0
1279 1.047098800820273 0.4872908280983009 0
1280 4.740872023289969 0.3690846163191336 0
1281 0.40499727284634 0.07073465666591913 0
1282 0.449219560661474 0.08628797465483556 0
1283 1.202870772891645 0.404923469528545 0
1284 4.832038240813525 0.6164683372177108 0
1285 4.820804459705402 0.7235210316393728 0
1286 4.354441140697423 0.1825312038308113 0
1287 4.433885541991051 0.21201862295299 0
1288 2.702714919707982 0.7748597641279822 0
1289 2.690092707995178 0.8273221603131195 0
1290 1.754286677825513 0.8991507026169028 0
1291 1.702858113407505 0.9326838436979636 0
1292 1.703632993476093 0.06803689883812431 0
1293 1.753017379131108 0.1038716811144345 0
1294 1.257446583756902 0.5627907096403618 0
1295 1.255113246133012 0.5177210798381633 0
1296 4.065656355281613 0.5291145426057113 0
1297 4.094044543307723 0.6245725126538269 0
1298 0.97888627455191 0.7283292521836229 0
1299 1.003838456767518 0.7719848765431789 0
1300 4.936465350520839 0.6389918618316006 0
1301 0.8414663124628041 0.7832369303370779 0
1302 0.8653701837525303 0.754926435470918 0
1303 2.710978399103224 0.4206616596906905 0
1304 3.072846749322389 0.4248655916390403 0
1305 3.072750518609536 0.4758685035429447 0
1306 1.009609552149505 0.4182471297388599 0
1307 2.139352937505632 0.2218265150067977 0
1308 2.086397277262933 0.2507141999074786 0
1309 2.080830713005412 0.2005631670591283 0
1310 0.2393790981077331 0.2167044678980595 0
1311 0.2085974827120826 0.2433223301707668 0
1312 1.050239951844639 0.3922541181912449 0
1313 1.012344343771949 0.3697860856281317 0
1314 0.8879078924997294 0.7225688756742532 0
1315 0.8733129537333565 0.6772053782882794 0
1316 4.513273655556137 0.746151438356811 0
1317 4.422251826767084 0.7269944057045505 0
1318 4.479784289755373 0.6670736432161011 0
1319 3.099573105199506 0.3814258841750495 0
1320 0.9814798233706745 0.03858497978431789 0
1321 1.805077746370792 0.8842749288040391 0
1322 1.803711587667823 0.1186573621102974 0
1323 1.432195478927961 0.8733546644805059 0
1324 0.6874243387736987 0.3580253602268686 0
1325 0.7117414850802257 0.3415323021591907 0
1326 0.7243171463061373 0.3735069419323222 0
1327 1.545332498930098 0.4577861856419627 0
1328 3.62254065859107 0.4776891689041635 0
1329 3.653258939086072 0.3966254051050643 0
1330 3.046619582539069 0.5418493276122658 0
1331 1.882427454261295 0.9558078308172406 0
1332 1.882256684423656 0.04455870554705451 0
1333 1.410827592979677 0.9208124333602267 0
1334 0.08293711193119044 0.2972031077956998 0
1335 0.03359760355251122 0.3244023319582206 0
1336 4.131120776713861 0.4995925715124169 0
1337 4.20601119599633 0.4712246842139466 0
1338 0.107895803527762 0.3454869164650882 0
1339 0.12363770835393 0.2938853603443468 0
1340 1.212180859432935 0.9569009507970665 0
1341 1.010779123033642 0.08756319962744531 0
1342 4.179288489291312 0.3888086369518939 0
1343 4.25225861558348 0.4217703854296162 0
1344 1.029832095069927 0.81384255303452 0
1345 0.1763275725208537 0.6803835380938377 0
1346 0.1483868805969275 0.7263740014221443 0
1347 0.1283381246192538 0.6909159284771291 0
1348 0.2411176235086061 0.8132206607917216 0
1349 0.2293738763006049 0.5601163873418564 0
1350 0.1917242465760631 0.5283915303927682 0
1351 0.1949102537473109 0.7637331670362882 0
1352 4.381621743463708 0.7836993340354195 0
1353 0.6331486788458411 0.5863016035443422 0
1354 0.6014570507594529 0.5968298187959337 0
1355 0.08918269320250682 0.9108173067975433 0
1356 0.03165591806826455 0.9183440819319104 0
1357 0.0816559180684046 0.9683440819318201 0
1358 0.8084958160872819 0.9602735511147116 0
1359 1.002486064399758 0.6893201199895107 0
1360 4.597665037289127 0.7676522940040166 0
1361 0.4190781489781911 0.3693935457801875 0
1362 1.017431462729362 0.8635697512825999 0
1363 1.016512991523231 0.9092466199758639 0
1364 0.3257369903753713 0.4963029617263406 0
1365 1.551140428207152 0.498697699375357 0
1366 1.495807355660063 0.09233482599998794 0
1367 1.474999999999904 0.03908578300508323 0
1368 1.013744378143649 0.1346820799696407 0
1369 1.062433529660759 0.1513791578035576 0
1370 1.017579308480389 0.1881047980869434 0
1371 0.6982141368294752 0.3052535142381736 0
1372 0.7351069443619138 0.3207350959436272 0
1373 2.040819094054367 0.2732950860773735 0
1374 2.099341318554588 0.2945584340250429 0
1375 4.826563005862415 0.8182999693760449 0
1376 4.846516213358883 0.9337707995687994 0
1377 4.060546036424132 0.2141492397201747 0
1378 4.121879267517278 0.1448535220471099 0
1379 1.21043006187897 0.5837106692186338 0
1380 0.5009972320601419 0.3364957120597323 0
1381 0.5383702823832008 0.3404100061356962 0
1382 0.5287186680155189 0.371047357674513 0
1383 0.03827293988608242 0.8083566420608109 0
1384 3.284203178168157 0.05256441108211989 0
1385 3.283825803906498 0.9479149286754071 0
1386 1.440981397521363 0.121401973658168 0
1387 2.261624270979829 0.588550398393821 0
1388 0.08613847356448892 0.6912318905284618 0
1389 1.415152230567066 0.07545430439867276 0
1390 0.3303758538125933 0.04498128087961686 0
1391 0.3141334776891791 0.09911164178634803 0
1392 3.227784963618721 0.8032991537539772 0
1393 3.158164511749452 0.7673612063564648 0
1394 3.230818867145217 0.7358505203140039 0
1395 0.5788943395324578 0.3398136164460944 0
1396 2.658828565293877 0.4428571540442707 0
1397 0.2799108789077298 0.140601790956938 0
1398 0.2422379158812328 0.1821874635953625 0
1399 1.106577526835521 0.1785135880135716 0
1400 1.102742596498781 0.1250908698962689 0
1401 2.245771157574349 0.08834346527940658 0
1402 2.217607358977024 0.04497181110386181 0
1403 2.21695624555771 0.9554521798909141 0
1404 2.245120044155109 0.9120805257153752 0
1405 0.9836738684297897 0.2203965206534821 0
1406 0.960131206903808 0.262580698859842 0
1407 0.1434651266447734 0.5573214880105151 0
1408 1.897559074823092 0.5798748900848705 0
1409 1.946804639602616 0.5667410127843091 0
1410 1.947062929474613 0.6150659762095515 0
1411 1.101195680558907 0.2372293727344225 0
1412 2.038647602846937 0.4625668924806034 0
1413 2.024406820376842 0.5215046301836331 0
1414 4.324004217439576 0.8224906639873444 0
1415 4.24062103710844 0.7983169420019771 0
1416 3.037193123854604 0.7322818139043127 0
1417 2.976227870175495 0.7614129768222673 0
1418 2.981612281178539 0.2383101520461804 0
1419 0.6384170196197838 0.8459771623874557 0
1420 1.087086200006849 0.5122551979830549 0
1421 1.087492559408771 0.465679532186727 0
1422 2.724354470766433 0.6597547566545595 0
1423 4.000510584408864 0.1530264854153718 0
1424 0.504481687941996 0.5721234897468623 0
1425 4.098017688607049 0.3715314371869635 0
1426 4.067576648271913 0.4677849068295188 0
1427 0.08921539426211872 0.08650552050298618 0
1428 0.08113314284081385 0.03113314284116474 0
1429 2.159481073653188 0.6499474143959639 0
1430 2.131859537065248 0.5937197010297197 0
1431 3.157215829857242 0.3753102113749008 0
1432 0.256299653050322 0.5970036900769171 0
1433 2.037222260338864 0.7313162359998942 0
1434 2.012913252934252 0.6871681888540734 0
1435 2.143843131719833 0.4031860218938658 0
1436 0.1702438734514915 0.6068066759334574 0
1437 1.07233976331092 0.8525210868261854 0
1438 2.19154219571836 0.233676362689218 0
1439 2.236223284446761 0.2461579462790517 0
1440 2.189600590491556 0.2844591314449816 0
1441 0.7695324716468797 0.7794176722875119 0
1442 0.7349174158358127 0.7607371229569327 0
1443 2.013697040642099 0.3153965309702579 0
1444 1.990431099039937 0.5471842077690401 0
1445 0.9865434260385371 0.9581224774387311 0
1446 0.9826554997785071 0.299054876106389 0
1447 4.321519559445234 0.4444812733002508 0
1448 4.423493025656835 0.4380960875190055 0
1449 4.380954788500098 0.4978012469104235 0
1450 0.329275211190649 0.1760020340835629 0
1451 0.32652910884501 0.1314527109298237 0
1452 0.03593975721682517 0.6727786946257439 0
1453 3.470424460112501 0.7186295158800073 0
1454 3.47378037177472 0.2814512463724332 0
1455 0.4905528698945363 0.17327549485723 0
1456 0.5257974453192971 0.1885697622288235 0
1457 0.4746980367009765 0.5847738595108681 0
1458 0.4801014630611524 0.5384163678541214 0
1459 0.856758748692682 0.231993770155174 0
1460 0.8263871791239739 0.2430468303842099 0
1461 0.8426520459574631 0.2009903968933613 0
1462 1.245253579859212 0.3784120379905167 0
1463 1.252792779113712 0.4214467657236896 0
1464 1.106331965807645 0.8769941245186759 0
1465 1.11873259814821 0.8272669262705958 0
1466 1.083274278387184 0.4168770315399072 0
1467 0.1791565684609946 0.2256934443492791 0
1468 0.1324114159902214 0.2527781866416026 0
1469 0.319806519955412 0.2553937431036805 0
1470 0.3264163934171493 0.21051903838626 0
1471 2.368291751416333 0.9192638546476162 0
1472 2.399865361821071 0.9626355088231551 0
1473 2.399865361821865 0.03736449117677328 0
1474 2.368291751416996 0.08073614535231805 0
1475 0.4341244584952114 0.5230511518754196 0
1476 0.06669421358799385 0.1189653763961476 0
1477 2.393660726952116 0.1247131488557187 0
1478 2.331378687608771 0.1307203118544902 0
1479 2.330303318447188 0.8659941017203177 0
1480 2.392585357790374 0.8720012647190119 0
1481 1.032363019946899 0.237093598487399 0
1482 3.218678331043591 0.4049870516651528 0
1483 3.305982169088073 0.4337872089764849 0
1484 0.03113314284103377 0.08113314284129192 0
1485 0.03556107074696008 0.13783223355511 0
1486 4.30898036508164 0.0552515376925245 0
1487 4.269222998155776 0.1383557893383111 0
1488 2.766328089539829 0.7882957139805564 0
1489 2.735715172180978 0.7391414518805233 0
1490 0.03359760355251122 0.3744023319583535 0
1491 0.08578161918001032 0.3940369638662987 0
1492 1.237096961014647 0.7282508325924157 0
1493 1.281042355294187 0.7133009047230566 0
1494 1.585886751111835 0.327466396046089 0
1495 1.607341772135603 0.3813153431466018 0
1496 0.4708317662205658 0.3241311305594333 0
1497 2.851614892372252 0.05920270986693846 0
1498 2.784871053560844 0.05920270986693846 0
1499 2.784871053559769 0.9407972901331048 0
1500 2.851614892371106 0.9407972901331048 0
1501 1.209131884845466 0.3221496590727251 0
1502 0.8811493578852544 0.2649131401558845 0
1503 4.494210235777125 0.2519211594542926 0
1504 4.416421748565594 0.2944618687778763 0
1505 3.992657501812902 0.06174927040132337 0
1506 3.935070320883439 0.09127721501404848 0
1507 0.870419714631286 0.3063030030117948 0
1508 1.169736310594345 0.5145375840314388 0
1509 1.16802845582709 0.5586328215932246 0
1510 1.125772103828092 0.5347391396332668 0
1511 2.185975631460838 0.1835253298408678 0
1512 0.7992251232763977 0.6445419314807672 0
1513 0.8365902431877972 0.6615008993907232 0
1514 4.435845357839011 0.5696663358465095 0
1515 4.526867186628062 0.5888233684987698 0
1516 0.9716802688671373 0.6198421324744381 0
1517 3.41592816482451 0.9562994236679847 0
1518 3.463548551175229 0.9045498697771328 0
1519 3.501772453560284 0.9482504461091481 0
1520 3.501772453560957 0.05174955389063054 0
1521 3.463548551175265 0.09545013022248561 0
1522 3.415928164825048 0.04370057633185506 0
1523 1.291664456285804 0.1977228426923009 0
1524 1.279071305585373 0.1579220520565363 0
1525 1.658717535503435 0.3616566864225111 0
1526 1.085378345239594 0.5563504355448408 0
1527 1.081662386350114 0.6005053639375088 0
1528 2.953096152521673 0.8830914129059422 0
1529 2.885925028887726 0.9065419578939747 0
1530 2.885925028888846 0.09345804210599873 0
1531 2.953096152522301 0.1169085870938872 0
1532 3.615203632229731 0.699576742670299 0
1533 3.687715909476038 0.7683470893946618 0
1534 0.4673417155411347 0.6305540565832598 0
1535 0.1264822156027499 0.3907192164149457 0
1536 1.475337044909989 0.6639065469336286 0
1537 1.423438415093998 0.6795011868706573 0
1538 1.254321900909413 0.472484545473324 0
1539 1.29670470787698 0.4459731139352957 0
1540 1.536199845155192 0.740186914645496 0
1541 1.498799234465575 0.7062393224136023 0
1542 0.4894776141153073 0.1376819224442196 0
1543 1.837846885019018 0.3960011793488475 0
1544 1.818662412459898 0.4354215549031461 0
1545 1.784801271879723 0.3883196411315505 0
1546 2.357531929058097 0.2609950435968095 0
1547 2.351441560730915 0.3139130328770685 0
1548 2.299616941973073 0.3093374335582396 0
1549 0.3223322192553305 0.7673568348356168 0
1550 0.3146998732164684 0.7255721090901024 0
1551 4.803422111683767 0.1015664475098938 0
1552 4.741265474400447 0.06521915764662786 0
1553 3.4056813902374 0.677282737538091 0
1554 3.416585006254629 0.3357642652542332 0
1555 3.059871596531483 0.6315468020393045 0
1556 3.126008403311437 0.6418056140704793 0
1557 3.095061608495994 0.6896537608853166 0
1558 0.289447692290061 0.2074598644031107 0
1559 3.250848309521476 0.6238155610756828 0
1560 3.230055284308332 0.6773302121413918 0
1561 3.181991440489092 0.6463979218507825 0
1562 0.4022199096854026 0.5423333459041053 0
1563 0.386026556360481 0.5143177601613977 0
1564 0.4753552946158112 0.4028663217954251 0
1565 0.4332532917411184 0.4174913854773624 0
1566 0.4492436148177672 0.3817581272804864 0
1567 3.035691797762869 0.0531634468629158 0
1568 3.035283627771341 0.9472165798497453 0
1569 0.2111347071095199 0.6055751894531529 0
1570 2.838981982061907 0.5608587163282069 0
1571 4.075975876374865 0.06174927040132337 0
1572 3.662799731893399 0.2159082208550094 0
1573 3.602496315050681 0.2787121525860082 0
1574 2.584925076701045 0.04947952272906172 0
1575 2.521781548425704 0.04947952272906172 0
1576 2.522301745631875 0.9503646001364583 0
1577 2.585445273907153 0.9503646001364583 0
1578 4.564486097547613 0.3449772052328898 0
1579 3.747608857343566 0.7186553546076444 0
1580 2.07325231860708 0.3749183942635273 0
1581 2.038942654697743 0.4152553133292689 0
1582 2.019453471436685 0.3574762392606794 0
1583 2.697140700032712 0.2294547531442086 0
1584 2.763658147348781 0.2126702891090431 0
1585 3.299675736177601 0.7132681595389041 0
1586 0.1955847294741723 0.2775837074297345 0
1587 3.30830004645877 0.5820425865373906 0
1588 0.4231286676121109 0.5718420613041798 0
1589 0.688920377923869 0.9590351603523128 0
1590 1.468487515446744 0.3539440580420623 0
1591 1.502616975626751 0.3115372834601278 0
1592 2.902800052576821 0.5784553418066503 0
1593 3.349107570858539 0.3197026403315476 0
1594 3.297686129618877 0.2956211041731723 0
1595 1.852259417333015 0.8658097652176741 0
1596 1.851396579987548 0.1349531355872826 0
1597 0.1971696502012085 0.6436939786685181 0
1598 1.349164862590612 0.7682879247804925 0
1599 0.4429614906602911 0.596846934690519 0
1600 2.037955243772074 0.8347207744169308 0
1601 2.074816229283718 0.8039746952789322 0
1602 2.040593845963674 0.1676187867851139 0
1603 1.612443290755411 0.6846684301898152 0
1604 1.580037201008801 0.7139499619608778 0
1605 0.2371562084164232 0.7719561169312484 0
1606 1.423151744219893 0.958961544088633 0
1607 0.157370107586793 0.301061995310991 0
1608 1.261882744168396 0.2224799419855478 0
1609 1.314964099913498 0.2252399471843353 0
1610 3.361753833995411 0.3742987211671662 0
1611 3.353868899765024 0.6400619829016974 0
1612 4.878689247198691 0.7727626614009266 0
1613 4.563466932612461 0.5261391974303844 0
1614 4.567577003727628 0.4235030331578894 0
1615 0.1387150785547129 0.4259185174301208 0
1616 0.4611801518528839 0.3547684820982502 0
1617 0.7018362312230757 0.806979587727622 0
1618 0.7387362633964688 0.8342558447521569 0
1619 1.652652591280008 0.7014087626773475 0
1620 2.651672482454395 0.04204406322171247 0
1621 2.618319853967461 0.0915235859507742 0
1622 2.618825558831764 0.9095763552297713 0
1623 2.65165799011158 0.959211755093313 0
1624 0.2848296529289348 0.7735520546892465 0
1625 0.5125413253598682 0.9609627549669996 0
1626 1.102459787179437 0.08389037659550497 0
1627 1.1466037843542 0.111024806805519 0
1628 1.15037713986763 0.8926576376521294 0
1629 1.10398430503034 0.917911798207719 0
1630 4.853554697147249 0.05215741085593362 0
1631 4.848392175466383 0.1537238583658274 0
1632 4.942223896677852 0.8337707995685361 0
1633 4.936465350520839 0.7389918618318639 0
1634 3.578441013463264 0.9482504461091481 0
1635 3.578441013464312 0.05174955389063054 0
1636 2.753347100942054 0.1012467730886509 0
1637 2.716591212339601 0.04204406322171247 0
1638 2.71657671999672 0.959211755093313 0
1639 2.75333260859924 0.9000090452264178 0
1640 0.3803758538124151 0.04498128087961686 0
1641 2.023812183784739 0.6448409726486362 0
1642 2.05587655498843 0.6177339800161453 0
1643 2.083380244519032 0.6606428537557914 0
1644 0.8113519746624616 0.292071783363048 0
1645 0.8321171008089926 0.3208656739251189 0
1646 0.8029751936122616 0.3388872536421443 0
1647 0.186811021837881 0.3186908811324787 0
1648 0.1943204546851943 0.3614533231463708 0
1649 1.411131659016739 0.2138794347789027 0
1650 1.367523167510734 0.2318046680713621 0
1651 1.343975352666548 0.4217852421349381 0
1652 1.345504474462249 0.4728230218845726 0
1653 1.343505894101296 0.3777224200817427 0
1654 0.1608292629024646 0.3773684700289103 0
1655 2.403710695691741 0.1720218260418465 0
1656 2.440623759499967 0.1220376595396744 0
1657 2.440623759499512 0.8779623404602237 0
1658 2.402635326530367 0.8246925875329253 0
1659 1.166465855112716 0.6039122248204618 0
1660 1.231571450645495 0.1411922161339903 0
1661 1.211201317369745 0.4931947316265573 0
1662 0.8246674087122912 0.5789997963399625 0
1663 0.8578160952912304 0.5516259878967416 0
1664 4.479837348531683 0.4128902332041786 0
1665 3.887639514246679 0.1499474200787166 0
1666 3.879786431650718 0.05867020506466813 0
1667 3.879786431649496 0.9413297949356607 0
1668 3.89433110526043 0.8556260475560154 0
1669 1.509721522112024 0.2767083633915424 0
1670 1.507212808426724 0.2268807820028417 0
1671 1.380176152618727 0.6901623315180994 0
1672 2.030284215591042 0.5762525213235832 0
1673 2.089852276325335 0.5920544024307384 0
1674 1.998674788826144 0.8678949507853268 0
1675 1.998940188317605 0.1322778716310744 0
1676 0.9692836818687649 0.3622517641672935 0
1677 1.009914081563899 0.3362587526196785 0
1678 1.123160487516661 0.03491215675237754 0
1679 1.124014739545773 0.9667876556705862 0
1680 4.420402119476819 0.3595702595940059 0
1681 1.58310513449506 0.5277269182799521 0
1682 1.530520458897225 0.5271741648655164 0
1683 2.915912979097802 0.03425533223906028 0
1684 2.915912979096545 0.9657446677608701 0
1685 2.595573633120621 0.1330732355884493 0
1686 2.662321038873971 0.1256377760811001 0
1687 2.665947926979857 0.8745269022924247 0
1688 2.59973521077543 0.86567974733557 0
1689 1.424999999999713 0.03908578300508323 0
1690 3.000715317711674 0.8099310846223138 0
1691 3.001828815980684 0.1874551317422302 0
1692 0.6881953878988849 0.03844565842074484 0
1693 1.684233151977149 0.2482701575390514 0
1694 3.72315249810779 0.2611330910373646 0
1695 0.03556107074696008 0.1878322335551111 0
1696 4.648174927089215 0.06521915764662786 0
1697 1.064862190558899 0.2383555805358426 0
1698 1.0309567505083 0.2706473031023813 0
1699 1.39015223056697 0.03636852139358954 0
1700 0.5148318737013742 0.03677923759707848 0
1701 4.949262380464933 0.1521574108557126 0
1702 0.701498085110029 0.1406822535163796 0
1703 0.6728100449672347 0.1196990498236988 0
1704 0.7050788159432621 0.09787452053417042 0
1705 1.391068362555937 0.31181799711473 0
1706 1.423167635520359 0.2882357620249564 0
1707 1.423935475085735 0.3369272708880506 0
1708 0.6267163819342412 0.7656482995919842 0
1709 0.5856471382589839 0.7616693694673582 0
1710 1.254057291924938 0.2662038114138301 0
1711 1.638351137330432 0.3103746182655954 0
1712 1.676255813601346 0.9620002390678594 0
1713 1.677104603499261 0.03826387428693267 0
1714 0.8361335444374939 0.1700573505665071 0
1715 0.8432764753910337 0.1333315011862931 0
1716 0.5102891135027624 0.405119042695191 0
1717 1.228839368503126 0.3452376005302726 0
1718 1.278761374725193 0.3617608967254172 0
1719 1.005739766696119 0.6408690275317814 0
1720 1.988486997501402 0.9647405563205136 0
1721 2.004655793522353 0.9120200179316913 0
1722 2.004940118944599 0.08826067624083508 0
1723 1.98850592343243 0.03536731543562578 0
1724 2.269994494760107 0.276680079656398 0
1725 2.271936099986911 0.2258973109006343 0
1726 1.132032930079043 0.7905736122590155 0
1727 1.166025132575767 0.8150466499515059 0
1728 2.205586251014123 0.8565534188455779 0
1729 2.26647591893216 0.8577295847791246 0
1730 2.272087300873608 0.1410592429371888 0
1731 2.211848746374306 0.1426593998655058 0
1732 0.4047934784333361 0.9222049320798144 0
1733 0.4241274399035192 0.9707520396969818 0
1734 0.8585723762625603 0.4288712676717652 0
1735 0.825570305610014 0.4027284847133261 0
1736 3.675220397499615 0.619566130057567 0
1737 1.159283829727037 0.6818663796864589 0
1738 1.162136771809559 0.6436642752103496 0
1739 1.67449437381354 0.3268280437179073 0
1740 1.387675848760871 0.9618508892715936 0
1741 2.652934132703899 0.2240894760280978 0
1742 2.604974837740493 0.2464556120084 0
1743 2.591615523063725 0.1895535616990774 0
1744 1.692465916052372 0.2886788668754692 0
1745 1.712832314225375 0.3399609350323849 0
1746 1.337741455393326 0.256561767364609 0
1747 1.358682049000517 0.2917073176745681 0
1748 1.306122981403282 0.2851425967875413 0
1749 1.340285058245812 0.6588699834876148 0
1750 0.3627963910947385 0.4940265380861303 0
1751 1.311119580545876 0.3576117406415807 0
1752 1.359449888565893 0.3403988265376623 0
1753 1.933536302159071 0.03536731543562578 0
1754 1.933517376228091 0.9647405563205136 0
1755 1.463139294535431 0.2785161157296916 0
1756 1.950548742166738 0.8853560454946625 0
1757 1.950567668097569 0.1147518262614909 0
1758 4.136144759630165 0.6798319342937906 0
1759 4.19357034811288 0.7533742336734566 0
1760 0.6283267751845945 0.390745225010717 0
1761 0.6636821142438525 0.3761005640699188 0
1762 1.330943459931549 0.7067867736898558 0
1763 1.149241307015954 0.7552812055379117 0
1764 2.087744115386351 0.334411590647896 0
1765 2.107233298647409 0.3921906647164855 0
1766 2.501643285433421 0.8656914317735269 0
1767 2.491593316693428 0.9130001089596134 0
1768 2.491073119487226 0.08684401390583499 0
1769 2.501123088226851 0.1341526910919628 0
1770 3.232813897412973 0.3285602559542286 0
1771 2.709183056051511 0.8712187682073207 0
1772 2.77747738961456 0.8528043032471124 0
1773 2.774807447424028 0.1481616998424369 0
1774 2.706527606202785 0.1310030531972109 0
1775 3.795486258588975 0.5596223786065886 0
1776 3.720713380411878 0.5836466015542792 0
1777 1.025716161681692 0.3065891975672272 0
1778 2.461282219697966 0.9626355088231551 0
1779 2.46128221969882 0.03736449117677328 0
1780 0.6380026406665678 0.1415413354905287 0
1781 0.8533587065057821 0.8574745035835509 0
1782 0.8459801632030058 0.8204676627236469 0
1783 0.7654221800391975 0.3335536234723588 0
1784 0.7518948317884469 0.2972748355513417 0
1785 2.455056929190116 0.5594123779569676 0
1786 1.173160487516853 0.03491215675237754 0
1787 1.865533607802163 0.6535824832608765 0
1788 1.832072972320589 0.625813545472643 0
1789 1.864356729213514 0.6004309157218792 0
1790 1.185723197211916 0.1198234474403751 0
1791 1.320933449667103 0.7445932527535411 0
1792 0.8048412255847237 0.1154519699879285 0
1793 1.80156976316028 0.5989315950016122 0
1794 1.802746641748928 0.6520831625406095 0
1795 2.158334928499104 0.3626792182782345 0
1796 1.899458820199941 0.8764233199913897 0
1797 1.897368334603601 0.8306174235745825 0
1798 1.896676267095969 0.1697789408660932 0
1799 1.899288050362154 0.1239432163729196 0
1800 0.488226040787814 0.8943418026748103 0
1801 0.4866687652621268 0.9317147946639813 0
1802 0.449812155331605 0.9041310874047925 0
1803 1.185440387892572 0.07862295413961118 0
1804 1.451103318031811 0.2041597884836379 0
1805 1.430272182005633 0.253406841956371 0
1806 1.16115936326243 0.7188016782669937 0
1807 1.905439824896151 0.9205483871377542 0
1808 1.905287980989149 0.07992602098268029 0
1809 3.62405331518626 0.3415099443793101 0
1810 1.87707585743777 0.7800860504906491 0
1811 1.874073965863294 0.2215833591288186 0
1812 1.726165466032636 0.9706836046301042 0
1813 1.726091556203472 0.02977302455119164 0
1814 4.390909857242195 0.9418274303745552 0
1815 4.398123666543718 0.8448635307971855 0
1816 0.651106453017941 0.3441259242967873 0
1817 1.84806071423563 0.7451192540239788 0
1818 0.3947009399045474 0.4747443440574445 0
1819 0.4154178730889836 0.446526350987239 0
1820 0.4246214190322958 0.02575337578630228 0
1821 2.857009996618234 0.3098154378253397 0
1822 0.6995058874165672 0.2257516669710875 0
1823 0.7289225678622098 0.2428825395208815 0
1824 0.6921629156655207 0.267325435472816 0
1825 0.7596724853656163 0.3881516028729514 0
1826 0.7861873061857285 0.3623475140344298 0
1827 0.7972254989386802 0.3934852330427369 0
1828 1.234749119026475 0.8703386621858826 0
1829 1.278752024466917 0.8493374932662785 0
1830 3.690576253569491 0.3308054575715188 0
1831 0.557525077129894 0.7800351303545234 0
1832 0.5599355663301712 0.8140955627931887 0
1833 0.814503973007975 0.8795936696557826 0
1834 0.8075024631030557 0.8014095046955729 0
1835 0.7740463223870813 0.816648404674081 0
1836 4.942223896677852 0.9337707995687994 0
1837 2.683781385355945 0.172552702834886 0
1838 0.7265383529471494 0.6040692516069185 0
1839 0.7242755422857952 0.640683567740776 0
1840 0.6977371893390716 0.6266143161338575 0
1841 1.28631584503267 0.8126860753091385 0
1842 1.174014739545913 0.9667876556705862 0
1843 1.29926375795325 0.7748020558136933 0
1844 0.4741274399036592 0.9707520396969818 0
1845 1.626439769937226 0.5334251987456575 0
1846 1.67022398868843 0.5223862793203927 0
1847 2.323422420811541 0.7767230628771351 0
1848 2.290769525306202 0.8104669948505203 0
1849 2.297456276408728 0.1850362464405894 0
1850 2.331227486722074 0.2155583798179357 0
1851 0.5248540430614059 0.8786022904880625 0
1852 0.4894532927354772 0.06253261338338076 0
1853 0.4894300153307305 0.09731383646561176 0
1854 0.7788338078767232 0.2824661295658564 0
1855 0.8079757150734543 0.264444549848831 0
1856 0.7965474047760626 0.5880773471616176 0
1857 0.7877304186635805 0.6167912597092997 0
1858 0.7618936920063548 0.5894245906661548 0
1859 0.668504017905307 0.6009462644849405 0
1860 0.03165591806826455 0.9683440819318201 0
1861 1.815100237650293 0.5365477258903105 0
1862 1.781221776325329 0.565121463377564 0
1863 1.765425920243682 0.5290072113342288 0
1864 1.812694248120816 0.7145176944395835 0
1865 1.868616317024052 0.7095666725960358 0
1866 3.793101840255829 0.6827358261043566 0
1867 3.844504464712185 0.6238952087734084 0
1868 0.5669316715643987 0.8539653963139066 0
1869 0.6022418024900937 0.8327818880649696 0
1870 4.949262380464933 0.05215741085593362 0
1871 0.03113314284103377 0.03113314284116474 0
1872 1.198930659916757 0.8393076933703594 0
1873 1.188543259754652 0.8827709327786097 0
1874 0.7988306820550655 0.5516331272968176 0
1875 1.663641231297508 0.7460779966959297 0
1876 1.749423258212693 0.3635046887260375 0
1877 1.730238785653573 0.4029250642803359 0
1878 3.341356132531085 0.04370057633185506 0
1879 3.341356132531556 0.9562994236679847 0
1880 0.7767062548526449 0.8562476771602179 0
1881 0.7990554847899017 0.4285325735518477 0
1882 1.69645881023606 0.7153086478532702 0
1883 1.900900073916977 0.6841840428452721 0
1884 2.267312962622975 0.5251317285695936 0
1885 1.767394800451525 0.3253555118835995 0
1886 1.937820272493875 0.3375706309075593 0
1887 1.258084432109161 0.7889914032821871 0
1888 0.5645947279295527 0.1807535404005776 0
1889 2.545994865285953 0.4198647135159687 0
1890 0.7357702468986124 0.6684342395122435 0
1891 0.7645714105066901 0.6458891749853044 0
1892 2.549666427100328 0.8470229153840743 0
1893 2.547614338157215 0.1554393715687516 0
1894 0.4746214190321177 0.02575337578630228 0
1895 1.936163998624126 0.6573931924149887 0
1896 1.761686896129783 0.2736472272713612 0
1897 2.072869659847821 0.7557625513985138 0
1898 0.7558615439504861 0.2280738335353962 0
1899 0.7485185721994396 0.2696476020371247 0
1900 0.7938690123382355 0.2334411765870184 0
1901 1.711420500113057 0.5173767813803727 0
1902 1.745298961438021 0.4888030438931192 0
1903 2.119027644027988 0.685089169154411 0
1904 2.086963272824296 0.7121961617869018 0
1905 2.984533252129783 0.9657446677608701 0
1906 2.984533252130992 0.03425533223906028 0
1907 1.186195598977348 0.9236886064676528 0
1908 1.728455170313999 0.4524563153125561 0
1909 0.7720596609688353 0.02764756165755091 0
1910 0.7220596609688283 0.02764756165755091 0
1911 0.723622858389414 0.9712472540172343 0
1912 0.7736228583893692 0.9712472540172343 0
1913 1.782460590444625 0.4640867452664121 0
1914 1.835506203583919 0.4717682834837092 0
1915 0.603103239042176 0.163894160912466 0
1916 0.5682674560865106 0.137435267663261 0
1917 1.605819800627299 0.5619016642358169 0
1918 0.6959727836766683 0.732601109143781 0
1919 0.6971316987717607 0.7665205584528683 0
1920 0.6628915990639313 0.7788435739144703 0
1921 0.7350161978496563 0.1600832476230021 0
1922 0.7027474268736289 0.1819077769125305 0
1923 4.294796852740216 0.3620652260381981 0
1924 1.11973516575768 0.6185864275849404 0
1925 0.8134753429956471 0.5162777882375813 0
1926 0.6343299125096098 0.1848596082278453 0
1927 0.6659877746769398 0.206350672864465 0
1928 4.360077425690745 0.3196677230927032 0
1929 1.848302583259871 0.5159917002533018 0
1930 1.979387376732763 0.3557334500359995 0
1931 0.8137001457306178 0.4638879126112185 0
1932 0.6314209143855563 0.806107328866738 0
1933 0.8057619748687858 0.181110410795543 0
1934 1.73199723493772 0.7271547239468043 0
1935 1.985409563403651 0.6442593151144274 0
1936 1.864098439341518 0.552105952296637 0
1937 1.722571092388984 0.2614030488535291 0
1938 1.21223099184759 0.8026143793587789 0
1939 1.225178904768171 0.7647303598633337 0
1940 0.5297113461893105 0.1139265611727648 0
1941 1.774342832477136 0.7222009209446414 0
1942 3.737588461432194 0.6551642857163749 0
1943 0.7146164397092187 0.6950231529577802 0
1944 1.191243520753076 0.7418738086690075 0
1945 3.100296027108062 0.8099892593754607 0
1946 3.103329930634558 0.7425406259354874 0
1947 2.133322298594917 0.3118307044780011 0
1948 0.7742730080010056 0.2066761140707751 0
1949 0.7677545064810364 0.1757430677439209 0
1950 0.5479265181330116 0.7487924452776299 0
1951 1.29470536918979 0.3244373031813368 0
1952 1.273764775582598 0.2892917528713777 0
1953 2.169932131667341 0.3228260616553814 0
1954 2.214613220395743 0.3353076452452151 0
1955 0.7443209563194497 0.9081748126363811 0
1956 0.712543236311322 0.9302824143695472 0
1957 1.242639679711446 0.3054985178076257 0
1958 0.7665051647174364 0.13451754434777 0
1959 0.7102550488704112 0.06609322007829575 0
1960 0.7389430890132055 0.08707642377097649 0
1961 0.7791939140173625 0.8972011097338584 0
1962 0.7821186744747797 0.9315208051319459 0
1963 0.6095305946072164 0.3334333546407747 0
1964 0.5443419209588098 0.7101745375765622 0
1965 2.383617791971745 0.7714498687275151 0
1966 2.383052105479914 0.2201339791367646 0
1967 3.350724643813092 0.6919686060026857 0
1968 0.5967279734133364 0.3685813899451572 0
1969 0.7721029169533437 0.09979214986700974 0
1970 0.7772791498804929 0.06801084941113507 0
1971 2.263904126432924 0.329598068936657 0
1972 3.041017711283154 0.5872347525772315 0
1973 3.003846528163231 0.8645633249948174 0
1974 3.000973491254723 0.9129612476106153 0
1975 3.001381661246273 0.08741877910197607 0
1976 3.004254698154178 0.1358167017177428 0
1977 2.946287028079731 0.5593421356526198 0
1978 2.996818902475297 0.5453854249650301 0
1979 2.220405010959492 0.5122335635252471 0
1980 3.050114324704655 0.157965323750319 0
1981 3.048592656444725 0.8398009193269871 0
1982 0.8456100790375882 0.4638900498730951 0
1983 0.8319099333069705 0.4900021372618766 0
1984 1.794898435265558 0.6866483395166982 0
1985 0.8453852763026175 0.5162799254994579 0
$EndNodes
$Elements
1044
1 8 2 100 1 1 11 25
2 8 2 100 1 11 12 26
3 8 2 100 1 12 13 27
4 8 2 100 1 13 14 28
5 8 2 100 1 14 15 29
6 8 2 100 1 15 16 30
7 8 2 100 1 16 17 31
8 8 2 100 1 17 18 32
9 8 2 100 1 18 19 33
10 8 2 100 1 19 20 34
11 8 2 100 1 20 21 35
12 8 2 100 1 21 22 36
13 8 2 100 1 22 23 37
14 8 2 100 1 23 24 38
15 8 2 100 1 24 2 39
16 8 2 100 2 2 40 64
17 8 2 100 2 40 41 65
18 8 2 100 2 41 42 66
19 8 2 100 2 42 43 67
20 8 2 100 2 43 44 68
21 8 2 100 2 44 45 69
22 8 2 100 2 45 46 70
23 8 2 100 2 46 47 71
24 8 2 100 2 47 48 72
25 8 2 100 2 48 49 73
26 8 2 100 2 49 50 74
27 8 2 100 2 50 51 75
28 8 2 100 2 51 52 76
29 8 2 100 2 52 53 77
30 8 2 100 2 53 54 78
31 8 2 100 2 54 55 79
32 8 2 100 2 55 56 80
33 8 2 100 2 56 57 81
34 8 2 100 2 57 58 82
35 8 2 100 2 58 59 83
36 8 2 100 2 59 60 84
37 8 2 100 2 60 61 85
38 8 2 100 2 61 62 86
39 8 2 100 2 62 63 87
40 8 2 100 2 63 3 88
41 8 2 200 3 3 89 93
42 8 2 200 3 89 90 94
43 8 2 200 3 90 91 95
44 8 2 200 3 91 92 96
45 8 2 200 3 92 4 97
46 8 2 300 4 4 98 122
47 8 2 300 4 98 99 123
48 8 2 300 4 99 100 124
49 8 2 300 4 100 101 125
50 8 2 300 4 101 102 126
51 8 2 300 4 102 103 127
52 8 2 300 4 103 104 128
53 8 2 300 4 104 105 129
54 8 2 300 4 105 106 130
55 8 2 300 4 106 107 131
56 8 2 300 4 107 108 132
57 8 2 300 4 108 109 133
58 8 2 300 4 109 110 134
59 8 2 300 4 110 111 135
60 8 2 300 4 111 112 136
61 8 2 300 4 112 113 137
62 8 2 300 4 113 114 138
63 8 2 300 4 114 115 139
64 8 2 300 4 115 116 140
65 8 2 300 4 116 117 141
66 8 2 300 4 117 118 142
67 8 2 300 4 118 119 143
68 8 2 300 4 119 120 144
69 8 2 300 4 120 121 145
70 8 2 300 4 121 5 146
71 8 2 300 5 5 147 161
72 8 2 300 5 147 148 162
73 8 2 300 5 148 149 163
74 8 2 300 5 149 150 164
75 8 2 300 5 150 151 165
76 8 2 300 5 151 152 166
77 8 2 300 5 152 153 167
78 8 2 300 5 153 154 168
79 8 2 300 5 154 155 169
80 8 2 300 5 155 156 170
81 8 2 300 5 156 157 171
82 8 2 300 5 157 158 172
83 8 2 300 5 158 159 173
84 8 2 300 5 159 160 174
85 8 2 300 5 160 6 175
86 8 2 500 6 7 176 179
87 8 2 500 6 176 177 180
88 8 2 500 6 177 178 181
89 8 2 500 6 178 8 182
90 8 2 500 7 8 183 186
91 8 2 500 7 183 184 187
92 8 2 500 7 184 185 188
93 8 2 500 7 185 7 189
94 8 2 400 8 6 190 192
95 8 2 400 8 190 191 193
96 8 2 400 8 191 9 194
97 8 2 400 9 9 195 198
98 8 2 400 9 195 196 199
99 8 2 400 9 196 197 200
100 8 2 400 9 197 10 201
101 8 2 400 10 10 202 204
102 8 2 400 10 202 203 205
103 8 2 400 10 203 1 206
104 9 2 10 12 356 620 212 626 627 628
105 9 2 10 12 324 437 91 629 630 631
106 9 2 10 12 337 253 572 632 633 634
107 9 2 10 12 91 437 90 630 635 95
108 9 2 10 12 324 337 572 636 634 637
109 9 2 10 12 212 620 307 627 638 639
110 9 2 10 12 297 502 462 640 641 642
111 9 2 10 12 462 234 395 643 644 645
112 9 2 10 12 155 426 288 646 647 648
113 9 2 10 12 488 155 288 649 648 650
114 9 2 10 12 227 298 461 651 652 653
115 9 2 10 12 243 479 412 654 655 656
116 9 2 10 12 209 298 492 657 658 659
117 9 2 10 12 268 370 400 660 661 662
118 9 2 10 12 297 462 395 642 645 663
119 9 2 10 12 462 502 226 641 664 665
120 9 2 10 12 272 403 442 666 667 668
121 9 2 10 12 273 443 404 669 670 671
122 9 2 10 12 236 369 307 672 673 674
123 9 2 10 12 278 543 319 675 676 677
124 9 2 10 12 209 465 298 678 679 657
125 9 2 10 12 442 403 532 667 680 681
126 9 2 10 12 443 531 404 682 683 670
127 9 2 10 12 211 362 432 684 685 686
128 9 2 10 12 226 391 507 687 688 689
129 9 2 10 12 503 13 338 690 691 692
130 9 2 10 12 12 13 503 27 690 693
131 9 2 10 12 302 507 391 694 688 695
132 9 2 10 12 281 512 505 696 697 698
133 9 2 10 12 213 352 344 699 700 701
134 9 2 10 12 227 524 298 702 703 651
135 9 2 10 12 228 464 304 704 705 706
136 9 2 10 12 219 433 554 707 708 709
137 9 2 10 12 158 473 328 710 711 712
138 9 2 10 12 102 374 389 713 714 715
139 9 2 10 12 214 334 463 716 717 718
140 9 2 10 12 236 307 350 674 719 720
141 9 2 10 12 394 467 100 721 722 723
142 9 2 10 12 5 332 121 724 725 146
143 9 2 10 12 281 381 512 726 727 696
144 9 2 10 12 213 366 306 728 729 730
145 9 2 10 12 213 306 367 730 731 732
146 9 2 10 12 319 543 348 676 733 734
147 9 2 10 12 222 315 466 735 736 737
148 9 2 10 12 209 483 465 738 739 678
149 9 2 10 12 45 471 388 740 741 742
150 9 2 10 12 116 387 472 743 744 745
151 9 2 10 12 100 467 99 722 746 124
152 9 2 10 12 218 400 370 747 661 748
153 9 2 10 12 238 547 345 749 750 751
154 9 2 10 12 239 346 548 752 753 754
155 9 2 10 12 362 454 432 755 756 685
156 9 2 10 12 211 487 351 757 758 759
157 9 2 10 12 228 304 480 706 760 761
158 9 2 10 12 269 475 334 762 763 764
159 9 2 10 12 274 313 502 765 766 767
160 9 2 10 12 212 307 369 639 673 768
161 9 2 10 12 211 591 315 769 770 771
162 9 2 10 12 254 542 447 772 773 774
163 9 2 10 12 238 367 306 775 731 776
164 9 2 10 12 226 502 313 664 766 777
165 9 2 10 12 274 420 313 778 779 765
166 9 2 10 12 226 507 462 689 780 665
167 9 2 10 12 227 461 508 653 781 782
168 9 2 10 12 284 463 334 783 717 784
169 9 2 10 12 211 350 487 785 786 757
170 9 2 10 12 530 251 317 787 788 789
171 9 2 10 12 242 309 562 790 791 792
172 9 2 10 12 121 332 450 725 793 794
173 9 2 10 12 102 103 374 127 795 713
174 9 2 10 12 158 159 473 173 796 710
175 9 2 10 12 262 304 464 797 705 798
176 9 2 10 12 252 310 419 799 800 801
177 9 2 10 12 251 425 318 802 803 804
178 9 2 10 12 334 475 513 763 805 806
179 9 2 10 12 296 465 483 807 739 808
180 9 2 10 12 298 524 492 703 809 658
181 9 2 10 12 251 436 317 810 811 788
182 9 2 10 12 256 449 301 812 813 814
183 9 2 10 12 238 363 547 815 816 749
184 9 2 10 12 239 548 364 754 817 818
185 9 2 10 12 23 316 410 819 820 821
186 9 2 10 12 347 526 537 822 823 824
187 9 2 10 12 267 332 407 825 826 827
188 9 2 10 12 89 437 365 828 829 830
189 9 2 10 12 7 441 335 831 832 833
190 9 2 10 12 308 393 545 834 835 836
191 9 2 10 12 267 320 450 837 838 839
192 9 2 10 12 268 451 321 840 841 842
193 9 2 10 12 56 57 364 81 843 844
194 9 2 10 12 104 105 363 129 845 846
195 9 2 10 12 243 384 479 847 848 654
196 9 2 10 12 196 353 339 849 850 851
197 9 2 10 12 238 306 379 776 852 853
198 9 2 10 12 223 546 295 854 855 856
199 9 2 10 12 16 294 455 857 858 859
200 9 2 10 12 504 294 16 860 857 861
201 9 2 10 12 148 423 314 862 863 864
202 9 2 10 12 259 325 373 865 866 867
203 9 2 10 12 7 383 176 868 869 179
204 9 2 10 12 256 301 406 814 870 871
205 9 2 10 12 160 336 473 872 873 874
206 9 2 10 12 211 315 527 771 875 876
207 9 2 10 12 211 351 591 759 877 769
208 9 2 10 12 98 467 337 878 879 880
209 9 2 10 12 215 545 393 881 835 882
210 9 2 10 12 2 40 341 64 883 884
211 9 2 10 12 19 322 469 885 886 887
212 9 2 10 12 152 460 309 888 889 890
213 9 2 10 12 280 414 342 891 892 893
214 9 2 10 12 222 449 315 894 895 735
215 9 2 10 12 158 328 406 712 896 897
216 9 2 10 12 57 495 364 898 899 843
217 9 2 10 12 104 363 494 846 900 901
218 9 2 10 12 344 352 493 700 902 903
219 9 2 10 12 226 313 391 777 904 687
220 9 2 10 12 223 295 452 856 905 906
221 9 2 10 12 289 554 433 907 708 908
222 9 2 10 12 258 540 314 909 910 911
223 9 2 10 12 89 90 437 94 635 828
224 9 2 10 12 242 453 309 912 913 790
225 9 2 10 12 275 401 374 914 915 916
226 9 2 10 12 276 375 402 917 918 919
227 9 2 10 12 287 388 471 920 741 921
228 9 2 10 12 286 472 387 922 744 923
229 9 2 10 12 236 339 353 924 850 925
230 9 2 10 12 152 309 453 890 913 926
231 9 2 10 12 267 476 320 927 928 837
232 9 2 10 12 98 99 467 123 746 878
233 9 2 10 12 247 325 579 929 930 931
234 9 2 10 12 263 316 566 932 933 934
235 9 2 10 12 234 526 347 935 822 936
236 9 2 10 12 244 520 397 937 938 939
237 9 2 10 12 245 396 519 940 941 942
238 9 2 10 12 260 441 310 943 944 945
239 9 2 10 12 7 185 441 189 946 831
240 9 2 10 12 274 492 524 947 809 948
241 9 2 10 12 231 404 409 949 950 951
242 9 2 10 12 270 381 384 952 953 954
243 9 2 10 12 241 567 343 955 956 957
244 9 2 10 12 312 397 520 958 938 959
245 9 2 10 12 311 519 396 960 941 961
246 9 2 10 12 207 384 381 962 953 963
247 9 2 10 12 44 45 388 69 742 964
248 9 2 10 12 116 117 387 141 965 743
249 9 2 10 12 242 562 340 792 966 967
250 9 2 10 12 250 374 401 968 915 969
251 9 2 10 12 249 402 375 970 918 971
252 9 2 10 12 19 428 322 972 973 885
253 9 2 10 12 276 402 390 919 974 975
254 9 2 10 12 306 366 551 729 976 977
255 9 2 10 12 308 474 393 978 979 834
256 9 2 10 12 247 579 333 931 980 981
257 9 2 10 12 216 390 402 982 974 983
258 9 2 10 12 248 593 322 984 985 986
259 9 2 10 12 254 421 542 987 988 772
260 9 2 10 12 196 197 353 200 989 849
261 9 2 10 12 257 382 333 990 991 992
262 9 2 10 12 239 551 366 993 976 994
263 9 2 10 12 247 373 325 995 866 929
264 9 2 10 12 278 319 516 677 996 997
265 9 2 10 12 230 320 476 998 928 999
266 9 2 10 12 219 554 411 709 1000 1001
267 9 2 10 12 258 438 407 1002 1003 1004
268 9 2 10 12 247 333 382 981 991 1005
269 9 2 10 12 212 444 360 1006 1007 1008
270 9 2 10 12 290 376 483 1009 1010 1011
271 9 2 10 12 159 160 473 174 874 796
272 9 2 10 12 241 354 567 1012 1013 955
273 9 2 10 12 283 409 404 1014 950 1015
274 9 2 10 12 240 336 533 1016 1017 1018
275 9 2 10 12 310 518 419 1019 1020 800
276 9 2 10 12 290 560 376 1021 1022 1009
277 9 2 10 12 7 335 383 833 1023 868
278 9 2 10 12 262 431 304 1024 1025 797
279 9 2 10 12 40 451 341 1026 1027 883
280 9 2 10 12 267 450 332 839 793 825
281 9 2 10 12 258 314 575 911 1028 1029
282 9 2 10 12 293 462 507 1030 780 1031
283 9 2 10 12 292 508 461 1032 781 1033
284 9 2 10 12 148 314 540 864 910 1034
285 9 2 10 12 157 158 406 172 897 1035
286 9 2 10 12 268 400 341 662 1036 1037
287 9 2 10 12 286 537 526 1038 823 1039
288 9 2 10 12 212 369 444 768 1040 1006
289 9 2 10 12 576 212 317 1041 1042 1043
290 9 2 10 12 317 212 530 1042 1044 789
291 9 2 10 12 195 196 339 199 851 1045
292 9 2 10 12 9 349 191 1046 1047 194
293 9 2 10 12 342 414 573 892 1048 1049
294 9 2 10 12 23 566 316 1050 933 819
295 9 2 10 12 176 383 478 869 1051 1052
296 9 2 10 12 263 552 316 1053 1054 932
297 9 2 10 12 228 480 317 761 1055 1056
298 9 2 10 12 251 318 436 804 1057 810
299 9 2 10 12 255 463 413 1058 1059 1060
300 9 2 10 12 259 489 340 1061 1062 1063
301 9 2 10 12 61 62 361 86 1064 1065
302 9 2 10 12 240 533 349 1018 1066 1067
303 9 2 10 12 234 347 395 936 1068 644
304 9 2 10 12 53 456 330 1069 1070 1071
305 9 2 10 12 108 331 457 1072 1073 1074
306 9 2 10 12 227 482 420 1075 1076 1077
307 9 2 10 12 11 503 343 1078 1079 1080
308 9 2 10 12 214 585 334 1081 1082 716
309 9 2 10 12 271 412 479 1083 655 1084
310 9 2 10 12 258 385 438 1085 1086 1002
311 9 2 10 12 323 482 541 1087 1088 1089
312 9 2 10 12 209 492 395 659 1090 1091
313 9 2 10 12 246 361 565 1092 1093 1094
314 9 2 10 12 216 379 390 1095 1096 982
315 9 2 10 12 222 499 449 1097 1098 894
316 9 2 10 12 265 345 550 1099 1100 1101
317 9 2 10 12 264 549 346 1102 1103 1104
318 9 2 10 12 283 447 542 1105 773 1106
319 9 2 10 12 268 321 498 842 1107 1108
320 9 2 10 12 260 310 466 945 1109 1110
321 9 2 10 12 301 449 499 813 1098 1111
322 9 2 10 12 267 407 468 827 1112 1113
323 9 2 10 12 259 424 325 1114 1115 865
324 9 2 10 12 237 509 335 1116 1117 1118
325 9 2 10 12 240 328 473 1119 711 1120
326 9 2 10 12 252 595 310 1121 1122 799
327 9 2 10 12 245 541 482 1123 1088 1124
328 9 2 10 12 327 519 578 1125 1126 1127
329 9 2 10 12 256 527 315 1128 875 1129
330 9 2 10 12 250 389 374 1130 714 968
331 9 2 10 12 240 473 336 1120 873 1016
332 9 2 10 12 323 420 482 1131 1076 1087
333 9 2 10 12 313 553 445 1132 1133 1134
334 9 2 10 12 20 21 368 35 1135 1136
335 9 2 10 12 297 395 492 663 1090 1137
336 9 2 10 12 246 565 365 1094 1138 1139
337 9 2 10 12 210 327 571 1140 1141 1142
338 9 2 10 12 256 315 449 1129 895 812
339 9 2 10 12 249 355 408 1143 1144 1145
340 9 2 10 12 230 496 320 1146 1147 998
341 9 2 10 12 231 321 497 1148 1149 1150
342 9 2 10 12 217 386 516 1151 1152 1153
343 9 2 10 12 236 538 369 1154 1155 672
344 9 2 10 12 216 329 401 1156 1157 1158
345 9 2 10 12 216 402 329 983 1159 1156
346 9 2 10 12 231 498 321 1160 1107 1148
347 9 2 10 12 241 343 503 957 1079 1161
348 9 2 10 12 233 520 326 1162 1163 1164
349 9 2 10 12 248 322 428 986 973 1165
350 9 2 10 12 101 102 389 126 715 1166
351 9 2 10 12 218 342 412 1167 1168 1169
352 9 2 10 12 232 583 440 1170 1171 1172
353 9 2 10 12 61 361 535 1065 1173 1174
354 9 2 10 12 210 541 327 1175 1176 1140
355 9 2 10 12 228 317 436 1056 811 1177
356 9 2 10 12 248 357 593 1178 1179 984
357 9 2 10 12 241 503 338 1161 692 1180
358 9 2 10 12 18 19 469 33 887 1181
359 9 2 10 12 315 591 466 770 1182 736
360 9 2 10 12 114 115 358 139 1183 1184
361 9 2 10 12 46 47 359 71 1185 1186
362 9 2 10 12 270 384 386 954 1187 1188
363 9 2 10 12 10 202 354 204 1189 1190
364 9 2 10 12 244 445 326 1191 1192 1193
365 9 2 10 12 256 406 558 871 1194 1195
366 9 2 10 12 264 456 549 1196 1197 1102
367 9 2 10 12 265 550 457 1101 1198 1199
368 9 2 10 12 243 386 384 1200 1187 847
369 9 2 10 12 578 519 232 1126 1201 1202
370 9 2 10 12 330 440 583 1203 1171 1204
371 9 2 10 12 59 60 355 84 1205 1206
372 9 2 10 12 150 151 372 165 1207 1208
373 9 2 10 12 266 470 339 1209 1210 1211
374 9 2 10 12 386 491 516 1212 1213 1152
375 9 2 10 12 101 389 523 1166 1214 1215
376 9 2 10 12 268 341 451 1037 1027 840
377 9 2 10 12 291 571 327 1216 1141 1217
378 9 2 10 12 195 339 470 1045 1210 1218
379 9 2 10 12 285 408 355 1219 1144 1220
380 9 2 10 12 249 329 402 1221 1159 970
381 9 2 10 12 250 401 329 969 1157 1222
382 9 2 10 12 258 407 332 1004 826 1223
383 9 2 10 12 257 333 418 992 1224 1225
384 9 2 10 12 246 324 572 1226 637 1227
385 9 2 10 12 265 606 345 1228 1229 1099
386 9 2 10 12 264 346 607 1104 1230 1231
387 9 2 10 12 275 494 363 1232 900 1233
388 9 2 10 12 276 364 495 1234 899 1235
389 9 2 10 12 290 623 347 1236 1237 1238
390 9 2 10 12 210 553 541 1239 1240 1175
391 9 2 10 12 215 373 392 1241 1242 1243
392 9 2 10 12 335 509 383 1117 1244 1023
393 9 2 10 12 22 23 410 37 821 1245
394 9 2 10 12 119 621 398 1246 1247 1248
395 9 2 10 12 42 399 622 1249 1250 1251
396 9 2 10 12 264 440 330 1252 1203 1253
397 9 2 10 12 53 330 514 1071 1254 1255
398 9 2 10 12 108 515 331 1256 1257 1072
399 9 2 10 12 299 488 517 1258 1259 1260
400 9 2 10 12 210 445 553 1261 1133 1239
401 9 2 10 12 257 357 569 1262 1263 1264
402 9 2 10 12 291 327 578 1217 1127 1265
403 9 2 10 12 263 341 400 1266 1036 1267
404 9 2 10 12 233 326 611 1164 1268 1269
405 9 2 10 12 319 348 618 734 1270 1271
406 9 2 10 12 5 427 332 1272 1273 724
407 9 2 10 12 190 533 336 1274 1017 1275
408 9 2 10 12 328 558 406 1276 1194 896
409 9 2 10 12 247 392 373 1277 1242 995
410 9 2 10 12 247 377 392 1278 1279 1277
411 9 2 10 12 246 437 324 1280 629 1226
412 9 2 10 12 318 425 625 803 1281 1282
413 9 2 10 12 284 413 463 1283 1059 783
414 9 2 10 12 324 570 337 1284 1285 636
415 9 2 10 12 285 535 361 1286 1173 1287
416 9 2 10 12 302 391 609 695 1288 1289
417 9 2 10 12 320 621 450 1290 1291 838
418 9 2 10 12 321 451 622 841 1292 1293
419 9 2 10 12 207 381 446 963 1294 1295
420 9 2 10 12 250 329 411 1222 1296 1297
421 9 2 10 12 11 12 503 26 693 1078
422 9 2 10 12 242 340 393 967 1298 1299
423 9 2 10 12 91 570 324 1300 1284 631
424 9 2 10 12 562 223 452 1301 906 1302
425 9 2 10 12 323 541 553 1089 1240 1303
426 9 2 10 12 244 326 520 1193 1163 937
427 9 2 10 12 291 578 344 1265 1304 1305
428 9 2 10 12 247 382 377 1005 1306 1278
429 9 2 10 12 287 415 443 1307 1308 1309
430 9 2 10 12 241 360 444 1310 1007 1311
431 9 2 10 12 214 377 382 1312 1306 1313
432 9 2 10 12 259 340 452 1063 1314 1315
433 9 2 10 12 253 394 433 1316 1317 1318
434 9 2 10 12 232 344 578 1319 1304 1202
435 9 2 10 12 19 20 428 34 1320 972
436 9 2 10 12 320 398 621 1321 1247 1290
437 9 2 10 12 321 622 399 1293 1250 1322
438 9 2 10 12 258 332 427 1223 1273 1323
439 9 2 10 12 177 431 589 1324 1325 1326
440 9 2 10 12 243 412 342 656 1168 1327
441 9 2 10 12 379 551 390 1328 1329 1096
442 9 2 10 12 291 344 493 1305 903 1330
443 9 2 10 12 118 119 398 143 1248 1331
444 9 2 10 12 42 43 399 67 1332 1249
445 9 2 10 12 258 427 540 1323 1333 909
446 9 2 10 12 10 354 501 1190 1334 1335
447 9 2 10 12 219 411 539 1001 1336 1337
448 9 2 10 12 277 501 354 1338 1334 1339
449 9 2 10 12 148 149 423 163 1340 862
450 9 2 10 12 340 562 452 966 1302 1314
451 9 2 10 12 20 368 428 1136 1341 1320
452 9 2 10 12 219 539 408 1337 1342 1343
453 9 2 10 12 242 393 474 1299 979 1344
454 9 2 10 12 266 454 349 1345 1346 1347
455 9 2 10 12 240 558 328 1348 1276 1119
456 9 2 10 12 236 350 481 720 1349 1350
457 9 2 10 12 240 349 454 1067 1346 1351
458 9 2 10 12 289 433 394 908 1317 1352
459 9 2 10 12 185 518 441 1353 1354 946
460 9 2 10 12 190 336 587 1275 1355 1356
461 9 2 10 12 160 587 336 1357 1355 872
462 9 2 10 12 152 153 460 167 1358 888
463 9 2 10 12 340 489 393 1062 1359 1298
464 9 2 10 12 310 441 518 944 1354 1019
465 9 2 10 12 253 337 467 632 879 1360
466 9 2 10 12 212 576 356 1041 1361 628
467 9 2 10 12 242 372 453 1362 1363 912
468 9 2 10 12 307 487 350 1364 786 719
469 9 2 10 12 243 342 573 1327 1049 1365
470 9 2 10 12 2 341 430 884 1366 1367
471 9 2 10 12 248 368 434 1368 1369 1370
472 9 2 10 12 431 577 589 1371 1372 1325
473 9 2 10 12 221 443 415 1373 1308 1374
474 9 2 10 12 98 337 586 880 1375 1376
475 9 2 10 12 249 588 355 1377 1378 1143
476 9 2 10 12 281 446 381 1379 1294 726
477 9 2 10 12 261 480 478 1380 1381 1382
478 9 2 10 12 191 349 533 1047 1066 1383
479 9 2 10 12 53 54 456 78 1384 1069
480 9 2 10 12 107 108 457 132 1074 1385
481 9 2 10 12 263 430 341 1386 1366 1266
482 9 2 10 12 347 623 395 1237 1387 1068
483 9 2 10 12 266 349 470 1347 1388 1209
484 9 2 10 12 263 566 430 934 1389 1386
485 9 2 10 12 13 425 338 1390 1391 691
486 9 2 10 12 265 331 557 1392 1393 1394
487 9 2 10 12 304 478 480 1395 1381 760
488 9 2 10 12 313 420 553 779 1396 1132
489 9 2 10 12 264 330 456 1253 1070 1196
490 9 2 10 12 265 457 331 1199 1073 1392
491 9 2 10 12 241 338 590 1180 1397 1398
492 9 2 10 12 269 434 368 1399 1369 1400
493 9 2 10 12 46 359 471 1186 1401 1402
494 9 2 10 12 115 472 358 1403 1404 1183
495 9 2 10 12 248 405 357 1405 1406 1178
496 9 2 10 12 236 481 339 1350 1407 924
497 9 2 10 12 282 421 429 1408 1409 1410
498 9 2 10 12 269 334 434 764 1411 1399
499 9 2 10 12 254 376 560 1412 1022 1413
500 9 2 10 12 289 523 389 1414 1214 1415
501 9 2 10 12 233 584 520 1416 1417 1162
502 9 2 10 12 232 519 583 1201 1418 1170
503 9 2 10 12 288 517 488 1419 1259 650
504 9 2 10 12 255 392 377 1420 1279 1421
505 9 2 10 12 313 445 391 1134 1422 904
506 9 2 10 12 249 375 588 971 1423 1377
507 9 2 10 12 260 335 441 1424 832 943
508 9 2 10 12 249 539 329 1425 1426 1221
509 9 2 10 12 11 343 594 1080 1427 1428
510 9 2 10 12 290 347 581 1238 1429 1430
511 9 2 10 12 232 440 344 1172 1431 1319
512 9 2 10 12 211 432 350 686 1432 785
513 9 2 10 12 220 442 532 1433 681 1434
514 9 2 10 12 296 483 376 808 1010 1435
515 9 2 10 12 266 339 481 1211 1407 1436
516 9 2 10 12 242 474 372 1344 1437 1362
517 9 2 10 12 415 525 616 1438 1439 1440
518 9 2 10 12 223 422 546 1441 1442 854
519 9 2 10 12 221 531 443 1443 682 1373
520 9 2 10 12 254 429 421 1444 1409 987
521 9 2 10 12 151 453 372 1445 1363 1207
522 9 2 10 12 357 405 569 1406 1446 1263
523 9 2 10 12 219 564 371 1447 1448 1449
524 9 2 10 12 251 590 425 1450 1451 802
525 9 2 10 12 9 470 349 1452 1388 1046
526 9 2 10 12 151 152 453 166 926 1445
527 9 2 10 12 238 345 606 751 1229 1453
528 9 2 10 12 239 607 346 1454 1230 752
529 9 2 10 12 228 436 521 1177 1455 1456
530 9 2 10 12 260 561 335 1457 1458 1424
531 9 2 10 12 593 448 229 1459 1460 1461
532 9 2 10 12 284 378 413 1462 1463 1283
533 9 2 10 12 279 372 474 1464 1437 1465
534 9 2 10 12 255 377 463 1421 1466 1058
535 9 2 10 12 241 610 354 1467 1468 1012
536 9 2 10 12 251 530 360 787 1469 1470
537 9 2 10 12 114 358 528 1184 1471 1472
538 9 2 10 12 47 529 359 1473 1474 1185
539 9 2 10 12 237 335 561 1118 1458 1475
540 9 2 10 12 343 567 594 956 1476 1427
541 9 2 10 12 359 529 597 1474 1477 1478
542 9 2 10 12 358 596 528 1479 1480 1471
543 9 2 10 12 248 434 405 1370 1481 1405
544 9 2 10 12 213 344 511 701 1482 1483
545 9 2 10 12 203 594 567 1484 1476 1485
546 9 2 10 12 60 535 355 1486 1487 1205
547 9 2 10 12 244 609 391 1488 1288 1489
548 9 2 10 12 285 355 535 1220 1487 1286
549 9 2 10 12 197 501 353 1490 1491 989
550 9 2 10 12 224 505 512 1492 697 1493
551 9 2 10 12 218 534 342 1494 1495 1167
552 9 2 10 12 317 480 576 1055 1496 1043
553 9 2 10 12 50 51 396 75 1497 1498
554 9 2 10 12 110 111 397 135 1499 1500
555 9 2 10 12 284 334 513 784 806 1501
556 9 2 10 12 357 448 593 1502 1459 1179
557 9 2 10 12 338 425 590 1391 1451 1397
558 9 2 10 12 285 361 459 1287 1503 1504
559 9 2 10 12 58 588 375 1505 1423 1506
560 9 2 10 12 257 448 357 1507 1502 1262
561 9 2 10 12 255 446 435 1508 1509 1510
562 9 2 10 12 287 525 415 1511 1438 1307
563 9 2 10 12 295 424 452 1512 1513 905
564 9 2 10 12 253 433 371 1318 1514 1515
565 9 2 10 12 190 191 533 193 1383 1274
566 9 2 10 12 259 373 489 867 1516 1061
567 9 2 10 12 106 550 547 1517 1518 1519
568 9 2 10 12 55 548 549 1520 1521 1522
569 9 2 10 12 316 552 475 1054 1523 1524
570 9 2 10 12 280 342 534 893 1495 1525
571 9 2 10 12 215 392 435 1243 1526 1527
572 9 2 10 12 345 547 550 750 1518 1100
573 9 2 10 12 346 549 548 1103 1521 753
574 9 2 10 12 248 428 368 1165 1341 1368
575 9 2 10 12 312 612 397 1528 1529 958
576 9 2 10 12 311 396 613 961 1530 1531
577 9 2 10 12 238 500 363 1532 1533 815
578 9 2 10 12 260 466 591 1110 1182 1534
579 9 2 10 12 277 353 501 1535 1491 1338
580 9 2 10 12 270 386 438 1188 1536 1537
581 9 2 10 12 246 365 437 1139 829 1280
582 9 2 10 12 207 413 378 1538 1463 1539
583 9 2 10 12 217 407 438 1540 1003 1541
584 9 2 10 12 217 438 386 1541 1536 1151
585 9 2 10 12 318 521 436 1542 1455 1057
586 9 2 10 12 409 542 559 1543 1544 1545
587 9 2 10 12 235 461 465 1546 1547 1548
588 9 2 10 12 219 371 433 1449 1514 707
589 9 2 10 12 256 362 527 1549 1550 1128
590 9 2 10 12 63 365 565 1551 1138 1552
591 9 2 10 12 238 606 367 1453 1553 775
592 9 2 10 12 239 366 607 994 1554 1454
593 9 2 10 12 283 542 409 1106 1543 1014
594 9 2 10 12 259 452 424 1315 1513 1114
595 9 2 10 12 233 493 557 1555 1556 1557
596 9 2 10 12 241 590 360 1398 1558 1310
597 9 2 10 12 255 435 392 1510 1526 1420
598 9 2 10 12 352 614 557 1559 1560 1561
599 9 2 10 12 244 391 445 1489 1422 1191
600 9 2 10 12 237 561 487 1475 1562 1563
601 9 2 10 12 261 509 356 1564 1565 1566
602 9 2 10 12 52 53 514 77 1255 1567
603 9 2 10 12 108 109 515 133 1568 1256
604 9 2 10 12 350 432 481 1432 1569 1349
605 9 2 10 12 210 571 445 1142 1570 1261
606 9 2 10 12 59 355 588 1206 1378 1571
607 9 2 10 12 298 465 461 679 1547 652
608 9 2 10 12 239 364 617 818 1572 1573
609 9 2 10 12 212 360 530 1008 1469 1044
610 9 2 10 12 58 59 588 83 1571 1505
611 9 2 10 12 48 49 417 73 1574 1575
612 9 2 10 12 112 113 416 137 1576 1577
613 9 2 10 12 246 459 361 1578 1503 1092
614 9 2 10 12 275 363 500 1233 1533 1579
615 9 2 10 12 221 376 447 1580 1581 1582
616 9 2 10 12 245 482 608 1124 1583 1584
617 9 2 10 12 614 265 557 1585 1394 1560
618 9 2 10 12 352 557 493 1561 1556 902
619 9 2 10 12 241 444 610 1311 1586 1467
620 9 2 10 12 213 614 352 1587 1559 699
621 9 2 10 12 351 487 561 758 1562 1588
622 9 2 10 12 154 155 488 169 649 1589
623 9 2 10 12 218 412 477 1169 1590 1591
624 9 2 10 12 326 445 571 1192 1570 1592
625 9 2 10 12 607 511 264 1593 1594 1231
626 9 2 10 12 320 496 398 1147 1595 1321
627 9 2 10 12 321 399 497 1322 1596 1149
628 9 2 10 12 266 432 454 1597 756 1345
629 9 2 10 12 258 575 385 1029 1598 1085
630 9 2 10 12 260 591 561 1534 1599 1457
631 9 2 10 12 211 527 362 876 1550 684
632 9 2 10 12 286 387 442 923 1600 1601
633 9 2 10 12 287 443 388 1309 1602 920
634 9 2 10 12 217 516 468 1153 1603 1604
635 9 2 10 12 240 454 362 1351 755 1605
636 9 2 10 12 5 147 427 161 1606 1272
637 9 2 10 12 277 354 610 1339 1468 1607
638 9 2 10 12 254 447 376 774 1581 1412
639 9 2 10 12 225 475 552 1608 1523 1609
640 9 2 10 12 366 511 607 1610 1593 1554
641 9 2 10 12 213 367 614 732 1611 1587
642 9 2 10 12 337 570 586 1285 1612 1375
643 9 2 10 12 246 572 371 1227 1613 1614
644 9 2 10 12 236 353 538 925 1615 1154
645 9 2 10 12 261 576 480 1616 1496 1380
646 9 2 10 12 299 517 422 1260 1617 1618
647 9 2 10 12 319 468 516 1619 1603 996
648 9 2 10 12 49 555 417 1620 1621 1574
649 9 2 10 12 112 416 556 1577 1622 1623
650 9 2 10 12 240 362 558 1605 1624 1348
651 9 2 10 12 155 156 426 170 1625 646
652 9 2 10 12 261 356 576 1566 1361 1616
653 9 2 10 12 269 368 484 1400 1626 1627
654 9 2 10 12 279 510 372 1628 1629 1464
655 9 2 10 12 63 599 365 1630 1631 1551
656 9 2 10 12 92 586 570 1632 1612 1633
657 9 2 10 12 105 547 363 1634 816 845
658 9 2 10 12 56 364 548 844 817 1635
659 9 2 10 12 50 396 555 1498 1636 1637
660 9 2 10 12 111 556 397 1638 1639 1499
661 9 2 10 12 13 14 425 28 1640 1390
662 9 2 10 12 220 429 581 1641 1642 1643
663 9 2 10 12 300 448 418 1644 1645 1646
664 9 2 10 12 277 444 369 1647 1040 1648
665 9 2 10 12 263 380 552 1649 1650 1053
666 9 2 10 12 207 378 479 1539 1651 1652
667 9 2 10 12 271 479 378 1084 1651 1653
668 9 2 10 12 277 538 353 1654 1615 1535
669 9 2 10 12 292 597 529 1655 1477 1656
670 9 2 10 12 293 528 596 1657 1480 1658
671 9 2 10 12 351 561 591 1588 1599 877
672 9 2 10 12 281 435 446 1659 1509 1379
673 9 2 10 12 316 475 410 1524 1660 820
674 9 2 10 12 207 446 413 1295 1661 1538
675 9 2 10 12 325 424 580 1115 1662 1663
676 9 2 10 12 246 371 459 1614 1664 1578
677 9 2 10 12 58 375 495 1506 1665 1666
678 9 2 10 12 103 494 374 1667 1668 795
679 9 2 10 12 218 598 400 1669 1670 747
680 9 2 10 12 270 438 385 1537 1086 1671
681 9 2 10 12 429 560 581 1672 1673 1642
682 9 2 10 12 272 442 387 668 1600 1674
683 9 2 10 12 273 388 443 1675 1602 669
684 9 2 10 12 214 382 569 1313 1676 1677
685 9 2 10 12 21 484 368 1678 1626 1135
686 9 2 10 12 150 372 510 1208 1629 1679
687 9 2 10 12 213 511 366 1483 1610 728
688 9 2 10 12 306 551 379 977 1328 852
689 9 2 10 12 214 463 377 718 1466 1312
690 9 2 10 12 251 360 590 1470 1558 1450
691 9 2 10 12 371 564 459 1448 1680 1664
692 9 2 10 12 243 573 491 1365 1681 1682
693 9 2 10 12 51 613 396 1683 1530 1497
694 9 2 10 12 110 397 612 1500 1529 1684
695 9 2 10 12 303 417 555 1685 1621 1686
696 9 2 10 12 302 556 416 1687 1622 1688
697 9 2 10 12 2 430 24 1367 1689 39
698 9 2 10 12 257 418 448 1225 1645 1507
699 9 2 10 12 312 520 584 959 1417 1690
700 9 2 10 12 311 583 519 1691 1418 960
701 9 2 10 12 16 17 504 31 1692 861
702 9 2 10 12 268 498 370 1108 1693 660
703 9 2 10 12 276 617 364 1694 1572 1234
704 9 2 10 12 202 567 354 1695 1013 1189
705 9 2 10 12 217 468 407 1604 1112 1540
706 9 2 10 12 202 203 567 205 1485 1695
707 9 2 10 12 62 565 361 1696 1093 1064
708 9 2 10 12 275 374 494 916 1668 1232
709 9 2 10 12 276 495 375 1235 1665 917
710 9 2 10 12 256 558 362 1195 1624 1549
711 9 2 10 12 405 434 585 1481 1697 1698
712 9 2 10 12 23 24 566 38 1699 1050
713 9 2 10 12 62 63 565 87 1552 1696
714 9 2 10 12 15 16 455 30 859 1700
715 9 2 10 12 89 365 599 830 1631 1701
716 9 2 10 12 305 522 504 1702 1703 1704
717 9 2 10 12 271 380 477 1705 1706 1707
718 9 2 10 12 252 439 595 1708 1709 1121
719 9 2 10 12 225 513 475 1710 805 1608
720 9 2 10 12 218 370 534 748 1711 1494
721 9 2 10 12 120 121 450 145 794 1712
722 9 2 10 12 40 41 451 65 1713 1026
723 9 2 10 12 322 593 602 985 1714 1715
724 9 2 10 12 261 478 383 1382 1051 1716
725 9 2 10 12 284 619 378 1717 1718 1462
726 9 2 10 12 215 489 373 1719 1516 1241
727 9 2 10 12 253 467 394 1360 721 1316
728 9 2 10 12 117 485 387 1720 1721 965
729 9 2 10 12 44 388 486 964 1722 1723
730 9 2 10 12 235 616 525 1724 1439 1725
731 9 2 10 12 279 474 582 1465 1726 1727
732 9 2 10 12 57 58 495 82 1666 898
733 9 2 10 12 103 104 494 128 901 1667
734 9 2 10 12 358 472 526 1404 1728 1729
735 9 2 10 12 359 525 471 1730 1731 1401
736 9 2 10 12 157 406 603 1035 1732 1733
737 9 2 10 12 333 592 418 1734 1735 1224
738 9 2 10 12 238 379 500 853 1736 1532
739 9 2 10 12 281 505 545 698 1737 1738
740 9 2 10 12 280 534 370 1525 1711 1739
741 9 2 10 12 147 148 540 162 1034 1740
742 9 2 10 12 255 413 446 1060 1661 1508
743 9 2 10 12 303 482 508 1741 1742 1743
744 9 2 10 12 261 383 509 1716 1244 1564
745 9 2 10 12 207 479 384 1652 848 962
746 9 2 10 12 280 370 536 1739 1744 1745
747 9 2 10 12 225 380 506 1746 1747 1748
748 9 2 10 12 270 512 381 1749 727 952
749 9 2 10 12 307 620 487 638 1750 1364
750 9 2 10 12 271 378 506 1653 1751 1752
751 9 2 10 12 43 44 486 68 1723 1753
752 9 2 10 12 117 118 485 142 1754 1720
753 9 2 10 12 271 506 380 1752 1747 1705
754 9 2 10 12 218 477 598 1591 1755 1669
755 9 2 10 12 272 387 485 1674 1721 1756
756 9 2 10 12 273 486 388 1757 1722 1675
757 9 2 10 12 250 554 389 1758 1759 1130
758 9 2 10 12 176 624 177 1760 1761 180
759 9 2 10 12 227 508 482 782 1742 1075
760 9 2 10 12 270 385 512 1671 1762 1749
761 9 2 10 12 215 393 489 882 1359 1719
762 9 2 10 12 308 582 474 1763 1726 978
763 9 2 10 12 271 477 412 1707 1590 1083
764 9 2 10 12 243 491 386 1682 1212 1200
765 9 2 10 12 221 605 376 1764 1765 1580
766 9 2 10 12 277 369 538 1648 1155 1654
767 9 2 10 12 253 371 572 1515 1613 633
768 9 2 10 12 293 416 528 1766 1767 1657
769 9 2 10 12 292 529 417 1656 1768 1769
770 9 2 10 12 344 440 511 1431 1770 1482
771 9 2 10 12 45 46 471 70 1402 740
772 9 2 10 12 115 116 472 140 745 1403
773 9 2 10 12 397 556 609 1639 1771 1772
774 9 2 10 12 396 608 555 1773 1774 1636
775 9 2 10 12 216 574 379 1775 1776 1095
776 9 2 10 12 214 569 405 1677 1446 1777
777 9 2 10 12 113 528 416 1778 1767 1576
778 9 2 10 12 48 417 529 1575 1768 1779
779 9 2 10 12 294 504 522 860 1703 1780
780 9 2 10 12 309 568 562 1781 1782 791
781 9 2 10 12 300 589 577 1783 1372 1784
782 9 2 10 12 297 492 502 1137 1785 640
783 9 2 10 12 9 195 470 198 1218 1452
784 9 2 10 12 21 22 484 36 1786 1678
785 9 2 10 12 91 92 570 96 1633 1300
786 9 2 10 12 105 106 547 130 1519 1634
787 9 2 10 12 55 56 548 80 1635 1520
788 9 2 10 12 323 553 420 1303 1396 1131
789 9 2 10 12 282 544 604 1787 1788 1789
790 9 2 10 12 269 410 475 1790 1660 762
791 9 2 10 12 289 389 554 1415 1759 907
792 9 2 10 12 224 512 385 1493 1762 1791
793 9 2 10 12 225 552 380 1609 1650 1746
794 9 2 10 12 322 602 469 1715 1792 886
795 9 2 10 12 348 604 544 1793 1788 1794
796 9 2 10 12 296 376 605 1435 1765 1795
797 9 2 10 12 272 398 496 1796 1595 1797
798 9 2 10 12 273 497 399 1798 1596 1799
799 9 2 10 12 301 426 603 1800 1801 1802
800 9 2 10 12 22 410 484 1245 1803 1786
801 9 2 10 12 263 598 380 1804 1805 1649
802 9 2 10 12 308 545 505 836 1737 1806
803 9 2 10 12 274 502 492 767 1785 947
804 9 2 10 12 118 398 485 1331 1807 1754
805 9 2 10 12 43 486 399 1753 1808 1332
806 9 2 10 12 617 551 239 1809 993 1573
807 9 2 10 12 272 496 403 1797 1810 666
808 9 2 10 12 273 404 497 671 1811 1798
809 9 2 10 12 120 450 621 1712 1291 1812
810 9 2 10 12 41 622 451 1813 1292 1713
811 9 2 10 12 272 485 398 1756 1807 1796
812 9 2 10 12 273 399 486 1799 1808 1757
813 9 2 10 12 100 523 394 1814 1815 723
814 9 2 10 12 177 624 431 1761 1816 1324
815 9 2 10 12 230 403 496 1817 1810 1146
816 9 2 10 12 231 497 404 1150 1811 949
817 9 2 10 12 269 484 410 1627 1803 1790
818 9 2 10 12 237 620 509 1818 1819 1116
819 9 2 10 12 14 625 425 1820 1281 1640
820 9 2 10 12 245 519 541 942 1821 1123
821 9 2 10 12 301 603 406 1802 1732 870
822 9 2 10 12 262 458 577 1822 1823 1824
823 9 2 10 12 289 394 523 1352 1815 1414
824 9 2 10 12 100 101 523 125 1215 1814
825 9 2 10 12 178 589 418 1825 1826 1827
826 9 2 10 12 314 423 490 863 1828 1829
827 9 2 10 12 276 390 617 975 1830 1694
828 9 2 10 12 257 569 382 1264 1676 990
829 9 2 10 12 390 551 617 1329 1809 1830
830 9 2 10 12 222 439 499 1831 1832 1097
831 9 2 10 12 309 460 568 889 1833 1781
832 9 2 10 12 223 568 422 1834 1835 1441
833 9 2 10 12 4 586 92 1836 1632 97
834 9 2 10 12 356 509 620 1565 1819 626
835 9 2 10 12 303 608 482 1837 1583 1741
836 9 2 10 12 10 501 197 1335 1490 201
837 9 2 10 12 184 563 419 1838 1839 1840
838 9 2 10 12 327 541 519 1176 1821 1125
839 9 2 10 12 314 490 575 1829 1841 1028
840 9 2 10 12 149 150 510 164 1679 1842
841 9 2 10 12 224 385 575 1791 1598 1843
842 9 2 10 12 156 603 426 1844 1801 1625
843 9 2 10 12 4 98 586 122 1376 1836
844 9 2 10 12 278 573 414 1845 1048 1846
845 9 2 10 12 234 596 526 1847 1848 935
846 9 2 10 12 235 525 597 1725 1849 1850
847 9 2 10 12 301 499 426 1111 1851 1800
848 9 2 10 12 358 526 596 1729 1848 1479
849 9 2 10 12 359 597 525 1478 1849 1730
850 9 2 10 12 318 625 455 1282 1852 1853
851 9 2 10 12 300 615 448 1854 1855 1644
852 9 2 10 12 183 424 563 1856 1857 1858
853 9 2 10 12 184 419 518 1840 1020 1859
854 9 2 10 12 6 587 160 1860 1357 175
855 9 2 10 12 6 190 587 192 1356 1860
856 9 2 10 12 208 604 543 1861 1862 1863
857 9 2 10 12 230 544 403 1864 1865 1817
858 9 2 10 12 113 114 528 138 1472 1778
859 9 2 10 12 47 48 529 72 1779 1473
860 9 2 10 12 275 574 401 1866 1867 914
861 9 2 10 12 288 499 439 1868 1832 1869
862 9 2 10 12 3 89 599 93 1701 1870
863 9 2 10 12 60 61 535 85 1174 1486
864 9 2 10 12 1 594 203 1871 1484 206
865 9 2 10 12 1 11 594 25 1428 1871
866 9 2 10 12 279 490 423 1872 1828 1873
867 9 2 10 12 183 580 424 1874 1662 1856
868 9 2 10 12 267 468 476 1113 1875 927
869 9 2 10 12 184 518 185 1859 1353 188
870 9 2 10 12 249 408 539 1145 1342 1425
871 9 2 10 12 280 409 559 1876 1545 1877
872 9 2 10 12 300 418 589 1646 1826 1783
873 9 2 10 12 264 511 440 1594 1770 1252
874 9 2 10 12 54 55 549 79 1522 1878
875 9 2 10 12 106 107 550 131 1879 1517
876 9 2 10 12 299 422 568 1618 1835 1880
877 9 2 10 12 178 418 592 1827 1735 1881
878 9 2 10 12 319 476 468 1882 1875 1619
879 9 2 10 12 282 403 544 1883 1865 1787
880 9 2 10 12 209 395 623 1091 1387 1884
881 9 2 10 12 49 50 555 74 1637 1620
882 9 2 10 12 111 112 556 136 1623 1638
883 9 2 10 12 280 536 409 1745 1885 1876
884 9 2 10 12 283 404 531 1015 683 1886
885 9 2 10 12 224 575 490 1843 1841 1887
886 9 2 10 12 228 521 464 1456 1888 704
887 9 2 10 12 3 599 63 1870 1630 88
888 9 2 10 12 227 420 524 1077 1889 702
889 9 2 10 12 288 426 499 647 1851 1868
890 9 2 10 12 295 419 563 1890 1839 1891
891 9 2 10 12 302 416 507 1688 1892 694
892 9 2 10 12 303 508 417 1743 1893 1685
893 9 2 10 12 15 455 625 1700 1852 1894
894 9 2 10 12 282 532 403 1895 680 1883
895 9 2 10 12 231 409 536 951 1885 1896
896 9 2 10 12 348 543 604 733 1862 1793
897 9 2 10 12 286 442 537 1601 1897 1038
898 9 2 10 12 266 481 432 1436 1569 1597
899 9 2 10 12 293 507 416 1031 1892 1766
900 9 2 10 12 292 417 508 1769 1893 1032
901 9 2 10 12 458 615 577 1898 1899 1823
902 9 2 10 12 216 401 574 1158 1867 1775
903 9 2 10 12 245 608 396 1584 1773 940
904 9 2 10 12 244 397 609 939 1772 1488
905 9 2 10 12 229 448 615 1460 1855 1900
906 9 2 10 12 208 543 414 1863 1901 1902
907 9 2 10 12 220 581 537 1643 1903 1904
908 9 2 10 12 295 563 424 1891 1857 1512
909 9 2 10 12 109 110 612 134 1684 1905
910 9 2 10 12 51 52 613 76 1906 1683
911 9 2 10 12 41 42 622 66 1251 1813
912 9 2 10 12 119 120 621 144 1812 1246
913 9 2 10 12 279 423 510 1873 1907 1628
914 9 2 10 12 149 510 423 1842 1907 1340
915 9 2 10 12 329 539 411 1426 1336 1296
916 9 2 10 12 280 559 414 1877 1908 891
917 9 2 10 12 17 18 600 32 1909 1910
918 9 2 10 12 153 154 601 168 1911 1912
919 9 2 10 12 263 400 598 1267 1670 1804
920 9 2 10 12 14 15 625 29 1894 1820
921 9 2 10 12 208 559 542 1913 1544 1914
922 9 2 10 12 183 563 184 1858 1838 187
923 9 2 10 12 156 157 603 171 1733 1844
924 9 2 10 12 294 464 521 1915 1888 1916
925 9 2 10 12 214 405 585 1777 1698 1081
926 9 2 10 12 347 537 581 824 1903 1429
927 9 2 10 12 278 516 491 997 1213 1917
928 9 2 10 12 252 546 422 1918 1442 1919
929 9 2 10 12 252 422 517 1919 1617 1920
930 9 2 10 12 305 458 522 1921 1922 1702
931 9 2 10 12 286 526 472 1039 1728 922
932 9 2 10 12 287 471 525 921 1731 1511
933 9 2 10 12 219 408 564 1343 1923 1447
934 9 2 10 12 281 545 435 1738 1924 1659
935 9 2 10 12 274 524 420 948 1889 778
936 9 2 10 12 278 414 543 1846 1901 675
937 9 2 10 12 250 411 554 1297 1000 1758
938 9 2 10 12 8 580 183 1925 1874 186
939 9 2 10 12 262 464 522 798 1926 1927
940 9 2 10 12 285 564 408 1928 1923 1219
941 9 2 10 12 208 542 421 1914 988 1929
942 9 2 10 12 221 447 531 1582 1930 1443
943 9 2 10 12 177 589 178 1326 1825 181
944 9 2 10 12 8 178 592 182 1881 1931
945 9 2 10 12 223 562 568 1301 1782 1834
946 9 2 10 12 277 610 444 1607 1586 1647
947 9 2 10 12 252 517 439 1920 1932 1708
948 9 2 10 12 229 602 593 1933 1714 1461
949 9 2 10 12 208 414 559 1902 1908 1913
950 9 2 10 12 237 487 620 1563 1750 1818
951 9 2 10 12 319 618 476 1271 1934 1882
952 9 2 10 12 282 429 532 1410 1935 1895
953 9 2 10 12 147 540 427 1740 1333 1606
954 9 2 10 12 282 604 421 1789 1936 1408
955 9 2 10 12 370 498 536 1693 1937 1744
956 9 2 10 12 224 490 582 1887 1938 1939
957 9 2 10 12 318 455 521 1853 1940 1542
958 9 2 10 12 230 476 618 999 1934 1941
959 9 2 10 12 379 574 500 1776 1942 1736
960 9 2 10 12 262 522 458 1927 1922 1822
961 9 2 10 12 295 546 419 855 1943 1890
962 9 2 10 12 231 536 498 1896 1937 1160
963 9 2 10 12 294 521 455 1916 1940 858
964 9 2 10 12 283 531 447 1886 1930 1105
965 9 2 10 12 220 532 429 1434 1935 1641
966 9 2 10 12 224 582 505 1939 1944 1492
967 9 2 10 12 331 584 557 1945 1946 1393
968 9 2 10 12 294 522 464 1780 1926 1915
969 9 2 10 12 288 439 517 1869 1932 1419
970 9 2 10 12 215 435 545 1527 1924 881
971 9 2 10 12 221 415 605 1374 1947 1764
972 9 2 10 12 208 421 604 1929 1936 1861
973 9 2 10 12 229 458 602 1948 1949 1933
974 9 2 10 12 222 595 439 1950 1709 1831
975 9 2 10 12 233 557 584 1557 1946 1416
976 9 2 10 12 254 560 429 1413 1672 1444
977 9 2 10 12 334 585 434 1082 1697 1411
978 9 2 10 12 220 537 442 1904 1897 1433
979 9 2 10 12 24 430 566 1689 1389 1699
980 9 2 10 12 252 419 546 801 1943 1918
981 9 2 10 12 225 506 619 1748 1951 1952
982 9 2 10 12 296 605 415 1795 1947 1953
983 9 2 10 12 296 415 616 1953 1440 1954
984 9 2 10 12 285 459 564 1504 1680 1928
985 9 2 10 12 299 601 488 1955 1956 1258
986 9 2 10 12 225 619 513 1952 1957 1710
987 9 2 10 12 305 602 458 1958 1949 1921
988 9 2 10 12 54 549 456 1878 1197 1384
989 9 2 10 12 107 457 550 1385 1198 1879
990 9 2 10 12 305 504 600 1704 1959 1960
991 9 2 10 12 299 460 601 1961 1962 1955
992 9 2 10 12 279 582 490 1727 1938 1872
993 9 2 10 12 299 568 460 1880 1833 1961
994 9 2 10 12 262 577 431 1824 1371 1024
995 9 2 10 12 275 500 574 1579 1942 1866
996 9 2 10 12 304 431 624 1025 1816 1963
997 9 2 10 12 222 466 595 737 1964 1950
998 9 2 10 12 302 609 556 1289 1771 1687
999 9 2 10 12 303 555 608 1686 1774 1837
1000 9 2 10 12 380 598 477 1805 1755 1706
1001 9 2 10 12 293 596 462 1658 1965 1030
1002 9 2 10 12 292 461 597 1033 1966 1655
1003 9 2 10 12 265 614 606 1585 1967 1228
1004 9 2 10 12 154 488 601 1589 1956 1911
1005 9 2 10 12 153 601 460 1912 1962 1358
1006 9 2 10 12 17 600 504 1910 1959 1692
1007 9 2 10 12 234 462 596 643 1965 1847
1008 9 2 10 12 235 597 461 1850 1966 1546
1009 9 2 10 12 367 606 614 1553 1967 1611
1010 9 2 10 12 229 615 458 1900 1898 1948
1011 9 2 10 12 176 478 624 1052 1968 1760
1012 9 2 10 12 290 581 560 1430 1673 1021
1013 9 2 10 12 310 595 466 1122 1964 1109
1014 9 2 10 12 305 469 602 1969 1792 1958
1015 9 2 10 12 305 600 469 1960 1970 1969
1016 9 2 10 12 296 616 465 1954 1971 807
1017 9 2 10 12 278 491 573 1917 1681 1845
1018 9 2 10 12 233 611 493 1269 1972 1555
1019 9 2 10 12 312 515 612 1973 1974 1528
1020 9 2 10 12 311 613 514 1531 1975 1976
1021 9 2 10 12 326 571 611 1592 1977 1268
1022 9 2 10 12 235 465 616 1548 1971 1724
1023 9 2 10 12 109 612 515 1905 1974 1568
1024 9 2 10 12 52 514 613 1567 1975 1906
1025 9 2 10 12 291 611 571 1978 1977 1216
1026 9 2 10 12 209 623 483 1884 1979 738
1027 9 2 10 12 18 469 600 1181 1970 1909
1028 9 2 10 12 308 505 582 1806 1944 1763
1029 9 2 10 12 330 583 514 1204 1980 1254
1030 9 2 10 12 331 515 584 1257 1981 1945
1031 9 2 10 12 290 483 623 1011 1979 1236
1032 9 2 10 12 311 514 583 1976 1980 1691
1033 9 2 10 12 312 584 515 1690 1981 1973
1034 9 2 10 12 291 493 611 1330 1972 1978
1035 9 2 10 12 304 624 478 1963 1968 1395
1036 9 2 10 12 8 592 579 1931 1982 1983
1037 9 2 10 12 378 619 506 1718 1951 1751
1038 9 2 10 12 230 618 544 1941 1984 1864
1039 9 2 10 12 348 544 618 1794 1984 1270
1040 9 2 10 12 8 579 580 1983 1985 1925
1041 9 2 10 12 284 513 619 1501 1957 1717
1042 9 2 10 12 333 579 592 980 1982 1734
1043 9 2 10 12 325 580 579 1663 1985 930
1044 9 2 10 12 300 577 615 1784 1899 1854
$EndElements
