$MeshFormat
2.2 0 8
$EndMeshFormat
$Nodes
2967
1 0 0 0
2 1.5 0 0
3 5 0 0
4 5 1 0
5 1.5 1 0
6 0 1 0
7 0.6 0.49 0
8 0.8 0.49 0
9 0 0.7 0
10 0 0.3 0
11 0.08823529411725428 0 0
12 0.1764705882345801 0 0
13 0.2647058823517938 0 0
14 0.3529411764691266 0 0
15 0.441176470586459 0 0
16 0.5294117647037916 0 0
17 0.6176470588211241 0 0
18 0.7058823529384566 0 0
19 0.7941176470561158 0 0
20 0.8823529411741011 0 0
21 0.9705882352920868 0 0
22 1.058823529410072 0 0
23 1.147058823528058 0 0
24 1.235294117646044 0 0
25 1.323529411764029 0 0
26 1.411764705882014 0 0
27 0.04411764705863397 0 0
28 0.1323529411759127 0 0
29 0.2205882352931941 0 0
30 0.3088235294104744 0 0
31 0.3970588235277948 0 0
32 0.4852941176451454 0 0
33 0.5735294117624665 0 0
34 0.6617647058798193 0 0
35 0.7499999999971425 0 0
36 0.8382352941151111 0 0
37 0.9264705882331019 0 0
38 1.014705882351066 0 0
39 1.102941176469092 0 0
40 1.191176470587034 0 0
41 1.279411764704999 0 0
42 1.367647058823004 0 0
43 1.455882352941028 0 0
44 1.588243288537834 0 0
45 1.677475324347434 0 0
46 1.76770728603145 0 0
47 1.858950288771781 0 0
48 1.951215747257922 0 0
49 2.044515124076551 0 0
50 2.138859913307933 0 0
51 2.234261912376512 0 0
52 2.330732899819286 0 0
53 2.428284925977803 0 0
54 2.526930051045492 0 0
55 2.626680570341192 0 0
56 2.727548827040494 0 0
57 2.829547331641311 0 0
58 2.932688839957872 0 0
59 3.036986069562535 0 0
60 3.142451974141331 0 0
61 3.249099730019299 0 0
62 3.356942496973575 0 0
63 3.465993694938537 0 0
64 3.576266843122194 0 0
65 3.68777568787158 0 0
66 3.8005340337804 0 0
67 3.914555894357725 0 0
68 4.029855440064788 0 0
69 4.146446963395734 0 0
70 4.264344948324917 0 0
71 4.383564032580503 0 0
72 4.504119020974562 0 0
73 4.62602489826074 0 0
74 4.749296799042527 0 0
75 4.873950009249823 0 0
76 1.544121644268938 0 0
77 1.632859306442644 0 0
78 1.72259130518942 0 0
79 1.813328787401618 0 0
80 1.90508301801487 0 0
81 1.997865435667239 0 0
82 2.091687518692254 0 0
83 2.186560912842242 0 0
84 2.282497406097916 0 0
85 2.379508912898532 0 0
86 2.47760748851166 0 0
87 2.576805310693354 0 0
88 2.677114698690822 0 0
89 2.778548079340903 0 0
90 2.881118085799545 0 0
91 2.984837454760186 0 0
92 3.089719021851936 0 0
93 3.195775852080334 0 0
94 3.30302111349644 0 0
95 3.411468095956042 0 0
96 3.521130269030338 0 0
97 3.632021265496926 0 0
98 3.744154860825973 0 0
99 3.857544964069093 0 0
100 3.972205667211302 0 0
101 4.088151201730049 0 0
102 4.205395955860396 0 0
103 4.323954490452646 0 0
104 4.443841526777533 0 0
105 4.565071959617654 0 0
106 4.687660848651641 0 0
107 4.811623404146165 0 0
108 4.936975004624956 0 0
109 5 0.1249999999997739 0
110 5 0.2499999999994125 0
111 5 0.3749999999990479 0
112 5 0.4999999999986942 0
113 5 0.6249999999990126 0
114 5 0.7499999999993418 0
115 5 0.8749999999996709 0
116 5 0.06249999999987065 0
117 5 0.1874999999995932 0
118 5 0.3124999999992302 0
119 5 0.4374999999988711 0
120 5 0.5624999999988534 0
121 5 0.6874999999991771 0
122 5 0.8124999999995063 0
123 5 0.9374999999998355 0
124 4.87395000924718 1 0
125 4.749296799039228 1 0
126 4.626024898257579 1 0
127 4.504119020971544 1 0
128 4.383564032577624 1 0
129 4.264344948322177 1 0
130 4.146446963393127 1 0
131 4.029855440062311 1 0
132 3.914555894355378 1 0
133 3.800534033778177 1 0
134 3.687775687869482 1 0
135 3.576266843120217 1 0
136 3.465993694937112 1 0
137 3.356942496973638 1 0
138 3.249099730020792 1 0
139 3.14245197414156 1 0
140 3.036986069561525 1 0
141 2.932688839956497 1 0
142 2.829547331640041 1 0
143 2.727548827039329 1 0
144 2.626680570340128 1 0
145 2.526930051044527 1 0
146 2.428284925976938 1 0
147 2.330732899818514 1 0
148 2.234261912375834 1 0
149 2.138859913307345 1 0
150 2.044515124076053 1 0
151 1.951215747257511 1 0
152 1.858950288771456 1 0
153 1.767707286031208 1 0
154 1.677475324347274 1 0
155 1.588243288537755 1 0
156 4.93697500462359 1 0
157 4.811623404143283 1 0
158 4.687660848648361 1 0
159 4.565071959614561 1 0
160 4.443841526774516 1 0
161 4.323954490449957 1 0
162 4.205395955857642 1 0
163 4.088151201727621 1 0
164 3.972205667208822 1 0
165 3.857544964066747 1 0
166 3.744154860823836 1 0
167 3.632021265494912 1 0
168 3.521130269028675 1 0
169 3.411468095955395 1 0
170 3.303021113497221 1 0
171 3.195775852081176 1 0
172 3.089719021851547 1 0
173 2.984837454759018 1 0
174 2.881118085798269 1 0
175 2.778548079339713 1 0
176 2.677114698689728 1 0
177 2.576805310692322 1 0
178 2.477607488510744 1 0
179 2.379508912897726 1 0
180 2.282497406097195 1 0
181 2.186560912841554 1 0
182 2.091687518691719 1 0
183 1.99786543566676 1 0
184 1.905083018014483 1 0
185 1.813328787401293 1 0
186 1.722591305189241 1 0
187 1.632859306442517 1 0
188 1.544121644268894 1 0
189 1.411764705883388 1 0
190 1.323529411765601 1 0
191 1.235294117648658 1 0
192 1.147058823530763 1 0
193 1.058823529412869 1 0
194 0.9705882352952063 1 0
195 0.8823529411779649 1 0
196 0.7941176470607235 1 0
197 0.7058823529431554 1 0
198 0.6176470588252609 1 0
199 0.5294117647073666 1 0
200 0.4411764705894723 1 0
201 0.3529411764715777 1 0
202 0.2647058823536832 1 0
203 0.1764705882357889 1 0
204 0.08823529411789455 1 0
205 1.455882352941655 1 0
206 1.367647058824431 1 0
207 1.279411764707089 1 0
208 1.191176470589637 1 0
209 1.102941176471805 1 0
210 1.01470588235399 1 0
211 0.9264705882365664 1 0
212 0.838235294119364 1 0
213 0.7500000000020981 1 0
214 0.6617647058842109 1 0
215 0.5735294117663016 1 0
216 0.4852941176484007 1 0
217 0.3970588235305312 1 0
218 0.3088235294125947 1 0
219 0.2205882352947539 1 0
220 0.1323529411768416 1 0
221 0.04411764705894727 1 0
222 0.629289321881094 0.4192893218815965 0
223 0.6999999999996101 0.39 0
224 0.7707106781185679 0.4192893218812585 0
225 0.6076120467487993 0.4517316567636647 0
226 0.6617316567630698 0.3976120467490458 0
227 0.7382683432363054 0.397612046748787 0
228 0.7923879532510988 0.4517316567634191 0
229 0.7707106781188369 0.5607106781184728 0
230 0.7000000000004257 0.5900000000000001 0
231 0.6292893218814941 0.5607106781188038 0
232 0.79238795325115 0.5282683432364578 0
233 0.7382683432367859 0.5823879532510141 0
234 0.661731656763689 0.5823879532512108 0
235 0.6076120467489161 0.5282683432366173 0
236 0 0.9250000000001736 0
237 0 0.8500000000001736 0
238 0 0.7750000000001085 0
239 0 0.9625000000000125 0
240 0 0.8875000000001782 0
241 0 0.8125000000000564 0
242 0 0.7375000000000922 0
243 0 0.6200000000001865 0
244 0 0.5400000000004165 0
245 0 0.4600000000004316 0
246 0 0.3800000000002212 0
247 0 0.6600000000001139 0
248 0 0.5800000000003015 0
249 0 0.5000000000005934 0
250 0 0.4200000000003146 0
251 0 0.3400000000001002 0
252 0 0.2250000000001843 0
253 0 0.1500000000003848 0
254 0 0.07500000000018964 0
255 0 0.2625000000000849 0
256 0 0.1875000000002846 0
257 0 0.1125000000002872 0
258 0 0.03750000000006876 0
259 1.296737056570662 0.4843201611995804 0
260 1.801128288154589 0.5001257193551424 0
261 2.297451549300961 0.5025553598558319 0
262 2.797983508188467 0.5025951818754204 0
263 3.299053560407118 0.4941402321030607 0
264 3.806739234497193 0.5116137082134027 0
265 4.307595155828114 0.5000000000001181 0
266 0.3164643168441415 0.3296700552449199 0
267 0.3193165488164326 0.6599589612305923 0
268 1.054205992712799 0.698167488551636 0
269 1.057156743807351 0.3026514697363829 0
270 1.531855860114759 0.6998246015906333 0
271 1.528958152591628 0.3098169007173431 0
272 2.043544894066967 0.6942090123502769 0
273 2.056178361065643 0.3074763414821825 0
274 2.544424720419178 0.6947607830452199 0
275 2.551937665433484 0.313662977735173 0
276 3.045875546504012 0.3059309546309296 0
277 3.053584055243544 0.6855825026042272 0
278 4.618043439625652 0.3547197000150399 0
279 1.296837322395106 0.7506995369741029 0
280 1.298281070513631 0.2492879531830993 0
281 0.5261363723922801 0.7682564758910623 0
282 3.555714572822767 0.687915651333598 0
283 3.558256901917649 0.3168697634218324 0
284 0.5169885499970176 0.2244997102492404 0
285 1.793959173646417 0.7506310961730565 0
286 1.790230987017614 0.2452762419031087 0
287 0.8311989601063176 0.777409773654103 0
288 4.056661608624243 0.6877509255606995 0
289 4.056661608624323 0.3122490744394799 0
290 4.591308416417435 0.6730784214291978 0
291 0.819271085863593 0.2124333646428288 0
292 2.29431155068335 0.7728831998316665 0
293 2.301548047849303 0.255707415964109 0
294 0.2020565675364475 0.4970286766220181 0
295 2.794191253579252 0.7727422141448688 0
296 2.802189510541611 0.2561447251070681 0
297 0.4123446335668997 0.4958578083972074 0
298 0.1914758122181052 0.803356753389434 0
299 1.007194691062517 0.4985147242247222 0
300 0.179009329313296 0.2093961285748151 0
301 3.29829670164877 0.2476344828638279 0
302 3.30807768654025 0.7433793390430221 0
303 3.79490414759217 0.7592682031422134 0
304 3.798211912540935 0.2469256277031305 0
305 1.485267141865351 0.5110614630629131 0
306 4.407322711612348 0.2425514700480873 0
307 4.299839948517074 0.7511997517984578 0
308 0.3589188481008014 0.8289614286357652 0
309 1.997544417413553 0.4949778299554882 0
310 0.3476316103669785 0.1748839563147728 0
311 0.1673283548701572 0.6517508828808285 0
312 2.5180984846882 0.498307766223835 0
313 0.1541402706055504 0.3456526955778906 0
314 1.455049218907397 0.838691785719465 0
315 1.458543536794929 0.1607966312468681 0
316 1.140042804474709 0.840480807957434 0
317 0.9696419319084023 0.1526946256876613 0
318 0.9685558694928238 0.843096165034849 0
319 1.142633330793486 0.1716795112207002 0
320 0.9145215984842868 0.6361301952729702 0
321 0.9009745726206289 0.3232047027735435 0
322 0.6783004079688342 0.8415342368669273 0
323 0.6746737017673916 0.1619508661583939 0
324 0.4944112539511862 0.6103681115322973 0
325 1.643703038782291 0.8323343694731357 0
326 1.641488910383505 0.1809563020350233 0
327 1.153912551021776 0.5533141114921703 0
328 4.786717392681378 0.5658774803948019 0
329 0.4987651437923514 0.3813301208493401 0
330 2.999513978721225 0.5051402914833332 0
331 1.954055165836365 0.8290308304450255 0
332 1.954055165836368 0.170969169554981 0
333 1.196865083724759 0.3466303446036007 0
334 1.651036860668814 0.55673772655362 0
335 1.392860170295641 0.6283806231820291 0
336 4.764003523140713 0.7760008277440705 0
337 1.389487068661588 0.3839570108666587 0
338 2.136089864067944 0.8365677414020523 0
339 2.140746620874292 0.1634049545488778 0
340 3.489449813468701 0.5003445340140731 0
341 1.702547222211476 0.3744786720419323 0
342 2.45050212261633 0.8280384240284306 0
343 2.450502122616346 0.1719615759716358 0
344 1.899225159370177 0.6284001661742472 0
345 1.900804682790082 0.3626367165636489 0
346 2.149626713717433 0.5568500551964467 0
347 4.796947463286081 0.1982864180466716 0
348 3.993129529813129 0.5007206754529681 0
349 2.631199295535527 0.8403220113777281 0
350 2.626309785034239 0.1571762027429979 0
351 4.204499319244325 0.2100714119647159 0
352 2.18730841729625 0.3866607721557904 0
353 2.951902761397601 0.8273759045948188 0
354 2.95190276139764 0.1726240954052689 0
355 2.400260924394894 0.3714295918290013 0
356 2.399951561093942 0.6294586656675467 0
357 0.6461268871083806 0.7113722595769836 0
358 2.650610879464014 0.557644301882434 0
359 4.527885596901515 0.5104460473061317 0
360 3.127397777280921 0.153376501379422 0
361 3.133293308727268 0.8428045753817567 0
362 0.6262832921723852 0.2838547243989595 0
363 2.687836634078178 0.3865843546414232 0
364 3.456034678900921 0.8432478303645308 0
365 3.456034678900888 0.1567521696353502 0
366 2.900750951764902 0.371547951345265 0
367 2.900150496165692 0.6294124629185676 0
368 4.57487965785745 0.1823254942198904 0
369 3.151393309420542 0.4462734028214366 0
370 3.647630642540799 0.8330041536271983 0
371 3.6465671221219 0.1687890340091335 0
372 3.949791702646869 0.8409972051658655 0
373 3.953945880898503 0.1687861432999594 0
374 1.184381724022697 0.6840824412139082 0
375 3.202148570006852 0.6232531586775509 0
376 4.466942870549324 0.8222612627279082 0
377 0.2997825864645714 0.4468037913938084 0
378 3.403514843240215 0.370838772177582 0
379 3.408074617525204 0.6396595841374581 0
380 0.1049468291519647 0.1108482409009477 0
381 1.273953404657489 0.1199575926702992 0
382 0.4752776457623849 0.8810564802087939 0
383 3.651851219758846 0.5538991775162896 0
384 1.268691717782306 0.8807592210265791 0
385 0.4186506179691358 0.7219621211511547 0
386 1.681414018452543 0.684634914772189 0
387 4.139566816341563 0.839257176387743 0
388 0.7761283831820359 0.6737901751578305 0
389 0.1078676470585467 0.887500000000174 0
390 3.698075741388608 0.3745650966289271 0
391 1.81332878740133 0.8787364626914903 0
392 1.813328787401615 0.1212635373085378 0
393 4.217161233060248 0.3593023045080624 0
394 1.096220998878722 0.4192355682745265 0
395 4.82518253688268 0.3851385334808022 0
396 0.4201175353849572 0.281662438656511 0
397 0.4639444512606825 0.1173618783522227 0
398 3.903580716292288 0.3718673825444627 0
399 3.899405790309374 0.6363430935059786 0
400 4.154514263496066 0.5569685407763465 0
401 0.1005650507882009 0.7375000000000543 0
402 0.291071527406204 0.5557460494915447 0
403 2.180714877410936 0.6865892149459096 0
404 0.1081546386562469 0.5561882582597288 0
405 0.7804882734970789 0.3172713127017399 0
406 0.8786058303315391 0.8879138259666548 0
407 0.9017791363136137 0.454453207557671 0
408 0.1099532837613277 0.4422908415793778 0
409 4.419623762760334 0.6398823435573068 0
410 0.1024415983848086 0.2529129469412741 0
411 1.276170047214733 0.6146284030998958 0
412 2.285841331069778 0.8711692680610976 0
413 2.288109610944619 0.1199193909870408 0
414 0.2557143809619855 0.8906882431739788 0
415 0.8800743770711974 0.1094053195704604 0
416 1.585757891316607 0.4182640721788146 0
417 4.632335124440092 0.8403386860285054 0
418 1.772739870694247 0.6195220912403198 0
419 0.2593476272861379 0.1080406839295895 0
420 0.2993853385579627 0.7594389492250492 0
421 2.681417177607691 0.6871545475321488 0
422 0.7466336460282088 0.1134200828791207 0
423 1.546067579703896 0.8767636167714923 0
424 0.4000167447299411 0.5917275048222714 0
425 0.4044645322932473 0.3935223129214454 0
426 0.2842601400919708 0.2473963372556281 0
427 2.781245091897817 0.887267545278935 0
428 2.782562506248333 0.09941237035927336 0
429 0.5034634464364387 0.5194615342862021 0
430 1.549107816487582 0.1059502608158594 0
431 2.079402404636618 0.4253448099127025 0
432 0.8831995074346347 0.5561474361095626 0
433 0.5796007052597907 0.09709832032115577 0
434 0.9938149490661251 0.3941642683497221 0
435 0.9917527910487254 0.6100548755669223 0
436 0.7554954853345817 0.9036811088907165 0
437 0.9184524670248436 0.7478319601676122 0
438 0.5892386862328355 0.9093214158628185 0
439 1.168679308698261 0.2714263960560802 0
440 3.212518313479009 0.3266860609477028 0
441 1.448098527971124 0.2775889700411451 0
442 1.063634739828081 0.1244340160786499 0
443 2.289820149303584 0.609643030303249 0
444 1.654950320735317 0.2766773266786525 0
445 1.448430507531304 0.7226837638434599 0
446 4.088151201730256 0.1281491784137243 0
447 1.059781187260624 0.8918908563252496 0
448 2.045575696532882 0.8860828374397215 0
449 2.054200531352472 0.1312812383681638 0
450 3.299931285199934 0.08991273399672864 0
451 3.299931285200399 0.9100872660032515 0
452 1.357201717233061 0.9016464886733195 0
453 0.2403459268309407 0.3817079063921349 0
454 2.587527310874515 0.4152823472000221 0
455 0.9126067379083019 0.2399419000017581 0
456 0.5833309287074262 0.6433221130660564 0
457 1.359737067596544 0.0981997625042316 0
458 0.7163703707695166 0.2353597673397513 0
459 4.317363432337134 0.1334398314225321 0
460 4.398722307453308 0.4123684108571187 0
461 2.790320883910617 0.6097123945227707 0
462 3.720044693860383 0.6643252207686704 0
463 0.7258111933903063 0.7414897579279849 0
464 1.548747865459799 0.2086873424240218 0
465 1.546929319502451 0.7952469521043655 0
466 1.201480120520793 0.4816375481499471 0
467 1.063372343553536 0.209559788176727 0
468 1.89844951645487 0.7341754816648577 0
469 1.907723504738977 0.2647929050225002 0
470 4.853222437083714 0.6630143847287823 0
471 1.504025195706146 0.602938072609839 0
472 2.154903666075127 0.2780204127822041 0
473 4.633019827402199 0.5500895164542242 0
474 2.537415539058297 0.8849847251336112 0
475 2.536600620641742 0.1145983105532504 0
476 1.311413166174605 0.396750397865873 0
477 1.396125262638825 0.515331482590742 0
478 3.752702385319477 0.1240172155519222 0
479 3.751321759450562 0.8749899833649777 0
480 3.096890852730069 0.5668171156159898 0
481 1.057603840561666 0.7964820764974097 0
482 1.798737084798566 0.3570400517943999 0
483 1.725179118386644 0.08761219055623226 0
484 1.725334947063089 0.9140719834806884 0
485 0.5737897686392977 0.3398687978788372 0
486 4.193564981330841 0.6799150226944787 0
487 4.340018661035931 0.8694039834548889 0
488 4.105662092154834 0.4319251363433839 0
489 3.285097579942611 0.3827791933334542 0
490 1.502509962923642 0.4057188065881807 0
491 1.903906793726894 0.5274715226027081 0
492 1.705271147698883 0.4746470287144065 0
493 1.997301116193747 0.6016560641039965 0
494 2.397233797301633 0.7380236128537325 0
495 2.399915549929138 0.2652813173280103 0
496 2.655975358995776 0.2775434448787417 0
497 4.495811744034054 0.3243313247222359 0
498 3.043063258681193 0.1149141102147524 0
499 3.043765107662743 0.884631256066299 0
500 0.2563634165387964 0.6103345814368754 0
501 4.684910166968569 0.1157642501389636 0
502 0.5264970550805941 0.4468150447750251 0
503 0.0788242314138294 0.668522593774718 0
504 0.3768505353950663 0.9084876084759159 0
505 4.710793949024755 0.6647892025368619 0
506 2.044007806779059 0.7898975790505014 0
507 2.036617123131018 0.2144089519133535 0
508 0.2039632143043208 0.2760096428564921 0
509 2.298923584205904 0.3519088085732702 0
510 3.596400277667806 0.4328538141458788 0
511 2.372091718069818 0.9127891094487616 0
512 2.372415758052307 0.08593784184377622 0
513 1.991333702069541 0.3955787656996473 0
514 1.891075523426661 0.9137733577362954 0
515 1.891075523426871 0.08622664226372249 0
516 1.198981277102773 0.08125963122831147 0
517 0.4519772067675969 0.7975531392901334 0
518 0.2085903310739835 0.7346381465382718 0
519 0.0663969278258532 0.8106015761814577 0
520 3.794721263214 0.610799795351424 0
521 0.07776328270781574 0.3271309115584355 0
522 1.19567298268796 0.9185106212463415 0
523 4.31063490723487 0.6266165310142942 0
524 4.463697200622804 0.1245962455872572 0
525 4.864855426704306 0.8670313259850624 0
526 2.405935319561607 0.4719314087891253 0
527 0.4376779290486095 0.2015724319629099 0
528 0.3785344702822077 0.09674945318144945 0
529 2.209666419821943 0.484489048722798 0
530 2.881118085798267 0.9072825711438038 0
531 2.881118085799595 0.09271742885623437 0
532 2.498501163288182 0.6018172220433703 0
533 2.898021894931909 0.7377195844587708 0
534 2.900633626929511 0.2654791979355202 0
535 3.556391986362331 0.8851383631748602 0
536 3.556214732959538 0.1151605014310636 0
537 3.150077799776459 0.7271027232325255 0
538 0.6073850528120222 0.7861500296545205 0
539 1.363070747973495 0.8116846922601487 0
540 2.542898967973851 0.7916911544916707 0
541 2.547289337818687 0.2127976567815312 0
542 1.367031541061595 0.1876490225587198 0
543 0.9784917358791686 0.3224446235315668 0
544 1.46903414433277 0.9288074964541748 0
545 1.212179527423561 0.7678495455786993 0
546 2.203540137368749 0.08505326791185935 0
547 2.200867103692277 0.918328475631836 0
548 2.79944929788133 0.3520217336863145 0
549 0.5962660556964967 0.2046568067850687 0
550 1.058216645367538 0.5622714453592793 0
551 0.8260072711065636 0.6134901232361293 0
552 0.831418716253553 0.3629337011266025 0
553 0.1795090211435061 0.9217509193137445 0
554 2.49141467474323 0.3996679066037225 0
555 1.732566919215997 0.8167435343489184 0
556 1.732566919215928 0.1832564656511827 0
557 0.1821968175161865 0.5722778577930648 0
558 0.06455370781860952 0.1833651803957217 0
559 1.457730543078309 0.07494764488958583 0
560 0.9427125809610918 0.9350679643558378 0
561 0.6604179259364102 0.9217215275021993 0
562 3.656589469758491 0.2766307350354132 0
563 4.896848351560578 0.1022432181419833 0
564 4.043638976916746 0.884057643304625 0
565 0.8416029588377811 0.6967894073214691 0
566 2.906465347309806 0.4717624730753396 0
567 0.94402774415599 0.06369245184451135 0
568 1.620824303783864 0.9298188428810148 0
569 2.710195156823748 0.4847051067391854 0
570 0.1783357243844652 0.09006295035722471 0
571 4.67150703534237 0.2440303885592266 0
572 4.878684652374842 0.4909880821007364 0
573 0.9875849943043612 0.6795730535370044 0
574 2.998972839959583 0.3982220899877486 0
575 3.407739327201012 0.7373667638560446 0
576 3.41089022731965 0.2584087494449798 0
577 1.620684097222422 0.7442690538827648 0
578 1.223603419865296 0.2180321072108708 0
579 1.117062765284315 0.6350423874915571 0
580 1.633388976018657 0.07532268294068026 0
581 0.6790729108020429 0.070419182651506 0
582 3.311674027451573 0.6514512511850615 0
583 3.04420529426387 0.2076394903234233 0
584 3.049112070908026 0.7871529907698395 0
585 4.723097071113218 0.4440171781252689 0
586 2.993669219971914 0.6029137188104035 0
587 0.5253263650560597 0.6916142886696375 0
588 4.885323929445772 0.2987893300143614 0
589 0.8395763074583451 0.2854136699231455 0
590 0.173438151314173 0.427347463287505 0
591 0.7059113837319055 0.3025906273190694 0
592 1.567283856929486 0.549284363984031 0
593 0.4551985896536901 0.4412955775981992 0
594 1.371550735126736 0.7101958253630827 0
595 2.34945839846392 0.1818979961984226 0
596 2.359996103948182 0.8245807228447376 0
597 4.290535674663632 0.2745163529887834 0
598 1.243143141489878 0.5521533907254766 0
599 1.127579442413291 0.7370174578817739 0
600 0.5182304198031742 0.2999593983809473 0
601 3.875790261366284 0.09275809545143557 0
602 3.873454856935489 0.9083810245662363 0
603 2.119763251437246 0.7424354183483191 0
604 2.679277320444789 0.08233844092306188 0
605 2.68030709782601 0.9175545775421221 0
606 4.733734602885858 0.885287772231137 0
607 1.118995918657638 0.3425523517893568 0
608 0.706631411531183 0.6615775007022243 0
609 3.908576672279289 0.7425005586331821 0
610 3.903808480343432 0.2649778660346639 0
611 1.268260425580757 0.3241705081585894 0
612 3.400296795001052 0.4666355648487605 0
613 3.195581895809884 0.08308704020424669 0
614 3.195775852081173 0.9162980220481694 0
615 1.609193565911545 0.6355396274915974 0
616 0.3486835018761332 0.2651202717943062 0
617 1.369662753614297 0.2976718715052167 0
618 2.200999282919758 0.761375970918008 0
619 3.20945033846949 0.5251180137123673 0
620 3.501529379490846 0.601769827605101 0
621 1.367063136181013 0.4454359274297586 0
622 1.963458738704622 0.682583763709661 0
623 1.966376829584891 0.3182169137597791 0
624 0.3476482325555569 0.7149560655953726 0
625 0.558655546505348 0.5746123585044912 0
626 1.863920543778497 0.8144587928261302 0
627 1.856235352051339 0.1960573187884563 0
628 3.531293849270405 0.7738692228714011 0
629 3.536411339807267 0.2300016173567151 0
630 0.06610336206795646 0.4969929887065683 0
631 2.238784290568672 0.1981034874073721 0
632 3.398297075731846 0.9097845413106648 0
633 3.398297075731279 0.09021545868962649 0
634 1.856906689383246 0.4410596387154432 0
635 3.798297796604741 0.352135250660548 0
636 0.3399112554029897 0.5201812422215683 0
637 2.074910933347399 0.5379263305451615 0
638 1.740897243453673 0.3015188443318467 0
639 1.831438145126156 0.6738382320730778 0
640 1.619386216597819 0.3438399318250566 0
641 2.841340350554563 0.1797464761491585 0
642 2.86129581752097 0.8264775639242395 0
643 1.736754915116731 0.5545864501166253 0
644 3.49700527111239 0.4016562783102343 0
645 4.213101108678385 0.4668562341757209 0
646 0.7518458608807015 0.8012068749185498 0
647 4.204161173006473 0.09433208436019447 0
648 4.110353137848447 0.232815287878278 0
649 3.902879745432624 0.4636611807512084 0
650 2.620094652035376 0.7429605279928878 0
651 2.108359748252456 0.6332752543778418 0
652 3.997447752139339 0.6058644723526424 0
653 3.998526505622976 0.3985947555790336 0
654 4.213730727702038 0.9060510403164379 0
655 1.772918086449352 0.4294702221242648 0
656 2.463044871353182 0.9251624517221606 0
657 2.462946695666738 0.07449954567373247 0
658 4.540607489790428 0.8996107234529364 0
659 3.731988787434398 0.4578040703773405 0
660 0.9956559810079428 0.7546549069817912 0
661 2.700302819678063 0.7619724286708696 0
662 2.46411097963915 0.6834970224686614 0
663 2.463516447542348 0.3186698847882765 0
664 0.8837983929567936 0.8161564034840515 0
665 0.537923462403476 0.8427115581420783 0
666 0.6347903284029659 0.3569411846281312 0
667 4.424268430640674 0.5287512670883897 0
668 4.027420480106649 0.7745443177420334 0
669 1.101445924542065 0.483388721263133 0
670 1.435049771185616 0.4375686337325784 0
671 2.369073567458417 0.5507709463724501 0
672 4.402568326151687 0.7416355077253924 0
673 4.893701054764339 0.7654096516061315 0
674 0.8394240868065165 0.434189805430406 0
675 2.731640895390184 0.1936223551398141 0
676 2.236293601199051 0.2940801793765491 0
677 2.57847348693545 0.554084070205458 0
678 0.4510221205357327 0.553669493407312 0
679 2.121649581084431 0.3511851264200454 0
680 2.230996513258119 0.5535634726107519 0
681 2.333537149942915 0.6816091529370532 0
682 4.598785733135208 0.4541702862959912 0
683 1.267636413404366 0.6839652655345864 0
684 3.231120291586307 0.1915571946473313 0
685 3.240797908214722 0.8075642570081103 0
686 1.340135218197603 0.5739854182927546 0
687 0.9545414819960763 0.5524549153461829 0
688 0.3778864773082193 0.6580593146896104 0
689 0.5247193156172478 0.1539721750336511 0
690 3.123896774198779 0.2560632600898046 0
691 4.514040559108292 0.6009866425889814 0
692 0.2554702955913859 0.3173910701832992 0
693 2.969292172875326 0.9238579463609842 0
694 2.969151803079767 0.07605112689525112 0
695 2.333859727529076 0.4248677574383285 0
696 1.977287451425894 0.9257774051242085 0
697 1.980674630236261 0.07169872658765994 0
698 2.611649749165962 0.6354688204543132 0
699 4.566543801901896 0.08209680639780811 0
700 1.625625674271068 0.4851245356042186 0
701 0.6515448391525573 0.6321437801448872 0
702 3.972205667211257 0.07651562947405573 0
703 4.753350245949295 0.3208302580402284 0
704 0.2585710541051832 0.8206899479111307 0
705 0.2375671213604536 0.4502491578268202 0
706 0.3083023117387398 0.06175683889855382 0
707 3.643905354278938 0.08159335019842387 0
708 3.643877383868678 0.9186265000334072 0
709 4.443721430847949 0.9189870176223784 0
710 2.968493601230991 0.6815614217886669 0
711 4.296771310462413 0.3907075364795039 0
712 3.349095043397805 0.1724134648796407 0
713 3.354825650687391 0.8222955222342341 0
714 0.812101245664045 0.07009968589577784 0
715 1.203546524827538 0.6184695019221206 0
716 2.965325685718097 0.3174154129430938 0
717 0.3035396648534799 0.9363718895546396 0
718 0.2664387037354815 0.6885129311511649 0
719 0.3806802193808734 0.3338847389396732 0
720 1.83145349921764 0.573115309972468 0
721 0.2578679988319036 0.1816117628920034 0
722 1.749751355806081 0.6852146234785173 0
723 2.869733869955954 0.5506786431412205 0
724 2.116372465395999 0.0759478921657802 0
725 2.113181540335301 0.9281958108947219 0
726 0.5776611212152337 0.7201430333716521 0
727 3.06703239018638 0.4494824745028914 0
728 0.06175459453448735 0.05932724005481514 0
729 4.555262740243924 0.7758097619649538 0
730 0.8777884314004564 0.178174873040948 0
731 2.734964938387292 0.2959866092985938 0
732 3.962978723033173 0.924160498023926 0
733 0.8214476439792769 0.9353872179319919 0
734 0.06496323529402258 0.937975778546931 0
735 2.620819242345488 0.34826828111384 0
736 0.1373226364213092 0.4989079595499613 0
737 1.698594887743631 0.7541101540456316 0
738 2.731772394271478 0.5535027153050733 0
739 2.834025473951574 0.6814427403357263 0
740 0.7557321015162809 0.1813970381025617 0
741 1.978484253313632 0.7488650808011348 0
742 1.98419019687138 0.2551728563465592 0
743 1.009980294016203 0.9416437537174767 0
744 0.3307609950337638 0.599334608982077 0
745 1.11570099714203 0.0681729336322258 0
746 0.5003887118285559 0.07012895779902964 0
747 0.3330374660889827 0.3927916954139586 0
748 1.018971861671891 0.06238443500664914 0
749 0.9962538986113518 0.2454584814268192 0
750 3.709271429775305 0.7728630687863312 0
751 1.279411764707129 0.9451125889565752 0
752 0.1308516159614597 0.7925610151372341 0
753 3.099948195624717 0.3637763738300855 0
754 4.650718162761545 0.7437611879582483 0
755 2.83438601949391 0.4248957650279235 0
756 0.05391622041293012 0.5809166968225294 0
757 1.117740873868928 0.9367909060077936 0
758 3.63051695952718 0.7276236533059285 0
759 4.499944864876689 0.2309771509290309 0
760 0.05962966223124216 0.4051113807488933 0
761 1.933340324629554 0.4465455091328139 0
762 0.5237322832334844 0.9312927251674442 0
763 1.69285719436261 0.6143864785598303 0
764 0.5663116172616743 0.2705678875386106 0
765 4.789175113643536 0.08873615649061932 0
766 0.3726651556933939 0.4497847886217343 0
767 4.025942427574292 0.2264187433308385 0
768 1.279006258527317 0.05600509235498447 0
769 2.265441939630827 0.4300963493492038 0
770 3.480870349262047 0.6881162099607205 0
771 3.481215716679435 0.3155550361422688 0
772 2.223621826486621 0.8320649311689321 0
773 0.1258933117273366 0.05191258932039941 0
774 3.856891784093726 0.1794929896082224 0
775 3.857092078880688 0.8216682580152235 0
776 0.1284835637018597 0.9495235902416825 0
777 0.2674462765242677 0.5022704609521744 0
778 4.490628124344907 0.7074365908655323 0
779 2.133404173824837 0.4850353158794918 0
780 3.372793266576458 0.5508088895325413 0
781 4.908703517706901 0.5748826097659725 0
782 2.254040924895449 0.687414143717728 0
783 0.1374855700861157 0.165327604813963 0
784 0.753111862568039 0.6182233789334156 0
785 3.23843476543191 0.7027893661841729 0
786 1.159572669241214 0.41625057331889 0
787 3.719579778449956 0.2143500839091567 0
788 3.569129125090175 0.5507513511729359 0
789 0.6719184340059416 0.7714955720229902 0
790 0.0448057371748079 0.2625000000000922 0
791 3.124966536732245 0.6478438054366894 0
792 3.233761250467519 0.4463814807217163 0
793 3.338556124842116 0.3197833948229555 0
794 1.054469775087417 0.3726918759964522 0
795 1.218511280488865 0.8402198150704292 0
796 1.03595661926619 0.436073049450394 0
797 0.8203984898912459 0.8504361979506623 0
798 0.749999999997286 0.05004582655036567 0
799 2.476160090258742 0.7532338527261628 0
800 2.474053423210996 0.2433076304454752 0
801 4.223952866161451 0.8036538666397105 0
802 2.43831201921807 0.5504572018192654 0
803 1.813328787401331 0.9479500418118591 0
804 1.813328787401615 0.05204995818814208 0
805 4.123175423105211 0.7458117593294217 0
806 0.9154995105571283 0.39140477819476 0
807 0.8613340408787396 0.4966144230577328 0
808 4.576787343859717 0.2689693511280635 0
809 1.453107026416717 0.6565897577044622 0
810 0.4494618830709991 0.6673574954039205 0
811 0.8152668145906301 0.1441550606886162 0
812 0.6600670138666496 0.2310149993167556 0
813 0.9625933769602929 0.4484431385938086 0
814 0.0448178698904129 0.7377147110556596 0
815 3.279023952582298 0.5689543090421164 0
816 3.608897347130286 0.6318238009022164 0
817 4.140379121167737 0.3097823637046815 0
818 1.294326339141661 0.8190104247777541 0
819 1.301181838513709 0.1835701300687728 0
820 3.977703947691463 0.3148215643856958 0
821 3.977902460691779 0.6894006735589072 0
822 3.113210064509806 0.07246002635523555 0
823 3.114929425793545 0.9265335217479769 0
824 2.196156221836251 0.6161622315726172 0
825 0.1802898815053012 0.8547595117016402 0
826 0.3902215326315199 0.7729630610020586 0
827 0.2398269211043804 0.5475315252591354 0
828 0.7534218202724095 0.3630407967993077 0
829 1.216824012750605 0.1531411485422148 0
830 1.837743432091233 0.2964525475212927 0
831 0.4494382052083735 0.3255500250956958 0
832 0.1477170804296205 0.710371833214715 0
833 2.765970123293126 0.4301604283940534 0
834 1.048238822559423 0.6318864128863864 0
835 1.558963874203276 0.4817291728205605 0
836 0.4184384824332097 0.8546561768830814 0
837 2.63037041866347 0.4847569324666091 0
838 4.913066320814369 0.4055111939480927 0
839 1.591317750067973 0.2591326176239429 0
840 0.04625102630101231 0.1157081322704118 0
841 0.8250681957382207 0.5418049428961153 0
842 4.114647784883156 0.9258731720017611 0
843 0.5734682039935032 0.406043636290325 0
844 0.4788739068936896 0.7301364221985539 0
845 4.241446036195111 0.5564069364160903 0
846 0.04784556203568449 0.882215470945782 0
847 1.44984499353835 0.3469836895067079 0
848 3.891363307605007 0.553657085721881 0
849 4.06975785179396 0.5505614961429298 0
850 1.484480659015263 0.227572616803391 0
851 1.102385572166257 0.26054309725496 0
852 4.501425321448904 0.4213845251923151 0
853 2.75326815234345 0.6876287419443683 0
854 0.1185403719860032 0.6114474338975419 0
855 1.331921931586653 0.643589462096238 0
856 1.240018529489134 0.4127977270589456 0
857 3.735705962081837 0.3001327650791668 0
858 1.438360380739733 0.5760985176508998 0
859 0.1477479655034771 0.2884363106395436 0
860 2.100866992523326 0.2247078262857216 0
861 0.7695582538061199 0.2557442966715161 0
862 4.92496439972471 0.19950916561231 0
863 0.4454040512275089 0.9393561415336049 0
864 2.284112825317225 0.9430913278285987 0
865 2.28336023867141 0.05236936459807002 0
866 2.603225163657135 0.06980556240568744 0
867 2.603715995019469 0.9299739032120664 0
868 3.627330597683138 0.3502298523080128 0
869 3.833440343399651 0.6802899020135106 0
870 3.490596855810486 0.9276341469700111 0
871 3.490561405130487 0.07242562595120804 0
872 3.741069039752964 0.5596883944454254 0
873 0.7853174712794285 0.7381371977959875 0
874 0.6116456588741135 0.8516264357371883 0
875 1.652785962663911 0.4246700017096544 0
876 2.978475961443553 0.2489352562541937 0
877 2.975246981179637 0.7561809226562796 0
878 2.717449111703334 0.8359717554029047 0
879 1.226087954256162 0.2810877720326935 0
880 1.482522999609433 0.7735223924146349 0
881 0.4069471152396196 0.1476419299528387 0
882 1.80094385601056 0.8151424715098987 0
883 1.798090511421624 0.1864633909128214 0
884 4.114959784504666 0.6346408858202481 0
885 0.1149849301240218 0.3895066585504204 0
886 4.808158900577889 0.9336028748400235 0
887 1.421954857197877 0.7731176368021582 0
888 0.2024092499803837 0.1508878261135191 0
889 0.4743713805956378 0.2629411408262578 0
890 3.828697256052249 0.4314163185093925 0
891 1.710482601360117 0.2418813085777789 0
892 0.3107188966833033 0.8770398235502861 0
893 4.37783274964515 0.3288950190191458 0
894 4.926781185704428 0.9338429676968991 0
895 0.242922696298413 0.942985055893437 0
896 2.939929072870052 0.550066550315389 0
897 0.4273970560854064 0.05684805786654035 0
898 0.9284403724409791 0.5011046408149467 0
899 0.238236942765596 0.05444796014823394 0
900 1.424114496272413 0.2274023530663329 0
901 2.697449704136092 0.6167967261823595 0
902 0.3134932966554226 0.1231488585408178 0
903 1.544630372128006 0.9495537330326036 0
904 3.311826852392364 0.3512812940782049 0
905 3.24880794671081 0.3547326271405785 0
906 3.275537219160563 0.3232347278853291 0
907 4.210830276152286 0.2846868582363892 0
908 4.247517496953979 0.2422938824767496 0
909 4.25384845386194 0.3169093287484229 0
910 4.17243922020603 0.2599268878346988 0
911 4.178770177113993 0.334542334106372 0
912 3.318426413245443 0.2837089388433917 0
913 3.25540750756389 0.2871602719057653 0
914 4.94685052738217 0.695204825802572 0
915 4.94685052738217 0.7577048258027366 0
916 3.431887003050966 0.7903072971102877 0
917 3.469516588235709 0.7556179933637228 0
918 3.493664264085663 0.808558526617966 0
919 3.496223009354078 0.1933768934960327 0
920 3.473650783563459 0.2442051834008475 0
921 3.433462453110269 0.207580459540165 0
922 4.926611218541857 0.6440071923638975 0
923 4.873461745924026 0.7142120181674569 0
924 0.392654769707794 0.1882281941388414 0
925 0.3931807154623713 0.2333463518786081 0
926 0.3481575561215559 0.2200021140545395 0
927 3.444304838231529 0.7127414869083826 0
928 3.506082099266226 0.7309927164160608 0
929 3.508813528243351 0.2727783267494919 0
930 3.446052971999543 0.2869818927936243 0
931 2.068742057827172 0.2195583890995375 0
932 2.045408827241745 0.1728450951407587 0
933 2.077533761937898 0.1779945323269427 0
934 3.168207543838894 0.2913746605187537 0
935 3.177508532892543 0.223810227368568 0
936 3.221819302532658 0.259121627797517 0
937 2.038473411025085 0.4601613199340954 0
938 2.077156668992009 0.481635570228932 0
939 2.036227675380476 0.5164520802503249 0
940 1.568675552512708 0.05297513040792971 0
941 1.524553908243791 0.05297513040792971 0
942 1.594885309243094 0.854548993122314 0
943 1.546498449603173 0.8360052844379289 0
944 1.595316179142371 0.8137906607887506 0
945 0.7306889191388686 0.9518405544453583 0
946 0.7748065661976527 0.9518405544453583 0
947 2.35073179888922 0.2604943666460596 0
948 2.349419567067521 0.3085950629506402 0
949 2.300235816027604 0.3038081122686897 0
950 0.6354698787319442 0.1833038364717313 0
951 0.5879333804781437 0.1508775635531122 0
952 0.6271372035135912 0.1295245932397748 0
953 0.6768733062847172 0.1161850244049499 0
954 0.7128532784151258 0.09191963276531337 0
955 0.7106536738978002 0.1376854745187573 0
956 4.629180011348836 0.9201693430142527 0
957 4.683034863662975 0.8628132291298212 0
958 4.679879750571718 0.9426438861155685 0
959 0.8804793857547519 0.9439569129833274 0
960 0.9106592056463154 0.9114908951612464 0
961 0.9125327610695284 0.967533982177919 0
962 0.6831501394397828 0.9608607637510996 0
963 0.707956705635496 0.9127013181964578 0
964 2.349592254300399 0.3616692002011357 0
965 2.400088237162016 0.3183554545785058 0
966 4.403480765792628 0.8458326230913986 0
967 4.371293493593809 0.8055197455901406 0
968 4.434755598350505 0.7819483852266503 0
969 0.4061806891484204 0.5437926566097394 0
970 0.3699640000664654 0.5559543735219199 0
971 0.3761279444849447 0.5080195253093879 0
972 2.754396959468573 0.9436337726394675 0
973 2.805396211768929 0.9436337726394675 0
974 2.806054918944822 0.04970618517963668 0
975 2.755055666644414 0.04970618517963668 0
976 1.500989269204924 0.8169693689119153 0
977 1.500558399305646 0.8577277012454787 0
978 0.2441116771981458 0.2617029900560601 0
979 0.2309156065681122 0.2288107028742478 0
980 0.2710640694619372 0.2145040500738157 0
981 1.013079855027245 0.8197891207661293 0
982 1.058692513911145 0.8441864664113297 0
983 1.014168528376724 0.8674935106800492 0
984 1.289836795877681 0.3604604530122312 0
985 1.318961589597527 0.3109211898319031 0
986 1.340537959894451 0.3472111346855448 0
987 0.4337716116102949 0.4685766929977033 0
988 0.4793310180450644 0.4803785559422006 0
989 0.4579040400016692 0.5076596713417048 0
990 4.948424175780289 0.05112160907099166 0
991 4.885399180405201 0.05112160907099166 0
992 0.9131903426650456 0.03184622592225567 0
993 0.9120510606135936 0.0865488857074859 0
994 0.8812136591226493 0.05470265978523022 0
995 3.748186768996674 0.3633501736447375 0
996 3.76514329201957 0.4049696605189442 0
997 3.715032264411503 0.4161845835031338 0
998 0.1633786474083865 0.2489162196071794 0
999 0.1250947819441429 0.2706746287904088 0
1000 0.1407254638490523 0.2311545377580446 0
1001 0.1914862718088084 0.2427028857156536 0
1002 0.2184386640725998 0.1955039457334093 0
1003 4.948424175780289 0.1136216090708786 0
1004 2.548285985811825 0.5261959182146465 0
1005 2.574234451675835 0.4915323493452221 0
1006 2.60442195279946 0.5194205013360336 0
1007 3.264708496617539 0.2195958387555796 0
1008 1.503825676641255 0.1333734460313637 0
1009 1.548927840973691 0.1573188016199406 0
1010 1.503645701127364 0.1847419868354449 0
1011 1.099911995867667 0.8661858321413418 0
1012 1.098823322518188 0.8184814422274218 0
1013 3.292075570174865 0.4384597127182575 0
1014 3.342697187471832 0.4247073790911073 0
1015 3.349675177704085 0.4803878984759106 0
1016 2.120806806698809 0.1940563904172997 0
1017 2.097473576113382 0.1473430964585208 0
1018 1.557358021954118 0.3640404864480789 0
1019 1.544133927120125 0.4119914393834976 0
1020 1.515734057757635 0.3577678536527619 0
1021 1.595118387921652 0.1948218222295226 0
1022 1.595298363435544 0.1434532814254413 0
1023 1.901565976548535 0.5779358443884777 0
1024 1.95060395496032 0.5645637933533523 0
1025 1.948263137781962 0.6150281151391219 0
1026 0.8734591134053407 0.3771692396606813 0
1027 0.8774617986818224 0.412797291812583 0
1028 0.8354214015300348 0.3985617532785043 0
1029 1.350450117418097 0.3903537043662658 0
1030 1.379574911137942 0.3408144411859377 0
1031 1.517940527910452 0.6513813371002362 0
1032 1.556609380808845 0.6192388500507182 0
1033 1.570524713013152 0.6676821145411154 0
1034 3.180421823945016 0.485695708266902 0
1035 3.15317059559978 0.5459675646641786 0
1036 3.124142081075306 0.5065452592187132 0
1037 1.016638335868242 0.1385643208831556 0
1038 1.063503541690809 0.1669969021276885 0
1039 1.016507137730969 0.1811272069321941 0
1040 3.401905819120634 0.4187371685131713 0
1041 3.344306211591413 0.3768089827555181 0
1042 1.99742276680365 0.5483169470297424 0
1043 1.950725605570223 0.5112246762790982 0
1044 3.66582653586908 0.9593132500167036 0
1045 3.69759957165962 0.8968082416991925 0
1046 3.719548723660022 0.9374949916824888 0
1047 3.720239036595529 0.06200860777596109 0
1048 3.698303869799207 0.102805282875173 0
1049 3.665840521075259 0.04079667509921194 0
1050 0.5706896710293727 0.9656463625837222 0
1051 0.55648548473316 0.9203070705151313 0
1052 0.6034428725290482 0.9546607079314092 0
1053 0.3844005186305451 0.2733913552254086 0
1054 0.4288977322167833 0.2416174353097105 0
1055 0.9943068967901465 0.1075395303471552 0
1056 1.041303300749986 0.09340922554264952 0
1057 1.535654526317816 0.576111218296935 0
1058 1.588238711420515 0.5924119957378142 0
1059 1.103002837173511 0.1906196496987136 0
1060 1.103134035310784 0.148056763649675 0
1061 3.776742518630017 0.6723075613910905 0
1062 3.757382978537192 0.6375625080600472 0
1063 3.814080803306825 0.6455448486824673 0
1064 2.641142572015007 0.2173598238108698 0
1065 2.601632348407232 0.2451705508301365 0
1066 2.586799561426463 0.1849869297622646 0
1067 0.9235808499121814 0.8655049955007519 0
1068 0.8812021116441664 0.8520351147253531 0
1069 0.9261771312248087 0.8296262842594502 0
1070 2.552812897781358 0.4567950567119286 0
1071 2.608948864768992 0.4500196398333156 0
1072 0.8988605529594608 0.5961388156912664 0
1073 0.9188704947153554 0.5543011757278727 0
1074 0.9345315402401815 0.5942925553095766 0
1075 0.278978196331573 0.7900644485680899 0
1076 0.2335806925895833 0.7776640472247012 0
1077 0.2539878348159731 0.7470385478816605 0
1078 3.813497526328495 0.3917757845849702 0
1079 3.780343021743323 0.4446101944433665 0
1080 2.290076440876564 0.8220262339463821 0
1081 2.2547315787782 0.8516170996150149 0
1082 2.258966688584986 0.8024740655002993 0
1083 0.9731471365224008 0.5812548954565526 0
1084 0.9531371947665062 0.6230925354199463 0
1085 0.2180021312336434 0.8727238774378094 0
1086 0.2194304678052422 0.8377247298063855 0
1087 0.2571427175335843 0.8556890955425547 0
1088 0.5986238820404575 0.04854916016057789 0
1089 0.5545062349817911 0.04854916016057789 0
1090 3.081961621458225 0.5081497950594406 0
1091 3.109212849803461 0.447877938662164 0
1092 0.9568348380321962 0.1081935387660863 0
1093 0.9814998029139403 0.06303844342558024 0
1094 0.2250234331616442 0.8120233506502823 0
1095 0.2000330716460443 0.7689974499638529 0
1096 2.106403289230727 0.4551900628960972 0
1097 2.104157553586118 0.5114808232123267 0
1098 0.9808680865292968 0.5254848197854525 0
1099 1.032705668215027 0.5303930847920008 0
1100 1.006379063681807 0.557363180352731 0
1101 0.3235167855567598 0.7371975074102108 0
1102 0.3689348825935384 0.7439595632987156 0
1103 0.3448034355947413 0.7662010051135539 0
1104 3.77592789661437 0.9374949916824888 0
1105 3.776618209549938 0.06200860777596109 0
1106 1.024984718208132 0.5861631604631008 0
1107 0.9397331542498988 0.3228246631525552 0
1108 0.9469956232181485 0.3569247008631634 0
1109 0.9082370415888785 0.3573047404841517 0
1110 2.160356295560543 0.4358480440176411 0
1111 2.133355410966434 0.4060027910342464 0
1112 0.3087449511029923 0.8248256882734479 0
1113 0.329152093329382 0.7942001889304071 0
1114 3.495489596479774 0.551057180809587 0
1115 3.437161323033652 0.5762893585688211 0
1116 3.431121540022579 0.5255767117733072 0
1117 0.9546572298116267 0.3927845232722411 0
1118 0.9861533424726469 0.3583044459406445 0
1119 0.5265720239704255 0.9656463625837222 0
1120 3.757474420726277 0.7117967119554419 0
1121 3.81417224549591 0.719779052577862 0
1122 0.7168979466517079 0.8726076728788219 0
1123 0.6693591669526222 0.8816278821845633 0
1124 0.9556342252269579 0.8890820646953435 0
1125 1.034880740638413 0.9167673050213632 0
1126 0.9892680817545132 0.8923699593761628 0
1127 4.362343071974741 0.1879956507353097 0
1128 4.390530316479969 0.1290180385048947 0
1129 4.435509956117576 0.1835738578176722 0
1130 1.016480755483293 0.3475682497640095 0
1131 1.024142362076771 0.3834280721730872 0
1132 0.2048052830984682 0.3315218828805949 0
1133 0.2479081112111633 0.349549488287717 0
1134 0.1972430987182455 0.3636803009850128 0
1135 1.068701271904127 0.4597308853567635 0
1136 1.054320307802291 0.4909517227439276 0
1137 1.021575655164353 0.4672938868375581 0
1138 4.350463732458819 0.06671991571126607 0
1139 4.290854190331025 0.06671991571126607 0
1140 4.35120413733438 0.7464176297619252 0
1141 4.319929304776503 0.8103018676266733 0
1142 0.3745701903661606 0.8009622448189119 0
1143 0.8706016115600651 0.4443215064940385 0
1144 0.908639323435371 0.4229289928762155 0
1145 1.079831284954801 0.5228300833112062 0
1146 1.085634378998557 0.6666049380215966 0
1147 1.122321103848803 0.6860299226866655 0
1148 1.090892717563045 0.7175924732167049 0
1149 0.579327773252674 0.5323061792522457 0
1150 0.5310594964708933 0.5470369463953466 0
1151 0.5517317232182193 0.5047307671431011 0
1152 2.549613501626086 0.2632303172583521 0
1153 2.60395651221463 0.2956032113069573 0
1154 0.2118458857044768 0.6310427321588519 0
1155 0.2614010601371389 0.6494237562940202 0
1156 0.2168835293028194 0.6701319070159967 0
1157 2.06779038285113 0.3664105756974425 0
1158 2.035368053353079 0.4104617878061749 0
1159 2.023756031567592 0.3515275535909149 0
1160 0.9237151816544293 0.1654347493643046 0
1161 0.8789314042358269 0.1437900963057042 0
1162 0.9248581544897998 0.1310499726290609 0
1163 0.851900292578621 0.967693608965996 0
1164 0.850026737155408 0.9116505219493234 0
1165 4.260762302671804 0.1138859578913633 0
1166 4.234253060665695 0.04716604218009723 0
1167 2.31878400470427 0.1509086935927317 0
1168 2.294121344516296 0.1900007418028973 0
1169 2.263446950756646 0.1590114391972065 0
1170 0.9763464374886473 0.9383558590366572 0
1171 2.327153827315766 0.798731961338202 0
1172 2.32291871750898 0.8478749954529177 0
1173 0.5149802507585164 0.4831382895306136 0
1174 0.563248527540297 0.4684075223875125 0
1175 2.270166169208987 0.2269054516857406 0
1176 2.325503223156611 0.2188027060812658 0
1177 1.385750886739279 0.0490998812521158 0
1178 1.341633239680286 0.0490998812521158 0
1179 4.819969914882546 0.6144459325617921 0
1180 4.782008193054234 0.6639017936328221 0
1181 4.748755670853067 0.615333341465832 0
1182 2.090832780300413 0.8613252894208869 0
1183 2.04479175165597 0.8379902082451114 0
1184 2.090048835423501 0.8132326602262768 0
1185 4.737398736082733 0.7203950151404662 0
1186 4.808612980112214 0.7195076062364264 0
1187 1.340365564499331 0.9508232443366598 0
1188 1.384483211558225 0.9508232443366598 0
1189 0.1199635842354622 0.2091202758776186 0
1190 0.1582474496997058 0.1873618666943891 0
1191 1.055813259447384 0.3376716728664175 0
1192 1.01782423984326 0.3125480466339748 0
1193 4.38827752854923 0.3706317149381323 0
1194 4.436822246839602 0.3266131718706908 0
1195 4.447267025743681 0.3683498677896773 0
1196 0.2375145174047325 0.7115755388447183 0
1197 0.1879593429720704 0.6931945147095502 0
1198 3.624125748713326 0.4933764958310842 0
1199 3.664194532551102 0.4453289422616096 0
1200 3.691920003596622 0.505851623946815 0
1201 4.39257773062875 0.2857232445336165 0
1202 4.451567227823201 0.2834413973851616 0
1203 4.305237427875972 0.688908141406376 0
1204 4.356601616693278 0.6841260193698433 0
1205 3.181955811449775 0.3864797318845697 0
1206 3.223139781973264 0.3865337708347095 0
1207 3.192577279944031 0.4463274417715765 0
1208 1.574172184594723 0.3268284162711999 0
1209 1.602572053957213 0.3810520020019356 0
1210 0.3653888698818525 0.5955310569021742 0
1211 0.3353361252183768 0.5597579256018226 0
1212 4.583316194024004 0.9498053617264681 0
1213 4.586471307115261 0.8699747047407209 0
1214 0.316471820984052 0.2562583045249671 0
1215 0.3159458752294747 0.2111401467852004 0
1216 1.878855686086664 0.4018481776395461 0
1217 1.827821887090906 0.3990498452549216 0
1218 1.849770883794324 0.3598383841790244 0
1219 1.503419179782946 0.09044895285272261 0
1220 1.478865271539155 0.03747382244479292 0
1221 4.260931375790729 0.171755621693624 0
1222 4.303949553500383 0.2039780922056577 0
1223 1.814912387916299 0.435264930419854 0
1224 1.785827585623959 0.3932551369593323 0
1225 4.117299082562996 0.06407458920686215 0
1226 4.059003320897523 0.06407458920686215 0
1227 4.41109604445601 0.6907589256413496 0
1228 4.365129334997602 0.6332494372858004 0
1229 0.1790517424549356 0.3108311692171913 0
1230 0.2297167549478533 0.2967003565198957 0
1231 1.994439059741547 0.4452782978275678 0
1232 2.198487418559097 0.4355749104392942 0
1233 2.17153529682339 0.4847621823011449 0
1234 0.3027498045994411 0.1782478596033881 0
1235 4.423630616601654 0.06229812279362862 0
1236 3.61049017242451 0.5523252643446128 0
1237 3.582764701378991 0.4918025826594074 0
1238 3.328436891086755 0.04495636699836432 0
1239 3.274515507609617 0.04495636699836432 0
1240 3.274515507610595 0.9550436330016258 0
1241 3.328436891087019 0.9550436330016258 0
1242 2.851411568735561 0.2608119615212942 0
1243 2.850041462405421 0.3087504658109174 0
1244 2.80081940421147 0.3040832293966913 0
1245 4.34892919313799 0.2585339115184353 0
1246 0.1858828468617032 0.8290581325455371 0
1247 2.020423005130357 0.6479325382271367 0
1248 2.052830432223102 0.6174656592409191 0
1249 2.075952321159711 0.6637421333640594 0
1250 0.2176117010527458 0.9062195812438616 0
1251 0.1798994513244037 0.8882552155076924 0
1252 0.6293368080309167 0.08375875148633089 0
1253 0.1758555899038989 0.2822229767480179 0
1254 4.754907231897298 0.5049473292600354 0
1255 4.80089086174403 0.4675026301130026 0
1256 4.83270102252811 0.5284327812477692 0
1257 0.4908478223671421 0.4440553111866121 0
1258 4.698169323790403 0.808169756886288 0
1259 4.641526643600819 0.7920499369933769 0
1260 4.707360842951129 0.7598810078511594 0
1261 2.850100124823116 0.3617848425157897 0
1262 2.900692289347207 0.3185135746403926 0
1263 1.507550862018333 0.9027855566128336 0
1264 1.462041681620083 0.88374964108682 0
1265 4.851933594628761 0.4380633077907693 0
1266 4.774139803997949 0.4145778558030355 0
1267 3.929184187463079 0.7917488818995238 0
1268 3.967998576192969 0.7585224381876077 0
1269 3.988606091376759 0.8077707614539494 0
1270 3.943239566485534 0.7159506160960447 0
1271 4.002661470399214 0.7319724956504703 0
1272 4.748869063013285 0.8306442999876038 0
1273 2.036106024770573 0.5697911973245791 0
1274 2.091635340799928 0.5856007924615017 0
1275 0.1697209735177216 0.7635995808377529 0
1276 0.1392843481955401 0.7514664241759745 0
1277 0.178153705751802 0.7225049898764934 0
1278 3.179259034433614 0.1724668480133766 0
1279 3.12564727573985 0.2047198807346133 0
1280 0.3991726138495433 0.9696780707668025 0
1281 0.364895855933322 0.954243804237958 0
1282 0.4111272933112876 0.9239218750047604 0
1283 2.831181588848042 0.8972750582113694 0
1284 2.855332708719154 0.9536412855719019 0
1285 2.855332708720453 0.04635871442811718 0
1286 2.831840296023964 0.09606489960775386 0
1287 0.6483599848115835 0.035209591325753 0
1288 0.8460878113676211 0.08975250273311913 0
1289 0.8472270934190731 0.03504984294788892 0
1290 0.866196644437091 0.343069201950073 0
1291 0.2859673062177637 0.3235305627141096 0
1292 0.2698652178416783 0.2823937037194637 0
1293 0.3003622284680562 0.288533196250274 0
1294 2.703927962432669 0.9587772887710611 0
1295 2.730776094861913 0.9024110614105285 0
1296 2.730919913346561 0.09087540564116761 0
1297 2.703413073742642 0.04116922046153094 0
1298 1.155980583217994 0.710549949547841 0
1299 1.150722244653506 0.6595624143527326 0
1300 1.128891839171819 0.8886358569826138 0
1301 1.088761030564776 0.9143408811665216 0
1302 0.4432902609084906 0.9696780707668025 0
1303 0.1611637140897825 0.7979588842633341 0
1304 0.4316833770513162 0.5247636509022597 0
1305 0.4255194326328369 0.5726984991147917 0
1306 0.7511828737722448 0.1474085604908412 0
1307 0.7152029016418362 0.1716739521304778 0
1308 1.493888552394497 0.4583901348255469 0
1309 1.530736918563459 0.4437239897043706 0
1310 1.522115508034314 0.4963953179417368 0
1311 0.5604926856568723 0.1793144909093599 0
1312 0.5521600104385193 0.1255352476774035 0
1313 1.632263671283078 0.8810766061770752 0
1314 1.58344594174388 0.9032912298262535 0
1315 1.316845236127016 0.1090786775872654 0
1316 1.330459453055127 0.1408849462865022 0
1317 1.287567621585599 0.151763861369536 0
1318 3.645236238200419 0.1251911921037787 0
1319 3.699634753720688 0.1464031247805279 0
1320 3.69947620099568 0.853997068496088 0
1321 3.645754013204738 0.8758153268303027 0
1322 1.281509028461983 0.8498848229021666 0
1323 1.325764028187361 0.8603284567255368 0
1324 1.312946717507683 0.8912028548499493 0
1325 1.089667868485055 0.09630347485543786 0
1326 1.129167163967758 0.119926222426463 0
1327 1.319371663061931 0.07710242742960803 0
1328 1.301267835145673 0.02800254617749224 0
1329 0.9896688926765433 0.6448139645519633 0
1330 0.951053296394324 0.6578516244049872 0
1331 1.999031486307712 0.8094642047477634 0
1332 1.999815431184623 0.8575568339423735 0
1333 2.00412784859442 0.1511252039615724 0
1334 1.995336144483693 0.1926890607341673 0
1335 3.995288640976234 0.5532925739028052 0
1336 3.944405529872173 0.5797607790372616 0
1337 3.942246418709068 0.5271888805874245 0
1338 0.3325739093601373 0.297395163519613 0
1339 4.514655459175209 0.4659152862492234 0
1340 4.476077013771095 0.5195986571972607 0
1341 4.46284687604479 0.4750678961403524 0
1342 0.8702644347954252 0.6248101592545498 0
1343 0.8546033892705991 0.5848187796728459 0
1344 1.458137039936619 0.1178721380682269 0
1345 3.259429415205065 0.4145803370275852 0
1346 3.091202689817647 0.8149787830757981 0
1347 3.099594935342243 0.7571278570011825 0
1348 3.141685554251863 0.7849536493071411 0
1349 2.787718172738535 0.830004879711902 0
1350 2.749347101800575 0.8616196503409199 0
1351 2.755820182641293 0.8043569847738867 0
1352 0.738828527135504 0.7713483164232673 0
1353 0.7118821474433216 0.78635122347077 0
1354 0.6988648136981239 0.7564926649754875 0
1355 1.701405135705181 0.9570359917403442 0
1356 1.746521116547149 0.9570359917403442 0
1357 1.746443202209047 0.04380609527811613 0
1358 1.701327221367039 0.04380609527811613 0
1359 4.612164121909817 0.6115839689417111 0
1360 4.671906888213477 0.6074393594955431 0
1361 4.651051182721095 0.6689338119830299 0
1362 1.59124839625312 0.09063647187826984 0
1363 1.637438943201081 0.1281394924878518 0
1364 4.455332150698636 0.8706241401751433 0
1365 4.39187004594194 0.8941955005386337 0
1366 1.155656319745874 0.2215529536383902 0
1367 1.135532440432259 0.2659847466555201 0
1368 1.122509451479872 0.2161113042378301 0
1369 4.498618532741479 0.3728579249572755 0
1370 4.556927591829853 0.3395255123686379 0
1371 4.559734380537279 0.3880521126036775 0
1372 0.7145364553996645 0.06023250460093584 0
1373 0.7483168230127474 0.08173295471474321 0
1374 4.550105527292056 0.4377774057441531 0
1375 4.60841458638043 0.4044449931555155 0
1376 2.659103526370824 0.4356706435540162 0
1377 2.637681972476346 0.4009333509207227 0
1378 0.4472139993405636 0.6010478081772843 0
1379 0.4727166872434594 0.5820188024698046 0
1380 4.841135696365926 0.2485378740305165 0
1381 4.819337087697534 0.3098097940272949 0
1382 4.775148854617688 0.25955833804345 0
1383 0.4772427834860857 0.5365655138467571 0
1384 1.614938831566983 0.6899043406871811 0
1385 1.57626997866859 0.722046827736699 0
1386 0.7150731344247678 0.8213705558927386 0
1387 0.7536706731076416 0.8524439919046332 0
1388 4.741515700962543 0.9426438861155685 0
1389 4.709868610041789 0.5579834984245131 0
1390 4.204330246125399 0.1522017481624552 0
1391 1.507189429862096 0.7366734970026341 0
1392 1.465476753570369 0.7481030781290474 0
1393 1.490143183823032 0.7112541827170467 0
1394 0.4989373501938125 0.5649148229092498 0
1395 0.5265334002282671 0.5924902350183943 0
1396 1.488528340281376 0.2937029353792441 0
1397 1.466289593493193 0.252580793422268 0
1398 1.506719405803446 0.268694758760367 0
1399 0.6751094209873879 0.8065149044449588 0
1400 2.811951428401448 0.1395794232542159 0
1401 2.786490622972373 0.1866844156444863 0
1402 2.757101700819258 0.1465173627495437 0
1403 1.363384304329069 0.1429243925314757 0
1404 1.334106689787652 0.1856095763137463 0
1405 1.610816132278246 0.03766134147034013 0
1406 2.766915202965897 0.2248835401234411 0
1407 2.821764930548087 0.2179456006281133 0
1408 2.827743535550111 0.7996098890345542 0
1409 2.821270454709393 0.8568725546015873 0
1410 2.189765455721482 0.1807542209781249 0
1411 2.196843978321899 0.2380619500947881 0
1412 2.14782514347471 0.220712683665541 0
1413 0.9164870327545652 0.6919810777202913 0
1414 0.8800277129313123 0.7223106837445407 0
1415 0.8780622786610339 0.6664598012972196 0
1416 0.4769818667230207 0.4113128492237697 0
1417 0.4298315609734687 0.4174089452598223 0
1418 0.4516148380427993 0.3874262168853927 0
1419 2.237538945883862 0.2460918333919606 0
1420 2.195598633637089 0.2860502960793766 0
1421 0.5399947085441733 0.0836136390600927 0
1422 0.5149002382661738 0.03506447889951482 0
1423 4.450073814451106 0.4168764680247169 0
1424 4.411495369046991 0.4705598389727542 0
1425 1.332656305787613 0.2184684878709095 0
1426 1.368347147337946 0.2426604470319682 0
1427 1.333971912063964 0.273479912344158 0
1428 3.12567075252263 0.4050248883257611 0
1429 3.156233254551863 0.3452312173888942 0
1430 0.9530187306646024 0.7137025068523083 0
1431 2.333262558379689 0.526663153114141 0
1432 2.329446858381 0.5802069883378496 0
1433 2.293635849302273 0.5560991950795404 0
1434 1.651049057837483 0.7144519843274768 0
1435 1.645303792182044 0.6600872711318933 0
1436 3.390433942050831 0.5952342368349997 0
1437 3.454801998508025 0.6207147058712795 0
1438 0.3247508914665621 0.3612308753294393 0
1439 0.2866916964599617 0.3872498009030468 0
1440 0.2784051218375411 0.3556889808185274 0
1441 1.572360882759942 0.4499966224996875 0
1442 0.7509697882861711 0.7076399665429076 0
1443 0.7162213024607447 0.7015336293151047 0
1444 0.7413798973566095 0.6676838379300274 0
1445 0.8364009594720494 0.7370995904877861 0
1446 0.8748257135655806 0.7626208669108576 0
1447 3.386545030788755 0.5087222271906509 0
1448 3.444873304234877 0.4834900494314168 0
1449 0.270064256647756 0.4142558488929716 0
1450 0.3164100262767771 0.4197977434038835 0
1451 3.101830927510001 0.7063426129183763 0
1452 3.051348063075785 0.7363677466870333 0
1453 0.4719365685110927 0.638862803468109 0
1454 0.4247393139004701 0.629542500113096 0
1455 2.344885855198763 0.6195508479853978 0
1456 2.384512564276179 0.5901148060199983 0
1457 4.481821032749746 0.1777866982581441 0
1458 4.453633788244519 0.2367643104885591 0
1459 2.088913971075037 0.3293307339511139 0
1460 2.100525992860525 0.3882649681663739 0
1461 0.6763791493197818 0.6864748801396039 0
1462 0.6859690402493435 0.7264310087524842 0
1463 1.301470588236365 0.9725562944782876 0
1464 1.318306740970095 0.9233795388149474 0
1465 1.328698543557578 0.8153475585189514 0
1466 1.360136232603278 0.8566655904667342 0
1467 2.569732488153999 0.3644726624675976 0
1468 2.539470992808873 0.4074751269018723 0
1469 2.521676170088357 0.3566654421694477 0
1470 0.3348188723920523 0.8530006260930256 0
1471 0.2846449753942432 0.8488648857307084 0
1472 3.14951971136846 0.5950351371467704 0
1473 3.205799454238171 0.5741855861949592 0
1474 1.413117930782915 0.9152269925637472 0
1475 1.440399425108079 0.9644037482270874 0
1476 0.4269513687508104 0.3595361690085706 0
1477 0.4741016745003625 0.3534400729725179 0
1478 0.9573079897240384 0.03184622592225567 0
1479 2.445837799569062 0.3855487492163619 0
1480 2.448674997152419 0.4357996576964239 0
1481 2.403098121978251 0.4216805003090632 0
1482 4.483908110798684 0.06229812279362862 0
1483 3.696460129755905 0.5567937859808575 0
1484 3.730556866806674 0.612006807607048 0
1485 3.685947956809614 0.6091121991424799 0
1486 2.011431573979388 0.905930121281965 0
1487 1.96567130863113 0.877404117784617 0
1488 1.967364898036315 0.1213339480713205 0
1489 2.017437580794367 0.1014899824779119 0
1490 1.276479831592403 0.08798134251264185 0
1491 0.9011254299908187 0.7819941818258318 0
1492 0.9435041682588337 0.7954640626012306 0
1493 2.154478999190341 0.3689229492879179 0
1494 2.584307417296912 0.8626533682556696 0
1495 2.540157253516074 0.8383379398126409 0
1496 2.587049131754689 0.8160065829346994 0
1497 2.541944979230214 0.1636979836673908 0
1498 2.58145520283799 0.1358872566481242 0
1499 1.167857893581334 0.8794957146018878 0
1500 1.156706928278444 0.9276507636270676 0
1501 1.648219615559411 0.2288168143568379 0
1502 1.623134035401645 0.2679049721512977 0
1503 1.616403330225739 0.2200444598294831 0
1504 1.872733468415105 0.2806227262718964 0
1505 1.846989392071286 0.2462549331548745 0
1506 1.881979428395158 0.2304251119054783 0
1507 2.462016902124904 0.4851195875064801 0
1508 2.504756579715715 0.4489878364137788 0
1509 1.406125468070229 0.8701691371963922 0
1510 1.409059983440446 0.8251882389898069 0
1511 1.539392589808605 0.7475357768474994 0
1512 1.514726159555942 0.7843846722595003 0
1513 0.02981483111562108 0.4325556903746625 0
1514 0.06286651214959932 0.4510521847277308 0
1515 0.03305168103397823 0.4784964943535 0
1516 1.395573018667004 0.2075256878125263 0
1517 1.396888624943355 0.2625371122857748 0
1518 2.699015895450963 0.4356447306903043 0
1519 2.670282787743609 0.4847310196028973 0
1520 0.0394121157069147 0.6442612968874523 0
1521 0.0394121157069147 0.6842612968873589 0
1522 0.6248283060846229 0.9155214716825089 0
1523 0.6390324923808356 0.9608607637510996 0
1524 1.813987209554424 0.2708643947122007 0
1525 1.823233169534477 0.2206667803457825 0
1526 1.434747624480162 0.03747382244479292 0
1527 1.408733805337427 0.08657370369690871 0
1528 1.082878957859896 0.2350514427158435 0
1529 0.9067906552644653 0.2815733013876508 0
1530 0.9455492368937353 0.2811932617666624 0
1531 4.789266391415987 0.3529843957605153 0
1532 4.855253233164226 0.3419639317475818 0
1533 1.790518036716533 0.02602497909407104 0
1534 1.76925395289413 0.06983107437218716 0
1535 1.76933186723221 0.9310110126462737 0
1536 1.790518036716269 0.9739750209059295 0
1537 1.183118375329391 0.1948558092157855 0
1538 1.196141364281778 0.2447292516334755 0
1539 3.033273184453803 0.4773113829931123 0
1540 3.048202415725647 0.5359787035496615 0
1541 1.489401573064989 0.3284002951120255 0
1542 1.448971760754737 0.3122863297739265 0
1543 4.353158731640711 0.4561842054286184 0
1544 4.365931793234394 0.514375633544254 0
1545 1.772947853308772 0.1522600014798603 0
1546 1.728873018801286 0.1354343281037075 0
1547 1.76925395289413 0.104437863932385 0
1548 1.76933186723221 0.8964042230860894 0
1549 1.728950933139543 0.8654077589148035 0
1550 1.772947853308664 0.8477399985202043 0
1551 0.6829891987992776 0.2668028133179125 0
1552 0.6660973379521453 0.2932226758590145 0
1553 0.6431751530195173 0.2574348618578576 0
1554 4.678058449257708 0.4970533472897466 0
1555 1.274051741244717 0.9129359049915772 0
1556 3.247756590504909 0.08649988710048767 0
1557 3.222340812914592 0.04154352010212335 0
1558 3.222437791050982 0.9581490110240847 0
1559 3.247853568640786 0.9131926440257104 0
1560 1.334194028760921 0.7304476811685927 0
1561 1.367310741550116 0.7609402588116156 0
1562 1.3299540351843 0.7811921146171258 0
1563 0.7884715646569294 0.9195341634113542 0
1564 0.8077826455200002 0.967693608965996 0
1565 2.705459107917486 0.137980398031438 0
1566 1.157930501191199 0.3445913481964787 0
1567 1.14383761367795 0.3069893739227185 0
1568 1.18277219621151 0.3090283703298404 0
1569 1.516614262237531 0.2181299796137064 0
1570 1.538853009025714 0.2592521215706825 0
1571 3.96307577405488 0.1226508863870076 0
1572 4.030178434470757 0.10233240394389 0
1573 4.02104854131438 0.1484676608568419 0
1574 0.9566504081281491 0.967533982177919 0
1575 2.221162213968711 0.1415783776596157 0
1576 2.245824874156684 0.1024863294494501 0
1577 0.9411243349083521 0.1963182628447097 0
1578 0.8951975846543792 0.209058386521353 0
1579 1.092591641487479 0.7667497671895918 0
1580 1.055904916637233 0.7473247825245228 0
1581 3.309875856995912 0.6974152951140418 0
1582 3.359706677326293 0.6944090075205531 0
1583 3.357908506870631 0.7403730514495334 0
1584 2.21231055470319 0.79672045104347 0
1585 2.247655416801554 0.7671295853748372 0
1586 4.001030553638023 0.03825781473702786 0
1587 0.141641276768215 0.1004555956290862 0
1588 0.1579106472352905 0.1276952775855939 0
1589 0.1212161996190402 0.1380879228574554 0
1590 4.208758923746146 0.7417844446670946 0
1591 4.173564144633331 0.7747328129845661 0
1592 4.158370202218026 0.7128633910119502 0
1593 4.302181804679053 0.9347019917274444 0
1594 4.361791346806777 0.9347019917274444 0
1595 1.412787538928262 0.1742228269027939 0
1596 1.409140302195736 0.1294981968755498 0
1597 0.532029917397878 0.8054840170165702 0
1598 0.4949503345855364 0.8201323487161059 0
1599 0.4890567895799385 0.7829048075905978 0
1600 4.246702464923958 0.7155573872464682 0
1601 4.252099944282856 0.6532657768543864 0
1602 4.14632526048729 0.1691102951892201 0
1603 4.146156187368365 0.1112406313869594 0
1604 1.282236867899736 0.7173324012543446 0
1605 1.319593574265551 0.6970805454488345 0
1606 3.407906972363108 0.6885131739967514 0
1607 3.359874322488388 0.6455554176612598 0
1608 1.299779172495509 0.6637773638154122 0
1609 1.351736333356695 0.6768926437296603 0
1610 0.5939724341934211 0.5676615183116476 0
1611 1.197383631477212 0.2762570840443869 0
1612 1.211476518990461 0.3138590583181471 0
1613 2.52146294185368 0.6482890025442951 0
1614 2.555075456227072 0.6186430212488417 0
1615 2.57803723479257 0.6651148017497666 0
1616 4.175304068201104 0.04716604218009723 0
1617 1.157341137122401 0.07471628243026864 0
1618 1.17080730394813 0.1264695712245058 0
1619 4.932427713352153 0.8710156629923667 0
1620 4.879278240734323 0.8162204887955969 0
1621 4.94685052738217 0.8202048258029012 0
1622 0.7111408772507111 0.2689751973294104 0
1623 0.6882186923180831 0.2331873833282535 0
1624 0.2068920390725569 0.4045276848398199 0
1625 0.1637892109598617 0.3865000794326978 0
1626 0.2878399826776145 0.6351467713337338 0
1627 0.2935622057862801 0.6048345952094762 0
1628 0.3250387719250982 0.6296467851063347 0
1629 0.8574986765315555 0.7967830885690772 0
1630 2.124635702201622 0.8823817761483871 0
1631 2.079378618434091 0.9071393241672217 0
1632 2.085286498374235 0.103614565266972 0
1633 2.128559543135145 0.119676423357329 0
1634 1.838624665589914 0.8465976277588103 0
1635 1.877498033602579 0.8641160752812128 0
1636 1.852202155413996 0.8962549102138928 0
1637 1.852202155414243 0.1037450897861302 0
1638 1.873655437739105 0.1411419805260894 0
1639 1.834782069726477 0.1586604280484971 0
1640 0.3109162612199839 0.5775403292368109 0
1641 0.2737174719725002 0.5830403154642101 0
1642 1.026705321209351 0.274054975581601 0
1643 1.029813121082444 0.2275091348017731 0
1644 1.060264543680443 0.256105628956555 0
1645 0.0880283229146421 0.469641915142973 0
1646 0.08479147299628495 0.4237011111641356 0
1647 3.769364010965795 0.4847088892953716 0
1648 3.817718245274721 0.4715150133613976 0
1649 3.767895151483482 0.5852440948984248 0
1650 1.675985755871811 0.2114188053064011 0
1651 1.682716461047717 0.2592793176282157 0
1652 2.17214337912152 0.1242291112303686 0
1653 2.538487325111816 0.5779506461244142 0
1654 2.595061618050706 0.5947764453298856 0
1655 2.260408331280852 0.5816032514570004 0
1656 2.26422403127954 0.5280594162332919 0
1657 0.1903724871824244 0.1204753882353719 0
1658 0.1699474100332497 0.1581077154637411 0
1659 1.865331652248166 0.6511191991236625 0
1660 1.831445822171898 0.6234767710227729 0
1661 1.865339329293908 0.6007577380733575 0
1662 1.450768766974011 0.6896367607739611 0
1663 1.492481443265738 0.6782071796475477 0
1664 0.8659389118859475 0.2261876323222934 0
1665 0.8760915226833235 0.2626777849624518 0
1666 0.8294236966609691 0.2489235172829872 0
1667 2.949861895862243 0.3848850206665068 0
1668 2.952719093634694 0.4349922815315441 0
1669 2.903608149537354 0.4216552122103023 0
1670 0.4636274262649909 0.8393048097494636 0
1671 0.5066005540829304 0.8618840191754361 0
1672 1.583806708362436 0.7697580029935651 0
1673 1.632193568002357 0.7883017116779503 0
1674 4.717103483005548 0.05788212506948179 0
1675 4.655467532614654 0.05788212506948179 0
1676 1.019995806804074 0.6209706442266543 0
1677 1.017911908431892 0.6557297332116954 0
1678 1.570032807763886 0.2339099800239824 0
1679 1.922565344631513 0.8714020940906604 0
1680 1.908987854807431 0.8217448116355779 0
1681 1.905145258943854 0.1835132441717187 0
1682 1.922565344631619 0.1285979059093518 0
1683 0.08713228744219993 0.8490507880908158 0
1684 0.09862427189365647 0.8015812956593459 0
1685 0.1193596315100032 0.840030507568704 0
1686 0.3334823906859947 0.6874575134129825 0
1687 0.3070434681455192 0.7017344983732687 0
1688 0.292877626275957 0.6742359461908786 0
1689 0.1127556241056464 0.3077836110989896 0
1690 0.0901024405463122 0.2900219292498548 0
1691 2.496700545295091 0.8098647892600507 0
1692 2.493958830837313 0.8565115745810209 0
1693 2.493551371629044 0.1432799432624431 0
1694 2.498895730217516 0.1923796163765835 0
1695 3.194256282604184 0.7149460447083491 0
1696 3.239616336823316 0.7551768115961416 0
1697 3.19543785399559 0.7673334901203179 0
1698 2.652793552739514 0.1197573218330299 0
1699 2.678975340212212 0.175399278941406 0
1700 1.802096684955944 0.5963187006063939 0
1701 1.802089007910202 0.6466801616566988 0
1702 0.2856806477436631 0.1523803107164106 0
1703 0.3305624535112006 0.1490164074277953 0
1704 2.952989663015516 0.4884513822793364 0
1705 2.999243409340404 0.4516811907355409 0
1706 4.261896407339263 0.7774268092190841 0
1707 2.010901287750973 0.9628887025621042 0
1708 2.045045410304467 0.9430414187198608 0
1709 2.049357827714511 0.0656406191840819 0
1710 2.012594877156406 0.03584936329382997 0
1711 3.812388308193025 0.891685503965607 0
1712 3.836994445356833 0.9541905122831181 0
1713 3.838162147573342 0.04637904772571778 0
1714 3.81424632334288 0.1083876555016789 0
1715 0.2829120211467221 0.723975940188107 0
1716 2.366744355518428 0.6555339093022999 0
1717 2.31167864962325 0.6456260916201511 0
1718 0.870275440039487 0.3043091863483445 0
1719 0.06182105065212115 0.7031186524151888 0
1720 0.02240893494520645 0.7188573555278297 0
1721 0.5709932376063871 0.6089672357852738 0
1722 0.5388710913293062 0.6268451122991768 0
1723 4.84771045519414 0.5703800450803872 0
1724 4.880962977395308 0.6189484972473773 0
1725 4.942661964722886 0.3368946650067046 0
1726 4.942661964722886 0.2743946650068869 0
1727 0.7360512361428988 0.2083784027211565 0
1728 0.6955220362684541 0.1986553167490726 0
1729 3.895384548957191 0.5950000896139298 0
1730 3.948426771224357 0.6211037829293105 0
1731 0.9570542240163933 0.7512434335747017 0
1732 0.9821059252503833 0.7988755360083201 0
1733 3.651578295940196 0.2227098845222734 0
1734 3.596500404782879 0.2533161761960642 0
1735 3.591489230964584 0.1993953256829243 0
1736 2.078848332205677 0.964097905447361 0
1737 2.080443794736275 0.0379739460828901 0
1738 0.4773332395228135 0.2130360711060752 0
1739 0.4811986223329287 0.1777723034982806 0
1740 0.5208539328071327 0.1892359426414458 0
1741 1.660966719404647 0.3591593019334944 0
1742 1.637168268666568 0.3102586292518546 0
1743 1.678748771473396 0.3255779993602924 0
1744 1.813328787401615 0.08665674774833995 0
1745 1.813328787401331 0.9133432522516747 0
1746 1.12767923778192 0.5183514163776516 0
1747 1.151463022531429 0.48251313470654 0
1748 1.177696335771284 0.5174758298210587 0
1749 4.057046814652274 0.1772839608722814 0
1750 3.989944154236397 0.1976024433153989 0
1751 1.697923782094495 0.2890980855052496 0
1752 1.721722232832574 0.3379987581868895 0
1753 1.171365903109361 0.9592553106231707 0
1754 1.215483550168309 0.9592553106231707 0
1755 3.897121526518816 0.5086591332365447 0
1756 3.948004637622876 0.4821909281020882 0
1757 1.135487658153045 0.5941782494918637 0
1758 1.087639705325926 0.5986569164254182 0
1759 1.106064598194657 0.5577927784257248 0
1760 2.351412308944166 0.9563945547243808 0
1761 2.400188322023378 0.9563945547243808 0
1762 2.400350342015055 0.04296892092188811 0
1763 2.351574328935796 0.04296892092188811 0
1764 0.8010678271442997 0.6436401491969799 0
1765 0.8338051149721724 0.6551397652787991 0
1766 0.8088656710099085 0.6852897912396498 0
1767 1.318436137384132 0.5291527897461675 0
1768 1.29163917984374 0.5630694045091156 0
1769 1.26994009903027 0.5182367759625286 0
1770 1.026629910784805 0.7755684917396004 0
1771 1.024930986860371 0.7264111977667136 0
1772 1.02089549350858 0.6888702710443202 0
1773 1.051222407636111 0.6650269507190112 0
1774 1.679284047202651 0.08146743674845626 0
1775 1.683334014385074 0.1342842462956278 0
1776 0.3901691162772665 0.02842402893327017 0
1777 0.4029657631838071 0.0767987555239949 0
1778 0.3657378233756672 0.04837472659072473 0
1779 1.846204345050643 0.7424032889189571 0
1780 1.881185030116683 0.774317137245494 0
1781 1.828939858712457 0.7825449444995933 0
1782 1.396752796162307 0.7416567310826204 0
1783 1.392512802585686 0.7924011645311535 0
1784 4.367451668937772 0.577683899051342 0
1785 4.309115031531492 0.5633082655072061 0
1786 1.688134978999144 0.8245389519110271 0
1787 1.68451899292269 0.873203176476912 0
1788 1.687027914799716 0.182106383843103 0
1789 1.259656594352305 0.5833908969126862 0
1790 1.308152632706168 0.5943069106963252 0
1791 0.554328646881743 0.667468200867847 0
1792 0.5098688095036229 0.6509912001009675 0
1793 1.673079625423476 0.9219454131808516 0
1794 2.081885529108153 0.7661664986994102 0
1795 2.127926557752595 0.7895015798751857 0
1796 4.157426228546386 0.221443349921497 0
1797 4.099252169789352 0.1804822331460012 0
1798 1.460158456525484 0.4743150483977457 0
1799 1.468779867054629 0.4216437201603795 0
1800 3.187045608470995 0.8251844161949336 0
1801 4.197980149845588 0.5566877385962183 0
1802 4.217505508762976 0.6181609795552845 0
1803 4.174039622413453 0.6184417817354126 0
1804 1.649149814065569 0.9649094214405074 0
1805 1.034401911714536 0.9708218768587383 0
1806 1.059302358336746 0.9459454281626247 0
1807 0.6063101252944602 0.60201639559243 0
1808 3.349114180466122 0.9099359036569581 0
1809 3.377619786352742 0.9548922706553324 0
1810 3.377619786352427 0.04510772934481325 0
1811 3.349114180465606 0.09006409634317757 0
1812 4.421946096700504 0.5843168053228482 0
1813 3.547334120862458 0.2734356903892737 0
1814 3.60742318583807 0.2967502492286228 0
1815 1.088282201640898 0.9683954530038967 0
1816 1.087262263276051 0.0340864668161129 0
1817 1.06733642940696 0.06527868431943747 0
1818 1.038897695540982 0.03119221750332457 0
1819 2.833858689072211 0.5266369125083205 0
1820 2.830027376933286 0.5801955188319956 0
1821 2.794152196049542 0.5561537881990956 0
1822 0.4943318834389652 0.1356670266929369 0
1823 0.450811190154646 0.1594671551575663 0
1824 0.7431998286144923 0.3099309700104047 0
1825 0.7377348187690127 0.2791674619952927 0
1826 0.7750232636515995 0.286507804686628 0
1827 3.647238009528207 0.4037094553874029 0
1828 0.03888164135390787 0.3135654557792178 0
1829 0.03888164135390787 0.3535654557793284 0
1830 0.5362774562158246 0.3605994593640887 0
1831 0.5736289863164004 0.3729562170845811 0
1832 0.5361166738929273 0.3936868785698325 0
1833 3.851010196442184 0.2559517468688972 0
1834 3.851053138474087 0.308556558347606 0
1835 3.798254854572838 0.2995304391818392 0
1836 1.468786109258415 0.80610708906705 0
1837 0.6147289079079035 0.6773471863215199 0
1838 0.6174378839299918 0.6377329466054718 0
1839 0.6488358631304689 0.6717580198609354 0
1840 1.875012906099058 0.9568866788681477 0
1841 1.921145635342086 0.9568866788681477 0
1842 1.921145635342396 0.04311332113186125 0
1843 1.875012906099326 0.04311332113186125 0
1844 2.845235690038154 0.6195624287206691 0
1845 2.884942183060823 0.590045553029894 0
1846 0.06128450994131182 0.2948154557792638 0
1847 0.07362366777980828 0.2577064734706831 0
1848 4.580452712151857 0.530267781880178 0
1849 4.573530193255246 0.5755380795216027 0
1850 4.520963078004904 0.5557163449475566 0
1851 3.023626637607729 0.6442481107073153 0
1852 3.045280036350992 0.5848654172131966 0
1853 3.075237453986806 0.6261998091101084 0
1854 0.4342867633359327 0.02842402893327017 0
1855 1.237542373697544 0.9318116051014584 0
1856 1.257352941177893 0.9725562944782876 0
1857 1.655432150183045 0.03766134147034013 0
1858 0.1555707487333805 0.8236602634194372 0
1859 0.1440787642819239 0.8711297558509071 0
1860 1.217137697374408 0.04062981561415573 0
1861 1.173020050315415 0.04062981561415573 0
1862 3.850939256448514 0.3620013166025053 0
1863 3.90369459831786 0.3184226242895634 0
1864 4.552674487762864 0.6370325320090896 0
1865 1.222311631005335 0.5168954694377119 0
1866 1.249108588545727 0.4829788546747638 0
1867 0.7429643122878182 0.2455520320056337 0
1868 2.114061499844851 0.6878553363630804 0
1869 2.081654072752107 0.718322215349298 0
1870 1.442447382361983 0.3922761616196431 0
1871 1.476177478230996 0.3763512480474442 0
1872 0.982947915259877 0.1990765535572402 0
1873 0.9544303182598268 0.2427001907142886 0
1874 0.7807229272307322 0.705963686476909 0
1875 0.7555643323348674 0.7398134778619863 0
1876 0.2686748539125125 0.4485264746103143 0
1877 0.2389565240956971 0.4159785321094776 0
1878 4.814429474922509 0.8215160768645664 0
1879 4.799295014795082 0.8761595491080997 0
1880 0.03227685390930476 0.1666825901980533 0
1881 0.03227685390930476 0.204182590197953 0
1882 2.69380812719298 0.2355829000092779 0
1883 0.6118940041618072 0.7157576464743178 0
1884 0.58049602496133 0.6817325732188542 0
1885 2.586378453889486 0.3309656294245065 0
1886 2.604173276610001 0.3817753141569311 0
1887 4.629894912413009 0.149044872179427 0
1888 4.67820860115547 0.1798973193490951 0
1889 4.62319334659991 0.2131779413895585 0
1890 1.198527846255827 0.5527337511088235 0
1891 3.085801535772395 0.1805079958514227 0
1892 3.043634276472531 0.1612768002690878 0
1893 3.085230517981056 0.1341453057970872 0
1894 3.088529208195006 0.8637179157240278 0
1895 3.046438589285384 0.8358921234180692 0
1896 4.956533160407185 0.3902555969735703 0
1897 4.899195125130071 0.352150261981227 0
1898 0.6404170805170257 0.5964272291318455 0
1899 1.934181487426277 0.919775381430252 0
1900 1.935875076831566 0.07896268442569121 0
1901 3.664471020495335 0.6480745108354433 0
1902 3.630374283444566 0.592861489209253 0
1903 3.542925045568254 0.4665991740799759 0
1904 3.529289469279438 0.5255479425935046 0
1905 2.150239064424091 0.7145123166471143 0
1906 2.144537312831696 0.6599322346618757 0
1907 1.478566111061431 0.6297639151571506 0
1908 1.412268419923602 0.4107628222996186 0
1909 1.419666031099969 0.3654703501866833 0
1910 2.99659159934657 0.5540270051468683 0
1911 3.678451036158052 0.8029336112067647 0
1912 3.730296594612933 0.8239265260756544 0
1913 1.283270748047194 0.2867292306708443 0
1914 0.9873728172452603 0.283951552479193 0
1915 1.471512097905096 0.1941846240251295 0
1916 0.0331984639129266 0.792800788090783 0
1917 0.0331984639129266 0.8303007880908156 0
1918 1.079771157986804 0.2815972834956715 0
1919 4.112136057645013 0.5537650184596381 0
1920 4.087709971974396 0.4912433162431569 0
1921 4.130088177825449 0.4944468385598652 0
1922 1.133811123444 0.7887491329196039 0
1923 4.625726984435232 0.09893052826838585 0
1924 4.596284350081318 0.04104840319890406 0
1925 1.526275499397418 0.5301729135234721 0
1926 1.494646168785748 0.5569997678363761 0
1927 2.654327938211833 0.3674263178776316 0
1928 4.734227249314225 0.2211584033029491 0
1929 4.740928815127325 0.1570253340928176 0
1930 0.5499826295370487 0.4264293405326751 0
1931 0.5126310994364727 0.4140725828121826 0
1932 2.733302916888738 0.244804482219204 0
1933 2.695470148691534 0.2867650270886678 0
1934 4.276040471714991 0.5915117337151923 0
1935 0.07269146033930689 0.7376073555278569 0
1936 0.08969464110101513 0.7030112968873862 0
1937 4.615902780268703 0.5021299013751077 0
1938 4.660941402124212 0.44909373221063 0
1939 3.519736309298542 0.3162123997820506 0
1940 3.543504211046586 0.7308924371024996 0
1941 3.518292461042407 0.6880159306471593 0
1942 3.072911871064365 0.3348536642305076 0
1943 3.04946051779215 0.3809992319089171 0
1944 3.022424193231798 0.3520765223093391 0
1945 0.8485297586320246 0.1953041188418884 0
1946 3.773112953521366 0.8171290932535955 0
1947 3.752087788683738 0.7660656359642724 0
1948 1.220749325004964 0.4472176376044463 0
1949 1.268377793029898 0.448558944129263 0
1950 0.1132706559217249 0.6894472134947165 0
1951 0.1241410656089107 0.7239359166073847 0
1952 0.3154913914045968 0.5379636458565564 0
1953 1.816290893686114 0.5366205146638052 0
1954 1.784104207167185 0.5638508800445466 0
1955 1.76894160163566 0.5273560847358838 0
1956 2.50023020520574 0.9050735884278859 0
1957 2.456773496984756 0.8766004378752956 0
1958 2.456724409141541 0.1232305608226841 0
1959 2.49977365815424 0.09454892811349144 0
1960 1.27571584783187 0.4047740624624093 0
1961 1.304075111372634 0.4405352795327267 0
1962 2.127885329299226 0.2513641195339628 0
1963 1.440696202252088 0.5131964728268276 0
1964 1.415587516912221 0.4764500581616602 0
1965 0.1747625861931719 0.6120143703369467 0
1966 0.2192801170274915 0.5913062196149701 0
1967 2.708875965690698 0.7989720920368871 0
1968 2.747247036628657 0.7673573214078692 0
1969 2.494987461198855 0.9625812258610803 0
1970 2.532172795051412 0.9424923625668056 0
1971 2.531765335843617 0.0572991552766252 0
1972 2.494938373356115 0.03724977283686624 0
1973 1.232562754652758 0.335400426381095 0
1974 1.254139477534945 0.3684841176087675 0
1975 1.218441806606947 0.3797140358312731 0
1976 1.765564115235643 0.2733975431174777 0
1977 1.789320337772453 0.2989856959265697 0
1978 3.083490292905549 0.4066294241664885 0
1979 3.033002615072982 0.42385228224532 0
1980 2.078522676794484 0.266092083883952 0
1981 2.105541013570385 0.2927483771321933 0
1982 1.76981716412612 0.3292794480631233 0
1983 1.8182402584449 0.3267462996578463 0
1984 1.331900096375838 0.4648780443146695 0
1985 1.381594199409919 0.4803837050102503 0
1986 1.346431159604744 0.4998258218951612 0
1987 1.471192788222939 0.5895182951303695 0
1988 1.461813761302542 0.5435799903569065 0
1989 2.268920824524177 0.2748937976703291 0
1990 0.03087729726724368 0.02966362002740757 0
1991 0.03087729726724368 0.06716362002750238 0
1992 0.03248161764701129 0.9314878892735523 0
1993 0.03248161764701129 0.9689878892734656 0
1994 4.125366129508092 0.2712988257914798 0
1995 1.931341949037399 0.6554919649419542 0
1996 1.930954127579746 0.7083796226872594 0
1997 1.898837337912523 0.6812878239195525 0
1998 1.90426409376453 0.3137148107930745 0
1999 1.937050167161934 0.2915049093911396 0
2000 1.933590756187487 0.340426815161714 0
2001 1.417242821689279 0.5457150001208209 0
2002 1.560137951329801 0.284474759170643 0
2003 1.812698659386287 0.7122346641230671 0
2004 1.864943830790513 0.7040068568689677 0
2005 2.906903462877382 0.9536412855719019 0
2006 2.906903462878733 0.04635871442811718 0
2007 0.1575227176498889 0.6810613580477718 0
2008 0.1230762931419933 0.6601367383277732 0
2009 0.5867341019967516 0.4480218181451625 0
2010 2.043776350423013 0.7420532957003891 0
2011 2.011246030046345 0.7693813299258181 0
2012 2.011014573690299 0.7215370465757058 0
2013 2.020184278968511 0.2813245989143708 0
2014 2.010403660001199 0.2347909041299564 0
2015 2.04639774209833 0.260942646697768 0
2016 2.307422862567869 0.9715456639142994 0
2017 2.328102271693521 0.9279402186386802 0
2018 2.327887998361859 0.06915360322092312 0
2019 2.307046569245348 0.02618468229903501 0
2020 1.339238151177809 0.4210931626478158 0
2021 4.570711729879672 0.1322111503088492 0
2022 0.1159517766566831 0.3363918035681631 0
2023 0.1509441180545137 0.3170445031087171 0
2024 4.302183233145263 0.445353768239811 0
2025 4.347746808957861 0.4015379736683113 0
2026 1.926252341145617 0.7816031560549416 0
2027 1.930889335287672 0.2178810372887406 0
2028 1.484517072166385 0.9644037482270874 0
2029 2.617457645277498 0.8851479572948973 0
2030 2.570565767038883 0.9074793141728388 0
2031 2.569912892149438 0.09220193647946892 0
2032 2.614767474345687 0.1134908825743427 0
2033 1.378275102421301 0.4146964691482087 0
2034 1.232182350235133 0.8996349211364603 0
2035 0.05467972249670871 0.2229325901979069 0
2036 0.02240286858740395 0.2437500000001382 0
2037 0.5084977817977627 0.3406447596151437 0
2038 0.5460100942212359 0.3199140981298922 0
2039 1.366497694246622 0.6011830207373918 0
2040 1.389247799468668 0.5750419679718273 0
2041 1.415610275517687 0.6022395704164645 0
2042 2.366043911009 0.8686849161467496 0
2043 2.328966524569798 0.8919791887549295 0
2044 2.330262684498464 0.1029286164154085 0
2045 2.360937078258114 0.1339179190210994 0
2046 1.422983598356179 0.6424851904432456 0
2047 1.412328880771727 0.6833927915337724 0
2048 1.382205452711189 0.669288224272556 0
2049 4.893694085040872 0.5329353459333545 0
2050 1.40999062132902 0.7164397946032712 0
2051 1.368130240418214 0.5446584504417483 0
2052 1.754747392905489 0.5870542706784725 0
2053 2.565323023031998 0.9649869516060332 0
2054 2.565077607351313 0.03490278120284372 0
2055 1.750642153505021 0.3657593619181661 0
2056 1.737732654330414 0.4019744470830985 0
2057 1.978855265827216 0.3568978397297132 0
2058 2.011277595325267 0.3128466276209808 0
2059 2.761046639091048 0.581607554913922 0
2060 2.764877951229972 0.5280489485902469 0
2061 0.07499494432587081 0.02966362002740757 0
2062 3.894005375645434 0.9541905122831181 0
2063 3.895173077862004 0.04637904772571778 0
2064 4.828852288952525 0.7707052396751011 0
2065 4.159381600416609 0.4493906852595524 0
2066 4.183807686087225 0.5119123874760337 0
2067 0.07659926470595857 0.9689878892734656 0
2068 0.4874079079674377 0.9696780707668025 0
2069 0.4845681672304967 0.9353244333505246 0
2070 1.869274057440658 0.3295446320424708 0
2071 4.049395810983981 0.4663229058981759 0
2072 4.031443690803545 0.525641085797949 0
2073 1.082650793921869 0.6334644001889718 0
2074 1.05322773396348 0.5970789291228329 0
2075 4.413642731712787 0.9594935088111892 0
2076 3.566240788040866 0.05758025071553179 0
2077 3.523388069045013 0.0937930636911358 0
2078 3.533414124126341 0.03621281297560402 0
2079 3.533431849465352 0.9638170734850056 0
2080 3.523494421086408 0.9063862550724356 0
2081 3.566329414741274 0.9425691815874301 0
2082 2.284977078193502 0.9071302979448481 0
2083 2.285734924808015 0.0861443777925554 0
2084 0.6000365304058415 0.3118617611388984 0
2085 0.5700506929504861 0.3052183427087238 0
2086 0.5962974547170298 0.2772113059687851 0
2087 0.192126692526317 0.5346532672075415 0
2088 0.1597597269687478 0.535592908671513 0
2089 0.1696896019788783 0.4979683180859897 0
2090 3.290107667492056 0.181985329763486 0
2091 3.323695872523287 0.2100239738717343 0
2092 3.33145166861382 0.7828374306386281 0
2093 3.297811779451056 0.8149298896211722 0
2094 3.274437797377486 0.7754717980255662 0
2095 3.324513164298869 0.1311630994381847 0
2096 3.26552578839312 0.14073496432203 0
2097 3.270364596707561 0.8588257615056809 0
2098 3.327378467943895 0.8661913941187428 0
2099 2.997483010039416 0.1437691028100106 0
2100 2.998054027830755 0.1901317928643461 0
2101 3.000507416152813 0.8072644476823292 0
2102 2.997833934530172 0.8560035803305589 0
2103 3.478277550034512 0.03621281297560402 0
2104 3.478295275373799 0.9638170734850056 0
2105 2.867087985058633 0.655427601627147 0
2106 2.812173178931096 0.6455775674292485 0
2107 4.072251612472734 0.9629365860008805 0
2108 4.130547374138142 0.9629365860008805 0
2109 0.3925048946301468 0.4728212985094709 0
2110 0.413931872673542 0.4455401831099667 0
2111 2.21890102487263 0.04252663395592968 0
2112 2.171200025338341 0.04252663395592968 0
2113 2.169863508499812 0.959164237815918 0
2114 2.217564508034055 0.959164237815918 0
2115 4.036747208489529 0.9420288216523125 0
2116 4.079143380899952 0.904965407653193 0
2117 2.374686974196529 0.2235896567632164 0
2118 2.345772673992491 0.7554534063426995 0
2119 2.378614950624908 0.7813021678492351 0
2120 1.271903230309549 0.6492968343172411 0
2121 1.235591469115952 0.6512173837283535 0
2122 1.239858286021136 0.6165489525110082 0
2123 1.746277030695024 0.7523706251093441 0
2124 1.724173121774856 0.7196623887620745 0
2125 1.771855264726249 0.7179228598257869 0
2126 4.131371119723386 0.7925344678585824 0
2127 4.181759841251507 0.8214555215137267 0
2128 0.3885648439933206 0.4216535507715898 0
2129 0.5667607126021511 0.7772032527727915 0
2130 0.5726542576077491 0.8144307938982994 0
2131 0.122738637538778 0.5275481089048451 0
2132 0.1451757280862167 0.5642330580263968 0
2133 3.714658061817844 0.7185941447775008 0
2134 1.721013031407807 0.5146167394155159 0
2135 1.753199717926736 0.4873863740347745 0
2136 0.6673703578170206 0.1964829327375747 0
2137 3.995828017718053 0.4496577155160008 0
2138 4.052094298888905 0.4152599459612087 0
2139 0.6590226605571612 0.741433915799987 0
2140 1.60453379616081 0.9649094214405074 0
2141 4.09852036489603 0.3110157190720807 0
2142 4.123020606661285 0.3708537500240327 0
2143 4.081161850389578 0.3720871053914319 0
2144 2.425208836272742 0.218621446649823 0
2145 2.399980260540133 0.1769297860850292 0
2146 2.405249113282256 0.8263095734365842 0
2147 2.423867959958981 0.7830310184410816 0
2148 2.138276623579779 0.3146027696011247 0
2149 3.775457148930206 0.1854714216275263 0
2150 3.804797084706602 0.1517551025800723 0
2151 3.827551848317331 0.2132093086556764 0
2152 3.825998113236429 0.7904682305787185 0
2153 3.804206919165625 0.8483291206901006 0
2154 4.563335665018362 0.4823081668010615 0
2155 0.6013787629372986 0.4126664790859608 0
2156 4.02759405712365 0.3554219150092567 0
2157 0.9916204876561521 0.7171139802593978 0
2158 4.68075605589315 0.7042751952475551 0
2159 0.08349765310170908 0.2181390636684979 0
2160 0.1010196389523626 0.1743463926048424 0
2161 4.522363255380986 0.9498053617264681 0
2162 1.630115213290179 0.5961386770226087 0
2163 1.60916035879915 0.5530110452688255 0
2164 1.295581830768384 0.7848549808759284 0
2165 1.253252933282611 0.7934299851782267 0
2166 1.254508424909334 0.759274541276401 0
2167 1.226009068713531 0.6840238533742473 0
2168 1.239907970413963 0.7259074055566428 0
2169 1.198280625723129 0.7259659933963037 0
2170 1.80570964941162 0.1538634641106796 0
2171 1.765328715318776 0.184859928282002 0
2172 1.766755387613278 0.8159430029294086 0
2173 1.807136321705945 0.8469394671006945 0
2174 1.78702318730197 0.4647979707397036 0
2175 1.829017488768917 0.4705926790352928 0
2176 4.161411662607542 0.3956137204257232 0
2177 1.763263046431207 0.7836873152609875 0
2178 1.715580903479814 0.785426844197275 0
2179 3.736141081884717 0.1691836497305395 0
2180 3.683073450285928 0.1915695589591451 0
2181 1.980379927449184 0.6421199139068288 0
2182 4.95435175885345 0.5999413048824925 0
2183 2.171106041685689 0.3323405924689972 0
2184 0.810032290477712 0.3013424913124427 0
2185 0.8354975118559491 0.324173685524874 0
2186 0.805953494875316 0.3401025069141712 0
2187 3.040024664121864 0.05745705510737618 0
2188 3.00610753088048 0.09548261855500173 0
2189 3.003068936321151 0.03802556344762556 0
2190 3.003139121218426 0.9619289731804921 0
2191 3.006528640269035 0.9042446012136416 0
2192 3.040375588612134 0.9423156280331495 0
2193 1.88040674155507 0.4842655806590757 0
2194 1.852517540940741 0.5137986209789253 0
2195 2.168478483880111 0.8774481085169441 0
2196 2.157024322013789 0.9232621432632789 0
2197 2.159956301382374 0.08050058003881977 0
2198 2.211801009247651 0.3403704757661697 0
2199 1.256418809815263 0.8296151199240917 0
2200 1.215345403956213 0.8040346803245643 0
2201 4.154262382917754 0.6572779542573635 0
2202 4.134737024000366 0.5958047132982973 0
2203 1.739094617074117 0.4520586254193357 0
2204 1.703909184955179 0.4245628503781694 0
2205 0.02240286858740395 0.2812500000000461 0
2206 0.5566273028467572 0.2145782585171546 0
2207 1.25715018808668 0.02800254617749224 0
2208 1.238993767815045 0.06863236179164797 0
2209 3.110928694731157 0.6073304605263397 0
2210 3.089275295987894 0.6667131540204583 0
2211 1.938466884884251 0.7415202812329962 0
2212 1.966269709574998 0.7889479556230801 0
2213 1.969122681353874 0.2130710129507701 0
2214 1.945956850805178 0.2599828806845297 0
2215 0.6305368102876756 0.3203979545135454 0
2216 0.6042900485211318 0.3484049912534842 0
2217 3.758895845495446 0.2306378558061436 0
2218 0.2480951688215884 0.5789330533480054 0
2219 0.2654492242552922 0.5516387873753401 0
2220 2.411296920343074 0.8704137667385961 0
2221 2.411458940334327 0.128949708907706 0
2222 2.581496810004614 0.7673258412422792 0
2223 2.625646973785452 0.7916412696853079 0
2224 2.003501816385795 0.6883963880299689 0
2225 1.852202155413996 0.9308616997740773 0
2226 1.852202155414243 0.06913830022593229 0
2227 1.236467340880131 0.1006086119493053 0
2228 4.239037838012107 0.953025520158219 0
2229 4.276874694368985 0.8877275118856634 0
2230 3.577328589792728 0.3748617887838556 0
2231 3.546702774390098 0.4172550462280565 0
2232 3.52763108651502 0.3592630208660333 0
2233 3.432145385334479 0.9548922706553324 0
2234 3.432145385334908 0.04510772934481325 0
2235 0.6360317924052619 0.8866739816196938 0
2236 0.6449730334214738 0.8465803363020579 0
2237 0.7685816660800651 0.7696720363572687 0
2238 1.836139538086393 0.9739750209059295 0
2239 1.836139538086698 0.02602497909407104 0
2240 1.946069192429812 0.3791077411316481 0
2241 4.215131170869316 0.4130792693418917 0
2242 3.163557553369548 0.6355484820571202 0
2243 1.970971496009127 0.7157244222553979 0
2244 1.975283513228135 0.2866948850531692 0
2245 3.079347266728144 0.9055823889071379 0
2246 3.075957747677535 0.9632667608739884 0
2247 3.07509806703617 0.03623001317761777 0
2248 3.078136661595499 0.09368706828499396 0
2249 1.721524760288022 0.2125688871144808 0
2250 1.867680146472267 0.5502934162875881 0
2251 2.871206951659619 0.8668800675340217 0
2252 2.861229218177079 0.1362319525026964 0
2253 3.342233647014015 0.6011300703588014 0
2254 1.678154004183848 0.5156923776340132 0
2255 1.693895887892772 0.5556620883351227 0
2256 2.4175682947115 0.918975780585461 0
2257 2.417681226859522 0.08021869375875435 0
2258 0.4707825912075075 0.03506447889951482 0
2259 0.7915224104935095 0.7893083242863264 0
2260 0.808258215692873 0.7577734857250453 0
2261 1.169879484918426 0.7524335017302366 0
2262 1.176111165949135 0.8041651767680667 0
2263 3.295348990016935 0.610202780113589 0
2264 3.325908609579378 0.5598815992873288 0
2265 0.6004421725534745 0.8804739258000034 0
2266 2.242489964504751 0.9307099017302174 0
2267 2.243354217381028 0.8947488718464668 0
2268 2.24345018802008 0.06871131625496468 0
2269 3.602011314451565 0.8590712584010292 0
2270 3.543842917816368 0.8295037930231306 0
2271 3.589462245905602 0.8034366882492997 0
2272 3.546313036383403 0.1725810593938894 0
2273 3.601390927540719 0.1419747677200985 0
2274 3.450260057176303 0.3862475252439082 0
2275 3.448651033056721 0.4341459215794974 0
2276 3.27325622598608 0.7230843526135975 0
2277 4.180088845547583 0.953025520158219 0
2278 2.615872200600669 0.6892146742236005 0
2279 2.582259686227277 0.7188606555190539 0
2280 3.964875453958862 0.2456983046827512 0
2281 3.928877180620968 0.2168820046673117 0
2282 4.836507163641098 0.900317100412543 0
2283 4.770946751731874 0.9094453235355802 0
2284 1.193964124425118 0.6512759715680143 0
2285 1.130509296891639 0.4498196472910115 0
2286 1.180526394881003 0.4489440607344186 0
2287 3.493227542290545 0.4510004061621536 0
2288 0.6041292661982345 0.3814924104592281 0
2289 0.6320398251420299 0.3881152532548639 0
2290 0.6924776318702497 0.035209591325753 0
2291 0.02695811020646506 0.6004583484113579 0
2292 0.06637022591337977 0.6247196452986237 0
2293 4.042041044365446 0.7311476216513664 0
2294 4.017282034658011 0.6885757995598034 0
2295 2.650755914821533 0.7150575377625184 0
2296 2.646533463386827 0.6613116839932309 0
2297 4.281985763598691 0.8365289250472997 0
2298 0.8031094463600803 0.03504984294788892 0
2299 4.001823187632877 0.2706201538582671 0
2300 3.940756214017448 0.2898997152101799 0
2301 3.213351093698095 0.137322117425789 0
2302 3.218286880147947 0.8619311395281398 0
2303 0.1553803938677411 0.4631277114187331 0
2304 0.1877473594253102 0.4621880699547615 0
2305 4.293653492563022 0.3326119447341436 0
2306 4.25696627176133 0.3750049204937831 0
2307 0.02240893494520645 0.756357355527884 0
2308 0.05560739885813305 0.7741581436185586 0
2309 4.712428640645832 0.2824303232997275 0
2310 1.962337013349548 0.4210621374162306 0
2311 1.917072503709818 0.4045911128482314 0
2312 3.951053610957632 0.3852310690617481 0
2313 3.950703125527801 0.431127968165121 0
2314 3.903230230862456 0.4177642816478355 0
2315 1.918623559178224 0.487008515867761 0
2316 1.965442371021553 0.4707616695441511 0
2317 2.960527282238703 0.12433761115026 0
2318 2.960597467136464 0.8756169254779015 0
2319 0.1416957175377504 0.4348191524334414 0
2320 0.1236379600913184 0.4705994005646695 0
2321 2.313924350313132 0.7272461763843598 0
2322 2.365385473622274 0.7098163828953928 0
2323 0.7879469876129137 0.8770586534206895 0
2324 0.8209230669352614 0.8929117079413271 0
2325 1.965945188747091 0.03584936329382997 0
2326 1.964251599341702 0.9628887025621042 0
2327 2.432031270366545 0.6564778440681041 0
2328 2.430672388470391 0.710760317661197 0
2329 2.398592679197788 0.6837411392606396 0
2330 2.431715998735743 0.2919756010581434 0
2331 2.431888685968621 0.3450497383086389 0
2332 3.528621976156806 0.6448427394693495 0
2333 3.555213363310566 0.6167968142536586 0
2334 3.582305959976527 0.6598697261179072 0
2335 2.543661844196515 0.7432259687684453 0
2336 2.509529529116296 0.7724625036089168 0
2337 2.51029240533896 0.7239973178856913 0
2338 2.51299554432224 0.2784853040903241 0
2339 2.510671380514841 0.2280526436135033 0
2340 4.737042640306052 0.1022502033147915 0
2341 4.793061288464808 0.1435112872686455 0
2342 1.761245613250164 0.6523683573594186 0
2343 1.721304275084346 0.6498005510191738 0
2344 1.732798532528429 0.6169542849000751 0
2345 2.47746556114279 0.3591688956959995 0
2346 2.507727056487916 0.3161664312617247 0
2347 4.84689790742333 0.1502648180943275 0
2348 4.910906375642645 0.1508761918771466 0
2349 4.860955931505396 0.1988977918294908 0
2350 4.670570255369436 0.3993684390701544 0
2351 1.110690745411947 0.3015477245221584 0
2352 1.088076331232494 0.3226019107628698 0
2353 1.098833461710393 0.4513121447688298 0
2354 1.066088809072456 0.4276543088624603 0
2355 2.950990506415911 0.9619289731804921 0
2356 2.95092032151882 0.03802556344762556 0
2357 2.127616189351966 0.0379739460828901 0
2358 2.126020726821323 0.964097905447361 0
2359 3.506213332631626 0.8641930967696955 0
2360 3.506124705930213 0.1359563355332069 0
2361 2.652978945392991 0.04116922046153094 0
2362 2.653493834083069 0.9587772887710611 0
2363 1.638331267469941 0.5209311310789193 0
2364 1.665448410984975 0.4798857821593126 0
2365 3.266407405437318 0.4702608564123885 0
2366 2.445615810822271 0.03724977283686624 0
2367 2.44566489866506 0.9625812258610803 0
2368 3.535329252290511 0.5762605893890185 0
2369 3.589013236110231 0.5912875760375762 0
2370 1.247174189918459 0.3026291400956415 0
2371 0.08348098930702703 0.774050788090756 0
2372 0.2110118693102834 0.5599046915261001 0
2373 2.258811075523961 0.02618468229903501 0
2374 2.259187368846529 0.9715456639142994 0
2375 3.169016934975607 0.04154352010212335 0
2376 3.169113913111367 0.9581490110240847 0
2377 1.131379910335044 0.0340864668161129 0
2378 0.02981483111562108 0.3925556903745572 0
2379 1.545348975915951 0.9131586749020479 0
2380 1.506832258230388 0.9391806147433892 0
2381 2.768577224464451 0.276065667202831 0
2382 0.1157083333748303 0.7650305075686442 0
2383 4.905144164585241 0.2491492478133357 0
2384 1.409753873576323 0.3223277805059623 0
2385 1.40888064079271 0.2876304207731809 0
2386 3.371035484041166 0.3453110835002687 0
2387 3.120303920895363 0.1129182638673288 0
2388 3.124111367260407 0.8846690485648667 0
2389 0.5422710185324242 0.2852636429597789 0
2390 0.4638928839569811 0.06348850783278499 0
2391 2.267608592702477 0.3229944939749097 0
2392 2.243116000751077 0.3692847903645303 0
2393 0.5514937431356467 0.7058786610206448 0
2394 0.5308278728184802 0.8870021416547613 0
2395 0.4995049644979346 0.906174602688119 0
2396 1.679028555181397 0.4496585152120304 0
2397 1.677666592437693 0.3995743368757933 0
2398 1.179277042481787 0.8403503115139316 0
2399 1.207092131588412 0.8793652181583853 0
2400 0.4873941240635294 0.679485892036779 0
2401 3.128690699967553 0.9632667608739884 0
2402 3.127831019325568 0.03623001317761777 0
2403 2.846106574255581 0.7552308993018198 0
2404 2.879658856226439 0.7820985741915052 0
2405 2.870986988742037 0.2226128370423394 0
2406 2.614952866999163 0.03490278120284372 0
2407 2.615198282679798 0.9649869516060332 0
2408 1.671148963262961 0.7932222617593836 0
2409 4.831562561446679 0.04436807824530966 0
2410 4.769235956343032 0.04436807824530966 0
2411 0.5635810743181557 0.8760164870024484 0
2412 2.916510423597934 0.8673292378693114 0
2413 2.906599289459286 0.8269267342595292 0
2414 2.896621555976101 0.1761852857772137 0
2415 2.916510423598617 0.1326707621307516 0
2416 0.5021001359748747 0.7108753554340956 0
2417 0.4641678949823443 0.6987469588012372 0
2418 1.596454765600277 0.5172044497941248 0
2419 0.8255377334223921 0.5776475330661223 0
2420 0.8541338515864276 0.5489761895028389 0
2421 1.522315186064003 0.9747768665163018 0
2422 0.4838343125057739 0.3127547117383215 0
2423 0.4619047929020057 0.2942455829609768 0
2424 0.496300900199406 0.2814502696036025 0
2425 0.4487622624314127 0.7260492716748543 0
2426 0.4654255568306432 0.7638447807443436 0
2427 0.4353139123683664 0.759757630220644 0
2428 1.243601499135585 0.8604895180485042 0
2429 2.367060325961985 0.3981486746336649 0
2430 2.31639165586749 0.3883882830057994 0
2431 2.638397300670632 0.3129058629962909 0
2432 2.128993230984944 0.5950626547871443 0
2433 2.112268823532416 0.5473881928708041 0
2434 0.3678846917479338 0.8687245185558405 0
2435 0.3437847160391848 0.892763716013101 0
2436 2.655753196680768 0.8789382944599251 0
2437 2.642011546422739 0.9237642403770943 0
2438 2.641251242050962 0.07607200166437467 0
2439 2.220331466540031 0.5190262606667749 0
2440 2.253558984561452 0.4935222042893149 0
2441 2.924962328164755 0.7825477445267948 0
2442 2.926268194163575 0.2190516466703946 0
2443 2.160381267178502 0.7519056946331635 0
2444 2.168544573493851 0.7989718561600301 0
2445 0.3886786652670056 0.8418088027594233 0
2446 0.397644508914138 0.8815718926794987 0
2447 4.537412261367069 0.2066513225744606 0
2448 4.519288429240127 0.1534608699035738 0
2449 0.6790881253418701 0.6468606404235557 0
2450 1.605351983332896 0.3014862747244997 0
2451 2.190857080165347 0.7239825929319588 0
2452 0.03305168103397823 0.5184964943534924 0
2453 3.8490512710511 0.5326353969676418 0
2454 3.843042285409504 0.5822284405366525 0
2455 3.800730248855596 0.5612067517824133 0
2456 0.7620662491954886 0.3911650593402831 0
2457 0.7924202682629813 0.3629872489629551 0
2458 0.8010646971860604 0.3911115115039305 0
2459 1.401056453683315 0.4415022805811685 0
2460 4.843011732602057 0.09548968731630131 0
2461 4.497878304455371 0.2776542378256334 0
2462 1.659639492483027 0.7491896039641982 0
2463 2.671905996536977 0.3320638997600824 0
2464 0.7279411764678713 0.02502291327518284 0
2465 4.334184212154391 0.3017056860039646 0
2466 4.337302030053781 0.3598012777493248 0
2467 4.956533160407185 0.4527555969733934 0
2468 3.847063526761687 0.6235714444287013 0
2469 0.2841227736035815 0.9681859447773198 0
2470 0.3282404206625288 0.9681859447773198 0
2471 1.436106512121768 0.252495661553739 0
2472 2.711400786232735 0.3412854819700085 0
2473 0.7983589746127002 0.5871004006773011 0
2474 0.7895595668373012 0.6158567510847725 0
2475 0.7619112703434379 0.5894670285259442 0
2476 0.8495021601113925 0.8691750119586585 0
2477 4.091602896629155 0.861657409846184 0
2478 4.035529728511698 0.8293009805233291 0
2479 4.083493648224106 0.8069007470648881 0
2480 2.449226362191062 0.6156379438554585 0
2481 2.481306071463666 0.6426571222560158 0
2482 2.351693434431284 0.4872433843224786 0
2483 2.387504443510012 0.5113511775807876 0
2484 3.084051034231324 0.231851375206614 0
2485 2.282182761918365 0.391002578961237 0
2486 2.226375178463539 0.4083785607524971 0
2487 0.5025051396429848 0.7491964490448081 0
2488 2.925205129336797 0.915570258752394 0
2489 2.925134944439681 0.08438427787574274 0
2490 0.6095153558430678 0.8188882326958544 0
2491 0.5747845606387947 0.8471689969396333 0
2492 2.436696943780187 0.7456287327899477 0
2493 2.463331106437535 0.7906361383772967 0
2494 2.462277772913671 0.2076346032085555 0
2495 2.436984486570067 0.2542944738867428 0
2496 4.469154494874482 0.5648689548386856 0
2497 4.466832160934313 0.620434493073144 0
2498 2.698878104764672 0.8767631664725134 0
2499 2.212244465089449 0.875196703400384 0
2500 0.8045672806322325 0.2705789832973308 0
2501 0.7944146698348564 0.2340888306571725 0
2502 0.1442115407190974 0.4084270609189627 0
2503 0.1345626003647861 0.3675796770641555 0
2504 4.536299543946885 0.2966503379251497 0
2505 4.597415391742684 0.3118445255715517 0
2506 4.62101328958949 0.7084198046937231 0
2507 4.939342326187421 0.4954940410497153 0
2508 4.895875486594605 0.4482496380244145 0
2509 2.504267850029164 0.6891289027569407 0
2510 2.369897523545341 0.4483995831137269 0
2511 0.4560246548221236 0.2322567863945839 0
2512 0.4472444579902974 0.2723017897413844 0
2513 4.535331411438229 0.04104840319890406 0
2514 4.51512050126235 0.1033465259925327 0
2515 0.09868230169991626 0.6399850138361299 0
2516 0.1429343634280802 0.6315991583891851 0
2517 1.132399848699845 0.9683954530038967 0
2518 0.7669550468847441 0.3401560547505238 0
2519 3.084886160351395 0.2809971073603671 0
2520 3.111922484911748 0.3099198169599451 0
2521 2.179646566769688 0.5206695519596224 0
2522 2.190311613487776 0.5552067639035994 0
2523 1.566436830332881 0.9747768665163018 0
2524 1.582727337955935 0.9396862879568092 0
2525 4.511102805396623 0.799035512346431 0
2526 4.547935115017176 0.8377102427089451 0
2527 4.503775180169876 0.8609359930904224 0
2528 1.22021371630795 0.1855866278765428 0
2529 1.259002925632157 0.1683556393054938 0
2530 1.262392629189503 0.2008011186398218 0
2531 0.05712124493076885 0.8464085235636198 0
2532 0.02392278101784225 0.8661077354729778 0
2533 0.3401951001242731 0.9224297490152777 0
2534 2.237554179726385 0.4572926990360009 0
2535 2.281446744465894 0.4663258546025179 0
2536 3.161489836545402 0.1182317707918344 0
2537 3.16453458040422 0.879551298714963 0
2538 2.315655638415019 0.4637115586470802 0
2539 1.207902644926689 0.1172003898852632 0
2540 1.179728671772045 0.1624103298814575 0
2541 1.687135606407577 0.6495106966660096 0
2542 1.715582687129312 0.6849247691253531 0
2543 0.7646201228750374 0.646006777045623 0
2544 3.592793749800394 0.3335498078649226 0
2545 3.611865437675472 0.3915418332269458 0
2546 2.470135534948946 0.7183654375974121 0
2547 2.468784935376672 0.2809887576168759 0
2548 4.869124428848524 0.3953248637144474 0
2549 2.508299823988191 0.5500624941336026 0
2550 0.3646818606285033 0.2995025053669897 0
2551 0.3485722681125074 0.3317773970922966 0
2552 2.271930537099517 0.6485285870104884 0
2553 2.22509857336585 0.6517881876451726 0
2554 2.242988185569917 0.6129026309379331 0
2555 0.4210993696995584 0.785258100146096 0
2556 0.4044360753003278 0.7474625910766066 0
2557 4.593798932342008 0.8080742239967296 0
2558 1.223344833158708 0.5853114463237986 0
2559 0.1779898046896475 0.9608754596568723 0
2560 0.2112158587209595 0.9323679876035907 0
2561 0.2096966422671009 0.9714925279467185 0
2562 1.245388708704047 0.1365493706062571 0
2563 0.4956799652963277 0.2437204255377491 0
2564 0.2538142893260481 0.9714925279467185 0
2565 3.662703169535873 0.3623974744684699 0
2566 4.027054680381791 0.6468076989566709 0
2567 4.056203768322003 0.6202526790864453 0
2568 4.085810696564455 0.6611959056904738 0
2569 2.419131790156006 0.589957933743406 0
2570 2.468406591253125 0.5761372119313178 0
2571 2.478205251953135 0.5243824840215502 0
2572 2.422123669389838 0.5111943053041953 0
2573 0.07785660454711557 0.8848577354729781 0
2574 0.2832166388226444 0.8838640333621324 0
2575 0.08103542953458851 0.5685524775411291 0
2576 0.06000979124044329 0.5389548427645489 0
2577 0.08712900036210167 0.5265906234831486 0
2578 0.6757724195764916 0.6110718900724437 0
2579 0.4136741801896092 0.6627084050467655 0
2580 0.3889516110190802 0.6248934097559409 0
2581 3.600134685115505 0.9018824316041336 0
2582 3.610072113494447 0.9593132500167036 0
2583 3.610086098700566 0.04079667509921194 0
2584 3.600060043619238 0.09837692581474372 0
2585 4.254936209570399 0.4287818853276124 0
2586 0.08622829619946663 0.5961820653600356 0
2587 0.8050673824625422 0.4267395636558322 0
2588 0.4821665815446192 0.09374541807562616 0
2589 0.5125540137229019 0.1120505664163404 0
2590 0.1503685947510948 0.5918626458453034 0
2591 4.685696842787474 0.3377749790276342 0
2592 4.738223658531256 0.3824237180827487 0
2593 0.348601513062326 0.6590091379601013 0
2594 0.3627673549318881 0.6865076901424916 0
2595 4.03360280196665 0.5782129842477861 0
2596 4.092358818149313 0.5926011909815889 0
2597 0.02695811020646506 0.5604583484114729 0
2598 1.178729537924657 0.5858918067071455 0
2599 1.160304645055927 0.6267559447068388 0
2600 0.7978894369285288 0.5512578105072941 0
2601 4.95435175885345 0.5374413048823333 0
2602 0.4003988773829152 0.3077735887980921 0
2603 0.667395164201288 0.3734705923140657 0
2604 0.113347505321125 0.5838178460786354 0
2605 2.934322048698341 0.6554869423536172 0
2606 2.93325774808145 0.7096405031237189 0
2607 2.8990861955488 0.6835660236886691 0
2608 3.773904137125078 0.535651051329414 0
2609 0.3306217441039332 0.03087841944927691 0
2610 0.2865040970452668 0.03087841944927691 0
2611 3.012175753973783 0.2774331054425616 0
2612 3.011340627853711 0.2282873732888085 0
2613 3.045040420383941 0.2567852224771765 0
2614 3.012179526043831 0.7716669567130595 0
2615 3.01441551821159 0.7208817126302534 0
2616 0.5518987468037568 0.7441997546313572 0
2617 0.592523087013628 0.7531465315130863 0
2618 3.996715339781808 0.8625274242352452 0
2619 0.3543237361709916 0.6286969618358438 0
2620 2.814108363765413 0.7270924772402976 0
2621 2.866023684441742 0.7095811623972486 0
2622 2.932979656323804 0.291447305439307 0
2623 2.9330383187415 0.3444816821441794 0
2624 4.260348132253249 0.4834281170879196 0
2625 0.2864204619707803 0.1155947712352037 0
2626 0.2586078130590207 0.1448262234107965 0
2627 0.3460138834688152 0.1099491558611336 0
2628 0.3630830403245932 0.1358167047481111 0
2629 3.866341022730005 0.136125542529829 0
2630 3.865273467908089 0.8650246412907299 0
2631 0.8197120434032583 0.462094902715203 0
2632 3.938767308694275 0.962080249011963 0
2633 3.996417081547742 0.962080249011963 0
2634 0.3927407927609137 0.1221956915671441 0
2635 0.3772893628032991 0.1612629431338057 0
2636 2.217377901153193 0.6870016793318188 0
2637 2.227520103907604 0.724395057317868 0
2638 3.473315767355703 0.885440988667271 0
2639 3.473298042015688 0.1145888977932791 0
2640 0.4352078446004033 0.8261046580866074 0
2641 0.4043300075323648 0.81380961894257 0
2642 0.3831494252623463 0.7184590933732636 0
2643 0.3982685476386776 0.6900107179203825 0
2644 3.866423066854512 0.6583164977597447 0
2645 0.6703508560674357 0.3297659059736003 0
2646 0.6267559699602014 0.7487611446157521 0
2647 1.260942245189463 0.2336600301969851 0
2648 1.29973145451367 0.216429041625936 0
2649 1.43519268236459 0.7479007003228091 0
2650 0.3434183910104738 0.07925314604000164 0
2651 4.274520596011612 0.5282034682081043 0
2652 2.141515443771135 0.5209426855379693 0
2653 1.8951235070064 0.4438025739241286 0
2654 2.2741762377894 0.7301486717746972 0
2655 1.690004453098087 0.7193725344089104 0
2656 0.4468580640977973 0.8678563285459376 0
2657 0.06869647246952895 0.3661211461536644 0
2658 4.068147782711369 0.2296170156045582 0
2659 4.473920225909747 0.9594935088111892 0
2660 0.1907092896468398 0.1801419773441672 0
2661 4.003308849974959 0.9041090706642755 0
2662 0.4212394607714451 0.1070556657668361 0
2663 0.435445783250151 0.1325019041525307 0
2664 0.2514714125586949 0.02722398007411697 0
2665 0.207353765500088 0.02722398007411697 0
2666 3.943380780784491 0.03825781473702786 0
2667 1.262184512384897 0.2651878626078964 0
2668 1.224845687060729 0.2495599396217822 0
2669 3.619707153328733 0.6797237271040724 0
2670 3.593115766174973 0.7077696523197632 0
2671 1.832432199894529 0.8148006321680145 0
2672 1.797451514828489 0.7828867838414776 0
2673 1.794160749219619 0.215869816407965 0
2674 1.827162931736482 0.1912603548506389 0
2675 0.09637410641591879 0.358318785054428 0
2676 1.750356794188866 0.2435787752404438 0
2677 1.761398953116771 0.2142663537771457 0
2678 4.164189256292597 0.9159621061590995 0
2679 4.963390592852214 0.904421483848285 0
2680 4.895818306204367 0.9004371468409808 0
2681 2.767207118134311 0.3240041714924541 0
2682 2.743642965979754 0.3693030441638688 0
2683 1.563123865566381 0.5155067684022958 0
2684 1.592294774237172 0.4834268542123896 0
2685 1.362391050941147 0.6359850426391336 0
2686 1.336028574892128 0.6087874401944964 0
2687 3.011038828237267 0.683571962196447 0
2688 2.981081410601453 0.6422375702995351 0
2689 3.427165877316383 0.8765161858375978 0
2690 3.376561363209618 0.8660400317724495 0
2691 3.405430164794156 0.8327716762993824 0
2692 3.402564861149346 0.1645828172574954 0
2693 3.373696059564542 0.1313144617846336 0
2694 3.427165877316083 0.1234838141624883 0
2695 0.6428427303904282 0.813842133260724 0
2696 0.6396517434089819 0.7788228008387554 0
2697 0.7029556918657578 0.3462953136595347 0
2698 2.179855845277282 0.8343163362854922 0
2699 0.02312551315050616 0.1328540661353983 0
2700 0.05540236705981091 0.1495366563330668 0
2701 2.660198735856719 0.7524664783318786 0
2702 2.665751057606795 0.8011472200242988 0
2703 4.446598225248296 0.7245360492954625 0
2704 4.478785497447115 0.7648489267967202 0
2705 1.127896834059968 0.4177430707967083 0
2706 2.867568485629406 0.3982218581865942 0
2707 2.81691765868762 0.388458749357119 0
2708 0.4319212668303593 0.8970061592083432 0
2709 2.720983775547613 0.5191039110221294 0
2710 2.754089332506108 0.4936501443073029 0
2711 0.4456707536730444 0.08710496810938151 0
2712 0.1017129992446328 0.4979504741282648 0
2713 2.631130314314988 0.5965565611683736 0
2714 2.614542183199732 0.5558641860439459 0
2715 3.137522168254352 0.6874732643346074 0
2716 1.10760845876818 0.3808939600319417 0
2717 1.139284293949426 0.3794014625541234 0
2718 0.4603408484949468 0.9102063108711994 0
2719 3.444429240430883 0.08132054232041727 0
2720 3.444446965771165 0.918709344140338 0
2721 0.5812888364790856 0.2376123471618396 0
2722 0.541650083629346 0.2475337988939255 0
2723 2.188435549623593 0.6513757232592634 0
2724 0.611274673934441 0.2442557655920141 0
2725 0.4223125221441145 0.1746071809578743 0
2726 3.675280826693781 0.6959744370372994 0
2727 2.690859998642877 0.7245634881015092 0
2728 0.9947800484819889 0.03119221750332457 0
2729 1.71480605473967 0.5844864643382278 0
2730 4.644775237484011 0.2993750442871332 0
2731 1.304045989400693 0.6291089325980669 0
2732 0.3568588427349281 0.3633382171768159 0
2733 0.2082863335750306 0.07225545525272932 0
2734 0.1774031563095226 0.04503147517861236 0
2735 3.381282488944201 0.7798311430451393 0
2736 3.379992635358728 0.2154111071623102 0
2737 0.1436883341010264 0.9046254596569593 0
2738 3.176113184891655 0.6751779409550383 0
2739 3.220291667719381 0.6630212624308619 0
2740 0.1124691069426748 0.4158987500648991 0
2741 0.7296666020021575 0.3328157120591886 0
2742 0.7267109101360098 0.3765203983996539 0
2743 0.1539962924226829 0.9356372547777135 0
2744 0.1181756053802032 0.9185117951209283 0
2745 3.92399796428877 0.08463686246274566 0
2746 0.368750999191115 0.393157004167702 0
2747 0.3925723758370603 0.3637035259305593 0
2748 0.9902842646557044 0.9708218768587383 0
2749 3.914868071132394 0.1307721193756975 0
2750 2.98214926283884 0.3578187514654212 0
2751 3.354593464484211 0.2530216161544038 0
2752 1.178218876482987 0.3814404589612453 0
2753 2.782709710587228 0.3910910810401839 0
2754 2.726903378685652 0.4083723915177383 0
2755 4.522945432294415 0.741623176415243 0
2756 2.852224427749136 0.48717882747538 0
2757 2.88809960863288 0.51122055810828 0
2758 2.965189361420596 0.2107796758297313 0
2759 2.939554794186532 0.2572072270948569 0
2760 2.936634438055773 0.7469502535575252 0
2761 2.963574871288619 0.7917784136255492 0
2762 0.1511819499809584 0.02595629466019971 0
2763 0.1070643029222955 0.02595629466019971 0
2764 0.2732311805759464 0.9396784727240383 0
2765 0.8134602150586048 0.7174633025587283 0
2766 3.005600616111055 0.3116731837870117 0
2767 0.4150592122946235 0.3297173820176845 0
2768 3.154395980159845 0.07777353327974113 0
2769 3.15535263893736 0.9214157718980731 0
2770 0.02312551315050616 0.09535406613530073 0
2771 3.956385212840021 0.8825788515948958 0
2772 0.02392278101784225 0.9036077354729778 0
2773 2.971900823580825 0.2831753345986438 0
2774 2.971870291205314 0.7188711722224732 0
2775 2.946909858068803 0.6161630908644855 0
2776 2.870425683401858 0.4483291190516315 0
2777 0.6281665347815731 0.2178359030509121 0
2778 4.962482199862356 0.2247545828058613 0
2779 4.962482199862356 0.1622545828060419 0
2780 1.438502038052637 0.8059047112608115 0
2781 2.738082640058437 0.4574327675666194 0
2782 2.781976815740797 0.4663778051347369 0
2783 2.680403018143881 0.5211747043108097 0
2784 2.691191636867746 0.5555735085937537 0
2785 0.5257313687241698 0.7299353822803498 0
2786 0.2055026363373133 0.4387983105571626 0
2787 0.2198118444484505 0.4736389172244192 0
2788 1.671947027515712 0.5855621025567251 0
2789 1.651025380137077 0.6249630530257139 0
2790 3.580905404398792 0.7507464380886648 0
2791 3.639073801033989 0.7803139034665634 0
2792 0.1083594289098771 0.9747617951208413 0
2793 0.1524770759688243 0.9747617951208413 0
2794 0.08475026848528711 0.1471067106483347 0
2795 0.07559892772648852 0.1132781865856798 0
2796 0.9678175317517482 0.4998096825198344 0
2797 0.945516874700636 0.4747738897043776 0
2798 0.9848940340114052 0.4734789314092654 0
2799 0.7033157057658044 0.6257887503511121 0
2800 2.816184763841188 0.4637454734516719 0
2801 1.441329016533671 0.1940994921566005 0
2802 0.2792589019652358 0.5290082552218596 0
2803 0.3036787659636287 0.5112258515868713 0
2804 0.3198469209337805 0.4834925168076883 0
2805 0.2836144314944196 0.4745371261729914 0
2806 0.7720588235267009 0.02502291327518284 0
2807 0.7265559312842324 0.6041116894667078 0
2808 4.624147189601043 0.256499869843645 0
2809 0.1154200704396507 0.08138041511067355 0
2810 0.1521145180559009 0.07098776983881205 0
2811 0.2209417443204139 0.5222801009405768 0
2812 1.086732846872528 0.3576221138929044 0
2813 4.900365597475804 0.9669214838484496 0
2814 4.963390592852214 0.9669214838484496 0
2815 1.075345386983069 0.3959637221354893 0
2816 0.729871637049611 0.63990043981782 0
2817 4.778727849808559 0.9668014374200118 0
2818 4.841054454912534 0.9668014374200118 0
2819 3.489110493895912 0.3586056572262515 0
2820 0.7861221753859737 0.825821536434606 0
2821 0.2493185386301992 0.9168366495337079 0
2822 0.9414909272185277 0.5267797780805648 0
2823 3.688084624104223 0.245490409472285 0
2824 4.867470043141159 0.9337229212684612 0
2825 2.771794518127034 0.6486705682335695 0
2826 2.725358928239771 0.6522127340633639 0
2827 2.743885294023355 0.6132545603525651 0
2828 2.920039784517872 0.5897395066169783 0
2829 2.966799146420983 0.5764901345628962 0
2830 1.790594750466119 0.6795264277757975 0
2831 0.4347778702966654 0.3036062318761034 0
2832 2.969721525795638 0.5276034208993611 0
2833 2.923197210089929 0.5109145116953643 0
2834 3.444472483393625 0.6638878970490894 0
2835 3.407202535279933 0.3146237608112809 0
2836 3.442365279959825 0.3431969041599254 0
2837 3.374723176080884 0.2890960721339676 0
2838 1.725689922406895 0.2717000764548128 0
2839 0.8125340978691104 0.5159024714480576 0
2840 2.71734266497557 0.6873916447382585 0
2841 2.726785486010757 0.7248005853076189 0
2842 4.575833500858583 0.2256474226739769 0
2843 3.641960033720815 0.3134302936717131 0
2844 3.918216789984331 0.9162707612950811 0
2845 3.240586261294575 0.5961037338598336 0
2846 3.256911298729212 0.6373522049313063 0
2847 2.674324203619431 0.8381468833903164 0
2848 3.911623279791179 0.8746891148660509 0
2849 2.640490649063742 0.5212006171745216 0
2850 2.773729702961351 0.7301854780446185 0
2851 3.905418832496115 0.1741395664540909 0
2852 3.903441890763779 0.8313327315905446 0
2853 4.218841796931745 0.8548524534780742 0
2854 3.677332605573549 0.3255979158321702 0
2855 0.2308784386332608 0.1294642550215543 0
2856 0.2188416758353015 0.09905181714340711 0
2857 0.5176094849000958 0.2622295543150939 0
2858 3.275054396441741 0.6771203086846171 0
2859 3.882834375579988 0.7820844083242028 0
2860 3.880350132218579 0.2222354278214432 0
2861 0.4340562505200675 0.6946598082775376 0
2862 2.299650833579952 0.4274820533937662 0
2863 3.696147715920164 0.28838175005729 0
2864 3.716890851735222 0.3373489308540469 0
2865 2.403692793338243 0.5506140740958577 0
2866 4.12710730061236 0.882565174194752 0
2867 0.7793674458461268 0.09175988438744928 0
2868 0.8136840301273376 0.107127373292197 0
2869 0.7809502303094195 0.1287875717838685 0
2870 2.213576367547185 0.5848628520916845 0
2871 0.2525066989423607 0.4762598093894973 0
2872 0.2347514220303576 0.4996495687870963 0
2873 4.492164460319189 0.9092988705376575 0
2874 0.8476705958309138 0.1267801901295383 0
2875 3.254251949438304 0.509629122907714 0
2876 3.221605794468505 0.4857497472170418 0
2877 4.07529795160593 0.7601780385357275 0
2878 1.636086089630865 0.3842549667673555 0
2879 1.619271926990259 0.4214670369442345 0
2880 0.2487922850258669 0.08124432203891173 0
2881 3.851740409935729 0.7508843808876977 0
2882 0.3528513108911883 0.4212882420178465 0
2883 0.3362238710789827 0.4482942900077713 0
2884 3.491199864376447 0.6449430187829108 0
2885 3.335923413491788 0.522474560817801 0
2886 4.119067603804939 0.6902263225748349 0
2887 4.089918515864727 0.7167813424450606 0
2888 0.3562882055481919 0.4849830154216513 0
2889 3.289038756494708 0.5315472705725886 0
2890 3.244237145525894 0.5470361613772419 0
2891 1.199795599365174 0.4145241501889178 0
2892 4.502334341726599 0.6542116167272569 0
2893 4.45512594355262 0.6736594672114196 0
2894 2.689433440871892 0.6519756368572541 0
2895 0.2796270229077327 0.9135300663643091 0
2896 0.2732696272521679 0.05810239952339388 0
2897 4.017182778157893 0.3135353194125878 0
2898 4.041302018099307 0.2693339088851592 0
2899 4.540968270381171 0.690257506147365 0
2900 0.8520984414240198 0.8332963007173568 0
2901 0.8257987249987817 0.8139229858023827 0
2902 3.87100850783947 0.7113952303233464 0
2903 3.938654125500577 0.662871883532443 0
2904 3.903991231294332 0.6894218260695804 0
2905 3.940642331991875 0.3433444734650792 0
2906 1.445733703578225 0.616344137677681 0
2907 2.172891467776842 0.586506143384532 0
2908 2.152257985044353 0.6247187429752295 0
2909 4.083507373236385 0.272532181158879 0
2910 0.253636598814324 0.524900993105655 0
2911 4.227273572436747 0.5116315852959056 0
2912 0.2838249695124389 0.08489876141407167 0
2913 1.045213197176803 0.404382462723423 0
2914 1.014885784166157 0.4151186589000581 0
2915 2.293789037419182 0.6845116483273905 0
2916 4.602990451502734 0.7597854749616011 0
2917 4.57328557833068 0.7244440916970758 0
2918 0.7626451776612004 0.2185706673870389 0
2919 0.787501593689937 0.1969152013726953 0
2920 0.7854994580534556 0.162776049395589 0
2921 0.8172689502271116 0.1782942126657225 0
2922 0.05400281041774983 0.08751768616261348 0
2923 4.1766487720218 0.8726541083520905 0
2924 3.767001879343289 0.3261340078698574 0
2925 0.8503790638426281 0.4654021142440694 0
2926 0.8306670204393698 0.4933072115288664 0
2927 0.05640439866485354 0.9100956247463565 0
2928 3.766958937311386 0.2735291963911486 0
2929 2.800178071393518 0.4275280967109885 0
2930 2.904831471413003 0.5503725967283047 0
2931 3.866138986172269 0.4016418505269276 0
2932 0.3071292807683916 0.9067058565524628 0
2933 0.7810506228306655 0.06007275622307175 0
2934 3.736528913593681 0.508746232411383 0
2935 4.538366104368203 0.2499732510285472 0
2936 3.98811522665722 0.3567081599823647 0
2937 3.987675106415559 0.6476325729557748 0
2938 0.8815565885961767 0.4755338153077019 0
2939 3.854809489964908 0.4876374444823055 0
2940 2.714611049203785 0.5851497207437164 0
2941 0.09672339949794112 0.9437496843943067 0
2942 0.08641544117628462 0.9127378892735525 0
2943 0.9992749981132412 0.4422580940221013 0
2944 0.978204163013209 0.4213037034717654 0
2945 3.865788500742436 0.4475387496303004 0
2946 1.639205818467489 0.4548972686569365 0
2947 3.669894194651242 0.7502433610461299 0
2948 0.3108978041970812 0.0924528487196858 0
2949 1.605691782793838 0.4516943038915166 0
2950 0.8465276229955432 0.1611649668647821 0
2951 0.08335071184322604 0.08508774047788141 0
2952 0.09382395313091199 0.05561991468760727 0
2953 0.9321862566369533 0.4514481730757398 0
2954 0.9151097543772964 0.4777789241863089 0
2955 2.674030291800053 0.5872205140323967 0
2956 2.654549726651027 0.6261327733183364 0
2957 3.727642870265896 0.2572414244941617 0
2958 2.793646813147512 0.6845357411400472 0
2959 0.9058199399378069 0.5286260384622546 0
2960 0.087307296177632 0.3973090196496568 0
2961 0.2301386244061436 0.1662497945027613 0
2962 0.8432011183084801 0.5192096829769241 0
2963 0.9390464437587106 0.4199239583942843 0
2964 0.8722667741566872 0.5263809295836477 0
2965 0.8948872066598593 0.4988595319363397 0
2966 1.452238928403655 0.7733200146083965 0
2967 1.454297577643838 0.227487484934862 0
$EndNodes
$Elements
1548
1 8 2 100 1 1 11 27
2 8 2 100 1 11 12 28
3 8 2 100 1 12 13 29
4 8 2 100 1 13 14 30
5 8 2 100 1 14 15 31
6 8 2 100 1 15 16 32
7 8 2 100 1 16 17 33
8 8 2 100 1 17 18 34
9 8 2 100 1 18 19 35
10 8 2 100 1 19 20 36
11 8 2 100 1 20 21 37
12 8 2 100 1 21 22 38
13 8 2 100 1 22 23 39
14 8 2 100 1 23 24 40
15 8 2 100 1 24 25 41
16 8 2 100 1 25 26 42
17 8 2 100 1 26 2 43
18 8 2 100 2 2 44 76
19 8 2 100 2 44 45 77
20 8 2 100 2 45 46 78
21 8 2 100 2 46 47 79
22 8 2 100 2 47 48 80
23 8 2 100 2 48 49 81
24 8 2 100 2 49 50 82
25 8 2 100 2 50 51 83
26 8 2 100 2 51 52 84
27 8 2 100 2 52 53 85
28 8 2 100 2 53 54 86
29 8 2 100 2 54 55 87
30 8 2 100 2 55 56 88
31 8 2 100 2 56 57 89
32 8 2 100 2 57 58 90
33 8 2 100 2 58 59 91
34 8 2 100 2 59 60 92
35 8 2 100 2 60 61 93
36 8 2 100 2 61 62 94
37 8 2 100 2 62 63 95
38 8 2 100 2 63 64 96
39 8 2 100 2 64 65 97
40 8 2 100 2 65 66 98
41 8 2 100 2 66 67 99
42 8 2 100 2 67 68 100
43 8 2 100 2 68 69 101
44 8 2 100 2 69 70 102
45 8 2 100 2 70 71 103
46 8 2 100 2 71 72 104
47 8 2 100 2 72 73 105
48 8 2 100 2 73 74 106
49 8 2 100 2 74 75 107
50 8 2 100 2 75 3 108
51 8 2 200 3 3 109 116
52 8 2 200 3 109 110 117
53 8 2 200 3 110 111 118
54 8 2 200 3 111 112 119
55 8 2 200 3 112 113 120
56 8 2 200 3 113 114 121
57 8 2 200 3 114 115 122
58 8 2 200 3 115 4 123
59 8 2 300 4 4 124 156
60 8 2 300 4 124 125 157
61 8 2 300 4 125 126 158
62 8 2 300 4 126 127 159
63 8 2 300 4 127 128 160
64 8 2 300 4 128 129 161
65 8 2 300 4 129 130 162
66 8 2 300 4 130 131 163
67 8 2 300 4 131 132 164
68 8 2 300 4 132 133 165
69 8 2 300 4 133 134 166
70 8 2 300 4 134 135 167
71 8 2 300 4 135 136 168
72 8 2 300 4 136 137 169
73 8 2 300 4 137 138 170
74 8 2 300 4 138 139 171
75 8 2 300 4 139 140 172
76 8 2 300 4 140 141 173
77 8 2 300 4 141 142 174
78 8 2 300 4 142 143 175
79 8 2 300 4 143 144 176
80 8 2 300 4 144 145 177
81 8 2 300 4 145 146 178
82 8 2 300 4 146 147 179
83 8 2 300 4 147 148 180
84 8 2 300 4 148 149 181
85 8 2 300 4 149 150 182
86 8 2 300 4 150 151 183
87 8 2 300 4 151 152 184
88 8 2 300 4 152 153 185
89 8 2 300 4 153 154 186
90 8 2 300 4 154 155 187
91 8 2 300 4 155 5 188
92 8 2 300 5 5 189 205
93 8 2 300 5 189 190 206
94 8 2 300 5 190 191 207
95 8 2 300 5 191 192 208
96 8 2 300 5 192 193 209
97 8 2 300 5 193 194 210
98 8 2 300 5 194 195 211
99 8 2 300 5 195 196 212
100 8 2 300 5 196 197 213
101 8 2 300 5 197 198 214
102 8 2 300 5 198 199 215
103 8 2 300 5 199 200 216
104 8 2 300 5 200 201 217
105 8 2 300 5 201 202 218
106 8 2 300 5 202 203 219
107 8 2 300 5 203 204 220
108 8 2 300 5 204 6 221
109 8 2 500 6 7 222 225
110 8 2 500 6 222 223 226
111 8 2 500 6 223 224 227
112 8 2 500 6 224 8 228
113 8 2 500 7 8 229 232
114 8 2 500 7 229 230 233
115 8 2 500 7 230 231 234
116 8 2 500 7 231 7 235
117 8 2 400 8 6 236 239
118 8 2 400 8 236 237 240
119 8 2 400 8 237 238 241
120 8 2 400 8 238 9 242
121 8 2 400 9 9 243 247
122 8 2 400 9 243 244 248
123 8 2 400 9 244 245 249
124 8 2 400 9 245 246 250
125 8 2 400 9 246 10 251
126 8 2 400 10 10 252 255
127 8 2 400 10 252 253 256
128 8 2 400 10 253 254 257
129 8 2 400 10 254 1 258
130 9 2 10 12 793 489 440 904 905 906
131 9 2 10 12 393 351 597 907 908 909
132 9 2 10 12 817 351 393 910 907 911
133 9 2 10 12 301 793 440 912 906 913
134 9 2 10 12 673 113 114 914 121 915
135 9 2 10 12 364 575 628 916 917 918
136 9 2 10 12 365 629 576 919 920 921
137 9 2 10 12 470 113 673 922 914 923
138 9 2 10 12 310 527 616 924 925 926
139 9 2 10 12 575 770 628 927 928 917
140 9 2 10 12 576 629 771 920 929 930
141 9 2 10 12 860 507 449 931 932 933
142 9 2 10 12 440 690 684 934 935 936
143 9 2 10 12 309 431 637 937 938 939
144 9 2 10 12 2 44 430 76 940 941
145 9 2 10 12 325 423 465 942 943 944
146 9 2 10 12 196 197 436 213 945 946
147 9 2 10 12 293 495 509 947 948 949
148 9 2 10 12 323 549 433 950 951 952
149 9 2 10 12 323 581 422 953 954 955
150 9 2 10 12 126 417 606 956 957 958
151 9 2 10 12 195 406 560 959 960 961
152 9 2 10 12 197 561 436 962 963 945
153 9 2 10 12 355 509 495 964 948 965
154 9 2 10 12 376 487 672 966 967 968
155 9 2 10 12 297 424 636 969 970 971
156 9 2 10 12 142 143 427 175 972 973
157 9 2 10 12 56 57 428 89 974 975
158 9 2 10 12 314 465 423 976 943 977
159 9 2 10 12 426 508 721 978 979 980
160 9 2 10 12 318 481 447 981 982 983
161 9 2 10 12 476 611 617 984 985 986
162 9 2 10 12 297 593 429 987 988 989
163 9 2 10 12 3 563 75 990 991 108
164 9 2 10 12 20 567 415 992 993 994
165 9 2 10 12 390 635 659 995 996 997
166 9 2 10 12 300 859 410 998 999 1000
167 9 2 10 12 721 508 300 979 1001 1002
168 9 2 10 12 3 109 563 116 1003 990
169 9 2 10 12 677 312 837 1004 1005 1006
170 9 2 10 12 301 440 684 913 936 1007
171 9 2 10 12 315 430 464 1008 1009 1010
172 9 2 10 12 316 447 481 1011 982 1012
173 9 2 10 12 263 489 612 1013 1014 1015
174 9 2 10 12 339 860 449 1016 933 1017
175 9 2 10 12 271 416 490 1018 1019 1020
176 9 2 10 12 326 464 430 1021 1009 1022
177 9 2 10 12 344 491 493 1023 1024 1025
178 9 2 10 12 552 806 674 1026 1027 1028
179 9 2 10 12 337 476 617 1029 986 1030
180 9 2 10 12 270 471 615 1031 1032 1033
181 9 2 10 12 369 619 480 1034 1035 1036
182 9 2 10 12 317 442 467 1037 1038 1039
183 9 2 10 12 378 612 489 1040 1014 1041
184 9 2 10 12 309 493 491 1042 1024 1043
185 9 2 10 12 134 708 479 1044 1045 1046
186 9 2 10 12 65 478 707 1047 1048 1049
187 9 2 10 12 198 762 438 1050 1051 1052
188 9 2 10 12 396 616 527 1053 925 1054
189 9 2 10 12 317 748 442 1055 1056 1037
190 9 2 10 12 471 592 615 1057 1058 1032
191 9 2 10 12 319 467 442 1059 1038 1060
192 9 2 10 12 869 462 520 1061 1062 1063
193 9 2 10 12 350 496 541 1064 1065 1066
194 9 2 10 12 318 406 664 1067 1068 1069
195 9 2 10 12 837 312 454 1005 1070 1071
196 9 2 10 12 320 432 687 1072 1073 1074
197 9 2 10 12 420 704 518 1075 1076 1077
198 9 2 10 12 659 635 890 996 1078 1079
199 9 2 10 12 292 412 772 1080 1081 1082
200 9 2 10 12 320 687 435 1074 1083 1084
201 9 2 10 12 414 825 704 1085 1086 1087
202 9 2 10 12 16 17 433 33 1088 1089
203 9 2 10 12 369 480 727 1036 1090 1091
204 9 2 10 12 317 567 748 1092 1093 1055
205 9 2 10 12 704 298 518 1094 1095 1076
206 9 2 10 12 431 779 637 1096 1097 938
207 9 2 10 12 687 299 550 1098 1099 1100
208 9 2 10 12 420 624 826 1101 1102 1103
209 9 2 10 12 133 134 479 166 1046 1104
210 9 2 10 12 65 66 478 98 1105 1047
211 9 2 10 12 435 687 550 1083 1100 1106
212 9 2 10 12 321 543 806 1107 1108 1109
213 9 2 10 12 352 779 431 1110 1096 1111
214 9 2 10 12 308 704 420 1112 1075 1113
215 9 2 10 12 340 620 780 1114 1115 1116
216 9 2 10 12 434 806 543 1117 1108 1118
217 9 2 10 12 198 199 762 215 1119 1050
218 9 2 10 12 303 462 869 1120 1061 1121
219 9 2 10 12 322 436 561 1122 963 1123
220 9 2 10 12 318 560 406 1124 960 1067
221 9 2 10 12 318 447 743 983 1125 1126
222 9 2 10 12 306 459 524 1127 1128 1129
223 9 2 10 12 434 543 794 1118 1130 1131
224 9 2 10 12 313 692 453 1132 1133 1134
225 9 2 10 12 796 669 299 1135 1136 1137
226 9 2 10 12 70 71 459 103 1138 1139
227 9 2 10 12 307 672 487 1140 967 1141
228 9 2 10 12 308 420 826 1113 1103 1142
229 9 2 10 12 407 674 806 1143 1027 1144
230 9 2 10 12 669 550 299 1145 1099 1136
231 9 2 10 12 268 579 599 1146 1147 1148
232 9 2 10 12 7 625 429 1149 1150 1151
233 9 2 10 12 275 541 496 1152 1065 1153
234 9 2 10 12 311 500 718 1154 1155 1156
235 9 2 10 12 273 431 513 1157 1158 1159
236 9 2 10 12 317 730 415 1160 1161 1162
237 9 2 10 12 195 733 406 1163 1164 959
238 9 2 10 12 70 459 647 1139 1165 1166
239 9 2 10 12 413 595 631 1167 1168 1169
240 9 2 10 12 318 743 560 1126 1170 1124
241 9 2 10 12 292 596 412 1171 1172 1080
242 9 2 10 12 7 429 502 1151 1173 1174
243 9 2 10 12 293 631 595 1175 1168 1176
244 9 2 10 12 25 26 457 42 1177 1178
245 9 2 10 12 328 470 505 1179 1180 1181
246 9 2 10 12 338 448 506 1182 1183 1184
247 9 2 10 12 336 505 470 1185 1180 1186
248 9 2 10 12 189 190 452 206 1187 1188
249 9 2 10 12 300 410 783 1000 1189 1190
250 9 2 10 12 269 794 543 1191 1130 1192
251 9 2 10 12 460 893 497 1193 1194 1195
252 9 2 10 12 311 718 518 1156 1196 1197
253 9 2 10 12 383 510 659 1198 1199 1200
254 9 2 10 12 497 893 306 1194 1201 1202
255 9 2 10 12 307 523 672 1203 1204 1140
256 9 2 10 12 369 440 792 1205 1206 1207
257 9 2 10 12 271 640 416 1208 1209 1018
258 9 2 10 12 424 744 636 1210 1211 970
259 9 2 10 12 126 658 417 1212 1213 956
260 9 2 10 12 310 616 426 926 1214 1215
261 9 2 10 12 345 634 482 1216 1217 1218
262 9 2 10 12 2 430 559 941 1219 1220
263 9 2 10 12 351 459 597 1221 1222 908
264 9 2 10 12 482 634 655 1217 1223 1224
265 9 2 10 12 68 69 446 101 1225 1226
266 9 2 10 12 409 672 523 1227 1204 1228
267 9 2 10 12 317 415 567 1162 993 1092
268 9 2 10 12 313 508 692 1229 1230 1132
269 9 2 10 12 309 513 431 1231 1158 937
270 9 2 10 12 352 529 779 1232 1233 1110
271 9 2 10 12 310 426 721 1215 980 1234
272 9 2 10 12 71 524 459 1235 1128 1138
273 9 2 10 12 383 788 510 1236 1237 1198
274 9 2 10 12 61 62 450 94 1238 1239
275 9 2 10 12 137 138 451 170 1240 1241
276 9 2 10 12 296 534 548 1242 1243 1244
277 9 2 10 12 306 597 459 1245 1222 1127
278 9 2 10 12 298 704 825 1094 1086 1246
279 9 2 10 12 272 493 651 1247 1248 1249
280 9 2 10 12 414 553 825 1250 1251 1085
281 9 2 10 12 323 433 581 952 1252 953
282 9 2 10 12 300 508 859 1001 1253 998
283 9 2 10 12 328 585 572 1254 1255 1256
284 9 2 10 12 429 593 502 988 1257 1173
285 9 2 10 12 336 417 754 1258 1259 1260
286 9 2 10 12 366 548 534 1261 1243 1262
287 9 2 10 12 314 423 544 977 1263 1264
288 9 2 10 12 395 572 585 1265 1255 1266
289 9 2 10 12 372 609 668 1267 1268 1269
290 9 2 10 12 609 821 668 1270 1271 1268
291 9 2 10 12 336 606 417 1272 957 1258
292 9 2 10 12 493 637 651 1273 1274 1248
293 9 2 10 12 518 752 832 1275 1276 1277
294 9 2 10 12 360 684 690 1278 935 1279
295 9 2 10 12 863 201 504 1280 1281 1282
296 9 2 10 12 142 427 530 973 1283 1284
297 9 2 10 12 57 531 428 1285 1286 974
298 9 2 10 12 17 581 433 1287 1252 1088
299 9 2 10 12 20 415 714 994 1288 1289
300 9 2 10 12 321 806 552 1109 1026 1290
301 9 2 10 12 266 692 426 1291 1292 1293
302 9 2 10 12 143 605 427 1294 1295 972
303 9 2 10 12 56 428 604 975 1296 1297
304 9 2 10 12 374 599 579 1298 1147 1299
305 9 2 10 12 316 757 447 1300 1301 1011
306 9 2 10 12 200 201 863 217 1280 1302
307 9 2 10 12 298 752 518 1303 1275 1095
308 9 2 10 12 297 678 424 1304 1305 969
309 9 2 10 12 323 422 740 955 1306 1307
310 9 2 10 12 305 490 835 1308 1309 1310
311 9 2 10 12 433 549 689 951 1311 1312
312 9 2 10 12 325 568 423 1313 1314 942
313 9 2 10 12 381 457 819 1315 1316 1317
314 9 2 10 12 371 707 478 1318 1048 1319
315 9 2 10 12 370 479 708 1320 1045 1321
316 9 2 10 12 384 818 452 1322 1323 1324
317 9 2 10 12 319 442 745 1060 1325 1326
318 9 2 10 12 25 457 768 1178 1327 1328
319 9 2 10 12 320 435 573 1084 1329 1330
320 9 2 10 12 331 506 448 1331 1183 1332
321 9 2 10 12 332 449 507 1333 932 1334
322 9 2 10 12 348 652 848 1335 1336 1337
323 9 2 10 12 266 426 616 1293 1214 1338
324 9 2 10 12 852 359 667 1339 1340 1341
325 9 2 10 12 320 551 432 1342 1343 1072
326 9 2 10 12 315 559 430 1344 1219 1008
327 9 2 10 12 440 489 792 905 1345 1206
328 9 2 10 12 361 584 537 1346 1347 1348
329 9 2 10 12 295 427 878 1349 1350 1351
330 9 2 10 12 463 646 789 1352 1353 1354
331 9 2 10 12 153 154 484 186 1355 1356
332 9 2 10 12 45 46 483 78 1357 1358
333 9 2 10 12 290 473 505 1359 1360 1361
334 9 2 10 12 326 430 580 1022 1362 1363
335 9 2 10 12 376 709 487 1364 1365 966
336 9 2 10 12 319 439 851 1366 1367 1368
337 9 2 10 12 852 497 278 1369 1370 1371
338 9 2 10 12 422 581 798 954 1372 1373
339 9 2 10 12 682 852 278 1374 1371 1375
340 9 2 10 12 363 837 454 1376 1071 1377
341 9 2 10 12 324 424 678 1378 1305 1379
342 9 2 10 12 347 588 703 1380 1381 1382
343 9 2 10 12 297 429 678 989 1383 1304
344 9 2 10 12 270 615 577 1033 1384 1385
345 9 2 10 12 322 646 436 1386 1387 1122
346 9 2 10 12 125 126 606 158 958 1388
347 9 2 10 12 328 505 473 1181 1360 1389
348 9 2 10 12 351 647 459 1390 1165 1221
349 9 2 10 12 270 880 445 1391 1392 1393
350 9 2 10 12 324 429 625 1394 1150 1395
351 9 2 10 12 271 441 850 1396 1397 1398
352 9 2 10 12 322 789 646 1399 1353 1386
353 9 2 10 12 428 641 675 1400 1401 1402
354 9 2 10 12 457 542 819 1403 1404 1316
355 9 2 10 12 44 580 430 1405 1362 940
356 9 2 10 12 296 675 641 1406 1401 1407
357 9 2 10 12 295 642 427 1408 1409 1349
358 9 2 10 12 339 631 472 1410 1411 1412
359 9 2 10 12 320 437 565 1413 1414 1415
360 9 2 10 12 324 678 429 1379 1383 1394
361 9 2 10 12 329 593 425 1416 1417 1418
362 9 2 10 12 472 631 676 1411 1419 1420
363 9 2 10 12 16 433 746 1089 1421 1422
364 9 2 10 12 460 852 667 1423 1341 1424
365 9 2 10 12 280 542 617 1425 1426 1427
366 9 2 10 12 369 753 440 1428 1429 1205
367 9 2 10 12 320 573 437 1330 1430 1413
368 9 2 10 12 261 671 443 1431 1432 1433
369 9 2 10 12 386 577 615 1434 1384 1435
370 9 2 10 12 379 780 620 1436 1115 1437
371 9 2 10 12 266 747 453 1438 1439 1440
372 9 2 10 12 416 835 490 1441 1309 1019
373 9 2 10 12 388 463 608 1442 1443 1444
374 9 2 10 12 287 565 437 1445 1414 1446
375 9 2 10 12 340 780 612 1116 1447 1448
376 9 2 10 12 377 453 747 1449 1439 1450
377 9 2 10 12 277 537 584 1451 1347 1452
378 9 2 10 12 324 810 424 1453 1454 1378
379 9 2 10 12 356 443 671 1455 1432 1456
380 9 2 10 12 306 524 759 1129 1457 1458
381 9 2 10 12 273 679 431 1459 1460 1157
382 9 2 10 12 357 608 463 1461 1443 1462
383 9 2 10 12 190 751 452 1463 1464 1187
384 9 2 10 12 452 818 539 1323 1465 1466
385 9 2 10 12 275 454 554 1467 1468 1469
386 9 2 10 12 308 892 704 1470 1471 1112
387 9 2 10 12 375 480 619 1472 1035 1473
388 9 2 10 12 189 452 544 1188 1474 1475
389 9 2 10 12 329 425 831 1418 1476 1477
390 9 2 10 12 20 21 567 37 1478 992
391 9 2 10 12 355 554 526 1479 1480 1481
392 9 2 10 12 71 72 524 104 1482 1235
393 9 2 10 12 383 872 462 1483 1484 1485
394 9 2 10 12 331 448 696 1332 1486 1487
395 9 2 10 12 332 697 449 1488 1489 1333
396 9 2 10 12 381 768 457 1490 1327 1315
397 9 2 10 12 318 664 437 1069 1491 1492
398 9 2 10 12 352 431 679 1111 1460 1493
399 9 2 10 12 349 474 540 1494 1495 1496
400 9 2 10 12 350 541 475 1066 1497 1498
401 9 2 10 12 316 522 757 1499 1500 1300
402 9 2 10 12 326 444 839 1501 1502 1503
403 9 2 10 12 469 830 627 1504 1505 1506
404 9 2 10 12 312 526 554 1507 1480 1508
405 9 2 10 12 314 452 539 1509 1466 1510
406 9 2 10 12 270 465 880 1511 1512 1391
407 9 2 10 12 245 760 630 1513 1514 1515
408 9 2 10 12 542 900 617 1516 1517 1426
409 9 2 10 12 363 569 837 1518 1519 1376
410 9 2 10 12 314 544 452 1264 1474 1509
411 9 2 10 12 9 243 503 247 1520 1521
412 9 2 10 12 198 438 561 1052 1522 1523
413 9 2 10 12 830 286 627 1524 1525 1505
414 9 2 10 12 26 559 457 1526 1527 1177
415 9 2 10 12 319 851 467 1368 1528 1059
416 9 2 10 12 321 455 543 1529 1530 1107
417 9 2 10 12 395 703 588 1531 1381 1532
418 9 2 10 12 46 804 483 1533 1534 1357
419 9 2 10 12 153 484 803 1356 1535 1536
420 9 2 10 12 319 578 439 1537 1538 1366
421 9 2 10 12 330 727 480 1539 1090 1540
422 9 2 10 12 271 847 441 1541 1542 1396
423 9 2 10 12 265 460 667 1543 1424 1544
424 9 2 10 12 392 556 483 1545 1546 1547
425 9 2 10 12 391 484 555 1548 1549 1550
426 9 2 10 12 812 591 362 1551 1552 1553
427 9 2 10 12 328 473 585 1389 1554 1254
428 9 2 10 12 384 452 751 1324 1464 1555
429 9 2 10 12 61 450 613 1239 1556 1557
430 9 2 10 12 138 614 451 1558 1559 1240
431 9 2 10 12 279 594 539 1560 1561 1562
432 9 2 10 12 196 436 733 946 1563 1564
433 9 2 10 12 428 675 604 1402 1565 1296
434 9 2 10 12 333 607 439 1566 1567 1568
435 9 2 10 12 271 850 464 1398 1569 1570
436 9 2 10 12 373 702 446 1571 1572 1573
437 9 2 10 12 194 195 560 211 961 1574
438 9 2 10 12 413 631 546 1169 1575 1576
439 9 2 10 12 317 455 730 1577 1578 1160
440 9 2 10 12 268 599 481 1148 1579 1580
441 9 2 10 12 302 582 575 1581 1582 1583
442 9 2 10 12 312 554 454 1508 1468 1070
443 9 2 10 12 292 772 618 1082 1584 1585
444 9 2 10 12 68 446 702 1226 1572 1586
445 9 2 10 12 380 570 783 1587 1588 1589
446 9 2 10 12 486 801 805 1590 1591 1592
447 9 2 10 12 128 129 487 161 1593 1594
448 9 2 10 12 315 542 457 1595 1403 1596
449 9 2 10 12 281 665 517 1597 1598 1599
450 9 2 10 12 307 486 523 1600 1601 1203
451 9 2 10 12 351 446 647 1602 1603 1390
452 9 2 10 12 279 683 594 1604 1605 1560
453 9 2 10 12 379 575 582 1606 1582 1607
454 9 2 10 12 594 683 855 1605 1608 1609
455 9 2 10 12 7 231 625 235 1610 1149
456 9 2 10 12 333 439 879 1568 1611 1612
457 9 2 10 12 274 532 698 1613 1614 1615
458 9 2 10 12 69 647 446 1616 1603 1225
459 9 2 10 12 319 745 516 1326 1617 1618
460 9 2 10 12 115 525 673 1619 1620 1621
461 9 2 10 12 458 591 812 1622 1551 1623
462 9 2 10 12 313 453 590 1134 1624 1625
463 9 2 10 12 267 500 744 1626 1627 1628
464 9 2 10 12 287 437 664 1446 1491 1629
465 9 2 10 12 338 725 448 1630 1631 1182
466 9 2 10 12 339 449 724 1017 1632 1633
467 9 2 10 12 391 626 514 1634 1635 1636
468 9 2 10 12 392 515 627 1637 1638 1639
469 9 2 10 12 402 744 500 1640 1627 1641
470 9 2 10 12 269 749 467 1642 1643 1644
471 9 2 10 12 408 630 760 1645 1514 1646
472 9 2 10 12 264 659 890 1647 1079 1648
473 9 2 10 12 462 872 520 1484 1649 1062
474 9 2 10 12 326 891 444 1650 1651 1501
475 9 2 10 12 339 546 631 1652 1575 1410
476 9 2 10 12 532 677 698 1653 1654 1614
477 9 2 10 12 261 443 680 1433 1655 1656
478 9 2 10 12 570 888 783 1657 1658 1588
479 9 2 10 12 344 639 720 1659 1660 1661
480 9 2 10 12 270 445 809 1393 1662 1663
481 9 2 10 12 315 457 559 1596 1527 1344
482 9 2 10 12 291 455 589 1664 1665 1666
483 9 2 10 12 366 574 566 1667 1668 1669
484 9 2 10 12 382 517 665 1670 1598 1671
485 9 2 10 12 325 465 577 944 1672 1673
486 9 2 10 12 73 74 501 106 1674 1675
487 9 2 10 12 435 834 573 1676 1677 1329
488 9 2 10 12 326 839 464 1503 1678 1021
489 9 2 10 12 331 514 626 1679 1635 1680
490 9 2 10 12 332 627 515 1681 1638 1682
491 9 2 10 12 389 519 752 1683 1684 1685
492 9 2 10 12 267 624 718 1686 1687 1688
493 9 2 10 12 114 115 673 122 1621 915
494 9 2 10 12 410 859 521 999 1689 1690
495 9 2 10 12 342 540 474 1691 1495 1692
496 9 2 10 12 343 475 541 1693 1497 1694
497 9 2 10 12 537 785 685 1695 1696 1697
498 9 2 10 12 350 604 675 1698 1565 1699
499 9 2 10 12 418 720 639 1700 1660 1701
500 9 2 10 12 310 721 902 1234 1702 1703
501 9 2 10 12 330 566 574 1704 1668 1705
502 9 2 10 12 307 801 486 1706 1590 1600
503 9 2 10 12 150 696 448 1707 1486 1708
504 9 2 10 12 49 449 697 1709 1489 1710
505 9 2 10 12 133 479 602 1104 1711 1712
506 9 2 10 12 66 601 478 1713 1714 1105
507 9 2 10 12 420 718 624 1715 1687 1101
508 9 2 10 12 356 681 443 1716 1717 1455
509 9 2 10 12 321 589 455 1718 1665 1529
510 9 2 10 12 9 503 814 1521 1719 1720
511 9 2 10 12 324 625 456 1395 1721 1722
512 9 2 10 12 328 781 470 1723 1724 1179
513 9 2 10 12 110 111 588 118 1725 1726
514 9 2 10 12 323 740 458 1307 1727 1728
515 9 2 10 12 399 848 652 1729 1336 1730
516 9 2 10 12 318 437 660 1492 1731 1732
517 9 2 10 12 371 562 629 1733 1734 1735
518 9 2 10 12 150 448 725 1708 1631 1736
519 9 2 10 12 49 724 449 1737 1632 1709
520 9 2 10 12 270 577 465 1385 1672 1511
521 9 2 10 12 284 527 689 1738 1739 1740
522 9 2 10 12 341 640 444 1741 1742 1743
523 9 2 10 12 392 483 804 1547 1534 1744
524 9 2 10 12 391 803 484 1745 1535 1548
525 9 2 10 12 327 669 466 1746 1747 1748
526 9 2 10 12 373 446 767 1573 1749 1750
527 9 2 10 12 341 444 638 1743 1751 1752
528 9 2 10 12 191 192 522 208 1753 1754
529 9 2 10 12 348 848 649 1337 1755 1756
530 9 2 10 12 327 579 550 1757 1758 1759
531 9 2 10 12 146 147 511 179 1760 1761
532 9 2 10 12 52 53 512 85 1762 1763
533 9 2 10 12 388 551 565 1764 1765 1766
534 9 2 10 12 259 686 598 1767 1768 1769
535 9 2 10 12 268 481 660 1580 1770 1771
536 9 2 10 12 268 573 834 1772 1677 1773
537 9 2 10 12 326 580 483 1363 1774 1775
538 9 2 10 12 14 897 528 1776 1777 1778
539 9 2 10 12 285 468 626 1779 1780 1781
540 9 2 10 12 539 594 887 1561 1782 1783
541 9 2 10 12 265 667 523 1544 1784 1785
542 9 2 10 12 325 555 484 1786 1549 1787
543 9 2 10 12 326 483 556 1775 1546 1788
544 9 2 10 12 411 598 686 1789 1768 1790
545 9 2 10 12 324 456 587 1722 1791 1792
546 9 2 10 12 325 484 568 1787 1793 1313
547 9 2 10 12 338 506 603 1184 1794 1795
548 9 2 10 12 351 648 446 1796 1797 1602
549 9 2 10 12 305 670 490 1798 1799 1308
550 9 2 10 12 361 537 685 1348 1697 1800
551 9 2 10 12 320 565 551 1415 1765 1342
552 9 2 10 12 400 845 486 1801 1802 1803
553 9 2 10 12 154 568 484 1804 1793 1355
554 9 2 10 12 193 743 447 1805 1125 1806
555 9 2 10 12 231 456 625 1807 1721 1610
556 9 2 10 12 137 451 632 1241 1808 1809
557 9 2 10 12 62 633 450 1810 1811 1238
558 9 2 10 12 409 523 667 1228 1784 1812
559 9 2 10 12 283 629 562 1813 1734 1814
560 9 2 10 12 757 193 447 1815 1806 1301
561 9 2 10 12 22 745 748 1816 1817 1818
562 9 2 10 12 262 723 461 1819 1820 1821
563 9 2 10 12 397 689 527 1822 1739 1823
564 9 2 10 12 405 591 861 1824 1825 1826
565 9 2 10 12 390 659 510 997 1199 1827
566 9 2 10 12 10 521 246 1828 1829 251
567 9 2 10 12 329 485 843 1830 1831 1832
568 9 2 10 12 304 610 635 1833 1834 1835
569 9 2 10 12 314 880 465 1836 1512 976
570 9 2 10 12 357 456 701 1837 1838 1839
571 9 2 10 12 442 748 745 1056 1817 1325
572 9 2 10 12 151 152 514 184 1840 1841
573 9 2 10 12 47 48 515 80 1842 1843
574 9 2 10 12 367 461 723 1844 1820 1845
575 9 2 10 12 410 521 790 1690 1846 1847
576 9 2 10 12 359 473 691 1848 1849 1850
577 9 2 10 12 277 586 480 1851 1852 1853
578 9 2 10 12 14 15 897 31 1854 1776
579 9 2 10 12 191 522 751 1754 1855 1856
580 9 2 10 12 45 483 580 1358 1774 1857
581 9 2 10 12 389 752 825 1685 1858 1859
582 9 2 10 12 23 24 516 40 1860 1861
583 9 2 10 12 398 635 610 1862 1834 1863
584 9 2 10 12 290 691 473 1864 1849 1359
585 9 2 10 12 259 598 466 1769 1865 1866
586 9 2 10 12 458 861 591 1867 1825 1622
587 9 2 10 12 272 651 603 1249 1868 1869
588 9 2 10 12 490 670 847 1799 1870 1871
589 9 2 10 12 317 749 455 1872 1873 1577
590 9 2 10 12 388 873 463 1874 1875 1442
591 9 2 10 12 377 705 453 1876 1877 1449
592 9 2 10 12 266 453 692 1440 1133 1291
593 9 2 10 12 336 525 606 1878 1879 1272
594 9 2 10 12 252 253 558 256 1880 1881
595 9 2 10 12 350 675 496 1699 1882 1064
596 9 2 10 12 357 726 456 1883 1884 1837
597 9 2 10 12 275 735 454 1885 1886 1467
598 9 2 10 12 368 501 571 1887 1888 1889
599 9 2 10 12 327 466 598 1748 1865 1890
600 9 2 10 12 360 583 498 1891 1892 1893
601 9 2 10 12 361 499 584 1894 1895 1346
602 9 2 10 12 111 838 588 1896 1897 1725
603 9 2 10 12 231 701 456 1898 1838 1807
604 9 2 10 12 331 696 514 1487 1899 1679
605 9 2 10 12 332 515 697 1682 1900 1488
606 9 2 10 12 383 462 816 1485 1901 1902
607 9 2 10 12 340 510 788 1903 1237 1904
608 9 2 10 12 403 603 651 1905 1868 1906
609 9 2 10 12 270 809 471 1663 1907 1031
610 9 2 10 12 847 670 337 1870 1908 1909
611 9 2 10 12 330 480 586 1540 1852 1910
612 9 2 10 12 370 750 479 1911 1912 1320
613 9 2 10 12 280 617 611 1427 985 1913
614 9 2 10 12 269 543 749 1192 1914 1642
615 9 2 10 12 315 464 850 1010 1569 1915
616 9 2 10 12 237 238 519 241 1916 1917
617 9 2 10 12 269 467 851 1644 1528 1918
618 9 2 10 12 400 849 488 1919 1920 1921
619 9 2 10 12 316 481 599 1012 1579 1922
620 9 2 10 12 73 501 699 1675 1923 1924
621 9 2 10 12 305 592 471 1925 1057 1926
622 9 2 10 12 363 454 735 1377 1886 1927
623 9 2 10 12 347 571 501 1928 1888 1929
624 9 2 10 12 329 843 502 1832 1930 1931
625 9 2 10 12 496 675 731 1882 1932 1933
626 9 2 10 12 486 845 523 1802 1934 1601
627 9 2 10 12 401 814 503 1935 1719 1936
628 9 2 10 12 473 682 585 1937 1938 1554
629 9 2 10 12 283 771 629 1939 929 1813
630 9 2 10 12 282 628 770 1940 928 1941
631 9 2 10 12 276 753 574 1942 1943 1944
632 9 2 10 12 291 730 455 1945 1578 1664
633 9 2 10 12 271 490 847 1020 1871 1541
634 9 2 10 12 303 479 750 1946 1912 1947
635 9 2 10 12 259 466 856 1866 1948 1949
636 9 2 10 12 401 503 832 1936 1950 1951
637 9 2 10 12 402 636 744 1952 1211 1640
638 9 2 10 12 260 720 643 1953 1954 1955
639 9 2 10 12 342 474 656 1692 1956 1957
640 9 2 10 12 343 657 475 1958 1959 1693
641 9 2 10 12 259 856 476 1949 1960 1961
642 9 2 10 12 339 472 860 1412 1962 1016
643 9 2 10 12 305 477 670 1963 1964 1798
644 9 2 10 12 311 557 500 1965 1966 1154
645 9 2 10 12 295 878 661 1351 1967 1968
646 9 2 10 12 145 656 474 1969 1956 1970
647 9 2 10 12 54 475 657 1971 1959 1972
648 9 2 10 12 333 611 856 1973 1974 1975
649 9 2 10 12 638 286 830 1976 1524 1977
650 9 2 10 12 574 753 727 1943 1978 1979
651 9 2 10 12 273 860 472 1980 1962 1981
652 9 2 10 12 482 638 830 1982 1977 1983
653 9 2 10 12 259 621 477 1984 1985 1986
654 9 2 10 12 305 471 858 1926 1987 1988
655 9 2 10 12 293 676 631 1989 1419 1175
656 9 2 10 12 1 728 254 1990 1991 258
657 9 2 10 12 6 236 734 239 1992 1993
658 9 2 10 12 351 817 648 910 1994 1796
659 9 2 10 12 344 622 468 1995 1996 1997
660 9 2 10 12 345 469 623 1998 1999 2000
661 9 2 10 12 305 858 477 1988 2001 1963
662 9 2 10 12 2 559 26 1220 1526 43
663 9 2 10 12 476 856 611 1960 1974 984
664 9 2 10 12 271 464 839 1570 1678 2002
665 9 2 10 12 285 639 468 2003 2004 1779
666 9 2 10 12 141 142 530 174 1284 2005
667 9 2 10 12 57 58 531 90 2006 1285
668 9 2 10 12 311 832 503 2007 1950 2008
669 9 2 10 12 7 502 843 1174 1930 2009
670 9 2 10 12 272 506 741 2010 2011 2012
671 9 2 10 12 273 742 507 2013 2014 2015
672 9 2 10 12 147 864 511 2016 2017 1760
673 9 2 10 12 52 512 865 1763 2018 2019
674 9 2 10 12 259 476 621 1961 2020 1984
675 9 2 10 12 368 699 501 2021 1923 1887
676 9 2 10 12 313 521 859 2022 1689 2023
677 9 2 10 12 265 711 460 2024 2025 1543
678 9 2 10 12 331 626 468 1680 1780 2026
679 9 2 10 12 332 469 627 2027 1506 1681
680 9 2 10 12 5 189 544 205 1475 2028
681 9 2 10 12 349 867 474 2029 2030 1494
682 9 2 10 12 350 475 866 1498 2031 2032
683 9 2 10 12 337 621 476 2033 2020 1029
684 9 2 10 12 384 751 522 1555 1855 2034
685 9 2 10 12 252 558 790 1881 2035 2036
686 9 2 10 12 344 468 639 1997 2004 1659
687 9 2 10 12 329 600 485 2037 2038 1830
688 9 2 10 12 335 686 858 2039 2040 2041
689 9 2 10 12 412 596 511 1172 2042 2043
690 9 2 10 12 413 512 595 2044 2045 1167
691 9 2 10 12 335 809 594 2046 2047 2048
692 9 2 10 12 328 572 781 1256 2049 1723
693 9 2 10 12 445 594 809 2050 2047 1662
694 9 2 10 12 477 858 686 2001 2040 2051
695 9 2 10 12 418 643 720 2052 1954 1700
696 9 2 10 12 145 474 867 1970 2030 2053
697 9 2 10 12 54 866 475 2054 2031 1971
698 9 2 10 12 341 482 655 2055 1224 2056
699 9 2 10 12 273 513 623 1159 2057 2058
700 9 2 10 12 262 461 738 1821 2059 2060
701 9 2 10 12 1 11 728 27 2061 1990
702 9 2 10 12 132 133 602 165 1712 2062
703 9 2 10 12 66 67 601 99 2063 1713
704 9 2 10 12 336 470 673 1186 923 2064
705 9 2 10 12 400 488 645 1921 2065 2066
706 9 2 10 12 6 734 204 1993 2067 221
707 9 2 10 12 199 863 762 2068 2069 1119
708 9 2 10 12 345 830 469 2070 1504 1998
709 9 2 10 12 348 488 849 2071 1920 2072
710 9 2 10 12 550 579 834 1758 2073 2074
711 9 2 10 12 128 487 709 1594 1365 2075
712 9 2 10 12 64 536 871 2076 2077 2078
713 9 2 10 12 135 870 535 2079 2080 2081
714 9 2 10 12 412 511 864 2043 2017 2082
715 9 2 10 12 413 865 512 2083 2018 2044
716 9 2 10 12 362 485 764 2084 2085 2086
717 9 2 10 12 199 200 863 216 1302 2068
718 9 2 10 12 294 557 736 2087 2088 2089
719 9 2 10 12 301 684 712 1007 2090 2091
720 9 2 10 12 302 713 685 2092 2093 2094
721 9 2 10 12 341 638 482 1752 1982 2055
722 9 2 10 12 450 712 684 2095 2090 2096
723 9 2 10 12 451 685 713 2097 2093 2098
724 9 2 10 12 354 498 583 2099 1892 2100
725 9 2 10 12 353 584 499 2101 1895 2102
726 9 2 10 12 63 64 871 96 2078 2103
727 9 2 10 12 135 136 870 168 2104 2079
728 9 2 10 12 367 739 461 2105 2106 1844
729 9 2 10 12 130 131 842 163 2107 2108
730 9 2 10 12 297 766 593 2109 2110 987
731 9 2 10 12 50 51 546 83 2111 2112
732 9 2 10 12 148 149 547 181 2113 2114
733 9 2 10 12 131 564 842 2115 2116 2107
734 9 2 10 12 293 595 495 1176 2117 947
735 9 2 10 12 292 494 596 2118 2119 1171
736 9 2 10 12 411 683 715 2120 2121 2122
737 9 2 10 12 285 737 722 2123 2124 2125
738 9 2 10 12 387 805 801 2126 1591 2127
739 9 2 10 12 425 593 766 1417 2110 2128
740 9 2 10 12 281 538 665 2129 2130 1597
741 9 2 10 12 404 736 557 2131 2088 2132
742 9 2 10 12 303 750 462 1947 2133 1120
743 9 2 10 12 318 660 481 1732 1770 981
744 9 2 10 12 317 467 749 1039 1643 1872
745 9 2 10 12 260 643 492 1955 2134 2135
746 9 2 10 12 323 458 812 1728 1623 2136
747 9 2 10 12 348 653 488 2137 2138 2071
748 9 2 10 12 426 692 508 1292 1230 978
749 9 2 10 12 357 463 789 1462 1354 2139
750 9 2 10 12 154 155 568 187 2140 1804
751 9 2 10 12 289 817 488 2141 2142 2143
752 9 2 10 12 343 495 595 2144 2117 2145
753 9 2 10 12 342 596 494 2146 2119 2147
754 9 2 10 12 273 472 679 1981 2148 1459
755 9 2 10 12 304 478 774 2149 2150 2151
756 9 2 10 12 303 775 479 2152 2153 1946
757 9 2 10 12 359 682 473 2154 1937 1848
758 9 2 10 12 7 843 222 2009 2155 225
759 9 2 10 12 345 482 830 1218 1983 2070
760 9 2 10 12 289 488 653 2143 2138 2156
761 9 2 10 12 268 660 573 1771 2157 1772
762 9 2 10 12 336 754 505 1260 2158 1185
763 9 2 10 12 410 558 783 2159 2160 1189
764 9 2 10 12 126 127 658 159 2161 1212
765 9 2 10 12 334 615 592 2162 1058 2163
766 9 2 10 12 259 477 686 1986 2051 1767
767 9 2 10 12 279 818 545 2164 2165 2166
768 9 2 10 12 374 683 545 2167 2168 2169
769 9 2 10 12 329 502 593 1931 1257 1416
770 9 2 10 12 392 883 556 2170 2171 1545
771 9 2 10 12 391 555 882 1550 2172 2173
772 9 2 10 12 260 655 634 2174 1223 2175
773 9 2 10 12 393 488 817 2176 2142 911
774 9 2 10 12 285 555 737 2177 2178 2123
775 9 2 10 12 371 478 787 1319 2179 2180
776 9 2 10 12 344 493 622 1025 2181 1995
777 9 2 10 12 113 470 781 922 1724 2182
778 9 2 10 12 352 679 472 1493 2148 2183
779 9 2 10 12 405 589 552 2184 2185 2186
780 9 2 10 12 59 498 694 2187 2188 2189
781 9 2 10 12 140 693 499 2190 2191 2192
782 9 2 10 12 260 634 491 2175 2193 2194
783 9 2 10 12 338 547 725 2195 2196 1630
784 9 2 10 12 339 724 546 1633 2197 1652
785 9 2 10 12 352 472 676 2183 1420 2198
786 9 2 10 12 545 818 795 2165 2199 2200
787 9 2 10 12 400 486 884 1803 2201 2202
788 9 2 10 12 341 655 492 2056 2203 2204
789 9 2 10 12 10 790 521 2205 1846 1828
790 9 2 10 12 279 545 683 2166 2168 1604
791 9 2 10 12 284 689 549 1740 1311 2206
792 9 2 10 12 44 45 580 77 1857 1405
793 9 2 10 12 24 768 516 2207 2208 1860
794 9 2 10 12 277 480 791 1853 2209 2210
795 9 2 10 12 331 468 741 2026 2211 2212
796 9 2 10 12 332 742 469 2213 2214 2027
797 9 2 10 12 362 666 485 2215 2216 2084
798 9 2 10 12 304 787 478 2217 2179 2149
799 9 2 10 12 402 500 827 1641 2218 2219
800 9 2 10 12 342 511 596 2220 2042 2146
801 9 2 10 12 343 595 512 2145 2045 2221
802 9 2 10 12 349 540 650 1496 2222 2223
803 9 2 10 12 272 622 493 2224 2181 1247
804 9 2 10 12 272 603 506 1869 1794 2010
805 9 2 10 12 391 514 803 1636 2225 1745
806 9 2 10 12 392 804 515 1744 2226 1637
807 9 2 10 12 321 552 589 1290 2185 1718
808 9 2 10 12 381 516 768 2227 2208 1490
809 9 2 10 12 273 507 860 2015 931 1980
810 9 2 10 12 129 654 487 2228 2229 1593
811 9 2 10 12 283 510 644 2230 2231 2232
812 9 2 10 12 136 137 632 169 1809 2233
813 9 2 10 12 62 63 633 95 2234 1810
814 9 2 10 12 322 561 874 1123 2235 2236
815 9 2 10 12 463 873 646 1875 2237 1352
816 9 2 10 12 152 803 514 2238 2225 1840
817 9 2 10 12 47 515 804 1843 2226 2239
818 9 2 10 12 345 623 513 2000 2057 2240
819 9 2 10 12 393 645 488 2241 2065 2176
820 9 2 10 12 375 791 480 2242 2209 1472
821 9 2 10 12 272 741 622 2012 2243 2224
822 9 2 10 12 273 623 742 2058 2244 2013
823 9 2 10 12 140 499 823 2192 2245 2246
824 9 2 10 12 59 822 498 2247 2248 2187
825 9 2 10 12 326 556 891 1788 2249 1650
826 9 2 10 12 344 720 491 1661 2250 1023
827 9 2 10 12 427 642 530 1409 2251 1283
828 9 2 10 12 428 531 641 1286 2252 1400
829 9 2 10 12 379 582 780 1607 2253 1436
830 9 2 10 12 334 492 643 2254 2134 2255
831 9 2 10 12 342 656 511 1957 2256 2220
832 9 2 10 12 343 512 657 2221 2257 1958
833 9 2 10 12 15 16 746 32 1422 2258
834 9 2 10 12 287 646 873 2259 2237 2260
835 9 2 10 12 197 198 561 214 1523 962
836 9 2 10 12 309 637 493 939 1273 1042
837 9 2 10 12 316 599 545 1922 2261 2262
838 9 2 10 12 582 815 780 2263 2264 2253
839 9 2 10 12 438 874 561 2265 2235 1522
840 9 2 10 12 410 790 558 1847 2035 2159
841 9 2 10 12 412 864 547 2082 2266 2267
842 9 2 10 12 413 546 865 1576 2268 2083
843 9 2 10 12 370 535 628 2269 2270 2271
844 9 2 10 12 371 629 536 1735 2272 2273
845 9 2 10 12 378 644 612 2274 2275 1040
846 9 2 10 12 302 685 785 2094 1696 2276
847 9 2 10 12 129 130 654 162 2277 2228
848 9 2 10 12 274 698 650 1615 2278 2279
849 9 2 10 12 373 767 610 1750 2280 2281
850 9 2 10 12 525 886 606 2282 2283 1879
851 9 2 10 12 374 715 683 2284 2121 2167
852 9 2 10 12 466 669 786 1747 2285 2286
853 9 2 10 12 340 612 644 1448 2275 2287
854 9 2 10 12 222 843 666 2155 2288 2289
855 9 2 10 12 17 18 581 34 2290 1287
856 9 2 10 12 243 756 503 2291 2292 1520
857 9 2 10 12 288 668 821 2293 1271 2294
858 9 2 10 12 421 650 698 2295 2278 2296
859 9 2 10 12 307 487 801 1141 2297 1706
860 9 2 10 12 260 492 655 2135 2203 2174
861 9 2 10 12 19 20 714 36 1289 2298
862 9 2 10 12 455 749 543 1873 1914 1530
863 9 2 10 12 610 767 820 2280 2299 2300
864 9 2 10 12 450 684 613 2096 2301 1556
865 9 2 10 12 451 614 685 1559 2302 2097
866 9 2 10 12 294 736 590 2089 2303 2304
867 9 2 10 12 393 597 711 909 2305 2306
868 9 2 10 12 374 545 599 2169 2261 1298
869 9 2 10 12 238 814 519 2307 2308 1916
870 9 2 10 12 340 644 510 2287 2231 1903
871 9 2 10 12 347 703 571 1382 2309 1928
872 9 2 10 12 345 513 761 2240 2310 2311
873 9 2 10 12 485 666 843 2216 2288 1831
874 9 2 10 12 398 653 649 2312 2313 2314
875 9 2 10 12 309 491 761 1043 2315 2316
876 9 2 10 12 354 694 498 2317 2188 2099
877 9 2 10 12 353 499 693 2102 2191 2318
878 9 2 10 12 408 590 736 2319 2303 2320
879 9 2 10 12 292 681 494 2321 2322 2118
880 9 2 10 12 436 797 733 2323 2324 1563
881 9 2 10 12 48 49 697 81 1710 2325
882 9 2 10 12 150 151 696 183 2326 1707
883 9 2 10 12 356 662 494 2327 2328 2329
884 9 2 10 12 355 495 663 965 2330 2331
885 9 2 10 12 282 620 816 2332 2333 2334
886 9 2 10 12 348 649 653 1756 2313 2137
887 9 2 10 12 274 540 799 2335 2336 2337
888 9 2 10 12 275 800 541 2338 2339 1152
889 9 2 10 12 347 501 765 1929 2340 2341
890 9 2 10 12 418 722 763 2342 2343 2344
891 9 2 10 12 275 554 663 1469 2345 2346
892 9 2 10 12 260 491 720 2194 2250 1953
893 9 2 10 12 347 563 862 2347 2348 2349
894 9 2 10 12 278 585 682 2350 1938 1375
895 9 2 10 12 269 851 607 1918 2351 2352
896 9 2 10 12 394 669 796 2353 1135 2354
897 9 2 10 12 140 141 693 173 2355 2190
898 9 2 10 12 58 59 694 91 2189 2356
899 9 2 10 12 356 494 681 2329 2322 1716
900 9 2 10 12 49 50 724 82 2357 1737
901 9 2 10 12 149 150 725 182 1736 2358
902 9 2 10 12 364 628 535 918 2270 2359
903 9 2 10 12 365 536 629 2360 2272 919
904 9 2 10 12 55 56 604 88 1297 2361
905 9 2 10 12 143 144 605 176 2362 1294
906 9 2 10 12 334 700 492 2363 2364 2254
907 9 2 10 12 439 607 851 1567 2351 1367
908 9 2 10 12 263 792 489 2365 1345 1013
909 9 2 10 12 53 54 657 86 1972 2366
910 9 2 10 12 145 146 656 178 2367 1969
911 9 2 10 12 620 788 816 2368 2369 2333
912 9 2 10 12 333 879 611 1612 2370 1973
913 9 2 10 12 401 519 814 2371 2308 1935
914 9 2 10 12 500 557 827 1966 2372 2218
915 9 2 10 12 51 865 546 2373 2268 2111
916 9 2 10 12 148 547 864 2114 2266 2374
917 9 2 10 12 60 61 613 93 1557 2375
918 9 2 10 12 138 139 614 171 2376 1558
919 9 2 10 12 336 673 525 2064 1620 1878
920 9 2 10 12 146 511 656 1761 2256 2367
921 9 2 10 12 53 657 512 2366 2257 1762
922 9 2 10 12 420 518 718 1077 1196 1715
923 9 2 10 12 22 23 745 39 2377 1816
924 9 2 10 12 245 246 760 250 2378 1513
925 9 2 10 12 423 903 544 2379 2380 1263
926 9 2 10 12 296 731 675 2381 1932 1406
927 9 2 10 12 401 832 752 1951 1276 2382
928 9 2 10 12 347 862 588 2349 2383 1380
929 9 2 10 12 337 617 847 1030 2384 1909
930 9 2 10 12 441 847 617 1542 2384 2385
931 9 2 10 12 378 489 793 1041 904 2386
932 9 2 10 12 360 498 822 1893 2248 2387
933 9 2 10 12 361 823 499 2388 2245 1894
934 9 2 10 12 485 600 764 2038 2389 2085
935 9 2 10 12 15 746 897 2258 2390 1854
936 9 2 10 12 352 676 509 2198 2391 2392
937 9 2 10 12 456 726 587 1884 2393 1791
938 9 2 10 12 382 665 762 1671 2394 2395
939 9 2 10 12 341 492 875 2204 2396 2397
940 9 2 10 12 316 795 522 2398 2399 1499
941 9 2 10 12 324 587 810 1792 2400 1453
942 9 2 10 12 139 140 823 172 2246 2401
943 9 2 10 12 59 60 822 92 2402 2247
944 9 2 10 12 295 533 642 2403 2404 1408
945 9 2 10 12 296 641 534 1407 2405 1242
946 9 2 10 12 54 55 866 87 2406 2054
947 9 2 10 12 144 145 867 177 2053 2407
948 9 2 10 12 325 737 555 2408 2178 1786
949 9 2 10 12 74 75 765 107 2409 2410
950 9 2 10 12 438 762 665 1051 2394 2411
951 9 2 10 12 353 530 642 2412 2251 2413
952 9 2 10 12 354 641 531 2414 2252 2415
953 9 2 10 12 293 509 676 949 2391 1989
954 9 2 10 12 587 844 810 2416 2417 2400
955 9 2 10 12 334 592 700 2163 2418 2363
956 9 2 10 12 432 551 841 1343 2419 2420
957 9 2 10 12 195 196 733 212 1564 1163
958 9 2 10 12 5 544 903 2028 2380 2421
959 9 2 10 12 600 831 889 2422 2423 2424
960 9 2 10 12 385 844 517 2425 2426 2427
961 9 2 10 12 384 522 795 2034 2399 2428
962 9 2 10 12 267 718 500 1688 1155 1626
963 9 2 10 12 355 695 509 2429 2430 964
964 9 2 10 12 275 496 735 1153 2431 1885
965 9 2 10 12 346 651 637 2432 1274 2433
966 9 2 10 12 308 504 892 2434 2435 1470
967 9 2 10 12 349 605 867 2436 2437 2029
968 9 2 10 12 350 866 604 2032 2438 1698
969 9 2 10 12 261 680 529 1656 2439 2440
970 9 2 10 12 353 642 533 2413 2404 2441
971 9 2 10 12 354 534 641 2442 2405 2414
972 9 2 10 12 338 603 618 1795 2443 2444
973 9 2 10 12 308 836 504 2445 2446 2434
974 9 2 10 12 368 759 524 2447 1457 2448
975 9 2 10 12 460 497 852 1195 1369 1423
976 9 2 10 12 357 701 608 1839 2449 1461
977 9 2 10 12 271 839 640 2002 2450 1208
978 9 2 10 12 403 618 603 2451 2443 1905
979 9 2 10 12 244 245 630 249 1515 2452
980 9 2 10 12 444 640 839 1742 2450 1502
981 9 2 10 12 264 848 520 2453 2454 2455
982 9 2 10 12 224 828 552 2456 2457 2458
983 9 2 10 12 477 621 670 1985 2459 1964
984 9 2 10 12 75 563 765 991 2460 2409
985 9 2 10 12 306 759 497 1458 2461 1202
986 9 2 10 12 325 577 737 1673 2462 2408
987 9 2 10 12 363 735 496 1927 2431 2463
988 9 2 10 12 18 798 581 2464 1372 2290
989 9 2 10 12 329 831 600 1477 2422 2037
990 9 2 10 12 597 893 711 2465 2466 2305
991 9 2 10 12 111 112 838 119 2467 1896
992 9 2 10 12 399 520 848 2468 2454 1729
993 9 2 10 12 201 202 717 218 2469 2470
994 9 2 10 12 441 617 900 2385 1517 2471
995 9 2 10 12 363 496 731 2463 1933 2472
996 9 2 10 12 229 551 784 2473 2474 2475
997 9 2 10 12 406 733 797 1164 2324 2476
998 9 2 10 12 387 564 668 2477 2478 2479
999 9 2 10 12 356 532 662 2480 2481 2327
1000 9 2 10 12 261 526 671 2482 2483 1431
1001 9 2 10 12 360 690 583 1279 2484 1891
1002 9 2 10 12 352 509 769 2392 2485 2486
1003 9 2 10 12 281 517 844 1599 2426 2487
1004 9 2 10 12 353 693 530 2318 2488 2412
1005 9 2 10 12 354 531 694 2415 2489 2317
1006 9 2 10 12 538 874 665 2490 2491 2130
1007 9 2 10 12 342 494 799 2147 2492 2493
1008 9 2 10 12 343 800 495 2494 2495 2144
1009 9 2 10 12 313 859 508 2023 1253 1229
1010 9 2 10 12 151 514 696 1841 1899 2326
1011 9 2 10 12 48 697 515 2325 1900 1842
1012 9 2 10 12 409 667 691 1812 2496 2497
1013 9 2 10 12 427 605 878 1295 2498 1350
1014 9 2 10 12 412 547 772 2267 2499 1081
1015 9 2 10 12 291 589 861 1666 2500 2501
1016 9 2 10 12 313 590 885 1625 2502 2503
1017 9 2 10 12 331 741 506 2212 2011 1331
1018 9 2 10 12 332 507 742 1334 2014 2213
1019 9 2 10 12 278 497 808 1370 2504 2505
1020 9 2 10 12 290 505 754 1361 2158 2506
1021 9 2 10 12 69 70 647 102 1166 1616
1022 9 2 10 12 112 572 838 2507 2508 2467
1023 9 2 10 12 274 662 532 2509 2481 1613
1024 9 2 10 12 359 691 667 1850 2496 1340
1025 9 2 10 12 355 526 695 1481 2510 2429
1026 9 2 10 12 74 765 501 2410 2340 1674
1027 9 2 10 12 396 527 889 1054 2511 2512
1028 9 2 10 12 72 699 524 2513 2514 1482
1029 9 2 10 12 311 503 854 2008 2515 2516
1030 9 2 10 12 192 193 757 209 1815 2517
1031 9 2 10 12 274 650 540 2279 2222 2335
1032 9 2 10 12 405 552 828 2186 2457 2518
1033 9 2 10 12 368 524 699 2448 2514 2021
1034 9 2 10 12 276 690 753 2519 2520 1942
1035 9 2 10 12 346 529 680 2521 2439 2522
1036 9 2 10 12 155 903 568 2523 2524 2140
1037 9 2 10 12 376 729 658 2525 2526 2527
1038 9 2 10 12 578 829 819 2528 2529 2530
1039 9 2 10 12 237 519 846 1917 2531 2532
1040 9 2 10 12 201 717 504 2470 2533 1281
1041 9 2 10 12 261 529 769 2440 2534 2535
1042 9 2 10 12 423 568 903 1314 2524 2379
1043 9 2 10 12 360 613 684 2536 2301 1278
1044 9 2 10 12 361 685 614 1800 2302 2537
1045 9 2 10 12 261 695 526 2538 2510 2482
1046 9 2 10 12 355 663 554 2331 2345 1479
1047 9 2 10 12 319 516 829 1618 2539 2540
1048 9 2 10 12 386 763 722 2541 2343 2542
1049 9 2 10 12 388 784 551 2543 2474 1764
1050 9 2 10 12 283 868 510 2544 2545 2230
1051 9 2 10 12 274 799 662 2337 2546 2509
1052 9 2 10 12 275 663 800 2346 2547 2338
1053 9 2 10 12 395 588 838 1532 1897 2548
1054 9 2 10 12 312 677 532 1004 1653 2549
1055 9 2 10 12 309 761 513 2316 2310 1231
1056 9 2 10 12 440 753 690 1429 2520 934
1057 9 2 10 12 266 616 719 1338 2550 2551
1058 9 2 10 12 405 861 589 1826 2500 2184
1059 9 2 10 12 443 782 824 2552 2553 2554
1060 9 2 10 12 385 517 826 2427 2555 2556
1061 9 2 10 12 417 658 729 1213 2526 2557
1062 9 2 10 12 411 715 598 2122 2558 1789
1063 9 2 10 12 203 553 895 2559 2560 2561
1064 9 2 10 12 381 829 516 2562 2539 2227
1065 9 2 10 12 284 889 527 2563 2511 1738
1066 9 2 10 12 311 518 832 1197 1277 2007
1067 9 2 10 12 202 203 895 219 2561 2564
1068 9 2 10 12 390 510 868 1827 2545 2565
1069 9 2 10 12 288 652 884 2566 2567 2568
1070 9 2 10 12 23 516 745 1861 1617 2377
1071 9 2 10 12 356 802 532 2569 2570 2480
1072 9 2 10 12 312 802 526 2571 2572 1507
1073 9 2 10 12 389 846 519 2573 2531 1683
1074 9 2 10 12 414 704 892 1087 1471 2574
1075 9 2 10 12 404 756 630 2575 2576 2577
1076 9 2 10 12 230 701 231 2578 1898 234
1077 9 2 10 12 424 810 688 1454 2579 2580
1078 9 2 10 12 135 535 708 2081 2581 2582
1079 9 2 10 12 64 707 536 2583 2584 2076
1080 9 2 10 12 347 765 563 2341 2460 2347
1081 9 2 10 12 393 711 645 2306 2585 2241
1082 9 2 10 12 503 756 854 2292 2586 2515
1083 9 2 10 12 224 552 674 2458 1028 2587
1084 9 2 10 12 141 530 693 2005 2488 2355
1085 9 2 10 12 58 694 531 2356 2489 2006
1086 9 2 10 12 397 746 689 2588 2589 1822
1087 9 2 10 12 311 854 557 2516 2590 1965
1088 9 2 10 12 278 703 585 2591 2592 2350
1089 9 2 10 12 267 688 624 2593 2594 1686
1090 9 2 10 12 652 849 884 2595 2596 2567
1091 9 2 10 12 244 630 756 2452 2576 2597
1092 9 2 10 12 327 715 579 2598 2599 1757
1093 9 2 10 12 229 841 551 2600 2419 2473
1094 9 2 10 12 433 689 746 1312 2589 1421
1095 9 2 10 12 112 113 781 120 2182 2601
1096 9 2 10 12 396 719 616 2602 2550 1053
1097 9 2 10 12 222 666 223 2289 2603 226
1098 9 2 10 12 404 557 854 2132 2590 2604
1099 9 2 10 12 374 579 715 1299 2599 2284
1100 9 2 10 12 437 573 660 1430 2157 1731
1101 9 2 10 12 395 585 703 1266 2592 1531
1102 9 2 10 12 367 710 533 2605 2606 2607
1103 9 2 10 12 264 520 872 2455 1649 2608
1104 9 2 10 12 13 14 706 30 2609 2610
1105 9 2 10 12 327 550 669 1759 1145 1746
1106 9 2 10 12 276 876 583 2611 2612 2613
1107 9 2 10 12 277 584 877 1452 2614 2615
1108 9 2 10 12 281 726 538 2616 2617 2129
1109 9 2 10 12 372 668 564 1269 2478 2618
1110 9 2 10 12 192 757 522 2517 1500 1753
1111 9 2 10 12 370 708 535 1321 2581 2269
1112 9 2 10 12 371 536 707 2273 2584 1318
1113 9 2 10 12 267 744 688 1628 2619 2593
1114 9 2 10 12 295 739 533 2620 2621 2403
1115 9 2 10 12 366 534 716 1262 2622 2623
1116 9 2 10 12 265 645 711 2624 2585 2024
1117 9 2 10 12 419 902 721 2625 1702 2626
1118 9 2 10 12 310 902 528 1703 2627 2628
1119 9 2 10 12 478 601 774 1714 2629 2150
1120 9 2 10 12 479 775 602 2153 2630 1711
1121 9 2 10 12 337 670 621 1908 2459 2033
1122 9 2 10 12 8 224 674 228 2587 2631
1123 9 2 10 12 131 132 732 164 2632 2633
1124 9 2 10 12 424 688 744 2580 2619 1210
1125 9 2 10 12 310 528 881 2628 2634 2635
1126 9 2 10 12 403 782 618 2636 2637 2451
1127 9 2 10 12 364 535 870 2359 2080 2638
1128 9 2 10 12 365 871 536 2639 2077 2360
1129 9 2 10 12 517 836 826 2640 2641 2555
1130 9 2 10 12 385 624 688 2642 2594 2643
1131 9 2 10 12 399 869 520 2644 1063 2468
1132 9 2 10 12 367 533 739 2607 2621 2105
1133 9 2 10 12 362 591 666 1552 2645 2215
1134 9 2 10 12 357 538 726 2646 2617 1883
1135 9 2 10 12 112 781 572 2601 2049 2507
1136 9 2 10 12 280 578 819 2647 2530 2648
1137 9 2 10 12 836 308 826 2445 1142 2641
1138 9 2 10 12 445 887 594 2649 1782 2050
1139 9 2 10 12 14 528 706 1778 2650 2609
1140 9 2 10 12 265 523 845 1785 1934 2651
1141 9 2 10 12 134 135 708 167 2582 1044
1142 9 2 10 12 64 65 707 97 1049 2583
1143 9 2 10 12 346 637 779 2433 1097 2652
1144 9 2 10 12 345 761 634 2311 2653 1216
1145 9 2 10 12 292 618 782 1585 2637 2654
1146 9 2 10 12 386 722 737 2542 2124 2655
1147 9 2 10 12 435 550 834 1106 2074 1676
1148 9 2 10 12 382 836 517 2656 2640 1670
1149 9 2 10 12 246 521 760 1829 2657 2378
1150 9 2 10 12 446 648 767 1797 2658 1749
1151 9 2 10 12 346 779 529 2652 1233 2521
1152 9 2 10 12 127 128 709 160 2075 2659
1153 9 2 10 12 300 783 888 1190 1658 2660
1154 9 2 10 12 131 732 564 2633 2661 2115
1155 9 2 10 12 352 769 529 2486 2534 1232
1156 9 2 10 12 528 397 881 2662 2663 2634
1157 9 2 10 12 12 13 899 29 2664 2665
1158 9 2 10 12 72 73 699 105 1924 2513
1159 9 2 10 12 401 752 519 2382 1684 2371
1160 9 2 10 12 67 68 702 100 1586 2666
1161 9 2 10 12 280 879 578 2667 2668 2647
1162 9 2 10 12 282 816 758 2334 2669 2670
1163 9 2 10 12 285 626 882 1781 2671 2672
1164 9 2 10 12 286 883 627 2673 2674 1525
1165 9 2 10 12 313 885 521 2503 2675 2022
1166 9 2 10 12 286 891 556 2676 2249 2677
1167 9 2 10 12 50 546 724 2112 2197 2357
1168 9 2 10 12 149 725 547 2358 2196 2113
1169 9 2 10 12 130 842 654 2108 2678 2277
1170 9 2 10 12 115 894 525 2679 2680 1619
1171 9 2 10 12 363 731 548 2472 2681 2682
1172 9 2 10 12 592 835 700 2683 2684 2418
1173 9 2 10 12 335 855 686 2685 2686 2039
1174 9 2 10 12 277 710 586 2687 2688 1851
1175 9 2 10 12 364 632 713 2689 2690 2691
1176 9 2 10 12 365 712 633 2692 2693 2694
1177 9 2 10 12 322 538 789 2695 2696 1399
1178 9 2 10 12 223 666 591 2603 2645 2697
1179 9 2 10 12 338 772 547 2698 2499 2195
1180 9 2 10 12 253 840 558 2699 2700 1880
1181 9 2 10 12 296 548 731 1244 2681 2381
1182 9 2 10 12 312 532 802 2549 2570 2571
1183 9 2 10 12 451 713 632 2098 2690 1808
1184 9 2 10 12 450 633 712 1811 2693 2095
1185 9 2 10 12 349 650 661 2223 2701 2702
1186 9 2 10 12 376 672 778 968 2703 2704
1187 9 2 10 12 394 786 669 2705 2285 2353
1188 9 2 10 12 366 755 548 2706 2707 1261
1189 9 2 10 12 504 836 863 2446 2708 1282
1190 9 2 10 12 262 738 569 2060 2709 2710
1191 9 2 10 12 897 397 528 2711 2662 1777
1192 9 2 10 12 408 736 630 2320 2712 1645
1193 9 2 10 12 404 630 736 2577 2712 2131
1194 9 2 10 12 358 698 677 2713 1654 2714
1195 9 2 10 12 277 791 537 2210 2715 1451
1196 9 2 10 12 394 607 786 2716 2717 2705
1197 9 2 10 12 382 863 836 2718 2708 2656
1198 9 2 10 12 63 871 633 2103 2719 2234
1199 9 2 10 12 136 632 870 2233 2720 2104
1200 9 2 10 12 284 549 764 2206 2721 2722
1201 9 2 10 12 403 824 782 2723 2553 2636
1202 9 2 10 12 362 764 549 2086 2721 2724
1203 9 2 10 12 310 881 527 2635 2725 924
1204 9 2 10 12 357 789 538 2139 2696 2646
1205 9 2 10 12 462 758 816 2726 2669 1901
1206 9 2 10 12 421 661 650 2727 2701 2295
1207 9 2 10 12 21 22 748 38 1818 2728
1208 9 2 10 12 418 763 643 2344 2729 2052
1209 9 2 10 12 278 571 703 2730 2309 2591
1210 9 2 10 12 411 855 683 2731 1608 2120
1211 9 2 10 12 266 719 747 2551 2732 1438
1212 9 2 10 12 12 899 570 2665 2733 2734
1213 9 2 10 12 364 713 575 2691 2735 916
1214 9 2 10 12 365 576 712 921 2736 2692
1215 9 2 10 12 389 825 553 1859 1251 2737
1216 9 2 10 12 375 537 791 2738 2715 2242
1217 9 2 10 12 375 785 537 2739 1695 2738
1218 9 2 10 12 408 885 590 2740 2502 2319
1219 9 2 10 12 223 591 828 2697 2741 2742
1220 9 2 10 12 389 553 776 2737 2743 2744
1221 9 2 10 12 67 702 601 2666 2745 2063
1222 9 2 10 12 425 747 719 2746 2732 2747
1223 9 2 10 12 280 611 879 1913 2370 2667
1224 9 2 10 12 193 194 743 210 2748 1805
1225 9 2 10 12 373 601 702 2749 2745 1571
1226 9 2 10 12 366 716 574 2623 2750 1667
1227 9 2 10 12 301 712 576 2091 2736 2751
1228 9 2 10 12 302 575 713 1583 2735 2092
1229 9 2 10 12 333 786 607 2752 2717 1566
1230 9 2 10 12 363 548 833 2682 2753 2754
1231 9 2 10 12 376 778 729 2704 2755 2525
1232 9 2 10 12 262 566 723 2756 2757 1819
1233 9 2 10 12 354 876 534 2758 2759 2442
1234 9 2 10 12 353 533 877 2441 2760 2761
1235 9 2 10 12 342 799 540 2493 2336 1691
1236 9 2 10 12 343 541 800 1694 2339 2494
1237 9 2 10 12 11 12 773 28 2762 2763
1238 9 2 10 12 202 895 717 2564 2764 2469
1239 9 2 10 12 388 565 873 1766 2765 1874
1240 9 2 10 12 276 583 690 2613 2484 2519
1241 9 2 10 12 276 574 716 1944 2750 2766
1242 9 2 10 12 425 719 831 2747 2767 1476
1243 9 2 10 12 279 539 818 1562 1465 2164
1244 9 2 10 12 491 634 761 2193 2653 2315
1245 9 2 10 12 360 822 613 2387 2768 2536
1246 9 2 10 12 361 614 823 2537 2769 2388
1247 9 2 10 12 253 254 840 257 2770 2699
1248 9 2 10 12 372 564 732 2618 2661 2771
1249 9 2 10 12 236 237 846 240 2532 2772
1250 9 2 10 12 276 716 876 2766 2773 2611
1251 9 2 10 12 190 191 751 207 1856 1463
1252 9 2 10 12 316 545 795 2262 2200 2398
1253 9 2 10 12 243 244 756 248 2597 2291
1254 9 2 10 12 381 819 829 1317 2529 2562
1255 9 2 10 12 277 877 710 2615 2774 2687
1256 9 2 10 12 367 586 710 2775 2688 2605
1257 9 2 10 12 280 819 542 2648 1404 1425
1258 9 2 10 12 397 527 881 1823 2725 2663
1259 9 2 10 12 366 566 755 1669 2776 2706
1260 9 2 10 12 362 549 812 2724 2777 1553
1261 9 2 10 12 323 812 549 2136 2777 950
1262 9 2 10 12 109 110 862 117 2778 2779
1263 9 2 10 12 314 539 887 1510 1783 2780
1264 9 2 10 12 330 574 727 1705 1979 1539
1265 9 2 10 12 24 25 768 41 1328 2207
1266 9 2 10 12 262 569 833 2710 2781 2782
1267 9 2 10 12 358 569 738 2783 2709 2784
1268 9 2 10 12 281 587 726 2785 2393 2616
1269 9 2 10 12 294 590 705 2304 2786 2787
1270 9 2 10 12 453 705 590 1877 2786 1624
1271 9 2 10 12 405 828 591 2518 2741 1824
1272 9 2 10 12 21 748 567 2728 1093 1478
1273 9 2 10 12 334 763 615 2788 2789 2162
1274 9 2 10 12 370 628 758 2271 2790 2791
1275 9 2 10 12 203 204 776 220 2792 2793
1276 9 2 10 12 380 558 840 2794 2700 2795
1277 9 2 10 12 299 898 813 2796 2797 2798
1278 9 2 10 12 386 615 763 1435 2789 2541
1279 9 2 10 12 230 608 701 2799 2449 2578
1280 9 2 10 12 262 755 566 2800 2776 2756
1281 9 2 10 12 315 900 542 2801 1516 1595
1282 9 2 10 12 194 560 743 1574 1170 2748
1283 9 2 10 12 402 777 636 2802 2803 1952
1284 9 2 10 12 377 636 777 2804 2803 2805
1285 9 2 10 12 287 873 565 2260 2765 1445
1286 9 2 10 12 152 153 803 185 1536 2238
1287 9 2 10 12 46 47 804 79 2239 1533
1288 9 2 10 12 327 598 715 1890 2558 2598
1289 9 2 10 12 18 19 798 35 2806 2464
1290 9 2 10 12 229 784 230 2475 2807 233
1291 9 2 10 12 386 737 577 2655 2462 1434
1292 9 2 10 12 278 808 571 2505 2808 2730
1293 9 2 10 12 380 773 570 2809 2810 1587
1294 9 2 10 12 294 827 557 2811 2372 2087
1295 9 2 10 12 269 607 794 2352 2812 1191
1296 9 2 10 12 4 124 894 156 2813 2814
1297 9 2 10 12 394 794 607 2815 2812 2716
1298 9 2 10 12 230 784 608 2807 2816 2799
1299 9 2 10 12 109 862 563 2779 2348 1003
1300 9 2 10 12 10 252 790 255 2036 2205
1301 9 2 10 12 203 776 553 2793 2743 2559
1302 9 2 10 12 124 125 886 157 2817 2818
1303 9 2 10 12 283 644 771 2232 2819 1939
1304 9 2 10 12 436 646 797 1387 2820 2323
1305 9 2 10 12 322 874 538 2236 2490 2695
1306 9 2 10 12 147 148 864 180 2374 2016
1307 9 2 10 12 51 52 865 84 2019 2373
1308 9 2 10 12 414 895 553 2821 2560 1250
1309 9 2 10 12 299 687 898 1098 2822 2796
1310 9 2 10 12 380 783 558 1589 2160 2794
1311 9 2 10 12 371 787 562 2180 2823 1733
1312 9 2 10 12 124 886 894 2818 2824 2813
1313 9 2 10 12 9 814 238 1720 2307 242
1314 9 2 10 12 461 853 901 2825 2826 2827
1315 9 2 10 12 367 896 586 2828 2829 2775
1316 9 2 10 12 285 722 639 2125 2830 2003
1317 9 2 10 12 396 889 831 2512 2423 2831
1318 9 2 10 12 525 894 886 2680 2824 2282
1319 9 2 10 12 330 896 566 2832 2833 1704
1320 9 2 10 12 418 639 722 1701 2830 2342
1321 9 2 10 12 4 894 115 2814 2679 123
1322 9 2 10 12 379 770 575 2834 927 1606
1323 9 2 10 12 378 576 771 2835 930 2836
1324 9 2 10 12 223 828 224 2742 2456 227
1325 9 2 10 12 301 576 793 2751 2837 912
1326 9 2 10 12 286 638 891 1976 2838 2676
1327 9 2 10 12 8 841 229 2839 2600 232
1328 9 2 10 12 5 903 155 2421 2523 188
1329 9 2 10 12 468 622 741 1996 2243 2211
1330 9 2 10 12 469 742 623 2214 2244 1999
1331 9 2 10 12 12 570 773 2734 2810 2762
1332 9 2 10 12 388 608 784 1444 2816 2543
1333 9 2 10 12 285 882 555 2672 2172 2177
1334 9 2 10 12 286 556 883 2677 2171 2673
1335 9 2 10 12 421 853 661 2840 2841 2727
1336 9 2 10 12 378 793 576 2386 2837 2835
1337 9 2 10 12 368 571 808 1889 2808 2842
1338 9 2 10 12 283 562 868 1814 2843 2544
1339 9 2 10 12 132 602 732 2062 2844 2632
1340 9 2 10 12 375 815 582 2845 2263 2846
1341 9 2 10 12 349 878 605 2847 2498 2436
1342 9 2 10 12 372 732 602 2771 2844 2848
1343 9 2 10 12 358 837 569 2849 1519 2783
1344 9 2 10 12 295 661 853 1968 2841 2850
1345 9 2 10 12 373 774 601 2851 2629 2749
1346 9 2 10 12 372 602 775 2848 2630 2852
1347 9 2 10 12 487 654 801 2229 2853 2297
1348 9 2 10 12 390 868 562 2565 2843 2854
1349 9 2 10 12 419 888 570 2855 1657 2856
1350 9 2 10 12 284 764 600 2722 2389 2857
1351 9 2 10 12 268 834 579 1773 2073 1146
1352 9 2 10 12 375 582 785 2846 2858 2739
1353 9 2 10 12 363 833 569 2754 2781 1518
1354 9 2 10 12 372 775 609 2852 2859 1267
1355 9 2 10 12 373 610 774 2281 2860 2851
1356 9 2 10 12 385 810 844 2861 2417 2425
1357 9 2 10 12 404 854 756 2604 2586 2575
1358 9 2 10 12 261 769 695 2535 2862 2538
1359 9 2 10 12 395 838 572 2548 2508 1265
1360 9 2 10 12 390 562 857 2854 2863 2864
1361 9 2 10 12 358 677 837 2714 1006 2849
1362 9 2 10 12 302 785 582 2276 2858 1581
1363 9 2 10 12 526 802 671 2572 2865 2483
1364 9 2 10 12 387 842 564 2866 2116 2477
1365 9 2 10 12 422 714 811 2867 2868 2869
1366 9 2 10 12 443 824 680 2554 2870 1655
1367 9 2 10 12 294 705 777 2787 2871 2872
1368 9 2 10 12 127 709 658 2659 2873 2161
1369 9 2 10 12 384 795 818 2428 2199 1322
1370 9 2 10 12 319 829 578 2540 2528 1537
1371 9 2 10 12 282 758 628 2670 2790 1940
1372 9 2 10 12 415 811 714 2874 2868 1288
1373 9 2 10 12 263 619 792 2875 2876 2365
1374 9 2 10 12 356 671 802 1456 2865 2569
1375 9 2 10 12 364 870 632 2638 2720 2689
1376 9 2 10 12 365 633 871 2694 2719 2639
1377 9 2 10 12 387 668 805 2479 2877 2126
1378 9 2 10 12 369 727 753 1091 1978 1428
1379 9 2 10 12 416 640 875 1209 2878 2879
1380 9 2 10 12 376 658 709 2527 2873 1364
1381 9 2 10 12 439 578 879 1538 2668 1611
1382 9 2 10 12 359 852 682 1339 1374 2154
1383 9 2 10 12 419 570 899 2856 2733 2880
1384 9 2 10 12 341 875 640 2397 2878 1741
1385 9 2 10 12 411 686 855 1790 2686 2731
1386 9 2 10 12 304 774 610 2151 2860 1833
1387 9 2 10 12 303 609 775 2881 2859 2152
1388 9 2 10 12 377 747 766 1450 2882 2883
1389 9 2 10 12 379 620 770 1437 2884 2834
1390 9 2 10 12 263 612 780 1015 1447 2885
1391 9 2 10 12 288 884 805 2568 2886 2887
1392 9 2 10 12 377 766 636 2883 2888 2804
1393 9 2 10 12 338 618 772 2444 1584 2698
1394 9 2 10 12 263 780 815 2885 2264 2889
1395 9 2 10 12 486 805 884 1592 2886 2201
1396 9 2 10 12 375 619 815 1473 2890 2845
1397 9 2 10 12 385 826 624 2556 1102 2642
1398 9 2 10 12 466 786 856 2286 2891 1948
1399 9 2 10 12 282 770 620 1941 2884 2332
1400 9 2 10 12 333 856 786 1975 2891 2752
1401 9 2 10 12 354 583 876 2100 2612 2758
1402 9 2 10 12 353 877 584 2761 2614 2101
1403 9 2 10 12 409 691 778 2497 2892 2893
1404 9 2 10 12 421 901 853 2894 2826 2840
1405 9 2 10 12 425 766 747 2128 2882 2746
1406 9 2 10 12 305 835 592 1310 2683 1925
1407 9 2 10 12 414 717 895 2895 2764 2821
1408 9 2 10 12 297 636 766 971 2888 2109
1409 9 2 10 12 13 706 899 2610 2896 2664
1410 9 2 10 12 289 820 767 2897 2299 2898
1411 9 2 10 12 369 792 619 1207 2876 1034
1412 9 2 10 12 378 771 644 2836 2819 2274
1413 9 2 10 12 330 586 896 1910 2829 2832
1414 9 2 10 12 290 778 691 2899 2892 1864
1415 9 2 10 12 340 788 620 1904 2368 1114
1416 9 2 10 12 298 825 752 1246 1858 1303
1417 9 2 10 12 334 643 763 2255 2729 2788
1418 9 2 10 12 335 594 855 2048 1609 2685
1419 9 2 10 12 281 844 587 2487 2416 2785
1420 9 2 10 12 110 588 862 1726 2383 2778
1421 9 2 10 12 287 664 797 1629 2900 2901
1422 9 2 10 12 60 613 822 2375 2768 2402
1423 9 2 10 12 139 823 614 2401 2769 2376
1424 9 2 10 12 303 869 609 1121 2902 2881
1425 9 2 10 12 399 821 609 2903 1270 2904
1426 9 2 10 12 398 610 820 1863 2300 2905
1427 9 2 10 12 335 858 809 2041 2906 2046
1428 9 2 10 12 346 824 651 2907 2908 2432
1429 9 2 10 12 289 767 648 2898 2658 2909
1430 9 2 10 12 471 809 858 1907 2906 1987
1431 9 2 10 12 403 651 824 1906 2908 2723
1432 9 2 10 12 55 604 866 2361 2438 2406
1433 9 2 10 12 144 867 605 2407 2437 2362
1434 9 2 10 12 399 609 869 2904 2902 2644
1435 9 2 10 12 294 777 827 2872 2910 2811
1436 9 2 10 12 263 815 619 2889 2890 2875
1437 9 2 10 12 438 665 874 2411 2491 2265
1438 9 2 10 12 400 645 845 2066 2911 1801
1439 9 2 10 12 306 893 597 1201 2465 1245
1440 9 2 10 12 419 899 706 2880 2896 2912
1441 9 2 10 12 509 695 769 2430 2862 2485
1442 9 2 10 12 265 845 645 2651 2911 2624
1443 9 2 10 12 391 882 626 2173 2671 1634
1444 9 2 10 12 392 627 883 1639 2674 2170
1445 9 2 10 12 406 797 664 2476 2900 1068
1446 9 2 10 12 125 606 886 1388 2283 2817
1447 9 2 10 12 434 794 796 1131 2913 2914
1448 9 2 10 12 443 681 782 1717 2915 2552
1449 9 2 10 12 287 797 646 2901 2820 2259
1450 9 2 10 12 284 600 889 2857 2424 2563
1451 9 2 10 12 290 754 729 2506 2916 2917
1452 9 2 10 12 292 782 681 2654 2915 2321
1453 9 2 10 12 458 740 861 1727 2918 1867
1454 9 2 10 12 417 729 754 2557 2916 1259
1455 9 2 10 12 494 662 799 2328 2546 2492
1456 9 2 10 12 495 800 663 2495 2547 2330
1457 9 2 10 12 291 861 740 2501 2918 2919
1458 9 2 10 12 291 740 811 2919 2920 2921
1459 9 2 10 12 254 728 840 1991 2922 2770
1460 9 2 10 12 387 801 654 2127 2853 2923
1461 9 2 10 12 390 857 635 2864 2924 995
1462 9 2 10 12 8 674 807 2631 2925 2926
1463 9 2 10 12 394 796 794 2354 2913 2815
1464 9 2 10 12 236 846 734 2772 2927 1992
1465 9 2 10 12 304 635 857 1835 2924 2928
1466 9 2 10 12 409 778 672 2893 2703 1227
1467 9 2 10 12 262 833 755 2782 2929 2800
1468 9 2 10 12 367 723 896 1845 2930 2828
1469 9 2 10 12 289 648 817 2909 1994 2141
1470 9 2 10 12 398 890 635 2931 1078 1862
1471 9 2 10 12 504 717 892 2533 2932 2435
1472 9 2 10 12 422 798 714 1373 2933 2867
1473 9 2 10 12 387 654 842 2923 2678 2866
1474 9 2 10 12 264 872 659 2608 2934 1647
1475 9 2 10 12 497 759 808 2461 2935 2504
1476 9 2 10 12 422 811 740 2869 2920 1306
1477 9 2 10 12 368 808 759 2842 2935 2447
1478 9 2 10 12 398 820 653 2905 2936 2312
1479 9 2 10 12 399 652 821 1730 2937 2903
1480 9 2 10 12 383 816 788 1902 2369 1236
1481 9 2 10 12 288 805 668 2887 2877 2293
1482 9 2 10 12 444 891 638 1651 2838 1751
1483 9 2 10 12 288 821 652 2294 2937 2566
1484 9 2 10 12 289 653 820 2156 2936 2897
1485 9 2 10 12 407 807 674 2938 2925 1143
1486 9 2 10 12 264 649 848 2939 1755 2453
1487 9 2 10 12 461 901 738 2827 2940 2059
1488 9 2 10 12 389 776 734 2744 2941 2942
1489 9 2 10 12 377 777 705 2805 2871 1876
1490 9 2 10 12 19 714 798 2298 2933 2806
1491 9 2 10 12 434 796 813 2914 2943 2944
1492 9 2 10 12 398 649 890 2314 2945 2931
1493 9 2 10 12 566 896 723 2833 2930 2757
1494 9 2 10 12 492 700 875 2364 2946 2396
1495 9 2 10 12 348 849 652 2072 2595 1335
1496 9 2 10 12 370 758 750 2791 2947 1911
1497 9 2 10 12 528 902 706 2627 2948 2650
1498 9 2 10 12 462 750 758 2133 2947 2726
1499 9 2 10 12 299 813 796 2798 2943 1137
1500 9 2 10 12 290 729 778 2917 2755 2899
1501 9 2 10 12 264 890 649 1648 2945 2939
1502 9 2 10 12 383 659 872 1200 2934 1483
1503 9 2 10 12 416 700 835 2949 2684 1441
1504 9 2 10 12 382 762 863 2395 2069 2718
1505 9 2 10 12 291 811 730 2921 2950 1945
1506 9 2 10 12 346 680 824 2522 2870 2907
1507 9 2 10 12 349 661 878 2702 1967 2847
1508 9 2 10 12 380 728 773 2951 2952 2809
1509 9 2 10 12 397 897 746 2711 2390 2588
1510 9 2 10 12 407 813 898 2953 2797 2954
1511 9 2 10 12 385 688 810 2643 2579 2861
1512 9 2 10 12 358 901 698 2955 2956 2713
1513 9 2 10 12 421 698 901 2296 2956 2894
1514 9 2 10 12 204 734 776 2067 2941 2792
1515 9 2 10 12 415 730 811 1161 2950 2874
1516 9 2 10 12 548 755 833 2707 2929 2753
1517 9 2 10 12 562 787 857 2823 2957 2863
1518 9 2 10 12 533 710 877 2606 2774 2760
1519 9 2 10 12 461 739 853 2106 2958 2825
1520 9 2 10 12 295 853 739 2850 2958 2620
1521 9 2 10 12 304 857 787 2928 2957 2217
1522 9 2 10 12 432 898 687 2959 2822 1073
1523 9 2 10 12 534 876 716 2759 2773 2622
1524 9 2 10 12 396 831 719 2831 2767 2602
1525 9 2 10 12 521 885 760 2675 2960 2657
1526 9 2 10 12 11 773 728 2763 2952 2061
1527 9 2 10 12 400 884 849 2202 2596 1919
1528 9 2 10 12 416 875 700 2879 2946 2949
1529 9 2 10 12 380 840 728 2795 2922 2951
1530 9 2 10 12 300 888 721 2660 2961 1002
1531 9 2 10 12 8 807 841 2926 2962 2839
1532 9 2 10 12 414 892 717 2574 2932 2895
1533 9 2 10 12 402 827 777 2219 2910 2802
1534 9 2 10 12 419 706 902 2912 2948 2625
1535 9 2 10 12 389 734 846 2942 2927 2573
1536 9 2 10 12 407 806 813 1144 2963 2953
1537 9 2 10 12 460 711 893 2025 2466 1193
1538 9 2 10 12 434 813 806 2944 2963 1117
1539 9 2 10 12 419 721 888 2626 2961 2855
1540 9 2 10 12 432 841 807 2420 2962 2964
1541 9 2 10 12 358 738 901 2784 2940 2955
1542 9 2 10 12 408 760 885 1646 2960 2740
1543 9 2 10 12 432 807 898 2964 2965 2959
1544 9 2 10 12 407 898 807 2954 2965 2938
1545 9 2 10 12 445 880 887 1392 2966 2649
1546 9 2 10 12 314 887 880 2780 2966 1836
1547 9 2 10 12 441 900 850 2471 2967 1397
1548 9 2 10 12 315 850 900 1915 2967 2801
$EndElements
