# vtk DataFile Version 3.0
    
ASCII
DATASET UNSTRUCTURED_GRID
POINTS 1808 float
0 0 0
3 0 0
3 1 0
0 1 0
1.4 0.5 0
1.6 0.5 0
0.1 0 0
0.2 0 0
0.3 0 0
0.4 0 0
0.5 0 0
0.6 0 0
0.7 0 0
0.8 0 0
0.9 0 0
1 0 0
1.1 0 0
1.2 0 0
1.3 0 0
1.4 0 0
1.5 0 0
1.6 0 0
1.7 0 0
1.8 0 0
1.9 0 0
2 0 0
2.1 0 0
2.2 0 0
2.3 0 0
2.4 0 0
2.5 0 0
2.6 0 0
2.7 0 0
2.8 0 0
2.9 0 0
0.05 0 0
0.15 0 0
0.25 0 0
0.35 0 0
0.45 0 0
0.55 0 0
0.65 0 0
0.75 0 0
0.85 0 0
0.95 0 0
1.05 0 0
1.15 0 0
1.25 0 0
1.35 0 0
1.45 0 0
1.55 0 0
1.65 0 0
1.75 0 0
1.85 0 0
1.95 0 0
2.05 0 0
2.15 0 0
2.25 0 0
2.35 0 0
2.45 0 0
2.55 0 0
2.65 0 0
2.75 0 0
2.85 0 0
2.95 0 0
3 0.1 0
3 0.2 0
3 0.3 0
3 0.4 0
3 0.5 0
3 0.6 0
3 0.7 0
3 0.8 0
3 0.9 0
3 0.05 0
3 0.15 0
3 0.25 0
3 0.35 0
3 0.45 0
3 0.55 0
3 0.65 0
3 0.75 0
3 0.85 0
3 0.95 0
2.9 1 0
2.8 1 0
2.7 1 0
2.6 1 0
2.5 1 0
2.4 1 0
2.3 1 0
2.2 1 0
2.1 1 0
2 1 0
1.9 1 0
1.8 1 0
1.7 1 0
1.6 1 0
1.5 1 0
1.4 1 0
1.3 1 0
1.2 1 0
1.1 1 0
1 1 0
0.9 1 0
0.8 1 0
0.7 1 0
0.6 1 0
0.5 1 0
0.4 1 0
0.3 1 0
0.2 1 0
0.1 1 0
2.95 1 0
2.85 1 0
2.75 1 0
2.65 1 0
2.55 1 0
2.45 1 0
2.35 1 0
2.25 1 0
2.15 1 0
2.05 1 0
1.95 1 0
1.85 1 0
1.75 1 0
1.65 1 0
1.55 1 0
1.45 1 0
1.35 1 0
1.25 1 0
1.15 1 0
1.05 1 0
0.95 1 0
0.85 1 0
0.75 1 0
0.65 1 0
0.55 1 0
0.45 1 0
0.35 1 0
0.25 1 0
0.15 1 0
0.05 1 0
0 0.9 0
0 0.8 0
0 0.7 0
0 0.6 0
0 0.5 0
0 0.4 0
0 0.3 0
0 0.2 0
0 0.1 0
0 0.95 0
0 0.85 0
0 0.75 0
0 0.65 0
0 0.55 0
0 0.45 0
0 0.35 0
0 0.25 0
0 0.15 0
0 0.05 0
1.42929 0.429289 0
1.5 0.4 0
1.57071 0.429289 0
1.40761 0.461732 0
1.46173 0.407612 0
1.53827 0.407612 0
1.59239 0.461732 0
1.57071 0.570711 0
1.5 0.6 0
1.42929 0.570711 0
1.59239 0.538268 0
1.53827 0.592388 0
1.46173 0.592388 0
1.40761 0.538268 0
0.908065 0.500842 0
2.09182 0.501235 0
2.533 0.540958 0
0.466996 0.540958 0
1.16239 0.367113 0
1.15803 0.642496 0
1.83778 0.633068 0
1.84183 0.357652 0
0.64712 0.311346 0
2.35288 0.311346 0
0.296429 0.296429 0
2.70072 0.287577 0
0.694153 0.709702 0
2.30585 0.709702 0
0.2625 0.7375 0
2.7375 0.7375 0
0.926365 0.25745 0
2.07497 0.255613 0
1.6173 0.783176 0
1.3827 0.216824 0
1.60609 0.211351 0
1.39391 0.788649 0
2.06918 0.77023 0
0.930532 0.770385 0
0.231027 0.511643 0
2.78231 0.505604 0
2.5174 0.77705 0
0.482603 0.77705 0
0.477466 0.20264 0
2.52253 0.20264 0
0.64838 0.511616 0
2.35162 0.511616 0
1.22819 0.172834 0
1.76998 0.828237 0
1.22999 0.828115 0
1.77183 0.172962 0
1.24757 0.499418 0
1.75243 0.500582 0
1.07255 0.499219 0
1.9274 0.50216 0
1.30195 0.345869 0
1.69805 0.654131 0
1.30195 0.654131 0
1.69805 0.345869 0
0.7837 0.186076 0
2.2163 0.186076 0
0.488985 0.378317 0
2.51101 0.378317 0
0.167616 0.168057 0
2.83238 0.168057 0
0.809508 0.359874 0
2.19055 0.359928 0
0.792645 0.837945 0
2.20735 0.837945 0
1.04673 0.146911 0
1.95329 0.146971 0
0.15431 0.372396 0
2.84284 0.364955 0
0.151921 0.845979 0
2.84808 0.845979 0
1.05488 0.853216 0
1.94512 0.853216 0
0.840314 0.642094 0
2.15956 0.642114 0
1.00494 0.631131 0
2.37802 0.85475 0
0.621983 0.85475 0
1.99436 0.632462 0
1.99465 0.369102 0
1.5 0.729143 0
1.5 0.270857 0
1.00598 0.367734 0
0.334685 0.148654 0
2.67351 0.149822 0
0.146016 0.64056 0
2.85398 0.64056 0
2.64527 0.856451 0
0.354731 0.856451 0
1.51449 0.869677 0
1.48551 0.130323 0
0.616124 0.148117 0
2.38388 0.148117 0
0.557647 0.654861 0
2.44235 0.654861 0
0.351787 0.433594 0
2.64664 0.437115 0
0.321707 0.603535 0
2.67829 0.603535 0
1.40965 0.659765 0
1.40762 0.338235 0
1.59035 0.340235 0
1.59238 0.661765 0
0.883305 0.127447 0
2.1167 0.127447 0
1.31594 0.12375 0
1.68055 0.875654 0
1.30892 0.883614 0
1.69251 0.104892 0
0.773163 0.536347 0
2.22676 0.536307 0
1.06843 0.733946 0
1.91798 0.738934 0
2.04043 0.861899 0
0.959497 0.861967 0
1.92978 0.266731 0
1.08352 0.262453 0
1.31024 0.568486 0
1.31024 0.43132 0
1.68976 0.431514 0
1.68976 0.56868 0
0.426486 0.689884 0
2.57351 0.689884 0
0.114661 0.479046 0
2.88253 0.489758 0
2.54819 0.904336 0
0.451812 0.904336 0
1.27458 0.2609 0
1.72242 0.743687 0
1.27757 0.743677 0
1.72542 0.260915 0
0.405501 0.293697 0
2.58174 0.286605 0
2.89903 0.263079 0
0.100679 0.263839 0
0.70542 0.408314 0
2.29458 0.408316 0
0.0925934 0.742375 0
2.90741 0.742375 0
0.539364 0.480025 0
2.46064 0.480025 0
2.74308 0.898062 0
0.256925 0.898062 0
1.23359 0.405038 0
1.2314 0.593207 0
1.76644 0.594993 0
1.7686 0.406793 0
1.59352 0.129375 0
1.40543 0.865717 0
0.428483 0.102024 0
2.55104 0.0930881 0
1.13906 0.0983908 0
1.86094 0.0983908 0
1.85883 0.905221 0
1.14114 0.905081 0
0.545613 0.286388 0
2.45439 0.286388 0
1.15646 0.546752 0
1.84346 0.453503 0
0.907411 0.399381 0
0.70033 0.597829 0
2.29967 0.597826 0
2.09262 0.400071 0
0.249428 0.0939795 0
2.74924 0.0935037 0
0.368057 0.768136 0
2.63194 0.768136 0
0.825934 0.266684 0
2.17418 0.266541 0
0.84429 0.742459 0
2.15562 0.742468 0
1.15578 0.452441 0
1.84425 0.54778 0
0.25093 0.414364 0
2.74418 0.417776 0
0.589865 0.748959 0
2.41014 0.748959 0
2.29483 0.892386 0
0.705174 0.892386 0
0.599107 0.397561 0
2.40089 0.397561 0
1.16948 0.275923 0
1.82998 0.725191 0
1.1919 0.731166 0
1.80382 0.274296 0
2.8988 0.101197 0
0.101197 0.101197 0
1.5961 0.911366 0
1.40331 0.0885348 0
0.701307 0.119249 0
2.29869 0.119249 0
2.0819 0.593925 0
0.918313 0.593378 0
2.02515 0.086723 0
0.974857 0.0867131 0
0.20137 0.271836 0
2.79763 0.268994 0
0.991286 0.453832 0
2.00863 0.45545 0
2.14055 0.915223 0
0.859445 0.91523 0
0.544071 0.104391 0
2.453 0.103114 0
0.558462 0.920304 0
2.44154 0.920304 0
0.683974 0.219704 0
2.31603 0.219704 0
2.30543 0.800748 0
0.694569 0.800748 0
1.36134 0.379885 0
1.63866 0.620115 0
1.36168 0.61975 0
1.63832 0.38025 0
0.0846321 0.570082 0
2.91765 0.57375 0
0.36016 0.526164 0
2.63984 0.526164 0
0.237153 0.620601 0
2.76239 0.626131 0
0.435931 0.455832 0
2.56234 0.458626 0
2.00381 0.547331 0
0.996115 0.545644 0
1.07855 0.588421 0
1.25432 0.0754128 0
1.76724 0.0780262 0
1.922 0.41228 0
1.46464 0.797621 0
1.53519 0.201561 0
0.799121 0.0857262 0
2.20088 0.0857262 0
1.88055 0.209652 0
1.92041 0.588342 0
1.11648 0.196412 0
1.07897 0.412362 0
1.74444 0.925268 0
1.23179 0.919096 0
0.577182 0.579203 0
2.42282 0.579202 0
0.742609 0.292 0
2.25742 0.291985 0
0.809291 0.464331 0
2.19062 0.464448 0
1.11829 0.79248 0
1.88546 0.806318 0
2.9122 0.9122 0
0.0878002 0.9122 0
0.258594 0.193431 0
2.73734 0.196796 0
1.54131 0.792256 0
1.45866 0.207608 0
2.92883 0.35 0
0.0711738 0.35 0
0.877282 0.825597 0
2.12262 0.825553 0
0.92255 0.682318 0
0.953044 0.172732 0
2.04719 0.172406 0
2.07708 0.682476 0
0.230739 0.804482 0
2.76926 0.804482 0
0.393046 0.203239 0
2.65654 0.216888 0
2.91859 0.180056 0
0.0813912 0.180095 0
1.47528 0.664571 0
1.52472 0.335429 0
1.35198 0.285502 0
1.64992 0.714512 0
1.34909 0.714554 0
1.64687 0.284784 0
1.94788 0.066417 0
1.05213 0.066403 0
1.98362 0.788945 0
1.01784 0.787655 0
0.181788 0.71603 0
2.81688 0.720405 0
0.342519 0.0689314 0
2.64687 0.0751942 0
1.00595 0.293949 0
2.12147 0.32023 0
1.99637 0.295212 0
0.879949 0.321534 0
1.95802 0.931689 0
1.04197 0.931683 0
0.536063 0.835531 0
2.46394 0.835531 0
0.0646484 0.650603 0
2.93581 0.651337 0
0.559752 0.197991 0
2.43966 0.197736 0
0.401657 0.383268 0
2.6524 0.354535 0
1.54277 0.0655855 0
1.45273 0.935382 0
2.65 0.936855 0
0.35 0.936855 0
1.22933 0.332347 0
1.77019 0.668498 0
1.23203 0.670442 0
1.76813 0.334052 0
2.36288 0.933488 0
0.637124 0.933488 0
0.769478 0.67539 0
2.23049 0.675394 0
2.15411 0.562023 0
0.0681077 0.838347 0
0.166061 0.92778 0
2.83394 0.92778 0
2.93189 0.838347 0
0.634912 0.653485 0
2.36509 0.653485 0
0.845345 0.562306 0
1.4321 0.725717 0
1.56714 0.270587 0
1.63329 0.0617665 0
1.36926 0.936777 0
0.166026 0.555963 0
2.83977 0.567161 0
0.487829 0.628144 0
0.500856 0.701592 0
2.49914 0.701592 0
2.51217 0.628144 0
1.99285 0.713383 0
2.59355 0.165479 0
0.237011 0.340974 0
2.7538 0.338224 0
1.53594 0.650773 0
1.46406 0.349227 0
1.00239 0.71255 0
0.6323 0.0743514 0
2.36863 0.0734783 0
0.329108 0.679474 0
2.67085 0.679944 0
0.171508 0.0710128 0
2.82849 0.0710128 0
0.863838 0.201007 0
2.13616 0.201007 0
2.57558 0.826011 0
0.424417 0.826011 0
0.184398 0.448753 0
2.828 0.440934 0
1.57281 0.721937 0
1.4275 0.278042 0
0.303338 0.801067 0
2.69666 0.801067 0
0.29686 0.485225 0
2.70599 0.48826 0
1.07418 0.669491 0
1.32355 0.193428 0
1.67606 0.80688 0
1.32437 0.808068 0
1.67887 0.18775 0
0.312812 0.36957 0
1.33614 0.499871 0
1.66386 0.500129 0
1.34272 0.0575019 0
1.65728 0.942498 0
1.91489 0.667253 0
0.398714 0.61136 0
2.60128 0.611438 0
1.92533 0.332085 0
1.3674 0.448073 0
1.6326 0.551927 0
1.36747 0.551763 0
1.63253 0.448237 0
0.720205 0.4907 0
2.27978 0.490706 0
0.773165 0.93032 0
2.22683 0.930319 0
2.21412 0.602733 0
0.785726 0.602793 0
2.58856 0.384794 0
1.08585 0.33383 0
2.93099 0.422579 0
0.0680289 0.420288 0
0.327683 0.228049 0
1.53758 0.940534 0
1.46242 0.0594659 0
2.23641 0.760747 0
0.763594 0.760747 0
1.1252 0.71234 0
1.87371 0.28907 0
1.02317 0.216865 0
1.97689 0.216675 0
1.40019 0.160104 0
1.59927 0.839834 0
0.94513 0.32801 0
0.951113 0.94604 0
2.04888 0.946033 0
0.289382 0.549434 0
2.71376 0.549939 0
0.612951 0.240403 0
2.38699 0.240377 0
2.94882 0.0511834 0
0.0511834 0.0511834 0
2.05602 0.328045 0
1.87398 0.732063 0
1.87243 0.696222 0
1.91643 0.703094 0
2.15044 0.0428631 0
2.15879 0.106586 0
2.10835 0.0637233 0
0.891652 0.0637233 0
0.841213 0.106586 0
0.84956 0.0428631 0
0.51154 0.244514 0
0.475557 0.290042 0
0.441484 0.248168 0
0.447243 0.336007 0
0.517299 0.332353 0
2.55214 0.244623 0
2.51806 0.286497 0
2.48846 0.244514 0
2.4827 0.332353 0
2.54638 0.332461 0
1.1265 0.269188 0
1.12766 0.304876 0
1.08468 0.298142 0
1.45229 0.617641 0
1.44247 0.662168 0
1.41947 0.615238 0
1.54771 0.382359 0
1.55753 0.337832 0
1.58053 0.384762 0
1.87633 0.650161 0
1.83388 0.67913 0
1.12412 0.350472 0
1.16593 0.321518 0
0.222144 0.726765 0
0.209471 0.668315 0
0.249826 0.679051 0
2.74994 0.681815 0
2.78963 0.673268 0
2.77719 0.728953 0
0.694361 0.755225 0
0.642217 0.774854 0
0.642009 0.729331 0
2.35799 0.729331 0
2.35778 0.774854 0
2.30564 0.755225 0
2.4811 0.200188 0
2.44633 0.150425 0
2.48777 0.152877 0
0.510769 0.153516 0
0.551912 0.151191 0
0.518609 0.200316 0
0.283131 0.650037 0
0.295804 0.708487 0
2.70418 0.708722 0
2.71662 0.653037 0
0.122257 0.794177 0
0.137191 0.729202 0
0.166854 0.781004 0
2.83248 0.783192 0
2.86214 0.73139 0
2.87774 0.794177 0
0.206263 0.760256 0
0.19133 0.82523 0
2.80867 0.82523 0
2.79307 0.762444 0
0.452975 0.152332 0
0.486277 0.103207 0
2.50202 0.0981013 0
2.53679 0.147864 0
1.90172 0.772626 0
1.85772 0.765755 0
1.1 0.229432 0
1.14298 0.236167 0
0.74956 0.0428631 0
0.750214 0.102488 0
0.700653 0.0596244 0
2.29935 0.0596244 0
2.24979 0.102488 0
2.25044 0.0428631 0
0.79956 0.0428631 0
2.20044 0.0428631 0
0.381584 0.125339 0
0.410764 0.152631 0
0.363866 0.175946 0
1.04842 0.89245 0
1.00073 0.896825 0
1.00719 0.857592 0
1.99277 0.857558 0
1.99923 0.896794 0
1.95157 0.892453 0
0.763155 0.239038 0
0.713292 0.255852 0
0.733837 0.20289 0
2.26616 0.20289 0
2.28672 0.255845 0
2.23686 0.239031 0
0.937428 0.0433565 0
0.929081 0.10708 0
2.07092 0.107085 0
2.06257 0.0433615 0
0.804817 0.22638 0
0.784272 0.279342 0
2.2158 0.279263 0
2.19524 0.226308 0
0.605924 0.801855 0
0.658276 0.827749 0
2.34172 0.827749 0
2.39408 0.801855 0
1.51236 0.367714 0
1.48764 0.632286 0
0.674355 0.554722 0
0.638756 0.588516 0
0.612781 0.545409 0
2.38722 0.545409 0
2.36124 0.588514 0
2.32564 0.554721 0
0.57236 0.341975 0
0.544046 0.387939 0
2.45595 0.387939 0
2.42764 0.341975 0
2.52409 0.952168 0
2.57409 0.952168 0
0.425906 0.952168 0
0.475906 0.952168 0
0.667621 0.625657 0
0.606047 0.616344 0
2.39395 0.616344 0
2.33238 0.625656 0
2.94952 0.28154 0
2.94952 0.23154 0
0.0503394 0.231919 0
0.0503394 0.281919 0
1.44667 0.389258 0
1.41846 0.383762 0
1.43584 0.343731 0
1.55333 0.610742 0
1.58154 0.616238 0
1.56416 0.656269 0
2.0548 0.816064 0
2.01202 0.825422 0
2.0264 0.779588 0
1.27207 0.148292 0
1.31975 0.158589 0
1.27587 0.183131 0
1.72527 0.851946 0
1.6783 0.841267 0
1.72302 0.817559 0
1.27718 0.818092 0
1.31665 0.845841 0
1.26945 0.855865 0
1.72535 0.180356 0
1.68569 0.146321 0
1.73217 0.138927 0
0.42533 0.772593 0
0.397272 0.72901 0
0.454545 0.733467 0
2.54546 0.733467 0
2.60273 0.72901 0
2.57467 0.772593 0
0.974187 0.77902 0
0.988669 0.824811 0
0.945014 0.816176 0
1.96437 0.821081 0
2.61914 0.251746 0
2.58764 0.226042 0
2.62504 0.191183 0
1.03636 0.820435 0
0.809399 0.412102 0
0.757356 0.436322 0
0.757464 0.384094 0
2.24257 0.384122 0
2.2426 0.436382 0
2.19058 0.412188 0
2.59909 0.920595 0
2.625 0.968428 0
0.375 0.968428 0
0.400906 0.920595 0
1.39532 0.404587 0
1.38448 0.35906 0
1.60468 0.595413 0
1.61552 0.64094 0
1.38566 0.639757 0
1.39549 0.59523 0
1.61434 0.360243 0
1.60451 0.40477 0
2.55804 0.18406 0
0.623743 0.454588 0
0.652264 0.402937 0
0.6769 0.459965 0
2.3231 0.459966 0
2.34774 0.402939 0
2.37626 0.454588 0
0.593872 0.49582 0
0.569235 0.438793 0
2.43076 0.438793 0
2.40613 0.49582 0
2.15759 0.692291 0
2.11635 0.712472 0
2.11832 0.662295 0
0.881432 0.662206 0
0.88342 0.712389 0
0.842302 0.692277 0
1.29185 0.499644 0
1.32319 0.534178 0
1.2789 0.533952 0
1.2789 0.465369 0
1.32319 0.465595 0
1.70815 0.500356 0
1.67681 0.465822 0
1.7211 0.466048 0
1.7211 0.534631 0
1.67681 0.534405 0
1.73362 0.0390131 0
1.72988 0.0914593 0
1.69626 0.0524462 0
0.623113 0.354453 0
0.596366 0.298867 0
2.40363 0.298867 0
2.37689 0.354453 0
2.28718 0.449511 0
2.2352 0.477577 0
0.764748 0.477516 0
0.712813 0.449507 0
1.75721 0.876753 0
1.71249 0.900461 0
1.27035 0.901355 0
1.23089 0.873606 0
1.3061 0.388595 0
1.27191 0.418179 0
1.26777 0.375453 0
1.6939 0.611405 0
1.7281 0.581836 0
1.73224 0.624562 0
1.26667 0.623669 0
1.27082 0.580846 0
1.3061 0.611308 0
1.73333 0.376331 0
1.72918 0.419154 0
1.6939 0.388692 0
0.435256 0.20294 0
0.50318 0.510491 0
0.558273 0.529614 0
0.522089 0.56008 0
2.47791 0.56008 0
2.44173 0.529614 0
2.49682 0.510491 0
1.23948 0.546312 0
1.24058 0.452228 0
1.76052 0.453688 0
1.75944 0.547787 0
1.24126 0.124123 0
1.28513 0.0995814 0
1.76954 0.125494 0
0.833503 0.156761 0
0.873571 0.164227 0
0.823769 0.193542 0
2.17623 0.193542 0
2.12643 0.164227 0
2.1665 0.156761 0
0.79141 0.135901 0
2.20859 0.135901 0
0.996539 0.938861 0
0.955305 0.904004 0
2.04465 0.903966 0
2.00345 0.938861 0
2.69829 0.386155 0
2.7031 0.346379 0
2.74899 0.378 0
2.72726 0.312901 0
2.67656 0.321056 0
2.90881 0.221568 0
2.9593 0.190028 0
0.0406956 0.190048 0
0.0910349 0.221967 0
0.0462967 0.721187 0
0.0462967 0.771187 0
2.9537 0.771187 0
2.9537 0.721187 0
1.26589 0.959548 0
1.30446 0.941807 0
1.29907 0.227164 0
1.25139 0.216867 0
1.69924 0.775284 0
1.7462 0.785962 0
1.25378 0.785896 0
1.30097 0.775873 0
1.74862 0.216938 0
1.70215 0.224333 0
2.07313 0.726353 0
2.1124 0.756349 0
0.887411 0.756422 0
0.926541 0.726352 0
2.64763 0.896653 0
2.59673 0.880393 0
0.403271 0.880393 0
0.352365 0.896653 0
2.82024 0.316975 0
2.84833 0.266037 0
2.87094 0.314017 0
0.127494 0.318117 0
0.151025 0.267837 0
0.17784 0.322116 0
0.338602 0.108793 0
0.385501 0.0854775 0
0.514175 0.429171 0
2.48583 0.429171 0
2.0959 0.797891 0
2.08153 0.843726 0
0.918389 0.843782 0
0.903907 0.797991 0
1.03192 0.476526 0
1.03513 0.433097 0
1.07576 0.455791 0
2.72154 0.949031 0
2.77154 0.949031 0
0.228462 0.949031 0
0.278462 0.949031 0
1.88047 0.0491954 0
1.83047 0.0491954 0
1.16953 0.0491954 0
1.11953 0.0491954 0
0.350965 0.295063 0
0.359156 0.331633 0
0.30462 0.332999 0
0.532505 0.603674 0
0.477412 0.584551 0
2.52259 0.584551 0
2.46749 0.603673 0
1.20167 0.475929 0
1.19468 0.428739 0
1.79834 0.524181 0
1.80535 0.571386 0
2.9061 0.9561 0
2.9561 0.9561 0
2.9561 0.9061 0
0.0439001 0.9061 0
0.0439001 0.9561 0
0.0939001 0.9561 0
1.33909 0.910196 0
1.33463 0.968388 0
1.6629 0.0833295 0
1.66664 0.0308832 0
1.9247 0.45722 0
1.96532 0.433865 0
1.96802 0.478805 0
1.15725 0.594624 0
1.19393 0.569979 0
1.19471 0.617851 0
1.84265 0.405577 0
1.80603 0.430148 0
1.80522 0.382223 0
1.26564 0.339108 0
1.25196 0.296623 0
1.28827 0.303385 0
1.73412 0.661314 0
1.74631 0.706092 0
1.71024 0.698909 0
1.28976 0.698904 0
1.2548 0.707059 0
1.26699 0.662286 0
1.71173 0.303392 0
1.74677 0.297484 0
1.73309 0.33996 0
0.69264 0.169477 0
0.742503 0.152663 0
2.2575 0.152663 0
2.30736 0.169477 0
0.658715 0.133683 0
0.650049 0.183911 0
2.34995 0.183911 0
2.34128 0.133683 0
0.612388 0.701222 0
0.664533 0.681594 0
2.33547 0.681593 0
2.38761 0.701222 0
0.0573303 0.489523 0
0.0996464 0.524564 0
0.042316 0.535041 0
2.95883 0.536875 0
2.90009 0.531754 0
2.94127 0.494879 0
1.20202 0.523085 0
1.15612 0.499597 0
1.79795 0.477042 0
1.84386 0.500641 0
1.32136 0.0287509 0
1.29852 0.0664573 0
1.27716 0.0377064 0
1.5998 0.170363 0
1.6362 0.158563 0
1.64248 0.199551 0
1.39967 0.827183 0
1.3649 0.836893 0
1.35914 0.798359 0
1.32933 0.090626 0
0.325408 0.641504 0
0.27943 0.612068 0
2.72034 0.614833 0
2.67457 0.64174 0
0.724015 0.350157 0
0.776058 0.325937 0
2.22399 0.325956 0
2.276 0.350151 0
0.694865 0.301673 0
0.67627 0.35983 0
2.32373 0.359831 0
2.30515 0.301665 0
1.19799 0.386075 0
1.15908 0.409777 0
1.80211 0.614031 0
1.84101 0.590424 0
0.403579 0.338482 0
0.357234 0.376419 0
0.464241 0.0510118 0
0.414241 0.0510118 0
2.57552 0.0465441 0
2.52552 0.0465441 0
0.987428 0.0433565 0
2.01257 0.0433615 0
0.463671 0.695738 0
0.491729 0.739321 0
2.50827 0.739321 0
2.53633 0.695738 0
1.64429 0.667314 0
1.62115 0.688138 0
1.35666 0.332693 0
1.3798 0.311869 0
1.61861 0.31251 0
1.64259 0.332517 0
1.37937 0.68716 0
1.35539 0.667152 0
0.587938 0.173054 0
0.580097 0.126254 0
2.41844 0.125616 0
2.41177 0.172926 0
1.12057 0.952541 0
1.17057 0.952541 0
1.82941 0.95261 0
1.87941 0.95261 0
0.191585 0.63058 0
0.163902 0.678295 0
2.83543 0.680482 0
2.80819 0.633345 0
1.67398 0.684321 0
1.66835 0.637123 0
1.32697 0.315686 0
1.33165 0.362877 0
1.33182 0.63694 0
1.32552 0.684343 0
1.66818 0.36306 0
1.67246 0.315326 0
0.274714 0.0469897 0
0.224714 0.0469897 0
2.77462 0.0467518 0
2.72462 0.0467518 0
1.18556 0.866598 0
1.12971 0.848781 0
1.17414 0.810298 0
2.9593 0.140028 0
2.9087 0.140627 0
2.9494 0.100599 0
0.0505987 0.100599 0
0.0912943 0.140646 0
0.0406956 0.140048 0
2.47077 0.960152 0
2.49486 0.91232 0
0.505137 0.91232 0
0.529231 0.960152 0
0.736746 0.567088 0
0.710267 0.544264 0
0.746684 0.513524 0
2.25327 0.513506 0
2.28972 0.544266 0
2.26321 0.567067 0
1.63991 0.857744 0
1.63767 0.823357 0
1.35806 0.141927 0
1.36187 0.176766 0
0.684292 0.501158 0
2.3157 0.501161 0
1.64301 0.117134 0
1.35718 0.874666 0
1.04248 0.390048 0
0.998633 0.410783 0
1.82772 0.817278 0
1.87214 0.855769 0
1.8144 0.866729 0
2.64952 0.395825 0
2.69541 0.427445 0
1.22203 0.268411 0
1.19883 0.224378 0
1.7762 0.734439 0
1.79998 0.776714 0
1.21094 0.77964 0
1.23473 0.737421 0
1.78782 0.223629 0
1.76462 0.267606 0
1.33579 0.405602 0
1.66421 0.594398 0
1.33596 0.594118 0
1.66404 0.405882 0
2.00164 0.412276 0
1.95833 0.390691 0
1.08658 0.822848 0
1.09801 0.879149 0
1.90197 0.879219 0
1.91529 0.829767 0
1.96561 0.524745 0
1.96211 0.567836 0
1.92391 0.545251 0
1.11416 0.47583 0
1.11451 0.522986 0
1.88583 0.52497 0
1.88543 0.477831 0
1.80163 0.915245 0
1.18647 0.912089 0
1.81639 0.135676 0
1.87075 0.154021 0
1.82619 0.191307 0
1.81409 0.0882085 0
1.78362 0.0390131 0
1.22716 0.0377064 0
1.19669 0.0869018 0
1.63833 0.89351 0
1.59769 0.8756 0
1.35963 0.106142 0
1.40175 0.124319 0
0.184493 0.219946 0
0.134147 0.215948 0
2.86571 0.215568 0
2.81501 0.218525 0
0.487647 0.467928 0
0.462458 0.417074 0
0.451463 0.498395 0
2.51149 0.469326 0
2.54767 0.499792 0
2.53668 0.418472 0
0.377797 0.684679 0
0.363911 0.645417 0
0.4126 0.650622 0
2.5874 0.650661 0
2.63607 0.645691 0
2.62218 0.684914 0
1.57064 0.206456 0
1.56435 0.165468 0
1.42927 0.793135 0
1.43504 0.831669 0
1.17234 0.184623 0
1.12777 0.147401 0
1.18363 0.135612 0
2.69805 0.084349 0
2.67343 0.0375971 0
0.32126 0.0344657 0
0.295974 0.0814554 0
0.312056 0.262239 0
0.366592 0.260873 0
1.9508 0.76394 0
1.93454 0.797632 0
1.07555 0.54382 0
1.03733 0.567032 0
1.03433 0.522432 0
1.67864 0.971249 0
1.70086 0.933883 0
1.72222 0.962634 0
1.09336 0.763213 0
1.06806 0.790067 0
1.04313 0.7608 0
1.84219 0.241974 0
1.21196 0.700804 0
1.78597 0.304174 0
1.1994 0.304135 0
1.80008 0.696845 0
2.60376 0.797073 0
2.54649 0.80153 0
0.45351 0.80153 0
0.396237 0.797073 0
0.305828 0.877257 0
0.280132 0.849565 0
0.329034 0.828759 0
2.67097 0.828759 0
2.71987 0.849565 0
2.69417 0.877257 0
2.04364 0.384586 0
2.05063 0.42776 0
1.91692 0.178311 0
1.90712 0.122681 0
0.949349 0.426606 0
0.956695 0.383557 0
0.0340145 0.460144 0
0.0913448 0.449667 0
2.90676 0.456169 0
2.96549 0.461289 0
2.95883 0.586875 0
0.042316 0.585041 0
1.66891 0.909076 0
1.09289 0.122651 0
1.08161 0.171662 0
0.0323242 0.675302 0
0.0786209 0.696489 0
0.119305 0.691467 0
0.105332 0.645581 0
2.8949 0.645948 0
2.92161 0.696856 0
2.8807 0.691467 0
2.9679 0.675668 0
2.26817 0.692548 0
2.26508 0.63661 0
2.30276 0.653764 0
0.697241 0.653765 0
0.734904 0.636609 0
0.731815 0.692546 0
1.15509 0.761823 0
2.83242 0.497681 0
2.86115 0.528459 0
2.81104 0.536382 0
2.59895 0.0841412 0
2.62021 0.120336 0
2.57229 0.129283 0
0.134485 0.425721 0
0.111169 0.396342 0
2.49067 0.80629 0
2.51976 0.830771 0
0.509333 0.80629 0
0.48024 0.830771 0
0.303462 0.917459 0
0.325 0.968428 0
2.69654 0.917459 0
2.675 0.968428 0
0.0803505 0.790361 0
0.0340538 0.819174 0
2.96595 0.819174 0
2.91965 0.790361 0
0.219191 0.306405 0
0.19566 0.356685 0
2.79832 0.35159 0
2.77571 0.303609 0
0.596279 0.654173 0
0.573756 0.70191 0
2.42624 0.70191 0
2.40372 0.654173 0
2.50606 0.869933 0
2.56189 0.865173 0
0.438115 0.865173 0
0.493937 0.869933 0
1.53951 0.129849 0
1.51035 0.165942 0
1.45996 0.867697 0
1.48957 0.833649 0
1.31328 0.273201 0
1.68617 0.729099 0
1.31333 0.729116 0
1.68614 0.272849 0
2.05023 0.478342 0
2.09222 0.450653 0
0.169354 0.410574 0
0.14953 0.463899 0
2.80516 0.473269 0
2.85527 0.465346 0
2.66019 0.112508 0
2.71137 0.121663 0
0.292057 0.121317 0
1.11751 0.567586 0
0.907738 0.450111 0
0.949676 0.477337 0
1.88233 0.568061 0
0.522036 0.0521955 0
2.4765 0.0515572 0
0.360211 0.607448 0
2.63979 0.607487 0
1.88273 0.432891 0
1.11738 0.432401 0
2.61043 0.841231 0
0.389574 0.841231 0
0.37126 0.0344657 0
2.62343 0.0375971 0
0.175212 0.502358 0
0.140344 0.517504 0
2.88692 0.393767 0
2.87949 0.431756 0
2.83542 0.402944 0
2.67863 0.252233 0
2.69694 0.206842 0
2.71903 0.242187 0
0.112742 0.361198 0
0.0859263 0.306919 0
2.96441 0.325 0
2.91393 0.30654 0
0.0355869 0.325 0
2.88583 0.357478 0
0.198527 0.533803 0
0.207713 0.480198 0
0.348583 0.723805 0
2.6514 0.72404 0
1.87713 0.249361 0
1.83876 0.281683 0
2.87549 0.174056 0
0.124504 0.174076 0
0.2489 0.284132 0
0.229982 0.232634 0
0.277511 0.24493 0
2.76749 0.232895 0
2.74917 0.278286 0
1.21589 0.959548 0
1.77222 0.962634 0
0.399273 0.248468 0
2.64123 0.287091 0
0.110014 0.842163 0
2.88999 0.842163 0
1.11829 0.615458 0
1.38463 0.968388 0
1.411 0.936079 0
1.42636 0.967691 0
1.61664 0.0308832 0
1.58803 0.063676 0
1.57139 0.0327928 0
1.90843 0.918455 0
1.09155 0.918382 0
1.36734 0.251163 0
1.33777 0.239465 0
1.35313 0.205126 0
1.63361 0.748844 0
1.66299 0.760696 0
1.64668 0.795028 0
1.33673 0.761311 0
1.3715 0.751602 0
1.66287 0.236267 0
1.62648 0.248067 0
1.48203 0.374613 0
1.51797 0.625387 0
2.42077 0.960152 0
0.579231 0.960152 0
2.58515 0.3357 0
2.54979 0.381556 0
1.88192 0.384966 0
2.63353 0.15765 0
1.56814 0.0974802 0
1.6134 0.0955707 0
1.42908 0.900549 0
1.38735 0.901247 0
0.572036 0.0521955 0
2.4265 0.0515572 0
0.445321 0.380793 0
2.61707 0.32057 0
1.12174 0.75241 0
1.15855 0.721753 0
0.85846 0.379627 0
0.858351 0.431856 0
0.858678 0.482586 0
1.95739 0.610402 0
1.99908 0.589896 0
1.00053 0.588388 0
1.04174 0.609776 0
2.78851 0.912921 0
2.81697 0.96389 0
0.183031 0.96389 0
0.211493 0.912921 0
2.07949 0.6382 0
2.12073 0.618019 0
0.829723 0.957615 0
0.879723 0.957615 0
2.12027 0.957611 0
2.17027 0.957611 0
1.92901 0.965845 0
1.07098 0.965842 0
2.14162 0.432259 0
2.14159 0.379999 0
2.25639 0.819346 0
2.30013 0.846567 0
2.25109 0.865165 0
0.74891 0.865165 0
0.699872 0.846567 0
0.743607 0.819346 0
2.14122 0.482841 0
0.879314 0.617736 0
0.920431 0.637848 0
0.876705 0.531574 0
0.827318 0.513318 0
0.95209 0.523243 0
0.957214 0.569511 0
0.913189 0.54711 0
2.2223 0.639064 0
2.25689 0.60028 0
0.743028 0.600311 0
0.777602 0.639092 0
2.08686 0.54758 0
2.04286 0.570628 0
2.04782 0.524283 0
0.29664 0.171042 0
0.254011 0.143705 0
0.208522 0.131018 0
0.213105 0.180744 0
2.78486 0.182426 0
2.74329 0.14515 0
2.79081 0.13078 0
2.70542 0.173309 0
2.17237 0.513235 0
2.12297 0.531629 0
0.243832 0.851272 0
0.204423 0.872021 0
2.79558 0.872021 0
2.75617 0.851272 0
2.33642 0.873568 0
0.663579 0.873568 0
0.393859 0.444713 0
0.398045 0.490998 0
0.355974 0.479879 0
0.413578 0.533561 0
2.64324 0.481639 0
2.60109 0.492395 0
2.60449 0.44787 0
2.58642 0.533561 0
2.84101 0.88688 0
0.158991 0.88688 0
0.791227 0.500339 0
0.809254 0.549327 0
2.20869 0.500377 0
2.19044 0.549165 0
2.00622 0.50139 0
0.844886 0.233846 0
2.15517 0.233774 0
0.993701 0.499738 0
0.665547 0.265525 0
2.33445 0.265525 0
0.905279 0.930635 0
0.925557 0.97302 0
2.07444 0.973016 0
2.09471 0.930628 0
0.246619 0.770991 0
2.75338 0.770991 0
1.04943 0.106657 0
1.09559 0.0823969 0
1.90441 0.0824039 0
1.95058 0.106694 0
1.51797 0.689958 0
1.55437 0.686355 0
1.5364 0.72554 0
1.48203 0.310042 0
1.44578 0.313635 0
1.46375 0.27445 0
0.909471 0.888599 0
2.09049 0.888561 0
1.00596 0.330842 0
1.0459 0.31389 0
1.04591 0.350782 0
2.43259 0.617032 0
0.567414 0.617032 0
0.169562 0.119535 0
0.210468 0.0824961 0
2.78887 0.0822583 0
2.83044 0.119535 0
1.19586 0.34973 0
1.23146 0.368692 0
1.80398 0.650783 0
1.76831 0.631745 0
1.23171 0.631824 0
1.19503 0.656469 0
1.76836 0.370423 0
1.80498 0.345852 0
0.267038 0.802775 0
2.73296 0.802775 0
1.8791 0.610705 0
1.07606 0.0332015 0
1.92394 0.0332085 0
0.360365 0.215644 0
0.293139 0.21074 0
1.95999 0.350594 0
1.96085 0.313648 0
1.99551 0.332157 0
1.12068 0.389737 0
2.13159 0.870388 0
0.868363 0.870414 0
0.860786 0.784028 0
2.13912 0.784011 0
1.03956 0.650311 0
1.03829 0.691021 0
1.00366 0.671841 0
1.4051 0.247433 0
1.38974 0.281772 0
1.59505 0.752557 0
1.61136 0.718225 0
0.817721 0.313279 0
2.18237 0.313234 0
2.17395 0.876584 0
2.16499 0.831749 0
0.834964 0.831771 0
0.826045 0.876587 0
0.918174 0.150089 0
0.908441 0.18687 0
2.09168 0.186707 0
2.08194 0.149926 0
1.9936 0.672923 0
1.95387 0.690318 0
1.95462 0.649858 0
2.03567 0.275412 0
1.98663 0.255943 0
2.02593 0.236144 0
2.86365 0.0861051 0
2.86559 0.134627 0
0.134407 0.134627 0
0.136352 0.0861051 0
0.818468 0.790202 0
2.18149 0.790206 0
0.974767 0.237158 0
1.01456 0.255407 0
0.966155 0.275699 0
2.38432 0.0367392 0
2.33432 0.0367392 0
0.66615 0.0371757 0
0.61615 0.0371757 0
2.26342 0.96516 0
2.26083 0.911353 0
2.29741 0.946193 0
0.702587 0.946193 0
0.73917 0.911353 0
0.736583 0.96516 0
0.961627 0.612255 0
1.41756 0.308139 0
1.58259 0.691851 0
0.135754 0.0355064 0
0.100599 0.0505987 0
2.8994 0.0505987 0
2.86425 0.0355064 0
0.0340145 0.410144 0
2.96549 0.411289 0
1.04473 0.278201 0
2.03813 0.613194 0
0.668562 0.966744 0
0.671149 0.912937 0
2.32885 0.912937 0
2.33144 0.966744 0
0.552682 0.24219 0
2.44703 0.242062 0
1.47636 0.967691 0
1.52139 0.0327928 0
0.536234 0.763005 0
0.562964 0.792245 0
0.579023 0.845141 0
2.43704 0.792245 0
2.46377 0.763005 0
2.42098 0.845141 0
0.185754 0.0355064 0
2.81425 0.0355064 0
1.42087 0.692741 0
1.39059 0.720136 0
1.57875 0.305411 0
1.60701 0.277686 0
0.361394 0.812293 0
2.63861 0.812293 0
1.413 0.757183 0
1.58662 0.240969 0
2.33366 0.0963636 0
0.666803 0.0968001 0
0.926271 0.363695 0
0.975554 0.347872 0
1.96308 0.280971 0
1.92755 0.299408 0
0.939704 0.215091 0
0.988106 0.194799 0
2.01204 0.194541 0
2.06108 0.21401 0
2.03617 0.129565 0
0.96395 0.129723 0
0.844728 0.340704 0
0.89368 0.360457 0
2.21342 0.96516 0
0.786583 0.96516 0
2.45464 0.725276 0
2.47075 0.678226 0
0.54536 0.725276 0
0.529251 0.678226 0
2.86697 0.96389 0
0.0340538 0.869174 0
0.133031 0.96389 0
2.96595 0.869174 0
2.02533 0.348574 0
2.07432 0.364058 0
0.579282 0.263396 0
0.630036 0.275875 0
2.36993 0.275861 0
2.42069 0.263383 0
2.10704 0.36015 0
2.15601 0.340079 0
2.14783 0.293385 0
0.852941 0.294109 0
1.51414 0.097954 0
1.48361 0.90253 0
0.618562 0.966744 0
2.38144 0.966744 0
0.895101 0.229229 0
2.10557 0.22831 0
2.12458 0.261077 0
2.09822 0.287921 0
2.66502 0.183355 0
0.903157 0.289492 0
0.876149 0.262067 0
1.17496 0.686831 0
1.82283 0.315974 0
0.782905 0.884132 0
2.21709 0.884132 0
1.60829 0.811505 0
1.39145 0.188464 0
2.96441 0.375 0
0.0355869 0.375 0
0.779444 0.56957 0
2.22044 0.56952 0
1.51236 0.303143 0
1.49439 0.342328 0
1.48764 0.696857 0
1.50561 0.657672 0
2.47726 0.641503 0
0.522738 0.641503 0
0.240979 0.463004 0
0.273895 0.449795 0
0.263944 0.498434 0
0.324324 0.45941 0
0.301359 0.423979 0
2.74415 0.496932 0
2.72509 0.453018 0
2.76325 0.46169 0
2.67632 0.462687 0
0.315279 0.752818 0
0.335698 0.784602 0
0.282919 0.769284 0
2.6643 0.784602 0
2.71708 0.769284 0
2.68472 0.752818 0
2.45274 0.877917 0
0.547262 0.877917 0
1.02606 0.0332015 0
1.97394 0.0332085 0
2.03572 0.657469 0
0.963745 0.656725 0
0.806884 0.708925 0
0.804896 0.658742 0
2.19502 0.658754 0
2.19305 0.708931 0
1.55688 0.854756 0
1.5553 0.890522 0
1.44285 0.145213 0
1.44441 0.109429 0
1.05334 0.239659 0
1.06983 0.206639 0
0.648462 0.230054 0
0.614537 0.19426 0
2.38543 0.194247 0
2.35151 0.230041 0
1.03541 0.723248 0
1.07131 0.701719 0
1.90517 0.238191 0
1.92872 0.213163 0
1.95333 0.241703 0
2.37045 0.894119 0
0.629553 0.894119 0
0.20262 0.39338 0
0.217664 0.431559 0
2.78609 0.429355 0
0.125329 0.563022 0
2.87871 0.570455 0
0.243971 0.377669 0
2.79351 0.391365 0
1.98922 0.116847 0
2.00024 0.159689 0
0.999886 0.159822 0
1.01079 0.116812 0
1.52065 0.760699 0
1.50297 0.794938 0
1.48232 0.763382 0
1.47933 0.239233 0
1.49692 0.204585 0
1.51759 0.236209 0
0.77812 0.799346 0
0.803942 0.751603 0
2.19601 0.751607 0
2.22188 0.799346 0
1.95541 0.726159 0
1.03495 0.181888 0
1.45369 0.695144 0
1.54593 0.303008 0
1.96509 0.181823 0
1.56684 0.92595 0
1.52604 0.905106 0
1.43287 0.0740004 0
1.47396 0.0948942 0
1.97901 0.965845 0
1.02098 0.965842 0
0.816305 0.922775 0
2.18369 0.922771 0
1.46605 0.72743 0
1.53357 0.270722 0
1.01349 0.076558 0
1.98651 0.07657 0
0.281871 0.391967 0
0.332299 0.401582 0
2.87307 0.91999 0
0.0779539 0.875274 0
0.126931 0.91999 0
2.92205 0.875274 0
0.0696014 0.385144 0
2.92991 0.386289 0
0.0323242 0.625302 0
2.9679 0.625668 0
0.588186 0.0893712 0
2.41082 0.0882964 0
1.48121 0.0297329 0
1.43121 0.0297329 0
1.51879 0.970267 0
1.56879 0.970267 0
1.90175 0.2779 0
2.02444 0.973016 0
0.975557 0.97302 0
1.40166 0.0442674 0
1.59805 0.955683 0
1.09681 0.723143 0
1.62864 0.971249 0
1.37136 0.0287509 0
1.37302 0.0730184 0
1.62669 0.926932 0
1.5279 0.830967 0
1.47208 0.168965 0
2.11801 0.577974 0
0.586352 0.219197 0
2.41333 0.219057 0
0.0761904 0.0761904 0
0.0755917 0.0255917 0
2.92381 0.0761904 0
2.97441 0.0755917 0
2.92441 0.0255917 0
0.0255917 0.0755917 0
0.881829 0.577842 0
0.376722 0.408431 0
0.418794 0.41955 0
1.14161 0.677418 0
1.85777 0.323361 0
0.590222 0.887527 0
2.40978 0.887527 0
2.40221 0.926896 0
0.597793 0.926896 0
2.15684 0.602068 0
0.0746402 0.610342 0
0.115324 0.605321 0
2.88582 0.607155 0
2.92673 0.612544 0
0.842829 0.6022 0
0.624212 0.111234 0
2.37625 0.110798 0
0.0255917 0.0255917 0
2.97441 0.0255917 0
1.07637 0.628956 0
1.39838 0.561237 0
1.38373 0.525882 0
1.60162 0.438763 0
1.61627 0.474118 0
1.3837 0.474036 0
1.39835 0.438681 0
1.6163 0.525964 0
1.60165 0.561319 0
1.91765 0.627798 0
0.26672 0.318702 0
2.27092 0.780747 0
2.27113 0.735224 0
0.728874 0.735224 0
0.729082 0.780747 0
1.92366 0.372183 0
1.08241 0.373096 0
0.156021 0.598261 0
2.84688 0.60386 0
0.340934 0.56485 0
0.379437 0.568762 0
0.432855 0.576159 0
2.62056 0.568801 0
2.65907 0.56485 0
2.56714 0.576198 0
0.20159 0.588282 0
2.80108 0.596646 0
0.23409 0.566122 0
2.77235 0.565867 0
1.44837 0.761669 0
1.55117 0.236074 0
0.962468 0.697434 0
2.62048 0.369664 0
2.08874 0.324138 0
2.0655 0.291829 0
1.36437 0.413979 0
1.63563 0.586021 0
1.36458 0.585757 0
1.63542 0.414243 0
2.02619 0.311628 0
0.305544 0.576485 0
0.324771 0.537799 0
2.6768 0.538051 0
2.69603 0.576737 0
2.03497 0.69793 0
0.975538 0.310979 0
0.935747 0.29273 0
0.912539 0.324772 0
1.57029 0.816045 0
1.42942 0.183856 0
0.11986 0.879089 0
2.88014 0.879089 0
2.57545 0.42171 0
2.6176 0.410954 0
0.32851 0.505695 0
2.67292 0.507212 0
0.81302 0.622444 0
2.18684 0.622423 0
0.443272 0.619752 0
0.457158 0.659014 0
2.54284 0.659014 0
2.55673 0.619791 0
1.11611 0.655994 0
1.5793 0.787716 0
1.55706 0.757097 0
1.42068 0.212216 0
1.44308 0.242825 0
1.33886 0.560125 0
1.33882 0.439697 0
1.66114 0.439875 0
1.66118 0.560303 0
2.03102 0.741807 0
1.88358 0.344868 0
0.260205 0.530539 0
0.263267 0.585017 0
2.73808 0.588035 0
2.74804 0.527771 0
0.331184 0.188352 0
0.96646 0.741468 0
0.274911 0.355272 0
1.98823 0.751164 0
1.49516 0.937958 0
1.50259 0.0625257 0
0.494342 0.664868 0
2.50566 0.664868 0
1.01011 0.750102 0
2.23345 0.71807 0
0.766536 0.718068 0
2.18412 0.582378 0
0.815535 0.582549 0
0.293121 0.51733 0
2.70988 0.5191 0
1.36807 0.499935 0
1.35177 0.473972 0
1.63193 0.500065 0
1.64823 0.526028 0
1.3518 0.525817 0
1.6482 0.474183 0
1.09969 0.690916 0
1.89952 0.310577 0
CELLS 860 6020
6 277 347 523 562 563 564
6 26 395 269 565 566 567
6 14 268 394 568 569 570
6 204 320 296 571 572 573
6 222 296 320 574 572 575
6 205 297 321 576 577 578
6 223 321 297 579 577 580
6 281 346 538 581 582 583
6 171 430 264 584 585 586
6 164 431 266 587 588 589
6 182 523 347 590 563 591
6 180 538 346 592 582 593
6 190 440 382 594 595 596
6 191 383 441 597 598 599
6 188 373 340 600 601 602
6 189 341 372 603 604 605
6 205 455 367 606 607 608
6 204 366 454 609 610 611
6 190 382 497 596 612 613
6 191 498 383 614 615 597
6 234 302 440 616 617 618
6 235 441 303 619 620 621
6 234 440 424 618 622 623
6 235 425 441 624 625 619
6 204 314 366 626 627 609
6 205 367 315 608 628 629
6 277 409 347 630 631 562
6 281 398 346 632 633 581
6 12 394 354 634 635 636
6 28 355 395 637 638 639
6 12 13 394 42 640 634
6 27 28 395 57 639 641
6 248 314 426 642 643 644
6 236 449 279 645 646 647
6 237 278 448 648 649 650
6 220 404 370 651 652 653
6 221 371 405 654 655 656
6 14 359 268 657 658 568
6 26 269 358 567 659 660
6 220 332 404 661 662 651
6 221 405 333 656 663 664
6 26 27 395 56 641 565
6 13 14 394 43 570 640
6 242 340 373 665 601 666
6 241 372 341 667 604 668
6 163 431 164 669 587 167
6 170 430 171 670 584 174
6 206 325 402 671 672 673
6 207 403 326 674 675 676
6 222 320 344 575 677 678
6 223 345 321 679 680 579
6 87 88 290 117 681 682
6 108 109 291 138 683 684
6 325 475 402 685 686 672
6 326 403 476 675 687 688
6 66 67 298 76 689 690
6 149 150 299 159 691 692
6 493 162 265 693 694 695
6 492 169 267 696 697 698
6 198 278 438 699 700 701
6 208 270 514 702 703 704
6 209 271 515 705 706 707
6 210 516 272 708 709 710
6 211 517 273 711 712 713
6 203 330 286 714 715 716
6 202 287 331 717 718 719
6 199 439 279 720 721 722
6 237 438 278 723 700 648
6 427 297 489 724 725 726
6 236 279 439 647 721 727
6 226 406 300 728 729 730
6 227 301 407 731 732 733
6 87 290 460 682 734 735
6 109 461 291 736 737 683
6 265 162 374 694 738 739
6 267 169 375 697 740 741
6 171 264 376 586 742 743
6 164 266 377 589 744 745
6 297 205 489 576 746 725
6 206 344 300 747 748 749
6 207 301 345 750 751 752
6 206 304 344 753 754 747
6 207 345 305 752 755 756
6 239 335 423 757 758 759
6 238 420 334 760 761 762
6 212 519 282 763 764 765
6 212 283 519 766 767 763
6 213 520 284 768 769 770
6 213 285 520 771 772 768
6 22 390 273 773 774 775
6 184 344 320 776 677 777
6 185 321 345 778 680 779
6 301 532 407 780 781 732
6 300 406 531 729 782 783
6 209 400 271 784 785 705
6 210 272 401 710 786 787
6 216 283 308 788 789 790
6 217 285 310 791 792 793
6 218 309 282 794 795 796
6 219 311 284 797 798 799
6 204 426 314 800 643 626
6 179 304 402 801 802 803
6 178 403 305 804 805 806
6 212 282 309 765 795 807
6 212 308 283 808 789 766
6 213 284 311 770 798 809
6 213 310 285 810 792 771
6 208 389 270 811 812 702
6 211 273 390 713 774 813
6 220 268 501 814 815 816
6 221 502 269 817 818 819
6 220 394 268 820 569 814
6 221 269 395 819 566 821
6 279 449 553 646 822 823
6 278 554 448 824 825 649
6 339 457 491 826 827 828
6 187 491 457 829 827 830
6 66 298 428 690 831 832
6 150 429 299 833 834 691
6 144 145 302 154 835 836
6 71 72 303 81 837 838
6 100 401 272 839 786 840
6 208 514 292 704 841 842
6 209 515 293 707 843 844
6 210 294 516 845 846 708
6 211 295 517 847 848 711
6 198 423 335 849 758 850
6 199 334 420 851 761 852
6 252 460 290 853 734 854
6 253 291 461 855 737 856
6 233 361 298 857 858 859
6 232 299 360 860 861 862
6 248 442 314 863 864 642
6 222 344 304 678 754 865
6 223 305 345 866 755 679
6 198 419 278 867 868 699
6 199 279 418 722 869 870
6 214 362 399 871 872 873
6 85 86 306 115 874 875
6 110 111 307 140 876 877
6 23 24 317 53 878 879
6 16 17 316 46 880 881
6 186 296 518 882 883 884
6 179 402 484 803 885 886
6 178 487 403 887 888 804
6 212 336 308 889 890 808
6 213 337 310 891 892 810
6 2 84 410 113 893 894
6 2 410 73 894 895 83
6 3 143 411 152 896 897
6 3 411 112 897 898 142
6 100 272 481 840 899 900
6 22 273 480 775 901 902
6 215 391 363 903 904 905
6 181 322 309 906 907 908
6 183 323 311 909 910 911
6 216 462 292 912 913 914
6 217 463 293 915 916 917
6 218 294 464 918 919 920
6 219 295 465 921 922 923
6 220 370 354 653 924 925
6 221 355 371 926 927 654
6 256 354 370 928 924 929
6 257 371 355 930 927 931
6 188 340 475 602 932 933
6 189 476 341 934 935 603
6 147 288 378 936 937 938
6 69 379 289 939 940 941
6 212 322 336 942 943 889
6 213 323 337 944 945 891
6 18 521 389 946 947 948
6 196 312 517 949 950 951
6 197 313 516 952 953 954
6 212 309 322 807 907 942
6 213 311 323 809 910 944
6 270 389 521 812 947 955
6 262 497 382 956 612 957
6 263 383 498 958 615 959
6 226 300 404 730 960 961
6 227 405 301 962 963 731
6 184 404 300 964 960 965
6 185 301 405 966 963 967
6 180 308 336 968 890 969
6 182 310 337 970 892 971
6 296 456 518 972 973 883
6 184 300 344 965 748 776
6 185 345 301 779 751 966
6 9 10 314 39 974 975
6 30 31 315 60 976 977
6 14 15 359 44 978 657
6 25 26 358 55 660 979
6 203 286 485 716 980 981
6 202 486 287 982 983 717
6 267 375 433 741 984 985
6 265 374 432 739 986 987
6 266 435 377 988 989 744
6 264 434 376 990 991 742
6 256 454 366 992 610 993
6 257 367 455 994 607 995
6 101 102 319 131 996 997
6 94 95 318 124 998 999
6 250 382 440 1000 595 1001
6 251 441 383 1002 598 1003
6 217 433 375 1004 984 1005
6 216 432 374 1006 986 1007
6 218 376 434 1008 991 1009
6 219 377 435 1010 989 1011
6 7 8 328 37 1012 1013
6 32 33 329 62 1014 1015
6 210 319 408 1016 1017 1018
6 65 428 350 1019 1020 1021
6 151 351 429 1022 1023 1024
6 88 369 290 1025 1026 681
6 108 291 368 684 1027 1028
6 274 325 531 1029 1030 1031
6 275 532 326 1032 1033 1034
6 271 551 515 1035 1036 706
6 270 550 514 1037 1038 703
6 206 531 325 1039 1030 671
6 207 326 532 676 1033 1040
6 65 66 428 75 832 1019
6 150 151 429 160 1024 833
6 273 517 312 712 950 1041
6 272 516 313 709 953 1042
6 247 399 362 1043 872 1044
6 209 409 318 1045 1046 1047
6 261 457 339 1048 826 1049
6 208 292 346 842 1050 1051
6 209 293 347 844 1052 1053
6 210 348 294 1054 1055 845
6 211 349 295 1056 1057 847
6 216 374 283 1007 1058 788
6 217 375 285 1005 1059 791
6 218 282 376 796 1060 1008
6 219 284 377 799 1061 1010
6 244 363 391 1062 904 1063
6 236 408 319 1064 1017 1065
6 237 318 409 1066 1046 1067
6 215 386 397 1068 1069 1070
6 214 336 322 1071 943 1072
6 215 337 323 1073 945 1074
6 209 318 400 1047 1075 784
6 210 401 319 787 1076 1016
6 211 317 396 1077 1078 1079
6 23 317 390 879 1080 1081
6 17 389 316 1082 1083 880
6 271 352 551 1084 1085 1035
6 270 353 550 1086 1087 1037
6 224 360 299 1088 861 1089
6 225 298 361 1090 858 1091
6 222 304 384 865 1092 1093
6 179 384 304 1094 1092 801
6 178 305 385 806 1095 1096
6 223 385 305 1097 1095 866
6 286 497 524 1098 1099 1100
6 287 525 498 1101 1102 1103
6 196 393 312 1104 1105 949
6 197 392 313 1106 1107 952
6 208 398 316 1108 1109 1110
6 32 329 443 1015 1111 1112
6 8 442 328 1113 1114 1012
6 208 346 398 1051 633 1108
6 186 541 296 1115 1116 882
6 277 438 409 1117 1118 630
6 214 388 387 1119 1120 1121
6 96 522 400 1122 1123 1124
6 276 408 439 1125 1126 1127
6 211 396 349 1079 1128 1056
6 22 23 390 52 1081 773
6 17 18 389 47 948 1082
6 294 348 464 1055 1129 919
6 295 349 465 1057 1130 922
6 292 462 346 913 1131 1050
6 293 463 347 916 1132 1052
6 202 331 503 719 1133 1134
6 203 504 330 1135 1136 714
6 208 316 389 1110 1083 811
6 211 390 317 813 1080 1077
6 253 307 509 1137 1138 1139
6 252 510 306 1140 1141 1142
6 244 327 363 1143 1144 1062
6 231 396 317 1145 1078 1146
6 247 362 324 1044 1147 1148
6 147 540 288 1149 1150 936
6 69 289 539 941 1151 1152
6 69 70 379 79 1153 939
6 146 147 378 156 938 1154
6 271 400 522 785 1123 1155
6 209 347 409 1053 631 1045
6 237 409 438 1067 1118 723
6 230 316 398 1156 1109 1157
6 236 439 408 727 1126 1064
6 145 452 302 1158 1159 835
6 250 302 452 1160 1159 1161
6 251 453 303 1162 1163 1164
6 71 303 453 838 1163 1165
6 189 469 326 1166 1167 1168
6 188 325 468 1169 1170 1171
6 210 408 348 1018 1172 1054
6 201 289 483 1173 1174 1175
6 315 443 489 1176 1177 1178
6 232 288 540 1179 1150 1180
6 451 202 503 1181 1134 1182
6 504 203 450 1135 1183 1184
6 253 461 307 856 1185 1137
6 110 307 461 877 1185 1186
6 252 306 460 1142 1187 853
6 86 460 306 1188 1187 874
6 144 302 471 836 1189 1190
6 72 474 303 1191 1192 837
6 232 360 490 862 1193 1194
6 233 491 361 1195 1196 857
6 258 475 340 1197 932 1198
6 259 341 476 1199 935 1200
6 290 451 503 1201 1182 1202
6 291 504 450 1203 1184 1204
6 255 312 393 1205 1105 1206
6 254 313 392 1207 1107 1208
6 216 292 432 914 1209 1006
6 217 293 433 917 1210 1004
6 218 434 294 1009 1211 918
6 219 435 295 1011 1212 921
6 177 363 327 1213 1144 1214
6 232 505 288 1215 1216 1179
6 201 506 289 1217 1218 1173
6 249 443 329 1219 1111 1220
6 248 328 442 1221 1114 863
6 214 322 388 1072 1222 1119
6 176 324 362 1223 1147 1224
6 215 397 337 1070 1225 1073
6 10 366 314 1226 627 974
6 30 315 367 977 628 1227
6 262 524 497 1228 1099 956
6 263 498 525 959 1102 1229
6 215 323 391 1074 1230 903
6 214 399 336 873 1231 1071
6 252 290 503 854 1202 1232
6 253 504 291 1233 1203 855
6 9 314 442 975 864 1234
6 31 443 315 1235 1176 976
6 288 505 482 1216 1236 1237
6 233 539 506 1238 1239 1240
6 187 427 413 1241 1242 1243
6 206 300 531 749 783 1039
6 207 532 301 1040 780 750
6 232 417 299 1244 1245 860
6 67 416 298 1246 1247 689
6 149 299 417 692 1245 1248
6 233 298 416 859 1247 1249
6 206 402 304 673 802 753
6 207 305 403 756 805 674
6 200 482 505 1250 1236 1251
6 286 330 497 715 1252 1098
6 287 498 331 1103 1253 718
6 289 506 539 1218 1239 1151
6 349 396 547 1128 1254 1255
6 225 428 298 1256 831 1090
6 224 299 429 1089 834 1257
6 186 360 412 1258 1259 1260
6 187 413 361 1243 1261 1262
6 100 101 401 130 1263 839
6 95 96 400 125 1124 1264
6 204 296 426 573 1265 800
6 187 297 427 1266 724 1241
6 234 471 302 1267 1189 616
6 235 303 474 621 1192 1268
6 181 388 322 1269 1222 906
6 99 481 459 1270 1271 1272
6 21 480 458 1273 1274 1275
6 237 448 318 650 1276 1066
6 236 319 449 1065 1277 645
6 195 432 514 1278 1279 1280
6 194 433 515 1281 1282 1283
6 197 516 434 954 1284 1285
6 196 517 435 951 1286 1287
6 162 493 163 693 1288 166
6 169 492 170 696 1289 173
6 88 89 369 118 1290 1025
6 107 108 368 137 1028 1291
6 223 297 537 580 1292 1293
6 183 391 323 1294 1230 909
6 249 489 443 1295 1177 1219
6 312 458 480 1296 1274 1297
6 313 459 481 1298 1271 1299
6 10 11 366 40 1300 1226
6 29 30 367 59 1227 1301
6 222 456 296 1302 972 574
6 187 457 297 830 1303 1266
6 348 408 546 1172 1304 1305
6 226 324 406 1306 1307 728
6 176 406 324 1308 1307 1223
6 243 397 386 1309 1069 1310
6 292 514 432 841 1279 1209
6 293 515 433 843 1282 1210
6 294 434 516 1211 1284 846
6 295 435 517 1212 1286 848
6 250 440 302 1001 617 1160
6 251 303 441 1164 620 1002
6 240 387 388 1311 1120 1312
6 85 306 473 875 1313 1314
6 111 472 307 1315 1316 876
6 239 423 356 759 1317 1318
6 101 319 401 997 1076 1263
6 95 400 318 1264 1075 998
6 104 105 365 134 1319 1320
6 91 92 364 121 1321 1322
6 94 318 448 999 1276 1323
6 102 449 319 1324 1277 996
6 227 407 327 733 1325 1326
6 229 372 342 1327 1328 1329
6 228 343 373 1330 1331 1332
6 177 327 407 1214 1325 1333
6 238 357 420 1334 1335 760
6 176 477 406 1336 1337 1308
6 176 387 357 1338 1339 1340
6 326 469 535 1167 1341 1342
6 325 536 468 1343 1344 1170
6 177 356 386 1345 1346 1347
6 248 412 328 1348 1349 1221
6 224 328 412 1350 1349 1351
6 225 413 329 1352 1353 1354
6 249 329 413 1220 1353 1355
6 177 407 470 1333 1356 1357
6 234 424 307 623 1358 1359
6 235 306 425 1360 1361 624
6 241 342 372 1362 1328 667
6 242 373 343 666 1331 1363
6 260 384 380 1364 1365 1366
6 179 380 384 1367 1365 1094
6 261 381 385 1368 1369 1370
6 178 385 381 1096 1369 1371
6 235 473 306 1372 1313 1360
6 234 307 472 1359 1316 1373
6 274 406 477 1374 1337 1375
6 274 531 406 1031 782 1374
6 275 407 532 1376 781 1032
6 275 470 407 1377 1356 1376
6 177 386 363 1347 1378 1213
6 220 501 332 816 1379 661
6 221 333 502 664 1380 817
6 176 362 387 1224 1381 1338
6 184 370 404 1382 652 964
6 185 405 371 967 655 1383
6 104 365 553 1320 1384 1385
6 92 554 364 1386 1387 1321
6 190 424 440 1388 622 594
6 191 441 425 599 625 1389
6 230 437 316 1390 1391 1156
6 231 317 436 1146 1392 1393
6 245 492 507 1394 1395 1396
6 246 493 508 1397 1398 1399
6 279 553 365 823 1384 1400
6 278 364 554 1401 1387 824
6 220 354 394 925 635 820
6 221 395 355 821 638 926
6 247 444 538 1402 1403 1404
6 259 476 403 1200 687 1405
6 258 402 475 1406 686 1197
6 224 499 328 1407 1408 1350
6 225 329 500 1354 1409 1410
6 180 462 308 1411 1412 968
6 182 463 310 1413 1414 970
6 181 309 464 908 1415 1416
6 183 311 465 911 1417 1418
6 307 424 509 1358 1419 1138
6 306 510 425 1141 1420 1361
6 182 337 397 971 1225 1421
6 16 316 437 881 1391 1422
6 24 436 317 1423 1392 878
6 296 541 426 1116 1424 1265
6 186 412 541 1260 1425 1115
6 244 526 446 1426 1427 1428
6 180 336 399 969 1231 1429
6 278 419 364 868 1430 1401
6 279 365 418 1400 1431 869
6 199 418 334 870 1432 851
6 198 335 419 850 1433 867
6 240 513 494 1434 1435 1436
6 195 508 432 1437 1438 1278
6 194 507 433 1439 1440 1281
6 226 404 332 961 662 1441
6 227 333 405 1442 663 962
6 229 364 419 1443 1430 1444
6 228 418 365 1445 1431 1446
6 268 421 501 1447 1448 815
6 269 502 422 818 1449 1450
6 243 488 523 1451 1452 1453
6 193 446 549 1454 1455 1456
6 225 500 350 1410 1457 1458
6 224 351 499 1459 1460 1407
6 228 334 418 1461 1432 1445
6 229 419 335 1444 1433 1462
6 192 548 444 1463 1464 1465
6 28 29 496 58 1466 1467
6 11 12 495 41 1468 1469
6 90 534 342 1470 1471 1472
6 106 343 533 1473 1474 1475
6 240 357 387 1476 1339 1311
6 265 432 508 987 1438 1477
6 267 433 507 985 1440 1478
6 205 315 489 629 1178 746
6 6 499 351 1479 1460 1480
6 34 350 500 1481 1457 1482
6 147 148 540 157 1483 1149
6 68 69 539 78 1152 1484
6 281 538 444 583 1403 1485
6 243 386 356 1310 1346 1486
6 106 467 343 1487 1488 1473
6 90 342 466 1472 1489 1490
6 204 454 320 611 1491 571
6 205 321 455 578 1492 606
6 98 99 459 128 1272 1493
6 20 21 458 50 1275 1494
6 203 340 450 1495 1496 1183
6 242 450 340 1497 1496 665
6 202 451 341 1181 1498 1499
6 241 341 451 668 1498 1500
6 6 7 499 36 1501 1479
6 33 34 500 63 1482 1502
6 264 478 434 1503 1504 990
6 266 479 435 1505 1506 988
6 253 330 504 1507 1136 1233
6 252 503 331 1232 1133 1508
6 197 434 478 1285 1504 1509
6 196 435 479 1287 1506 1510
6 28 496 355 1467 1511 637
6 12 354 495 636 1512 1468
6 214 387 362 1121 1381 871
6 247 324 552 1148 1513 1514
6 280 446 526 1515 1427 1516
6 192 421 548 1517 1518 1463
6 193 549 422 1456 1519 1520
6 215 363 386 905 1378 1068
6 269 422 358 1450 1521 659
6 268 359 421 658 1522 1447
6 226 447 324 1523 1524 1306
6 90 91 534 120 1525 1470
6 105 106 533 135 1475 1526
6 202 341 486 1499 1527 982
6 259 486 341 1528 1527 1199
6 258 340 485 1198 1529 1530
6 203 485 340 981 1529 1495
6 84 85 473 114 1314 1531
6 143 144 471 153 1190 1532
6 111 112 472 141 1533 1315
6 72 73 474 82 1534 1191
6 244 561 327 1535 1536 1143
6 184 320 557 777 1537 1538
6 185 558 321 1539 1540 778
6 227 327 445 1326 1541 1542
6 216 308 462 790 1412 912
6 217 310 463 793 1414 915
6 218 464 309 920 1415 794
6 219 465 311 923 1417 797
6 227 445 333 1542 1543 1442
6 226 332 447 1441 1544 1523
6 255 458 312 1545 1296 1205
6 254 459 313 1546 1298 1207
6 106 107 467 136 1547 1487
6 89 90 466 119 1490 1548
6 192 501 421 1549 1448 1517
6 193 422 502 1520 1449 1550
6 193 333 445 1551 1543 1552
6 249 413 427 1355 1242 1553
6 192 447 332 1554 1544 1555
6 225 350 428 1458 1020 1256
6 224 429 351 1257 1023 1459
6 180 346 462 593 1131 1411
6 182 347 463 591 1132 1413
6 181 464 348 1416 1129 1556
6 183 465 349 1418 1130 1557
6 228 533 343 1558 1474 1330
6 229 342 534 1329 1471 1559
6 194 515 551 1283 1036 1560
6 195 514 550 1280 1038 1561
6 273 312 480 1041 1297 901
6 272 313 481 1042 1299 899
6 188 475 325 933 685 1169
6 189 326 476 1168 688 934
6 67 68 416 77 1562 1246
6 148 149 417 158 1248 1563
6 274 536 325 1564 1343 1029
6 275 326 535 1034 1342 1565
6 246 431 493 1566 1567 1397
6 245 430 492 1568 1569 1394
6 259 403 487 1405 888 1570
6 258 484 402 1571 885 1406
6 224 412 360 1351 1259 1088
6 225 361 413 1091 1261 1352
6 200 338 511 1572 1573 1574
6 260 511 338 1575 1573 1576
6 201 512 339 1577 1578 1579
6 261 339 512 1049 1578 1580
6 190 330 509 1581 1582 1583
6 253 509 330 1139 1582 1507
6 252 331 510 1508 1584 1140
6 191 510 331 1585 1584 1586
6 290 369 451 1026 1587 1201
6 291 450 368 1204 1588 1027
6 15 16 437 45 1422 1589
6 24 25 436 54 1590 1423
6 243 356 423 1486 1317 1591
6 267 507 492 1478 1395 698
6 265 508 493 1477 1398 695
6 190 497 330 613 1252 1581
6 191 331 498 1586 1253 614
6 240 420 357 1592 1335 1476
6 192 332 501 1555 1379 1549
6 193 502 333 1550 1380 1551
6 7 328 499 1013 1408 1501
6 33 500 329 1502 1409 1014
6 238 334 468 762 1593 1594
6 239 469 335 1595 1596 757
6 254 551 352 1597 1085 1598
6 255 550 353 1599 1087 1600
6 281 548 398 1601 1602 632
6 256 370 557 929 1603 1604
6 257 558 371 1605 1606 930
6 276 494 513 1607 1435 1608
6 280 396 549 1609 1610 1611
6 241 466 342 1612 1489 1362
6 242 343 467 1363 1488 1613
6 232 338 505 1614 1615 1215
6 201 339 506 1579 1616 1217
6 288 482 378 1237 1617 937
6 289 379 483 940 1618 1174
6 232 490 338 1194 1619 1614
6 233 339 491 1620 828 1195
6 231 358 422 1621 1521 1622
6 230 421 359 1623 1522 1624
6 245 414 392 1625 1626 1627
6 246 415 393 1628 1629 1630
6 228 545 334 1631 1632 1461
6 229 335 544 1462 1633 1634
6 277 523 488 564 1452 1635
6 99 100 481 129 900 1270
6 21 22 480 51 902 1273
6 230 398 548 1157 1602 1636
6 8 9 442 38 1234 1113
6 31 32 443 61 1112 1235
6 264 430 478 585 1637 1503
6 266 431 479 588 1638 1505
6 231 549 396 1639 1610 1145
6 254 352 542 1598 1640 1641
6 255 353 543 1600 1642 1643
6 93 94 448 123 1323 1644
6 102 103 449 132 1645 1324
6 228 365 533 1446 1646 1558
6 229 534 364 1559 1647 1443
6 200 505 338 1251 1615 1572
6 233 506 339 1240 1616 1620
6 245 478 430 1648 1637 1568
6 246 479 431 1649 1638 1566
6 15 437 359 1589 1650 978
6 25 358 436 979 1651 1590
6 260 338 518 1576 1652 1653
6 84 473 410 1531 1654 893
6 143 471 411 1532 1655 896
6 112 411 472 898 1656 1533
6 73 410 474 895 1657 1534
6 232 540 417 1180 1658 1244
6 233 416 539 1249 1659 1238
6 231 436 358 1393 1651 1621
6 230 359 437 1624 1650 1390
6 145 146 452 155 1660 1158
6 70 71 453 80 1165 1661
6 11 495 366 1469 1662 1300
6 29 367 496 1301 1663 1466
6 19 20 543 49 1664 1665
6 97 98 542 127 1666 1667
6 86 87 460 116 735 1188
6 109 110 461 139 1186 736
6 280 547 396 1668 1254 1609
6 93 448 554 1644 825 1669
6 103 553 449 1670 822 1645
6 19 543 353 1665 1642 1671
6 97 542 352 1667 1640 1672
6 276 546 408 1673 1304 1125
6 96 97 522 126 1674 1122
6 18 19 521 48 1675 946
6 270 521 353 955 1676 1086
6 271 522 352 1155 1677 1084
6 254 392 414 1208 1626 1678
6 255 393 415 1206 1629 1679
6 97 352 522 1672 1677 1674
6 19 353 521 1671 1676 1675
6 177 470 356 1357 1680 1345
6 256 557 454 1604 1681 992
6 257 455 558 995 1682 1605
6 6 351 560 1480 1683 1684
6 65 350 559 1021 1685 1686
6 34 559 350 1687 1685 1481
6 151 560 351 1688 1683 1022
6 176 357 477 1340 1689 1336
6 260 456 384 1690 1691 1364
6 222 384 456 1093 1691 1302
6 181 348 546 1556 1305 1692
6 183 349 547 1557 1255 1693
6 242 368 450 1694 1588 1497
6 241 451 369 1500 1587 1695
6 241 369 466 1695 1696 1612
6 242 467 368 1613 1697 1694
6 239 356 470 1318 1680 1698
6 146 378 452 1154 1699 1660
6 250 452 378 1161 1699 1700
6 251 379 453 1701 1702 1162
6 70 453 379 1661 1702 1153
6 92 93 554 122 1669 1386
6 103 104 553 133 1385 1670
6 238 477 357 1703 1689 1334
6 256 366 495 993 1662 1704
6 257 496 367 1705 1663 994
6 0 560 151 1706 1688 161
6 1 559 34 1707 1687 64
6 1 65 559 74 1686 1707
6 0 6 560 35 1684 1706
6 256 495 354 1704 1512 928
6 257 355 496 931 1511 1705
6 89 466 369 1548 1696 1290
6 107 368 467 1291 1697 1547
6 240 388 513 1312 1708 1434
6 4 171 529 175 1709 1710
6 5 164 530 168 1711 1712
6 4 527 162 1713 1714 165
6 5 528 169 1715 1716 172
6 243 523 397 1453 1717 1309
6 186 490 360 1718 1193 1258
6 187 361 491 1262 1196 829
6 189 372 544 605 1719 1720
6 188 545 373 1721 1722 600
6 260 518 456 1653 973 1690
6 244 391 526 1063 1723 1426
6 247 538 399 1404 1724 1043
6 250 378 482 1700 1617 1725
6 251 483 379 1726 1618 1701
6 262 380 524 1727 1728 1228
6 179 524 380 1729 1728 1367
6 263 525 381 1229 1730 1731
6 178 381 525 1371 1730 1732
6 250 482 382 1725 1733 1000
6 251 383 483 1003 1734 1726
6 228 373 545 1332 1722 1631
6 229 544 372 1634 1719 1327
6 249 427 489 1553 726 1295
6 200 382 482 1735 1733 1250
6 201 483 383 1175 1734 1736
6 245 392 478 1627 1737 1648
6 246 393 479 1630 1738 1649
6 240 494 420 1436 1739 1592
6 297 457 537 1303 1740 1292
6 193 445 561 1552 1741 1742
6 162 527 374 1714 1743 738
6 169 528 375 1716 1744 740
6 171 376 529 743 1745 1709
6 164 377 530 745 1746 1711
6 193 561 446 1742 1747 1454
6 105 533 365 1526 1646 1319
6 91 364 534 1322 1647 1525
6 262 555 380 1748 1749 1727
6 263 381 556 1731 1750 1751
6 243 423 488 1591 1752 1451
6 192 444 552 1465 1753 1754
6 192 552 447 1754 1755 1554
6 197 478 392 1509 1737 1106
6 196 479 393 1510 1738 1104
6 254 414 551 1678 1756 1597
6 255 415 550 1679 1757 1599
6 234 411 471 1758 1655 1267
6 234 472 411 1373 1656 1758
6 235 410 473 1759 1654 1372
6 235 474 410 1268 1657 1759
6 261 385 537 1370 1760 1761
6 260 380 511 1366 1762 1575
6 261 512 381 1580 1763 1368
6 184 557 370 1538 1603 1382
6 185 371 558 1383 1606 1539
6 238 468 536 1594 1344 1764
6 239 535 469 1765 1341 1595
6 179 484 524 886 1766 1729
6 286 524 484 1100 1766 1767
6 287 487 525 1768 1769 1101
6 178 525 487 1732 1769 887
6 181 513 388 1770 1708 1269
6 194 414 507 1771 1772 1439
6 195 415 508 1773 1774 1437
6 282 529 376 1775 1745 1060
6 283 374 527 1058 1743 1776
6 284 530 377 1777 1746 1061
6 285 375 528 1059 1744 1778
6 198 488 423 1779 1752 849
6 223 537 385 1293 1760 1097
6 183 526 391 1780 1723 1294
6 200 555 382 1781 1782 1735
6 262 382 555 957 1782 1748
6 201 383 556 1736 1783 1784
6 263 556 383 1751 1783 958
6 170 492 430 1289 1569 670
6 163 493 431 1288 1567 669
6 248 541 412 1785 1425 1348
6 199 420 494 852 1739 1786
6 338 490 518 1619 1787 1652
6 186 518 490 884 1787 1718
6 198 438 488 701 1788 1779
6 245 507 414 1396 1772 1625
6 246 508 415 1399 1774 1628
6 182 397 523 1421 1717 590
6 254 542 459 1641 1789 1546
6 255 543 458 1643 1790 1545
6 286 484 485 1767 1791 980
6 258 485 484 1530 1791 1571
6 287 486 487 983 1792 1768
6 259 487 486 1570 1792 1528
6 199 494 439 1786 1793 720
6 248 426 541 644 1424 1785
6 277 488 438 1635 1788 1117
6 189 544 469 1720 1794 1166
6 188 468 545 1171 1795 1721
6 180 399 538 1429 1724 592
6 280 549 446 1611 1455 1515
6 276 439 494 1127 1793 1607
6 190 509 424 1583 1419 1388
6 191 425 510 1389 1420 1585
6 281 444 548 1485 1464 1601
6 68 539 416 1484 1659 1562
6 148 417 540 1563 1658 1483
6 239 470 535 1698 1796 1765
6 275 535 470 1565 1796 1377
6 238 536 477 1764 1797 1703
6 194 551 414 1560 1756 1771
6 195 550 415 1561 1757 1773
6 274 477 536 1375 1797 1564
6 230 548 421 1636 1518 1623
6 231 422 549 1622 1519 1639
6 261 537 457 1761 1740 1048
6 320 454 557 1491 1681 1537
6 321 558 455 1540 1682 1492
6 380 555 511 1749 1798 1762
6 381 512 556 1763 1799 1750
6 4 519 527 1800 1801 1713
6 5 520 528 1802 1803 1715
6 4 529 519 1710 1804 1800
6 5 530 520 1712 1805 1802
6 247 552 444 1514 1753 1402
6 324 447 552 1524 1755 1513
6 327 561 445 1536 1741 1541
6 244 446 561 1428 1747 1535
6 335 469 544 1596 1794 1633
6 334 545 468 1632 1795 1593
6 98 459 542 1493 1789 1666
6 20 458 543 1494 1790 1664
6 283 527 519 1776 1801 767
6 285 528 520 1778 1803 772
6 282 519 529 764 1804 1775
6 284 520 530 769 1805 1777
6 276 513 546 1608 1806 1673
6 181 546 513 1692 1806 1770
6 200 511 555 1574 1798 1781
6 201 556 512 1784 1799 1577
6 183 547 526 1693 1807 1780
6 280 526 547 1516 1807 1668
CELL_TYPES 860
22
22
22
22
22
22
22
22
22
22
22
22
22
22
22
22
22
22
22
22
22
22
22
22
22
22
22
22
22
22
22
22
22
22
22
22
22
22
22
22
22
22
22
22
22
22
22
22
22
22
22
22
22
22
22
22
22
22
22
22
22
22
22
22
22
22
22
22
22
22
22
22
22
22
22
22
22
22
22
22
22
22
22
22
22
22
22
22
22
22
22
22
22
22
22
22
22
22
22
22
22
22
22
22
22
22
22
22
22
22
22
22
22
22
22
22
22
22
22
22
22
22
22
22
22
22
22
22
22
22
22
22
22
22
22
22
22
22
22
22
22
22
22
22
22
22
22
22
22
22
22
22
22
22
22
22
22
22
22
22
22
22
22
22
22
22
22
22
22
22
22
22
22
22
22
22
22
22
22
22
22
22
22
22
22
22
22
22
22
22
22
22
22
22
22
22
22
22
22
22
22
22
22
22
22
22
22
22
22
22
22
22
22
22
22
22
22
22
22
22
22
22
22
22
22
22
22
22
22
22
22
22
22
22
22
22
22
22
22
22
22
22
22
22
22
22
22
22
22
22
22
22
22
22
22
22
22
22
22
22
22
22
22
22
22
22
22
22
22
22
22
22
22
22
22
22
22
22
22
22
22
22
22
22
22
22
22
22
22
22
22
22
22
22
22
22
22
22
22
22
22
22
22
22
22
22
22
22
22
22
22
22
22
22
22
22
22
22
22
22
22
22
22
22
22
22
22
22
22
22
22
22
22
22
22
22
22
22
22
22
22
22
22
22
22
22
22
22
22
22
22
22
22
22
22
22
22
22
22
22
22
22
22
22
22
22
22
22
22
22
22
22
22
22
22
22
22
22
22
22
22
22
22
22
22
22
22
22
22
22
22
22
22
22
22
22
22
22
22
22
22
22
22
22
22
22
22
22
22
22
22
22
22
22
22
22
22
22
22
22
22
22
22
22
22
22
22
22
22
22
22
22
22
22
22
22
22
22
22
22
22
22
22
22
22
22
22
22
22
22
22
22
22
22
22
22
22
22
22
22
22
22
22
22
22
22
22
22
22
22
22
22
22
22
22
22
22
22
22
22
22
22
22
22
22
22
22
22
22
22
22
22
22
22
22
22
22
22
22
22
22
22
22
22
22
22
22
22
22
22
22
22
22
22
22
22
22
22
22
22
22
22
22
22
22
22
22
22
22
22
22
22
22
22
22
22
22
22
22
22
22
22
22
22
22
22
22
22
22
22
22
22
22
22
22
22
22
22
22
22
22
22
22
22
22
22
22
22
22
22
22
22
22
22
22
22
22
22
22
22
22
22
22
22
22
22
22
22
22
22
22
22
22
22
22
22
22
22
22
22
22
22
22
22
22
22
22
22
22
22
22
22
22
22
22
22
22
22
22
22
22
22
22
22
22
22
22
22
22
22
22
22
22
22
22
22
22
22
22
22
22
22
22
22
22
22
22
22
22
22
22
22
22
22
22
22
22
22
22
22
22
22
22
22
22
22
22
22
22
22
22
22
22
22
22
22
22
22
22
22
22
22
22
22
22
22
22
22
22
22
22
22
22
22
22
22
22
22
22
22
22
22
22
22
22
22
22
22
22
22
22
22
22
22
22
22
22
22
22
22
22
22
22
22
22
22
22
22
22
22
22
22
22
22
22
22
22
22
22
22
22
22
22
22
22
22
22
22
22
22
22
22
22
22
22
22
22
22
22
22
22
22
22
22
22
22
22
22
22
22
22
22
22
22
22
22
22
22
22
22
22
22
22
22
22
22
22
22
22
22
22
22
22
22
22
22
22
22
22
22
22
22
22
22
22
22
22
22
22
22
22
22
22
22
22
22
22
22
22
22
22
22
22
22
22
22
22
22
22
22
22
22
22
22
22
22
22
22
22
22
22
22
22
22
22
22
22
22
22
22
22
22
22
22
22
22
22
22
22
22
POINT_DATA 1808
VECTORS velocity double
0.000008410262916 -0.000026700864977 0.000000000000000
-0.000000511842941 0.000000043023418 0.000000000000000
0.000029354024446 0.000002383555098 0.000000000000000
-0.000029207210333 -0.000005792232961 0.000000000000000
0.000223232378423 0.000143821490626 0.000000000000000
0.000031464139056 -0.000000468581027 0.000000000000000
0.000004366167313 -0.000022747310289 0.000000000000000
0.000003500755965 -0.000021920774489 0.000000000000000
0.000003822114573 -0.000021460132331 0.000000000000000
0.000004134499632 -0.000021538531219 0.000000000000000
0.000005102966789 -0.000021497138288 0.000000000000000
0.000006271266649 -0.000020670797357 0.000000000000000
0.000007561185038 -0.000020107327384 0.000000000000000
0.000007199629686 -0.000019546868062 0.000000000000000
0.000007894812984 -0.000019729214293 0.000000000000000
0.000007499433939 -0.000018106827199 0.000000000000000
0.000006401627170 -0.000017598892585 0.000000000000000
0.000007857487421 -0.000015923708818 0.000000000000000
0.000009161497766 -0.000014621177341 0.000000000000000
0.000011955489006 -0.000013327320890 0.000000000000000
0.000017610972574 -0.000010580061486 0.000000000000000
0.000024639679282 -0.000010574691910 0.000000000000000
0.000031539526222 -0.000012757954477 0.000000000000000
0.000030343922630 -0.000005806185679 0.000000000000000
0.000018452869984 0.000001487708106 0.000000000000000
0.000005360033472 0.000004334621697 0.000000000000000
-0.000001168469556 0.000007090676231 0.000000000000000
-0.000002319098592 0.000004630048498 0.000000000000000
-0.000003330473753 0.000005356009023 0.000000000000000
-0.000002670232390 0.000002651350298 0.000000000000000
-0.000002909605001 0.000000403073250 0.000000000000000
-0.000001127675316 0.000000520575840 0.000000000000000
0.000000742563841 0.000000598792787 0.000000000000000
0.000001886017667 -0.000000156905919 0.000000000000000
0.000001531345433 -0.000000337702174 0.000000000000000
0.000013322066226 -0.000160895354751 0.000000000000000
0.000013905084516 -0.000159776495562 0.000000000000000
0.000013937936392 -0.000158740559113 0.000000000000000
0.000014226477790 -0.000157126795754 0.000000000000000
0.000013595564906 -0.000154403500312 0.000000000000000
0.000013479774496 -0.000151210399855 0.000000000000000
0.000013440478702 -0.000146630618270 0.000000000000000
0.000012261024133 -0.000140968686154 0.000000000000000
0.000012384403844 -0.000137705410995 0.000000000000000
0.000013321430034 -0.000131069736295 0.000000000000000
0.000014380819917 -0.000125969630576 0.000000000000000
0.000013741529854 -0.000121064036154 0.000000000000000
0.000014322289990 -0.000116533414578 0.000000000000000
0.000015460560823 -0.000110891175313 0.000000000000000
0.000016692481937 -0.000102873670937 0.000000000000000
0.000013248637163 -0.000090935739984 0.000000000000000
0.000014606837927 -0.000061860783044 0.000000000000000
0.000012030485476 -0.000009793231351 0.000000000000000
0.000011138964767 0.000023231787404 0.000000000000000
0.000016463308072 0.000035921792812 0.000000000000000
0.000017505195738 0.000035857469941 0.000000000000000
0.000017035160768 0.000027886734455 0.000000000000000
0.000017536703042 0.000022937038902 0.000000000000000
0.000015362252727 0.000013462854798 0.000000000000000
0.000016755480864 0.000008180794766 0.000000000000000
0.000017577118168 0.000004736226135 0.000000000000000
0.000016158510551 0.000001748396825 0.000000000000000
0.000015333881307 -0.000000362542248 0.000000000000000
0.000016108065983 -0.000000198109898 0.000000000000000
0.000017144090376 -0.000000473818105 0.000000000000000
0.383159016120456 -0.004236387537137 0.000000000000000
0.662697241748582 -0.007564589327890 0.000000000000000
0.779398408572790 -0.011504930282573 0.000000000000000
0.755332991963631 -0.010334514296221 0.000000000000000
0.727274803063230 -0.004394619987519 0.000000000000000
0.766278710283118 0.012900628495764 0.000000000000000
0.857772467008080 0.012114960918758 0.000000000000000
0.901588355015370 0.009038832225000 0.000000000000000
0.739720011956956 0.000181905113038 0.000000000000000
0.202120335001560 -0.003039661391191 0.000000000000000
0.532081541786332 -0.005242157379617 0.000000000000000
0.730183215738927 -0.005649775152637 0.000000000000000
0.767521850320031 -0.013973398130487 0.000000000000000
0.730388018275729 -0.007301206660624 0.000000000000000
0.732144392409648 0.002042245473850 0.000000000000000
0.805744563186148 0.015902929313184 0.000000000000000
0.888221893785313 0.015265122473721 0.000000000000000
0.857528815001022 0.007253298623561 0.000000000000000
0.459649919030017 0.010653489108223 0.000000000000000
0.000016242657259 0.000007632036302 0.000000000000000
0.000012861726554 0.000007991357482 0.000000000000000
0.000011189171803 0.000006448371945 0.000000000000000
0.000009964749604 0.000006366557842 0.000000000000000
0.000008841195529 0.000005414105891 0.000000000000000
0.000008071648464 0.000004213566884 0.000000000000000
0.000008989052506 0.000004368797075 0.000000000000000
0.000010266385847 0.000006439679435 0.000000000000000
0.000009329249041 0.000005261273303 0.000000000000000
0.000009892632265 0.000007529651585 0.000000000000000
0.000011714649841 0.000009885673353 0.000000000000000
0.000011647858056 0.000008651050741 0.000000000000000
0.000010153103882 0.000006360462349 0.000000000000000
0.000009710503109 0.000005153668453 0.000000000000000
0.000011734263259 0.000010460619612 0.000000000000000
0.000016513646456 0.000010246131631 0.000000000000000
0.000031283848181 0.000012528589334 0.000000000000000
0.000044409613878 0.000019864111424 0.000000000000000
0.000035320493565 0.000021014276039 0.000000000000000
0.000019133337992 0.000023593856386 0.000000000000000
0.000010298125986 0.000024797213071 0.000000000000000
0.000006695246191 0.000025425145588 0.000000000000000
0.000003778767206 0.000024644190381 0.000000000000000
0.000002492210921 0.000024436383882 0.000000000000000
0.000002951876091 0.000024568515477 0.000000000000000
0.000003357436756 0.000024644766943 0.000000000000000
0.000003843560608 0.000025124321765 0.000000000000000
0.000002724087014 0.000024289124648 0.000000000000000
-0.000002908133161 0.000019098046847 0.000000000000000
0.000032513991586 0.000009326965048 0.000000000000000
0.000032987003772 0.000015280276872 0.000000000000000
0.000030512590310 0.000016624234129 0.000000000000000
0.000031550477027 0.000020941551156 0.000000000000000
0.000029941560693 0.000021505215186 0.000000000000000
0.000029582505162 0.000023190162734 0.000000000000000
0.000028939461586 0.000025225027100 0.000000000000000
0.000029219935056 0.000028206537807 0.000000000000000
0.000029386445333 0.000030471520697 0.000000000000000
0.000030574911610 0.000034374869397 0.000000000000000
0.000030901509689 0.000037391599114 0.000000000000000
0.000029646735031 0.000039100834215 0.000000000000000
0.000031983794230 0.000043675434111 0.000000000000000
0.000033418152059 0.000048644501214 0.000000000000000
0.000039238692660 0.000053593207924 0.000000000000000
0.000040344789943 0.000057347109421 0.000000000000000
0.000033482355037 0.000068307039620 0.000000000000000
0.000023288027671 0.000097401247623 0.000000000000000
0.000015542187932 0.000134929733382 0.000000000000000
0.000017344826502 0.000160307865116 0.000000000000000
0.000017629745563 0.000173538714362 0.000000000000000
0.000016217541164 0.000179754443982 0.000000000000000
0.000015276006607 0.000181341437357 0.000000000000000
0.000015823005001 0.000181244569129 0.000000000000000
0.000015823047614 0.000180441993068 0.000000000000000
0.000015286324176 0.000180314442059 0.000000000000000
0.000015276618424 0.000181299001013 0.000000000000000
0.000015205443465 0.000183048856636 0.000000000000000
0.000016554567325 0.000186190450042 0.000000000000000
0.000024204478155 0.000195201632897 0.000000000000000
0.359974929937659 -0.000001515664041 0.000000000000000
0.639977516052887 -0.000000676178451 0.000000000000000
0.839977061190089 -0.000003095001434 0.000000000000000
0.959980227571927 -0.000001675589639 0.000000000000000
0.999980521516290 -0.000001289155232 0.000000000000000
0.959981082860360 0.000000471238453 0.000000000000000
0.839980993732689 0.000000406289569 0.000000000000000
0.639980641747968 -0.000000902793487 0.000000000000000
0.359985229375504 -0.000004855658599 0.000000000000000
0.189813913716795 0.000002383127069 0.000000000000000
0.509813710613899 0.000000984830231 0.000000000000000
0.749818104987364 0.000003136264705 0.000000000000000
0.909822511114918 0.000000638020896 0.000000000000000
0.989827595053160 -0.000000199841421 0.000000000000000
0.989834511384175 0.000000631248975 0.000000000000000
0.909835693770933 0.000000272458998 0.000000000000000
0.749835853249155 0.000001253090918 0.000000000000000
0.509834396051449 0.000001902300130 0.000000000000000
0.189826924679000 0.000008578365799 0.000000000000000
0.000244703983402 0.000081594277217 0.000000000000000
0.000222398272651 0.000031550539880 0.000000000000000
0.000130619153301 0.000032511602305 0.000000000000000
0.000289291984502 0.000143168802872 0.000000000000000
0.000072500954310 0.000152241943537 0.000000000000000
-0.000012002501637 0.000035354524826 0.000000000000000
0.000042813376488 -0.000012537858445 0.000000000000000
0.000075798109339 -0.000024918976506 0.000000000000000
0.000168541373293 -0.000013134902889 0.000000000000000
0.000197137103076 0.000075845117946 0.000000000000000
0.000035343005093 0.000020346367107 0.000000000000000
0.000005721388489 0.000009744734117 0.000000000000000
-0.000004211894876 -0.000114219445247 0.000000000000000
0.000228843086936 -0.000104413191846 0.000000000000000
0.996640274901682 -0.043333059676270 0.000000000000000
0.561412766572218 -0.003530201653255 0.000000000000000
0.689047880953306 -0.012727060565365 0.000000000000000
0.970963414717923 -0.004688813243238 0.000000000000000
1.035214678739511 -0.079696479294719 0.000000000000000
0.568285876302949 0.204450343259390 0.000000000000000
0.719682334852906 -0.027384809207261 0.000000000000000
0.870239060226366 0.223349924384334 0.000000000000000
0.867654024464501 -0.013888278098314 0.000000000000000
0.877032398584169 0.050943251582134 0.000000000000000
0.851930634301836 -0.014770775060493 0.000000000000000
0.798273531344954 0.014861945340275 0.000000000000000
0.781124388356229 -0.007948797425643 0.000000000000000
0.910234873350639 -0.008920431785387 0.000000000000000
0.746959509522000 0.000049099818624 0.000000000000000
0.899487392768454 0.010028379626789 0.000000000000000
0.814650125538106 -0.021430540175559 0.000000000000000
0.828586695663226 0.081616860068253 0.000000000000000
1.042809868767625 -0.032722766206837 0.000000000000000
0.913620626508656 -0.158963302457624 0.000000000000000
0.953610038391789 -0.110941496132763 0.000000000000000
0.981340653770213 -0.017265202367582 0.000000000000000
0.985441041504418 -0.003241915673690 0.000000000000000
0.610667244058963 0.071832308407523 0.000000000000000
0.992939886693195 -0.012664556687892 0.000000000000000
0.720439625986034 -0.002566784369070 0.000000000000000
0.939221930210012 0.007491459835787 0.000000000000000
0.676264734854012 0.002596864583860 0.000000000000000
0.656657712646759 -0.013003620794800 0.000000000000000
0.672089369568685 -0.005719767774207 0.000000000000000
0.969672865020867 -0.023447340103149 0.000000000000000
0.643814625352483 -0.001965764822526 0.000000000000000
0.675567657896083 -0.047325347217089 0.000000000000000
0.946066988274123 -0.022090622644801 0.000000000000000
0.764112260488585 0.044494152585718 0.000000000000000
0.739798525339813 0.061938861840023 0.000000000000000
0.771673842170168 0.122874817414245 0.000000000000000
0.296817494487683 0.076658945663946 0.000000000000000
0.971846794289821 -0.026958439015845 0.000000000000000
0.484713080264370 0.019000615499803 0.000000000000000
1.094139302766881 -0.083751233119207 0.000000000000000
0.843761250459807 -0.024157629434963 0.000000000000000
0.538531655804033 0.332455833614976 0.000000000000000
0.835148685222316 0.270057990125690 0.000000000000000
0.631727439359768 -0.012758790149576 0.000000000000000
0.663418049043080 0.035971558803910 0.000000000000000
0.941032343217042 -0.006316879314634 0.000000000000000
0.787327736414148 0.020909666332264 0.000000000000000
0.566311283508296 -0.005136190132700 0.000000000000000
0.582405178033074 -0.005328759518876 0.000000000000000
0.936389917968125 -0.021457887166247 0.000000000000000
0.899758943014889 0.059878631695688 0.000000000000000
0.520946417392910 0.023965958888419 0.000000000000000
0.905649394742588 -0.006583092621780 0.000000000000000
0.548772760691161 -0.016954918334938 0.000000000000000
0.581225462134468 0.103375208856299 0.000000000000000
0.949292697224741 -0.012147723415785 0.000000000000000
0.775282040016084 -0.000280987491802 0.000000000000000
0.511289718053457 -0.000049457581549 0.000000000000000
0.855759539080040 0.009204415788732 0.000000000000000
0.567956776120054 0.077165097757931 0.000000000000000
0.872298068831061 -0.006624171886055 0.000000000000000
0.871186579362872 0.002852296163555 0.000000000000000
0.769922043494173 -0.009740719538529 0.000000000000000
0.798677647354215 0.065159942378458 0.000000000000000
0.845866115657169 -0.006400187968961 0.000000000000000
0.493745967943391 0.000473474788306 0.000000000000000
0.721045369909754 -0.020106348487768 0.000000000000000
0.909692348626137 0.121395382032236 0.000000000000000
1.021941900658458 -0.120216338217084 0.000000000000000
1.178050078608963 -0.255606574640240 0.000000000000000
0.993930857389810 -0.056071155388775 0.000000000000000
0.516320965417478 -0.008862237965874 0.000000000000000
0.533329495804196 -0.003429379918606 0.000000000000000
0.917446030377529 -0.002778968200430 0.000000000000000
0.815757925249946 0.004631006587252 0.000000000000000
0.832065113820236 0.007873465856217 0.000000000000000
0.487358436738733 -0.000127664318905 0.000000000000000
0.899646148136583 -0.065222761930239 0.000000000000000
0.723920267939441 -0.117308298961037 0.000000000000000
0.522399144673797 -0.010002353507202 0.000000000000000
0.524816502388054 0.023162546846303 0.000000000000000
0.873360645496660 -0.002037467708490 0.000000000000000
0.829605960140803 -0.011043694532205 0.000000000000000
0.983264169547687 -0.005581122224362 0.000000000000000
0.725949138642462 0.002838077036227 0.000000000000000
0.932484474855177 -0.004401687869917 0.000000000000000
0.779105265725846 -0.006218472679016 0.000000000000000
0.767545552841328 0.166969480283094 0.000000000000000
1.109742467476622 -0.218119950624587 0.000000000000000
0.919429596991392 0.062953513383266 0.000000000000000
0.943116777292211 -0.059908434113051 0.000000000000000
0.472835669809410 -0.009298521631952 0.000000000000000
0.461465807764850 0.045680807752828 0.000000000000000
0.553775410658001 -0.039698930214055 0.000000000000000
0.835178448540002 -0.024978902913695 0.000000000000000
0.830189090052791 -0.041716039973872 0.000000000000000
0.671302700925704 -0.075549127596486 0.000000000000000
0.976181378694550 -0.033053276982880 0.000000000000000
0.617578562629711 0.003121077818439 0.000000000000000
0.601974715330645 0.155837733424086 0.000000000000000
0.974049414959218 -0.020716691386869 0.000000000000000
0.843182924866328 -0.005793640335056 0.000000000000000
0.503307540200868 0.056390319916098 0.000000000000000
0.821710962670750 0.156251502880194 0.000000000000000
0.857303689338092 -0.043948794613926 0.000000000000000
0.380757193766173 0.427067155057388 0.000000000000000
0.736427453973962 0.031334079638170 0.000000000000000
0.505023750470335 0.303244210737741 0.000000000000000
0.289536437719261 -0.021865080085319 0.000000000000000
0.827408700261847 0.003993469404863 0.000000000000000
0.880006762260583 -0.005548736364938 0.000000000000000
1.000136438663236 -0.010939902217454 0.000000000000000
0.721314333413642 -0.003091293739967 0.000000000000000
0.660995987331836 0.012382641932670 0.000000000000000
0.352354743652686 0.000042349136853 0.000000000000000
0.946020178953349 -0.126925242892364 0.000000000000000
1.017380929432735 -0.043880379388617 0.000000000000000
0.658260196508305 0.140224190096116 0.000000000000000
0.895072562384756 0.192976790822810 0.000000000000000
0.852439260841242 -0.014685589408571 0.000000000000000
0.835252703307389 0.023018099260580 0.000000000000000
0.760489767235755 0.007790264976094 0.000000000000000
0.780339890207369 -0.003647823037927 0.000000000000000
0.976543983221164 -0.017135030325087 0.000000000000000
0.805594194212156 0.051448660955357 0.000000000000000
0.754666985791196 -0.002912374142802 0.000000000000000
0.890939364609936 0.023275327899969 0.000000000000000
0.977904390431770 -0.004268763754644 0.000000000000000
0.681041170502370 0.002916264934944 0.000000000000000
0.709479308859287 0.015026006247969 0.000000000000000
0.367415603090943 -0.000245209977664 0.000000000000000
0.996262014262768 -0.080740981763072 0.000000000000000
0.558363968556520 0.331685050071034 0.000000000000000
0.509803787313636 -0.041771096689726 0.000000000000000
0.740082149194496 0.292893015346764 0.000000000000000
0.751584951417496 -0.108274105720807 0.000000000000000
0.913379083831792 -0.071654518995631 0.000000000000000
0.379660380111862 -0.008084329757929 0.000000000000000
0.336399378347166 0.004768939257432 0.000000000000000
0.407588868698328 -0.012934489882303 0.000000000000000
0.523037923634718 0.052548999182302 0.000000000000000
0.680155367477815 0.000186886849181 0.000000000000000
0.561656639487377 -0.013866842917724 0.000000000000000
0.832402422136214 -0.011669262872855 0.000000000000000
0.857162970288220 0.029694096153055 0.000000000000000
0.791303422264217 0.141829602011878 0.000000000000000
0.608759531953066 0.164206631471788 0.000000000000000
0.993908693089310 -0.042984744167096 0.000000000000000
0.951814316708691 -0.016283751333219 0.000000000000000
0.697293103614474 -0.006291728143050 0.000000000000000
0.876617596986224 0.094157336838695 0.000000000000000
0.342200939170533 -0.003905412362579 0.000000000000000
0.350331557032406 -0.003173201968292 0.000000000000000
0.689675420934224 0.003102385631706 0.000000000000000
0.927278435246076 0.007780691003875 0.000000000000000
0.810961095309855 -0.016784999205371 0.000000000000000
0.846626227498758 0.059999733352913 0.000000000000000
0.677168066509909 0.029307044502525 0.000000000000000
0.960262885578123 -0.013033846318527 0.000000000000000
0.929008351745119 -0.058376398295407 0.000000000000000
0.376366825279683 -0.016829202006465 0.000000000000000
0.987225730742519 -0.010818538426100 0.000000000000000
0.735995443718055 0.000705966509212 0.000000000000000
0.725258691750044 -0.001554294149548 0.000000000000000
0.949267503065845 -0.005867752291212 0.000000000000000
0.714850696550390 -0.002370780835159 0.000000000000000
0.385265303402971 0.005814398446426 0.000000000000000
0.965009901814969 -0.006231475510408 0.000000000000000
0.774277510476555 0.027000949862117 0.000000000000000
0.952491431756481 -0.086598542045708 0.000000000000000
0.980291258196983 -0.032430768414168 0.000000000000000
0.570412700323295 0.221374405466127 0.000000000000000
0.846147994805018 0.236973627939944 0.000000000000000
0.382881313749622 -0.004429617664789 0.000000000000000
0.360595545598319 -0.001519560020665 0.000000000000000
0.728450014891097 -0.006001246563769 0.000000000000000
0.460269969459192 -0.041893089345420 0.000000000000000
0.440166500349973 -0.008114960095821 0.000000000000000
0.422564292319350 0.010954243714266 0.000000000000000
0.633743723880728 -0.004330141139030 0.000000000000000
0.910907094139647 -0.006575228308319 0.000000000000000
0.354533064273843 0.052626529726836 0.000000000000000
0.346654189090745 -0.007885976161711 0.000000000000000
0.804535151011645 -0.009049337591719 0.000000000000000
0.770152710651211 0.002141671695222 0.000000000000000
0.996340804451872 -0.059197155526608 0.000000000000000
0.685964897673396 0.076445845995933 0.000000000000000
0.610155795776999 -0.002905383583022 0.000000000000000
0.345162022963901 0.012322556798551 0.000000000000000
0.389655640776782 -0.008442807472783 0.000000000000000
0.368562892345910 -0.000179418130818 0.000000000000000
0.299910239501461 0.002477804599011 0.000000000000000
0.572920594290401 0.008890105954065 0.000000000000000
0.703450548834964 -0.008720632791012 0.000000000000000
0.757383576905433 0.024909878990818 0.000000000000000
0.953345916203845 -0.005848276074078 0.000000000000000
0.612839811510397 0.007806965690635 0.000000000000000
0.938581821696944 -0.153388073669890 0.000000000000000
0.660407778197116 -0.040149085402160 0.000000000000000
0.469352982297717 0.276412538707726 0.000000000000000
0.730810275902950 0.272995707551151 0.000000000000000
0.988301878528039 -0.008609248290537 0.000000000000000
0.750289934428245 0.003919463671576 0.000000000000000
0.986933282370983 -0.003849700346536 0.000000000000000
0.699891513171087 -0.008022106290006 0.000000000000000
0.932405939502960 -0.006163060273242 0.000000000000000
0.807608391541415 -0.000721541197138 0.000000000000000
0.984277886067952 -0.002904892721790 0.000000000000000
0.710560999260796 0.015458364292964 0.000000000000000
0.495500064803368 -0.018370421924526 0.000000000000000
0.936737839073006 -0.005228138788857 0.000000000000000
0.785167536633838 0.074705045110554 0.000000000000000
0.334623026951417 -0.021965206846236 0.000000000000000
0.537201863717087 -0.015384575324304 0.000000000000000
0.818170930937235 0.160330390445249 0.000000000000000
1.045315730946460 -0.050414340331183 0.000000000000000
0.943861502948647 -0.218480965029254 0.000000000000000
0.331345216249163 -0.008844139008947 0.000000000000000
0.296152291716363 0.022680827606359 0.000000000000000
0.723487165808203 0.155907741519547 0.000000000000000
0.552386879376707 -0.023157522222419 0.000000000000000
0.698291824207997 -0.044960296683494 0.000000000000000
1.017812518914763 -0.067474199420789 0.000000000000000
0.594157497059500 0.001492374491760 0.000000000000000
0.640652151010749 -0.008117567776571 0.000000000000000
0.963538244994884 -0.005653289943247 0.000000000000000
0.705141147805288 -0.014076329949324 0.000000000000000
0.838181873960589 -0.013752847224651 0.000000000000000
0.873271604499364 0.032345430103115 0.000000000000000
0.998796108763746 -0.031625629257466 0.000000000000000
0.683293577994301 0.032470481550862 0.000000000000000
0.620204260406133 0.154280889658504 0.000000000000000
0.969991230663371 -0.008135967710600 0.000000000000000
0.670463707451268 0.015455310482481 0.000000000000000
0.317497847768786 0.000841075164232 0.000000000000000
0.633800303629524 -0.011631907538381 0.000000000000000
0.658523595697989 -0.002997935799497 0.000000000000000
1.056818478736267 -0.045344956147240 0.000000000000000
0.971201368864554 -0.159404978993998 0.000000000000000
0.763079368399389 -0.004394680662277 0.000000000000000
0.915533711813406 -0.006236800123666 0.000000000000000
0.548074952384050 0.051425680956967 0.000000000000000
0.926632229830688 -0.010084384966916 0.000000000000000
0.755983220746767 0.045500446694670 0.000000000000000
0.603508673681309 -0.019378322041169 0.000000000000000
0.627893868223500 0.085892160321713 0.000000000000000
0.854834585375480 -0.020163865539728 0.000000000000000
0.610917075128277 0.006328214395247 0.000000000000000
0.899146785704997 0.014857353604293 0.000000000000000
0.657141150208502 -0.014043815954545 0.000000000000000
0.697734331068098 -0.003439820715614 0.000000000000000
0.609107313765322 -0.004154657134231 0.000000000000000
0.590522969627390 0.000330168169682 0.000000000000000
1.053094013849702 0.042815135925614 0.000000000000000
1.211434556716882 -0.129329126275544 0.000000000000000
1.139996207371400 -0.160151895707467 0.000000000000000
1.014093523905648 -0.077737607760731 0.000000000000000
0.787045927416818 0.113983052584942 0.000000000000000
1.018720817681100 0.097636739633493 0.000000000000000
0.329877430822310 0.035665570955523 0.000000000000000
0.277545268036875 -0.010573693954654 0.000000000000000
0.978908741147638 -0.008381892715614 0.000000000000000
0.557536730798543 0.109566279399148 0.000000000000000
0.792774071473882 -0.000710195971344 0.000000000000000
0.881500099598430 0.010264619210091 0.000000000000000
0.259754073698024 -0.005843174532447 0.000000000000000
0.277945869460899 -0.004750637966928 0.000000000000000
0.884679898422912 -0.047434562569491 0.000000000000000
0.906264161522041 0.064785909240702 0.000000000000000
0.907748349411839 0.129221851158518 0.000000000000000
0.901902414192013 -0.032046843503437 0.000000000000000
0.525060997180863 0.003126137503075 0.000000000000000
0.416267154956366 0.014960782687340 0.000000000000000
0.544855969961009 -0.001349433457272 0.000000000000000
0.881041792231433 0.002045970934880 0.000000000000000
0.907850208322666 -0.004954568838589 0.000000000000000
0.812092568098525 0.015254243842157 0.000000000000000
0.646442778497621 -0.011218549550331 0.000000000000000
0.670417968795527 0.011175446274338 0.000000000000000
0.946849972541759 -0.010884546941701 0.000000000000000
0.793496173238774 0.020243167988267 0.000000000000000
0.422039551180858 -0.059985353662136 0.000000000000000
0.642655730929585 0.011327202614973 0.000000000000000
0.490666020800988 0.018993617985522 0.000000000000000
0.242595938585842 0.001213140684088 0.000000000000000
1.011533757667014 -0.136037943243797 0.000000000000000
0.863512055380699 -0.043058371319004 0.000000000000000
0.482409595068229 0.274983049655549 0.000000000000000
0.833557276429858 0.263302500442258 0.000000000000000
0.489928817426853 0.005187539334786 0.000000000000000
0.257977745563481 0.004126369235434 0.000000000000000
0.823076397222276 -0.001450226144457 0.000000000000000
0.850060488616115 -0.013062687610126 0.000000000000000
0.593643862846520 -0.014730525516294 0.000000000000000
0.537151753688142 -0.001494365871575 0.000000000000000
0.268802091167808 0.006158821315208 0.000000000000000
0.576129905137270 0.022630368766260 0.000000000000000
0.861589975041704 0.018282968391717 0.000000000000000
0.883660004670458 -0.004456997692749 0.000000000000000
0.811871976619405 -0.018232789388789 0.000000000000000
0.959465481406189 -0.022770425895780 0.000000000000000
0.917067825016536 -0.033261876267908 0.000000000000000
1.140979496931763 -0.069757577840455 0.000000000000000
0.454466385713351 -0.075002048409600 0.000000000000000
0.631625750803690 0.001703316036206 0.000000000000000
0.987181102157293 -0.006608031233407 0.000000000000000
0.748772316029837 -0.008687060365454 0.000000000000000
0.917138646148701 0.003377545305336 0.000000000000000
0.804088527258884 0.001743660295642 0.000000000000000
0.891169529115203 -0.007987778905980 0.000000000000000
0.795844931879910 -0.011131813563693 0.000000000000000
0.931628483999576 -0.015914081073948 0.000000000000000
0.578367778052003 0.000058133853763 0.000000000000000
0.908507762912035 -0.017955126141941 0.000000000000000
0.789438535410097 0.011229251368343 0.000000000000000
0.962486035220333 -0.058978469295386 0.000000000000000
1.213213451681211 -0.236893282746274 0.000000000000000
0.648789483085505 0.099265230121685 0.000000000000000
0.292375487941036 -0.007288657971128 0.000000000000000
0.241929450540249 0.002626268202043 0.000000000000000
0.850277208622202 0.009419845294931 0.000000000000000
0.863829112994648 -0.001929209764027 0.000000000000000
0.259500389296184 -0.002124991980833 0.000000000000000
0.272800368002103 -0.001379848083803 0.000000000000000
0.667638413783524 -0.014918189071941 0.000000000000000
0.696711348964711 0.055236766534184 0.000000000000000
0.891124355289411 0.007376429278502 0.000000000000000
0.565874544955607 0.002108173473406 0.000000000000000
0.992768295787772 -0.014296147817174 0.000000000000000
0.724516269356670 -0.005615012560247 0.000000000000000
1.048960652554392 -0.089424399212940 0.000000000000000
1.187591005637324 -0.230083565199530 0.000000000000000
0.622653528612510 0.008629340514969 0.000000000000000
0.902529952462294 0.011378901299777 0.000000000000000
0.987625274797667 -0.013838583843221 0.000000000000000
0.711084510678328 -0.005097331810880 0.000000000000000
0.662541977301788 0.145447304824202 0.000000000000000
0.788389178561474 -0.103421376453136 0.000000000000000
0.999723031872904 -0.032912083649937 0.000000000000000
0.895910027685302 -0.001527689606577 0.000000000000000
0.834966456131475 -0.027425267401288 0.000000000000000
0.945379042047773 -0.019101691672999 0.000000000000000
0.358088008260809 0.400572985481916 0.000000000000000
0.063456785440384 0.079951113315369 0.000000000000000
0.283795507801740 -0.024382439394162 0.000000000000000
0.502449779494790 0.002131633872092 0.000000000000000
0.834240308797768 -0.025845679238840 0.000000000000000
0.925539038012686 0.000340946533817 0.000000000000000
0.779594667645538 -0.009090604417709 0.000000000000000
0.900276324298990 0.169859004625601 0.000000000000000
0.660699099514262 0.222811953930290 0.000000000000000
0.150891103799241 -0.033033315008227 0.000000000000000
0.393559880008502 0.502957140440441 0.000000000000000
0.265768773564366 0.206190498162416 0.000000000000000
0.988924453204620 -0.019105928545373 0.000000000000000
0.626578211808709 -0.002964403651907 0.000000000000000
0.280846432488920 0.014420478538329 0.000000000000000
0.510893248727391 -0.001106219167180 0.000000000000000
0.686907150376128 -0.020024231896212 0.000000000000000
0.934529663485594 -0.010819459828606 0.000000000000000
0.751129935929661 -0.001451626682010 0.000000000000000
0.962541850583152 -0.076334346199363 0.000000000000000
0.743196840316779 -0.000893183182773 0.000000000000000
0.982436869219381 -0.005790582445349 0.000000000000000
0.717265613978076 -0.012909287127232 0.000000000000000
0.560421796639384 0.000106087551869 0.000000000000000
0.354458105278574 -0.047240332109001 0.000000000000000
0.958203873909636 -0.007926613475106 0.000000000000000
0.679852460791726 0.014900929889358 0.000000000000000
0.584774180519436 0.175388568805319 0.000000000000000
0.862924858425945 0.207311914936463 0.000000000000000
0.738565799316203 -0.033019593383409 0.000000000000000
0.717795392085482 0.119335506297185 0.000000000000000
0.711583126308639 -0.103189592749083 0.000000000000000
0.943126069573814 -0.060116366564407 0.000000000000000
0.916292964674216 -0.041010965690407 0.000000000000000
0.288011949658697 0.010772503377575 0.000000000000000
0.424657349968818 -0.002771643002992 0.000000000000000
0.983896120684596 0.002824617854571 0.000000000000000
0.724943939670617 -0.011982374594103 0.000000000000000
0.744138659261541 -0.010927934974478 0.000000000000000
0.760467004869556 0.008469405919817 0.000000000000000
0.204764106932199 -0.002053393277164 0.000000000000000
0.190415730942790 0.000525691590332 0.000000000000000
0.922305580979198 0.082033153674482 0.000000000000000
0.964870853535451 -0.031256638255383 0.000000000000000
0.898400866687542 -0.031253465807557 0.000000000000000
0.915370572476968 -0.015644698935847 0.000000000000000
0.153546943030496 0.012170307784898 0.000000000000000
0.396594884059905 0.006901627790279 0.000000000000000
0.232965156507024 0.016934954407008 0.000000000000000
0.252081653187238 0.007881016250185 0.000000000000000
0.394687116906937 -0.009235865126123 0.000000000000000
0.163482459161741 0.006954017393940 0.000000000000000
0.749214862483898 -0.006211215426840 0.000000000000000
0.823410989847916 -0.003844177673543 0.000000000000000
0.749240292592466 0.003418174613963 0.000000000000000
0.900601343879480 -0.004643809511000 0.000000000000000
0.876225716154630 0.005750047344028 0.000000000000000
0.757590975192853 0.014241229596887 0.000000000000000
0.819563028503470 -0.006724501446453 0.000000000000000
0.740635195993809 0.002181344334854 0.000000000000000
0.838637973788618 0.053422892282987 0.000000000000000
0.795949108939179 0.033369170622171 0.000000000000000
0.878775343887747 -0.062025991455264 0.000000000000000
0.928718353380799 -0.078574260507758 0.000000000000000
0.915060935487120 -0.054707482514992 0.000000000000000
0.575628520716812 0.064916466059241 0.000000000000000
0.737581091951395 0.178241559557312 0.000000000000000
0.579259742039063 0.215206130971498 0.000000000000000
0.695623852212305 0.025760333954783 0.000000000000000
0.897918039810624 0.038381694334836 0.000000000000000
0.679743573651597 0.127643006928198 0.000000000000000
0.796215406007603 -0.018564708529853 0.000000000000000
0.870028829422604 -0.017706915818081 0.000000000000000
1.002148446295944 -0.073611923761740 0.000000000000000
0.963792270029683 -0.083002292310416 0.000000000000000
0.768141981821764 -0.000759783729851 0.000000000000000
0.861283649489054 0.010307823534241 0.000000000000000
0.850907037816864 0.014173688733076 0.000000000000000
0.848225648308179 0.009710113158964 0.000000000000000
0.848734452738992 0.010282469781920 0.000000000000000
0.882020001387479 0.006075548370206 0.000000000000000
0.703497854932539 0.010180439572292 0.000000000000000
0.684803621901638 0.008213911132223 0.000000000000000
0.760425497557302 -0.007038121856796 0.000000000000000
0.932912437568154 -0.005705872034606 0.000000000000000
0.941748164797199 -0.004383683962612 0.000000000000000
0.944765182225368 0.004316137143017 0.000000000000000
0.690500297173349 -0.001455229814386 0.000000000000000
0.528060128768639 0.010075632708434 0.000000000000000
0.548017877182506 0.008902411445012 0.000000000000000
0.524747414447282 0.000115141258370 0.000000000000000
0.528311621133821 -0.002868722206270 0.000000000000000
0.641058042274743 -0.010294306458214 0.000000000000000
0.891563461725314 0.006493060982446 0.000000000000000
0.791751711767218 0.006897324776717 0.000000000000000
0.889039536366564 0.008919108061548 0.000000000000000
0.825301314670930 -0.000476989892855 0.000000000000000
0.641328121175429 0.006572616914847 0.000000000000000
0.765283606936473 -0.002673084727966 0.000000000000000
0.660796699511386 0.010553446524021 0.000000000000000
0.897971948988648 0.022480300648883 0.000000000000000
0.877530057406845 0.014410737003589 0.000000000000000
0.884247002036378 0.026128410872985 0.000000000000000
0.709580353558734 0.009968056525806 0.000000000000000
0.554889499737316 0.004283872998192 0.000000000000000
0.882432533568187 0.017368402056509 0.000000000000000
0.892961423544451 0.018647231112363 0.000000000000000
0.526736048429714 -0.006475670793953 0.000000000000000
0.369154275174775 -0.004449658074904 0.000000000000000
0.369392955095366 -0.000619432243306 0.000000000000000
0.519162300907552 -0.003412824187231 0.000000000000000
0.981391243872846 -0.005177888360518 0.000000000000000
0.990731219045462 -0.013001051611802 0.000000000000000
0.774828295267042 -0.025308781033030 0.000000000000000
0.807751151669426 -0.060071419913899 0.000000000000000
0.170139172960928 -0.001748501733103 0.000000000000000
0.369731033683274 0.002841893183099 0.000000000000000
0.238151063293967 0.006114145225696 0.000000000000000
0.202753510220981 -0.005675589406149 0.000000000000000
0.383799314948075 0.017783940313567 0.000000000000000
0.157052371578536 -0.011774306812513 0.000000000000000
0.177074077216377 0.004095363739183 0.000000000000000
0.137620427088491 0.000872809670327 0.000000000000000
0.439204977745721 -0.004853019796137 0.000000000000000
0.525038585674680 -0.002277341512625 0.000000000000000
0.588420955259599 -0.011039460319006 0.000000000000000
0.519734222786923 0.072178360467164 0.000000000000000
0.435984991817237 0.026710030197983 0.000000000000000
0.499175680696669 0.089601575124854 0.000000000000000
0.856650444119960 -0.001635816529992 0.000000000000000
0.696597648196724 0.001357563238019 0.000000000000000
0.727051888912521 0.007674004859141 0.000000000000000
0.735877005995721 0.000809312741749 0.000000000000000
0.773726223391433 -0.005710173522785 0.000000000000000
0.652001752752817 -0.000777206550503 0.000000000000000
0.751461038185597 0.026413130600452 0.000000000000000
0.790197113440017 -0.003344680403811 0.000000000000000
0.790588597736582 0.051326328102358 0.000000000000000
0.182078599660212 -0.003580992173662 0.000000000000000
0.391402505967381 0.000656408981848 0.000000000000000
0.419996332546593 0.052036339044115 0.000000000000000
0.176051765781358 0.008423494931063 0.000000000000000
0.726923269488441 -0.007784832418781 0.000000000000000
0.806034282854020 -0.017913214085662 0.000000000000000
0.901385643361415 0.036499370875895 0.000000000000000
0.741921383538627 0.022457298013025 0.000000000000000
0.620442800824711 0.007850476369436 0.000000000000000
0.565087680935346 0.001568269638224 0.000000000000000
0.913942768545965 -0.001089789219336 0.000000000000000
0.927380332398359 0.009117747177660 0.000000000000000
0.794163445851332 0.140871826315033 0.000000000000000
0.640478181023618 0.172715130718449 0.000000000000000
0.964970343795442 -0.000047048191131 0.000000000000000
0.960067617358436 -0.011785451260656 0.000000000000000
0.965864150341678 0.000543429030656 0.000000000000000
0.651800863363742 -0.026006104463645 0.000000000000000
0.708593243688574 0.015600833897748 0.000000000000000
0.672868755994770 -0.000284425410916 0.000000000000000
0.901802160911704 0.001002383283889 0.000000000000000
0.942310455919010 -0.000312691712763 0.000000000000000
0.743040779657809 -0.002814554586690 0.000000000000000
0.802585816575246 0.046144684163953 0.000000000000000
0.363791006395551 0.019870601220730 0.000000000000000
0.378336131425791 0.024902588381719 0.000000000000000
0.185828868002421 0.003477931196715 0.000000000000000
0.189481605676123 0.003792599571473 0.000000000000000
0.914766527867428 -0.005192238904720 0.000000000000000
0.928437119971087 0.006478101509701 0.000000000000000
0.758797030416772 -0.005060167231375 0.000000000000000
0.758255955527816 -0.012230012699569 0.000000000000000
0.753340769673782 -0.005077936810577 0.000000000000000
0.695142434185482 -0.007310095136134 0.000000000000000
0.708352527380713 -0.001397652764281 0.000000000000000
0.806275635938445 -0.000191348962822 0.000000000000000
0.669002246829473 0.073136056787393 0.000000000000000
0.889380801217762 0.013371174395888 0.000000000000000
1.208824792840358 -0.258988615643895 0.000000000000000
0.428429050459649 0.005957823306960 0.000000000000000
0.587371992676613 -0.009016821678473 0.000000000000000
0.979296125709396 -0.066534341796481 0.000000000000000
0.937978381812922 -0.000613102235313 0.000000000000000
0.932421220905911 -0.000255160765287 0.000000000000000
0.972393519056396 -0.011719202355896 0.000000000000000
0.588747974868804 -0.030066184311196 0.000000000000000
0.677817759884838 -0.056092510090388 0.000000000000000
0.701774258119114 -0.053887913618940 0.000000000000000
0.887899086472473 -0.025661994707128 0.000000000000000
0.925632408795496 -0.032928349793856 0.000000000000000
0.966176679928950 -0.027389667413673 0.000000000000000
0.708301808422590 0.135717641644188 0.000000000000000
0.866349412186642 0.027115458006390 0.000000000000000
0.723153069624153 -0.032375434509277 0.000000000000000
0.690053880286563 0.093246972038541 0.000000000000000
0.764667547781153 0.011091080661674 0.000000000000000
0.672470816057622 -0.000242318334503 0.000000000000000
0.680762046368975 0.001628506898150 0.000000000000000
0.755596048500783 0.011094937462365 0.000000000000000
0.756931907404439 0.010836985023846 0.000000000000000
0.905032508525234 0.004394359005792 0.000000000000000
0.908889575691230 0.006439530752840 0.000000000000000
0.920208540832007 -0.000873718401365 0.000000000000000
0.574764641135123 0.097351375356576 0.000000000000000
0.565344424618912 0.105470270232109 0.000000000000000
0.559524333124809 0.054856534352206 0.000000000000000
0.937397666993185 0.001375617769081 0.000000000000000
0.731820832544117 -0.003034465957013 0.000000000000000
0.700251667069042 0.013991261975331 0.000000000000000
0.661510936904965 0.006116229953899 0.000000000000000
0.545551347672180 0.077552126893927 0.000000000000000
0.968317675068792 -0.005197677144453 0.000000000000000
0.984009821128324 -0.022990189152908 0.000000000000000
0.933415021292678 -0.015464948249100 0.000000000000000
0.856495857536185 0.036687887191040 0.000000000000000
0.734425271048475 0.039414381274211 0.000000000000000
0.792788674845995 0.078325855343464 0.000000000000000
0.579628314244178 0.011135345687509 0.000000000000000
0.256271202191396 0.019375188942655 0.000000000000000
0.126758811137781 0.002480938127923 0.000000000000000
0.297025075682484 0.001814079211613 0.000000000000000
0.925671217883302 -0.050766298185108 0.000000000000000
1.012715231188034 -0.247070672769528 0.000000000000000
0.487812015580261 -0.050307569727102 0.000000000000000
0.782418649871633 -0.080006774339113 0.000000000000000
0.442142384456714 0.123091580043085 0.000000000000000
0.335268351841782 0.406141951238181 0.000000000000000
0.718201433061434 0.113496425126745 0.000000000000000
0.486608052456186 0.239602820701429 0.000000000000000
0.627884028437367 -0.012894906200734 0.000000000000000
0.981465230350720 0.006593037333926 0.000000000000000
0.966557064835540 -0.002232633828571 0.000000000000000
0.963110072432308 0.001634939718503 0.000000000000000
0.680776360505993 0.012701936890898 0.000000000000000
0.745754920957907 0.008501147189802 0.000000000000000
0.699087666410876 0.022102423085136 0.000000000000000
0.973991452253834 -0.008115665995077 0.000000000000000
0.955926349552016 0.004399532287821 0.000000000000000
0.705508098963606 0.007506121403245 0.000000000000000
0.653679964063376 0.015219058054303 0.000000000000000
0.874890068118317 -0.009176152793241 0.000000000000000
0.917696287318814 -0.011285323716325 0.000000000000000
0.805762279579305 -0.018222466798259 0.000000000000000
0.839959041718857 0.025563612977765 0.000000000000000
0.732598290810014 0.028093078351297 0.000000000000000
0.775550117925597 0.026613362864069 0.000000000000000
0.727480627935119 0.180743509836898 0.000000000000000
0.361719566659564 0.329240414203310 0.000000000000000
0.616919332257225 0.307929538189642 0.000000000000000
0.739170018903159 0.067202547564647 0.000000000000000
0.536592195423141 0.211526398094684 0.000000000000000
0.269637405435951 0.053718348311997 0.000000000000000
0.267938492836489 0.134482381631366 0.000000000000000
0.425530330690506 0.189774232757518 0.000000000000000
0.284736466010747 -0.031580245251064 0.000000000000000
0.131841185902899 -0.018954934215373 0.000000000000000
0.321465445835336 -0.017851485493161 0.000000000000000
0.517857879568685 0.035352529574516 0.000000000000000
0.415422531201254 0.011980152862047 0.000000000000000
0.907357757735088 0.010068844055903 0.000000000000000
0.843670607922724 -0.009398560128729 0.000000000000000
0.846916920111099 0.010555947890934 0.000000000000000
0.844963413073741 0.064149254078246 0.000000000000000
0.711110077197581 0.032324301900810 0.000000000000000
0.632687894519411 0.007228965410110 0.000000000000000
0.995333427874047 -0.015811634707211 0.000000000000000
0.979936092562831 0.001435417043696 0.000000000000000
0.800267850018412 -0.000787679393186 0.000000000000000
0.734409765638981 -0.004597419508344 0.000000000000000
0.668689951659443 0.076299884994643 0.000000000000000
0.753064303242696 0.030558917669907 0.000000000000000
0.991565667798259 -0.036122002841140 0.000000000000000
1.009707135826959 -0.032033881376531 0.000000000000000
1.001718025750478 -0.117575940709106 0.000000000000000
0.593567496553073 -0.012201910284140 0.000000000000000
0.464978858756013 -0.022848659646083 0.000000000000000
0.670000543529150 -0.051568118578717 0.000000000000000
0.471169721835864 0.347172237991646 0.000000000000000
0.525141373805026 0.315447381950690 0.000000000000000
0.471118440890556 0.356626657708323 0.000000000000000
0.787239355157670 0.276682088684229 0.000000000000000
0.656624020247122 0.220529575285989 0.000000000000000
0.668365296920878 0.296950270803554 0.000000000000000
0.649708131137986 -0.009798952951149 0.000000000000000
0.965211954364575 0.006177102258104 0.000000000000000
0.972421993411455 0.009967312311421 0.000000000000000
0.961044207342774 -0.008027545159741 0.000000000000000
0.702882944294704 0.009011903233954 0.000000000000000
0.686725088574442 -0.005859624794517 0.000000000000000
0.661045245543593 -0.016186799484931 0.000000000000000
0.619848819935608 0.184195542960428 0.000000000000000
0.868281400690010 0.063981617395591 0.000000000000000
0.504301372319822 0.183197026747711 0.000000000000000
0.329048513063789 -0.041698670352218 0.000000000000000
0.505381072726706 -0.017642320956745 0.000000000000000
0.432930383702065 -0.030694274889163 0.000000000000000
0.663939973966063 0.024588938921549 0.000000000000000
0.540121244012646 0.001867064216942 0.000000000000000
0.577219609539728 0.001618665977648 0.000000000000000
0.637246936915061 -0.013113233328215 0.000000000000000
0.699996074060581 0.021864308202420 0.000000000000000
0.580832246362632 0.051540859745724 0.000000000000000
0.573834836267737 0.037044260572612 0.000000000000000
0.486459906046822 0.001682066853947 0.000000000000000
0.478334294136012 0.031488970936180 0.000000000000000
0.313206505294137 0.042112645764644 0.000000000000000
0.427566390515718 0.044353259155032 0.000000000000000
0.667494092151516 0.008842762547642 0.000000000000000
0.470718168378756 -0.003814442644566 0.000000000000000
0.739144546665775 0.001915560981889 0.000000000000000
0.760664379743969 0.008465317362456 0.000000000000000
0.755202477158068 0.010659452103061 0.000000000000000
0.795541708384655 0.020611301885466 0.000000000000000
0.784626492627925 0.026439320715679 0.000000000000000
0.688109185568498 0.003139839109588 0.000000000000000
0.633282748029751 -0.006463243438247 0.000000000000000
0.610251921706059 0.000311999934857 0.000000000000000
0.690966818995800 -0.001670464880250 0.000000000000000
0.806276753934953 -0.003825128496505 0.000000000000000
0.695184241423635 -0.005067317064355 0.000000000000000
0.889009886144675 0.018537710136603 0.000000000000000
0.859442552023523 0.017123220302115 0.000000000000000
0.403648549674143 -0.001138808167632 0.000000000000000
0.545613782202262 0.045447145672530 0.000000000000000
0.877311110728077 -0.097229617315166 0.000000000000000
0.827035884579328 -0.073838714536851 0.000000000000000
1.021042495881296 -0.028364820705266 0.000000000000000
1.006091303962312 -0.021071103463615 0.000000000000000
0.745840819675553 0.183919329234591 0.000000000000000
0.749668155752506 0.026198617452794 0.000000000000000
0.790593187782652 0.146951829753175 0.000000000000000
0.830852982117339 0.053602091638493 0.000000000000000
0.933403153695845 0.000386370557476 0.000000000000000
0.967739367971793 -0.005725517903824 0.000000000000000
0.658539795003328 0.048440842108022 0.000000000000000
0.675359190341865 0.059944970548265 0.000000000000000
0.691834517080007 0.023460546430640 0.000000000000000
0.747306661909169 0.011085982897067 0.000000000000000
0.424048831357062 0.001177138921987 0.000000000000000
0.372186454136337 0.003889909980601 0.000000000000000
0.777451709461564 0.008360976931946 0.000000000000000
0.745998087230483 -0.006477833027759 0.000000000000000
0.756258714864684 0.008885675075428 0.000000000000000
0.871159064914809 -0.006109816007417 0.000000000000000
0.787076195378936 -0.010870929074681 0.000000000000000
0.878974551740621 -0.010747222582133 0.000000000000000
0.392315547937219 -0.002529993511168 0.000000000000000
0.315279584079671 -0.006295756174664 0.000000000000000
0.968944407613919 0.010953632428201 0.000000000000000
0.715251084660686 0.015285903547887 0.000000000000000
0.972624649741033 0.002196828705335 0.000000000000000
0.878356564370443 -0.011620685711813 0.000000000000000
0.509149620902558 0.059995605058546 0.000000000000000
0.593941137716217 0.064294428760773 0.000000000000000
1.010541118719528 -0.043681156556203 0.000000000000000
0.994651060863874 -0.079220365237912 0.000000000000000
0.984513500280530 -0.021898524364896 0.000000000000000
0.401660083803568 0.030783901713685 0.000000000000000
0.424210118105394 0.033154527930015 0.000000000000000
0.192932824891666 0.008842294201641 0.000000000000000
0.198621886818186 0.006392060420534 0.000000000000000
0.284648942356256 0.053652986805960 0.000000000000000
0.330159801573509 0.010347604130523 0.000000000000000
0.208496990339901 0.009705344179811 0.000000000000000
0.210512507513354 -0.003897524082228 0.000000000000000
0.842072675036964 -0.012794843896379 0.000000000000000
0.888936220002681 -0.007994816330617 0.000000000000000
0.901637271397225 -0.012659204848471 0.000000000000000
0.931743016629010 0.004538899575070 0.000000000000000
0.944094230076057 0.015071061743247 0.000000000000000
0.742575715918504 -0.007537831120003 0.000000000000000
0.743684835392011 -0.015184850195512 0.000000000000000
0.931899059202473 -0.002884499336366 0.000000000000000
0.960183140536592 -0.157148928671845 0.000000000000000
0.368224190973486 0.030988596113161 0.000000000000000
0.467436724007374 -0.043904918722791 0.000000000000000
0.380025242314888 0.033211051544773 0.000000000000000
0.403601912540363 0.011749600183970 0.000000000000000
0.693536367550774 0.001231791191395 0.000000000000000
0.334885254707404 0.001315646450313 0.000000000000000
0.161031595641655 0.003534473301397 0.000000000000000
0.166347252457210 0.005204927541790 0.000000000000000
0.745016538496825 -0.012208492968918 0.000000000000000
0.303720220515927 0.034032524110722 0.000000000000000
0.542593239082903 -0.079622112784184 0.000000000000000
0.206091450134123 0.035498568638715 0.000000000000000
0.631701858208136 0.098375124360320 0.000000000000000
0.768555389820951 0.099901975517900 0.000000000000000
0.597264539280750 0.036931172796523 0.000000000000000
0.656840103201091 0.174217547241384 0.000000000000000
0.724605201812523 0.236386195345396 0.000000000000000
0.578678746716308 0.208911335038193 0.000000000000000
0.746986732146542 0.236864414506977 0.000000000000000
0.726853532996245 0.235805622302167 0.000000000000000
0.812673961871617 0.191846553035370 0.000000000000000
1.056889273887521 -0.135957895639686 0.000000000000000
0.972307307081264 -0.105088868057264 0.000000000000000
0.997402492289176 -0.121966200792311 0.000000000000000
0.869631459221342 -0.040715463928621 0.000000000000000
0.947975582238616 -0.035782984538344 0.000000000000000
0.953490062212105 -0.040161072729285 0.000000000000000
0.636456229561393 0.229461149262737 0.000000000000000
0.494421138948642 0.186090449984535 0.000000000000000
0.449382030344126 0.302312319146790 0.000000000000000
0.869469922311168 0.219176440412330 0.000000000000000
0.848706226207849 0.229506822910154 0.000000000000000
0.838932813536017 0.244583768798301 0.000000000000000
0.577302576126360 0.002710130075792 0.000000000000000
0.531703050608736 -0.008076775114965 0.000000000000000
0.547895400448481 -0.002867838937793 0.000000000000000
0.593158310728018 0.023904416095301 0.000000000000000
0.470246627571823 -0.002334057778935 0.000000000000000
0.612664060698924 -0.008013322525265 0.000000000000000
0.642469153843902 0.008340856006248 0.000000000000000
0.494164606333271 0.010396279566141 0.000000000000000
0.802025580565922 0.000824702298684 0.000000000000000
0.851627923930511 0.002964547581109 0.000000000000000
0.860052663289843 -0.008227382047489 0.000000000000000
0.891560007024696 -0.005129803334340 0.000000000000000
1.004825747179746 -0.013446743891622 0.000000000000000
0.998064193164942 -0.006530087247294 0.000000000000000
1.007943271163776 -0.003252149201398 0.000000000000000
0.725154453868152 0.003102645380420 0.000000000000000
0.726440672956317 -0.004726462667778 0.000000000000000
0.713268451594553 -0.000544920483136 0.000000000000000
0.829854816346752 0.033741357928718 0.000000000000000
0.845286290773402 0.061330919677193 0.000000000000000
0.513387517622210 0.089359391727421 0.000000000000000
0.441535695194518 0.023361885842694 0.000000000000000
0.145532797533715 -0.011752893378594 0.000000000000000
0.294045506915639 -0.010606790121022 0.000000000000000
0.177191384829266 0.002592453699864 0.000000000000000
0.872083146900572 -0.094654125042920 0.000000000000000
0.736716785223935 -0.095028241566702 0.000000000000000
0.811152940275116 0.028045877914809 0.000000000000000
0.968801763784339 -0.043917946673337 0.000000000000000
0.891714025100635 -0.026839726935950 0.000000000000000
0.871335937504090 0.081577581531886 0.000000000000000
0.416696957856675 -0.019973559015302 0.000000000000000
0.897067205833143 0.015897319066020 0.000000000000000
0.920215518479174 -0.004770854640436 0.000000000000000
0.789643458306520 -0.002344577067366 0.000000000000000
0.816471664404502 -0.000733636960663 0.000000000000000
0.908491048475061 0.007660015407570 0.000000000000000
0.893802101873865 -0.006291540984702 0.000000000000000
0.858904126804541 0.028633406426371 0.000000000000000
0.853868325216793 0.077523446875586 0.000000000000000
0.839561742853899 -0.006230208387226 0.000000000000000
0.928620387050835 -0.000990649015372 0.000000000000000
0.807409982715274 0.041237348065413 0.000000000000000
0.892830318868564 0.017347706095396 0.000000000000000
1.053026434107681 -0.072511717842246 0.000000000000000
1.014421461466549 -0.056535869695437 0.000000000000000
0.641398033508628 -0.025486055333966 0.000000000000000
0.536480750859434 -0.041797886140468 0.000000000000000
0.898941137143469 -0.005369720678214 0.000000000000000
0.946243259314509 -0.011249042089392 0.000000000000000
0.193359201089881 0.005758931054077 0.000000000000000
0.198758631128695 -0.001593749330070 0.000000000000000
0.168313388552170 -0.006778320407750 0.000000000000000
0.164806559292695 0.001120267725694 0.000000000000000
0.182210323926993 0.005421018192435 0.000000000000000
0.179526214262652 0.023998672362513 0.000000000000000
0.817960774040368 0.002271186931244 0.000000000000000
0.743382405172538 0.011347091985027 0.000000000000000
0.921108822106896 0.004592415937011 0.000000000000000
0.882534696025955 -0.002584187929023 0.000000000000000
0.906881300714105 -0.008801132854885 0.000000000000000
1.043603485598521 -0.053820166820113 0.000000000000000
1.087541692609327 -0.120621396684667 0.000000000000000
1.226653508560410 -0.129258413558457 0.000000000000000
0.912881147903902 0.158236290518083 0.000000000000000
0.886370486439425 0.169895064755921 0.000000000000000
0.748907791127062 0.274333447724844 0.000000000000000
0.679476658582893 0.205919990052752 0.000000000000000
0.579642973634068 -0.002063470385264 0.000000000000000
0.451039976774736 -0.009318098057587 0.000000000000000
0.447145823175784 -0.007348077234445 0.000000000000000
0.609457285101767 0.021853532801499 0.000000000000000
0.351434752741868 0.087119063727793 0.000000000000000
0.403953808853892 0.003672294387113 0.000000000000000
0.372570510731014 0.018337833885414 0.000000000000000
0.386281347547983 0.022613405488581 0.000000000000000
0.922292839521752 -0.004169842595424 0.000000000000000
0.863151960380666 0.008647808902207 0.000000000000000
0.840954761926117 0.014935704917937 0.000000000000000
0.811643220903315 0.001321791664141 0.000000000000000
0.915824718390721 -0.071190127128854 0.000000000000000
0.828843568075707 -0.010559673597759 0.000000000000000
1.049920559324873 -0.147512833451363 0.000000000000000
1.129217037293622 -0.053439656252589 0.000000000000000
0.461544279041586 0.373460299912523 0.000000000000000
0.550619436266703 0.174385170896188 0.000000000000000
0.786586019590439 0.281168042349256 0.000000000000000
0.845317748241040 0.165722553473381 0.000000000000000
0.175204634870801 0.000606413909775 0.000000000000000
0.174554711311771 -0.001874362070618 0.000000000000000
0.180069667966421 -0.002397822753952 0.000000000000000
0.176804082125455 -0.003170627831618 0.000000000000000
0.610843879864990 0.116186824168806 0.000000000000000
0.634920578430469 0.049306131354105 0.000000000000000
0.582918323288924 0.162029253590109 0.000000000000000
0.502993753637207 -0.004627165045159 0.000000000000000
0.504756435689723 -0.005537745363145 0.000000000000000
0.381174830139580 -0.005147776632897 0.000000000000000
0.353959383797024 0.000500565874736 0.000000000000000
0.477913680483481 0.002410902762116 0.000000000000000
0.476274821843753 0.001145739182404 0.000000000000000
0.316101664600213 0.015589625631000 0.000000000000000
0.610565187490329 0.010505854530686 0.000000000000000
0.329208021178721 0.001922766491286 0.000000000000000
0.156530621460253 0.002507520048129 0.000000000000000
0.945747514921400 -0.022395456341495 0.000000000000000
0.960723920590816 -0.005519362162856 0.000000000000000
1.004072684056726 -0.010035760673268 0.000000000000000
0.624579671262376 0.016081948886389 0.000000000000000
0.632154134976939 -0.021394958980305 0.000000000000000
0.636980362865765 -0.001827273300795 0.000000000000000
0.891189079436679 -0.043260446198854 0.000000000000000
0.966438399916820 -0.051416699803501 0.000000000000000
0.623072881274812 -0.060954110102718 0.000000000000000
0.745358511667413 -0.079843749767496 0.000000000000000
0.971017442830154 -0.029857261163358 0.000000000000000
0.612076178558941 -0.004827443253730 0.000000000000000
0.583834837893350 -0.015721655415754 0.000000000000000
0.816110738893576 0.025126895817477 0.000000000000000
1.014620142690159 -0.056679360771195 0.000000000000000
1.001495722705460 -0.040924904010694 0.000000000000000
0.946249220951370 -0.022087927158066 0.000000000000000
0.857046598740263 0.002104779325488 0.000000000000000
0.839115974714908 -0.005367580660252 0.000000000000000
0.745563641516377 0.008230644154483 0.000000000000000
0.712470104727960 0.008575719040752 0.000000000000000
0.927748862288415 -0.066553116885154 0.000000000000000
0.798951258713159 -0.040828573047532 0.000000000000000
0.983278044207673 -0.037827993141097 0.000000000000000
0.989140235934329 -0.013664280052987 0.000000000000000
0.640820905870786 0.096983192843018 0.000000000000000
0.482620565258730 0.220809619324769 0.000000000000000
0.771271330403659 0.138628129365768 0.000000000000000
0.824424124251678 0.229383630455671 0.000000000000000
0.822960461551545 -0.149542244302895 0.000000000000000
0.475826102410645 -0.073323938495889 0.000000000000000
0.318497089883773 0.389193047930885 0.000000000000000
0.591300318997875 0.306873669391519 0.000000000000000
0.801560031551339 0.137869708845112 0.000000000000000
0.856478798699900 0.092762833644360 0.000000000000000
0.579087085426837 0.141329726775411 0.000000000000000
0.520381983944040 0.065145427034006 0.000000000000000
0.768144317333213 -0.006149714286171 0.000000000000000
0.932721771513193 -0.002686555313277 0.000000000000000
0.469769994100080 -0.009465181185965 0.000000000000000
0.542992375617428 -0.001587986723222 0.000000000000000
0.487864585535261 -0.038299520977694 0.000000000000000
0.973555445928209 -0.040133642794401 0.000000000000000
0.963429510471986 0.036383601061650 0.000000000000000
0.467345033335564 0.008187659651946 0.000000000000000
0.551663881164697 0.068945272732995 0.000000000000000
0.619987809559168 -0.003658792539982 0.000000000000000
0.469414992909935 -0.018176052982993 0.000000000000000
0.611292290194187 0.120726794851141 0.000000000000000
0.626143493913448 0.104517243007942 0.000000000000000
0.667902135528528 0.124869936369073 0.000000000000000
0.452859350484129 0.029621264526906 0.000000000000000
0.281625852527680 0.062575885594676 0.000000000000000
0.169364704017459 -0.007419772743345 0.000000000000000
0.341649523526784 -0.011240076710149 0.000000000000000
0.783780354930856 -0.013535388180089 0.000000000000000
0.856835241620774 -0.033382410898497 0.000000000000000
0.485890713766571 -0.026836328373648 0.000000000000000
0.598445017111409 -0.062927512314931 0.000000000000000
0.690990357541124 -0.005910959088489 0.000000000000000
0.674339389518735 -0.003763032460863 0.000000000000000
0.679376208753062 -0.003009420257335 0.000000000000000
0.678652792743713 0.003684300025020 0.000000000000000
0.975049687342885 0.003210969364674 0.000000000000000
0.951994719860858 0.006276616787258 0.000000000000000
0.984009605251740 0.011917724428721 0.000000000000000
0.669823799619872 0.012457263793338 0.000000000000000
0.687209823860546 -0.002334855057112 0.000000000000000
0.721934269411560 0.005595200192919 0.000000000000000
0.838118265899111 0.007531243178440 0.000000000000000
0.882483042228479 0.011498420442486 0.000000000000000
0.881875066258062 0.015946055180071 0.000000000000000
0.827955196188497 -0.002728324144458 0.000000000000000
0.823189828645949 -0.006606606794132 0.000000000000000
0.869221897254283 -0.003421606488879 0.000000000000000
0.858887335646685 -0.180511641094781 0.000000000000000
0.818676215849477 -0.084553952035832 0.000000000000000
0.963880849268933 -0.017453752212233 0.000000000000000
0.954377997472548 -0.029086159982305 0.000000000000000
0.658449601668084 -0.036787462533093 0.000000000000000
0.560701995716163 -0.012265375132806 0.000000000000000
0.521044824125821 -0.028491995202143 0.000000000000000
0.318456259065038 -0.002970291333226 0.000000000000000
0.143590118766016 -0.007428477851581 0.000000000000000
0.132798438388568 -0.002145603148298 0.000000000000000
0.294765076592512 -0.004730486464201 0.000000000000000
0.785555829251050 -0.007948800467995 0.000000000000000
0.784298329976774 -0.013375945020192 0.000000000000000
0.986278221444442 -0.010048364954947 0.000000000000000
0.967579721828962 -0.009042003042940 0.000000000000000
0.867566238029555 0.034734268233072 0.000000000000000
0.922485512457183 0.042536276100010 0.000000000000000
0.961775202824054 -0.042786610931931 0.000000000000000
0.264420796601886 0.004227585364727 0.000000000000000
0.534480683381835 -0.006532598779724 0.000000000000000
0.315143769679486 0.010839567688882 0.000000000000000
0.575005122671105 0.143134428215575 0.000000000000000
0.538854517610087 0.142325591508127 0.000000000000000
0.592756622824053 0.137106462484064 0.000000000000000
0.776052201873084 0.186002378650054 0.000000000000000
0.573284137148018 0.282901007158850 0.000000000000000
0.830906441103058 0.224652899575536 0.000000000000000
1.021046587224057 -0.091212653303979 0.000000000000000
0.935660267432740 -0.033249098119532 0.000000000000000
0.909724041452605 0.010462870748298 0.000000000000000
0.921509946262996 0.011559844218474 0.000000000000000
0.621270966978326 0.002385557119681 0.000000000000000
0.633587046395971 0.007221939972794 0.000000000000000
0.423630890654163 0.002627508774347 0.000000000000000
0.498482695749000 0.008457109100899 0.000000000000000
0.559564457657875 0.007601238489647 0.000000000000000
0.876718073047537 0.016013904499059 0.000000000000000
0.838575512454666 0.017316678592886 0.000000000000000
0.773757991568700 0.013345741668436 0.000000000000000
0.907316215630707 0.072658501056163 0.000000000000000
0.766484781670511 0.056489651211217 0.000000000000000
0.657505957082027 0.133842761949575 0.000000000000000
0.514420309121924 0.073969437539999 0.000000000000000
1.009725832841796 -0.038812708630259 0.000000000000000
0.969683247771384 -0.046447764278716 0.000000000000000
0.991052005494829 -0.010775733147377 0.000000000000000
0.997284820073689 -0.006992870529510 0.000000000000000
0.720657774100038 0.003405364805222 0.000000000000000
0.721947835811067 -0.007470948247624 0.000000000000000
0.752290684601204 0.007550025974355 0.000000000000000
0.977384321551646 -0.015616598603687 0.000000000000000
0.692706220382298 0.002766322238398 0.000000000000000
0.458851006976866 -0.004676166601061 0.000000000000000
0.615767064369849 -0.029477810828800 0.000000000000000
0.870565389405579 -0.011508048391348 0.000000000000000
0.837900596510272 0.004250755501296 0.000000000000000
0.833835120336912 0.001202879064740 0.000000000000000
0.914302585192911 -0.010486062397968 0.000000000000000
0.809641596949717 0.007717634098251 0.000000000000000
0.846276928363128 0.022243382545282 0.000000000000000
0.849686081261990 0.015539052877189 0.000000000000000
0.832829814033138 0.017054564038865 0.000000000000000
0.878467666328937 -0.009431412955486 0.000000000000000
0.768752497694610 -0.011088311281506 0.000000000000000
0.811487241043150 -0.012075052290738 0.000000000000000
0.868326644851130 0.007013096104202 0.000000000000000
0.916782750477524 0.008023771158846 0.000000000000000
0.808191739206134 -0.017438545831565 0.000000000000000
0.604420047649914 0.259469198660340 0.000000000000000
0.713830550166591 0.002470933257021 0.000000000000000
0.726043387273172 -0.001604034578469 0.000000000000000
0.724746668866562 -0.011402131591233 0.000000000000000
0.312689130140405 -0.006769210335993 0.000000000000000
0.432749091423955 -0.005915030209027 0.000000000000000
0.463522828103361 0.001791089745293 0.000000000000000
0.978420783087362 -0.008365097391884 0.000000000000000
0.963831920138933 -0.010591061997123 0.000000000000000
0.918300753510879 0.012036998931234 0.000000000000000
0.877345416053762 0.001814615389767 0.000000000000000
0.617123312268937 0.005502146346455 0.000000000000000
0.557966095417428 0.001142521040190 0.000000000000000
0.306063176963960 0.000979242380598 0.000000000000000
0.123494927420735 0.005516679362477 0.000000000000000
0.596622338619761 0.018126175093109 0.000000000000000
0.272301402173851 0.022414610207289 0.000000000000000
0.648476490495608 0.005498836910399 0.000000000000000
0.589832920514544 -0.000598612426937 0.000000000000000
0.876402306968797 0.019329810963783 0.000000000000000
0.888592749397238 0.027044115676204 0.000000000000000
0.862995854568535 -0.009837815423206 0.000000000000000
0.923682143448522 -0.021588650787143 0.000000000000000
0.764293456650524 -0.001568987616534 0.000000000000000
0.768034722248522 0.011805346091195 0.000000000000000
0.883445684456390 -0.009770412746078 0.000000000000000
0.806735923410388 0.010394164373937 0.000000000000000
0.887023357599692 -0.001319243456858 0.000000000000000
0.818449371834704 -0.014649158658001 0.000000000000000
0.786774245170960 0.006982041166263 0.000000000000000
0.801259176895790 0.017926879614950 0.000000000000000
0.466629427958887 0.004105494685024 0.000000000000000
0.455676446657719 0.000857438183027 0.000000000000000
0.679775309102800 -0.076980434914664 0.000000000000000
0.861789890462707 -0.148842125032898 0.000000000000000
0.891416735911572 -0.055076421430166 0.000000000000000
0.993776437028457 -0.058575817990534 0.000000000000000
1.014341150021175 -0.176175356276022 0.000000000000000
1.009540593849362 -0.069461871098937 0.000000000000000
0.614613178087624 0.217685589681531 0.000000000000000
0.878755420034949 0.203979111287270 0.000000000000000
0.602124629915978 0.022434474925148 0.000000000000000
0.702014557510483 0.053335531654814 0.000000000000000
0.977776868666953 -0.008515523499684 0.000000000000000
0.994489323191635 -0.017923021170564 0.000000000000000
0.719524939561340 0.005617201645907 0.000000000000000
0.715613604394553 -0.008362048885201 0.000000000000000
0.412410071884339 -0.002170157571846 0.000000000000000
0.442118815703257 -0.009291091269476 0.000000000000000
0.427959253536626 -0.007195632738676 0.000000000000000
0.802944380336615 0.031740629602344 0.000000000000000
0.990199464826770 -0.016851520568504 0.000000000000000
0.988810736456533 -0.046987506674370 0.000000000000000
0.470387071225329 -0.022404144512759 0.000000000000000
0.205330950282908 -0.000615264690794 0.000000000000000
0.179864914941706 -0.010143708939217 0.000000000000000
0.925954216364367 -0.001375025909517 0.000000000000000
0.771702709872850 -0.004416913871408 0.000000000000000
0.718027661577799 0.100399999097335 0.000000000000000
1.025777910760823 -0.050955580542207 0.000000000000000
0.862392805910456 0.007198942966796 0.000000000000000
0.527097111281675 0.002915081949526 0.000000000000000
0.131548590301661 0.001527202066781 0.000000000000000
0.138569875969679 -0.002650804680450 0.000000000000000
0.995266776942068 -0.005148871958314 0.000000000000000
1.001300636841619 -0.005755701323698 0.000000000000000
0.736161159032095 -0.009745784354502 0.000000000000000
0.716973331294102 0.004304383219133 0.000000000000000
0.741630776911618 0.003986236653145 0.000000000000000
0.750885209118521 0.008190832093845 0.000000000000000
0.675202834386632 -0.004723947171772 0.000000000000000
0.719362941024409 0.005059834973243 0.000000000000000
0.931895090301990 -0.010145042017124 0.000000000000000
0.851286528474126 -0.002598105877306 0.000000000000000
0.759604579966123 -0.002414202051089 0.000000000000000
0.767743120743080 0.006896553654848 0.000000000000000
0.878847493544030 -0.002511895548178 0.000000000000000
0.742701842640027 -0.006430710574375 0.000000000000000
0.987432659009873 -0.009231015998467 0.000000000000000
1.002684428901490 -0.008031879121734 0.000000000000000
0.771697640510074 0.014924720004101 0.000000000000000
0.893184221035101 0.010776492340600 0.000000000000000
0.780529416648035 0.167604536820737 0.000000000000000
0.869098039966595 0.218332599231176 0.000000000000000
0.592309466033289 -0.010067755575502 0.000000000000000
0.572232559093441 -0.002305235596564 0.000000000000000
0.825910003881837 -0.014094791353615 0.000000000000000
0.718348958991151 -0.008914576950275 0.000000000000000
0.751302157002262 -0.011166418009590 0.000000000000000
0.721806236415943 0.003345162342768 0.000000000000000
0.762622707284797 -0.004504188365989 0.000000000000000
0.360618521332817 0.074911788516364 0.000000000000000
0.321680406229343 0.012988061831643 0.000000000000000
0.758940002508941 -0.007295334805796 0.000000000000000
0.780751078772275 -0.003741770981334 0.000000000000000
0.520537886292437 -0.000977735761754 0.000000000000000
0.847348681475590 0.013963464577807 0.000000000000000
0.728757140906793 0.154121406462408 0.000000000000000
0.362692519070017 0.035925605867677 0.000000000000000
0.603968261697520 0.000076777890732 0.000000000000000
0.320260724008126 0.018607658887492 0.000000000000000
0.257217602741425 -0.023434165274654 0.000000000000000
0.381781835717657 -0.031573817396698 0.000000000000000
0.228880917702201 0.014704308259789 0.000000000000000
0.596719406991793 -0.000335243857110 0.000000000000000
0.427545138415853 0.079395601408412 0.000000000000000
1.021375005103925 -0.146933799071602 0.000000000000000
0.938319996437273 -0.148577129147096 0.000000000000000
0.830548531086105 -0.143403356136917 0.000000000000000
1.041876312065705 -0.057707518310685 0.000000000000000
1.031963102351529 -0.039459958134564 0.000000000000000
1.022505782760913 -0.032114920926808 0.000000000000000
0.855652860921929 0.080576052218298 0.000000000000000
0.849096684019317 0.004411879788436 0.000000000000000
0.937669198683233 0.076946169778976 0.000000000000000
0.987675718048159 -0.023021917223257 0.000000000000000
0.883390731319771 -0.010759111564837 0.000000000000000
0.651209429609990 0.021057483013279 0.000000000000000
0.304575165628588 0.011790162908572 0.000000000000000
0.157228364087800 0.003976552418237 0.000000000000000
0.800592392221990 0.034864745345410 0.000000000000000
0.754148680818015 0.005432820114588 0.000000000000000
0.901644819241174 0.197247508067781 0.000000000000000
0.559313321325190 -0.006049105581597 0.000000000000000
0.584331756861476 -0.079277023990992 0.000000000000000
0.593977859169715 -0.001324728745464 0.000000000000000
0.808663475829623 -0.019078815125178 0.000000000000000
0.780712162913933 0.015130288047309 0.000000000000000
0.203053950173263 0.005835199677597 0.000000000000000
0.175019008233447 -0.000359045516164 0.000000000000000
0.937982552411182 -0.004830611070076 0.000000000000000
0.817600131325790 0.027697509812885 0.000000000000000
0.583809390248021 0.149295145248990 0.000000000000000
0.522845626722473 0.202742362148166 0.000000000000000
0.961697547899285 -0.029366036146905 0.000000000000000
0.969435216313854 -0.034735478001148 0.000000000000000
1.003631464651594 -0.034029373654954 0.000000000000000
0.649151113715790 -0.014057315490478 0.000000000000000
0.602579878792813 -0.023211643196737 0.000000000000000
0.854191270625631 0.040406884711509 0.000000000000000
0.814311436098471 0.043800417077307 0.000000000000000
0.643844927061366 0.016669540298335 0.000000000000000
0.311819755742918 0.028428205657464 0.000000000000000
0.140881525778574 0.006193708772369 0.000000000000000
0.314621827654179 0.006114593391001 0.000000000000000
0.746175339215871 -0.014810737840231 0.000000000000000
0.702245915350151 -0.007937420561140 0.000000000000000
0.189203869742741 0.020394446763226 0.000000000000000
0.204310792324042 0.013570331364867 0.000000000000000
0.329281718167063 0.009126974322973 0.000000000000000
0.335082405072563 0.007986972700205 0.000000000000000
0.275858281605704 0.013986055588192 0.000000000000000
0.252589724234334 0.006545711801493 0.000000000000000
0.761521591517559 0.053061100110779 0.000000000000000
0.856143677669680 0.038452116821752 0.000000000000000
0.924458838523133 -0.004186311871601 0.000000000000000
0.868328409292974 0.004996689333647 0.000000000000000
0.820705375957379 -0.004279013793700 0.000000000000000
0.468939134738401 0.010302332073469 0.000000000000000
0.514085016762570 0.006058621505164 0.000000000000000
0.573113894031156 0.015043339892598 0.000000000000000
0.620177265504187 0.015433441862462 0.000000000000000
0.891720507066952 -0.012056765754868 0.000000000000000
0.834541547614693 0.035877161439939 0.000000000000000
0.972112123950366 -0.030152139546710 0.000000000000000
0.984298256091473 -0.009251563817585 0.000000000000000
1.007016642846794 -0.027379326675598 0.000000000000000
0.924170363678862 -0.031452602081690 0.000000000000000
0.953115243441191 -0.005485399298942 0.000000000000000
0.772559836161617 -0.013940819083139 0.000000000000000
0.687674636818697 -0.004541191397381 0.000000000000000
0.951435017227881 -0.022258345123086 0.000000000000000
0.883798489424077 0.009507136188325 0.000000000000000
0.580294107875246 -0.024271582381559 0.000000000000000
0.551325863478178 -0.017365845221230 0.000000000000000
0.551671630291793 0.014463969785946 0.000000000000000
0.571428536392503 -0.008347720464953 0.000000000000000
0.495787715196570 -0.004631916312138 0.000000000000000
0.453251051187920 -0.002636708163814 0.000000000000000
0.598673043855173 -0.008335554098514 0.000000000000000
0.615447320301093 -0.006561941931457 0.000000000000000
0.515262859652782 -0.002247454482743 0.000000000000000
0.475880517238457 -0.003992490986311 0.000000000000000
0.599522456418524 -0.003384092679676 0.000000000000000
0.607009179261328 -0.014841298760387 0.000000000000000
0.539961252491774 -0.030232936666652 0.000000000000000
0.494969848744564 0.006856528296709 0.000000000000000
0.438135284402990 0.003471451098253 0.000000000000000
0.781289035407158 0.014973390278523 0.000000000000000
0.836610018088728 0.027087021513264 0.000000000000000
0.782464101086557 0.002399169942187 0.000000000000000
0.448502677988495 0.005800322342487 0.000000000000000
0.977969945914196 -0.003707483570320 0.000000000000000
0.970482534150989 0.005542118273892 0.000000000000000
0.983249554237971 0.003133266874297 0.000000000000000
0.971344096799119 0.003476319098777 0.000000000000000
0.703895135600456 -0.002308806900561 0.000000000000000
0.684085585678012 -0.005789769546542 0.000000000000000
0.703823149868664 0.021746935087867 0.000000000000000
0.685433450075618 0.002840424867085 0.000000000000000
0.746955169338882 0.028301779460902 0.000000000000000
0.395624172552275 0.008725216713546 0.000000000000000
0.982137619289711 -0.012932230597460 0.000000000000000
0.974598686278179 -0.033401653477865 0.000000000000000
0.601687960264908 -0.014726787949212 0.000000000000000
0.609221339083328 0.004299224248424 0.000000000000000
0.556025362318776 -0.007060254646680 0.000000000000000
0.738141656876464 -0.004466515004587 0.000000000000000
0.777787416353710 0.063678062817048 0.000000000000000
0.963099707514920 -0.007928816986645 0.000000000000000
0.785918071301022 0.000152820570095 0.000000000000000
0.820913016007549 0.036030879105985 0.000000000000000
0.300108481182616 0.011073580910992 0.000000000000000
0.138109171190539 0.022488940265910 0.000000000000000
0.224521244584188 0.001190875449457 0.000000000000000
0.513801126608012 -0.001302092369639 0.000000000000000
0.682811202864482 0.013504921298060 0.000000000000000
0.903923318081604 0.017106517010080 0.000000000000000
0.415192372809985 -0.003051104407327 0.000000000000000
0.329699801268070 -0.009835810324403 0.000000000000000
0.393032631262324 0.057950955181561 0.000000000000000
0.464561214594950 0.071340722812935 0.000000000000000
1.024189229318175 -0.005704165417030 0.000000000000000
1.065146526864310 -0.028942879003058 0.000000000000000
1.026631255711782 -0.114779246445705 0.000000000000000
1.166345806864838 -0.160429493003851 0.000000000000000
1.230436733067079 -0.217388623874608 0.000000000000000
1.183992716513473 -0.239576396946789 0.000000000000000
0.425253694550529 0.051518284760505 0.000000000000000
0.738095491853865 -0.004356787416387 0.000000000000000
0.934386145630857 -0.032763707432825 0.000000000000000
0.925896114675252 -0.056514664446000 0.000000000000000
0.962183920653730 -0.053539135362437 0.000000000000000
0.766996307915350 -0.014839292347378 0.000000000000000
0.914396480768601 0.006357017035354 0.000000000000000
0.418392982436273 -0.002074974561184 0.000000000000000
0.297236442150378 -0.003296011606278 0.000000000000000
0.313110465710869 -0.002605457095307 0.000000000000000
0.439497482008996 -0.004583051070182 0.000000000000000
0.996042450451932 -0.115465734047166 0.000000000000000
1.014139571059659 -0.077675066364634 0.000000000000000
0.783917438186571 -0.051155296921904 0.000000000000000
0.708069177462768 -0.023939465501614 0.000000000000000
0.515907878026963 0.289316630370719 0.000000000000000
0.475065583504468 0.231580029505471 0.000000000000000
0.782105525904308 0.279176080004327 0.000000000000000
0.872076334482834 0.226000643370433 0.000000000000000
0.614740082671486 0.006762558221069 0.000000000000000
0.892276582917990 0.006767106310309 0.000000000000000
0.631801062278910 -0.028577274536910 0.000000000000000
0.139559373125326 0.006268040513671 0.000000000000000
0.188341675646738 0.023898953673076 0.000000000000000
0.683654292702817 -0.010504508670469 0.000000000000000
0.674018979272555 -0.014562583967728 0.000000000000000
0.941974753322552 0.144128754486585 0.000000000000000
0.895684795910232 0.094803590401259 0.000000000000000
0.906646783372614 0.130311379395447 0.000000000000000
1.006108458422448 -0.077923446277454 0.000000000000000
0.804651919140957 -0.000378630681879 0.000000000000000
0.470892745542558 0.030538783334917 0.000000000000000
0.608854831710689 0.041404947678743 0.000000000000000
0.963386201346248 0.004644222877204 0.000000000000000
0.760081192043250 0.108549172521908 0.000000000000000
0.671279154615697 0.099811336617408 0.000000000000000
0.723455804677117 0.082941799256860 0.000000000000000
1.060391354784687 -0.178071734656974 0.000000000000000
1.207029265874992 -0.178196719615803 0.000000000000000
1.041474545456907 -0.070085855674222 0.000000000000000
1.046227240475474 -0.090573621075080 0.000000000000000
0.874599062054347 -0.004493211408158 0.000000000000000
0.884075666663658 0.083473553627814 0.000000000000000
0.771942480590175 -0.002629990364370 0.000000000000000
0.913522171485435 -0.013660975403992 0.000000000000000
0.539252652585465 0.039844940073259 0.000000000000000
0.436428051767082 0.021072244425737 0.000000000000000
0.531035995836893 -0.012712304174323 0.000000000000000
0.627007074399528 -0.007692489498364 0.000000000000000
0.681059003288909 0.059949674853248 0.000000000000000
0.556089089377106 0.048809721645026 0.000000000000000
0.838453329796814 -0.012993763501719 0.000000000000000
0.884847974704658 -0.021145257364025 0.000000000000000
0.769059632875170 -0.026619651915068 0.000000000000000
0.872842316983002 0.066935968329866 0.000000000000000
0.792790043061294 0.124668043699009 0.000000000000000
0.788695045471910 0.084407735703092 0.000000000000000
0.328762520716033 -0.003434475992687 0.000000000000000
0.486043560894506 -0.005712956699613 0.000000000000000
0.463565642397080 -0.003603258842026 0.000000000000000
0.306642730654816 -0.000523739645830 0.000000000000000
0.618438044114648 0.029182112741933 0.000000000000000
0.965870087502507 0.000368341721251 0.000000000000000
0.754126086916948 -0.016174124648100 0.000000000000000
0.811265793068784 -0.023337240166861 0.000000000000000
0.840081853692218 -0.028113336399670 0.000000000000000
0.124386262639406 -0.010902931059768 0.000000000000000
0.116956496259402 0.002315704723686 0.000000000000000
0.145296946835375 0.007416186644122 0.000000000000000
0.156607906394237 0.000846562876649 0.000000000000000
0.274113005903241 0.002277765795766 0.000000000000000
0.612029007266299 -0.000856342857923 0.000000000000000
0.403549279970847 0.009537685313035 0.000000000000000
0.212593895890622 0.006362888429914 0.000000000000000
0.332596310742073 0.009846855695378 0.000000000000000
0.144205379904515 0.006520015430477 0.000000000000000
0.891469330148822 0.028206562852311 0.000000000000000
1.149414964344487 -0.192200042580869 0.000000000000000
1.030284012530684 -0.040027554328716 0.000000000000000
0.132050280795680 -0.000873311970677 0.000000000000000
0.187037630044872 0.001082431210706 0.000000000000000
0.199822518286742 -0.001874976491503 0.000000000000000
0.139281250453363 -0.002165243588005 0.000000000000000
0.975298974939946 -0.002065948662386 0.000000000000000
0.734884450595562 -0.001923062621641 0.000000000000000
0.855348926395741 -0.037073871694637 0.000000000000000
0.669886493241076 -0.009101905200297 0.000000000000000
0.135981861605250 0.003266146723409 0.000000000000000
0.328413325524634 0.006185158929107 0.000000000000000
0.613394142654504 0.005407031238295 0.000000000000000
0.253487692564289 0.006893814588118 0.000000000000000
0.742847493629344 -0.001858750755786 0.000000000000000
0.758274417300993 0.025550039769954 0.000000000000000
0.354284748324123 0.031546795773964 0.000000000000000
0.215267957782176 -0.039009670979466 0.000000000000000
0.705535824937571 0.001918436884707 0.000000000000000
0.641899432568341 0.004371237291198 0.000000000000000
0.527286727288367 0.000168044548776 0.000000000000000
0.939667735932361 0.008785549765585 0.000000000000000
0.931482914774329 -0.003996529943077 0.000000000000000
0.856373876310433 -0.004998179067532 0.000000000000000
0.131189004025905 0.001012717796590 0.000000000000000
0.138478096601590 -0.000663959145449 0.000000000000000
0.872310952595996 0.092712771790815 0.000000000000000
0.757264028066430 0.095218749247115 0.000000000000000
1.061032014683372 0.011861226204836 0.000000000000000
0.992012656074463 0.047769262209609 0.000000000000000
0.597445930451454 0.010022878141348 0.000000000000000
0.902633725628624 0.014740875695911 0.000000000000000
0.936926809877395 0.048854821930531 0.000000000000000
1.024716527450599 0.003369995812291 0.000000000000000
0.343993456933167 -0.009488515411946 0.000000000000000
0.361622097649200 -0.006814614786840 0.000000000000000
0.946823333172305 -0.028840577916494 0.000000000000000
0.950337034628877 -0.046511774986031 0.000000000000000
0.879409285872968 0.127951827638079 0.000000000000000
0.859412078168454 0.165491266853621 0.000000000000000
0.705993357325223 -0.003177978768942 0.000000000000000
0.665805312442203 -0.023223800411440 0.000000000000000
0.687910858484742 0.070503256098144 0.000000000000000
0.720996522335971 0.081645839708396 0.000000000000000
0.493331698936211 0.074130197030793 0.000000000000000
0.479927343633190 -0.001328324141512 0.000000000000000
0.903587899213741 -0.025623821650930 0.000000000000000
0.952549250062783 -0.024839347247686 0.000000000000000
0.273999972251368 0.010301448787131 0.000000000000000
0.153316732623717 0.009784114422705 0.000000000000000
0.902653650992850 -0.009965394871447 0.000000000000000
0.867278322952805 -0.004601968907059 0.000000000000000
0.773695971501206 0.003144106498668 0.000000000000000
0.839047384528480 0.001354881507333 0.000000000000000
0.332592555448289 0.023414034644532 0.000000000000000
0.449473728610309 0.002453416203485 0.000000000000000
0.136139600232035 0.006907058730640 0.000000000000000
0.811492437363651 0.006985557545502 0.000000000000000
0.902544671037463 0.054029775374871 0.000000000000000
0.902819200381119 0.105786667938676 0.000000000000000
0.781929913543031 0.000556237828815 0.000000000000000
0.809452369928669 -0.007861016734934 0.000000000000000
0.804454501061864 0.030191406094823 0.000000000000000
0.806706854616738 0.012185034526415 0.000000000000000
0.878425523135016 0.091685601023125 0.000000000000000
0.926582596071076 0.057108472486144 0.000000000000000
0.870106025749516 0.032759887987882 0.000000000000000
0.861565319228059 -0.014931135737456 0.000000000000000
0.554200964266258 -0.023283506038948 0.000000000000000
0.777883755368569 -0.013441080798965 0.000000000000000
0.132847109051643 0.001198904387756 0.000000000000000
0.260828428824948 0.008056223064840 0.000000000000000
0.736982817058385 -0.016831118466447 0.000000000000000
0.756230794737898 0.035134728727321 0.000000000000000
0.858930555975927 0.046449228349098 0.000000000000000
0.894491463597715 0.092813862602575 0.000000000000000
0.624301339984021 0.002796740277395 0.000000000000000
0.853105220731812 -0.016157220503839 0.000000000000000
0.797845215371733 -0.016077070727909 0.000000000000000
0.536500552607505 0.198879841965018 0.000000000000000
0.850078805205492 0.239027035963917 0.000000000000000
0.422093080020544 0.018091379236955 0.000000000000000
0.746413650423574 0.002831727826933 0.000000000000000
1.002632781824052 -0.040058705267169 0.000000000000000
0.819002560535879 -0.116631289376533 0.000000000000000
0.744918398199998 -0.010679543899034 0.000000000000000
0.936548029551958 -0.004312612829567 0.000000000000000
0.955993700649884 -0.014737215033833 0.000000000000000
0.643482948191175 -0.015354922282521 0.000000000000000
1.214039515506542 -0.197449590010866 0.000000000000000
1.036877499525830 -0.178422738845785 0.000000000000000
1.052789445929627 -0.036229252052180 0.000000000000000
0.886199176126750 0.003225938288099 0.000000000000000
0.807936882094030 -0.006984207361747 0.000000000000000
0.905927137667779 0.008755667902318 0.000000000000000
0.992496349128348 -0.007420165959950 0.000000000000000
0.997677092312916 -0.003514956638078 0.000000000000000
0.986295420677572 -0.016616126643491 0.000000000000000
0.983077048239469 -0.004112283144131 0.000000000000000
0.982947705166064 -0.009084531967259 0.000000000000000
0.701260677071734 -0.002442166447400 0.000000000000000
0.713847231067523 0.005874095744676 0.000000000000000
0.714120542186688 -0.009315874045535 0.000000000000000
0.700293755472945 -0.006735240364964 0.000000000000000
0.716510321797328 0.003662011440894 0.000000000000000
0.655808598741866 0.007699822839388 0.000000000000000
0.688079551761021 0.010926288913957 0.000000000000000
0.917639171812207 0.013885734788068 0.000000000000000
0.904716270213077 0.017849627176099 0.000000000000000
0.903281794201431 0.010660816139223 0.000000000000000
0.756545534725131 0.013487814266367 0.000000000000000
0.434679842178624 0.001454927221332 0.000000000000000
0.145083009265738 -0.003994440730672 0.000000000000000
0.153969321639996 0.029633269875655 0.000000000000000
0.798289354320816 -0.014553062887839 0.000000000000000
0.793086698346578 0.029555703204117 0.000000000000000
0.767205530807554 0.020413770399920 0.000000000000000
0.854292918046405 -0.008135486541489 0.000000000000000
0.814711127604360 -0.008432457086865 0.000000000000000
0.896655803547357 -0.011801523063800 0.000000000000000
0.926313477531407 -0.059612402978666 0.000000000000000
0.822462090648207 -0.034561590093820 0.000000000000000
0.679159891944203 -0.110614317173291 0.000000000000000
0.555626976310777 -0.080495124438160 0.000000000000000
0.790905093078260 -0.034847913010158 0.000000000000000
0.705792990140328 -0.023880468123809 0.000000000000000
0.714205954056634 -0.006084331233506 0.000000000000000
0.638301962152683 -0.002281361117760 0.000000000000000
0.665763481788305 0.017913762753413 0.000000000000000
0.788730921355408 0.018729100936668 0.000000000000000
0.616809979376631 0.122355434852846 0.000000000000000
0.625729892576718 0.141382584601864 0.000000000000000
0.767056819980146 0.159357484568950 0.000000000000000
0.727169082818037 0.142135622560121 0.000000000000000
0.773383333537224 0.122484250880032 0.000000000000000
0.697906193544958 0.009393270448284 0.000000000000000
0.387335543040199 0.003516690331257 0.000000000000000
0.966780079336598 -0.017743866473513 0.000000000000000
0.988162555933482 -0.016420095105373 0.000000000000000
0.704608544054861 -0.009146406650186 0.000000000000000
0.990719173063771 -0.013134932108488 0.000000000000000
0.745514864891477 -0.000684702458282 0.000000000000000
0.949518792721419 -0.012062464085414 0.000000000000000
0.732882287844991 0.007346001332257 0.000000000000000
0.470223391003303 0.062054444198504 0.000000000000000
0.599720881858087 0.087926939016599 0.000000000000000
0.562145731358965 -0.010733746658568 0.000000000000000
0.438696579019317 -0.011089329578469 0.000000000000000
1.046400081004362 -0.076481641241375 0.000000000000000
1.043229323280258 -0.038050299015937 0.000000000000000
1.036134194310994 -0.033301853877667 0.000000000000000
1.093047907639726 -0.194523569254877 0.000000000000000
0.939903263100289 -0.143212051545447 0.000000000000000
1.060894043317889 -0.131032569965977 0.000000000000000
0.608274645952085 0.024537551728603 0.000000000000000
0.693421858702128 0.017781874414405 0.000000000000000
0.957592870593896 -0.013673680873345 0.000000000000000
0.953348139960132 0.005514680801389 0.000000000000000
0.948617364365718 -0.015834324832175 0.000000000000000
0.645355393945766 -0.009671453401115 0.000000000000000
0.923970294002340 0.061511287570851 0.000000000000000
1.105240720831993 -0.052356305111988 0.000000000000000
0.653103447540139 0.112192662745494 0.000000000000000
0.634639408030880 -0.016784348061380 0.000000000000000
0.764936360501648 -0.007989928879376 0.000000000000000
0.388740543631156 -0.038569191014671 0.000000000000000
0.535972543822053 -0.069036304332008 0.000000000000000
0.282837507840119 0.012232832409852 0.000000000000000
0.218126159524324 0.052883840495557 0.000000000000000
0.309166686814044 0.023828236797321 0.000000000000000
0.558608940748864 -0.002328770008852 0.000000000000000
0.905228743857511 -0.041360906426800 0.000000000000000
1.073657013277404 -0.145143071897489 0.000000000000000
0.297613917942903 -0.004030941419957 0.000000000000000
0.339292869690573 0.041494095363290 0.000000000000000
0.958515315277484 -0.015153399369471 0.000000000000000
0.969879537785745 -0.005016338543264 0.000000000000000
0.614669632170583 0.018255535976107 0.000000000000000
0.432109509159061 0.004325541004267 0.000000000000000
0.288570105188454 0.002817327883707 0.000000000000000
0.794543435116014 0.020380912921813 0.000000000000000
0.951398189225540 -0.003246292432888 0.000000000000000
0.748152486965365 -0.002953429705072 0.000000000000000
0.951595247087836 0.001037506877655 0.000000000000000
0.782322985611431 0.012575181318263 0.000000000000000
0.328066781290459 -0.000974516301723 0.000000000000000
0.319290794917712 -0.000052596525228 0.000000000000000
0.193542793603165 0.003811928991922 0.000000000000000
0.170220244453263 -0.019564732902854 0.000000000000000
0.293199700270201 0.008821859272564 0.000000000000000
0.305301938332325 0.000788378741566 0.000000000000000
0.848163528777469 0.161045618981686 0.000000000000000
0.218538658845184 0.006845145424490 0.000000000000000
0.164309820968152 0.010769077420109 0.000000000000000
0.244080541177857 -0.011295591187708 0.000000000000000
0.399289068537393 0.014903289425131 0.000000000000000
0.596833488895383 0.175057692165060 0.000000000000000
0.252903437564222 -0.000242460926381 0.000000000000000
0.147525519508136 0.002435170576194 0.000000000000000
0.359945463059458 -0.030758973581248 0.000000000000000
0.633422713925560 0.006264706323065 0.000000000000000
0.982336343867337 -0.053786849705821 0.000000000000000
0.827569101589192 -0.120235535350032 0.000000000000000
0.625287926541931 0.011924953333485 0.000000000000000
0.696541188156205 -0.010227466388610 0.000000000000000
0.713297696326823 -0.008721432488943 0.000000000000000
0.275434752354734 -0.001333057082302 0.000000000000000
0.093748460865510 0.001947025479101 0.000000000000000
0.296465733166861 -0.002456284970254 0.000000000000000
0.295993741367603 -0.004157730472439 0.000000000000000
0.103093790597155 -0.001187020742108 0.000000000000000
0.275693743781285 0.002552740006560 0.000000000000000
0.965220816083247 -0.010072619705565 0.000000000000000
0.960660522535331 -0.004305028325710 0.000000000000000
0.971268519901892 0.003000465669359 0.000000000000000
0.619346201033149 0.205218890173588 0.000000000000000
0.849543449435109 0.191001135323139 0.000000000000000
0.408311881343997 -0.000179233240300 0.000000000000000
0.730582472295128 0.004710741071662 0.000000000000000
0.526131298786037 0.004674785863548 0.000000000000000
0.281868775155417 0.003231408702552 0.000000000000000
0.682242369084606 -0.012943766719535 0.000000000000000
0.947630842053719 -0.004455150431141 0.000000000000000
0.960306539972797 -0.002116211647463 0.000000000000000
0.774607069315516 0.005686012494967 0.000000000000000
0.776753701733838 0.009984605280727 0.000000000000000
0.916321640757005 0.007104710319620 0.000000000000000
0.412160961658927 0.000184799644645 0.000000000000000
0.383649241635938 0.010549917146317 0.000000000000000
0.097170904719632 0.000721016356832 0.000000000000000
0.104317023618045 -0.001007277427061 0.000000000000000
0.724598619566810 0.111823520629186 0.000000000000000
0.066454767012635 0.275585184870037 0.000000000000000
0.260068831603057 0.340004734340731 0.000000000000000
0.173623377069283 0.114993795923466 0.000000000000000
0.090587078642617 0.058387008834966 0.000000000000000
0.463648760190006 0.234609551342283 0.000000000000000
0.525652653015693 -0.011108372331350 0.000000000000000
0.059640949971961 -0.004017304231606 0.000000000000000
0.166845201060390 -0.062113698209202 0.000000000000000
0.698546108549240 -0.018828133178581 0.000000000000000
0.877422163572393 -0.015367568933211 0.000000000000000
0.962192498392699 -0.005700476932940 0.000000000000000
0.926307361978501 -0.009866586278260 0.000000000000000
0.743702043150765 0.009712732070158 0.000000000000000
0.652676197351423 0.004656984299415 0.000000000000000
0.864008865583470 0.183061010716872 0.000000000000000
0.987315983154415 -0.049322456427678 0.000000000000000
0.952176960829561 0.001434315761059 0.000000000000000
0.779454931746386 0.000012372831494 0.000000000000000
0.959062823881317 0.008266348579020 0.000000000000000
0.965193791225683 0.014795726084020 0.000000000000000
0.941988888620568 0.009890013943070 0.000000000000000
0.734929397462793 -0.008797080186853 0.000000000000000
0.730397147850849 -0.015991373217590 0.000000000000000
0.723771084019872 -0.016936806775199 0.000000000000000
0.969030043090206 -0.001231208029058 0.000000000000000
0.770782060232866 -0.000415488254661 0.000000000000000
0.968160775497176 0.005825634281746 0.000000000000000
0.742913777859160 -0.008804732729409 0.000000000000000
0.997534074406107 -0.046050309177145 0.000000000000000
1.040312092585249 -0.147950391285956 0.000000000000000
0.723730121555012 0.071850903180515 0.000000000000000
0.755449165952693 0.002009382595564 0.000000000000000
0.930943469562393 0.047736783430754 0.000000000000000
0.875284617753101 0.084130313721511 0.000000000000000
0.703045887963697 0.062692750568497 0.000000000000000
0.382659201251042 -0.035799409795165 0.000000000000000
0.453061887579824 0.362340825876996 0.000000000000000
0.487354428362557 0.232510111206956 0.000000000000000
0.959170655179251 0.121526486610976 0.000000000000000
0.965671898271352 0.006509987715877 0.000000000000000
0.979615269513037 0.003194223869856 0.000000000000000
0.699728663248986 -0.007666301523367 0.000000000000000
0.749029192000509 -0.003342619883364 0.000000000000000
0.890348967251526 -0.016439804405312 0.000000000000000
0.893425157145271 -0.039447035975968 0.000000000000000
0.874038399426149 -0.022497651077427 0.000000000000000
0.906626628965063 -0.031102795144702 0.000000000000000
1.015963632355834 -0.045865743107515 0.000000000000000
0.809065624106851 -0.143959013549156 0.000000000000000
0.414065279986551 0.006577103432239 0.000000000000000
0.780996582087456 0.014846731782469 0.000000000000000
0.730899443483493 0.018066816259864 0.000000000000000
0.726063179227527 -0.000686578367499 0.000000000000000
0.986154731035343 -0.008010995813688 0.000000000000000
0.702057472950935 0.006071754306798 0.000000000000000
0.923598067703066 0.003022680435373 0.000000000000000
0.732435811472600 -0.005638816814647 0.000000000000000
0.916788120317616 -0.000273827636877 0.000000000000000
0.865794357588673 0.006471786112765 0.000000000000000
0.839797313521811 -0.008372731851862 0.000000000000000
0.783842444383613 0.001009841201925 0.000000000000000
0.666063244385154 0.148578295963524 0.000000000000000
1.045189765283956 -0.051006809368737 0.000000000000000
1.051019030810278 -0.073468888205036 0.000000000000000
0.928657236016999 -0.144332713765522 0.000000000000000
1.075808902310496 -0.183468784550977 0.000000000000000
0.386819657792478 0.418691984353024 0.000000000000000
0.793196095633171 0.099778627550648 0.000000000000000
0.434889457791762 0.223205703200423 0.000000000000000
0.266386263156220 -0.014203365418013 0.000000000000000
0.963152389318181 -0.009729584420884 0.000000000000000
0.896777240225176 0.126104815682409 0.000000000000000
0.992457818344990 -0.004763695610533 0.000000000000000
0.949145730654235 0.001944727035126 0.000000000000000
0.757417403581087 -0.008206312127248 0.000000000000000
0.714393388464777 -0.001320680894624 0.000000000000000
0.621497421939295 -0.008376731880801 0.000000000000000
0.649298880906607 0.088551715814273 0.000000000000000
0.927528104875660 -0.019412004297469 0.000000000000000
0.965636984511700 -0.004273590667414 0.000000000000000
0.597574297405792 -0.001684775501525 0.000000000000000
0.356774479917790 -0.039615194014787 0.000000000000000
0.863233304105745 0.010149483012883 0.000000000000000
0.845976264023715 -0.004762066023739 0.000000000000000
0.601840251698942 0.103216154103512 0.000000000000000
0.916093354792538 -0.003216202559942 0.000000000000000
0.750370332742881 0.009145323315505 0.000000000000000
0.640275555356581 -0.015461607994319 0.000000000000000
0.944223434294789 -0.024684176153503 0.000000000000000
0.984340030099861 -0.000060295049404 0.000000000000000
0.713893875781826 -0.011192475421435 0.000000000000000
0.419989246979373 0.331066492617002 0.000000000000000
0.523775360665814 0.114979525918935 0.000000000000000
0.113673546449993 0.046536943722420 0.000000000000000
0.117457683139242 -0.037578897335186 0.000000000000000
0.295449985757519 0.439866288430711 0.000000000000000
0.168459343579480 0.164489679474421 0.000000000000000
0.615748420612045 0.159672062843044 0.000000000000000
0.896475770812863 0.187300265242527 0.000000000000000
