$MeshFormat
2.2 0 8
$EndMeshFormat
$Nodes
2009
1 0 0 0
2 1.5 0 0
3 5 0 0
4 5 1 0
5 1.5 1 0
6 0 1 0
7 0.6 0.45 0
8 0.8 0.45 0
9 0 0.7 0
10 0 0.3 0
11 0.09999999999956016 0 0
12 0.1999999999991797 0 0
13 0.2999999999987273 0 0
14 0.399999999998371 0 0
15 0.4999999999980147 0 0
16 0.5999999999976584 0 0
17 0.6999999999973021 0 0
18 0.799999999997316 0 0
19 0.8999999999976995 0 0
20 0.9999999999980829 0 0
21 1.099999999998466 0 0
22 1.19999999999885 0 0
23 1.299999999999233 0 0
24 1.399999999999616 0 0
25 0.0499999999997871 0 0
26 0.1499999999993731 0 0
27 0.2499999999989535 0 0
28 0.3499999999985535 0 0
29 0.4499999999981982 0 0
30 0.5499999999978246 0 0
31 0.6499999999974704 0 0
32 0.7499999999971865 0 0
33 0.8499999999975114 0 0
34 0.9499999999978943 0 0
35 1.049999999998275 0 0
36 1.149999999998661 0 0
37 1.249999999999001 0 0
38 1.349999999999425 0 0
39 1.449999999999827 0 0
40 1.598398406406691 0 0
41 1.69956316622664 0 0
42 1.803572037350657 0 0
43 1.910505005593579 0 0
44 2.020444248140296 0 0
45 2.133474334969415 0 0
46 2.249682114879001 0 0
47 2.369156932883387 0 0
48 2.491990648637298 0 0
49 2.618277705187979 0 0
50 2.748115164958391 0 0
51 2.881602842581207 0 0
52 3.018843388647588 0 0
53 3.159942280436479 0 0
54 3.305008002622814 0 0
55 3.45415206721074 0 0
56 3.60748918701745 0 0
57 3.76513718708045 0 0
58 3.927217238287477 0 0
59 4.093853987411402 0 0
60 4.265175503547953 0 0
61 4.44131357396772 0 0
62 4.622403538742169 0 0
63 4.808584633364633 0 0
64 1.549199203203357 0 0
65 1.648980786316663 0 0
66 1.751567601788671 0 0
67 1.857038521472099 0 0
68 1.96547462686695 0 0
69 2.076959291554819 0 0
70 2.191578224924208 0 0
71 2.309419523881173 0 0
72 2.430573790760364 0 0
73 2.555134176912639 0 0
74 2.683196435073135 0 0
75 2.814859003769767 0 0
76 2.950223115614397 0 0
77 3.08939283454205 0 0
78 3.232475141529548 0 0
79 3.379580034916787 0 0
80 3.530820627114029 0 0
81 3.686313187048969 0 0
82 3.846177212683973 0 0
83 4.010535612849404 0 0
84 4.179514745479738 0 0
85 4.353244538757997 0 0
86 4.531858556354918 0 0
87 4.715494086053537 0 0
88 4.904292316682271 0 0
89 5 0.1999999999995579 0
90 5 0.3999999999989749 0
91 5 0.5999999999989468 0
92 5 0.7999999999994734 0
93 5 0.09999999999981678 0
94 5 0.2999999999992664 0
95 5 0.4999999999986832 0
96 5 0.6999999999992101 0
97 5 0.8999999999997367 0
98 4.808584633362061 1 0
99 4.622403538739024 1 0
100 4.441313573964803 1 0
101 4.265175503545255 1 0
102 4.093853987408912 1 0
103 3.927217238285182 1 0
104 3.765137187078344 1 0
105 3.607489187015524 1 0
106 3.454152067209565 1 0
107 3.305008002623656 1 0
108 3.159942280436959 1 0
109 3.018843388646401 1 0
110 2.881602842579925 1 0
111 2.748115164957249 1 0
112 2.618277705186969 1 0
113 2.491990648636413 1 0
114 2.369156932882623 1 0
115 2.249682114878349 1 0
116 2.133474334968872 1 0
117 2.020444248139856 1 0
118 1.910505005593236 1 0
119 1.803572037350407 1 0
120 1.699563166226477 1 0
121 1.598398406406613 1 0
122 4.904292316680941 1 0
123 4.715494086050587 1 0
124 4.531858556351828 1 0
125 4.353244538755165 1 0
126 4.179514745477161 1 0
127 4.010535612847018 1 0
128 3.84617721268177 1 0
129 3.686313187046926 1 0
130 3.530820627112526 1 0
131 3.37958003491661 1 0
132 3.23247514153046 1 0
133 3.089392834541631 1 0
134 2.950223115613143 1 0
135 2.814859003768591 1 0
136 2.683196435072086 1 0
137 2.555134176911691 1 0
138 2.430573790759518 1 0
139 2.309419523880486 1 0
140 2.191578224923628 1 0
141 2.076959291554378 1 0
142 1.965474626866533 1 0
143 1.857038521471798 1 0
144 1.751567601788488 1 0
145 1.648980786316545 1 0
146 1.549199203203352 1 0
147 1.400000000001087 1 0
148 1.300000000001012 1 0
149 1.2000000000015 1 0
150 1.100000000001219 1 0
151 1.000000000000967 1 0
152 0.900000000001412 1 0
153 0.8000000000018716 1 0
154 0.7000000000019609 1 0
155 0.6000000000016807 1 0
156 0.5000000000014007 1 0
157 0.4000000000011206 1 0
158 0.3000000000008405 1 0
159 0.2000000000005604 1 0
160 0.1000000000002801 1 0
161 1.450000000000543 1 0
162 1.350000000001042 1 0
163 1.250000000001313 1 0
164 1.150000000001281 1 0
165 1.050000000001072 1 0
166 0.9500000000012142 1 0
167 0.8500000000016594 1 0
168 0.7500000000020588 1 0
169 0.6500000000018265 1 0
170 0.5500000000013841 1 0
171 0.4500000000011282 1 0
172 0.3500000000008474 1 0
173 0.2500000000005476 1 0
174 0.1500000000003863 1 0
175 0.05000000000015215 1 0
176 0.6292893218811174 0.3792893218815731 0
177 0.6999999999996338 0.35 0
178 0.7707106781185878 0.3792893218812785 0
179 0.6076120467488299 0.4117316567635912 0
180 0.6617316567631593 0.3576120467490088 0
181 0.7382683432363137 0.3576120467487905 0
182 0.7923879532511367 0.4117316567635105 0
183 0.7707106781187466 0.520710678118563 0
184 0.7000000000003007 0.55 0
185 0.6292893218814134 0.5207106781187231 0
186 0.7923879532511666 0.4882683432364177 0
187 0.7382683432366772 0.542387953251059 0
188 0.6617316567636257 0.5423879532511846 0
189 0.607612046748881 0.4882683432365329 0
190 0 0.9000000000001807 0
191 0 0.8000000000001664 0
192 0 0.9500000000001064 0
193 0 0.8500000000004694 0
194 0 0.7500000000000832 0
195 0 0.6000000000002439 0
196 0 0.5000000000005315 0
197 0 0.4000000000002657 0
198 0 0.6500000000001219 0
199 0 0.5500000000003877 0
200 0 0.4500000000003366 0
201 0 0.3500000000001899 0
202 0 0.2000000000002564 0
203 0 0.1000000000002544 0
204 0 0.2500000000001282 0
205 0 0.1500000000003991 0
206 0 0.05000000000013985 0
207 1.297797345561351 0.4997111311094591 0
208 1.797090902794035 0.4998262600631552 0
209 2.300642600415605 0.4912746377697455 0
210 2.813596617150187 0.4777528541384913 0
211 0.3162977735045688 0.5703760541921454 0
212 0.3329725669332015 0.2967132545729566 0
213 1.056639677335742 0.3090744466481322 0
214 3.314787398311946 0.5093680153784259 0
215 1.038844615857581 0.6891342728587967 0
216 3.804642985280019 0.5000000000000835 0
217 1.547836512395885 0.696438884525954 0
218 1.550316075994794 0.3153437876141193 0
219 4.275982125590374 0.5041103446137322 0
220 0.5689189394662348 0.7570991721040655 0
221 2.048802631539043 0.6876694924973194 0
222 2.051298905342069 0.3173161932951232 0
223 0.8264225583060008 0.7416475836735677 0
224 1.283133941352688 0.7500780802932731 0
225 1.306835909408166 0.2495212553129655 0
226 2.551574921091062 0.6902949745935346 0
227 2.523985502817195 0.319819293523544 0
228 1.794636721095878 0.7527215393587843 0
229 1.792561535410759 0.2453886522892081 0
230 0.9960486667028211 0.4889822074228797 0
231 0.8732130865364431 0.2087316198085479 0
232 0.5232092918223584 0.2082009045289642 0
233 3.053766666151173 0.3149717017363584 0
234 3.025486411939408 0.6793025249047205 0
235 0.204925595101368 0.8023627341165823 0
236 2.289695888022655 0.7346789490385325 0
237 2.303153885694349 0.2564995968124849 0
238 0.2071453641950399 0.4431703187987998 0
239 0.4233672359016793 0.454441641902147 0
240 3.535350487692479 0.7082960261187085 0
241 3.540553915104873 0.2814573299808051 0
242 0.4952280678317085 0.605993910229661 0
243 0.3912177506099674 0.7398856062430572 0
244 0.7232502181032789 0.1769363832264538 0
245 1.495628836134173 0.4999999999999826 0
246 2.798265049018605 0.7466502312913042 0
247 2.79620691770371 0.2477344364128552 0
248 4.651055831699363 0.356406553292525 0
249 0.1767708774190219 0.1675281480156414 0
250 4.060394741843841 0.3048183072365427 0
251 4.055488572753531 0.6885483962867809 0
252 0.9172136648068625 0.3557430565474339 0
253 0.8920695908380363 0.6094438417858989 0
254 4.567857183559031 0.6858366476722466 0
255 1.9820146926649 0.4923209803486567 0
256 0.9712665373654522 0.8454851369493144 0
257 1.135944645929856 0.8340419910748451 0
258 1.440252267660526 0.8304115072718368 0
259 3.298071025194703 0.2330445381917934 0
260 3.297402851820171 0.7717700287845712 0
261 1.161779603817937 0.1639968303653475 0
262 1.145034493819647 0.5595294051510208 0
263 1.456077790989518 0.1655266512725168 0
264 0.1509163149378778 0.6151073279133622 0
265 1.642873919512796 0.8343853227004061 0
266 1.64287391951285 0.1656146772995915 0
267 0.7053146498382694 0.8361546567408758 0
268 0.4966776594652501 0.3446937603163134 0
269 1.204465835680778 0.3711190486740964 0
270 0.6947165117378125 0.6922381843971609 0
271 1.396256405310778 0.6311248679378494 0
272 0.3721421737813475 0.139575977979156 0
273 1.944178770076671 0.8413344418346365 0
274 1.944178770076728 0.1586655581653871 0
275 2.525798234590604 0.5026885922734676 0
276 3.799913109926671 0.7460583004499509 0
277 3.781758359765387 0.2468815531591062 0
278 1.64658263169818 0.5605028411034587 0
279 1.400716800110877 0.3697965259862988 0
280 1.694521452677019 0.3770853916189821 0
281 1.013867163149425 0.1539716904370235 0
282 1.895395333625017 0.6271896164668301 0
283 1.899980612324621 0.3621586361315062 0
284 4.355152637966344 0.2546887017445234 0
285 2.125317581818499 0.8330098878031458 0
286 2.13243921133003 0.1715066317069753 0
287 4.30394041302325 0.7610468474026786 0
288 2.145685426060493 0.5538514897114529 0
289 0.5992094938131505 0.2645861185554795 0
290 0.485162166575397 0.867298052528525 0
291 0.1388759418533797 0.318846197541856 0
292 2.99927521112923 0.5000000000000626 0
293 2.44805708632849 0.1690366290334445 0
294 2.448057086328405 0.8309633709664842 0
295 0.7761702486884736 0.2609305312847164 0
296 2.192300706860206 0.3738121667223142 0
297 0.8350135926958127 0.8763694626861862 0
298 2.393831135348589 0.6208066150196876 0
299 2.39894068634904 0.3709860444764012 0
300 0.5893774108660275 0.6239140569957833 0
301 1.163903549389489 0.6866978359080239 0
302 0.3118738010938555 0.8685652930513641 0
303 0.7999223214615665 0.6269042823558776 0
304 2.643403943831554 0.829622366718293 0
305 2.633718816267523 0.1672316104808555 0
306 0.2834331715825468 0.4874996760138949 0
307 3.487836134473416 0.5238377112963186 0
308 1.248175586726029 0.8566606715377541 0
309 2.951720261699589 0.1160846314458387 0
310 2.951720261698657 0.8839153685541974 0
311 1.339049322043629 0.1250484897031509 0
312 1.092762008206567 0.4166310828518071 0
313 2.628120541688836 0.5680494502842298 0
314 0.6060497315504669 0.114677835227053 0
315 0.1440105395762375 0.8786520494823361 0
316 1.669048337005779 0.6559352916689398 0
317 0.517098707491557 0.5157443617125439 0
318 0.9316870105891127 0.7166727990132681 0
319 1.752623370857553 0.849511672090532 0
320 1.753528950252937 0.1480885289385512 0
321 2.698690707887675 0.3766181351762992 0
322 0.8949243104649352 0.5004963136250608 0
323 0.8013005857290618 0.1127720852601666 0
324 1.264737872573937 0.6211641251995643 0
325 4.773269303233726 0.5376588974621498 0
326 0.2809745579325808 0.7267491126036151 0
327 2.90107191040821 0.6370455123416956 0
328 2.90117810874773 0.3711004722548844 0
329 0.1133521811227592 0.5269456273846633 0
330 3.99909916268888 0.4974127169276091 0
331 3.153545247319014 0.1677864457678574 0
332 3.15419752350762 0.8364109363997899 0
333 0.1126890000409553 0.7255352092626913 0
334 4.762402225721019 0.7629277493187051 0
335 1.543428412129763 0.8972573142418916 0
336 1.588950748301902 0.4180283743335946 0
337 0.9648495829136224 0.2643606271363864 0
338 0.4244401507522363 0.6558391106405583 0
339 0.5987259974937054 0.8945091520369239 0
340 0.2788033872279404 0.1122266451384705 0
341 3.140209111884616 0.4522317380541011 0
342 3.445802883086612 0.8300228662853616 0
343 3.449722548807692 0.1724673832278011 0
344 0.4418977732440949 0.268788397835471 0
345 2.201131871842894 0.6663153549356071 0
346 0.9250731855398939 0.1058639677335007 0
347 1.549199203203344 0.1016455895158135 0
348 0.4014247669024217 0.5776095395321902 0
349 1.776479786795536 0.6174416769893406 0
350 0.4750539460000107 0.1058514584683919 0
351 0.2349880421433422 0.5664846676940194 0
352 0.2419966522013226 0.3486058040143871 0
353 0.9991116764433859 0.5923461307020524 0
354 1.416077058058064 0.2690372495416247 0
355 1.161570956359882 0.269028826575809 0
356 4.185382235961895 0.1670840714214229 0
357 1.049464929059989 0.9018699530064401 0
358 3.199877509787225 0.5929382956408436 0
359 2.305191349045775 0.9131929467053537 0
360 2.305191349046279 0.08680705329465691 0
361 4.511251893455352 0.1696715523117668 0
362 4.797636086698569 0.2038166647001619 0
363 0.1116821526824706 0.1057609401186406 0
364 3.681126102761064 0.8456682288842004 0
365 3.661748948187134 0.1562874268880328 0
366 0.3485065771219956 0.4068216958783862 0
367 3.426267528901808 0.3902610281763172 0
368 3.405920729778004 0.6254377321749995 0
369 4.48056805050047 0.4916038766410469 0
370 0.4841921882380095 0.7042104403988102 0
371 1.649726641323013 0.2753780927410038 0
372 1.347586696448221 0.9100976744534949 0
373 2.090173302130031 0.4327172180975722 0
374 0.8253802542420479 0.3183392052801786 0
375 3.952740785803324 0.8283717976947237 0
376 3.943655335231076 0.1796633201313869 0
377 0.2897459648191596 0.2041872093858091 0
378 3.65513286222148 0.548108865712171 0
379 1.388593497035288 0.7367597823567356 0
380 0.1184236383178319 0.4247156954783358 0
381 0.5103650077247911 0.4456277248313912 0
382 1.188184492185496 0.4747689627502125 0
383 1.251752248768097 0.08480879885501584 0
384 3.716506773566395 0.3859775064390906 0
385 4.171189138342906 0.8351531140145199 0
386 2.051796435778519 0.8947096738309257 0
387 2.052315504985045 0.1056195185532518 0
388 1.048797791573399 0.7979553893285303 0
389 1.003128251800465 0.3986641774502652 0
390 1.398947351882839 0.5283924355442813 0
391 2.669453970847361 0.7247543657196345 0
392 1.494304982335526 0.5948715792452204 0
393 4.456158446319368 0.8100643983416747 0
394 0.09524406420166057 0.2448827464839442 0
395 1.549456306288199 0.2070546517311632 0
396 1.305630269464969 0.3521411340375569 0
397 2.289264262544303 0.6180319430222492 0
398 2.814959941342371 0.1202790708484102 0
399 2.815210329770051 0.8772676771738339 0
400 1.088615957091195 0.1140356583632759 0
401 1.903155869010717 0.7399720487055199 0
402 1.898391901942766 0.2626618990488827 0
403 3.9027850410056 0.628417602718787 0
404 3.889612078189117 0.3579227568296786 0
405 1.853815256192283 0.9105959186220907 0
406 1.853944624677481 0.08906125295349761 0
407 0.4035563018360958 0.9081814796176031 0
408 1.537988368279887 0.7924322744146618 0
409 4.223570532478843 0.3395459996317536 0
410 0.2355659297226413 0.9190916091954031 0
411 1.802734294095813 0.3484961846400564 0
412 0.6584626262550031 0.7610672755816832 0
413 0.8689075126641854 0.4389620470001608 0
414 4.126142322166962 0.5610448216180848 0
415 1.49337089683681 0.3890702754289782 0
416 1.689814968530071 0.4772776310786929 0
417 0.5727403279724505 0.3239899452416672 0
418 2.142876690899283 0.2718449416228665 0
419 0.7645627217560982 0.9119389454665902 0
420 0.4101892745919746 0.3451569110088052 0
421 0.6958677603632451 0.2710907703468434 0
422 0.7237032393477151 0.07857773929761078 0
423 2.551290735627604 0.9005039790114932 0
424 2.549907145976144 0.09904658915985329 0
425 2.594491897251391 0.4209364385669093 0
426 1.894889050487933 0.5309095663360646 0
427 1.089354076849915 0.2153347164692303 0
428 0.2465290306832338 0.6462456054292612 0
429 1.163930860286641 0.9235824686850407 0
430 0.7400160302355832 0.7559620088505896 0
431 0.8390345948818303 0.5573198716413697 0
432 1.44625347524792 0.9275532991934448 0
433 1.994019050664451 0.6018292683154717 0
434 0.9055894441196246 0.9028803879800091 0
435 0.8913029788671162 0.8087040101006249 0
436 4.823916293365679 0.3786953815536188 0
437 1.082456176635553 0.5098165653434688 0
438 4.385985236609917 0.6483279878633496 0
439 3.167560747811652 0.2996321966372092 0
440 2.021542322345336 0.7743385846100118 0
441 2.026259765557583 0.2297981546506872 0
442 2.773939840449156 0.5939644507351449 0
443 0.5669076935008576 0.5611496992785827 0
444 1.432387719372589 0.07417848799322825 0
445 1.255409683332606 0.1906186569678497 0
446 1.982616084778164 0.3982162093088743 0
447 1.657022466505522 0.923172408922293 0
448 1.661033944589418 0.07706415332218541 0
449 3.258178271340918 0.09792317756325715 0
450 3.260766778936922 0.8959886276776123 0
451 0.07277783492131014 0.6500000000001218 0
452 0.6719893412562926 0.6180712543397545 0
453 1.197820847897808 0.7678163654295105 0
454 1.092179366244909 0.6105153732302477 0
455 0.2126010112379576 0.2634605600024323 0
456 2.406632782040777 0.2657514053785848 0
457 2.409979642874474 0.7240815057628551 0
458 4.473150119673327 0.3325988335650047 0
459 4.62206784699541 0.8479495498806959 0
460 0.861057954797162 0.6726687269631981 0
461 0.4846476277371042 0.7890794346308955 0
462 2.290872390905372 0.3623723106348887 0
463 1.34154839784455 0.8168015431826188 0
464 2.184686864327627 0.08970424367961927 0
465 2.183413414540965 0.9111033749693852 0
466 1.620691130494286 0.7500928658125716 0
467 0.196884649009948 0.7049633480272299 0
468 1.458688580188653 0.6841191618502879 0
469 0.8131237182154874 0.1914665532119969 0
470 0.3502168068311796 0.06759251763932175 0
471 1.705468293705264 0.7550238838833379 0
472 0.6210904702464344 0.6941483546089921 0
473 2.663138340624649 0.2811016839428574 0
474 1.230148925281702 0.5525938139103632 0
475 2.20688300768419 0.4655030357017502 0
476 1.128859619395743 0.3414633511874611 0
477 0.1901059570525356 0.08393513967111663 0
478 1.003643841813414 0.08202625728177904 0
479 1.956147943156113 0.9293280068575305 0
480 1.956277630694626 0.07066926593442731 0
481 0.6216060642901092 0.1852072945094224 0
482 0.315262501204277 0.7929885526879182 0
483 3.087861429807462 0.583633625831131 0
484 2.414178379268967 0.5154310424943649 0
485 1.84968199744662 0.8188271241223127 0
486 1.848521156472134 0.1807731782791053 0
487 1.367746004390566 0.2029875834169485 0
488 1.713795864556258 0.2237044908435839 0
489 3.829232702293838 0.8817145116518543 0
490 3.829232702293977 0.1182854883487699 0
491 3.689016470784716 0.6912514179444579 0
492 0.2703414313573541 0.4224820156996265 0
493 1.117062290129626 0.7551291709199414 0
494 1.580916123289638 0.5123136793308923 0
495 1.269193211916271 0.4260073573200512 0
496 2.490360901283443 0.6032984932505019 0
497 1.583649668987206 0.6078238673218341 0
498 0.4518954181553645 0.1812435560544258 0
499 2.543535539578266 0.7928023673754717 0
500 2.540493569900099 0.2121977530133955 0
501 0.6736215400110104 0.917186508025826 0
502 0.8931481246800075 0.2762666632200531 0
503 3.29118683782792 0.3584318044723754 0
504 0.3735079637450022 0.22072004179669 0
505 1.245327603602704 0.2891589612708392 0
506 0.9419008058902227 0.4390936452920569 0
507 0.5267469092634608 0.282051825295579 0
508 3.05022724763447 0.8910945545329706 0
509 3.050227247634826 0.1089054454669315 0
510 0.5525258189202313 0.06782904388521488 0
511 1.3252633722081 0.6776816095334406 0
512 2.917041920274064 0.760204353021934 0
513 2.919589917596754 0.2662413482182539 0
514 1.358145258183747 0.4449118244252908 0
515 0.79164401456078 0.8130019733366564 0
516 0.07889431598555477 0.8107260670281304 0
517 0.5344430058440324 0.9300886435343075 0
518 2.236273933503441 0.1955266924717777 0
519 2.225161279579117 0.8018547002736042 0
520 0.4378211509611381 0.3993483467874086 0
521 0.9410182909216817 0.5528006913268342 0
522 0.6501310773245193 0.05857756675794733 0
523 2.491806796421114 0.4190034817241853 0
524 4.340950084518803 0.8834946330346251 0
525 0.06624849390682303 0.3423378114127115 0
526 0.5522753758975505 0.8368869606279672 0
527 0.5534721023612764 0.6797150376273567 0
528 0.9373716526129611 0.1970257365892274 0
529 4.130446163096917 0.4382881775980946 0
530 0.9853131408725703 0.3311349773230661 0
531 4.352665322366439 0.1107055703441833 0
532 2.427857143530867 0.9214100803521967 0
533 2.427797116908487 0.07857042118228877 0
534 1.163051056918012 0.06888445562627515 0
535 0.9517536745224386 0.6456365941936559 0
536 1.620878729574182 0.3464589115769249 0
537 2.795717147177063 0.3527994473103666 0
538 1.730011119368864 0.3002477792422155 0
539 2.119417707199013 0.7385757501429084 0
540 1.971709453989041 0.3140302184870147 0
541 1.727245595672271 0.5531223148211116 0
542 1.869148146737719 0.4430615159838997 0
543 0.6442738110558832 0.3191200547299588 0
544 3.546533143122995 0.897367115162513 0
545 3.546533143123168 0.1026328848370082 0
546 0.8620332792091531 0.0648933620248436 0
547 1.829910012640706 0.67483191638322 0
548 2.683867346954267 0.08813927662419432 0
549 2.685214859530231 0.9111406392559203 0
550 1.972583041436913 0.6861998021190305 0
551 0.7639550208444984 0.690868372560692 0
552 3.583563008313153 0.4071797349192544 0
553 0.7523165547636923 0.5838903948398498 0
554 3.157471090211773 0.7064048625839535 0
555 2.717426125267384 0.4650201293685735 0
556 4.210184154728616 0.6715828343616596 0
557 1.763815931943008 0.4270453435376663 0
558 1.32812301688832 0.573311197189514 0
559 3.366562986956577 0.09312240966564929 0
560 3.358826026562899 0.9028873878619498 0
561 0.5618144634087219 0.388720150454189 0
562 1.432691206899722 0.4462026694119752 0
563 1.492043522897738 0.2580086189579532 0
564 2.061805033787812 0.550402640777414 0
565 1.192596967325593 0.6160076917174576 0
566 0.7534020802059952 0.3193974281980762 0
567 4.358501730903007 0.3820874069408176 0
568 0.07881747592708208 0.9225151925607277 0
569 4.631966526754258 0.550329134121355 0
570 4.673854083536083 0.130353707883488 0
571 2.898347226978766 0.5289157484723785 0
572 4.885575868269021 0.6785453285213446 0
573 3.779796353878143 0.6193483593041804 0
574 0.8470941551181253 0.9439548013717231 0
575 0.5671516456284139 0.4997538138039182 0
576 0.3986200248427828 0.8276664031265604 0
577 1.241797261416431 0.687303526417091 0
578 0.3706514400359804 0.5016857944408143 0
579 2.999496028601266 0.3980545029271193 0
580 0.1776104511496745 0.3781691401368379 0
581 0.8304214335687462 0.3849556139216386 0
582 4.059389572639051 0.1230482626619377 0
583 0.3381515722852072 0.9383481488638211 0
584 0.1500000000004202 0.9457130388537193 0
585 2.112851317295944 0.6334514959325573 0
586 0.5361183994434519 0.1377786491400659 0
587 4.885811404599616 0.8622701297893798 0
588 3.044830237206333 0.2112956868097514 0
589 3.042690742544331 0.792888766666261 0
590 0.8289390279340927 0.4989246309600226 0
591 0.9763797868505322 0.7715903216501069 0
592 0.973629349069902 0.9298122056797538 0
593 0.4508791152026704 0.5133661591261221 0
594 0.4636982980037093 0.9391901747507815 0
595 1.349999999999425 0.05285019746788828 0
596 1.02336607784092 0.2303604861291923 0
597 0.6225236890723578 0.825109411057835 0
598 4.898200001779604 0.1046411820838706 0
599 0.06271650476532592 0.1643954006242961 0
600 2.724508907986873 0.1784648956211215 0
601 2.733448519135771 0.8240704057745028 0
602 1.470504870779656 0.3202512915057948 0
603 0.7285743257481248 0.6396897263104986 0
604 0.184709785383233 0.5106538855471792 0
605 2.352175530185805 0.8178965763570122 0
606 2.354517692253637 0.1753652996955395 0
607 0.06431950281850851 0.4776945289095855 0
608 1.468591326139388 0.7579207979809257 0
609 0.05880273238715329 0.05880273238743929 0
610 2.119200992237656 0.3517408818314403 0
611 1.353844045426748 0.3018900205424511 0
612 3.400225214862863 0.7339466896035743 0
613 3.400893183651798 0.2811098149774149 0
614 0.8362070864724919 0.2511469145610986 0
615 0.629381323066269 0.5787142201597721 0
616 2.985785329392602 0.5892527743065193 0
617 1.832187557957519 0.5668212631401038 0
618 0.06716275088962662 0.573292546590876 0
619 4.896880961019352 0.5118020488608271 0
620 1.25193862869268 0.9380681629352581 0
621 3.297025959557868 0.6537283730894284 0
622 0.8686859179738332 0.1467922207713805 0
623 1.755108630248633 0.6911908616567244 0
624 2.231790534590938 0.2970930724239388 0
625 0.3421496138917968 0.6572487650379865 0
626 0.4180301470498211 0.06516009789044502 0
627 3.658270180329065 0.275850955740071 0
628 1.753319259426449 0.9366559999269832 0
629 1.754328544619426 0.06284278704284685 0
630 2.228721433709497 0.5589952922281609 0
631 0.6649480661232179 0.1227953638036974 0
632 0.3292236936981828 0.6138124096150659 0
633 0.3588612702034952 0.5739927968621679 0
634 0.3717871903971093 0.6174291522850883 0
635 0.3832948823220166 0.6565439378392723 0
636 0.412932458827329 0.6167243250863743 0
637 4.697184376237638 0.6566284417200301 0
638 4.665129704640025 0.7243821984954759 0
639 4.599911855156645 0.6180828908968008 0
640 4.767835764477372 0.6502933233904275 0
641 4.702617914993992 0.5439940157917524 0
642 2.442096018316016 0.6120525541350947 0
643 2.450170272078958 0.6636899995066785 0
644 2.401905389111532 0.6724440603912714 0
645 2.349837765448564 0.7293802274006938 0
646 2.289480075283479 0.6763554460303909 0
647 2.349621952709389 0.6710567243925522 0
648 0.1744680673388027 0.8405073917994592 0
649 0.1114524277808961 0.8446890582552333 0
650 0.1419099555434614 0.8065444005723563 0
651 2.461463094583118 0.3454026689999726 0
652 2.402786734194908 0.318368724927493 0
653 2.465309142428986 0.2927853494510644 0
654 2.985281825173589 0.05804231572291936 0
655 2.916661552140398 0.05804231572291936 0
656 2.916661552139291 0.9419576842770987 0
657 2.985281825172529 0.9419576842770987 0
658 0.2592106068629445 0.5269921718539572 0
659 0.2098489137632876 0.5385692766205993 0
660 0.2340714784828899 0.499076780780537 0
661 2.349791643382322 0.4311303411230734 0
662 2.406559532809003 0.443208543485383 0
663 2.357410489842286 0.5033528401320552 0
664 2.341547698946446 0.6194192790209684 0
665 2.520967911187252 0.6467967339220182 0
666 2.480777281982768 0.7071882401781948 0
667 0.2452892678887933 0.4653349974063473 0
668 0.1959275747891364 0.4769121021729895 0
669 1.074700842771155 0.3628527647499696 0
670 1.047945130003516 0.4076476301510362 0
671 1.029883964568104 0.3538693120491987 0
672 0.5724076780562338 0.1967040995191933 0
673 0.6104077790516298 0.224896706532451 0
674 0.5612093928177544 0.2363935115422219 0
675 2.295757495660489 0.4268234742023171 0
676 2.344906538627206 0.3666791775556449 0
677 2.610514445969211 0.7075246701565845 0
678 2.606494755212814 0.7587783665475532 0
679 2.547555230334664 0.7415486709845032 0
680 0.2450529785256314 0.04196756983555831 0
681 0.2894016936133338 0.05611332256923524 0
682 0.234454672140238 0.09808089240479355 0
683 0.4598341092919724 0.6309165104351097 0
684 0.4483264173670651 0.5918017248809255 0
685 0.2756429078239555 0.5684303609430824 0
686 0.2998654725435578 0.5289378651030201 0
687 1.937869455223815 0.7130859254122752 0
688 1.997062681891124 0.7302691933645211 0
689 1.962349095678027 0.7571553166577658 0
690 1.962325833750175 0.2462300268497849 0
691 1.998984609773312 0.2719141865688509 0
692 1.935050677965904 0.2883460587679487 0
693 1.686914113685226 0.5568125779622852 0
694 1.698146966339025 0.6045288032450258 0
695 1.657815484351979 0.6082190663861993 0
696 0.1950529785258576 0.04196756983555831 0
697 1.196325163933137 0.4229440057121545 0
698 1.140473250196032 0.4457000228010098 0
699 1.148613921943673 0.3938750657629517 0
700 1.065511991051245 0.6498248230445223 0
701 1.128041457817199 0.6486066045691359 0
702 1.101374082623535 0.6879160543834103 0
703 1.923667319543694 0.7906532452700782 0
704 1.982860546211004 0.8078365132223242 0
705 1.985219267817155 0.1942318564080371 0
706 1.921285336009747 0.2106637286071349 0
707 0.2583996980976118 0.8354640135839733 0
708 0.2737198654082484 0.8938284511233836 0
709 0.2202457624120046 0.8607271716559928 0
710 4.023297386606118 0.9141858988473619 0
711 4.061964962073115 0.8317624558546217 0
712 4.132521562875909 0.9175765570072599 0
713 2.59346974170491 0.8112123670468824 0
714 2.656428957339458 0.7771883662189638 0
715 0.09579165801325504 0.7681306381454109 0
716 0.1588072975711616 0.7639489716896368 0
717 3.257332454049585 0.5511531555096347 0
718 3.17004331083592 0.5225850168474723 0
719 3.227498255098281 0.4807998767162635 0
720 4.330983681100145 0.5762191662385409 0
721 4.298084695669266 0.6599554111125046 0
722 4.243083140159495 0.5878465894876959 0
723 2.507896149619154 0.3694113876238647 0
724 2.445373741385077 0.3949947631002932 0
725 0.3270423058092636 0.4945927352273546 0
726 0.3434746067702746 0.5360309243164798 0
727 0.4078289506811019 0.6978623584418078 0
728 0.4543161694951229 0.6800247755196842 0
729 0.4377049694239885 0.7220480233209337 0
730 2.159080599648521 0.04485212183980963 0
731 2.118501184656336 0.09766188111643555 0
732 2.09289491997723 0.05280975927662591 0
733 2.092635385373695 0.9473548369154629 0
734 2.117604925159742 0.9029065244001555 0
735 2.158443874754918 0.9555516874846926 0
736 0.03944715799277739 0.7553630335140652 0
737 0.05634450002047766 0.7127676046313456 0
738 3.370527463606877 0.4498145217773716 0
739 3.457051831687612 0.4570493697363179 0
740 3.401311766392681 0.5166028633373723 0
741 3.44687843212571 0.5746377217356591 0
742 3.360354064044975 0.5674028737767127 0
743 0.03944715799277739 0.8053630335141484 0
744 4.531690710480106 0.923974774940348 0
745 4.448736010142085 0.9050321991708373 0
746 4.539113146657389 0.8290069741111853 0
747 3.540941815407737 0.8028315706406107 0
748 3.496168013104803 0.8636949907239373 0
749 3.490576685389546 0.769159446202035 0
750 3.495138231956283 0.2269623566043031 0
751 3.49812784596543 0.1375501340324047 0
752 3.543543529114021 0.1920451074089067 0
753 1.397563556516573 0.1452875704878339 0
754 1.385718520708109 0.09961348884818957 0
755 1.444232755181053 0.1198525696328726 0
756 2.253762804049897 0.4783888367357478 0
757 2.248877699294781 0.4139376731683194 0
758 1.135320334410524 0.4922927640468406 0
759 1.08760909242106 0.463223824097638 0
760 1.751862691233904 0.5852819959052261 0
761 1.722764061900658 0.6366884843291403 0
762 3.939979012044253 0.9141858988473619 0
763 1.166882746913832 0.8009291782521778 0
764 1.222998217311918 0.8122385184836323 0
765 1.192060116327942 0.8453513313062996 0
766 1.92558141970131 0.4676912481662782 0
767 1.925882115757942 0.420638862646387 0
768 1.982315388721532 0.4452685948287655 0
769 2.57695938813972 0.5353690212788487 0
770 2.559240721486139 0.5856739717673658 0
771 2.508079567937023 0.5529935427619848 0
772 1.039252421669187 0.4993993863831742 0
773 1.040783926539469 0.5510813480227605 0
774 0.9975801715731035 0.5406641690624661 0
775 4.622235692867218 0.923974774940348 0
776 0.1897882346494394 0.8988718293388696 0
777 3.470635608735242 0.6668668791468539 0
778 3.511593311082947 0.6160668687075135 0
779 1.265654764039358 0.8033693759155136 0
780 1.240477394625248 0.7589472228613918 0
781 1.087317771440231 0.5601659692868583 0
782 1.045645521344147 0.6014307519661502 0
783 0.1170600030275202 0.2818644720129001 0
784 0.1539225377198091 0.2541716532431882 0
785 0.1757384765456687 0.2911533787721441 0
786 2.213146575711005 0.7340850276046056 0
787 2.172289493389065 0.7702152252082564 0
788 2.160274789520953 0.7024455525392578 0
789 2.589847731389948 0.6291722124388822 0
790 0.9518219209055568 0.04101312864088952 0
791 0.964358513676654 0.09394511250763986 0
792 0.9125365927687967 0.05293198386675034 0
793 2.560145065920997 0.4618125154201884 0
794 2.611306219470113 0.4944929444255696 0
795 0.5629782015383056 0.2733189719255293 0
796 0.5249781005429096 0.2451263649122716 0
797 3.608238295226771 0.7769821275014543 0
798 3.613829622942029 0.8715176720233566 0
799 3.604141045655151 0.1294601558625205 0
800 3.601151431646004 0.218872378434419 0
801 2.47675759122637 0.7584419365691635 0
802 2.473563175970438 0.2389745791959901 0
803 2.532239536358647 0.2660085232684697 0
804 0.7497102333958763 0.2189334572555851 0
805 0.7360190045258593 0.2660106508157799 0
806 0.709558989233262 0.2240135767866486 0
807 0.2600940481528224 0.7976756434022503 0
808 0.3135681511490662 0.8307769228696411 0
809 2.45299258784504 0.4672172621092751 0
810 1.140482919759557 0.7209135034139826 0
811 1.077953452993604 0.722131721889369 0
812 4.91195814668284 0.2893476907765883 0
813 4.810776190032124 0.2912560231268904 0
814 4.898818043349285 0.2019083323498599 0
815 2.241586548882789 0.3680922386786014 0
816 2.199591857272198 0.4196576012120322 0
817 1.206053223506335 0.8901215701113974 0
818 1.149937753108249 0.8788122298799429 0
819 3.713443067633792 0.07814371344401638 0
820 3.634619067602292 0.07814371344401638 0
821 3.644307644888293 0.9228341144421002 0
822 3.723131644919704 0.9228341144421002 0
823 0.1946859443284898 0.2154943540090369 0
824 0.1360074708103412 0.2062054472497928 0
825 0.9995884592516433 0.4438231924365724 0
826 1.044405337454694 0.4528066451373434 0
827 4.715326240178736 0.923974774940348 0
828 4.692235036358214 0.8054386495997006 0
829 4.78549342954154 0.8814638746593526 0
830 0.4839889113471136 0.514555260419333 0
831 0.4806220614637308 0.4794969419787566 0
832 0.513731857608174 0.4806860432719675 0
833 3.571484498347448 0.5359732885042448 0
834 3.595241674956979 0.6282024459154397 0
835 1.697748645185174 0.8419484973954691 0
836 1.704822918681537 0.8863420405064125 0
837 1.649948193009159 0.8787788658113496 0
838 1.651953932051134 0.1213394153108885 0
839 1.707281447421178 0.1125763411303683 0
840 1.698201434882894 0.1568516031190714 0
841 2.88334010152098 0.1181818511471245 0
842 2.848281391961788 0.06013953542420511 0
843 2.848406586174988 0.938633838586917 0
844 2.883465295734354 0.8805915228640157 0
845 0.2677829648617409 0.9595458045977016 0
846 0.2868587510039242 0.9287198790296121 0
847 0.3190757861430238 0.9691740744319106 0
848 0.386038103469201 0.5396476669865022 0
849 1.521714206064881 0.9486286571209458 0
850 1.570913409268188 0.9486286571209458 0
851 0.4668661218132352 0.4500346833667691 0
852 0.4371231755521748 0.4839039005141345 0
853 1.001821920905749 0.04101312864088952 0
854 3.797184944687213 0.05914274417438497 0
855 3.745490825240555 0.1372864576184014 0
856 3.755179402527451 0.8636913702680273 0
857 3.797184944686091 0.9408572558259272 0
858 0.3407395720275985 0.3517674752256714 0
859 0.2952516146616591 0.3777137499463867 0
860 0.2874846095672621 0.3226595292936719 0
861 0.531067880666283 0.5835718047541219 0
862 0.5781425521834425 0.592531878137183 0
863 0.542302739348868 0.6149539836127221 0
864 4.91195814668284 0.3893476907762968 0
865 0.1515667118505324 0.4676847905127575 0
866 0.1627845012564359 0.4339430071385678 0
867 1.565743090691546 0.652131375923894 0
868 1.626349002996493 0.631879579495387 0
869 1.608442424700832 0.676187088097447 0
870 4.257062283875933 0.7163148408821691 0
871 4.344962824816584 0.704687417633014 0
872 2.092377358157537 0.1385630751301135 0
873 2.158563037828829 0.1306054376932972 0
874 2.154365498179732 0.8720566313862654 0
875 2.088557008798508 0.8638597808170357 0
876 0.7681869681593831 0.1842014682192253 0
877 0.7946469834519805 0.2261985422483566 0
878 3.143869469797344 0.5882859607359873 0
879 3.114035270846039 0.517932681942616 0
880 1.312341169598619 0.783439811737946 0
881 1.29486199228529 0.8367311073601864 0
882 2.648787256268098 0.6464019080019321 0
883 0.1158879097202956 0.4758306614314996 0
884 0.1490309832529961 0.5187997564659213 0
885 1.615116150342693 0.5841633542126464 0
886 0.3569412630235299 0.8103274779072394 0
887 0.3552469129683191 0.8481158480889622 0
888 0.1321342480303185 0.5710264776490128 0
889 0.1678130501605554 0.5628806067302707 0
890 2.257428583800886 0.7682668246560683 0
891 2.245413879932774 0.7004971519870697 0
892 3.851349075466136 0.687237951584369 0
893 3.927762913404462 0.7283947002067553 0
894 3.876326947864997 0.7872150490723373 0
895 3.862706847498232 0.2132724366452465 0
896 3.916633706710097 0.2687930384805328 0
897 3.835685218977252 0.3024021549943924 0
898 0.3360961542712741 0.7333173594233362 0
899 0.3115620859121888 0.6919989388208008 0
900 0.3666836822508821 0.6985671856405218 0
901 0.2272988317196401 0.3060331820084097 0
902 0.2727867890855796 0.2800869072876945 0
903 1.692168210603545 0.4271815113488375 0
904 1.639382858415987 0.4476530027061438 0
905 1.64173610048946 0.3975568829762883 0
906 0.19295217854061 0.5907959978036907 0
907 0.8459959561498014 0.6181740620708882 0
908 0.8194784581716984 0.5921120769986237 0
909 0.8655520928599333 0.5833818567136343 0
910 1.67417110660903 0.794704603291872 0
911 1.729045832281408 0.8022677779869349 0
912 3.034535318141207 0.05445272273346573 0
913 3.000973754667207 0.1124950384563851 0
914 3.000973754666564 0.8875049615435839 0
915 3.034535318140435 0.9455472772664852 0
916 0.4844199079875569 0.7466449375148528 0
917 0.4379326891735358 0.7644825204369763 0
918 1.010032164469426 0.8217202631389223 0
919 1.049131360316694 0.8499126711674852 0
920 1.010365733212721 0.8736775449778773 0
921 1.635365545909854 0.4947956552047926 0
922 1.58493343579577 0.4651710268322435 0
923 1.938451871576417 0.5116152733423607 0
924 1.882018598612826 0.4869855411599822 0
925 0.8006502928631889 0.05638604263008328 0
926 0.7625019125383885 0.09567491227888866 0
927 0.7618516196725156 0.03928886964880539 0
928 2.036379876562671 0.05280975927662591 0
929 2.036120341959188 0.9473548369154629 0
930 1.411911897690042 0.1842571173447327 0
931 1.353397663217097 0.1640180365600497 0
932 2.469988306929785 0.5090598173839163 0
933 2.508802515505859 0.4608460369988265 0
934 1.845476718676763 0.2540252756690454 0
935 1.85056309801929 0.3055790418444696 0
936 1.797647914753286 0.2969424184646322 0
937 1.092749648365742 0.3252688989177966 0
938 1.110810813801155 0.3790472170196341 0
939 0.238743397776197 0.4328261672492131 0
940 0.2768873014699504 0.4549908458567607 0
941 3.803059425877756 0.3719501316343846 0
942 3.749132566665891 0.3164295297990984 0
943 3.760574879423207 0.4429887532195871 0
944 3.847127531734568 0.428961378414881 0
945 3.975003410016479 0.3313705320331107 0
946 4.002025038537459 0.2422408136839648 0
947 4.004114679278428 0.7584600969907522 0
948 3.979136806879566 0.6584829995027839 0
949 4.168163238447789 0.6163138279898721 0
950 4.201062223878668 0.5325775831159085 0
951 0.4730535915171894 0.5596800346778915 0
952 0.5061633876616327 0.5608691359711024 0
953 0.5714247566136519 0.65181454731157 0
954 0.5243500850964924 0.6428544739285089 0
955 0.3250126866895313 0.9034567209575926 0
956 1.600225439317642 0.9102148615820923 0
957 1.627710436456068 0.9615862044611465 0
958 3.504915268607481 0.3987203815477858 0
959 3.535699571393285 0.4655087231077865 0
960 1.773630045976715 0.8011166057246582 0
961 1.750052507400571 0.7538727116210611 0
962 0.5296638456329051 0.1729897768345151 0
963 0.5788622318667805 0.1614929718247441 0
964 0.2511734880285586 0.2338238846941207 0
965 0.3113592658761806 0.2504502319793829 0
966 0.2177829648616008 0.9595458045977016 0
967 1.092704787494923 0.8679559720406427 0
968 1.092371218751628 0.8159986902016877 0
969 1.549886191141497 0.2611992196726413 0
970 1.599591473805606 0.2412163722360835 0
971 1.600021358658904 0.2953609401775615 0
972 1.646300280417932 0.2204963850202977 0
973 1.596165112900525 0.1863346645153773 0
974 2.122367644508755 0.7857928189730271 0
975 2.175239430698808 0.8174322940383749 0
976 3.562058461709013 0.3443185324500298 0
977 3.483410722003341 0.3358591790785612 0
978 2.117929364095263 0.4932843539045125 0
979 2.148528154907111 0.4491101268996612 0
980 2.176284216872341 0.5096772627066015 0
981 1.59315116582128 0.8658213184711489 0
982 1.540708390204825 0.8448447943282766 0
983 1.590431143896342 0.813408798557534 0
984 1.851357453210217 0.3553274103857813 0
985 1.899186257133694 0.3124102675901945 0
986 2.857653484646335 0.7534272921566191 0
987 2.866126125022057 0.818736015097884 0
988 2.806737689394328 0.811958954232569 0
989 2.80558342952304 0.1840067536306327 0
990 2.867274929469562 0.193260209533332 0
991 2.857898417650231 0.2569878923155545 0
992 0.7622754019161704 0.1448542342433102 0
993 0.8072121519722746 0.1521193192360817 0
994 1.09430797854483 0.05701782918163795 0
995 1.046129899452304 0.09803095782252747 0
996 1.05182192090594 0.04101312864088952 0
997 0.8790547844475567 0.7291601913434178 0
998 0.9114949947281145 0.7626884045569464 0
999 0.8588627685865584 0.7751757968870963 0
1000 2.103745229924153 0.5521270652444335 0
1001 2.075989167958921 0.4915599294374931 0
1002 0.3309440693002536 0.1718815936824826 0
1003 0.28427467602355 0.1582069272621398 0
1004 0.325472780504644 0.1259013115588132 0
1005 1.1137453352276 0.5346729852472447 0
1006 1.166609493002571 0.5171491839506166 0
1007 1.208490319846244 0.2298237417718294 0
1008 1.250368643467655 0.2398888091193445 0
1009 1.203449279981293 0.2790938939233241 0
1010 1.208594643575272 0.1773077436665986 0
1011 1.16167528008891 0.2165128284705782 0
1012 0.07898028448349324 0.2046390735541201 0
1013 0.1197436910921739 0.1659617743199688 0
1014 0.08719932872389828 0.1350781703714684 0
1015 0.1442265150507463 0.136644544067141 0
1016 0.489710128034859 0.6551021753142357 0
1017 3.106195492508992 0.2554639417234803 0
1018 3.110663706981413 0.3073019491867838 0
1019 3.049298451678753 0.2631336942730549 0
1020 1.16666272753826 0.3562911999307787 0
1021 0.3859369065118374 0.4306316688902666 0
1022 0.3931638640415669 0.4030850213328974 0
1023 0.4305941934314087 0.4268949943447777 0
1024 0.5420032004962072 0.5384470304955633 0
1025 2.934381090986361 0.8220598607880657 0
1026 2.935655089648171 0.1911629898320463 0
1027 0.9942206963365179 0.3648995773866657 0
1028 1.020976409104156 0.3201047119855991 0
1029 1.397601878596809 0.5797586517410653 0
1030 1.446626167109183 0.5616320073947508 0
1031 1.445280693823152 0.6129982235915349 0
1032 0.7484793321995247 0.824578315038766 0
1033 0.7781033681584391 0.8624704594016233 0
1034 0.7349386857971838 0.874046801103733 0
1035 2.42901836460144 0.7775224383646697 0
1036 2.495796312953336 0.811882869170978 0
1037 2.494275328114294 0.19061719102342 0
1038 2.427344934184633 0.2173940172060146 0
1039 1.494966909234849 0.5474357896226015 0
1040 1.447288094008506 0.514196217772132 0
1041 1.644869733750032 0.7030140787407557 0
1042 1.584263821445085 0.7232658751692629 0
1043 4.566827716098761 0.08483577615588338 0
1044 4.476282733711535 0.08483577615588338 0
1045 0.8765637728175991 0.6410562843745485 0
1046 0.8304901381293642 0.6497865046595379 0
1047 0.04762203210083028 0.272441373241972 0
1048 0.0807462790542418 0.2936102789483278 0
1049 0.03312424695341151 0.3211689057063558 0
1050 1.311577843861586 0.1968031201923991 0
1051 1.297229502688118 0.1578335733355003 0
1052 0.6587369123266771 0.2281490324281329 0
1053 0.6724281411966941 0.181071838867938 0
1054 2.245198067193599 0.6421736489789282 0
1055 1.281122796370386 0.2200699561404076 0
1056 1.337290956899366 0.226254419364957 0
1057 4.581153862577358 0.2630390528021459 0
1058 4.592552988495718 0.1500126300976274 0
1059 4.662454957617723 0.2433801305880065 0
1060 1.941298348551392 0.3801874227201902 0
1061 1.88456437953117 0.4026100760577029 0
1062 2.593561921720922 0.3004604887332007 0
1063 2.62881511893802 0.3510190612548834 0
1064 2.559238700034292 0.3703778660452266 0
1065 0.3949188877263751 0.7837760046848088 0
1066 0.3532401259071222 0.7664370794654878 0
1067 3.209060275888698 0.04896158878162858 0
1068 3.205861759329966 0.1328548116655573 0
1069 3.156743763877747 0.0838932228839287 0
1070 3.15706990197229 0.918205468199895 0
1071 3.207482151222271 0.8661997820387011 0
1072 3.210354529686941 0.9479943138388062 0
1073 3.160552997565333 0.2337093212025333 0
1074 3.099187742262673 0.1895410662888044 0
1075 1.538272479711905 0.5061568396654375 0
1076 1.537610552812582 0.5535926292880564 0
1077 3.729887923750749 0.5240544328561272 0
1078 3.685819817893937 0.4670431860756308 0
1079 2.680914524256162 0.3288599095595783 0
1080 2.729427743900856 0.316950565626612 0
1081 2.747203927532369 0.3647087912433329 0
1082 1.582282896138422 0.5600687733263632 0
1083 1.538977325661366 0.6013477232835273 0
1084 2.351721320906635 0.566731492758307 0
1085 2.294953431479954 0.5546532903959973 0
1086 0.7234767287254971 0.1277570612620323 0
1087 0.1450529785260479 0.04196756983555831 0
1088 0.1508940548675031 0.09484803989487861 0
1089 0.1058410763410154 0.0528804700593203 0
1090 0.8437402565515814 0.7071581553183829 0
1091 0.8963724826931374 0.6946707629882332 0
1092 1.573798804805018 0.05082279475790677 0
1093 1.524599601601672 0.05082279475790677 0
1094 0.03944715799277739 0.8553630335141556 0
1095 0.07885589595631842 0.866620629794429 0
1096 0.03940873796354104 0.9112575962804541 0
1097 0.2277871323234811 0.139877396577056 0
1098 0.2332584211190907 0.1858576787007253 0
1099 4.735745085117326 0.167085186291825 0
1100 4.724345959198966 0.2801116089963435 0
1101 1.733662407404598 0.1858965098910676 0
1102 1.678334892034554 0.1946595840715877 0
1103 1.05124156012031 0.1340036744001497 0
1104 1.088985016970555 0.1646851874162531 0
1105 1.05161061999967 0.1846532034531269 0
1106 1.142388166785251 0.6132615324738526 0
1107 1.178250258357541 0.6513527638127408 0
1108 2.795962032440386 0.3002669418616109 0
1109 2.729672629164179 0.2644180601778563 0
1110 4.113338855548219 0.7618507551506504 0
1111 3.371602867453392 0.8008964475349665 0
1112 3.402314454824756 0.8664551270736557 0
1113 3.328114439191535 0.8373287083232606 0
1114 3.33231700607564 0.1630834739287213 0
1115 3.408142767882135 0.1327948964467252 0
1116 3.373896787001198 0.2027559607097972 0
1117 1.344524661021527 0.08894934358551959 0
1118 1.391193859686007 0.06351434273055827 0
1119 2.646591302569533 0.3987772868716042 0
1120 2.910384013172242 0.3186709102365691 0
1121 2.95954297309901 0.3321479255726866 0
1122 2.950337068674498 0.3845774875910019 0
1123 2.67277333347811 0.5165347898264017 0
1124 2.74568298285827 0.5294922900518592 0
1125 2.701030191068996 0.5810069505096873 0
1126 2.404004757308778 0.5681188287570262 0
1127 0.6475386270881978 0.2678384444511615 0
1128 2.857387362948958 0.4244266631966879 0
1129 2.899762667863248 0.4500081103636315 0
1130 2.855971922064476 0.503334301305435 0
1131 4.218182320944081 0.9175765570072599 0
1132 1.822159359271249 0.7857743317405486 0
1133 1.801152684152086 0.8341693981064224 0
1134 1.773045242831848 0.1967385906138797 0
1135 1.801025053362536 0.1644308536088283 0
1136 1.820541345941447 0.2130809152841567 0
1137 1.494499866485491 0.4445351377144804 0
1138 1.541160822569356 0.4035493248812864 0
1139 1.542289792218038 0.4590141871667887 0
1140 3.90187107398445 0.4987063584638463 0
1141 3.95094210184724 0.5629151598231981 0
1142 3.85371401314281 0.5642088013594353 0
1143 3.944355620438999 0.4276677368786439 0
1144 0.3793479258569851 0.3759893034435957 0
1145 0.4240052127765563 0.3722526288981068 0
1146 1.753178699983509 0.234546571566396 0
1147 2.971264166106736 0.7197534389633273 0
1148 2.909056915341137 0.6986249326818148 0
1149 2.963279161173809 0.6581740186232081 0
1150 4.122888488902868 0.2359511893289828 0
1151 4.204476384220369 0.2533150355265882 0
1152 4.141982637161342 0.3221821534341482 0
1153 1.125566840333926 0.1896657734172889 0
1154 1.125197780454566 0.1390162443643117 0
1155 4.431958607910896 0.140188561327975 0
1156 4.39698944816708 0.05535278517209166 0
1157 0.04762203210083028 0.2224413732421003 0
1158 4.225278869754924 0.08354203571071144 0
1159 4.139618111686648 0.08354203571071144 0
1160 1.323793348224616 0.9550488372267474 0
1161 1.373793348224654 0.9550488372267474 0
1162 0.200905122055658 0.7536630410719061 0
1163 0.2389296034712644 0.7158562303154226 0
1164 0.2429500765169744 0.7645559233600987 0
1165 2.277436731962062 0.9565964733526768 0
1166 2.337174140964199 0.9565964733526768 0
1167 2.337174140964833 0.04340352664732845 0
1168 2.27743673196264 0.04340352664732845 0
1169 0.4261519410525461 0.5454878493291562 0
1170 2.804656882163624 0.415276150724429 0
1171 2.848447627962396 0.3619499597826255 0
1172 4.256069611430855 0.8593238735245725 0
1173 4.303062794032028 0.9417473165173125 0
1174 2.786102444733881 0.6703073410132245 0
1175 2.837505875428684 0.6155049815384203 0
1176 2.849668479713408 0.6918478718164999 0
1177 2.986678291873964 0.2906065249773061 0
1178 3.026631347376219 0.3565131023317388 0
1179 0.7997881572259554 0.8941542040763881 0
1180 0.8133288036282964 0.8446857180114213 0
1181 0.4010881633394393 0.8679239413720817 0
1182 0.3577150514649756 0.8883733863344836 0
1183 1.324999999999329 0.02642509873394414 0
1184 1.300876124383761 0.06882949816145206 0
1185 1.275876124383665 0.04240439942750792 0
1186 4.712162567466544 0.4470327253773374 0
1187 4.641511179226811 0.45336784370694 0
1188 1.331887763824358 0.3985264792314238 0
1189 1.313669235050009 0.4354595908726711 0
1190 1.28741174069062 0.3890742456788041 0
1191 0.2981185295684289 0.7598688326457667 0
1192 4.029746952266361 0.401115512082076 0
1193 4.027293867721205 0.5929805566071951 0
1194 0.1114140077516598 0.9005836210215319 0
1195 1.502638497096431 0.1335861203941652 0
1196 1.549327754745772 0.1543501206234884 0
1197 1.502767048638859 0.18629065150184 0
1198 2.948811219053998 0.5144578742362206 0
1199 2.95022665993848 0.4355502361274735 0
1200 1.007612201354057 0.7303622972544518 0
1201 0.9540333987198224 0.7441315603316875 0
1202 0.9852658132233467 0.7029035359360324 0
1203 3.10188624747692 0.1383459456173944 0
1204 3.105084764035652 0.05445272273346573 0
1205 3.105084764035714 0.9455472772664852 0
1206 3.102212385571045 0.8637527454663803 0
1207 0.3970093379688299 0.4780637181714806 0
1208 0.359579008578988 0.4542537451596003 0
1209 1.024732464530478 0.95093497650322 0
1210 1.074732464530604 0.95093497650322 0
1211 1.275969314346846 0.969034081467629 0
1212 1.299762662570451 0.9240829186943764 0
1213 1.379431029147312 0.4073541752057948 0
1214 1.353173534787923 0.3609688300119278 0
1215 3.348814033341517 0.7528583591940727 0
1216 3.423014048974738 0.781984777944468 0
1217 3.425307866229745 0.226788599102608 0
1218 3.349482104423251 0.2570771765846042 0
1219 1.596036561358097 0.1336301334077025 0
1220 3.278124648267811 0.1654838578775253 0
1221 3.312370629148747 0.09552279361445322 0
1222 3.309796402749911 0.899438007769781 0
1223 3.279084815378547 0.8338793282310918 0
1224 2.187203429884995 0.5564233909698069 0
1225 2.214926652776195 0.612655323581884 0
1226 2.173408648951694 0.6100834223235301 0
1227 4.737486062532521 0.3675509674230719 0
1228 4.798592798299703 0.4581771395078843 0
1229 3.232815886503178 0.2663383674145013 0
1230 3.225808136256859 0.2004154919798254 0
1231 0.9417203425557756 0.6811546966034621 0
1232 0.9952991451900096 0.6673854335262264 0
1233 2.701451244991566 0.7744123857470686 0
1234 2.688426231483663 0.826846386246398 0
1235 2.765511371208786 0.4713864917535324 0
1236 2.756571636222224 0.40890978833947 0
1237 4.289361585222594 0.2971173506881385 0
1238 4.27026743696412 0.2108863865829732 0
1239 3.814572906110255 0.8138864060509026 0
1240 3.740519606343867 0.7958632646670756 0
1241 3.721753653976261 0.2015844900235695 0
1242 3.805495531029682 0.182583520753938 0
1243 2.943428619900406 0.6131491433241074 0
1244 3.005635870666005 0.6342776496056199 0
1245 0.08883584197063388 0.5023200781471244 0
1246 0.09137157056817022 0.4512051121939606 0
1247 2.793768228799672 0.5358586524368181 0
1248 2.999385619865248 0.449027251463591 0
1249 1.778445648388428 0.9683279999634916 0
1250 1.803567257809366 0.923625959274537 0
1251 1.828693646771345 0.9552979593110453 0
1252 1.828758331014069 0.0445306264767488 0
1253 1.804136584648453 0.07595201999817222 0
1254 1.778950290985041 0.03142139352142342 0
1255 1.489120317970207 0.8114218908432493 0
1256 1.491840339895144 0.8638344107568642 0
1257 0.1025622178801014 0.3305920044772838 0
1258 4.353908980166391 0.1826971360443534 0
1259 4.433202265710849 0.2121801270281451 0
1260 1.752971315142001 0.8930838360087576 0
1261 1.705170862965985 0.9299142044246381 0
1262 1.707681244604422 0.06995347018251613 0
1263 1.753928747436182 0.105465657990699 0
1264 0.1090395329137522 0.5941999372521192 0
1265 0.09025746600619292 0.5501190869877697 0
1266 0.5267832836016695 0.7730893033674805 0
1267 0.5265555638521222 0.7306548062514379 0
1268 4.062620742427921 0.529228769272847 0
1269 4.090815447460247 0.6247966089524328 0
1270 1.225876124383473 0.04240439942750792 0
1271 0.9454864885838781 0.4947392605239702 0
1272 0.9184125581775789 0.4697949794585589 0
1273 0.968974736296522 0.4640379263574683 0
1274 0.7118516196725087 0.03928886964880539 0
1275 1.295400785405863 0.1049286442790834 0
1276 3.069852570242941 0.4251431204906102 0
1277 3.069742161506923 0.4761158690270818 0
1278 0.3159698743522712 0.4471606859461406 0
1279 0.5993629987476931 0.947254576018462 0
1280 0.6361737687523579 0.905847830031375 0
1281 0.6368107700063456 0.958593254012913 0
1282 0.4740930793429646 0.4224880358093999 0
1283 0.3094240042396749 0.4146518557890064 0
1284 0.2561690417793384 0.3855439098570068 0
1285 2.708058416577529 0.4208191322724363 0
1286 0.4534334670286124 0.3449253356625593 0
1287 0.4260435239180347 0.3069726544221381 0
1288 0.4692877163546725 0.3067410790758922 0
1289 0.9685334788122514 0.5208914493748569 0
1290 0.9179713006933084 0.5266485024759475 0
1291 1.613749377493909 0.5364082602171756 0
1292 1.668198800114125 0.5188902360910759 0
1293 2.035172476942189 0.7310040385536656 0
1294 2.010692836487978 0.686934647308175 0
1295 3.096987889017894 0.3836017198952297 0
1296 3.619347935267316 0.4776443003157127 0
1297 3.650034890939774 0.3965786206791725 0
1298 4.512007814939199 0.7479505230069606 0
1299 4.421071841464642 0.7291961931025122 0
1300 4.476921210084474 0.667082317767798 0
1301 0.1318026574894166 0.6703212685880268 0
1302 0.09273341748113273 0.6877676046314065 0
1303 0.111847074929594 0.632553663956742 0
1304 0.8900264429017559 0.5550602814841019 0
1305 0.8669794526733827 0.5289080926332153 0
1306 1.569633412148348 0.366686080973857 0
1307 1.521843486415802 0.3522070315215488 0
1308 1.297881141587125 0.8833791729956244 0
1309 1.250057107709354 0.8973644172365061 0
1310 3.043568320468346 0.5418168129155968 0
1311 4.824106815160318 0.8125989395540425 0
1312 4.847198018980839 0.9311350648946899 0
1313 4.594962515277221 0.7668930987764713 0
1314 2.011504179665555 0.315673205891069 0
1315 2.038779335449826 0.2735571739729051 0
1316 1.803219313524918 0.8800537953563113 0
1317 1.803736787465209 0.1185748909460244 0
1318 0.583575822814207 0.4748769069019591 0
1319 0.5387583266766025 0.4726907693176546 0
1320 0.5551825038623955 0.4478138624156956 0
1321 1.88216013089276 0.9552979593110453 0
1322 1.88222481513553 0.0445306264767488 0
1323 2.137657951114656 0.2216757866649209 0
1324 2.084568228228433 0.2508215481367768 0
1325 2.079349488443807 0.2006523931788312 0
1326 1.47312673762396 0.9637766495967224 0
1327 1.494840943688841 0.9124053067176682 0
1328 1.765794208522085 0.6543162693230324 0
1329 1.712078483627206 0.6735630766628321 0
1330 4.380049429671309 0.7855556228721766 0
1331 4.203214144343646 0.4711992611059134 0
1332 4.17700834778788 0.3889170886149241 0
1333 4.249776329034608 0.4218281721227429 0
1334 0.5859749108928005 0.2942880318985733 0
1335 0.5497436186179556 0.3030208852686231 0
1336 4.12829424263194 0.4996664996080897 0
1337 0.1834384172357787 0.125731643843379 0
1338 0.1739004819739129 0.6600353379702961 0
1339 0.1547868245254517 0.7152492786449607 0
1340 1.490793461287967 0.08791203875452089 0
1341 1.466193859686294 0.03708924399661413 0
1342 4.059892157241446 0.2139332849492402 0
1343 4.122385904300473 0.1450661670416803 0
1344 0.905180894743435 0.3160048598837435 0
1345 0.928998853796815 0.2703136451782198 0
1346 0.9410316238602425 0.3100518418419102 0
1347 1.629716175498055 0.03853207666109271 0
1348 1.605116573896381 0.08935487141899948 0
1349 1.443252871454223 0.8789824032326408 0
1350 0.613827897920288 0.1499425648682377 0
1351 0.5710840654969593 0.1262282421835594 0
1352 1.106697894673315 0.9127262108457404 0
1353 2.2589928481269 0.588513617625205 0
1354 1.072996877092829 0.2622045815586813 0
1355 1.125462516604899 0.2421817715225196 0
1356 1.109105316847812 0.2890516366119705 0
1357 0.8631582857814644 0.8425367363934055 0
1358 0.8984462114933705 0.855792199040317 0
1359 0.8703015184077186 0.8896249253330977 0
1360 3.225800187663896 0.8040904825921806 0
1361 3.155834306859696 0.7714078994918717 0
1362 3.227436971015972 0.7390874456842624 0
1363 0.2814134020939013 0.6083108298107034 0
1364 0.240758536413288 0.6063651365616403 0
1365 0.9384279907425384 0.8741827624646618 0
1366 0.9312847581162842 0.8270945735249696 0
1367 4.829422585751374 0.6081021129917472 0
1368 4.82398904699502 0.7207365389200249 0
1369 2.097087798120676 0.2945805674589949 0
1370 1.344567547146386 0.8634496088180568 0
1371 0.4843223412537778 0.275420111565525 0
1372 0.5117122843643555 0.3133727928059462 0
1373 2.189575312201361 0.2336858170473221 0
1374 2.234032234047189 0.2463098824478582 0
1375 2.18733361274511 0.2844690070234026 0
1376 0.916543940879859 0.5811222665563666 0
1377 0.8310166396032346 0.0324466810124218 0
1378 0.8316669324691075 0.08883272364250508 0
1379 2.244939106686953 0.08825564848713809 0
1380 2.217184489603314 0.04485212183980963 0
1381 2.216547764709657 0.9555516874846926 0
1382 2.24430238179337 0.9121481608373694 0
1383 1.13196543014393 0.9617912343425203 0
1384 0.03638891746065507 0.6750000000000609 0
1385 1.895142192056475 0.5790495914014473 0
1386 1.944454050576192 0.5663694173257681 0
1387 1.944707192144734 0.6145094423911509 0
1388 2.655959011259387 0.4429782839677414 0
1389 3.281593136981866 0.04896158878162858 0
1390 3.282887390780289 0.9479943138388062 0
1391 0.5605971576818927 0.7969930663660163 0
1392 0.5184615018173273 0.8129831976294313 0
1393 2.721696905648259 0.6593594082273897 0
1394 2.036093997397466 0.4625190992231144 0
1395 2.021909863226356 0.5213618105630353 0
1396 0.3874351700886481 0.2827508262042138 0
1397 0.3715809207625881 0.3209350827908809 0
1398 1.579339749387086 0.7712625701136167 0
1399 1.631782525003541 0.7922390942564889 0
1400 4.095420452470379 0.3715532424173187 0
1401 4.064772662892899 0.4678504472628519 0
1402 1.118606930032278 0.5850223891906343 0
1403 3.153884929848134 0.3759319673456552 0
1404 2.156991594569419 0.6498834254340822 0
1405 2.129268371678219 0.5936514928220051 0
1406 0.5421251765599855 0.507749087758231 0
1407 0.1904362970273512 0.3337260007781215 0
1408 4.322445248771027 0.8222707402186518 0
1409 4.237564775683078 0.7980999807085992 0
1410 2.141237004495119 0.4032646924099432 0
1411 4.001522453935063 0.1513557913966623 0
1412 2.366494232977383 0.08268873723847284 0
1413 2.391157404581062 0.1269678604389142 0
1414 2.329854520649958 0.1310861764950982 0
1415 2.32868343961579 0.8655447615311829 0
1416 2.390016336858336 0.8696533283546044 0
1417 2.366524246288321 0.9173015135287752 0
1418 1.988016871664676 0.5470751243320642 0
1419 0.9750813618930964 0.2977478022297262 0
1420 0.9512634028397164 0.34343901693525 0
1421 4.31724192824669 0.4430988757772749 0
1422 4.419534890701739 0.4368456417909322 0
1423 4.378275088045422 0.4978571106273896 0
1424 0.4825535325332266 0.2384946511822176 0
1425 2.765856784077188 0.7853603185329035 0
1426 2.733859509932983 0.7357022985054693 0
1427 1.16881573057262 0.5877685484342392 0
1428 3.467787851277671 0.7211213578611414 0
1429 3.470723549378336 0.28128357247911 0
1430 0.9064058146598003 0.659152660578427 0
1431 0.6868107700064856 0.958593254012913 0
1432 2.982210077401543 0.2387685175140026 0
1433 3.03408857724187 0.7360956457854908 0
1434 2.979866331409197 0.7765465598440975 0
1435 2.184356572416736 0.1835166620893765 0
1436 0.31451009702956 0.08990958138889611 0
1437 0.3611794903062635 0.1035842478092389 0
1438 0.9219116326802375 0.6275402179897774 0
1439 0.9756194078811928 0.1754987135131255 0
1440 0.9312224190764276 0.1514448521613641 0
1441 0.9694701743446592 0.1299178290852621 0
1442 0.8344537563320927 0.4444810235000805 0
1443 0.8489232702991391 0.4689433389800917 0
1444 0.8144695139670464 0.4744623154800113 0
1445 4.308920412957196 0.05535278517209166 0
1446 4.269023779164167 0.1388948208828031 0
1447 1.585597402784488 0.3309013495955221 0
1448 1.604914738938042 0.3822436429552598 0
1449 2.398507038206745 0.9607050401760984 0
1450 2.398477024895937 0.03928521059114438 0
1451 0.1987226728105558 0.6306764666713117 0
1452 3.215697974856268 0.4053317712632382 0
1453 3.302987118069932 0.4338999099254006 0
1454 1.276081756505435 0.2693401082919024 0
1455 0.8738175491878044 0.3703493352345363 0
1456 0.827900843905397 0.3516474096009086 0
1457 0.8712969595244552 0.3370411309138063 0
1458 0.6306833760611601 0.620992655667769 0
1459 0.6465399057513634 0.6561098044743733 0
1460 0.6052339405562309 0.6590312058023877 0
1461 2.781537553150381 0.06013953542420511 0
1462 2.78166274736365 0.938633838586917 0
1463 0.4875269729990127 0.05292572923419595 0
1464 0.4465420465249159 0.08550577817941846 0
1465 0.4590150735239179 0.03258004894522251 0
1466 3.406489046886232 0.9514436939309749 0
1467 3.449977475148089 0.9150114331426809 0
1468 3.451937308009216 0.08623369161390054 0
1469 3.410357527083658 0.04656120483282464 0
1470 0.6579034909921234 0.6931932695030765 0
1471 0.6833529264970526 0.6551547193684577 0
1472 0.5672215029228566 0.9650443217671538 0
1473 0.5665845016688689 0.9122988977856157 0
1474 0.9338413828588241 0.7901471658753658 0
1475 4.49220100656434 0.2511351929383857 0
1476 4.414151378819835 0.2936437676547641 0
1477 1.6577000911256 0.3617721515979535 0
1478 0.2217068398465909 0.6756044767282456 0
1479 0.2637517943079072 0.6864973590164382 0
1480 3.993303405463264 0.06152413133096883 0
1481 3.935436286759277 0.08983166006569346 0
1482 4.433276643555194 0.5699659322521983 0
1483 4.52421261702975 0.5887202621566468 0
1484 0.7620563791622915 0.3493433750396773 0
1485 0.7893911672240215 0.3188683167391274 0
1486 0.7980454661803178 0.3488142635807285 0
1487 0.5188321452996429 0.6919627390130835 0
1488 1.253580966050351 0.1377137279114328 0
1489 1.207934744489661 0.9308253158101494 0
1490 0.3251084034149534 0.03379625881966088 0
1491 0.9700649836825338 0.5725734110144434 0
1492 3.50034260516628 0.9486835575812564 0
1493 3.500342605166954 0.05131644241850412 0
1494 2.354893333867564 0.2611255010955348 0
1495 2.348752586473075 0.3140618580067367 0
1496 2.297013138299861 0.3094359537236868 0
1497 0.8619316691995139 0.4997104722925417 0
1498 0.8819159115645603 0.4697291803126108 0
1499 3.612183479238597 0.6997737220315832 0
1500 3.68507128677289 0.7684598234143292 0
1501 4.803110360031601 0.1019083323500809 0
1502 4.741219358450358 0.065176853941744 0
1503 0.893060588735524 0.3973525517737974 0
1504 0.8496644731164658 0.4119588304608998 0
1505 3.056673920873435 0.6314680753679258 0
1506 3.122666260009617 0.6450192442075422 0
1507 3.091478751075591 0.692853693744337 0
1508 0.9754326754829124 0.6189913624478542 0
1509 1.018978146150483 0.6407402017804246 0
1510 0.4235980598906791 0.122713718223774 0
1511 0.4634746820776876 0.1435475072614088 0
1512 0.412018795968356 0.1604097670167909 0
1513 1.008755502481419 0.1179989738594013 0
1514 3.403072972320434 0.6796922108892869 0
1515 3.413580356276803 0.335685421576866 0
1516 1.474060656943628 0.211767635115235 0
1517 1.454060290477901 0.263522934249789 0
1518 1.436077424523791 0.2172819504070708 0
1519 1.835941220416766 0.395778850311978 0
1520 1.816482039340364 0.435053429760783 0
1521 1.78327511301941 0.3877707640888614 0
1522 1.145215287877812 0.3052460888816351 0
1523 3.248451734672546 0.6233333343651359 0
1524 3.22724852488482 0.680066617836691 0
1525 3.178674299999499 0.6496715791123986 0
1526 1.010744630124682 0.2867175368922593 0
1527 1.011547139064946 0.9158410793430969 0
1528 0.9724479432176771 0.8876486713145341 0
1529 2.584092425582061 0.04952329457992664 0
1530 2.520948897306721 0.04952329457992664 0
1531 2.521640692132009 0.9502519895057466 0
1532 2.584784220407287 0.9502519895057466 0
1533 1.360759888759439 0.654403238735645 0
1534 1.32669319454821 0.6254964033614773 0
1535 1.362189711099549 0.6022180325636817 0
1536 4.076621780025226 0.06152413133096883 0
1537 2.693823624305761 0.2297832897819895 0
1538 2.760357912845292 0.2130996660169883 0
1539 2.401287389291063 0.172200964364492 0
1540 2.437927101618488 0.1238035251078666 0
1541 2.437957114929636 0.8761867256593405 0
1542 2.400116308257105 0.8244299736617482 0
1543 1.082930040851513 0.7765422801242359 0
1544 1.04382120371549 0.7435448310936634 0
1545 1.39692008584807 0.9188254868234698 0
1546 1.423126737624503 0.9637766495967224 0
1547 0.7261582773819966 0.5669451974199249 0
1548 0.7121529480099924 0.6009808245898022 0
1549 0.6859946706282967 0.5840356271698772 0
1550 2.651072526071123 0.04406963831209716 0
1551 2.616887246465205 0.09359293289202381 0
1552 2.618252797578918 0.9058223091337068 0
1553 2.6517462823586 0.9555703196279601 0
1554 2.836143533713961 0.5614400996037617 0
1555 1.393919482054374 0.8702545908626658 0
1556 1.391911531224315 0.2360124164792866 0
1557 4.562102975686345 0.3445026934287648 0
1558 1.012588789211966 0.7847728554893185 0
1559 3.297214405689019 0.7127492009369998 0
1560 2.07073610373605 0.3750167056963477 0
1561 2.036394693454097 0.4154667137032232 0
1562 2.016957495060117 0.3577662013019988 0
1563 0.4468965956997297 0.2250159769449484 0
1564 0.4875523549888615 0.194722230291695 0
1565 3.6600095642581 0.2160691913140519 0
1566 3.599412047716969 0.2786541428604381 0
1567 1.390900332752538 0.8236065252272278 0
1568 0.9052923695747022 0.2028786781988876 0
1569 0.9152598886464842 0.2366461999046403 0
1570 0.8831806056082253 0.2424991415143005 0
1571 3.305906678934907 0.5815481942339271 0
1572 3.744464790355693 0.7186548591972044 0
1573 0.3950861604155843 0.1023680379348005 0
1574 0.2098035516754985 0.3633874720756125 0
1575 0.1582431965015271 0.3485076688393469 0
1576 1.296430444731128 0.5972376611945391 0
1577 1.295000622391019 0.6494228673665025 0
1578 1.851748626819452 0.8647115213722016 0
1579 1.851232890574808 0.1349172156163015 0
1580 0.9511106177632918 0.2306931818628069 0
1581 0.6894680949246399 0.8766705823833509 0
1582 0.6480726145416841 0.8711479595418306 0
1583 0.6639191694553136 0.8306320338993554 0
1584 3.346040010739859 0.3197708097248951 0
1585 3.294628931511312 0.2957381713320844 0
1586 2.899709568693488 0.5829806304070371 0
1587 0.6818886380466362 0.7986109661612795 0
1588 0.6992393282452931 0.7585146422161364 0
1589 0.7226653400369263 0.7960583327957327 0
1590 1.18301839602033 0.3200739376249527 0
1591 0.994107830377271 0.2473605566327893 0
1592 1.040002877588331 0.2697174663886622 0
1593 0.7761194381126294 0.6053973385978637 0
1594 0.7956755748227613 0.5706051332406097 0
1595 0.7658300223981815 0.7844819910936229 0
1596 3.351473344667936 0.6395830526322139 0
1597 0.03215975140925426 0.4888472644550584 0
1598 0.06574112685406756 0.5254935377502308 0
1599 0.03358137544481331 0.5366462732957038 0
1600 3.358727183364864 0.3743464163243463 0
1601 0.8007752514652607 0.2896348682824474 0
1602 0.7647861644472345 0.2901639797413963 0
1603 4.556267288627364 0.5209665053812009 0
1604 4.565811941099916 0.424005214966786 0
1605 1.365070947439919 0.7767806627696772 0
1606 1.414422882347907 0.7835856448142862 0
1607 0.8592641894610277 0.2973029342501158 0
1608 4.853392317572119 0.05232059104193531 0
1609 4.847918044239087 0.1542289233920162 0
1610 0.3728250687631748 0.180148009887923 0
1611 0.3316269642820809 0.2124536255912495 0
1612 1.377280422768812 0.335843273264375 0
1613 1.384960551742406 0.2854636350420379 0
1614 1.40839692908447 0.3194168877639618 0
1615 0.7951887895752496 0.7162579781171299 0
1616 0.8125064878208301 0.681768549761945 0
1617 1.224896719641741 0.3301390049724678 0
1618 2.036669379061928 0.8345241292204688 0
1619 2.073429952081917 0.8036742362065787 0
1620 2.039287635271314 0.1677088366019695 0
1621 0.9368146745356569 0.9649061028398769 0
1622 0.9868146745354344 0.9649061028398769 0
1623 0.8048726365002885 0.5390152748799664 0
1624 0.7615136164412195 0.5523005364792064 0
1625 0.5792877752353491 0.09125343955613391 0
1626 0.6013284481223753 0.06320330532158111 0
1627 0.6280904044374931 0.08662770099250014 0
1628 2.749413644148319 0.1042091737363023 0
1629 2.715991255956329 0.04406963831209716 0
1630 2.71666501224374 0.9555703196279601 0
1631 2.750212594650141 0.8942041582148771 0
1632 2.591812981121834 0.1331390998203544 0
1633 2.658793081610895 0.1276854435525249 0
1634 2.664309401680892 0.8703815029871067 0
1635 2.597347339729579 0.8650631728648931 0
1636 0.08524244253481197 0.08228183625303995 0
1637 0.07940136619335672 0.02940136619371964 0
1638 0.960170958303664 0.3772036169988496 0
1639 0.9725145288453441 0.4188789113711611 0
1640 0.9295572353485426 0.3974183509197454 0
1641 0.3532402653391018 0.2587166481848233 0
1642 0.4077028684945485 0.2447542198160805 0
1643 1.44329096441886 0.2946442705237098 0
1644 1.435610835445266 0.3450239087460468 0
1645 0.8935532323745234 0.08537866487917215 0
1646 0.8810166396034262 0.0324466810124218 0
1647 3.886444018762527 0.1489744042400784 0
1648 3.878224970290726 0.05914274417438497 0
1649 3.87822497028951 0.9408572558259272 0
1650 3.890986744048581 0.8550431546732891 0
1651 2.021410841101747 0.6447493804063955 0
1652 2.053435183980198 0.6176403821240145 0
1653 2.080826974417493 0.6605604942149383 0
1654 0.526262909459123 0.03391452194260744 0
1655 0.513789882460121 0.08684025117680339 0
1656 3.577011165069259 0.9486835575812564 0
1657 3.577011165070309 0.05131644241850412 0
1658 4.885693636434318 0.7704077291553622 0
1659 0.7322813608790295 0.955969472733295 0
1660 0.7822813608789849 0.955969472733295 0
1661 0.7819386711530325 0.6588863274582848 0
1662 0.6106248432830316 0.8598092815473795 0
1663 0.4090150735240961 0.03258004894522251 0
1664 4.476859085086899 0.4121013551030258 0
1665 1.542912440337886 0.7444355794703079 0
1666 1.503289847209637 0.7751765361977938 0
1667 1.508213919267636 0.7271798412534398 0
1668 4.942905702299808 0.8311350648944266 0
1669 4.94278793413451 0.7392726642604091 0
1670 2.027912042226132 0.5761159545464428 0
1671 2.087328175541878 0.5919270683549857 0
1672 1.997987602927595 0.8680220578327811 0
1673 1.998247137530886 0.1321425383593195 0
1674 0.06997029290546838 0.6116462732954989 0
1675 1.206765926293017 0.1244028146101817 0
1676 0.5611955209137556 0.7184071048657111 0
1677 0.9027947220605184 0.9514401939900046 0
1678 0.9396093965947633 0.9163462968298815 0
1679 4.415825925288167 0.3573431202529112 0
1680 0.6250655386610888 0.02928878337897366 0
1681 0.5762629094589449 0.03391452194260744 0
1682 0.9738231621079923 0.8085377292997107 0
1683 1.181965430144071 0.9617912343425203 0
1684 1.464160021516948 0.4731013347059789 0
1685 1.463031051868266 0.4176364724204766 0
1686 0.7173662709866978 0.7241000966238753 0
1687 0.6765895689964078 0.7266527299894221 0
1688 0.9463859827220602 0.5992186427602451 0
1689 1.335863719193988 0.7434189313250044 0
1690 0.7404454402559085 0.6117900605751743 0
1691 0.7002818335022087 0.6288804903251266 0
1692 0.4940069087994082 0.1595111025972458 0
1693 2.267472210142643 0.2767963346182119 0
1694 2.269713909598895 0.2260131446421313 0
1695 4.648128811139126 0.065176853941744 0
1696 3.720014270047226 0.2613662544495886 0
1697 1.681761252939636 0.2495412917922939 0
1698 4.949100000889802 0.1523205910417143 0
1699 1.162415330367975 0.1164406429958113 0
1700 1.207401652843054 0.0768466272406455 0
1701 0.5292460614369861 0.3667069553852512 0
1702 0.5360897355667564 0.4171739376427901 0
1703 0.5035213335950206 0.3951607425738523 0
1704 0.03358137544481331 0.58664627329556 0
1705 0.2239759412535143 0.4003255779182322 0
1706 1.427472492749716 0.6576220148940686 0
1707 1.42364103861197 0.7104394721035117 0
1708 1.392424951173033 0.6839423251472925 0
1709 0.2943393222875153 0.6517471852336239 0
1710 0.1923779076723572 0.4106697294678189 0
1711 0.800566055843667 0.3821224679014585 0
1712 1.520749914592969 0.2325316353445582 0
1713 0.9030287852933971 0.1719089786803039 0
1714 0.8968795517568635 0.1263280942524406 0
1715 1.416193859686103 0.03708924399661413 0
1716 1.476496781262089 0.6394953705477542 0
1717 0.05921181915891596 0.4123578477393007 0
1718 0.03215975140925426 0.4388472644549256 0
1719 1.678292816366 0.9615862044611465 0
1720 1.680298555408029 0.03853207666109271 0
1721 1.209166708733599 0.5136813883302879 0
1722 1.187591709550674 0.5560616095306921 0
1723 0.5187187712364738 0.8520925065782461 0
1724 0.5433591908707914 0.8834878020811374 0
1725 0.5098025862097146 0.8986933480314163 0
1726 1.503262546292269 0.690279023188121 0
1727 1.521070747365705 0.6456552318855873 0
1728 0.9054041592772041 0.4390278461461089 0
1729 1.635302685448598 0.3109185021589643 0
1730 0.5809072317043609 0.4193600752270945 0
1731 0.5755006866956279 0.8656980563324456 0
1732 0.5055861727217312 0.1218150538042289 0
1733 3.672074666503098 0.6196801418283144 0
1734 1.46363995316402 0.7210199799156067 0
1735 1.988296095647985 0.9646640034287652 0
1736 2.003972189467316 0.9120188403442281 0
1737 2.004296567839835 0.08814439224383958 0
1738 1.988360939417461 0.03533463296721365 0
1739 0.8709495022551381 0.1777619202899642 0
1740 1.125833507004603 0.09146005699477552 0
1741 1.236829523798525 0.3985632029970738 0
1742 1.228688852050884 0.4503881600351319 0
1743 2.648428578446086 0.2241666472118565 0
1744 2.601815955262374 0.2466497184781265 0
1745 2.587106193083811 0.1897146817471255 0
1746 1.263973135421527 0.5261524725099112 0
1747 1.242990918873424 0.4872400469298358 0
1748 2.204287347060041 0.8564790376214947 0
1749 2.265176314312446 0.8575238234894789 0
1750 2.27073264127486 0.1411668728832173 0
1751 2.210480398915534 0.1426154680756985 0
1752 1.672124047000016 0.326231742179993 0
1753 1.356928434621694 0.7072206959450881 0
1754 1.933391318144102 0.03533463296721365 0
1755 1.933326474374674 0.9646640034287652 0
1756 0.03638891746065507 0.6250000000001829 0
1757 1.312960181224836 0.5365111641494865 0
1758 1.279135971085011 0.5629525055499386 0
1759 0.5172215029227165 0.9650443217671538 0
1760 0.1480170447337532 0.4014424178075868 0
1761 1.360795024908657 0.2524388019796998 0
1762 1.330339977417457 0.2757056379277083 0
1763 1.247443398927819 0.5868789695549638 0
1764 0.6397765482507187 0.7276078150953376 0
1765 1.689868880345939 0.2878129359916097 0
1766 1.712266286022941 0.3386665854305988 0
1767 1.304198656780394 0.7138798449133568 0
1768 4.132836363741074 0.6800656153242202 0
1769 4.190686646535761 0.7533679741880897 0
1770 2.085249948789863 0.3345285375632817 0
1771 2.104687147183844 0.3922290499645063 0
1772 3.229373792819786 0.3290320005547923 0
1773 1.950163356616392 0.8853312243460835 0
1774 1.950228200385677 0.1146674120499072 0
1775 0.03940873796354104 0.9612575962803638 0
1776 0.08940873796368108 0.9612575962803638 0
1777 0.02940136619357665 0.07940136619384683 0
1778 0.06075961857623961 0.1115990665058677 0
1779 0.03135825238266296 0.1321977003122752 0
1780 0.8414734967139481 0.8108529917186407 0
1781 0.8090332864333905 0.7773247785051121 0
1782 1.283495278738811 0.4628592442147552 0
1783 1.415819279391281 0.4872975524781282 0
1784 0.3751084034147753 0.03379625881966088 0
1785 3.792219669579081 0.559674179652132 0
1786 3.717464608049812 0.5837286125081758 0
1787 1.22596931434709 0.969034081467629 0
1788 0.1286497900856058 0.3717809465100959 0
1789 2.998275249452961 0.1636901591277951 0
1790 2.997205502121494 0.8384020676102292 0
1791 2.709331689333001 0.8676055225152115 0
1792 2.774329424452911 0.8506690414741683 0
1793 2.769734424664622 0.1493719832347659 0
1794 2.70418812747057 0.1333020861226579 0
1795 0.841053873906969 0.9101621320289546 0
1796 0.8058284384371117 0.9279468734191566 0
1797 2.452269640276205 0.5593647678724334 0
1798 0.5347089937188503 0.3343418527789903 0
1799 0.5672773956905861 0.3563550478479281 0
1800 1.181525528458431 0.03444222781313758 0
1801 1.131525528458239 0.03444222781313758 0
1802 1.275478936533836 0.320650047654198 0
1803 1.255048052572874 0.3616300913558266 0
1804 0.5950047048563346 0.7256237633565288 0
1805 0.613690782860619 0.7590832238428744 0
1806 4.94278793413451 0.6392726642601457 0
1807 1.862652673132861 0.6510107664250251 0
1808 1.831048785299112 0.6208265897616619 0
1809 1.863791445791268 0.597005439803467 0
1810 0.03312424695341151 0.3711689057064886 0
1811 0.09233606611232748 0.3835267534455237 0
1812 1.363535184385579 0.5508518163668976 0
1813 1.804333672376528 0.5921314700647222 0
1814 1.803194899718121 0.6461367966862803 0
1815 2.499673910978005 0.8657336749889887 0
1816 2.489573939579236 0.910957029681845 0
1817 2.488852131442315 0.08880850517107103 0
1818 2.498982116152317 0.1340416090966489 0
1819 0.6646906615332848 0.5643571100798861 0
1820 0.6293353224738412 0.5497124491392476 0
1821 2.155750849548931 0.3627765242768772 0
1822 0.8061886675804828 0.2560387229229075 0
1823 0.8307936703572698 0.2847430599206385 0
1824 1.848896295053297 0.7463467940321521 0
1825 1.876418933228669 0.7793995864139163 0
1826 1.87345652920745 0.221717538663994 0
1827 2.857653532386908 0.3095203977643102 0
1828 2.45992389608364 0.9607050401760984 0
1829 2.459893882772892 0.03928521059114438 0
1830 4.391131829241803 0.9417473165173125 0
1831 4.398554265419085 0.8467795156881499 0
1832 1.428592411587338 0.7473402901688306 0
1833 1.454421796899957 0.7941661526263812 0
1834 1.37499999999952 0.02642509873394414 0
1835 2.679113862127198 0.1728482530509885 0
1836 1.726441212826463 0.9683279999634916 0
1837 1.726945855423033 0.03142139352142342 0
1838 1.898997013134477 0.8759651802283636 0
1839 1.896930383761646 0.8300807829784747 0
1840 1.896349963274431 0.1697193682222462 0
1841 1.899061697377104 0.1238634055594424 0
1842 3.620916594321109 0.3415153453296627 0
1843 1.126503468029741 0.7945855809973932 0
1844 1.904981599674198 0.9199619627398106 0
1845 1.905111127686053 0.07986525944396246 0
1846 0.4849048971562506 0.8281887435797102 0
1847 1.327971301872549 0.4723114777673749 0
1848 1.378546305033293 0.486652129984786 0
1849 1.348372348722095 0.5140517833268702 0
1850 1.306233089436568 0.3008311946752612 0
1851 3.68738847694773 0.3309142310895809 0
1852 0.6010148249267839 0.3516396335616202 0
1853 0.6085070695141668 0.321554999985813 0
1854 0.6367815664685004 0.349204688305766 0
1855 0.5955518926449197 0.3840047361678811 0
1856 0.4127016909501833 0.2009817989255579 0
1857 4.942905702299808 0.9311350648946899 0
1858 0.8235470775599985 0.9719774006858615 0
1859 0.8152107167843732 0.4174778069608193 0
1860 0.4672494052131941 0.372021053551861 0
1861 1.329737157445859 0.327015577290004 0
1862 1.812273366868292 0.7137767278710021 0
1863 1.866532940825711 0.70740198254437 0
1864 0.6404931576636804 0.7930883433197591 0
1865 0.5957213142692963 0.7911042915809503 0
1866 0.03135825238266296 0.1821977003122763 0
1867 0.4318491490024149 0.9695950873753907 0
1868 0.481849149002555 0.9695950873753907 0
1869 2.32093570910423 0.7762877626977723 0
1870 2.288668404882461 0.8098756383153082 0
1871 2.295395812878539 0.1854459960836586 0
1872 2.328835788973993 0.2159324482540122 0
1873 0.7190921308835543 0.9145627267462081 0
1874 0.3690757861431638 0.9691740744319106 0
1875 3.789854731902407 0.6827033298770657 0
1876 3.841290697441872 0.6238829810114837 0
1877 4.949100000889802 0.05232059104193531 0
1878 0.6979338801814394 0.3105453851734217 0
1879 0.7246349202846201 0.2952440992724598 0
1880 0.7267010401028144 0.3346987140990381 0
1881 0.4017781509186081 0.9540907398088016 0
1882 0.4336272999199026 0.9236858271841923 0
1883 0.4443592342057464 0.887739766073064 0
1884 0.4418910957090899 0.8474822278275427 0
1885 1.814639230375777 0.5333237616016295 0
1886 1.779716576814895 0.5599717889806077 0
1887 1.762168249233153 0.5264742874421334 0
1888 1.899275601317867 0.683580832586175 0
1889 0.3708539370606515 0.9232648142407121 0
1890 3.335785494789696 0.04656120483282464 0
1891 3.331917014593278 0.9514436939309749 0
1892 0.6721369055277585 0.3345600273649794 0
1893 0.6700707857095641 0.2951054125384011 0
1894 1.521179799446266 0.2866762032860363 0
1895 1.663079712099775 0.7525583748479547 0
1896 1.20285040540296 0.6870006811625575 0
1897 1.219809054657119 0.7275599459233008 0
1898 1.180862198643648 0.7272571006687671 0
1899 0.4744302322895532 0.9032441136396532 0
1900 2.264682017062551 0.5251349649989532 0
1901 0.6506853321612809 0.5983927372497633 0
1902 0.6750655386609107 0.02928878337897366 0
1903 2.543149346836252 0.4199699601455473 0
1904 1.687258315355522 0.7054795877761388 0
1905 1.748627873386416 0.3627907881295193 0
1906 1.729168692310013 0.4020653675783242 0
1907 2.547413137602935 0.8466531731934824 0
1908 2.545200357938121 0.1556221710866244 0
1909 1.935845033156831 0.3380944273092605 0
1910 0.6217416524345168 0.2918530866427191 0
1911 1.933989187530965 0.6566947092929303 0
1912 0.02940136619357665 0.02940136619371964 0
1913 1.26246560138456 0.718690803355182 0
1914 1.766372706732338 0.3243719819411359 0
1915 1.708530282101171 0.5151999729499023 0
1916 1.743452935662053 0.4885519455709241 0
1917 1.761286327389812 0.2728182157657118 0
1918 0.8735470775597687 0.9719774006858615 0
1919 0.1927829648615308 0.9324023240245611 0
1920 0.1470052697883288 0.9121825441680277 0
1921 2.070480014772175 0.7564571673764602 0
1922 1.481937883808233 0.3546607834673865 0
1923 1.447043848473843 0.3794334007076385 0
1924 1.510410473387225 0.317797539559957 0
1925 4.948440480509676 0.555901024429887 0
1926 4.948440480509676 0.455901024429901 0
1927 2.116134512247478 0.6860136230377329 0
1928 2.084110169369028 0.7131226213201138 0
1929 1.726815450236539 0.4521614873081796 0
1930 0.1250000000003502 0.9728565194268597 0
1931 0.1750000000004903 0.9728565194268597 0
1932 1.416704003505299 0.407999597699137 0
1933 0.783219294270792 0.7488047962620786 0
1934 0.7519855255400407 0.7234151907056408 0
1935 4.291036131690925 0.3608167032862856 0
1936 4.356827184434676 0.3183880543426705 0
1937 1.780453417368522 0.4634358018004108 0
1938 1.833119524765877 0.4714438880235274 0
1939 0.3841234769405003 0.06637630776488339 0
1940 3.098444133025976 0.8146498515330254 0
1941 3.100080916378052 0.7496468146251072 0
1942 0.5982204837549137 0.5102322459613207 0
1943 0.5872812863038555 0.6869316961181744 0
1944 1.056360077345417 0.2228476012992113 0
1945 1.157441569013717 0.761472768174726 0
1946 1.977162769383602 0.3561232138979446 0
1947 0.7998248530264196 0.5098176545392927 0
1948 1.845989976640984 0.5153679131996098 0
1949 1.730288461976949 0.7231073727700311 0
1950 1.395418232541735 0.445557246918633 0
1951 0.8431684023759652 0.2000990865102724 0
1952 0.8409048180946603 0.1691293869916887 0
1953 1.774872675672255 0.7219562005077543 0
1954 1.863538304222726 0.5488654147380843 0
1955 0.8339868114079615 0.5281222513006961 0
1956 3.734406412331429 0.6552998886243191 0
1957 0.7293357662911555 0.6915532784789265 0
1958 0.6940991421132484 0.1498658735150756 0
1959 0.6943256527354664 0.1006865515506541 0
1960 1.721903491962561 0.2619761350428997 0
1961 1.983301046050682 0.6440145352172511 0
1962 0.6869171583361171 0.06857765302777905 0
1963 2.131038841568469 0.3117929117271534 0
1964 0.5981445082835633 0.5699319597191774 0
1965 0.5980985076911355 0.5409301886986528 0
1966 0.8349932518514476 0.1297821530157735 0
1967 0.5873995324849541 0.8309981858429011 0
1968 1.253267566995184 0.6542338258083277 0
1969 1.217197114371012 0.6516556090672743 0
1970 1.228667419949765 0.618585908458511 0
1971 0.8763417996188749 0.923417594675866 0
1972 4.860398627192515 0.445248715207223 0
1973 2.167588698879745 0.3228285541725904 0
1974 1.018616620495172 0.1921660882831079 0
1975 0.8646776055762497 0.2637067888905759 0
1976 0.4107652776193254 0.5075259767834681 0
1977 2.212045620725572 0.3354526195731265 0
1978 0.5670296695646357 0.5304517565412504 0
1979 1.211372946303647 0.5843007528139104 0
1980 0.9803688652269402 0.2136931113592098 0
1981 0.6093793669661483 0.6013141385777777 0
1982 1.283530316812266 0.6824925679752658 0
1983 0.4416338262899435 0.8083729188787279 0
1984 2.38107758653014 0.7709890410599336 0
1985 2.380575237147207 0.2205583525370622 0
1986 0.8246654023439897 0.2213067338865477 0
1987 3.348625587210365 0.6938375313465014 0
1988 4.835075132126539 0.5247304731614885 0
1989 4.891228414644186 0.5951736886910859 0
1990 0.6432770652066635 0.1540013291565599 0
1991 1.481274196838697 0.289129955231874 0
1992 2.261331462748155 0.3297326915294138 0
1993 0.7116454187429686 0.6659639553538297 0
1994 3.046458995089401 0.8419916605996158 0
1995 3.047528742420579 0.1601005661383415 0
1996 2.942066278185684 0.5590842613894489 0
1997 0.8547100865044675 0.2299392671848232 0
1998 3.036823379600032 0.5864432000688251 0
1999 0.4990706519238708 0.9346394091425445 0
2000 2.992530270260916 0.544626387153291 0
2001 0.1144087379637512 0.9341141157072235 0
2002 2.217802220696843 0.5122491639649556 0
2003 0.6354988988368424 0.1187365995153752 0
2004 0.5443221091818415 0.1028038465126404 0
2005 0.8653595985914931 0.105842791398112 0
2006 1.792509321444669 0.6830113890199723 0
2007 0.7642483236048456 0.633297004333188 0
2008 0.6575395717238686 0.09068646528082239 0
2009 0.7462646732963116 0.6652790494355954 0
$EndNodes
$Elements
1056
1 8 2 100 1 1 11 25
2 8 2 100 1 11 12 26
3 8 2 100 1 12 13 27
4 8 2 100 1 13 14 28
5 8 2 100 1 14 15 29
6 8 2 100 1 15 16 30
7 8 2 100 1 16 17 31
8 8 2 100 1 17 18 32
9 8 2 100 1 18 19 33
10 8 2 100 1 19 20 34
11 8 2 100 1 20 21 35
12 8 2 100 1 21 22 36
13 8 2 100 1 22 23 37
14 8 2 100 1 23 24 38
15 8 2 100 1 24 2 39
16 8 2 100 2 2 40 64
17 8 2 100 2 40 41 65
18 8 2 100 2 41 42 66
19 8 2 100 2 42 43 67
20 8 2 100 2 43 44 68
21 8 2 100 2 44 45 69
22 8 2 100 2 45 46 70
23 8 2 100 2 46 47 71
24 8 2 100 2 47 48 72
25 8 2 100 2 48 49 73
26 8 2 100 2 49 50 74
27 8 2 100 2 50 51 75
28 8 2 100 2 51 52 76
29 8 2 100 2 52 53 77
30 8 2 100 2 53 54 78
31 8 2 100 2 54 55 79
32 8 2 100 2 55 56 80
33 8 2 100 2 56 57 81
34 8 2 100 2 57 58 82
35 8 2 100 2 58 59 83
36 8 2 100 2 59 60 84
37 8 2 100 2 60 61 85
38 8 2 100 2 61 62 86
39 8 2 100 2 62 63 87
40 8 2 100 2 63 3 88
41 8 2 200 3 3 89 93
42 8 2 200 3 89 90 94
43 8 2 200 3 90 91 95
44 8 2 200 3 91 92 96
45 8 2 200 3 92 4 97
46 8 2 300 4 4 98 122
47 8 2 300 4 98 99 123
48 8 2 300 4 99 100 124
49 8 2 300 4 100 101 125
50 8 2 300 4 101 102 126
51 8 2 300 4 102 103 127
52 8 2 300 4 103 104 128
53 8 2 300 4 104 105 129
54 8 2 300 4 105 106 130
55 8 2 300 4 106 107 131
56 8 2 300 4 107 108 132
57 8 2 300 4 108 109 133
58 8 2 300 4 109 110 134
59 8 2 300 4 110 111 135
60 8 2 300 4 111 112 136
61 8 2 300 4 112 113 137
62 8 2 300 4 113 114 138
63 8 2 300 4 114 115 139
64 8 2 300 4 115 116 140
65 8 2 300 4 116 117 141
66 8 2 300 4 117 118 142
67 8 2 300 4 118 119 143
68 8 2 300 4 119 120 144
69 8 2 300 4 120 121 145
70 8 2 300 4 121 5 146
71 8 2 300 5 5 147 161
72 8 2 300 5 147 148 162
73 8 2 300 5 148 149 163
74 8 2 300 5 149 150 164
75 8 2 300 5 150 151 165
76 8 2 300 5 151 152 166
77 8 2 300 5 152 153 167
78 8 2 300 5 153 154 168
79 8 2 300 5 154 155 169
80 8 2 300 5 155 156 170
81 8 2 300 5 156 157 171
82 8 2 300 5 157 158 172
83 8 2 300 5 158 159 173
84 8 2 300 5 159 160 174
85 8 2 300 5 160 6 175
86 8 2 500 6 7 176 179
87 8 2 500 6 176 177 180
88 8 2 500 6 177 178 181
89 8 2 500 6 178 8 182
90 8 2 500 7 8 183 186
91 8 2 500 7 183 184 187
92 8 2 500 7 184 185 188
93 8 2 500 7 185 7 189
94 8 2 400 8 6 190 192
95 8 2 400 8 190 191 193
96 8 2 400 8 191 9 194
97 8 2 400 9 9 195 198
98 8 2 400 9 195 196 199
99 8 2 400 9 196 197 200
100 8 2 400 9 197 10 201
101 8 2 400 10 10 202 204
102 8 2 400 10 202 203 205
103 8 2 400 10 203 1 206
104 9 2 10 12 625 211 348 632 633 634
105 9 2 10 12 338 625 348 635 634 636
106 9 2 10 12 569 334 254 637 638 639
107 9 2 10 12 325 334 569 640 637 641
108 9 2 10 12 298 496 457 642 643 644
109 9 2 10 12 457 236 397 645 646 647
110 9 2 10 12 235 315 516 648 649 650
111 9 2 10 12 227 299 456 651 652 653
112 9 2 10 12 51 52 309 76 654 655
113 9 2 10 12 109 110 310 134 656 657
114 9 2 10 12 306 351 604 658 659 660
115 9 2 10 12 209 299 484 661 662 663
116 9 2 10 12 298 457 397 644 647 664
117 9 2 10 12 496 226 457 665 666 643
118 9 2 10 12 238 306 604 667 660 668
119 9 2 10 12 213 312 389 669 670 671
120 9 2 10 12 232 481 289 672 673 674
121 9 2 10 12 209 462 299 675 676 661
122 9 2 10 12 226 391 499 677 678 679
123 9 2 10 12 477 13 340 680 681 682
124 9 2 10 12 242 338 348 683 636 684
125 9 2 10 12 211 351 306 685 658 686
126 9 2 10 12 401 550 440 687 688 689
127 9 2 10 12 402 441 540 690 691 692
128 9 2 10 12 278 541 316 693 694 695
129 9 2 10 12 12 13 477 27 680 696
130 9 2 10 12 269 382 312 697 698 699
131 9 2 10 12 215 454 301 700 701 702
132 9 2 10 12 273 401 440 703 689 704
133 9 2 10 12 274 441 402 705 690 706
134 9 2 10 12 235 302 410 707 708 709
135 9 2 10 12 102 375 385 710 711 712
136 9 2 10 12 304 499 391 713 678 714
137 9 2 10 12 235 516 333 650 715 716
138 9 2 10 12 214 358 341 717 718 719
139 9 2 10 12 219 438 556 720 721 722
140 9 2 10 12 227 523 299 723 724 651
141 9 2 10 12 211 306 578 686 725 726
142 9 2 10 12 243 338 370 727 728 729
143 9 2 10 12 45 464 387 730 731 732
144 9 2 10 12 116 386 465 733 734 735
145 9 2 10 12 333 516 9 715 736 737
146 9 2 10 12 214 367 307 738 739 740
147 9 2 10 12 214 307 368 740 741 742
148 9 2 10 12 516 191 9 743 194 736
149 9 2 10 12 459 100 393 744 745 746
150 9 2 10 12 240 544 342 747 748 749
151 9 2 10 12 241 343 545 750 751 752
152 9 2 10 12 263 311 444 753 754 755
153 9 2 10 12 209 475 462 756 757 675
154 9 2 10 12 312 382 437 698 758 759
155 9 2 10 12 316 541 349 694 760 761
156 9 2 10 12 102 103 375 127 762 710
157 9 2 10 12 257 453 308 763 764 765
158 9 2 10 12 255 542 446 766 767 768
159 9 2 10 12 275 313 496 769 770 771
160 9 2 10 12 230 437 353 772 773 774
161 9 2 10 12 99 100 459 124 744 775
162 9 2 10 12 235 410 315 709 776 648
163 9 2 10 12 240 368 307 777 741 778
164 9 2 10 12 224 308 453 779 764 780
165 9 2 10 12 353 437 454 773 781 782
166 9 2 10 12 291 394 455 783 784 785
167 9 2 10 12 345 519 539 786 787 788
168 9 2 10 12 226 496 313 665 770 789
169 9 2 10 12 19 478 346 790 791 792
170 9 2 10 12 275 425 313 793 794 769
171 9 2 10 12 232 289 507 674 795 796
172 9 2 10 12 240 364 544 797 798 747
173 9 2 10 12 241 545 365 752 799 800
174 9 2 10 12 226 499 457 679 801 666
175 9 2 10 12 227 456 500 653 802 803
176 9 2 10 12 244 295 421 804 805 806
177 9 2 10 12 235 482 302 807 808 707
178 9 2 10 12 299 523 484 724 809 662
179 9 2 10 12 215 301 493 702 810 811
180 9 2 10 12 89 436 362 812 813 814
181 9 2 10 12 296 462 475 815 757 816
182 9 2 10 12 257 308 429 765 817 818
183 9 2 10 12 56 57 365 81 819 820
184 9 2 10 12 104 105 364 129 821 822
185 9 2 10 12 249 455 394 823 784 824
186 9 2 10 12 230 389 312 825 670 826
187 9 2 10 12 98 459 334 827 828 829
188 9 2 10 12 317 593 381 830 831 832
189 9 2 10 12 240 307 378 778 833 834
190 9 2 10 12 265 319 447 835 836 837
191 9 2 10 12 266 448 320 838 839 840
192 9 2 10 12 51 309 398 655 841 842
193 9 2 10 12 110 399 310 843 844 656
194 9 2 10 12 158 410 583 845 846 847
195 9 2 10 12 211 578 348 726 848 633
196 9 2 10 12 5 335 121 849 850 146
197 9 2 10 12 239 381 593 851 831 852
198 9 2 10 12 19 20 478 34 853 790
199 9 2 10 12 57 490 365 854 855 819
200 9 2 10 12 104 364 489 822 856 857
201 9 2 10 12 212 366 352 858 859 860
202 9 2 10 12 242 443 300 861 862 863
203 9 2 10 12 89 90 436 94 864 812
204 9 2 10 12 238 604 380 668 865 866
205 9 2 10 12 217 497 316 867 868 869
206 9 2 10 12 287 556 438 870 721 871
207 9 2 10 12 286 387 464 872 731 873
208 9 2 10 12 285 465 386 874 734 875
209 9 2 10 12 98 99 459 123 775 827
210 9 2 10 12 244 469 295 876 877 804
211 9 2 10 12 341 358 483 718 878 879
212 9 2 10 12 224 463 308 880 881 779
213 9 2 10 12 226 313 391 789 882 677
214 9 2 10 12 329 380 604 883 865 884
215 9 2 10 12 278 316 497 695 868 885
216 9 2 10 12 302 482 576 808 886 887
217 9 2 10 12 264 329 604 888 884 889
218 9 2 10 12 236 519 345 890 786 891
219 9 2 10 12 276 403 375 892 893 894
220 9 2 10 12 277 376 404 895 896 897
221 9 2 10 12 243 326 625 898 899 900
222 9 2 10 12 212 352 455 860 901 902
223 9 2 10 12 280 416 336 903 904 905
224 9 2 10 12 264 604 351 889 659 906
225 9 2 10 12 230 312 437 826 759 772
226 9 2 10 12 253 303 431 907 908 909
227 9 2 10 12 265 471 319 910 911 835
228 9 2 10 12 52 509 309 912 913 654
229 9 2 10 12 109 310 508 657 914 915
230 9 2 10 12 243 370 461 729 916 917
231 9 2 10 12 256 388 357 918 919 920
232 9 2 10 12 336 416 494 904 921 922
233 9 2 10 12 243 625 338 900 635 727
234 9 2 10 12 255 426 542 923 924 766
235 9 2 10 12 18 323 422 925 926 927
236 9 2 10 12 44 45 387 69 732 928
237 9 2 10 12 116 117 386 141 929 733
238 9 2 10 12 263 487 311 930 931 753
239 9 2 10 12 275 484 523 932 809 933
240 9 2 10 12 229 402 411 934 935 936
241 9 2 10 12 213 476 312 937 938 669
242 9 2 10 12 238 492 306 939 940 667
243 9 2 10 12 277 404 384 897 941 942
244 9 2 10 12 216 384 404 943 941 944
245 9 2 10 12 250 404 376 945 896 946
246 9 2 10 12 251 375 403 947 893 948
247 9 2 10 12 219 556 414 722 949 950
248 9 2 10 12 242 593 317 951 830 952
249 9 2 10 12 242 300 527 863 953 954
250 9 2 10 12 302 583 410 955 846 708
251 9 2 10 12 121 335 447 850 956 957
252 9 2 10 12 307 367 552 739 958 959
253 9 2 10 12 228 319 471 960 911 961
254 9 2 10 12 232 586 481 962 963 672
255 9 2 10 12 212 455 377 902 964 965
256 9 2 10 12 158 159 410 173 966 845
257 9 2 10 12 257 357 388 967 919 968
258 9 2 10 12 218 395 371 969 970 971
259 9 2 10 12 266 371 395 972 970 973
260 9 2 10 12 285 539 519 974 787 975
261 9 2 10 12 241 552 367 976 958 977
262 9 2 10 12 288 373 475 978 979 980
263 9 2 10 12 265 335 408 981 982 983
264 9 2 10 12 283 411 402 984 935 985
265 9 2 10 12 246 512 399 986 987 988
266 9 2 10 12 247 398 513 989 990 991
267 9 2 10 12 244 323 469 992 993 876
268 9 2 10 12 21 400 478 994 995 996
269 9 2 10 12 223 318 435 997 998 999
270 9 2 10 12 288 564 373 1000 1001 978
271 9 2 10 12 272 377 340 1002 1003 1004
272 9 2 10 12 262 437 382 1005 758 1006
273 9 2 10 12 355 445 505 1007 1008 1009
274 9 2 10 12 261 445 355 1010 1007 1011
275 9 2 10 12 249 394 599 824 1012 1013
276 9 2 10 12 249 599 363 1013 1014 1015
277 9 2 10 12 242 370 338 1016 728 683
278 9 2 10 12 588 439 233 1017 1018 1019
279 9 2 10 12 269 312 476 699 938 1020
280 9 2 10 12 239 366 520 1021 1022 1023
281 9 2 10 12 242 317 443 952 1024 861
282 9 2 10 12 310 399 512 844 987 1025
283 9 2 10 12 309 513 398 1026 990 841
284 9 2 10 12 213 389 530 671 1027 1028
285 9 2 10 12 271 390 392 1029 1030 1031
286 9 2 10 12 267 515 419 1032 1033 1034
287 9 2 10 12 294 457 499 1035 801 1036
288 9 2 10 12 293 500 456 1037 802 1038
289 9 2 10 12 245 392 390 1039 1030 1040
290 9 2 10 12 217 316 466 869 1041 1042
291 9 2 10 12 61 62 361 86 1043 1044
292 9 2 10 12 253 460 303 1045 1046 907
293 9 2 10 12 10 394 525 1047 1048 1049
294 9 2 10 12 311 487 445 931 1050 1051
295 9 2 10 12 244 421 481 806 1052 1053
296 9 2 10 12 236 345 397 891 1054 646
297 9 2 10 12 225 445 487 1055 1050 1056
298 9 2 10 12 20 21 478 35 996 853
299 9 2 10 12 248 361 570 1057 1058 1059
300 9 2 10 12 283 446 542 1060 767 1061
301 9 2 10 12 227 473 425 1062 1063 1064
302 9 2 10 12 243 576 482 1065 886 1066
303 9 2 10 12 53 449 331 1067 1068 1069
304 9 2 10 12 108 332 450 1070 1071 1072
305 9 2 10 12 331 439 588 1073 1017 1074
306 9 2 10 12 245 494 392 1075 1076 1039
307 9 2 10 12 216 378 384 1077 1078 943
308 9 2 10 12 321 473 537 1079 1080 1081
309 9 2 10 12 392 494 497 1076 1082 1083
310 9 2 10 12 209 484 397 663 1084 1085
311 9 2 10 12 244 422 323 1086 926 992
312 9 2 10 12 11 477 363 1087 1088 1089
313 9 2 10 12 223 460 318 1090 1091 997
314 9 2 10 12 2 40 347 64 1092 1093
315 9 2 10 12 190 516 568 1094 1095 1096
316 9 2 10 12 249 340 377 1097 1003 1098
317 9 2 10 12 248 570 362 1059 1099 1100
318 9 2 10 12 266 320 488 840 1101 1102
319 9 2 10 12 281 400 427 1103 1104 1105
320 9 2 10 12 301 454 565 701 1106 1107
321 9 2 10 12 247 537 473 1108 1080 1109
322 9 2 10 12 251 385 375 1110 711 947
323 9 2 10 12 260 342 560 1111 1112 1113
324 9 2 10 12 259 559 343 1114 1115 1116
325 9 2 10 12 311 595 444 1117 1118 754
326 9 2 10 12 321 425 473 1119 1063 1079
327 9 2 10 12 328 513 579 1120 1121 1122
328 9 2 10 12 313 555 442 1123 1124 1125
329 9 2 10 12 298 397 484 664 1084 1126
330 9 2 10 12 289 481 421 673 1052 1127
331 9 2 10 12 210 328 571 1128 1129 1130
332 9 2 10 12 101 102 385 126 712 1131
333 9 2 10 12 228 485 319 1132 1133 960
334 9 2 10 12 229 320 486 1134 1135 1136
335 9 2 10 12 245 415 336 1137 1138 1139
336 9 2 10 12 216 330 403 1140 1141 1142
337 9 2 10 12 216 404 330 944 1143 1140
338 9 2 10 12 366 420 520 1144 1145 1022
339 9 2 10 12 229 488 320 1146 1101 1134
340 9 2 10 12 234 512 327 1147 1148 1149
341 9 2 10 12 250 356 409 1150 1151 1152
342 9 2 10 12 261 427 400 1153 1104 1154
343 9 2 10 12 61 361 531 1044 1155 1156
344 9 2 10 12 10 202 394 204 1157 1047
345 9 2 10 12 59 60 356 84 1158 1159
346 9 2 10 12 147 148 372 162 1160 1161
347 9 2 10 12 235 467 326 1162 1163 1164
348 9 2 10 12 114 115 359 139 1165 1166
349 9 2 10 12 46 47 360 71 1167 1168
350 9 2 10 12 242 348 593 684 1169 951
351 9 2 10 12 210 537 328 1170 1171 1128
352 9 2 10 12 265 447 335 837 956 981
353 9 2 10 12 101 385 524 1131 1172 1173
354 9 2 10 12 246 442 327 1174 1175 1176
355 9 2 10 12 579 513 233 1121 1177 1178
356 9 2 10 12 297 419 515 1179 1033 1180
357 9 2 10 12 302 576 407 887 1181 1182
358 9 2 10 12 23 595 383 1183 1184 1185
359 9 2 10 12 248 325 569 1186 641 1187
360 9 2 10 12 396 514 495 1188 1189 1190
361 9 2 10 12 235 326 482 1164 1191 807
362 9 2 10 12 250 330 404 1192 1143 945
363 9 2 10 12 251 403 330 948 1141 1193
364 9 2 10 12 315 568 516 1194 1095 649
365 9 2 10 12 263 347 395 1195 1196 1197
366 9 2 10 12 292 571 328 1198 1129 1199
367 9 2 10 12 215 591 318 1200 1201 1202
368 9 2 10 12 53 331 509 1069 1203 1204
369 9 2 10 12 108 508 332 1205 1206 1070
370 9 2 10 12 11 12 477 26 696 1087
371 9 2 10 12 239 578 366 1207 1208 1021
372 9 2 10 12 150 151 357 165 1209 1210
373 9 2 10 12 148 620 372 1211 1212 1160
374 9 2 10 12 279 514 396 1213 1188 1214
375 9 2 10 12 260 612 342 1215 1216 1111
376 9 2 10 12 259 343 613 1116 1217 1218
377 9 2 10 12 266 395 347 973 1196 1219
378 9 2 10 12 259 449 559 1220 1221 1114
379 9 2 10 12 260 560 450 1113 1222 1223
380 9 2 10 12 288 630 345 1224 1225 1226
381 9 2 10 12 248 436 325 1227 1228 1186
382 9 2 10 12 259 439 331 1229 1073 1230
383 9 2 10 12 215 318 535 1202 1231 1232
384 9 2 10 12 304 391 601 714 1233 1234
385 9 2 10 12 210 555 537 1235 1236 1170
386 9 2 10 12 284 409 356 1237 1151 1238
387 9 2 10 12 276 489 364 1239 856 1240
388 9 2 10 12 277 365 490 1241 855 1242
389 9 2 10 12 234 327 616 1149 1243 1244
390 9 2 10 12 329 607 380 1245 1246 883
391 9 2 10 12 210 442 555 1247 1124 1235
392 9 2 10 12 292 328 579 1199 1122 1248
393 9 2 10 12 119 628 405 1249 1250 1251
394 9 2 10 12 42 406 629 1252 1253 1254
395 9 2 10 12 258 408 335 1255 982 1256
396 9 2 10 12 291 525 394 1257 1048 783
397 9 2 10 12 284 531 361 1258 1155 1259
398 9 2 10 12 319 628 447 1260 1261 836
399 9 2 10 12 320 448 629 839 1262 1263
400 9 2 10 12 264 618 329 1264 1265 888
401 9 2 10 12 220 461 370 1266 916 1267
402 9 2 10 12 251 330 414 1193 1268 1269
403 9 2 10 12 22 23 383 37 1185 1270
404 9 2 10 12 230 322 506 1271 1272 1273
405 9 2 10 12 17 18 422 32 927 1274
406 9 2 10 12 311 383 595 1275 1184 1117
407 9 2 10 12 292 579 341 1248 1276 1277
408 9 2 10 12 306 366 578 1278 1208 725
409 9 2 10 12 155 339 501 1279 1280 1281
410 9 2 10 12 239 520 381 1023 1282 851
411 9 2 10 12 352 366 492 859 1283 1284
412 9 2 10 12 321 537 555 1081 1236 1285
413 9 2 10 12 246 327 512 1176 1148 986
414 9 2 10 12 268 420 344 1286 1287 1288
415 9 2 10 12 230 521 322 1289 1290 1271
416 9 2 10 12 278 494 416 1291 921 1292
417 9 2 10 12 221 440 550 1293 688 1294
418 9 2 10 12 233 341 579 1295 1276 1178
419 9 2 10 12 378 552 384 1296 1297 1078
420 9 2 10 12 254 393 438 1298 1299 1300
421 9 2 10 12 264 333 451 1301 1302 1303
422 9 2 10 12 322 521 431 1290 1304 1305
423 9 2 10 12 218 336 415 1306 1138 1307
424 9 2 10 12 308 372 620 1308 1212 1309
425 9 2 10 12 292 341 483 1277 879 1310
426 9 2 10 12 98 334 587 829 1311 1312
427 9 2 10 12 254 334 459 638 828 1313
428 9 2 10 12 222 540 441 1314 691 1315
429 9 2 10 12 319 405 628 1316 1250 1260
430 9 2 10 12 320 629 406 1263 1253 1317
431 9 2 10 12 7 575 381 1318 1319 1320
432 9 2 10 12 118 119 405 143 1251 1321
433 9 2 10 12 42 43 406 67 1322 1252
434 9 2 10 12 286 418 441 1323 1324 1325
435 9 2 10 12 243 482 326 1066 1191 898
436 9 2 10 12 5 432 335 1326 1327 849
437 9 2 10 12 316 349 623 761 1328 1329
438 9 2 10 12 287 438 393 871 1299 1330
439 9 2 10 12 219 529 409 1331 1332 1333
440 9 2 10 12 289 417 507 1334 1335 795
441 9 2 10 12 219 414 529 950 1336 1331
442 9 2 10 12 249 477 340 1337 682 1097
443 9 2 10 12 190 191 516 193 743 1094
444 9 2 10 12 264 467 333 1338 1339 1301
445 9 2 10 12 2 347 444 1093 1340 1341
446 9 2 10 12 235 333 467 716 1339 1162
447 9 2 10 12 250 582 356 1342 1343 1150
448 9 2 10 12 263 444 347 755 1340 1195
449 9 2 10 12 252 502 337 1344 1345 1346
450 9 2 10 12 40 448 347 1347 1348 1092
451 9 2 10 12 258 335 432 1256 1327 1349
452 9 2 10 12 314 481 586 1350 963 1351
453 9 2 10 12 257 429 357 818 1352 967
454 9 2 10 12 345 630 397 1225 1353 1054
455 9 2 10 12 213 427 355 1354 1355 1356
456 9 2 10 12 297 435 434 1357 1358 1359
457 9 2 10 12 260 332 554 1360 1361 1362
458 9 2 10 12 211 428 351 1363 1364 685
459 9 2 10 12 256 434 435 1365 1358 1366
460 9 2 10 12 325 572 334 1367 1368 640
461 9 2 10 12 222 441 418 1315 1324 1369
462 9 2 10 12 308 463 372 881 1370 1308
463 9 2 10 12 268 344 507 1288 1371 1372
464 9 2 10 12 259 331 449 1230 1068 1220
465 9 2 10 12 260 450 332 1223 1071 1360
466 9 2 10 12 418 518 624 1373 1374 1375
467 9 2 10 12 253 431 521 909 1304 1376
468 9 2 10 12 266 347 448 1219 1348 838
469 9 2 10 12 18 546 323 1377 1378 925
470 9 2 10 12 46 360 464 1168 1379 1380
471 9 2 10 12 115 465 359 1381 1382 1165
472 9 2 10 12 150 357 429 1210 1352 1383
473 9 2 10 12 9 451 333 1384 1302 737
474 9 2 10 12 282 426 433 1385 1386 1387
475 9 2 10 12 313 425 555 794 1388 1123
476 9 2 10 12 53 54 449 78 1389 1067
477 9 2 10 12 107 108 450 132 1072 1390
478 9 2 10 12 220 526 461 1391 1392 1266
479 9 2 10 12 313 442 391 1125 1393 882
480 9 2 10 12 255 373 564 1394 1001 1395
481 9 2 10 12 212 344 420 1396 1287 1397
482 9 2 10 12 265 408 466 983 1398 1399
483 9 2 10 12 250 529 330 1400 1401 1192
484 9 2 10 12 262 454 437 1402 781 1005
485 9 2 10 12 233 439 341 1018 1403 1295
486 9 2 10 12 288 345 585 1226 1404 1405
487 9 2 10 12 317 381 575 832 1319 1406
488 9 2 10 12 291 455 352 785 901 1407
489 9 2 10 12 287 524 385 1408 1172 1409
490 9 2 10 12 296 475 373 816 979 1410
491 9 2 10 12 250 376 582 946 1411 1342
492 9 2 10 12 249 363 477 1015 1088 1337
493 9 2 10 12 360 533 606 1412 1413 1414
494 9 2 10 12 359 605 532 1415 1416 1417
495 9 2 10 12 255 433 426 1418 1386 923
496 9 2 10 12 252 337 530 1346 1419 1420
497 9 2 10 12 261 355 427 1011 1355 1153
498 9 2 10 12 219 567 369 1421 1422 1423
499 9 2 10 12 232 507 344 796 1371 1424
500 9 2 10 12 246 601 391 1425 1233 1426
501 9 2 10 12 262 565 454 1427 1106 1402
502 9 2 10 12 240 342 612 749 1216 1428
503 9 2 10 12 241 613 343 1429 1217 750
504 9 2 10 12 318 460 535 1091 1430 1231
505 9 2 10 12 154 155 501 169 1281 1431
506 9 2 10 12 233 513 588 1177 1432 1019
507 9 2 10 12 234 589 512 1433 1434 1147
508 9 2 10 12 286 518 418 1435 1373 1323
509 9 2 10 12 272 340 470 1004 1436 1437
510 9 2 10 12 253 535 460 1438 1430 1045
511 9 2 10 12 281 528 346 1439 1440 1441
512 9 2 10 12 8 413 590 1442 1443 1444
513 9 2 10 12 60 531 356 1445 1446 1158
514 9 2 10 12 218 536 336 1447 1448 1306
515 9 2 10 12 114 359 532 1166 1417 1449
516 9 2 10 12 47 533 360 1450 1412 1167
517 9 2 10 12 264 351 428 906 1364 1451
518 9 2 10 12 214 341 503 719 1452 1453
519 9 2 10 12 225 505 445 1454 1008 1055
520 9 2 10 12 245 336 494 1139 922 1075
521 9 2 10 12 252 581 374 1455 1456 1457
522 9 2 10 12 300 452 472 1458 1459 1460
523 9 2 10 12 50 51 398 75 842 1461
524 9 2 10 12 110 111 399 135 1462 843
525 9 2 10 12 15 350 626 1463 1464 1465
526 9 2 10 12 284 356 531 1238 1446 1258
527 9 2 10 12 106 560 342 1466 1112 1467
528 9 2 10 12 55 343 559 1468 1115 1469
529 9 2 10 12 270 472 452 1470 1459 1471
530 9 2 10 12 155 517 339 1472 1473 1279
531 9 2 10 12 318 591 435 1201 1474 998
532 9 2 10 12 284 361 458 1259 1475 1476
533 9 2 10 12 280 336 536 905 1448 1477
534 9 2 10 12 326 467 428 1163 1478 1479
535 9 2 10 12 58 582 376 1480 1411 1481
536 9 2 10 12 254 438 369 1300 1482 1483
537 9 2 10 12 178 566 374 1484 1485 1486
538 9 2 10 12 242 527 370 954 1487 1016
539 9 2 10 12 248 362 436 1100 813 1227
540 9 2 10 12 311 445 383 1051 1488 1275
541 9 2 10 12 308 620 429 1309 1489 817
542 9 2 10 12 13 470 340 1490 1436 681
543 9 2 10 12 230 353 521 774 1491 1289
544 9 2 10 12 108 109 508 133 915 1205
545 9 2 10 12 52 53 509 77 1204 912
546 9 2 10 12 106 342 544 1467 748 1492
547 9 2 10 12 55 545 343 1493 751 1468
548 9 2 10 12 237 456 462 1494 1495 1496
549 9 2 10 12 322 590 413 1497 1443 1498
550 9 2 10 12 240 491 364 1499 1500 797
551 9 2 10 12 212 420 366 1397 1144 858
552 9 2 10 12 63 362 570 1501 1099 1502
553 9 2 10 12 252 413 581 1503 1504 1455
554 9 2 10 12 219 369 438 1423 1482 720
555 9 2 10 12 234 483 554 1505 1506 1507
556 9 2 10 12 215 535 353 1232 1508 1509
557 9 2 10 12 272 350 498 1510 1511 1512
558 9 2 10 12 281 346 478 1441 791 1513
559 9 2 10 12 240 612 368 1428 1514 777
560 9 2 10 12 241 367 613 977 1515 1429
561 9 2 10 12 263 563 354 1516 1517 1518
562 9 2 10 12 411 542 557 1519 1520 1521
563 9 2 10 12 213 355 476 1356 1522 937
564 9 2 10 12 358 621 554 1523 1524 1525
565 9 2 10 12 213 530 337 1028 1419 1526
566 9 2 10 12 256 357 592 920 1527 1528
567 9 2 10 12 48 49 424 73 1529 1530
568 9 2 10 12 112 113 423 137 1531 1532
569 9 2 10 12 271 511 558 1533 1534 1535
570 9 2 10 12 59 356 582 1159 1343 1536
571 9 2 10 12 246 391 442 1426 1393 1174
572 9 2 10 12 299 462 456 676 1495 652
573 9 2 10 12 283 542 411 1061 1519 984
574 9 2 10 12 247 473 600 1109 1537 1538
575 9 2 10 12 293 606 533 1539 1413 1540
576 9 2 10 12 294 532 605 1541 1416 1542
577 9 2 10 12 215 493 388 811 1543 1544
578 9 2 10 12 147 372 432 1161 1545 1546
579 9 2 10 12 184 553 452 1547 1548 1549
580 9 2 10 12 49 548 424 1550 1551 1529
581 9 2 10 12 112 423 549 1532 1552 1553
582 9 2 10 12 210 571 442 1130 1554 1247
583 9 2 10 12 258 432 372 1349 1545 1555
584 9 2 10 12 263 354 487 1518 1556 930
585 9 2 10 12 248 458 361 1557 1475 1057
586 9 2 10 12 58 59 582 83 1536 1480
587 9 2 10 12 215 388 591 1544 1558 1200
588 9 2 10 12 621 260 554 1559 1362 1524
589 9 2 10 12 215 353 454 1509 782 700
590 9 2 10 12 222 373 446 1560 1561 1562
591 9 2 10 12 358 554 483 1525 1506 878
592 9 2 10 12 232 344 498 1424 1563 1564
593 9 2 10 12 241 365 627 800 1565 1566
594 9 2 10 12 258 372 463 1555 1370 1567
595 9 2 10 12 231 528 502 1568 1569 1570
596 9 2 10 12 214 621 358 1571 1523 717
597 9 2 10 12 276 364 491 1240 1500 1572
598 9 2 10 12 272 626 350 1573 1464 1510
599 9 2 10 12 291 352 580 1407 1574 1575
600 9 2 10 12 324 558 511 1576 1534 1577
601 9 2 10 12 319 485 405 1133 1578 1316
602 9 2 10 12 320 406 486 1317 1579 1135
603 9 2 10 12 337 502 528 1345 1569 1580
604 9 2 10 12 267 501 597 1581 1582 1583
605 9 2 10 12 613 503 259 1584 1585 1218
606 9 2 10 12 327 442 571 1175 1554 1586
607 9 2 10 12 267 412 430 1587 1588 1589
608 9 2 10 12 269 476 355 1020 1522 1590
609 9 2 10 12 213 337 596 1526 1591 1592
610 9 2 10 12 303 553 431 1593 1594 908
611 9 2 10 12 267 430 515 1589 1595 1032
612 9 2 10 12 214 368 621 742 1596 1571
613 9 2 10 12 196 607 618 1597 1598 1599
614 9 2 10 12 367 503 613 1600 1584 1515
615 9 2 10 12 295 374 566 1601 1485 1602
616 9 2 10 12 248 569 369 1187 1603 1604
617 9 2 10 12 258 463 379 1567 1605 1606
618 9 2 10 12 255 446 373 768 1561 1394
619 9 2 10 12 252 374 502 1457 1607 1344
620 9 2 10 12 63 598 362 1608 1609 1501
621 9 2 10 12 272 504 377 1610 1611 1002
622 9 2 10 12 279 611 354 1612 1613 1614
623 9 2 10 12 223 551 460 1615 1616 1090
624 9 2 10 12 269 355 505 1590 1009 1617
625 9 2 10 12 285 386 440 875 1618 1619
626 9 2 10 12 286 441 387 1325 1620 872
627 9 2 10 12 151 152 592 166 1621 1622
628 9 2 10 12 151 592 357 1622 1527 1209
629 9 2 10 12 183 431 553 1623 1594 1624
630 9 2 10 12 314 510 522 1625 1626 1627
631 9 2 10 12 50 398 548 1461 1628 1629
632 9 2 10 12 111 549 399 1630 1631 1462
633 9 2 10 12 305 424 548 1632 1551 1633
634 9 2 10 12 304 549 423 1634 1552 1635
635 9 2 10 12 11 363 609 1089 1636 1637
636 9 2 10 12 252 389 506 1638 1639 1640
637 9 2 10 12 212 504 344 1641 1642 1396
638 9 2 10 12 279 354 602 1614 1643 1644
639 9 2 10 12 19 346 546 792 1645 1646
640 9 2 10 12 58 376 490 1481 1647 1648
641 9 2 10 12 103 489 375 1649 1650 762
642 9 2 10 12 221 433 585 1651 1652 1653
643 9 2 10 12 15 510 350 1654 1655 1463
644 9 2 10 12 105 544 364 1656 798 821
645 9 2 10 12 56 365 545 820 799 1657
646 9 2 10 12 334 572 587 1368 1658 1311
647 9 2 10 12 153 154 419 168 1659 1660
648 9 2 10 12 303 460 551 1046 1616 1661
649 9 2 10 12 339 597 501 1662 1582 1280
650 9 2 10 12 14 15 626 29 1465 1663
651 9 2 10 12 248 369 458 1604 1664 1557
652 9 2 10 12 217 408 608 1665 1666 1667
653 9 2 10 12 307 552 378 959 1296 833
654 9 2 10 12 92 587 572 1668 1658 1669
655 9 2 10 12 214 503 367 1453 1600 738
656 9 2 10 12 433 564 585 1670 1671 1652
657 9 2 10 12 273 440 386 704 1618 1672
658 9 2 10 12 274 387 441 1673 1620 705
659 9 2 10 12 264 451 618 1303 1674 1264
660 9 2 10 12 5 147 432 161 1546 1326
661 9 2 10 12 261 383 445 1675 1488 1010
662 9 2 10 12 249 377 455 1098 964 823
663 9 2 10 12 220 370 527 1267 1487 1676
664 9 2 10 12 152 434 592 1677 1678 1621
665 9 2 10 12 369 567 458 1422 1679 1664
666 9 2 10 12 16 522 510 1680 1626 1681
667 9 2 10 12 256 435 591 1366 1474 1682
668 9 2 10 12 149 150 429 164 1383 1683
669 9 2 10 12 245 562 415 1684 1685 1137
670 9 2 10 12 270 430 412 1686 1588 1687
671 9 2 10 12 253 521 535 1376 1688 1438
672 9 2 10 12 224 379 463 1689 1605 880
673 9 2 10 12 306 492 366 940 1283 1278
674 9 2 10 12 452 553 603 1548 1690 1691
675 9 2 10 12 232 498 586 1564 1692 962
676 9 2 10 12 237 624 518 1693 1374 1694
677 9 2 10 12 62 570 361 1695 1058 1043
678 9 2 10 12 277 627 365 1696 1565 1241
679 9 2 10 12 266 488 371 1102 1697 972
680 9 2 10 12 89 362 598 814 1609 1698
681 9 2 10 12 261 534 383 1699 1700 1675
682 9 2 10 12 268 561 381 1701 1702 1703
683 9 2 10 12 195 196 618 199 1599 1704
684 9 2 10 12 276 375 489 894 1650 1239
685 9 2 10 12 277 490 376 1242 1647 895
686 9 2 10 12 352 492 580 1284 1705 1574
687 9 2 10 12 212 377 504 965 1611 1641
688 9 2 10 12 271 468 379 1706 1707 1708
689 9 2 10 12 211 625 428 632 1709 1363
690 9 2 10 12 238 580 492 1710 1705 939
691 9 2 10 12 178 374 581 1486 1456 1711
692 9 2 10 12 62 63 570 87 1502 1695
693 9 2 10 12 263 395 563 1197 1712 1516
694 9 2 10 12 346 528 622 1440 1713 1714
695 9 2 10 12 2 444 24 1341 1715 39
696 9 2 10 12 271 392 468 1031 1716 1706
697 9 2 10 12 197 380 607 1717 1246 1718
698 9 2 10 12 353 535 521 1508 1688 1491
699 9 2 10 12 57 58 490 82 1648 854
700 9 2 10 12 103 104 489 128 857 1649
701 9 2 10 12 120 121 447 145 957 1719
702 9 2 10 12 40 41 448 65 1720 1347
703 9 2 10 12 262 382 474 1006 1721 1722
704 9 2 10 12 290 526 517 1723 1724 1725
705 9 2 10 12 217 468 392 1726 1716 1727
706 9 2 10 12 252 506 413 1640 1728 1503
707 9 2 10 12 254 459 393 1313 746 1298
708 9 2 10 12 329 618 607 1265 1598 1245
709 9 2 10 12 218 371 536 971 1729 1447
710 9 2 10 12 7 381 561 1320 1702 1730
711 9 2 10 12 339 517 526 1473 1724 1731
712 9 2 10 12 350 586 498 1732 1692 1511
713 9 2 10 12 240 378 491 834 1733 1499
714 9 2 10 12 217 608 468 1667 1734 1726
715 9 2 10 12 117 479 386 1735 1736 929
716 9 2 10 12 44 387 480 928 1737 1738
717 9 2 10 12 231 622 528 1739 1713 1568
718 9 2 10 12 261 400 534 1154 1740 1699
719 9 2 10 12 269 495 382 1741 1742 697
720 9 2 10 12 281 478 400 1513 995 1103
721 9 2 10 12 305 473 500 1743 1744 1745
722 9 2 10 12 207 474 382 1746 1721 1747
723 9 2 10 12 359 465 519 1382 1748 1749
724 9 2 10 12 360 518 464 1750 1751 1379
725 9 2 10 12 326 428 625 1479 1709 899
726 9 2 10 12 217 466 408 1042 1398 1665
727 9 2 10 12 280 536 371 1477 1729 1752
728 9 2 10 12 271 379 511 1708 1753 1533
729 9 2 10 12 43 44 480 68 1738 1754
730 9 2 10 12 117 118 479 142 1755 1735
731 9 2 10 12 9 195 451 198 1756 1384
732 9 2 10 12 207 558 474 1757 1758 1746
733 9 2 10 12 155 156 517 170 1759 1472
734 9 2 10 12 238 380 580 866 1760 1710
735 9 2 10 12 225 487 611 1056 1761 1762
736 9 2 10 12 227 500 473 803 1744 1062
737 9 2 10 12 324 474 558 1763 1758 1576
738 9 2 10 12 270 412 472 1687 1764 1470
739 9 2 10 12 280 371 538 1752 1765 1766
740 9 2 10 12 224 511 379 1767 1753 1689
741 9 2 10 12 45 46 464 70 1380 730
742 9 2 10 12 115 116 465 140 735 1381
743 9 2 10 12 254 369 569 1483 1603 639
744 9 2 10 12 251 556 385 1768 1769 1110
745 9 2 10 12 322 413 506 1498 1728 1272
746 9 2 10 12 222 610 373 1770 1771 1560
747 9 2 10 12 341 439 503 1403 1772 1452
748 9 2 10 12 273 386 479 1672 1736 1773
749 9 2 10 12 274 480 387 1774 1737 1673
750 9 2 10 12 6 568 160 1775 1776 175
751 9 2 10 12 6 190 568 192 1096 1775
752 9 2 10 12 196 197 607 200 1718 1597
753 9 2 10 12 203 609 599 1777 1778 1779
754 9 2 10 12 223 435 515 999 1780 1781
755 9 2 10 12 354 611 487 1613 1761 1556
756 9 2 10 12 207 382 495 1747 1742 1782
757 9 2 10 12 245 390 562 1040 1783 1684
758 9 2 10 12 13 14 470 28 1784 1490
759 9 2 10 12 216 573 378 1785 1786 1077
760 9 2 10 12 149 429 620 1683 1489 1787
761 9 2 10 12 291 580 380 1575 1760 1788
762 9 2 10 12 309 588 513 1789 1432 1026
763 9 2 10 12 310 512 589 1025 1434 1790
764 9 2 10 12 363 599 609 1014 1778 1636
765 9 2 10 12 399 549 601 1631 1791 1792
766 9 2 10 12 398 600 548 1793 1794 1628
767 9 2 10 12 297 574 419 1795 1796 1179
768 9 2 10 12 298 484 496 1126 1797 642
769 9 2 10 12 268 417 561 1798 1799 1701
770 9 2 10 12 21 22 534 36 1800 1801
771 9 2 10 12 21 534 400 1801 1740 994
772 9 2 10 12 269 505 396 1617 1802 1803
773 9 2 10 12 321 555 425 1285 1388 1119
774 9 2 10 12 220 472 412 1804 1764 1805
775 9 2 10 12 91 92 572 96 1669 1806
776 9 2 10 12 282 547 617 1807 1808 1809
777 9 2 10 12 197 525 380 1810 1811 1717
778 9 2 10 12 271 558 390 1535 1812 1029
779 9 2 10 12 349 617 547 1813 1808 1814
780 9 2 10 12 294 423 532 1815 1816 1541
781 9 2 10 12 293 533 424 1540 1817 1818
782 9 2 10 12 184 615 185 1819 1820 188
783 9 2 10 12 296 373 610 1410 1771 1821
784 9 2 10 12 287 385 556 1409 1769 870
785 9 2 10 12 295 614 374 1822 1823 1601
786 9 2 10 12 105 106 544 130 1492 1656
787 9 2 10 12 55 56 545 80 1657 1493
788 9 2 10 12 228 401 485 1824 1825 1132
789 9 2 10 12 229 486 402 1136 1826 934
790 9 2 10 12 278 497 494 885 1082 1291
791 9 2 10 12 247 513 537 991 1827 1108
792 9 2 10 12 269 396 495 1803 1190 1741
793 9 2 10 12 113 532 423 1828 1816 1531
794 9 2 10 12 48 424 533 1530 1817 1829
795 9 2 10 12 275 496 484 771 1797 932
796 9 2 10 12 100 524 393 1830 1831 745
797 9 2 10 12 258 379 608 1606 1832 1833
798 9 2 10 12 291 380 525 1788 1811 1257
799 9 2 10 12 24 444 595 1715 1118 1834
800 9 2 10 12 305 600 473 1835 1537 1743
801 9 2 10 12 120 447 628 1719 1261 1836
802 9 2 10 12 41 629 448 1837 1262 1720
803 9 2 10 12 273 405 485 1838 1578 1839
804 9 2 10 12 274 486 406 1840 1579 1841
805 9 2 10 12 230 506 389 1273 1639 825
806 9 2 10 12 273 485 401 1839 1825 703
807 9 2 10 12 274 402 486 706 1826 1840
808 9 2 10 12 217 392 497 1727 1083 867
809 9 2 10 12 627 552 241 1842 976 1566
810 9 2 10 12 257 388 493 968 1543 1843
811 9 2 10 12 100 101 524 125 1173 1830
812 9 2 10 12 252 530 389 1420 1027 1638
813 9 2 10 12 118 405 479 1321 1844 1755
814 9 2 10 12 43 480 406 1754 1845 1322
815 9 2 10 12 290 461 526 1846 1392 1723
816 9 2 10 12 15 16 510 30 1681 1654
817 9 2 10 12 273 479 405 1773 1844 1838
818 9 2 10 12 274 406 480 1841 1845 1774
819 9 2 10 12 207 514 390 1847 1848 1849
820 9 2 10 12 328 537 513 1171 1827 1120
821 9 2 10 12 18 19 546 33 1646 1377
822 9 2 10 12 225 396 505 1850 1802 1454
823 9 2 10 12 297 515 435 1180 1780 1357
824 9 2 10 12 277 384 627 942 1851 1696
825 9 2 10 12 176 417 543 1852 1853 1854
826 9 2 10 12 256 592 434 1528 1678 1365
827 9 2 10 12 7 561 176 1730 1855 179
828 9 2 10 12 207 495 514 1782 1189 1847
829 9 2 10 12 344 504 498 1642 1856 1563
830 9 2 10 12 4 587 92 1857 1668 97
831 9 2 10 12 153 419 574 1660 1796 1858
832 9 2 10 12 287 393 524 1330 1831 1408
833 9 2 10 12 384 552 627 1297 1842 1851
834 9 2 10 12 4 98 587 122 1312 1857
835 9 2 10 12 8 178 581 182 1711 1859
836 9 2 10 12 8 581 413 1859 1504 1442
837 9 2 10 12 22 383 534 1270 1700 1800
838 9 2 10 12 10 525 197 1049 1810 201
839 9 2 10 12 268 381 520 1703 1282 1860
840 9 2 10 12 279 396 611 1214 1861 1612
841 9 2 10 12 228 547 401 1862 1863 1824
842 9 2 10 12 220 412 597 1805 1864 1865
843 9 2 10 12 207 390 558 1849 1812 1757
844 9 2 10 12 256 591 388 1682 1558 918
845 9 2 10 12 202 203 599 205 1779 1866
846 9 2 10 12 156 157 594 171 1867 1868
847 9 2 10 12 236 605 519 1869 1870 890
848 9 2 10 12 237 518 606 1694 1871 1872
849 9 2 10 12 154 501 419 1431 1873 1659
850 9 2 10 12 157 158 583 172 847 1874
851 9 2 10 12 359 519 605 1749 1870 1415
852 9 2 10 12 360 606 518 1414 1871 1750
853 9 2 10 12 276 573 403 1875 1876 892
854 9 2 10 12 250 409 529 1152 1332 1400
855 9 2 10 12 3 89 598 93 1698 1877
856 9 2 10 12 113 114 532 138 1449 1828
857 9 2 10 12 47 48 533 72 1829 1450
858 9 2 10 12 177 421 566 1878 1879 1880
859 9 2 10 12 157 407 594 1881 1882 1867
860 9 2 10 12 60 61 531 85 1156 1445
861 9 2 10 12 290 407 576 1883 1181 1884
862 9 2 10 12 208 617 541 1885 1886 1887
863 9 2 10 12 282 401 547 1888 1863 1807
864 9 2 10 12 157 583 407 1874 1889 1881
865 9 2 10 12 54 55 559 79 1469 1890
866 9 2 10 12 106 107 560 131 1891 1466
867 9 2 10 12 272 498 504 1512 1856 1610
868 9 2 10 12 177 543 421 1892 1893 1878
869 9 2 10 12 264 428 467 1451 1478 1338
870 9 2 10 12 259 503 439 1585 1772 1229
871 9 2 10 12 218 563 395 1894 1712 969
872 9 2 10 12 265 466 471 1399 1895 910
873 9 2 10 12 301 577 453 1896 1897 1898
874 9 2 10 12 290 594 407 1899 1882 1883
875 9 2 10 12 49 50 548 74 1629 1550
876 9 2 10 12 111 112 549 136 1553 1630
877 9 2 10 12 209 397 630 1085 1353 1900
878 9 2 10 12 184 452 615 1549 1901 1819
879 9 2 10 12 16 17 522 31 1902 1680
880 9 2 10 12 3 598 63 1877 1608 88
881 9 2 10 12 227 425 523 1064 1903 723
882 9 2 10 12 316 471 466 1904 1895 1041
883 9 2 10 12 280 411 557 1905 1521 1906
884 9 2 10 12 247 600 398 1538 1793 989
885 9 2 10 12 246 399 601 988 1792 1425
886 9 2 10 12 304 423 499 1635 1907 713
887 9 2 10 12 305 500 424 1745 1908 1632
888 9 2 10 12 225 611 396 1762 1861 1850
889 9 2 10 12 283 402 540 985 692 1909
890 9 2 10 12 267 419 501 1034 1873 1581
891 9 2 10 12 289 543 417 1910 1853 1334
892 9 2 10 12 349 541 617 760 1886 1813
893 9 2 10 12 216 403 573 1142 1876 1785
894 9 2 10 12 282 550 401 1911 687 1888
895 9 2 10 12 294 499 423 1036 1907 1815
896 9 2 10 12 293 424 500 1818 1908 1037
897 9 2 10 12 1 609 203 1912 1777 206
898 9 2 10 12 1 11 609 25 1637 1912
899 9 2 10 12 268 520 420 1860 1145 1286
900 9 2 10 12 176 543 177 1854 1892 180
901 9 2 10 12 224 453 577 780 1897 1913
902 9 2 10 12 280 538 411 1766 1914 1905
903 9 2 10 12 208 541 416 1887 1915 1916
904 9 2 10 12 229 411 538 936 1914 1917
905 9 2 10 12 152 153 574 167 1858 1918
906 9 2 10 12 41 42 629 66 1254 1837
907 9 2 10 12 119 120 628 144 1836 1249
908 9 2 10 12 315 410 584 776 1919 1920
909 9 2 10 12 267 597 412 1583 1864 1587
910 9 2 10 12 330 529 414 1401 1336 1268
911 9 2 10 12 285 440 539 1619 1921 974
912 9 2 10 12 302 407 583 1182 1889 955
913 9 2 10 12 183 553 184 1624 1547 187
914 9 2 10 12 202 599 394 1866 1012 1157
915 9 2 10 12 279 602 415 1644 1922 1923
916 9 2 10 12 218 415 602 1307 1922 1924
917 9 2 10 12 90 91 619 95 1925 1926
918 9 2 10 12 221 585 539 1653 1927 1928
919 9 2 10 12 280 557 416 1906 1929 903
920 9 2 10 12 176 561 417 1855 1799 1852
921 9 2 10 12 159 160 584 174 1930 1931
922 9 2 10 12 177 566 178 1880 1484 181
923 9 2 10 12 279 415 562 1923 1685 1932
924 9 2 10 12 223 430 551 1933 1934 1615
925 9 2 10 12 159 584 410 1931 1919 966
926 9 2 10 12 219 409 567 1333 1935 1421
927 9 2 10 12 23 24 595 38 1834 1183
928 9 2 10 12 268 507 417 1372 1335 1798
929 9 2 10 12 258 608 408 1833 1666 1255
930 9 2 10 12 295 566 421 1602 1879 805
931 9 2 10 12 284 567 409 1936 1935 1237
932 9 2 10 12 148 149 620 163 1787 1211
933 9 2 10 12 278 416 541 1292 1915 693
934 9 2 10 12 208 557 542 1937 1520 1938
935 9 2 10 12 272 470 626 1437 1939 1573
936 9 2 10 12 275 523 425 933 1903 793
937 9 2 10 12 332 589 554 1940 1941 1361
938 9 2 10 12 7 185 575 189 1942 1318
939 9 2 10 12 251 414 556 1269 949 1768
940 9 2 10 12 289 421 543 1127 1893 1910
941 9 2 10 12 345 539 585 788 1927 1404
942 9 2 10 12 220 527 472 1676 1943 1804
943 9 2 10 12 285 519 465 975 1748 874
944 9 2 10 12 286 464 518 873 1751 1435
945 9 2 10 12 213 596 427 1592 1944 1354
946 9 2 10 12 301 453 493 1898 1945 810
947 9 2 10 12 222 446 540 1562 1946 1314
948 9 2 10 12 8 590 183 1444 1947 186
949 9 2 10 12 208 542 426 1938 924 1948
950 9 2 10 12 257 493 453 1843 1945 763
951 9 2 10 12 223 515 430 1781 1595 1933
952 9 2 10 12 208 416 557 1916 1929 1937
953 9 2 10 12 316 623 471 1329 1949 1904
954 9 2 10 12 234 554 589 1507 1941 1433
955 9 2 10 12 390 514 562 1848 1950 1783
956 9 2 10 12 231 469 622 1951 1952 1739
957 9 2 10 12 228 471 623 961 1949 1953
958 9 2 10 12 282 617 426 1809 1954 1385
959 9 2 10 12 183 590 431 1947 1955 1623
960 9 2 10 12 378 573 491 1786 1956 1733
961 9 2 10 12 270 551 430 1957 1934 1686
962 9 2 10 12 244 631 422 1958 1959 1086
963 9 2 10 12 371 488 538 1697 1960 1765
964 9 2 10 12 282 433 550 1387 1961 1911
965 9 2 10 12 221 550 433 1294 1961 1651
966 9 2 10 12 17 422 522 1274 1962 1902
967 9 2 10 12 229 538 488 1917 1960 1146
968 9 2 10 12 222 418 610 1369 1963 1770
969 9 2 10 12 322 431 590 1305 1955 1497
970 9 2 10 12 185 615 443 1820 1964 1965
971 9 2 10 12 323 622 469 1966 1952 993
972 9 2 10 12 220 597 526 1865 1967 1391
973 9 2 10 12 283 540 446 1909 1946 1060
974 9 2 10 12 221 539 440 1928 1921 1293
975 9 2 10 12 255 564 433 1395 1670 1418
976 9 2 10 12 208 426 617 1948 1954 1885
977 9 2 10 12 324 577 565 1968 1969 1970
978 9 2 10 12 297 434 574 1359 1971 1795
979 9 2 10 12 90 619 436 1926 1972 864
980 9 2 10 12 296 610 418 1821 1963 1973
981 9 2 10 12 281 427 596 1105 1944 1974
982 9 2 10 12 374 614 502 1823 1975 1607
983 9 2 10 12 300 472 527 1460 1943 953
984 9 2 10 12 152 574 434 1918 1971 1677
985 9 2 10 12 239 593 578 852 1976 1207
986 9 2 10 12 296 418 624 1973 1375 1977
987 9 2 10 12 185 443 575 1965 1978 1942
988 9 2 10 12 284 458 567 1476 1679 1936
989 9 2 10 12 348 578 593 848 1976 1169
990 9 2 10 12 301 565 577 1107 1969 1896
991 9 2 10 12 54 559 449 1890 1221 1389
992 9 2 10 12 107 450 560 1390 1222 1891
993 9 2 10 12 324 565 474 1970 1979 1763
994 9 2 10 12 276 491 573 1572 1956 1875
995 9 2 10 12 337 528 596 1580 1980 1591
996 9 2 10 12 300 443 615 862 1964 1981
997 9 2 10 12 324 511 577 1577 1982 1968
998 9 2 10 12 379 468 608 1707 1734 1832
999 9 2 10 12 290 576 461 1884 1983 1846
1000 9 2 10 12 317 575 443 1406 1978 1024
1001 9 2 10 12 294 605 457 1542 1984 1035
1002 9 2 10 12 293 456 606 1038 1985 1539
1003 9 2 10 12 224 577 511 1913 1982 1767
1004 9 2 10 12 295 469 614 877 1986 1822
1005 9 2 10 12 260 621 612 1559 1987 1215
1006 9 2 10 12 281 596 528 1974 1980 1439
1007 9 2 10 12 243 461 576 917 1983 1065
1008 9 2 10 12 325 436 619 1228 1972 1988
1009 9 2 10 12 279 562 514 1932 1950 1213
1010 9 2 10 12 304 601 549 1234 1791 1634
1011 9 2 10 12 305 548 600 1633 1794 1835
1012 9 2 10 12 325 619 572 1988 1989 1367
1013 9 2 10 12 262 474 565 1722 1979 1427
1014 9 2 10 12 368 612 621 1514 1987 1596
1015 9 2 10 12 91 572 619 1806 1989 1925
1016 9 2 10 12 236 457 605 645 1984 1869
1017 9 2 10 12 237 606 456 1872 1985 1494
1018 9 2 10 12 244 481 631 1053 1990 1958
1019 9 2 10 12 218 602 563 1924 1991 1894
1020 9 2 10 12 288 585 564 1405 1671 1000
1021 9 2 10 12 14 626 470 1663 1939 1784
1022 9 2 10 12 195 618 451 1704 1674 1756
1023 9 2 10 12 300 615 452 1981 1901 1458
1024 9 2 10 12 296 624 462 1977 1992 815
1025 9 2 10 12 270 452 603 1471 1691 1993
1026 9 2 10 12 332 508 589 1206 1994 1940
1027 9 2 10 12 331 588 509 1074 1995 1203
1028 9 2 10 12 327 571 616 1586 1996 1243
1029 9 2 10 12 231 614 469 1997 1986 1951
1030 9 2 10 12 234 616 483 1244 1998 1505
1031 9 2 10 12 290 517 594 1725 1999 1899
1032 9 2 10 12 237 462 624 1496 1992 1693
1033 9 2 10 12 292 616 571 2000 1996 1198
1034 9 2 10 12 315 584 568 1920 2001 1194
1035 9 2 10 12 209 630 475 1900 2002 756
1036 9 2 10 12 314 631 481 2003 1990 1350
1037 9 2 10 12 314 586 510 1351 2004 1625
1038 9 2 10 12 160 568 584 1776 2001 1930
1039 9 2 10 12 350 510 586 1655 2004 1732
1040 9 2 10 12 288 475 630 980 2002 1224
1041 9 2 10 12 292 483 616 1310 1998 2000
1042 9 2 10 12 310 589 508 1790 1994 914
1043 9 2 10 12 309 509 588 913 1995 1789
1044 9 2 10 12 323 546 622 1378 2005 1966
1045 9 2 10 12 346 622 546 1714 2005 1645
1046 9 2 10 12 231 502 614 1570 1975 1997
1047 9 2 10 12 228 623 547 1953 2006 1862
1048 9 2 10 12 156 594 517 1868 1999 1759
1049 9 2 10 12 349 547 623 1814 2006 1328
1050 9 2 10 12 303 603 553 2007 1690 1593
1051 9 2 10 12 314 522 631 1627 2008 2003
1052 9 2 10 12 339 526 597 1731 1967 1662
1053 9 2 10 12 422 631 522 1959 2008 1962
1054 9 2 10 12 354 563 602 1517 1991 1643
1055 9 2 10 12 270 603 551 1993 2009 1957
1056 9 2 10 12 303 551 603 1661 2009 2007
$EndElements
