$MeshFormat
2.2 0 8
$EndMeshFormat
$Nodes
3457
1 0 2 0
2 0 1 0
3 2 1 0
4 2 0 0
5 13 0 0
6 13 2 0
7 0 1.800000000000001 0
8 0 1.6 0
9 0 1.4 0
10 0 1.2 0
11 0 1.899999999999962 0
12 0 1.699999999999857 0
13 0 1.500000000000297 0
14 0 1.300000000000016 0
15 0 1.099999999999959 0
16 0.1932193729149108 1 0
17 0.377105326075584 1 0
18 0.5521086835178023 1 0
19 0.7186585636712773 1 0
20 0.8771632451125477 1 0
21 1.028011385856257 1 0
22 1.171572837182407 1 0
23 1.30819956899212 1 0
24 1.438226606048729 1 0
25 1.561972686044086 1 0
26 1.679741221390751 1 0
27 1.791820959653775 1 0
28 1.898486717261671 1 0
29 0.09660968645744432 1 0
30 0.2851623494952887 1 0
31 0.4646070047966932 1 0
32 0.6353836235945398 1 0
33 0.7979109043919126 1 0
34 0.9525873154843285 1 0
35 1.099792111519332 1 0
36 1.239886203087264 1 0
37 1.373213087520425 1 0
38 1.500099646046408 1 0
39 1.620856953717418 1 0
40 1.735781090522263 1 0
41 1.845153838457723 1 0
42 1.949243358630835 1 0
43 2 0.8959104709525485 0
44 2 0.7809863229891555 0
45 2 0.6540997883321766 0
46 2 0.5140056961065238 0
47 2 0.3593292841754006 0
48 2 0.1885526643291033 0
49 2 0.9479552354762704 0
50 2 0.8384483969707571 0
51 2 0.7175430556606985 0
52 2 0.5840527422193764 0
53 2 0.4366674901410249 0
54 2 0.273940974252252 0
55 2 0.09427633216455167 0
56 2.199999999999953 0 0
57 2.399999999999649 0 0
58 2.599999999998825 0 0
59 2.799999999998424 0 0
60 2.999999999998267 0 0
61 3.199999999997476 0 0
62 3.399999999996621 0 0
63 3.599999999995767 0 0
64 3.799999999994912 0 0
65 3.999999999994058 0 0
66 4.199999999993203 0 0
67 4.39999999999235 0 0
68 4.599999999991494 0 0
69 4.799999999990641 0 0
70 4.999999999989786 0 0
71 5.199999999988932 0 0
72 5.399999999988077 0 0
73 5.599999999987222 0 0
74 5.799999999986368 0 0
75 5.999999999985514 0 0
76 6.199999999984659 0 0
77 6.399999999983804 0 0
78 6.59999999998295 0 0
79 6.799999999982096 0 0
80 6.999999999981242 0 0
81 7.199999999980388 0 0
82 7.399999999979533 0 0
83 7.599999999979486 0 0
84 7.799999999980247 0 0
85 7.999999999981008 0 0
86 8.19999999998177 0 0
87 8.39999999998253 0 0
88 8.59999999998329 0 0
89 8.799999999984049 0 0
90 8.99999999998481 0 0
91 9.199999999985568 0 0
92 9.399999999986328 0 0
93 9.599999999987087 0 0
94 9.799999999987847 0 0
95 9.999999999988606 0 0
96 10.19999999998937 0 0
97 10.39999999999013 0 0
98 10.59999999999089 0 0
99 10.79999999999165 0 0
100 10.9999999999924 0 0
101 11.19999999999316 0 0
102 11.39999999999392 0 0
103 11.59999999999469 0 0
104 11.79999999999544 0 0
105 11.9999999999962 0 0
106 12.19999999999696 0 0
107 12.39999999999772 0 0
108 12.59999999999848 0 0
109 12.79999999999924 0 0
110 2.099999999999963 0 0
111 2.299999999999854 0 0
112 2.499999999999224 0 0
113 2.699999999998609 0 0
114 2.89999999999831 0 0
115 3.099999999997874 0 0
116 3.299999999997036 0 0
117 3.499999999996212 0 0
118 3.699999999995315 0 0
119 3.899999999994513 0 0
120 4.09999999999371 0 0
121 4.299999999992714 0 0
122 4.499999999991875 0 0
123 4.699999999991137 0 0
124 4.899999999990189 0 0
125 5.099999999989393 0 0
126 5.299999999988458 0 0
127 5.499999999987692 0 0
128 5.699999999986765 0 0
129 5.899999999985985 0 0
130 6.09999999998518 0 0
131 6.29999999998424 0 0
132 6.499999999983356 0 0
133 6.699999999982504 0 0
134 6.899999999981684 0 0
135 7.099999999980802 0 0
136 7.299999999979918 0 0
137 7.499999999979276 0 0
138 7.699999999979822 0 0
139 7.899999999980727 0 0
140 8.09999999998136 0 0
141 8.299999999982164 0 0
142 8.499999999982911 0 0
143 8.699999999983628 0 0
144 8.899999999984395 0 0
145 9.099999999985206 0 0
146 9.299999999985946 0 0
147 9.499999999986796 0 0
148 9.699999999987586 0 0
149 9.899999999988271 0 0
150 10.09999999998896 0 0
151 10.29999999998965 0 0
152 10.49999999999046 0 0
153 10.69999999999125 0 0
154 10.89999999999203 0 0
155 11.0999999999929 0 0
156 11.29999999999347 0 0
157 11.49999999999424 0 0
158 11.69999999999505 0 0
159 11.89999999999579 0 0
160 12.0999999999966 0 0
161 12.29999999999734 0 0
162 12.49999999999792 0 0
163 12.69999999999888 0 0
164 12.89999999999962 0 0
165 13 0.1999999999996293 0
166 13 0.3999999999991157 0
167 13 0.5999999999985328 0
168 13 0.7999999999979498 0
169 13 0.9999999999973885 0
170 13 1.199999999997894 0
171 13 1.39999999999842 0
172 13 1.599999999998947 0
173 13 1.799999999999474 0
174 13 0.09999999999979854 0
175 13 0.2999999999994072 0
176 13 0.4999999999988242 0
177 13 0.6999999999982414 0
178 13 0.8999999999976692 0
179 13 1.099999999997641 0
180 13 1.299999999998157 0
181 13 1.499999999998683 0
182 13 1.69999999999921 0
183 13 1.899999999999737 0
184 12.80000000000121 2 0
185 12.60000000000242 2 0
186 12.40000000000364 2 0
187 12.20000000000485 2 0
188 12.00000000000606 2 0
189 11.80000000000727 2 0
190 11.60000000000849 2 0
191 11.4000000000097 2 0
192 11.20000000001091 2 0
193 11.00000000001212 2 0
194 10.80000000001333 2 0
195 10.60000000001454 2 0
196 10.40000000001576 2 0
197 10.20000000001697 2 0
198 10.00000000001818 2 0
199 9.800000000019393 2 0
200 9.600000000020605 2 0
201 9.400000000021816 2 0
202 9.200000000023028 2 0
203 9.00000000002424 2 0
204 8.800000000025452 2 0
205 8.600000000026665 2 0
206 8.400000000027877 2 0
207 8.200000000029089 2 0
208 8.000000000030301 2 0
209 7.800000000031512 2 0
210 7.600000000032724 2 0
211 7.400000000033937 2 0
212 7.200000000035149 2 0
213 7.00000000003636 2 0
214 6.800000000037572 2 0
215 6.600000000038782 2 0
216 6.400000000039309 2 0
217 6.200000000039161 2 0
218 6.000000000039005 2 0
219 5.800000000038851 2 0
220 5.600000000038698 2 0
221 5.400000000038544 2 0
222 5.20000000003839 2 0
223 5.00000000003797 2 0
224 4.800000000036528 2 0
225 4.600000000035006 2 0
226 4.400000000033485 2 0
227 4.200000000031963 2 0
228 4.000000000030441 2 0
229 3.800000000028918 2 0
230 3.600000000027395 2 0
231 3.400000000025873 2 0
232 3.200000000024353 2 0
233 3.000000000022832 2 0
234 2.800000000021308 2 0
235 2.600000000019785 2 0
236 2.400000000018263 2 0
237 2.20000000001674 2 0
238 2.000000000015218 2 0
239 1.800000000013698 2 0
240 1.600000000012177 2 0
241 1.400000000010653 2 0
242 1.20000000000913 2 0
243 1.000000000007608 2 0
244 0.8000000000060865 2 0
245 0.6000000000045649 2 0
246 0.4000000000030433 2 0
247 0.2000000000015199 2 0
248 12.90000000000061 2 0
249 12.70000000000182 2 0
250 12.50000000000303 2 0
251 12.30000000000424 2 0
252 12.10000000000541 2 0
253 11.90000000000658 2 0
254 11.70000000000788 2 0
255 11.50000000000909 2 0
256 11.30000000001029 2 0
257 11.10000000001153 2 0
258 10.90000000001279 2 0
259 10.70000000001393 2 0
260 10.50000000001523 2 0
261 10.30000000001641 2 0
262 10.10000000001755 2 0
263 9.900000000018757 2 0
264 9.700000000019978 2 0
265 9.500000000021283 2 0
266 9.3000000000225 2 0
267 9.100000000023552 2 0
268 8.900000000024845 2 0
269 8.700000000026122 2 0
270 8.500000000027274 2 0
271 8.300000000028623 2 0
272 8.10000000002978 2 0
273 7.900000000030859 2 0
274 7.7000000000321 2 0
275 7.500000000033306 2 0
276 7.300000000034533 2 0
277 7.100000000035753 2 0
278 6.900000000036926 2 0
279 6.700000000038158 2 0
280 6.500000000039375 2 0
281 6.300000000039235 2 0
282 6.10000000003904 2 0
283 5.900000000039007 2 0
284 5.70000000003872 2 0
285 5.500000000038573 2 0
286 5.300000000038516 2 0
287 5.100000000038218 2 0
288 4.900000000037151 2 0
289 4.700000000035795 2 0
290 4.500000000034294 2 0
291 4.300000000032673 2 0
292 4.100000000031201 2 0
293 3.90000000002968 2 0
294 3.700000000028203 2 0
295 3.500000000026596 2 0
296 3.30000000002515 2 0
297 3.100000000023565 2 0
298 2.900000000022072 2 0
299 2.700000000020593 2 0
300 2.500000000019069 2 0
301 2.300000000017455 2 0
302 2.100000000015978 2 0
303 1.900000000014508 2 0
304 1.700000000012945 2 0
305 1.500000000011402 2 0
306 1.300000000009804 2 0
307 1.100000000008357 2 0
308 0.9000000000068358 2 0
309 0.7000000000053621 2 0
310 0.5000000000038138 2 0
311 0.3000000000022354 2 0
312 0.1000000000007102 2 0
313 2.953615751298358 0.9553280311025911 0
314 3.947955235476748 1.000000000000947 0
315 7.30000000003455 1.00000000000272 0
316 11.89722366414786 1.003407334670946 0
317 10.71451820196409 1.024234589867617 0
318 9.500000000021213 1.000000000001677 0
319 5.297565908036908 0.9784441677625498 0
320 8.4947739018834 1.023216996753527 0
321 6.288943180951019 0.984157939118653 0
322 2.501962889276021 1.386586127870392 0
323 1.946551751557031 1.503120225502014 0
324 4.623977617731936 0.7282156675789945 0
325 2.533442667350698 0.5599994246756801 0
326 1.498493655738283 1.460979559645391 0
327 11.30000000001032 1.325000000002469 0
328 10.1105198368257 1.319775784314621 0
329 7.919757947444066 0.6794211482520294 0
330 7.858714433169863 1.351714023426935 0
331 10.10424771844516 0.6324242041542523 0
332 11.30692617423169 0.6329785805443153 0
333 4.469511975007918 1.37947638823138 0
334 3.423235848890065 1.375118353044326 0
335 9.003355790390394 1.378734319219133 0
336 8.977647575501132 0.6183937247605302 0
337 6.798117207014393 1.374058603490944 0
338 5.798932612548573 1.373141733966107 0
339 6.802289270324168 0.6171514690167942 0
340 5.811846095712179 0.6097381878590898 0
341 3.469284782309993 0.6000484089664632 0
342 2.390451838695242 0.9479552354762744 0
343 12.38020184372856 1.396524033290151 0
344 12.3833333333354 0.6166666666647063 0
345 0.9525873154844027 1.49827958613112 0
346 5.016076186718255 1.459822856016994 0
347 0.4819820233392843 1.488590411610436 0
348 5.114392722465614 0.5100132764080567 0
349 4.106294159763832 0.5160688530470614 0
350 2.964476035739856 1.514605071773511 0
351 11.76640004391924 1.498221091503536 0
352 10.82053792946654 1.486628571912702 0
353 9.587435086133866 1.524739808996622 0
354 6.295270642429405 1.495405619000701 0
355 8.376732542004469 0.5067767697525049 0
356 7.378422392556047 0.4935246770389244 0
357 7.373619157052514 1.507625398140942 0
358 10.60352158556664 0.5228507855825207 0
359 11.78355918864229 0.5066440811368722 0
360 9.61644081134572 0.5066440811327165 0
361 8.408646086389163 1.504944962020185 0
362 3.91272609258498 1.503187821206431 0
363 6.299999999984249 0.4924748743849309 0
364 3.004387114726283 0.4756471639896906 0
365 2.214727062772046 1.286342421823703 0
366 1.742112363481962 1.280010850997146 0
367 1.240940809892217 1.285479805797989 0
368 12.57252252252185 1.000000000000154 0
369 5.442058488502151 1.568164096107238 0
370 4.889490447042189 1.081056740257802 0
371 10.41896304475906 1.587405313449318 0
372 10.97902439789997 0.407229647169224 0
373 2.274395670461344 1.658724039265331 0
374 2.265418313867888 0.726229426341885 0
375 3.348691364430489 0.9717230492822628 0
376 5.478657166211566 0.3888501531649413 0
377 1.950487964341078 1.211471962894348 0
378 10.28850643400981 0.9857489435847177 0
379 11.4967012664775 1.004186163369407 0
380 11.10039797113501 1.000138280278555 0
381 9.908747468677387 0.9983878206102901 0
382 7.700988349076724 1.000915890062166 0
383 8.089876892410418 1.017971364194912 0
384 4.311013438337987 1.005208264891912 0
385 6.909372558614823 0.9996094116241847 0
386 5.923504160370172 1.014557711807946 0
387 9.109722079412537 1.000000000000391 0
388 3.779558608203373 0.3738815485208443 0
389 4.497537224888551 0.3685527139192129 0
390 1.219658790397091 1.662805089171117 0
391 2.261248715433954 0.457555281026017 0
392 1.698794861606339 1.697035975015885 0
393 9.271618261159585 1.631123609088119 0
394 8.687517717855 0.3529022098717622 0
395 9.301276860170431 0.3802600242785921 0
396 7.064662111975689 1.644148245446738 0
397 7.04666302541486 0.3512737070712329 0
398 8.738506832722358 1.619510074502002 0
399 12.0688492864467 1.667397660029076 0
400 12.12058554459095 0.3591952885454698 0
401 2.653187760644938 1.095190644938543 0
402 4.224812586405225 1.65348035050972 0
403 4.705320309772869 1.648822314665311 0
404 12.62996568083672 1.668800302174295 0
405 12.67484390498652 0.331683011902596 0
406 2.659792113170736 1.669733518856225 0
407 11.44015278878301 1.649667667046921 0
408 9.939750053910119 1.656541848347917 0
409 7.732060464461313 0.3731453177227184 0
410 7.730720598476323 1.661498135606907 0
411 10.27034107266499 0.3387378807405728 0
412 11.4624936159459 0.336839321748388 0
413 0.7229080700272474 1.302056367371719 0
414 3.269163841467747 1.651192076202077 0
415 9.920855655496109 0.3301280284476003 0
416 8.078193092290521 1.672016844846739 0
417 1.505076607633878 1.227352370144037 0
418 12.23626126126428 1.072395221313139 0
419 6.017823247282157 1.656913420706073 0
420 6.60556135129071 1.657436412417216 0
421 6.618347117557413 0.3359186175630287 0
422 6.007969805088054 0.3610650996230956 0
423 11.10536156220494 1.69164184157122 0
424 8.08265622697334 0.3319721242617207 0
425 8.629458682703053 1.322108564750299 0
426 3.605112763622558 1.666122945237469 0
427 9.33809490707262 0.7152322843360081 0
428 7.134513404905692 1.290626028968829 0
429 8.655908452180208 0.7259578287269835 0
430 7.138832349137378 0.7153867171935652 0
431 9.366309955136028 1.306155235669305 0
432 0.7020888518912746 1.696159202812707 0
433 2.748349729500116 0.3223767037263323 0
434 3.315828822333674 0.3090582456983536 0
435 3.144195234994663 1.236350457533819 0
436 12.04867519793249 0.6926081709913239 0
437 4.119390373111779 1.275673084805452 0
438 10.53034008936845 1.293078607469848 0
439 10.89065222279586 0.7276870706052044 0
440 5.480401493557556 0.7210483804834709 0
441 4.822889281122954 0.3319866316442617 0
442 3.648379963652515 1.084967304727305 0
443 3.766510802251013 0.7246716167823029 0
444 2.183518178200008 0.9752375714680038 0
445 6.6030835089959 1.120282399357033 0
446 5.626657269813123 1.08074034968934 0
447 6.510893624082049 0.7422728624032446 0
448 12.69043706102062 0.6982046510798279 0
449 12.69298620810469 1.3055260016869 0
450 0.9833096700325363 1.256533835955679 0
451 6.095026901340137 0.7394411571327144 0
452 6.12246374833098 1.251133872961037 0
453 2.64025023129461 0.8382701697713175 0
454 12.03448844364865 1.329525462271483 0
455 3.164178022220875 0.7342644611831917 0
456 0.2955269396974026 1.730907808427361 0
457 0.2678618861419756 1.283364301262484 0
458 8.806071880488302 1.037111593507767 0
459 5.280539491585582 1.305551565642245 0
460 5.696315557655603 1.712534388514551 0
461 4.925121623297028 0.7602609424489433 0
462 7.502109031242533 0.7936818191843458 0
463 5.160342459252444 1.711433192121833 0
464 11.59339975917978 1.287769975094711 0
465 11.01398204332661 1.271118304301296 0
466 9.822780921987341 1.276197254963122 0
467 8.296103690397423 0.7870848428582068 0
468 2.028609186403014 1.744519550928187 0
469 2.390254745498692 1.170226631227265 0
470 2.782211885162927 1.393883792873187 0
471 8.202757275867555 1.300974090053284 0
472 9.691837633725395 0.7848580936377625 0
473 11.70816236630532 0.7848580936450088 0
474 10.4967360725524 0.7897651326042154 0
475 7.491798659056685 1.215118844140131 0
476 4.754168009482038 1.342240970933029 0
477 2.469438057368338 0.25397820821989 0
478 9.013591392774089 0.2965442888759182 0
479 8.98423872029713 1.70353735246921 0
480 4.613667745852562 1.065718501676027 0
481 10.66369280299422 1.726038332347112 0
482 2.859353418350487 0.6064548684924715 0
483 4.122702510286433 0.7769182125641372 0
484 10.74664650755605 0.2589894635669096 0
485 5.712095543307503 0.2597769452435061 0
486 2.139977697804542 1.102070910060568 0
487 0.9990460321432488 1.75506988745258 0
488 12.39187066313564 1.722845271096503 0
489 5.228847921563782 0.2670907168750983 0
490 1.727639535184274 1.494354028971804 0
491 12.38031641106205 0.2729628434601183 0
492 4.023395400003757 0.2633416344081765 0
493 9.555663388595384 1.728679509743716 0
494 1.502039112361648 1.663371571654069 0
495 9.514779593011211 0.2563542338382721 0
496 7.315094088981391 1.743617443171771 0
497 8.479449017737647 0.2575702339839556 0
498 8.483389420417588 1.743774575124965 0
499 7.318578489793344 0.2568028751610205 0
500 11.21582962687427 0.2682061590943541 0
501 11.66974690787045 1.79297799317622 0
502 6.530668348568067 1.375321871229624 0
503 11.87467539871801 0.2560120439314466 0
504 10.18711899923042 1.735903530256742 0
505 2.89127203914179 1.753945582666311 0
506 2.169875733185555 1.503812986602241 0
507 4.368242862453442 0.6624920156101176 0
508 5.219315665383412 0.7500106755132511 0
509 3.688355053911772 1.370237232789558 0
510 3.507793372776835 0.2841994133770648 0
511 3.566988561854176 0.8750997703906345 0
512 4.013493991263779 1.741557842617774 0
513 0.5216964205065851 1.22439833550026 0
514 6.300000000036534 1.80167440326568 0
515 6.299999999987946 0.1808337763177709 0
516 5.686907343304569 0.8721313055443183 0
517 6.845464306118096 0.250771794151737 0
518 6.822972382316853 1.751266507621879 0
519 4.475749059626678 1.757543242847039 0
520 10.74274518707568 1.235538225117844 0
521 8.088905569568471 0.5472405308470061 0
522 7.661877651958033 1.40877708875742 0
523 10.34444729458462 0.591167436315328 0
524 11.54444729458568 0.5911674363063461 0
525 9.864176820062617 0.589350564557859 0
526 3.918081012112881 1.250562473851346 0
527 4.30463426481704 0.2246452008615343 0
528 7.659265150788389 0.5912555720944819 0
529 5.543591884845494 1.365371662350527 0
530 10.45288169092255 0.2340761256200261 0
531 1.735871899402027 1.137458111364192 0
532 3.091233563176525 0.2141055877265856 0
533 4.94074330235985 1.798487779828375 0
534 2.222922879197036 0.198417532537522 0
535 2.893127509500692 1.142539447865711 0
536 12.38302295955183 0.8157039188328163 0
537 8.407779048312156 1.212210023208481 0
538 9.517209669980151 1.201358501018822 0
539 2.451068544676876 0.7598814299312129 0
540 2.125278040823904 0.5655723891037202 0
541 11.80652389107628 1.208923871367904 0
542 2.462591201313156 1.777860839411306 0
543 1.156742856519877 1.480008159632444 0
544 10.89238137922179 1.794530494455893 0
545 6.718836189341148 0.8509945017071565 0
546 0.2063602667226179 1.474087802636356 0
547 3.150918835782314 1.452657722909699 0
548 6.329832656950448 1.234176922819705 0
549 5.047397203602362 1.210882242937325 0
550 1.371544577665497 1.181516949875 0
551 4.791009850965726 0.5231529138238948 0
552 0.4862911834144055 1.793405262347924 0
553 9.754391809037676 1.785169980996449 0
554 2.019148040707091 1.326081692486065 0
555 5.09037460586264 0.8996812351472947 0
556 7.569622737010517 0.2371889554949481 0
557 10.11321537459194 1.096859681300808 0
558 11.30000000001005 1.093764435286687 0
559 11.94807831747959 1.798166114505113 0
560 12.78370751341416 0.8865662151285865 0
561 7.878565824203719 1.116659330955717 0
562 1.895255627260743 1.358302927610563 0
563 7.50534365855715 1.796539137255111 0
564 2.316718640534135 1.395617086177368 0
565 2.133258282922596 0.8422370110881985 0
566 8.969389319944856 0.8318673985302574 0
567 11.68573063271112 0.1764481581807189 0
568 5.485712704950195 1.791899679838501 0
569 11.08092892447315 0.6077455995262888 0
570 0.7542472653536618 1.506986987921261 0
571 5.321227254922343 0.5657640256250475 0
572 10.09851781049731 0.2056156874061665 0
573 7.901224674711533 1.792815993406153 0
574 9.713378841697903 0.1775502446848574 0
575 1.112996055484877 1.15943919556032 0
576 10.31366621360359 1.390339226365564 0
577 8.298972277927662 1.799569486970657 0
578 7.906170884102922 0.2092055198938652 0
579 11.28661012770107 1.811640674167362 0
580 10.61877050379946 1.467014636559918 0
581 3.910798001538243 0.5645227426246897 0
582 3.247368307726017 0.5418550482338786 0
583 3.784242011334215 1.771944346646621 0
584 2.44770972984269 1.557549264671692 0
585 2.281632822316782 1.072433479708205 0
586 4.996392453696982 0.2315429481828549 0
587 8.286722563064751 0.1767498907857657 0
588 12.42759592109476 1.171444983958994 0
589 7.895362832133779 0.8992789123115751 0
590 12.80042321934963 1.48153055622703 0
591 12.802326058483 0.5113858010623612 0
592 10.1125106951363 0.88001021352517 0
593 11.3183519335954 0.8789093989847404 0
594 1.354518681851949 1.40634740253855 0
595 10.78965318713123 0.5255287413863838 0
596 1.861757925670714 1.115257294829748 0
597 0.8366777176554185 1.169740675804995 0
598 10.90296957023457 1.098367952063178 0
599 8.115701124818488 0.7846103943948243 0
600 4.671634050624657 0.2029851755376252 0
601 8.973018072457126 1.153648453035114 0
602 11.1352193156018 1.463971608459291 0
603 1.601230808350184 1.120564527597178 0
604 3.11959587407177 1.812258268381704 0
605 3.460352566767505 1.793935536407041 0
606 4.723290225059863 0.9313520629334632 0
607 7.104772522303883 0.9135531014212778 0
608 12.08648531250922 0.909691721292252 0
609 10.49974455882057 1.797514422582599 0
610 6.947846568282146 1.235958944627356 0
611 6.605334049187065 0.5404490452674763 0
612 9.311413567154986 0.9094535552519552 0
613 1.87244245595004 1.660067936361348 0
614 6.093062552994025 1.471157275947394 0
615 2.36896120908811 0.5897913532192441 0
616 6.939160183730056 0.7822135802170958 0
617 10.9310605802402 0.2320119486938992 0
618 10.1338076145558 1.523671303459489 0
619 12.7942675519568 1.785681762774027 0
620 12.78903947930079 0.2109605206992916 0
621 6.092054048483784 0.5282202373622819 0
622 7.922285708473816 0.449908711902058 0
623 12.78738209580711 1.122285058892671 0
624 9.697766552235382 1.070803102796751 0
625 5.221827099765702 1.516415213901257 0
626 9.908748866190827 0.7775827071472157 0
627 3.321461351317317 1.18871152669739 0
628 3.153492528533331 1.028294960501745 0
629 2.968883745676933 0.7511869456308262 0
630 4.139061566719031 1.086348461070891 0
631 11.69543294019456 1.039358482692616 0
632 1.609509433063063 1.338073791440769 0
633 6.316696864930666 0.7904865204125743 0
634 5.537583662761351 0.1861985817669947 0
635 8.300877124531771 1.070929757072638 0
636 5.616422853537586 0.5503478319536005 0
637 4.118046562242996 1.48105536276946 0
638 9.415006467017062 1.482837168970996 0
639 7.701976961067452 1.217568190195434 0
640 4.343883372041706 1.215698767102566 0
641 9.149280251870399 0.7718262696437407 0
642 10.48915132897874 1.069486643956045 0
643 8.070302387230464 1.456522545597259 0
644 10.09620032905693 0.4131608994646461 0
645 8.57952531824864 0.5385014511374017 0
646 11.57377529903246 1.478020680529159 0
647 9.813419098298908 1.477562520034274 0
648 9.412401620255846 0.528215913535693 0
649 7.184197244872031 1.473112397753587 0
650 3.660738900179653 0.5513155150236406 0
651 7.184768692988961 0.5276121120136872 0
652 2.871403128488336 0.1783458153200309 0
653 8.769775940945582 0.5605730926799972 0
654 8.607572341161088 1.483772405067465 0
655 9.212404423911558 1.434197568520773 0
656 4.51177985463375 0.9104039516977408 0
657 8.797786605576697 1.439233237773157 0
658 9.203755126685106 0.5781726116780629 0
659 5.503261749014132 0.9073813492904712 0
660 6.975011008281431 1.45761456663656 0
661 11.30289231234031 0.4456279611845739 0
662 6.993423872948098 0.5543768951560228 0
663 4.445474473983706 1.551564908262011 0
664 1.345394841074475 1.794076377202984 0
665 5.800635614248219 1.170542482525193 0
666 3.371738494085896 0.7646943250129956 0
667 12.18570141011125 0.5594295359688746 0
668 11.98467644588251 0.5271137990892303 0
669 6.101924717815815 1.045567684559476 0
670 3.773599048619361 0.9372618747093326 0
671 7.702064423346062 0.7772300491192004 0
672 11.5271393813969 0.7751174319822641 0
673 10.32350236332655 0.7736338396146485 0
674 10.3075665462297 1.192548147831934 0
675 5.863212174525414 0.8118746771874108 0
676 10.65933388039596 0.7097121346887932 0
677 3.843264758079997 0.1961773127264203 0
678 6.516991417342936 0.9437437292274417 0
679 6.496438759450212 0.1770543580035187 0
680 6.096684055376414 0.1791937958402977 0
681 6.103357128105298 1.819998080532521 0
682 6.496265032004212 1.820939237222639 0
683 5.873234468639041 1.808768912575463 0
684 3.437509906383496 1.562532332573659 0
685 8.439579785810786 0.6724791971306057 0
686 2.507301215982438 1.05797810672638 0
687 11.12127009542846 0.7952980990983741 0
688 9.325664987609294 1.821968047052967 0
689 2.423646560336631 0.4213161485276847 0
690 9.311331034593941 0.1726184278059739 0
691 2.032082066164541 1.107026067909001 0
692 7.135460691858574 1.82521708631245 0
693 2.635513537646884 1.484260808796278 0
694 12.5747157969669 1.451675655250055 0
695 12.56888731016896 0.5458873101655939 0
696 2.130797035571995 0.696207493628581 0
697 8.656973485367773 0.1465343794329349 0
698 1.619691351796637 1.566270082095775 0
699 12.16038080400765 1.462265125102451 0
700 1.384891601239233 1.296494282169765 0
701 7.337435918673382 0.6975598213787704 0
702 8.679690846896037 1.803360393075658 0
703 12.04882658213754 1.131436085405431 0
704 7.132329829956154 0.1749276314690458 0
705 9.167273329391042 1.229410046747226 0
706 7.496494870367485 0.9844946868670504 0
707 5.441580893788736 1.182066443776337 0
708 5.65043479793396 1.497483573221655 0
709 1.552504572673203 1.830827830872166 0
710 9.536830804883486 0.6670384551306943 0
711 1.915446434756807 1.855316501319442 0
712 5.877077995317246 0.1927190980917354 0
713 7.336364664949081 1.302451931635508 0
714 7.898499922311349 1.574496010847509 0
715 2.189756596588213 1.815388492681892 0
716 4.635439597410926 0.5441141497699731 0
717 4.308589787900424 1.845004047420978 0
718 11.97337009782878 1.508796828749503 0
719 12.06014930774 0.146269472075198 0
720 6.776984323017934 1.566808733530353 0
721 11.36089377166901 1.490202283582287 0
722 12.51973878403054 1.843829471460676 0
723 4.296150815351326 1.41698605943793 0
724 0.6664852410148207 1.142865087413043 0
725 2.766424480934635 0.9832944142356876 0
726 6.760191806605583 0.4322350888106766 0
727 4.302015115895649 0.4767362950781287 0
728 12.54731469199843 0.1869149431560241 0
729 11.50047929216258 1.824056877903363 0
730 7.097348857016482 1.10633545447663 0
731 3.950942618750053 0.8016364427940714 0
732 2.551634636968784 1.222042952207394 0
733 5.802285873732453 0.4094141142326921 0
734 8.640837361519605 0.9347684013543726 0
735 12.22746028365631 1.263612297525492 0
736 4.625666262439085 1.474564736528722 0
737 9.331561877760549 1.106585312902632 0
738 11.89796376302575 0.826564779933465 0
739 2.699442220266468 0.4922525326350984 0
740 3.464816764547884 0.4296358274830928 0
741 12.20668714399444 1.809054554064485 0
742 2.95986661773034 1.295991680053655 0
743 4.842667002418614 1.503158664383898 0
744 0.873577393878924 1.358229317448317 0
745 2.289724602348675 0.8566416958922694 0
746 0.8407306723177443 1.825641397703439 0
747 2.101787477449991 0.4413479480176282 0
748 4.678537168219612 1.798330118092456 0
749 1.163572686091366 1.825451344671481 0
750 4.484720356928179 0.1650669004343049 0
751 10.28434811481287 0.1556859387533531 0
752 2.104311388693079 1.224602466557993 0
753 5.303798180256112 1.838674329370486 0
754 10.0408667328355 1.851107615412209 0
755 12.5505836607976 0.8238116031399494 0
756 11.36482790907966 0.1584371932148847 0
757 6.672050036618154 0.1527489539436568 0
758 2.049910524544262 1.596340912963465 0
759 0.8797783844705513 1.647172658066006 0
760 6.664959753137627 1.845928431452347 0
761 8.635778529623297 1.133860749771259 0
762 2.682731070733355 1.840307988186768 0
763 2.794911010146738 1.559772893512673 0
764 2.086404306522458 0.9484758034982701 0
765 7.707457786361847 1.850170653253634 0
766 7.721570817106898 0.1639079586223063 0
767 12.22091172451341 0.7536945892144127 0
768 10.91693134004653 0.9155678635092353 0
769 1.096793233856385 1.313267030266223 0
770 2.635287174518884 0.174296560720471 0
771 5.870956687392948 1.553892891668856 0
772 9.906550461533554 0.1426587921077248 0
773 8.095678008997821 1.85288046504471 0
774 3.096238035625177 1.631986409302895 0
775 6.424418635444026 0.3710800264680931 0
776 6.194553501155689 0.355611812050054 0
777 11.09687061383017 1.859562602038895 0
778 6.205993493393224 1.646171669520668 0
779 6.393976367789905 1.652505034049032 0
780 2.80714725630401 0.8034866947744386 0
781 7.556871826255105 0.4268146555474113 0
782 0.5515711760898713 1.611373378956231 0
783 11.67111328862371 0.4240325434676456 0
784 8.095109934820759 0.1435855069882703 0
785 7.564271050834904 1.556514202651189 0
786 10.42788184954547 0.4512672205172861 0
787 1.481343953715163 1.102330266461209 0
788 1.256451645731783 1.111627949698983 0
789 12.31091508724182 0.4400319181637457 0
790 6.772081102298934 1.183718954643976 0
791 8.915412669054424 1.571900860394877 0
792 9.724336880730904 0.4220178551430459 0
793 3.756707843481324 1.548235224329205 0
794 8.248150566732898 1.603422452514001 0
795 9.089978781380419 0.1551016613229298 0
796 9.043829545240218 0.4551074535138138 0
797 1.837097156031305 1.2205002295392 0
798 12.45003044337642 1.569303825313726 0
799 3.29593028717584 0.139032196879697 0
800 8.876004186760705 1.840823585840456 0
801 9.113980662678518 1.810702921760698 0
802 8.283786717463544 0.4014605756266726 0
803 8.876293404327889 0.1939342366010299 0
804 0.96144748414713 1.117675502506791 0
805 10.95215288087971 1.592854909345828 0
806 1.064140280856517 1.604719407539926 0
807 3.478740529351555 1.086699936815321 0
808 2.851233540819539 0.4427951421098921 0
809 4.95961549520884 0.4276869904505182 0
810 3.286868643004673 1.850262369103959 0
811 8.825483523450329 1.26294980606344 0
812 0.6078583165916114 1.416736249267209 0
813 4.302218920380716 0.8187793323610638 0
814 3.631197346507745 1.830476049467637 0
815 3.837814361351296 1.106581829592969 0
816 5.205040018123298 1.146907470156712 0
817 0.1677934421598834 1.832206557840362 0
818 11.44511127042837 1.203338257092683 0
819 11.17266764058477 1.209382217644734 0
820 9.97266764059197 1.209382217645013 0
821 0.1590926156592116 1.16036456199125 0
822 11.0821276324026 0.157366375374401 0
823 4.858183157085004 0.1533029510729483 0
824 9.502523785798442 0.8342686985794758 0
825 8.034892266109594 1.227571841890649 0
826 1.739864720835377 1.84054137392814 0
827 7.256414685497906 1.162958698840538 0
828 3.14721769416938 0.386593750405155 0
829 7.255712816099902 0.8363464486953756 0
830 12.85529412658356 0.6992313334534517 0
831 12.85823297247401 1.301334516685604 0
832 6.164225469969657 0.8941490416822437 0
833 3.560104888821588 1.261844237524805 0
834 3.658390831900449 0.1994389033683045 0
835 5.100000000038183 1.864342162860557 0
836 4.672203594723124 0.3844848162129754 0
837 10.75639975497793 0.8565083601956652 0
838 10.32535225225858 1.85054171121428 0
839 6.728357795076109 1.018216579580932 0
840 2.665117389707191 0.6767241867133698 0
841 8.834426032389438 0.7200154553169667 0
842 6.426388109997404 0.5912524443093928 0
843 0.677708311730839 1.857038521708088 0
844 1.360994886806211 1.583791078603534 0
845 5.017332030785216 1.621514051724283 0
846 11.85270473259863 0.6615444106465783 0
847 5.963009378027814 0.6365551071941171 0
848 5.069523033306281 0.6777687793278157 0
849 2.527764847858496 0.9213841038343351 0
850 12.23221025267754 0.1556855208161572 0
851 5.983084363092493 1.167810537720881 0
852 6.420935567897216 1.104219529835039 0
853 12.59989228305093 1.175642246304185 0
854 5.955649878304723 1.344000356332806 0
855 9.096828310570569 1.590357491177667 0
856 0.3731318734509238 1.147872818034284 0
857 4.57337042244152 1.246914211577302 0
858 3.593710364327257 0.7046191580933581 0
859 8.885992452949097 0.4064571167036642 0
860 4.056969103145415 0.6566260875785306 0
861 5.657436170163888 0.7099495671392909 0
862 2.584934401556855 0.3707032630841927 0
863 11.83407974179922 1.669656340073851 0
864 6.231901171775207 0.63658881168394 0
865 9.975915040854709 1.426842663467961 0
866 0.126662953704761 1.303563333178018 0
867 6.236468781124729 1.360357279182401 0
868 4.126353154178583 0.158604776659985 0
869 4.747136808846878 1.165208195914814 0
870 5.331131843948165 0.1974395453010086 0
871 2.352707500368203 0.144876959030135 0
872 3.580148421487675 1.472640516537885 0
873 4.133208312743911 1.851682986310045 0
874 9.731791629886368 1.619682246534742 0
875 4.155197498116581 0.3507191559687601 0
876 0.3505213059951366 1.568339501112465 0
877 1.638445517406179 1.226513929670357 0
878 5.3949914102146 1.404902770006223 0
879 8.438010484824348 0.8777802443556768 0
880 6.639637602844823 1.463436458599398 0
881 3.091625701264024 0.8705116660014043 0
882 8.242848865492704 1.441169453645725 0
883 4.918770132709359 1.30304425425188 0
884 10.95975964437613 1.426550680116746 0
885 5.360196291955002 0.828720700268085 0
886 11.45463602006399 1.356866239260262 0
887 11.13962666864083 0.4515253147568689 0
888 2.314780599057066 1.26177619962603 0
889 5.696739266156014 1.869629543453449 0
890 2.236650723209102 1.181066543941686 0
891 2.135765418082263 0.3029598997164289 0
892 0.4050685317118248 1.362057260971417 0
893 0.1652653765496023 1.657499312087417 0
894 5.761514629788287 1.008200637343996 0
895 6.661799191738356 0.6981250831724575 0
896 2.316882061626951 0.2998733118401457 0
897 5.635527848948937 0.388381546612511 0
898 12.27446910146862 1.605905356518477 0
899 12.53507841058917 1.300162584098057 0
900 0.3099223130552509 1.871303925723129 0
901 3.056224159478742 0.6222921573893359 0
902 5.108090858042159 0.3466086323085441 0
903 10.63991228375701 0.3618915140191741 0
904 12.48207425193795 0.3944997141749086 0
905 10.62704262477169 0.1558249793409609 0
906 12.84770369430726 1.642274899899344 0
907 12.8477036943082 0.3577251000993191 0
908 1.639425788645196 1.44991145092871 0
909 3.622252035704055 0.390290517781594 0
910 12.40137307647843 0.9685705414635928 0
911 9.88822886324758 1.861442257674655 0
912 10.61918870184674 1.155584516602839 0
913 2.302174943505931 1.528925844179158 0
914 10.70000000001395 1.878864060678021 0
915 11.86081007352759 1.37865987157377 0
916 4.002799831011712 1.37535799972711 0
917 8.266801571677195 0.6166087184349699 0
918 3.937444230096789 0.397575253755382 0
919 5.670191632504821 1.256464374842826 0
920 2.326312053728887 1.85823878582088 0
921 4.209740445320914 0.6512701327065066 0
922 10.78122341177282 1.634291518285439 0
923 5.124499361618228 1.340996482362718 0
924 11.72018181334707 1.370319098013816 0
925 9.660321560604158 1.321672382365423 0
926 7.509725294435183 0.6325636014741494 0
927 5.293128037293631 0.3876345352175899 0
928 2.08839644973831 1.026562070587169 0
929 11.50838067163853 0.1343423859450229 0
930 1.948562934687601 1.08675106512662 0
931 3.926354435256773 1.858658903013016 0
932 8.949135350031522 0.9939711471310511 0
933 8.245222210268139 0.9140608537232953 0
934 9.639700231709812 0.9167502544553913 0
935 10.26857639668868 1.594504072202153 0
936 11.61476120320516 1.634322472928143 0
937 9.71297477245006 0.6289645727405746 0
938 11.69006676566741 0.6295034815156861 0
939 10.49319143380374 0.6314775390869052 0
940 7.514428579829136 1.368238193440911 0
941 3.886434244328008 1.654786551378838 0
942 5.319191949047643 1.68550271608663 0
943 4.787736688462892 0.7152402682142356 0
944 4.893586022762825 0.9087428878233188 0
945 3.453054428833111 0.1435715758558357 0
946 2.122442945874142 0.1180818253979828 0
947 12.07380099005803 1.857524747096212 0
948 1.743435392099655 1.397370821563957 0
949 11.76419558689056 0.9112867005768992 0
950 5.701393023801129 0.1189183299219929 0
951 5.146526349561345 0.1590055512176442 0
952 3.231704298499553 0.8729121390944132 0
953 5.568630387260478 1.642520434420486 0
954 8.47906381916329 1.374779688764748 0
955 6.952965406924794 1.838172207576383 0
956 2.752882283878036 1.213333939759547 0
957 3.273808997971676 1.34435693461557 0
958 2.64484104658653 1.34002152430136 0
959 6.909158048229434 0.4292708817211562 0
960 2.94854792902255 0.3271421894135616 0
961 1.475361955327778 1.340610308812552 0
962 10.59016935560382 0.8924250448907146 0
963 10.57263698964897 1.609098345030794 0
964 6.964891432290489 0.1553946265384031 0
965 3.025281984331795 1.115428594838932 0
966 6.918519046503341 1.651602052162383 0
967 6.394241007975933 1.364014031552391 0
968 4.004987035221053 1.138773506186057 0
969 1.825864528055909 1.502959510421134 0
970 9.625245081728638 1.858687679816549 0
971 4.465944579442958 1.089862652984994 0
972 9.509256547774253 1.367352619404234 0
973 5.030117434584892 1.069778746277082 0
974 4.115663209840704 0.9206107712527378 0
975 7.424850474796964 0.1529202763177432 0
976 10.46317557297599 1.449370145902152 0
977 10.82436101555619 0.3706354152053287 0
978 4.465545889689816 0.7475897268661423 0
979 6.029578684804239 0.901118054473958 0
980 8.499999999982903 0.1101927956264765 0
981 7.422957500366039 0.3490485212893723 0
982 2.389503722768848 1.057487880781684 0
983 7.804163158292783 0.5584676304350085 0
984 11.88865076273607 0.1140265934938256 0
985 9.419951935501288 1.63108838321915 0
986 10.23437577988913 0.4917554529025456 0
987 2.068413559197796 1.878319000343512 0
988 9.513847153102821 0.418698421585664 0
989 3.835826223843709 1.377163500787518 0
990 8.498024393257145 1.88526057324308 0
991 7.304074230303751 1.884382625682017 0
992 7.217092382999339 1.632687516125404 0
993 9.499999999986686 0.1090988994782547 0
994 4.941233235617729 0.6023538617789106 0
995 8.48140226266186 0.4114422480744594 0
996 2.143969093096286 1.672929784284816 0
997 11.58222938626686 1.134608232225974 0
998 7.220028956985463 0.3665510782234999 0
999 8.566147083249332 1.632940608226701 0
1000 11.06788068798339 0.2985095690366072 0
1001 6.232880559895166 1.126154857380319 0
1002 11.88692197329149 0.414599551234133 0
1003 9.838210767526485 1.130037735952992 0
1004 3.734322020010083 1.232878600467169 0
1005 10.93506468307505 0.5670477646717752 0
1006 8.196598481738736 1.157956928093152 0
1007 1.371741789599163 1.076903692888046 0
1008 11.43688709100267 0.4909656301337549 0
1009 7.407085547369835 1.643908289478474 0
1010 4.026536452770824 1.595560122394804 0
1011 9.769360150507762 0.9096763957294821 0
1012 11.26425009310238 1.63138045942368 0
1013 11.04343956657511 1.136791539940152 0
1014 2.49148654645078 0.1146303455940992 0
1015 11.80693995639819 1.853670856650648 0
1016 4.566540797434694 1.640086334480819 0
1017 10.42487689475382 0.9048434080319517 0
1018 12.34063022352989 1.866778332232098 0
1019 8.809294732758987 0.8739486374278995 0
1020 6.642670950153287 1.2903729869226 0
1021 11.63371742040334 0.9027566423073024 0
1022 2.625514357862457 0.9802680844605156 0
1023 6.494200366120846 1.241594626646607 0
1024 7.592773674454236 1.118302340908766 0
1025 3.319893804192917 1.473142975635703 0
1026 9.948863937348877 0.480304143136739 0
1027 7.406594213267134 1.098023928496191 0
1028 7.382387763560744 0.8685270748901364 0
1029 10.33989770320919 1.719290603232057 0
1030 4.463592486146908 0.55890000877316 0
1031 12.26561086686343 0.9040111984232425 0
1032 9.140076084280356 0.3029062141402718 0
1033 10.80144393180915 0.1440235158017108 0
1034 8.850914633169811 1.701554582847188 0
1035 2.147847822889652 1.371096352354602 0
1036 9.485790882818989 1.881308346724971 0
1037 5.940425791599914 0.5045707570184935 0
1038 12.6783680293976 1.880046363844976 0
1039 7.280119564617018 0.1187830567334378 0
1040 10.87099246642457 1.318032235560679 0
1041 12.67926034933796 0.1191540377438076 0
1042 8.392297400029786 1.641778378032004 0
1043 4.500000000034245 1.898181045190504 0
1044 6.476559220149808 1.50135323780806 0
1045 3.974361756042424 0.1402166249140068 0
1046 12.51394444705526 0.6887084233910104 0
1047 7.600414168508201 0.8890806113081904 0
1048 10.72138261779955 1.378099034991726 0
1049 5.474177192057264 0.556502597806765 0
1050 12.88958081153855 0.1104191884609599 0
1051 12.88958081153906 1.889580811538303 0
1052 2.418276924564342 1.28762614259382 0
1053 2.295233490547508 0.9737838992463561 0
1054 2.245273028439821 0.6075849038895845 0
1055 2.038098250024055 1.443125849586492 0
1056 1.006137717782423 1.382295176886164 0
1057 8.348219019044972 1.366815643538484 0
1058 4.841780933938784 1.660150831235533 0
1059 1.75487964930866 1.589967111128597 0
1060 7.751844347989398 1.512408522201062 0
1061 2.759653382406336 1.098314176997617 0
1062 2.703035022261487 1.154262292349045 0
1063 2.709806120789787 1.039242529587115 0
1064 11.63883116323071 1.086983357459295 0
1065 11.75097841563542 1.12414117703026 0
1066 11.69437663867157 1.171766051796939 0
1067 12.02110969213774 1.58809724438929 0
1068 11.95146451412296 1.668527000051464 0
1069 11.903724919814 1.589226584411677 0
1070 12.00846380196314 1.732781887267095 0
1071 11.8910790296394 1.733911227289482 0
1072 5.091957877885948 0.5938910278679361 0
1073 5.217809988693979 0.5378886510165521 0
1074 5.195375144114312 0.6217664024764316 0
1075 5.144419349344847 0.7138897274205334 0
1076 5.270271460152878 0.6578873505691493 0
1077 0.5189311797521384 1.702389320652077 0
1078 0.4184062447047711 1.680872381730195 0
1079 0.451046241042504 1.589856440034348 0
1080 4.352317132404695 0.1123226004307672 0
1081 4.252317132405121 0.1123226004307672 0
1082 3.145616781587 0.1070527938632928 0
1083 3.045616781587396 0.1070527938632928 0
1084 2.873343960451392 1.454244432323349 0
1085 2.871039251446634 1.344937736463421 0
1086 2.962171326735098 1.405298375913583 0
1087 2.845636019581549 1.876972791333155 0
1088 2.945636019582311 1.876972791333155 0
1089 2.83570156424338 0.08917290766001546 0
1090 2.75334515150361 0.176321188020251 0
1091 2.717643587258654 0.0871482803602355 0
1092 5.193970256949774 0.9390627014549222 0
1093 5.154845135623026 0.8248459553302729 0
1094 5.25844078671016 0.8642274216379005 0
1095 0.3909090615559041 1.762156535387642 0
1096 0.3230241228462696 1.649623654769913 0
1097 11.28241395453641 0.07921859660744236 0
1098 11.29032876797696 0.2133216761546194 0
1099 11.20791481343372 0.134103079547177 0
1100 2.879693522943297 1.537188982643092 0
1101 2.788561447654833 1.47682834319293 0
1102 12.47365734599807 0.09345747157801204 0
1103 12.46381555153024 0.2299388933080712 0
1104 12.39015820552989 0.1364814217300591 0
1105 11.58781457272332 1.211189103660342 0
1106 11.69996182512803 1.248346923231308 0
1107 9.607488111107767 1.136080801907786 0
1108 9.67904405641977 1.196237742581087 0
1109 9.588765615292154 1.261515441692123 0
1110 6.250000000037847 1.90083720163284 0
1111 6.350000000037921 1.90083720163284 0
1112 3.030305637102512 0.5489696606895133 0
1113 2.957788788914614 0.6143735129409037 0
1114 2.931870266538385 0.5410510162410811 0
1115 4.870371651198189 1.899243889914188 0
1116 4.97037165119891 1.899243889914188 0
1117 1.142284446333642 1.07971959778016 0
1118 1.070503720670567 1.07971959778016 0
1119 2.53129560066647 1.888930419705653 0
1120 2.572661136023255 1.809084413799037 0
1121 2.64136553537657 1.920153994093384 0
1122 1.763846429527901 1.068729055682096 0
1123 1.707806560396389 1.068729055682096 0
1124 5.340711773438672 0.6972423629465663 0
1125 5.289755978669207 0.7893656878906681 0
1126 5.40081437423995 0.6434062030542591 0
1127 5.420298892756279 0.7748845403757779 0
1128 10.51352131238091 0.07791248967048045 0
1129 10.61352131238129 0.07791248967048045 0
1130 10.12043336642624 1.925553807706105 0
1131 10.11399286603296 1.793505572834476 0
1132 10.19355949962369 1.867951765128371 0
1133 5.555886263146778 1.219265409309581 0
1134 5.534119081800929 1.131403396732838 0
1135 5.648424451158972 1.168602362266083 0
1136 12.17639789863424 0.2574404046808135 0
1137 12.3062633318698 0.2143241821381378 0
1138 12.2504509778265 0.3160790660027941 0
1139 2.823004896689364 1.177936693812629 0
1140 2.829775995217664 1.062916931050699 0
1141 1.826789442662244 1.057628647414874 0
1142 1.79881491253637 1.12635770309697 0
1143 1.668551353876105 1.129011319480685 0
1144 1.640486014870467 1.060282263798589 0
1145 2.028623145365573 1.384603771036279 0
1146 1.966676938642399 1.400714388598527 0
1147 1.957201833983917 1.342192310048314 0
1148 6.349999999985876 0.09041688815888543 0
1149 6.249999999986303 0.09041688815888543 0
1150 11.84432538136576 0.0570132967469128 0
1151 11.7871906977236 0.1452373758372723 0
1152 11.74286531635328 0.08822407909035945 0
1153 3.247965143586658 0.06951609843984848 0
1154 3.193581925176183 0.1765688923031413 0
1155 10.42644084545634 0.117038062810013 0
1156 10.53996215784712 0.1949505524804935 0
1157 9.760273737111362 1.173500178879937 0
1158 9.741551241295749 1.298934818664273 0
1159 8.583483367796323 0.3052362219278589 0
1160 8.568211251552711 0.2020523067084452 0
1161 8.672245601611387 0.2497182946523485 0
1162 8.248737803135253 1.114443342582895 0
1163 8.354328086421964 1.141569890140559 0
1164 8.302188765025445 1.185083475650816 0
1165 2.232575500258395 1.023835525588105 0
1166 2.210805260060662 1.087252194884387 0
1167 2.161747938002275 1.038654240764286 0
1168 9.348935916448289 1.206370274285968 0
1169 9.42438577387035 1.153971906960727 0
1170 9.44175981255809 1.253756868344063 0
1171 9.508604835000682 1.10067925051025 0
1172 9.415780938890881 1.053292656452155 0
1173 0.9203653361626762 1.91282069885172 0
1174 0.9198883522304966 1.790355642578009 0
1175 0.9995230160754285 1.87753494372629 0
1176 11.99763047165448 0.3076036662384582 0
1177 11.96741235322901 0.2011407580033223 0
1178 12.09036742616547 0.2527323803103339 0
1179 7.989708883501027 1.732416419126446 0
1180 7.899862298511441 1.683656002126831 0
1181 7.988346507300935 1.623256427847124 0
1182 5.385892601752598 0.3882423441912656 0
1183 5.312129940620897 0.2925370402592993 0
1184 5.404894505079866 0.2931448492329749 0
1185 9.306303947382187 0.276439226042283 0
1186 9.413055313802577 0.214486330822123 0
1187 9.408028226590821 0.3183071290584321 0
1188 12.51091817198618 1.695822786635399 0
1189 12.42095055325603 1.646074548205115 0
1190 12.53999806210657 1.619052063744011 0
1191 1.55909250376746 1.513624820870583 0
1192 1.560865232079142 1.614820826874922 0
1193 1.500266384049966 1.56217556564973 0
1194 1.992325000790543 1.473123037544253 0
1195 1.920903689408887 1.430711576556289 0
1196 2.114187073771426 1.064316490323868 0
1197 2.135957313969159 1.000899821027586 0
1198 9.659613358010116 1.572211027765682 0
1199 9.643727509240875 1.674180878139229 0
1200 9.571549237364625 1.626709659370169 0
1201 1.081309359117308 1.79026061606203 0
1202 1.081786343049487 1.91272567233574 0
1203 2.43129560066571 1.888930419705653 0
1204 5.434357753354759 0.1918190635340017 0
1205 5.508120414486459 0.287524367465968 0
1206 11.88079868600475 0.3353057975827898 0
1207 11.7790176309576 0.4193160473508893 0
1208 11.77289434367086 0.3400222936995461 0
1209 12.34561574915194 0.356497380811932 0
1210 12.21575031591638 0.3996136033546078 0
1211 0.5369025520121937 1.11219916775013 0
1212 0.4474141469787544 1.186135576767272 0
1213 0.4626202784843631 1.073936409017142 0
1214 2.474836309559355 1.472067696271042 0
1215 2.382214185188412 1.47658317542453 0
1216 2.409340764905078 1.39110160702388 0
1217 2.277571458108281 0.7914355611170771 0
1218 2.211491442635635 0.8494393534902339 0
1219 2.199338298395242 0.7842332187150418 0
1220 2.727351561658737 1.614753206184449 0
1221 2.843091524644264 1.656859238089492 0
1222 2.775532076156263 1.711839550761268 0
1223 2.927874037440823 1.634275327219911 0
1224 7.352037115168844 1.942191312841009 0
1225 7.404708944430451 1.840460881468564 0
1226 7.452671829295543 1.898269568627555 0
1227 11.67842196066741 0.3002403508241823 0
1228 11.78020301571457 0.2162301010560827 0
1229 9.886462843126722 0.6834666358525373 0
1230 9.810861819320444 0.7032736399438951 0
1231 9.788575796256339 0.6091575686492168 0
1232 4.213338324089346 0.9629095180723249 0
1233 4.20894106511071 0.8696950518069009 0
1234 4.306616179359352 0.9119937986264879 0
1235 5.492586389317115 1.273719053063432 0
1236 5.606891758675157 1.310918018596676 0
1237 5.794586769312375 0.2262480216676208 0
1238 5.839681934524849 0.3010666061622138 0
1239 5.757190708519978 0.3345955297380991 0
1240 1.255630769185913 1.443177781085497 0
1241 1.35775678432908 1.495069240571042 0
1242 1.258868871663044 1.531899619117989 0
1243 5.905127839410254 0.3852396069278938 0
1244 5.94252390020265 0.2768920988574155 0
1245 8.199677878803145 1.229465509073218 0
1246 8.305268162089856 1.256592056630882 0
1247 1.431516999583929 1.623581325128802 0
1248 1.429744271272247 1.522385319124462 0
1249 2.561191657241946 1.723797179133765 0
1250 2.455150465577923 1.667705052041499 0
1251 2.553750921506713 1.613641391763959 0
1252 9.800293249958111 0.7812204003924891 0
1253 9.702406203087728 0.7069113331891685 0
1254 4.73926858412807 1.899165059046228 0
1255 4.809640235289731 1.798408948960415 0
1256 9.085314559890719 1.304072182983179 0
1257 9.189838876651301 1.331803807634 0
1258 9.107880107150976 1.406465943869953 0
1259 7.921021827958941 0.5646649300770437 0
1260 8.005595639021143 0.498574621374532 0
1261 8.004331758506268 0.6133308395495177 0
1262 8.085780898270905 0.4396063275543634 0
1263 8.002470967723578 0.3909404180818893 0
1264 12.57485223243363 1.756314886817486 0
1265 12.45580472358309 1.783337371278589 0
1266 2.317189761477999 0.6580103897805646 0
1267 2.410014876882493 0.6748363915752285 0
1268 2.358243429272382 0.7430554281365489 0
1269 12.31610512633763 0.07784276040807861 0
1270 3.713624851215333 0.6379935659029717 0
1271 3.785768450858948 0.5579191288241652 0
1272 3.838654401894628 0.6445971797034963 0
1273 3.845178304870808 0.469202145572767 0
1274 3.720148754191513 0.4625985317722425 0
1275 12.678115017968 0.9432831075643703 0
1276 12.78554480461063 1.004425637010629 0
1277 12.67995230916448 1.061142529446413 0
1278 11.14897862963843 0.2127862672343776 0
1279 11.14106381619788 0.07868318768720049 0
1280 11.63487345393947 1.89648899658811 0
1281 11.73834343213432 1.823324424913434 0
1282 11.70346997820334 1.926835428325324 0
1283 3.205773164973446 0.6380597547085352 0
1284 3.309553400905957 0.6532746866234371 0
1285 3.267958258153385 0.7494793930980936 0
1286 3.457839963142332 0.9234114098364487 0
1287 3.522864545602865 0.9808998536029778 0
1288 3.413715946891022 1.029211493048792 0
1289 10.01062908190685 0.93919901706773 0
1290 10.11286303486412 0.9884349474129889 0
1291 10.01098142163466 1.047623750955549 0
1292 11.20937495236521 0.9395238396316479 0
1293 11.30917596680272 0.9863369171357137 0
1294 11.20019898557253 1.046951357782621 0
1295 1.984818002524085 1.268776827690207 0
1296 1.92287179580091 1.284887445252456 0
1297 10.41895331779908 1.242813377650891 0
1298 10.39835893760422 1.131017395893989 0
1299 10.50974570917359 1.181282625712947 0
1300 1.785618658778189 1.678551955688617 0
1301 1.806153588392709 1.750304655144744 0
1302 1.719329791220858 1.768788674472013 0
1303 3.420511638197945 0.6823713669897293 0
1304 3.358326545018005 0.5709517286001709 0
1305 3.563560246502035 1.085833620771313 0
1306 3.607684262753345 0.9800335375589699 0
1307 3.030357035682517 1.573295740538203 0
1308 2.993755037383484 1.692965995984603 0
1309 7.819115674282117 0.2911754188082918 0
1310 7.914228296288369 0.3295571158979616 0
1311 7.827173086467564 0.4115270148123882 0
1312 7.994413555538131 0.2705888220777929 0
1313 11.55023964608553 1.912028438951681 0
1314 11.58511310001651 1.808517435539791 0
1315 5.595084546159351 0.8897563274173947 0
1316 5.58034895958901 0.8086654582148811 0
1317 5.672171756734229 0.7910404363418047 0
1318 10.71478273544413 0.443710127702779 0
1319 10.7321366496566 0.3662634646122513 0
1320 10.80700710134371 0.4480820782958562 0
1321 2.132027659247295 0.7692222523583898 0
1322 2.198107674719941 0.711218459985233 0
1323 9.614079217354558 0.2169522392615647 0
1324 9.718857861214403 0.2997840499139516 0
1325 9.619558236871058 0.339186044490659 0
1326 0.6529092207217666 1.559180183438746 0
1327 0.5797147463407413 1.51405481411172 0
1328 0.6810527909726366 1.461861618594235 0
1329 1.037221769816003 1.138557349033555 0
1330 0.9947294350016933 1.058837751253396 0
1331 3.700905321953714 0.3820860331512191 0
1332 3.640321433802252 0.2948647105749492 0
1333 3.718974720051911 0.2866602259445744 0
1334 9.619092016916863 0.4203581383643549 0
1335 9.514313373057016 0.337526327711968 0
1336 5.491831621285844 0.814214864886971 0
1337 5.568918831860723 0.7154989738113808 0
1338 3.00543395660678 1.783101925524007 0
1339 3.059797937047301 1.906129134190852 0
1340 10.62171693466183 0.4423711498008474 0
1341 10.69658738634894 0.5241897634844523 0
1342 10.03677883423296 1.590106575903703 0
1343 10.16046330689311 1.629787416858116 0
1344 10.06343452657027 1.696222689302329 0
1345 10.22434750651489 0.6117958202347902 0
1346 10.33397482895558 0.6824006379649883 0
1347 10.21387504088585 0.7030290218844504 0
1348 11.42568673440868 0.6120730084253307 0
1349 11.53579333799129 0.6831424341443051 0
1350 11.41703277781429 0.7040480062632897 0
1351 9.487807662048336 1.679883946481433 0
1352 9.503693510817577 1.577914096107886 0
1353 0.6653831933094294 1.359396308319464 0
1354 0.5647773685490982 1.320567292383735 0
1355 0.6223022452669162 1.26322735143599 0
1356 7.984221358307068 1.067315347575314 0
1357 7.886964328168749 1.007969121633646 0
1358 7.992619862272099 0.9586251382532434 0
1359 10.2562356257445 1.793222620735511 0
1360 10.26267612613778 1.92527085560714 0
1361 9.407562006636626 0.399479222932128 0
1362 3.770054925435187 0.8309667457458178 0
1363 3.670293805236768 0.9061808225499836 0
1364 3.666749682052595 0.7998856935864687 0
1365 7.552671829294937 1.898269568627555 0
1366 4.904130289875774 1.192050497254841 0
1367 4.832953470778119 1.234126225083347 0
1368 4.818313627944534 1.123132468086308 0
1369 8.584459990258431 0.3821722289731108 0
1370 8.480425640199753 0.3345062410292075 0
1371 2.787001554937572 1.797126785426539 0
1372 2.671261591952046 1.755020753521497 0
1373 11.3826929641431 0.391233641466481 0
1374 11.25936096960729 0.356917060139464 0
1375 11.33916162141008 0.3025227404213711 0
1376 8.815777701969315 1.150030699785604 0
1377 8.730631026536813 1.19840527791735 0
1378 8.720925205055799 1.085486171639513 0
1379 0.3057143992172214 1.418072531803886 0
1380 0.3777949188534807 1.465198381041941 0
1381 0.2784407863588773 1.52121365187441 0
1382 1.880122321466192 1.057628647414874 0
1383 11.6428653163529 0.08822407909035945 0
1384 5.492825186673823 1.466767879228882 0
1385 5.597013341389728 1.431427617786091 0
1386 5.546246643218056 1.532823834664446 0
1387 0.8569204813839831 1.084870337902498 0
1388 0.7776681406633479 1.084870337902498 0
1389 3.360214929258192 0.8682086871476292 0
1390 3.469363527970036 0.819897047701815 0
1391 4.968443825322275 1.145969491597564 0
1392 4.98308366815586 1.256963248594603 0
1393 10.69999695778614 1.550653077422679 0
1394 10.6769302007109 1.621694931658116 0
1395 10.59570374672422 1.538056490795356 0
1396 1.248696227812 1.198553877748486 0
1397 1.31399811169864 1.146572449786991 0
1398 1.306242693778857 1.233498377836495 0
1399 11.88166308072704 0.1850193187126361 0
1400 1.188200823458484 1.57140662440178 0
1401 1.290326838601651 1.623298083887326 0
1402 5.81236340215685 0.9100376572657033 0
1403 5.893358167447793 0.9132161944976783 0
1404 5.84250939507923 1.011379174575971 0
1405 3.055392726756327 1.374324701481677 0
1406 3.057697435761085 1.483631397341605 0
1407 10.80088067061968 1.56046004509907 0
1408 10.719654216633 1.47682160423631 0
1409 3.012553952577837 0.686739551510081 0
1410 2.91411858201371 0.6788209070616489 0
1411 2.855293479585013 0.5246250053011818 0
1412 2.927810327772911 0.4592211530497913 0
1413 5.783636122524275 1.633213640091704 0
1414 5.872095578015994 1.681330902122159 0
1415 5.784775013147322 1.760651650545007 0
1416 5.775059758914992 0.8420029913658645 0
1417 5.724210986546428 0.940165971444157 0
1418 1.191615738244229 1.744128216921299 0
1419 1.113856483473942 1.715085376105703 0
1420 1.141899535626804 1.633762248355522 0
1421 0.6092969622663115 1.071432543706521 0
1422 0.5940908307607029 1.183631711456652 0
1423 8.005531978476133 0.8419446533531997 0
1424 8.102789008614453 0.901290879294868 0
1425 11.41366076251278 0.2476382574816364 0
1426 8.397825513207586 1.047073376913082 0
1427 8.36944380467806 0.9743550007141574 0
1428 8.466392193353874 0.9504986205546019 0
1429 7.814610260393836 1.617997073227208 0
1430 7.815972636593928 1.72715706450653 0
1431 8.273049667399956 0.9924953053979666 0
1432 8.341616347546243 0.895920549039486 0
1433 2.741365535377332 1.920153994093384 0
1434 0.3364652089269002 1.32271078111695 0
1435 0.2371110764322968 1.37872605194942 0
1436 4.404913975742332 1.15278071004378 0
1437 4.519657500942239 1.168388432281148 0
1438 4.458626897241613 1.231306489339934 0
1439 4.406697673524812 1.297587577666973 0
1440 4.521441198724719 1.313195299904341 0
1441 2.062639020411952 0.539789042605122 0
1442 2.062639020411952 0.6098360887179484 0
1443 3.147557035388489 1.344504090221759 0
1444 3.052030926362502 1.266171068793737 0
1445 1.372697420542564 1.897038188601492 0
1446 1.448949706873839 1.812452104037575 0
1447 1.476252286341928 1.915413915436083 0
1448 4.442360178460264 0.08253345021715244 0
1449 4.394677310872609 0.1948560506479196 0
1450 2.923371630399525 1.048933739484151 0
1451 2.860020116116496 0.9693112226691394 0
1452 12.00375375894122 0.3868974198898014 0
1453 4.3997761703921 0.4226445044986708 0
1454 4.303324690356345 0.3506907479698315 0
1455 4.401085744852795 0.2965989573903736 0
1456 11.40052328022601 1.569934975314604 0
1457 11.46733453535073 1.484111482055723 0
1458 11.50696404390773 1.56384417378804 0
1459 8.781905561091445 0.273418223236396 0
1460 8.881142928638493 0.300195676652347 0
1461 8.786755085402049 0.3796796632877132 0
1462 9.192799461919051 1.720913265424408 0
1463 9.105404486624543 1.700530206469182 0
1464 9.184223285865077 1.610740550132893 0
1465 8.10230334719348 0.6659254626209152 0
1466 8.017729536131277 0.7320157713234268 0
1467 11.00596115911216 0.7614925848517893 0
1468 11.0191007177375 0.8554329813038046 0
1469 10.90379178142119 0.8216274670572199 0
1470 1.600416986983993 1.680203773334977 0
1471 1.659243106701488 1.63165302855583 0
1472 10.80874388609933 1.061301270965398 0
1473 10.82285737865512 1.166953088590511 0
1474 10.72863169451989 1.129886407492731 0
1475 4.735817025307648 0.1014925877688126 0
1476 4.635817025308075 0.1014925877688126 0
1477 3.583092102338642 0.2418191583726847 0
1478 3.565022704240445 0.3372449655793294 0
1479 10.98579057363451 0.6677163350657467 0
1480 11.10109950995081 0.7015218493123314 0
1481 1.893944445353424 1.757692218840395 0
1482 1.827655577796092 1.847928937623791 0
1483 3.430176283396689 1.89696776820352 0
1484 3.53017628339745 1.89696776820352 0
1485 1.297729745872083 1.34591360416827 0
1486 1.198841833206047 1.382743982715216 0
1487 3.12587771122615 0.5087511061117847 0
1488 3.151796233602379 0.5820736028116073 0
1489 3.075802404447832 0.4311204571974228 0
1490 3.197293000947699 0.4642243993195168 0
1491 2.15692241314092 1.588371385443528 0
1492 2.096939808820274 1.634635348624141 0
1493 2.109893128864909 1.550076949782853 0
1494 6.723596992208629 0.9346055406440442 0
1495 6.622674606209523 0.9809801544041867 0
1496 6.617913803342042 0.8973691154672991 0
1497 2.6918184520095 0.2483366322234017 0
1498 2.809876428994226 0.2503612595231816 0
1499 8.518618865507605 1.26715929397939 0
1500 8.521778788967726 1.17303538648987 0
1501 8.632618606163174 1.227984657260779 0
1502 8.565276215753348 1.078538873262393 0
1503 8.451276475097778 1.117713509981004 0
1504 2.361052700152017 1.608136651968512 0
1505 2.36849343588725 1.718292439338319 0
1506 0.2831756231829173 1.073936409017142 0
1507 0.2661122445550677 1.154118690012767 0
1508 0.1761559942870612 1.080182280995625 0
1509 2.370396573512775 0.8082615629117411 0
1510 8.34948613897777 1.899784743485329 0
1511 8.398498335592404 1.842415030106869 0
1512 8.44901219664251 1.94263028662154 0
1513 7.410218873769271 1.770078290213441 0
1514 7.30958415964257 1.814000034426894 0
1515 5.328881099995956 0.9035824340153174 0
1516 9.990308393372811 1.753824731880063 0
1517 5.564959509413628 0.9940608494899055 0
1518 5.656782306558846 0.976435827616829 0
1519 10.63654263822207 1.264308416293846 0
1520 10.5747643956076 1.224331562036343 0
1521 10.68096694446121 1.195561370860341 0
1522 6.946063665766478 0.301022750611485 0
1523 6.905177869204293 0.20308321034507 0
1524 7.005777228852675 0.253334166804818 0
1525 10.625861353584 1.335588821230787 0
1526 10.73206390243762 1.306818630054786 0
1527 1.581601747197135 1.060282263798589 0
1528 2.374942336674311 1.543237554425425 0
1529 2.309446792020033 1.462271465178263 0
1530 4.179010449574568 1.752581668409882 0
1531 4.073351152003845 1.796620414463909 0
1532 4.119153288834502 1.697519096563747 0
1533 12.73707228721739 0.7923854331042072 0
1534 12.66714558710588 0.8551889091342679 0
1535 12.62051036090911 0.7610081271098886 0
1536 12.56155309165972 0.9119058015700517 0
1537 6.614864906711598 0.7966336820552006 0
1538 6.513942520712492 0.8430082958153431 0
1539 9.656689420842495 0.08877512234242868 0
1540 9.606689420842294 0.1433245720815561 0
1541 9.549999999986888 0.05454944973912736 0
1542 3.2035311927551 0.2615819167124696 0
1543 3.305879554754757 0.2240452212890253 0
1544 10.38882888149427 1.027617793770381 0
1545 10.29803649011976 1.089148545708326 0
1546 11.4077648958665 1.423534261421274 0
1547 11.51420565954822 1.417443459894711 0
1548 11.92050616736247 1.269224666819694 0
1549 11.92767523660691 1.170179978386668 0
1550 12.04165751289309 1.230480773838457 0
1551 11.9730251231427 1.067421710038189 0
1552 11.85187377761207 1.106165603019425 0
1553 10.84619068961756 1.897265247227946 0
1554 10.94619068961696 1.897265247227946 0
1555 7.760296042563947 1.380245556092177 0
1556 7.681927306512742 1.313172639476427 0
1557 7.780345697118657 1.284641106811185 0
1558 0.103180133361309 1.437043901318178 0
1559 0.103180133361309 1.537043901318178 0
1560 1.176968432688547 1.222459500679154 0
1561 1.18472385060833 1.135533572629651 0
1562 0.3751185997632539 1.073936409017142 0
1563 1.423716976718061 1.728723974428527 0
1564 1.353194863940343 1.688933727903259 0
1565 9.908748167434107 0.8879852638787529 0
1566 10.01062978066357 0.8287964603361928 0
1567 10.18327070086096 0.3759493901026094 0
1568 10.09735906977712 0.3093882934354063 0
1569 10.18442944158115 0.2721767840733697 0
1570 10.00968673299671 0.2678718579268834 0
1571 10.00852799227652 0.3716444639561232 0
1572 0.7515814793351197 1.156302881609019 0
1573 0.692571902343049 1.071432543706521 0
1574 8.648372906849907 0.8303631150406781 0
1575 8.539423923171977 0.9062743228550247 0
1576 8.546959468502278 0.8018690365413301 0
1577 0.6268300139905729 1.653766290884469 0
1578 0.7281680586224681 1.601573095366984 0
1579 4.225037502528509 1.045778362981402 0
1580 4.127362388279867 1.003479616161815 0
1581 2.185275534631862 0.5865786464966524 0
1582 2.188035032005907 0.6518961987590828 0
1583 2.128037538197949 0.6308899413661506 0
1584 11.19392754935242 0.6203620900353021 0
1585 11.11027779655699 0.5296354571415789 0
1586 11.22327642143626 0.5422519476505922 0
1587 8.381617867600596 0.3295154048053141 0
1588 8.285254640264148 0.2891052332062192 0
1589 8.3830857904012 0.2171600623848606 0
1590 7.596887810062068 1.216343517167783 0
1591 7.608202770448294 1.292903191818173 0
1592 7.50311361944291 1.291678518790521 0
1593 3.384441625583392 0.2263149107770946 0
1594 3.480423900804973 0.2138854946164503 0
1595 3.411811097555254 0.2966288295377092 0
1596 3.710989506135938 1.011114589718319 0
1597 9.756689420842875 0.08877512234242868 0
1598 8.449999999982715 0.05509639781323825 0
1599 8.393361281523827 0.1434713432061211 0
1600 8.343361281523642 0.08837494539288286 0
1601 8.249486138978377 1.899784743485329 0
1602 8.382594490062701 0.406451411850566 0
1603 1.282526815735783 1.728440733187051 0
1604 5.67381169612822 0.3240792459280086 0
1605 5.586555755855144 0.2872900641897529 0
1606 5.624839603034427 0.2229877635052504 0
1607 3.930870310144148 0.6830795927093806 0
1608 3.858726710500533 0.7631540297881871 0
1609 1.369705141545591 1.351420842354157 0
1610 1.430126778283505 1.318552295491159 0
1611 1.414940318589864 1.373478855675551 0
1612 0.6946966555210341 1.222460727392381 0
1613 7.588153115893585 1.388507641099166 0
1614 2.767547084520482 1.303608866316367 0
1615 2.856374450804188 1.254662809906601 0
1616 5.760324172344651 0.7609121221633508 0
1617 5.9455288579606 1.732841166640768 0
1618 5.944389967337552 1.605403156187465 0
1619 10.00649829231799 0.705003455650734 0
1620 9.984212269253888 0.6108873843560556 0
1621 11.22125949049057 0.4485766379707214 0
1622 11.304909243286 0.5393032708644446 0
1623 2.98131834583243 0.1962257015233083 0
1624 2.935701564243301 0.08917290766001546 0
1625 5.469291647530048 1.385137216178375 0
1626 5.418286152001668 1.29348460689128 0
1627 3.148843881763997 1.132322709017782 0
1628 3.237476939925324 1.108503243599567 0
1629 3.23282829315599 1.212530992115604 0
1630 1.031593156499883 1.679894647496253 0
1631 3.486305068662359 0.3569176204300788 0
1632 3.390322793440779 0.3693470365907232 0
1633 3.580349463090716 0.7898594642419963 0
1634 3.680110583289135 0.7146453874378305 0
1635 4.829091578537822 0.07665147553647417 0
1636 4.76490860385483 0.1781440633052868 0
1637 4.212460715333575 0.7978487724626004 0
1638 4.119182860063568 0.8487644919084375 0
1639 0.4162516646672104 1.528464956361451 0
1640 0.4435252775255545 1.425323836290926 0
1641 12.69363718942902 1.148963652598428 0
1642 12.58620740278639 1.08782112315217 0
1643 5.660313215219391 1.37697397403224 0
1644 3.545774956637625 1.812205792937339 0
1645 3.61559867326757 1.915238024733819 0
1646 5.079948819584461 0.7887250072375551 0
1647 6.151678564072229 1.90999904026626 0
1648 6.201678564070916 1.8108362418991 0
1649 6.398132516020374 1.81130682024416 0
1650 6.448132516021761 1.91046961861132 0
1651 10.54987227941756 1.898757211291299 0
1652 10.59987227941726 1.83818924163031 0
1653 10.65000000001425 1.93943203033901 0
1654 2.340088220521959 0.9022984656842719 0
1655 2.420760191686059 0.8539183327037436 0
1656 4.997322328301655 0.7190148608883795 0
1657 5.007748114579834 0.829971088798119 0
1658 5.936617234339023 1.904384456287732 0
1659 5.988295798372169 1.814383496553992 0
1660 6.051678564072152 1.90999904026626 0
1661 2.255345671153854 0.6669071651157348 0
1662 2.541611633744787 1.520905036733985 0
1663 2.64765282540881 1.576997163826251 0
1664 4.909640867409967 0.2817647899135583 0
1665 4.978003974452911 0.3296149693166866 0
1666 4.891252388165897 0.3798368110473899 0
1667 2.158388230561302 0.9087372912781011 0
1668 2.236621390274341 0.9159396336801366 0
1669 1.625649717139771 1.763931902944026 0
1670 1.527271842517425 1.747099701263118 0
1671 6.814104373977985 0.9253019566656706 0
1672 6.828998186535602 0.8166040409621261 0
1673 6.92426637117244 0.8909114959206402 0
1674 6.870724727027112 0.6996825246169449 0
1675 6.760562729832659 0.7340729853619754 0
1676 5.734562122526697 1.314803054404466 0
1677 5.724683705241267 1.435312653593881 0
1678 3.482724429206576 0.7346567415531768 0
1679 3.335076357873903 1.080217287989826 0
1680 3.25109194648191 1.000009004892004 0
1681 8.24336128152326 0.08837494539288286 0
1682 6.515861079592234 0.5658507447884346 0
1683 6.425403372720715 0.481166235388743 0
1684 6.514876342315546 0.4557645358677847 0
1685 12.89185375670708 0.9432831075629875 0
1686 12.89185375670708 0.8432831075632681 0
1687 3.750827794990223 0.1978081080473624 0
1688 3.811411683141685 0.2850294306236323 0
1689 5.982009620193486 1.512525083808125 0
1690 5.913303282848835 1.448946624000831 0
1691 6.024356215649374 1.4075788161401 0
1692 6.448219379717008 0.08852717900175933 0
1693 6.398219379719079 0.1789440671606448 0
1694 6.19834202768218 0.1800137860790343 0
1695 6.148342027680537 0.08959689792014883 0
1696 8.183221472218442 0.3667163499441967 0
1697 8.186346143516008 0.4743505532368393 0
1698 11.11083403328174 0.8977181896884647 0
1699 11.21981101451193 0.8371037490415573 0
1700 4.335143530194465 1.602522629385865 0
1701 4.460611766805192 1.654554075554525 0
1702 4.350280823015952 1.70551179667838 0
1703 10.21209302521464 1.355057505340093 0
1704 10.22373691407969 1.457005264912527 0
1705 10.12216372569075 1.421723543887055 0
1706 2.926497063615516 1.219265563959683 0
1707 2.209182381778815 1.665826911775074 0
1708 2.22213570182345 1.581268512933786 0
1709 6.611840583372239 0.4381838314152525 0
1710 6.521382876500719 0.3534993220155609 0
1711 5.837529135118796 0.7108064325232504 0
1712 5.734641132938034 0.6598438774991904 0
1713 4.020015222017301 1.668558982506289 0
1714 4.125674519588024 1.624520236452262 0
1715 6.055442900138091 1.564035348326733 0
1716 9.289357189523793 1.370176402095039 0
1717 9.266791642263534 1.267782641208265 0
1718 0.5064634241517181 1.389396755119313 0
1719 0.4633824761092049 1.293227798235838 0
1720 5.472421321401434 1.044723896533404 0
1721 7.008813759450241 1.741160226511561 0
1722 6.935742226714067 1.744887129869383 0
1723 6.991590579239515 1.64787514880456 0
1724 8.438795135317566 0.7751297207431412 0
1725 8.547744118995496 0.6992185129287946 0
1726 5.251302963080104 1.062675818959631 0
1727 5.147707311992969 1.023294352652004 0
1728 2.492255606013787 0.6599404273034465 0
1729 2.451201938219404 0.5748953889474622 0
1730 5.694085949800705 1.044470493516668 0
1731 3.862270833684707 0.869449158751702 0
1732 1.426506168795116 1.43366348109197 0
1733 1.486927805533031 1.400794934228972 0
1734 9.598883276128298 1.035401551399214 0
1735 5.052241655869571 0.2890757902456995 0
1736 5.033853176625499 0.3871478113795311 0
1737 12.89369104790356 1.06114252944503 0
1738 6.416844141136801 0.867115124820008 0
1739 6.413795244506357 0.7663796914079095 0
1740 6.302820022940843 0.8873222297656136 0
1741 6.402967299146978 0.9639508341730474 0
1742 8.177853570622833 0.5819246246409879 0
1743 8.191251348247842 0.7006095564148971 0
1744 8.205902407607955 0.7858476186265155 0
1745 8.281452631037309 0.7018467806465883 0
1746 9.743091719462022 1.702426113765595 0
1747 9.655027598816531 1.756924745370083 0
1748 6.560037463169418 1.032013064292237 0
1749 6.665720652036004 1.069249489468982 0
1750 6.822732153050096 0.1253858970758685 0
1751 6.758757171368125 0.2017603740476969 0
1752 6.736025018300126 0.07637447697182842 0
1753 6.7324798765876 1.922964215726174 0
1754 6.743966067727239 1.798597469537113 0
1755 6.811486191177213 1.87563325381094 0
1756 1.998231138050647 1.54973056923274 0
1757 1.961176490247151 1.628204424662407 0
1758 1.909497103753536 1.581594080931681 0
1759 9.21056782328376 0.9547267776261729 0
1760 9.321487722457768 1.008019434077294 0
1761 9.220641978586542 1.053292656451512 0
1762 3.531497573318625 0.6523337835299106 0
1763 8.490706906837367 1.814517574184023 0
1764 8.391180849172624 1.771672031047811 0
1765 7.038996266433717 0.7488001487053304 0
1766 6.966292028339077 0.6682952376865593 0
1767 7.066128111042738 0.6348818061747941 0
1768 1.742773877790808 1.338690836280551 0
1769 1.676472412581359 1.367722306502363 0
1770 1.675810898272512 1.309042321218957 0
1771 10.67007656079951 1.422556835775823 0
1772 10.57455529658396 1.380046622014883 0
1773 10.21800652923143 0.8268220265699092 0
1774 10.10837920679073 0.7562172088397111 0
1775 11.42274565749615 0.8270134154835023 0
1776 11.31263905391355 0.7559439897645279 0
1777 9.507389796498948 0.1827265666582634 0
1778 4.215493709497811 0.1916249887607597 0
1779 4.163176577085893 0.07930238832999251 0
1780 8.76663344484783 0.1702343080169824 0
1781 10.20086090430088 1.041304312442763 0
1782 10.20050856457306 0.9328795785549437 0
1783 11.39835063324377 1.048975299328047 0
1784 11.40752660003645 0.9415477811770736 0
1785 4.129225969915405 1.181010772938171 0
1786 4.241472469380368 1.151023614086729 0
1787 4.231636872576742 1.245685925954009 0
1788 7.798175590605252 0.9500974011868704 0
1789 7.789777086640221 1.058787610508941 0
1790 4.327448405189847 1.110453515997239 0
1791 11.38241395453679 0.07921859660744236 0
1792 8.98818693142376 1.266191386127123 0
1793 9.070145700924083 1.19152924989117 0
1794 2.545659387985743 0.7990757998512652 0
1795 2.558092967192033 0.7183028083222913 0
1796 2.652683810500901 0.7574971782423436 0
1797 9.906520378705746 0.534827353847299 0
1798 10.02655582789702 0.5563641736454956 0
1799 10.44987227941816 1.898757211291299 0
1800 4.392169423763551 1.801273645134009 0
1801 4.266701187152824 1.749242198965349 0
1802 6.731905711837754 0.2933452058573828 0
1803 6.80282805636184 0.3415034414812068 0
1804 6.689269462081498 0.3840768531868526 0
1805 6.977910536822147 0.3902722943961945 0
1806 6.877311177173765 0.3400213379364466 0
1807 6.691272837154322 1.612122572973785 0
1808 6.799978352667393 1.659037620576116 0
1809 6.714266866803781 1.704351460019548 0
1810 9.298641624384439 1.726545828070543 0
1811 9.219822825143906 1.816335484406833 0
1812 9.839054508349294 0.843629551438349 0
1813 9.730598892116579 0.8472672446836222 0
1814 8.889544976472713 1.09538002327144 0
1815 8.899250797953727 1.208299129549277 0
1816 11.79632830217121 1.021382908681781 0
1817 5.557092507580252 0.3886158498887261 0
1818 9.897724281289655 1.242789736304068 0
1819 9.97429134072334 1.318112440556487 0
1820 9.899347981421025 1.351519959215542 0
1821 5.111241790253887 0.4283109543583004 0
1822 5.200609447667895 0.367121583763067 0
1823 5.203760379879622 0.4488239058128233 0
1824 5.442856352494369 1.895949839919251 0
1825 5.542856352494447 1.895949839919251 0
1826 5.714134474624883 0.5800430099063452 0
1827 5.70935436363502 0.4798809730931463 0
1828 5.807065984722316 0.5095761510458909 0
1829 10.70786681768694 0.7831102474422292 0
1830 10.67328455529087 0.8744667025431899 0
1831 10.62475161799989 0.8010685897897539 0
1832 2.394451627521022 1.818049812616093 0
1833 2.300353862095116 1.758481412543106 0
1834 10.02043336642684 1.925553807706105 0
1835 8.938002093392473 1.920411792920228 0
1836 8.994992424719612 1.825763253800577 0
1837 9.056990331351379 1.905351460880349 0
1838 2.478544613843664 0.4906577866016824 0
1839 2.504290480946743 0.3960097058059388 0
1840 2.559188534453777 0.4653513438799364 0
1841 2.599280028528945 0.6183618056945249 0
1842 6.928609563448484 1.117784178125771 0
1843 6.859963835290539 1.209838949635666 0
1844 6.840726830456879 1.09166418313408 0
1845 3.983883552341829 0.6105744151016102 0
1846 4.003955860947734 0.729131265186301 0
1847 9.044989390682614 0.07755083066146488 0
1848 8.983136092854153 0.1745179489619798 0
1849 8.938146702156349 0.09696711830051492 0
1850 8.489724508860274 0.183881514805216 0
1851 9.249417603575797 1.167997679824929 0
1852 9.138497704401789 1.114705023373808 0
1853 6.897856571636133 0.5857641820864086 0
1854 1.57625228634269 1.915413915436083 0
1855 6.362209317715986 0.275956901392932 0
1856 6.309486068299857 0.3633459192590736 0
1857 6.247276750571817 0.2682227941839124 0
1858 6.247276750569968 0.4240433432174924 0
1859 6.362209317714138 0.431777450426512 0
1860 2.617643587258854 0.0871482803602355 0
1861 7.695662807624851 0.4822004449086002 0
1862 7.608068488521747 0.5090351138209466 0
1863 7.644466145358209 0.3999799866350648 0
1864 10.66685345190541 1.089909553235228 0
1865 6.645198577087784 0.2443337857533428 0
1866 0.4431455917087244 1.896702631173962 0
1867 0.5431455917094852 1.896702631173962 0
1868 1.906122945005896 1.163364628862048 0
1869 1.905160430179157 1.101004179978184 0
1870 1.94952544951434 1.149111514010484 0
1871 1.849153492002974 1.581513723391241 0
1872 1.88620813980647 1.503039867961574 0
1873 7.80527939057963 1.432061272813999 0
1874 7.706860999973715 1.460592805479241 0
1875 10.81572477100531 0.969901226688426 0
1876 10.90995045514055 1.006967907786207 0
1877 6.635260552214168 1.751682421934782 0
1878 1.438310592649688 1.204434660009518 0
1879 1.42644426569033 1.141923608168104 0
1880 1.49321028067452 1.164841318302623 0
1881 9.09070135109312 0.5982831682192966 0
1882 9.176517689277752 0.6749994406609018 0
1883 9.063463913685766 0.6951099972021355 0
1884 3.680910303551941 1.607179084783337 0
1885 3.770474927407769 1.660089785487913 0
1886 3.694677387478387 1.719033645942045 0
1887 5.400413828525521 0.9429127585265105 0
1888 5.369573400912822 1.080255305769443 0
1889 6.882445716136292 0.07769731326920155 0
1890 4.491128790908364 0.2668098071767589 0
1891 7.054762206593562 1.374120297802695 0
1892 6.961428788281788 1.346786755631958 0
1893 7.041179986593919 1.263292486798093 0
1894 6.872981887648269 1.30500877405915 0
1895 6.886564107647912 1.415836585063752 0
1896 10.42200315148602 1.341708916917706 0
1897 10.31061637991664 1.291443687098749 0
1898 5.418524949358376 1.48653343305673 0
1899 4.705857153097414 0.7217279678966151 0
1900 4.62970860757143 0.6361649086744838 0
1901 4.711588142936909 0.6296772089921043 0
1902 4.789373269714309 0.6191965910190652 0
1903 4.713224724188326 0.533633531796934 0
1904 6.887968894620824 1.794719357599131 0
1905 6.876482703481184 1.919086103788192 0
1906 5.361060192687159 1.243809004709291 0
1907 5.337765450900092 1.355227167824234 0
1908 7.810911185395064 0.7283255986856149 0
1909 7.753113790819423 0.6678488397771044 0
1910 7.861960552868425 0.6189443893435189 0
1911 5.307177646107987 0.4766992804213187 0
1912 7.907560389788923 0.7893500302818022 0
1913 1.126768045188131 1.396637594949333 0
1914 1.168867021874301 1.299373418032106 0
1915 2.066629141461298 0.811611667038677 0
1916 2.066629141461298 0.8690737410203735 0
1917 7.048610631123322 0.1651611290037244 0
1918 7.089496427685507 0.2631006692701393 0
1919 11.37190663261718 0.5619721053390351 0
1920 11.49066719279417 0.5410665332200505 0
1921 7.790271392635585 1.167113760575575 0
1922 7.86864012868679 1.234186677191326 0
1923 10.16931174916714 0.562089828528399 0
1924 10.28941153723687 0.5414614446089368 0
1925 3.372348600103691 1.281914939870858 0
1926 3.440783120069453 1.225277882111098 0
1927 3.491670368855827 1.318481295284566 0
1928 10.57803497647418 0.7497386336465044 0
1929 10.54345271407811 0.8410950887474651 0
1930 8.275294144570371 0.5090346470308212 0
1931 2.236025338345743 1.5163694153907 0
1932 2.288285306983638 1.593824941722245 0
1933 4.01873569261233 1.263117779328399 0
1934 4.061095102061746 1.325515542266281 0
1935 3.960440421562296 1.312960236789228 0
1936 2.642188310911662 0.4314778978596455 0
1937 2.616442443808583 0.5261259786553892 0
1938 4.521144928530687 1.698814788663929 0
1939 4.622538982827154 1.719208226286638 0
1940 4.577143113923145 1.777936680469747 0
1941 11.80346997820273 1.926835428325324 0
1942 10.27734459373893 0.2472119097469629 0
1943 10.36861490286771 0.1948810321866896 0
1944 10.36161138179377 0.2864070031802994 0
1945 10.3421740574015 0.07784296937667655 0
1946 7.100061401917132 1.734682665879594 0
1947 7.044213049391685 1.831694646944417 0
1948 4.021869194930311 0.4568220534012217 0
1949 4.046320864106686 0.3741472048620711 0
1950 4.130745828940206 0.4333940045079108 0
1951 8.377999033678563 1.289512833373482 0
1952 8.275488147456263 1.333894866795884 0
1953 12.44863889019533 0.6526875450278583 0
1954 12.44848370330355 0.7522061711119134 0
1955 12.38317814644362 0.7161852927487613 0
1956 11.21760965780606 1.39448580423088 0
1957 11.15394347809328 1.336676913052012 0
1958 11.23633382029754 1.267191108823602 0
1959 11.09332484195569 1.240250260973015 0
1960 11.0746006794642 1.367544956380294 0
1961 10.11186760570882 1.208317732807715 0
1962 10.21039096041082 1.144703914566371 0
1963 10.2090431915277 1.256161966073278 0
1964 7.768111811377048 0.4658064740788634 0
1965 7.731714154540587 0.5748616012647452 0
1966 6.344623505109655 1.573955326524867 0
1967 6.299984930591564 1.64933835178485 0
1968 6.250632067911314 1.570788644260684 0
1969 6.252996746714879 1.723923036393174 0
1970 6.346988183913219 1.727089718657356 0
1971 6.875997665649683 1.512211650083457 0
1972 6.787550765016164 1.470433668510649 0
1973 4.062188704166416 1.207223295495755 0
1974 3.961534023666967 1.194667990018702 0
1975 10.68184640150408 1.802451196512566 0
1976 10.5817186809074 1.761776377464855 0
1977 12.62966218559479 0.6220459806227109 0
1978 12.68560668432598 0.5286365556139776 0
1979 12.74638155975181 0.6047952260710945 0
1980 12.73858498173476 0.4215344064824786 0
1981 12.62186560757774 0.4387851610340949 0
1982 12.60234073890181 1.560237978712175 0
1983 12.68756950815827 1.466603105738543 0
1984 12.71519445009317 1.575165429200663 0
1985 12.74670471372716 1.393528278956965 0
1986 12.6338510025358 1.378600828468477 0
1987 2.198507066758109 0.3802575903712229 0
1988 2.226323739854607 0.3014166057782873 0
1989 2.289065388530453 0.3787142964330813 0
1990 2.065398517785997 0.6751536409803789 0
1991 0.1858128216361101 1.565793557361886 0
1992 0.08263268827480115 1.628749656043709 0
1993 3.400100940334436 1.137705731756356 0
1994 3.519422709086572 1.174272087170063 0
1995 12.14617978020877 0.1509774964456776 0
1996 1.990322500426071 1.09688856651781 0
1997 1.99128501525281 1.159249015401675 0
1998 6.750219448687521 1.100967767112454 0
1999 6.818865176845466 1.008912995602558 0
2000 7.680664787067226 0.6842428106068411 0
2001 1.104894644670631 1.236353112913271 0
2002 5.117578726354095 1.108343108216897 0
2003 5.060246020223766 0.9847299907121884 0
2004 8.727471103076692 1.29252918540687 0
2005 2.568738213461452 1.435423468333335 0
2006 9.243687579471509 0.7435292769898744 0
2007 9.270925016878863 0.6467024480070355 0
2008 12.81950081999886 0.7928987742910191 0
2009 12.92764706329178 0.7496156667257008 0
2010 1.691430590372425 1.423641136246334 0
2011 1.624467610854129 1.39399262118474 0
2012 4.760159051079198 1.729240474663994 0
2013 4.891262118149317 1.729319305531954 0
2014 5.799784113398395 1.27184210824565 0
2015 5.878142746276471 1.257271419429 0
2016 5.877291245426648 1.358571045149457 0
2017 10.14925890524334 0.1028078437030833 0
2018 10.04925890524296 0.1028078437030833 0
2019 5.891859988670356 1.169176510123037 0
2020 5.969367120698609 1.255905447026843 0
2021 3.35609253613695 0.4857454378584857 0
2022 3.467050773428938 0.514842118224778 0
2023 5.625975351243262 0.4693646892830558 0
2024 5.718906861340695 0.3988978304226016 0
2025 7.850612337371523 1.896407996703077 0
2026 7.950612337370917 1.896407996703077 0
2027 0.8203653361619154 1.91282069885172 0
2028 3.281598565029846 0.4254566469661161 0
2029 11.24330506385599 1.905820337083681 0
2030 11.34330506385539 1.905820337083681 0
2031 0.9284435319557302 1.307381576701998 0
2032 0.8551275557671713 1.263984996626656 0
2033 0.9099936938439774 1.213137255880337 0
2034 9.718655826590481 0.5254912139418102 0
2035 9.79425685039676 0.5056842098504524 0
2036 1.181786343050248 1.91272567233574 0
2037 1.254483763582921 1.809763860937232 0
2038 1.272697420541802 1.897038188601492 0
2039 9.059334785907627 0.8018468340869991 0
2040 8.973518447722995 0.7251305616453938 0
2041 11.76335285221168 1.28962148469086 0
2042 11.65679078626342 1.329044536554264 0
2043 7.953085442041965 0.1046027599469326 0
2044 7.853085442041584 0.1046027599469326 0
2045 11.727336238633 0.4653383123022589 0
2046 11.83524058096689 0.4606218161855026 0
2047 7.798713627739921 0.8382544807153878 0
2048 5.609532592597219 1.57000200382107 0
2049 5.505344437881314 1.605342265263862 0
2050 8.321767056840832 0.5616927440937374 0
2051 8.330259629734005 0.4541186726895887 0
2052 6.060590187693728 1.738455750619297 0
2053 12.36224977242252 1.587604590916102 0
2054 12.32733547259859 1.501214694904314 0
2055 12.41511614355249 1.482913929301939 0
2056 10.99462599652598 1.827046548247394 0
2057 11.04843530692114 1.929781301019447 0
2058 3.123578435703745 1.542322066106297 0
2059 11.10111608801755 1.775602221805057 0
2060 10.99887147071337 1.743086168013556 0
2061 5.279989882755974 0.2322651310880535 0
2062 5.260987979428706 0.3273626260463441 0
2063 3.231523258251527 0.3478259980517543 0
2064 3.119225628672953 0.3003496690658703 0
2065 3.860777142048054 0.9686309373551397 0
2066 3.9494489271134 0.9008182213975091 0
2067 12.57365734599845 0.09345747157801204 0
2068 12.9011630292415 0.555692900530447 0
2069 12.9011630292415 0.4556929005307385 0
2070 12.90021160967482 1.540765278112989 0
2071 12.90021160967482 1.440765278112725 0
2072 5.130171229645313 1.787887677491195 0
2073 5.020371651199017 1.831414971344466 0
2074 5.050542880806147 1.754960485975104 0
2075 5.050000000038077 1.932171081430278 0
2076 3.715598673268332 1.915238024733819 0
2077 3.70771967892098 1.801210198057129 0
2078 3.792121005681567 1.88597217332331 0
2079 9.04053351543385 1.646947421823438 0
2080 9.049109691487825 1.757120137114954 0
2081 11.90346997820213 1.926835428325324 0
2082 11.87750913693889 1.825918485577881 0
2083 11.97403915874282 1.899083057252557 0
2084 7.505917162838858 0.7131227103292476 0
2085 7.605894858890623 0.7048968252966749 0
2086 7.602086727294298 0.7854559341517731 0
2087 7.584495222611786 0.6119095867843156 0
2088 12.21742495273814 1.534085240810464 0
2089 12.2702913238681 1.429394579196301 0
2090 9.039555699678697 0.915933699265324 0
2091 9.129501165641468 0.8859131348220657 0
2092 11.47090626845293 1.103762210231045 0
2093 11.37255563521921 1.148551346189685 0
2094 11.23633382029741 1.15157332646571 0
2095 11.13653280585989 1.104760248961644 0
2096 10.04294150759196 1.15312094947291 0
2097 9.940707554634678 1.103885019127652 0
2098 3.353336873925621 1.606862204387868 0
2099 3.448931236575501 1.67823393449035 0
2100 3.364758204117626 1.722563806304559 0
2101 12.45986939201709 1.921914735730338 0
2102 12.55986939201648 1.921914735730338 0
2103 4.979037666572533 1.710000915776329 0
2104 5.08883724501883 1.666473621923058 0
2105 10.44038177023401 0.3426716730686561 0
2106 10.34911146110523 0.3950025506289295 0
2107 3.107916954848474 1.722122338842299 0
2108 5.591225985553104 1.830764611645975 0
2109 5.648369633097356 1.934814771726725 0
2110 8.873711758223358 0.5894834087202637 0
2111 8.827884196947339 0.4835151046918307 0
2112 8.931820014225114 0.5124254207320972 0
2113 1.048152862758706 1.207986515757999 0
2114 1.040051451944461 1.284900433110951 0
2115 12.43270379263667 0.5055831904198075 0
2116 12.52548078105345 0.4701935121702513 0
2117 12.47611032175218 0.5812769884151501 0
2118 3.532732665195032 1.730029240822255 0
2119 3.521311335003027 1.614327638905564 0
2120 8.062384579260005 1.12277160304278 0
2121 7.956729045156656 1.172115586423183 0
2122 8.949791922861593 0.3515007027897912 0
2123 8.944942398550989 0.245239262738474 0
2124 7.701482655072088 1.1092420401288 0
2125 2.489416696267686 0.840632766882774 0
2126 2.459108343276869 0.9346696696553047 0
2127 8.930121453528917 1.772180469154833 0
2128 9.154616367241063 1.51227752984922 0
2129 9.050092050480481 1.4845459051984 0
2130 10.75000000001364 1.93943203033901 0
2131 10.79619068961787 1.836697277566957 0
2132 10.77803709110801 1.760284413401502 0
2133 9.051785087077253 0.225822975099424 0
2134 4.80694956604434 0.4275697727340783 0
2135 4.731606722844425 0.4538188650184351 0
2136 4.747546437923039 0.3582357239286185 0
2137 12.30196734203262 0.7846992540236145 0
2138 12.3021225289244 0.6851806279395595 0
2139 6.870745714410097 1.701434279892131 0
2140 10.73545897847101 0.940371475031641 0
2141 10.83666554751223 0.8860381118524503 0
2142 4.008546080651037 0.5402957978358756 0
2143 3.924121115817516 0.4810489981900359 0
2144 4.95980394081354 1.075417743267442 0
2145 5.038757319093627 1.140330494607204 0
2146 4.668478985456213 0.9985352823047451 0
2147 4.735213516953371 1.048280129424139 0
2148 4.68040227734972 1.115463348795421 0
2149 4.806390336051026 1.006204401595633 0
2150 7.12180243572063 0.8144699093074215 0
2151 7.021966353016969 0.8478833408191868 0
2152 9.513233108877202 1.284355560211528 0
2153 9.437783251455141 1.336753927536769 0
2154 12.89369104790356 1.161142529445282 0
2155 3.562777832363768 0.4904756712533667 0
2156 3.565011841244823 0.575681961995052 0
2157 2.027399676517079 1.218037214726171 0
2158 2.061729714700086 1.275342079522029 0
2159 11.02875722154233 1.642248375458524 0
2160 11.04368609824075 1.52841325890256 0
2161 11.12029043890337 1.577806725015256 0
2162 4.544761753710876 0.7379026972225684 0
2163 4.464569187918362 0.6532448678196512 0
2164 4.543785051939421 0.6435578381760773 0
2165 9.242011342535571 1.532660588804446 0
2166 9.31370544546431 1.458517368745885 0
2167 9.343312364088323 1.556980389029557 0
2168 9.390658211076545 1.39449620232015 0
2169 1.444984104436556 1.261923326156901 0
2170 1.378218089452365 1.239005616022382 0
2171 12.34712421028861 0.528349292414226 0
2172 12.39649466958988 0.4172658161693272 0
2173 7.701526386211393 0.8890729695906829 0
2174 1.110441568688197 1.542363783586185 0
2175 1.81366105262935 1.625017523744972 0
2176 1.790372088682284 1.546463310774865 0
2177 10.7244935337636 0.6176204380375885 0
2178 10.6314277329813 0.616281460135657 0
2179 3.821571043904666 1.601510887854022 0
2180 3.835338127831112 1.71336544901273 0
2181 8.554261250933172 1.348444126757523 0
2182 8.443421433737722 1.293494855986614 0
2183 6.274299018352936 0.7135376660482571 0
2184 6.329144640886305 0.6139206279966665 0
2185 6.371542487464035 0.6908694823609836 0
2186 8.964910999094657 0.430782285108739 0
2187 9.010738560370676 0.536750589137172 0
2188 9.894667069576808 1.452202591751117 0
2189 9.818100010143125 1.376879887498698 0
2190 10.41011921793947 0.781699486109432 0
2191 10.40834689856514 0.7025556893507768 0
2192 10.49496375317807 0.7106213358455603 0
2193 11.61765087385111 0.7799877628136365 0
2194 11.60860307353216 0.7023104567489751 0
2195 11.69911456598637 0.7071807875803475 0
2196 10.41881936419418 0.6113224877011165 0
2197 11.61725703012655 0.6103354589110162 0
2198 9.252515993427767 0.4792163179783275 0
2199 9.123792335962662 0.5166400325959384 0
2200 9.172553202705323 0.417683738896203 0
2201 0.9723785770898332 1.187104669231235 0
2202 8.617716885214424 0.6322296399321925 0
2203 8.67465062959711 0.5495372719086995 0
2204 8.712842196562896 0.6432654607034903 0
2205 8.72864682940029 0.4567376512758797 0
2206 8.63352151805182 0.4457018305045819 0
2207 7.198674428525516 1.053167727239675 0
2208 7.101060689660182 1.009944277948954 0
2209 7.202386261169217 0.956776550711999 0
2210 2.188314210506822 1.141568727001127 0
2211 2.170481055951091 1.20283450524984 0
2212 2.122144543248811 1.163336688309281 0
2213 3.182700938546462 1.641589242752486 0
2214 3.210041338625031 1.551924899555888 0
2215 10.9655302901163 0.1160059743469496 0
2216 10.86625225602468 0.188017732247805 0
2217 10.90072196590078 0.07201175790085539 0
2218 11.21409813483008 0.7141383398213448 0
2219 9.006120489812496 1.581129175786272 0
2220 8.95938422972241 1.475317589807005 0
2221 0.9793625166334129 1.440287381508642 0
2222 1.08144028715115 1.431151668259304 0
2223 1.05466508600214 1.489143872881781 0
2224 0.7982427319530857 1.330142842410018 0
2225 0.8139123296162929 1.432608152684789 0
2226 0.7385776676904546 1.40452167764649 0
2227 12.77286559380209 0.6987179922666398 0
2228 3.159797937048062 1.906129134190852 0
2229 4.578177203776418 0.1840260379859651 0
2230 4.542360178459837 0.08253345021715244 0
2231 9.712622540874015 1.929343839908274 0
2232 9.689818445383157 1.821928830406498 0
2233 9.777195904528535 1.892584990498224 0
2234 6.946765027392386 1.554608309399471 0
2235 6.847751684760637 1.609205392846368 0
2236 9.670388846038312 0.4643309681378812 0
2237 9.664707791897889 0.5678043269366455 0
2238 4.260481700878275 1.535233204973825 0
2239 4.370812644667516 1.484275483849971 0
2240 12.14254392170091 1.101915653359285 0
2241 12.06765594732338 1.020563903348842 0
2242 12.16137328688675 0.9910434713026955 0
2243 11.99185448832854 0.9565495279815991 0
2244 8.768146719149527 1.52937165613758 0
2245 8.856599637315561 1.505567049084017 0
2246 8.826959750888392 1.595705467448439 0
2247 12.33192859117952 1.121920102636067 0
2248 12.32752810237554 1.217528640742243 0
2249 12.23186077246029 1.168003759419316 0
2250 12.30383106369243 1.330068165407822 0
2251 12.40389888241166 1.283984508624573 0
2252 12.13479346122295 0.7231513801028683 0
2253 12.15369851851131 0.8316931552533323 0
2254 12.06758025522085 0.8011499461417879 0
2255 12.67705212716224 0.2254185248232018 0
2256 12.73414991431937 0.1650572792215496 0
2257 12.73194169214365 0.2713217663009437 0
2258 9.308078373470476 0.553194262606878 0
2259 9.375248263664233 0.6217240989358506 0
2260 9.356839240213137 0.4542379689071425 0
2261 6.468640867039726 0.6667626533563187 0
2262 10.8007219659004 0.07201175790085539 0
2263 4.549516041778917 0.5515070792715666 0
2264 7.01983656012856 1.550881406041649 0
2265 7.079604126576731 1.465363482195074 0
2266 7.12442967842386 1.558630321600163 0
2267 7.159355324888862 1.381869213361208 0
2268 4.691928738996241 1.723576216378883 0
2269 4.635930553603782 1.644454324573065 0
2270 7.269303723389404 0.3116769766922602 0
2271 7.176179393470809 0.2707393548462728 0
2272 7.225454159874749 0.2158652533150331 0
2273 9.440664188102339 1.775323778398342 0
2274 9.372808461555291 1.726528215136059 0
2275 1.950525821176527 1.702293743644767 0
2276 2.039259855473638 1.670430231945826 0
2277 7.584811368495002 0.1185944777474741 0
2278 7.497236605903741 0.1950546159063457 0
2279 7.512425237388225 0.07646013815887162 0
2280 7.007072540459353 0.9565812565227312 0
2281 12.37031511176676 1.933389166116049 0
2282 12.43018450378022 1.855303901846387 0
2283 4.17142957432411 1.56726785663959 0
2284 4.207098688797161 1.449020711103695 0
2285 0.8534172904190323 1.502633287026191 0
2286 0.9130823546816633 1.428254451789718 0
2287 8.530463790455251 0.4749718496059305 0
2288 11.94764925858812 1.354092666922627 0
2289 11.83366698230193 1.293791871470837 0
2290 9.417479201259175 1.556962776095073 0
2291 9.501220776575464 1.503788488983809 0
2292 12.71211661639676 1.727241032474161 0
2293 12.7363177906772 1.832864063309501 0
2294 12.65416685511716 1.774423333009636 0
2295 0.1665116102136895 1.388825567907187 0
2296 0.1972624199233683 1.293463817220251 0
2297 12.61107929849247 0.25929897752931 0
2298 12.61328752066819 0.1530344904499158 0
2299 7.089096282968529 0.540994503584855 0
2300 7.161800521063169 0.6214994146036261 0
2301 7.11571585920191 0.43944290954246 0
2302 7.020043449181479 0.4528253011136278 0
2303 9.91398945857885 1.758992053011286 0
2304 9.821310336142627 1.823306119335552 0
2305 9.847070931473898 1.720855914672183 0
2306 2.276353750184078 0.07243847951506752 0
2307 2.28781518978262 0.1716472457838285 0
2308 2.211461439598494 0.099208766268761 0
2309 11.19973470435209 1.547676033941486 0
2310 11.18480582765366 1.66151115049745 0
2311 7.299225674770755 0.4300378776312122 0
2312 7.321493228675751 0.3577997997564361 0
2313 7.400689946461043 0.4212865991641484 0
2314 6.690317690539752 0.774559792439807 0
2315 6.732044231031262 0.6576382760946258 0
2316 5.61948834328124 0.1525584558444939 0
2317 5.706744283554317 0.1893476375827495 0
2318 6.855723659276801 0.5232111753689752 0
2319 6.951290960588766 0.4918238884385895 0
2320 0.779792893841333 1.235898521588357 0
2321 4.220899050322167 1.848343516865511 0
2322 9.463124386679333 0.4734571675606785 0
2323 9.597180709761918 0.8095633961086192 0
2324 9.519677295340964 0.7506535768550851 0
2325 9.614334219304441 0.7259482743842284 0
2326 7.295355770025926 1.570156457133173 0
2327 7.200644813935686 1.552899956939496 0
2328 7.278908200962272 1.490368897947265 0
2329 8.508109213775125 1.494358683543825 0
2330 8.586859712205211 1.558356506647083 0
2331 8.487396584819248 1.568942785123443 0
2332 2.265722851653091 1.340979754000536 0
2333 2.232283231711893 1.383356719265985 0
2334 2.181287442830849 1.328719387089153 0
2335 7.281595542772504 0.5105683945263058 0
2336 7.202398824987212 0.4470815951185936 0
2337 11.60778029160469 0.5075999898869958 0
2338 11.68059002714556 0.5267680124916658 0
2339 11.97440003523803 0.1301480327845118 0
2340 0.0795463078296058 1.080182280995625 0
2341 8.673039586941723 1.551641239784734 0
2342 8.702679473368892 1.461502821420311 0
2343 8.713622644139875 1.380670901261728 0
2344 8.61851551193207 1.402940484908882 0
2345 9.230346909512694 0.8406399124478479 0
2346 7.390352352211174 1.575766843809708 0
2347 7.312088965184588 1.638297902801939 0
2348 12.06687545091821 1.485530976925977 0
2349 12.11461504522717 1.564831392565764 0
2350 12.09743462382815 1.395895293686967 0
2351 12.00392927073871 1.419161145510493 0
2352 11.39354470993183 1.817848776035362 0
2353 11.45023964608614 1.912028438951681 0
2354 10.72245810738352 1.680164925316275 0
2355 10.83680239549731 1.714411006370666 0
2356 5.836617234338947 1.904384456287732 0
2357 12.59905340671407 1.861937917652826 0
2358 8.479222241639558 1.637359493129353 0
2359 8.400471743209476 1.573361670026094 0
2360 11.00866465559077 0.9578530718938952 0
2361 4.750652409164458 1.253724583423922 0
2362 4.836469071095698 1.322642612592454 0
2363 6.781240538464876 0.5246932789137354 0
2364 6.834674927417509 0.4307529852659164 0
2365 8.524768251833461 1.688357591675833 0
2366 8.622918965072685 1.71815050065118 0
2367 8.581540133656812 1.773567484100312 0
2368 5.397702223489803 0.5611333117159063 0
2369 5.47728934280741 0.638775489145118 0
2370 9.665768932717604 0.8508041740465768 0
2371 9.571112008754128 0.8755094765174336 0
2372 7.984401154770907 1.515509278222384 0
2373 8.074247739760493 1.564269695221999 0
2374 8.159226476981681 1.52997249905563 0
2375 8.163171829511709 1.63771964868037 0
2376 12.07132513825236 1.762461203562644 0
2377 12.01093965376881 1.827845430800662 0
2378 5.696527411905809 1.791081965984 0
2379 5.591014131302899 1.752217034176526 0
2380 6.586346407910202 0.7201989727878511 0
2381 10.78550376155612 0.3148124393861191 0
2382 10.69327939565653 0.3104404887930418 0
2383 7.660785408543192 0.08195397931115317 0
2384 7.645596777058707 0.2005484570586272 0
2385 9.565143982224271 0.4626712513591902 0
2386 2.584007539576553 0.8798271368028263 0
2387 4.773550621855827 1.654486572950422 0
2388 11.8975937135868 0.9149860573022056 0
2389 11.99222453776749 0.8681282506128585 0
2390 11.97331948047912 0.7595864754623944 0
2391 10.29112130514613 1.492421649283859 0
2392 10.20119200562224 1.559087687830821 0
2393 7.225277390419983 1.78441726474211 0
2394 7.176276537428956 1.728952301218927 0
2395 7.266093235990365 1.688152479648587 0
2396 0.08389672107994171 1.816103278920181 0
2397 0.08389672107994171 1.916103278920181 0
2398 0.1838967210807017 1.916103278920181 0
2399 7.613074351396469 1.482645645704305 0
2400 7.53934981533202 1.46237619804605 0
2401 1.738992131441994 1.208734481180669 0
2402 1.786484527716666 1.178979170451696 0
2403 1.789604759756633 1.250255540268173 0
2404 9.091952814760287 0.3790068338270428 0
2405 9.220676472225392 0.341583119209432 0
2406 7.946803349639728 1.289642932658792 0
2407 8.052597326670028 1.342047193743954 0
2408 7.964508410200164 1.404118284512097 0
2409 8.136529831549009 1.378748317825271 0
2410 8.118824770988574 1.264272965971966 0
2411 0.5449201699654478 1.452663330438822 0
2412 0.5167765997145778 1.549981895283333 0
2413 10.92226713005075 1.693692701900861 0
2414 11.55762024768387 1.729189675415753 0
2415 11.64225405553781 1.713650233052181 0
2416 4.228606307006115 0.4137277255234444 0
2417 4.229915881466811 0.2876821784151472 0
2418 2.253260871936887 0.5325700924578007 0
2419 2.193263378128929 0.5115638350648686 0
2420 11.24805654363541 1.477086946020789 0
2421 11.3125719323857 1.560791371502983 0
2422 2.363156026873575 1.92911939291044 0
2423 11.47031604047279 1.736862272475142 0
2424 11.36338145824204 1.730654170607142 0
2425 2.113532759136947 0.5034601685606742 0
2426 2.181518096441972 0.4494516145218226 0
2427 10.24217405740112 0.07784296937667655 0
2428 10.19143296265509 0.1806508130797598 0
2429 1.866176391646023 1.289401578574882 0
2430 1.893792560186191 1.215986096216774 0
2431 3.570126655154632 1.367242377031345 0
2432 3.50169213518887 1.423879434791105 0
2433 9.835770841898244 1.63811204744133 0
2434 2.172682912535588 0.1582496789677524 0
2435 2.161221472937047 0.05904091269899142 0
2436 9.324754237113803 0.8123429197939815 0
2437 2.269902470411993 0.2491454221888338 0
2438 2.179344148639649 0.2506887161269755 0
2439 4.547589118723502 1.427020562380051 0
2440 4.535570368211396 1.513064822395366 0
2441 4.457493224495812 1.465520648246696 0
2442 5.118951643241978 1.488119034959125 0
2443 5.119579565275458 1.56896463281277 0
2444 5.016704108751735 1.540668453870639 0
2445 5.191084779509072 1.613924203011545 0
2446 8.883163651112117 1.636727721621033 0
2447 8.794710732946085 1.660532328674595 0
2448 1.849427540851009 1.167878762184474 0
2449 2.050893738724995 0.477676822062076 0
2450 7.003360707815652 1.052972433050407 0
2451 11.5119203239372 0.8896517976758356 0
2452 10.30600439866818 0.8796913915996831 0
2453 6.703811659755617 0.5788002571421352 0
2454 6.682762927896324 0.4863420670390765 0
2455 12.24830824867653 0.4997307270663102 0
2456 12.1531434773511 0.4593124122571722 0
2457 7.022597712649314 1.171147199551993 0
2458 4.589268584126929 1.848255581641479 0
2459 4.487874529830462 1.827862144018771 0
2460 12.13814343289693 1.197524191465462 0
2461 12.13097436365248 1.296568879898488 0
2462 0.06333147685238051 1.351781666589009 0
2463 0.916182849977477 1.572726122098563 0
2464 0.8170128249121066 1.577079822993634 0
2465 8.578486742675338 0.1283635875297057 0
2466 7.606400722459499 1.823354895254372 0
2467 7.653728893197286 1.925085326626817 0
2468 4.562723800243156 0.988061226686884 0
2469 4.617535039846807 0.920878007315602 0
2470 9.767988659880935 1.100420419374872 0
2471 9.830495844756914 1.203117495458057 0
2472 6.283150719037589 1.297267101001053 0
2473 6.179466264727854 1.305745576071719 0
2474 6.226148202640714 1.242655397890371 0
2475 3.20900211648317 1.290353696074694 0
2476 3.212363916876995 1.398507328762634 0
2477 4.673633921395899 0.8297838652562288 0
2478 4.567878736182843 0.8193098096383676 0
2479 10.77499305159591 0.7186996026469988 0
2480 10.84015270496355 0.6266079059957941 0
2481 11.73681297715485 0.5680737813262792 0
2482 6.281356608422808 1.180165890100012 0
2483 6.177672154113074 1.188644365170678 0
2484 3.235406319987615 1.462900349272701 0
2485 3.294528822830332 1.56216752591889 0
2486 0.0795463078296058 1.180182280995625 0
2487 7.533298560345145 0.5296891285107803 0
2488 10.38616457206505 0.5212173284163071 0
2489 10.4605366416746 0.5413723798020956 0
2490 10.95595626262792 1.509702794731287 0
2491 11.04748947998897 1.445261144288019 0
2492 3.110201090849808 0.6782783092862638 0
2493 2.989448867815077 1.035378312970761 0
2494 2.959204746916244 1.128984021352321 0
2495 2.25803432515855 1.836813639251386 0
2496 2.232076133524778 1.737056265973612 0
2497 4.320017093696515 1.316342413270248 0
2498 4.207770594231553 1.346329572121691 0
2499 12.51237312017166 1.51048974028189 0
2500 4.382831395179622 1.398231223834655 0
2501 0.5941900176528401 1.744782232580316 0
2502 1.312916205565725 1.290987043983877 0
2503 1.818683995371352 1.319156889303855 0
2504 0.6898985818110568 1.776598862260398 0
2505 0.5819997475726223 1.825221892028006 0
2506 12.05263099523673 0.4431545438173501 0
2507 11.935799209587 0.4708566751616816 0
2508 12.48694779950014 0.9842852707318734 0
2509 12.47597836863801 0.8961910723017711 0
2510 12.46680331017472 0.8197577609863829 0
2511 12.39219801801513 0.8921372301482046 0
2512 11.80023989285923 1.583938715788694 0
2513 11.72442047250219 1.651989406500997 0
2514 11.6905806235622 1.566271782215839 0
2515 1.00836379817046 1.551499496835523 0
2516 7.444023868440825 1.437931795790926 0
2517 7.468945103943709 1.532069800396065 0
2518 9.59045423516201 1.793683594780132 0
2519 3.629195415948108 0.09971945168415225 0
2520 3.55572263036678 0.1715052396120701 0
2521 3.526527214414439 0.07178578792791784 0
2522 3.543534400125969 0.4099631726323434 0
2523 3.641495467941854 0.4708030164026174 0
2524 0.08263268827480115 1.728749656043709 0
2525 0.1665294093547429 1.744852934963889 0
2526 11.48543714379222 0.2355908538467055 0
2527 11.59705565217483 0.1553952720628709 0
2528 11.57411212432851 0.2566437399645535 0
2529 4.998196226843383 0.1157714740914275 0
2530 4.927287805390993 0.1924229496279016 0
2531 4.929091578537395 0.07665147553647417 0
2532 2.118776447766127 0.3721539238670285 0
2533 1.69027894044407 1.253262390333751 0
2534 1.687158708404103 1.181986020517274 0
2535 7.650841600735915 0.3051671366088333 0
2536 7.726815640784105 0.2685266381725124 0
2537 10.88698101832957 1.208200093811928 0
2538 10.80686882675013 1.276785230339262 0
2539 10.94248725487559 1.294575269930987 0
2540 10.95847580678059 1.184743128182237 0
2541 2.39630388471237 0.5055537508734644 0
2542 2.109831294722527 0.8953564072932343 0
2543 2.043202153261229 0.9221931372254093 0
2544 5.568791831374287 0.09309929088349736 0
2545 5.468791831374714 0.09309929088349736 0
2546 8.588857620076592 1.844310483159369 0
2547 4.875312673087283 0.4754199521372065 0
2548 12.0166758219075 0.6098609850402771 0
2549 12.08518892799688 0.5432716675290524 0
2550 12.11718830402187 0.6260188534800992 0
2551 2.087400378130384 0.9875189370427194 0
2552 2.134961242361233 0.9618566874831369 0
2553 2.715212273896811 1.522016851154475 0
2554 2.708862711404906 1.439072300834733 0
2555 7.414081662002883 1.258785387887819 0
2556 7.371479439108107 1.200237930065849 0
2557 7.449196436161909 1.156571386318161 0
2558 10.0225321332029 0.4467325213006925 0
2559 10.10022402375104 0.5227925518094492 0
2560 1.214012241457095 1.055813974849492 0
2561 2.159519225732563 1.255472444190848 0
2562 2.225688892990574 1.233704482882695 0
2563 10.71352131238167 0.07791248967048045 0
2564 12.53226405392643 0.7562600132654799 0
2565 0.2134772509005936 1.221864431626867 0
2566 0.3204968797964497 1.215618559648384 0
2567 6.048342027680964 0.08959689792014883 0
2568 5.986881025346831 0.1859564469660165 0
2569 5.93853899765138 0.0963595490458677 0
2570 9.803257010456385 1.034595461703521 0
2571 9.733563351371572 0.9902397492631165 0
2572 9.839053809592574 0.9540321081698862 0
2573 7.219767461081163 1.854799855997234 0
2574 2.65225846042341 1.21768844598347 0
2575 2.698861665232283 1.276677732030453 0
2576 2.598237841777657 1.281032238254377 0
2577 7.296389675223494 1.232705315238023 0
2578 7.331504449382519 1.130491313668365 0
2579 2.992574301031068 1.205710137446293 0
2580 9.405665517290313 0.1408586636421143 0
2581 8.156575626361583 1.448845999621492 0
2582 8.2454997161128 1.522295953079863 0
2583 9.041370075934832 1.076824226517752 0
2584 11.10805360357994 1.173086878792443 0
2585 11.07191876885506 1.068464910109354 0
2586 1.541287381032673 1.111447397029193 0
2587 1.521658319879625 1.051165133230604 0
2588 2.158861778037603 1.437454669478422 0
2589 2.243297186859845 1.449715036389805 0
2590 7.563247281632812 0.3320018055211798 0
2591 2.880381503801184 0.8794073629385149 0
2592 2.888015500990472 0.7773368202026324 0
2593 2.961249748487646 0.8532574883667087 0
2594 0.6388541558677019 1.928519260854044 0
2595 11.52745699599409 1.641995069987532 0
2596 4.747261665873806 0.2674859035909434 0
2597 4.84053621910398 0.242644791358605 0
2598 7.719089192419085 1.75583439443027 0
2599 7.618032128516736 1.729018636431009 0
2600 9.836600409039891 0.4511609991398924 0
2601 0.3981067482348282 1.832354594035527 0
2602 0.3027246263763268 1.801105867075245 0
2603 4.991980314312732 0.9042120614853068 0
2604 4.909353823029926 0.834501915136131 0
2605 9.612622540874622 1.929343839908274 0
2606 8.429067402333164 0.4591095089134821 0
2607 4.406999387507233 0.8645916420294023 0
2608 4.411396646485869 0.9578061082948264 0
2609 11.14843530692054 1.929781301019447 0
2610 11.19174037076562 1.835601638103129 0
2611 11.19598584495301 1.751641257869291 0
2612 3.634251737699723 1.421438874663721 0
2613 3.62422997136668 1.316040735157182 0
2614 7.467647109405576 0.4601696662931679 0
2615 7.444073843495615 0.5630441392565369 0
2616 7.206224697286586 0.1468553441012418 0
2617 7.299349027205182 0.1877929659472291 0
2618 10.0432174388402 1.373309223891291 0
2619 10.04159373870883 1.264579000979817 0
2620 7.412425237388248 0.07646013815887162 0
2621 4.08929644906017 0.3070303951884683 0
2622 3.980419815050273 0.3304584440817793 0
2623 7.261102305831171 0.6125859666962288 0
2624 7.23813413390538 0.7064732692861677 0
2625 7.357929155614714 0.5955422492088474 0
2626 6.548132516021497 1.91046961861132 0
2627 8.509552552029714 0.6054903241340037 0
2628 8.478128930126555 0.5226391104449533 0
2629 8.408156163907627 0.5896279834415552 0
2630 9.91370305851483 0.2363934102776625 0
2631 10.00253413601543 0.1741372397569457 0
2632 9.953275230761079 0.07132939605386242 0
2633 2.264753830914556 1.274059310724867 0
2634 2.3157496197956 1.328696642901699 0
2635 5.351899090147327 1.919337164685243 0
2636 5.394755442603153 1.815287004604494 0
2637 10.6181648963216 1.667568338688953 0
2638 2.342447637885292 0.4394357147768508 0
2639 2.315104962261032 0.5236733171226305 0
2640 6.548219379716581 0.08852717900175933 0
2641 2.909975528755443 0.2527440023667962 0
2642 2.848448829261333 0.3247594465699469 0
2643 10.54835650968519 0.577164162334713 0
2644 10.51570171755606 0.4870590030499035 0
2645 7.75372889319668 1.925085326626817 0
2646 7.80434123053669 1.821493323329893 0
2647 7.998451341854677 1.822848229225431 0
2648 8.04783900451406 1.926440232522355 0
2649 8.086935550644171 1.762448654945724 0
2650 3.084738609663229 1.175889526186375 0
2651 9.520727135707187 1.804993928234344 0
2652 9.405727935214141 1.85163819688897 0
2653 1.619838162878181 1.173539228633767 0
2654 9.844114431633486 1.930721128837328 0
2655 9.905439204059228 1.169709976799003 0
2656 9.873479118101937 1.064212778281641 0
2657 3.374492358004475 0.1413018863677663 0
2658 8.000640409461841 0.1763955134410677 0
2659 8.088883080897048 0.2377788156249955 0
2660 8.047554967400883 0.07179275349413515 0
2661 7.54228616675546 1.166710592524448 0
2662 7.647375317760844 1.1679352655521 0
2663 5.673375177794782 1.605008980868103 0
2664 5.760695742663454 1.525688232445255 0
2665 12.03690049503204 1.928762373548106 0
2666 4.072291507506909 1.538307742582132 0
2667 12.24326129568842 0.8288528938188275 0
2668 12.17604808968633 0.9068514598577473 0
2669 11.53946532637218 1.06939719779769 0
2670 11.51367032834762 1.168973244659328 0
2671 0.790933618180913 1.671665930439357 0
2672 10.71424327829042 0.1499242475713358 0
2673 11.55400018981319 0.4574990868007003 0
2674 7.534807354696027 1.67652666995315 0
2675 7.647495824655614 1.609006169129048 0
2676 6.052326930232234 0.2701294477316966 0
2677 1.37164318363233 1.129210321381523 0
2678 1.426542871657163 1.089616979674627 0
2679 0.9719593326635343 1.625946032802966 0
2680 9.345785098330437 1.631105996153634 0
2681 10.34376972072387 1.590954692825735 0
2682 10.36631462918132 1.488872269907441 0
2683 11.33044688583967 1.407601141792378 0
2684 1.051465475819404 1.347781103576194 0
2685 8.143237687074578 1.087964146144032 0
2686 8.115745373924165 1.1927643849919 0
2687 7.81387085060491 0.1865567392580858 0
2688 7.760785408543573 0.08195397931115317 0
2689 9.853275230760701 0.07132939605386242 0
2690 9.809964651615729 0.1601045183962911 0
2691 0.3549611565291471 1.935651962861565 0
2692 1.972027810579911 1.799918026123814 0
2693 4.961851728673858 0.9892608170502004 0
2694 8.147839004513454 1.926440232522355 0
2695 8.197325143462741 1.826224976007683 0
2696 11.30000000001018 1.209382217644578 0
2697 11.37255563521934 1.264169128547576 0
2698 2.602411198806861 1.158616798572969 0
2699 9.668733391972598 0.9937766786260711 0
2700 9.704530191108788 0.9132133250924367 0
2701 4.653821596067025 0.4642994829914742 0
2702 1.923524825974636 1.04337553256331 0
2703 7.133345991200162 0.3589123926473664 0
2704 9.474616212569666 0.5976271843331936 0
2705 9.437462855978053 0.6911353697333511 0
2706 9.576635808114602 0.5868412681317055 0
2707 9.514421215800784 0.5174299973342047 0
2708 2.313452734353897 1.175646587584476 0
2709 2.259141772762942 1.126750011824946 0
2710 2.335943783907737 1.121330055467735 0
2711 7.260280954910556 1.387782164694547 0
2712 7.354991911000798 1.405038664888225 0
2713 7.235439034927387 1.296538980302168 0
2714 2.065398517785997 0.7385969083088683 0
2715 4.584585637756604 0.2857689447284191 0
2716 5.16846938980297 0.3068496745918212 0
2717 12.8971337759784 1.79284088138675 0
2718 12.82098562313203 1.713978331336685 0
2719 12.92385184715363 1.721137449949409 0
2720 12.9238518471541 0.2788625500494742 0
2721 12.81837158680449 0.2843428103993053 0
2722 12.8945197396504 0.2054802603494604 0
2723 4.929999516601916 1.562336358054091 0
2724 4.929371594568435 1.481490760200446 0
2725 4.891538234902507 0.9948998140405606 0
2726 7.115931130961087 1.198480741722729 0
2727 8.638307945571452 1.034314575562816 0
2728 8.723454621003953 0.9859399974310696 0
2729 8.567805631701503 0.9789926990539497 0
2730 8.901907676167147 0.775941426923612 0
2731 8.906036803945284 0.6692045900387484 0
2732 0.9193053646298388 1.058837751253396 0
2733 0.8990626009012743 1.143708089155893 0
2734 10.57626265709985 0.6705948368878492 0
2735 7.140877247487515 1.638417880786071 0
2736 8.709098839809197 1.71143523378883 0
2737 8.652326957985846 1.626225341364352 0
2738 2.307117118763965 0.5986881285544143 0
2739 9.817117248597006 0.2538391365662288 0
2740 2.050893738724995 0.4003386160965143 0
2741 7.878607177740606 1.463105017137222 0
2742 11.5668034522848 0.3804359326080168 0
2743 4.593519084147041 1.156316356626665 0
2744 4.539806162647761 1.07779057733051 0
2745 12.77560959028935 1.303430259186252 0
2746 12.82932809591182 1.391432536456317 0
2747 12.92911648623701 1.350667258342012 0
2748 12.92764706329178 0.6496156667259923 0
2749 12.82881009253328 0.6053085672579064 0
2750 1.857723217385253 1.927658250659721 0
2751 1.957723217386013 1.927658250659721 0
2752 2.899890734921045 0.3849686657617268 0
2753 2.799791635159827 0.3825859229181122 0
2754 9.4057067835881 0.9547267776268162 0
2755 11.78043354945198 0.7232012521457936 0
2756 11.87533424781219 0.7440545952900217 0
2757 11.80306306466554 0.8057114367892369 0
2758 2.126079605791365 1.297849409456298 0
2759 12.82406345682844 1.561902728063187 0
2760 12.73883468757199 1.65553760103682 0
2761 12.76127379964736 0.3447040560009576 0
2762 12.8250148763956 0.4345554505808402 0
2763 2.448777980740565 1.114102368976823 0
2764 2.529467926475611 1.140010529466887 0
2765 2.470944691233738 1.19613479171733 0
2766 9.262832493816161 1.910984023526484 0
2767 9.362832493815555 1.910984023526484 0
2768 8.188582685109092 1.735793165908698 0
2769 9.355665517290134 0.08630921390298695 0
2770 9.255665517289755 0.08630921390298695 0
2771 6.632479876588205 1.922964215726174 0
2772 5.83494464997076 1.463517312817481 0
2773 7.067730345947467 1.912608543156225 0
2774 7.167730345946861 1.912608543156225 0
2775 7.278207342766228 1.081479349421629 0
2776 7.176881771257194 1.134647076658584 0
2777 2.083497931798371 1.348589022420334 0
2778 10.3311288147173 0.4715113367099159 0
2779 2.779397819308477 0.549353700563785 0
2780 2.775337880543003 0.4675238373724953 0
2781 3.890354494088393 0.2968762832409012 0
2782 3.858501419150081 0.3857284011381131 0
2783 5.463885596726173 1.68003188797287 0
2784 5.402452326998919 1.738701197962566 0
2785 5.380625218774897 1.626833406096934 0
2786 8.728486742675912 0.07326718971646742 0
2787 8.628486742675531 0.07326718971646742 0
2788 6.636025018300552 0.07637447697182842 0
2789 3.933330079041877 0.2297594735672984 0
2790 12.13776821522057 1.738226107046781 0
2791 12.14024406702623 1.833289650580348 0
2792 2.68227980498683 0.5844883596742341 0
2793 4.254294893966193 1.922502023710489 0
2794 4.354294893966954 1.922502023710489 0
2795 7.361089818175612 1.693762866325123 0
2796 7.456214602963493 1.720223713366793 0
2797 2.786785868619322 0.8933905545050631 0
2798 8.639845423461351 1.901680196537829 0
2799 8.739845423460745 1.901680196537829 0
2800 1.459785279881946 1.051165133230604 0
2801 7.166164914968271 0.08746381573452287 0
2802 7.066164914968698 0.08746381573452287 0
2803 5.073263174775565 0.07950277560882209 0
2804 5.071459401629163 0.1952742497002495 0
2805 10.53619077423477 1.703306383806696 0
2806 10.49580001720402 1.598251829240056 0
2807 10.45935380178981 1.692459868015958 0
2808 8.180461667543312 0.8493356240590597 0
2809 8.167549551339278 0.9660161089591035 0
2810 8.270662950332781 0.8505728482907511 0
2811 4.118718467677388 1.378364223787456 0
2812 12.64643924557781 1.240584123995542 0
2813 12.7401841519559 1.213905530289785 0
2814 9.964547798041542 1.856274936543432 0
2815 7.825172135150373 1.543452266524286 0
2816 6.363194054990826 0.5418636593471619 0
2817 9.822596268113507 0.376072941795323 0
2818 8.190916248942756 0.160167698887018 0
2819 8.147554967401264 0.07179275349413515 0
2820 1.819345509680199 1.37783687458726 0
2821 2.061221472937071 0.1533172448635431 0
2822 2.129104181978202 0.2105208625572059 0
2823 2.067882709041132 0.2457562820227661 0
2824 10.91285845293546 0.6473674176384898 0
2825 11.0079968037741 0.587396682099032 0
2826 5.838538997651807 0.0963595490458677 0
2827 8.27356142233028 1.701495969742329 0
2828 9.772605364092637 1.548622383284508 0
2829 9.876584576104513 1.567052184191095 0
2830 4.20415463782974 0.496402574062595 0
2831 4.255877780608282 0.5640032138923177 0
2832 4.158017302542373 0.5836694928767841 0
2833 4.288991653887178 0.6568810741583121 0
2834 4.335128989174545 0.5696141553441232 0
2835 0.9394122083069001 1.701121272759293 0
2836 3.887180878018668 0.07010831245700339 0
2837 3.90881325706121 0.1681969688202136 0
2838 3.821632379037455 0.09808865636321017 0
2839 11.00168377068479 1.049253116170867 0
2840 2.376353750183927 0.07243847951506752 0
2841 9.957832547382413 1.541692255907939 0
2842 10.05486132770525 1.475256983463725 0
2843 12.92385184715363 1.621137449949146 0
2844 12.9238518471541 0.3788625500492174 0
2845 3.987180878018241 0.07010831245700339 0
2846 5.331942794133926 1.542289655004247 0
2847 5.308409254990151 1.46065899195374 0
2848 11.59426825111881 1.556171576728651 0
2849 11.67008767147585 1.488120886016348 0
2850 2.06819672742881 1.165814267233497 0
2851 2.086029881984541 1.104548488984785 0
2852 11.77138574913302 0.6455239460811322 0
2853 7.8632244333833 0.5041881711685332 0
2854 10.77096027363305 1.432363803452214 0
2855 8.184689395019046 0.2543610075237432 0
2856 9.02942871472203 0.9969855735657208 0
2857 8.959262334988189 0.9129192728306542 0
2858 4.59610352993689 1.55732553550477 0
2859 4.506007635709199 1.595825621371415 0
2860 4.929556482362 1.640832441479908 0
2861 4.842223968178699 1.581654747809715 0
2862 3.343434321515273 1.92513118455198 0
2863 3.373610604886089 1.8220989527555 0
2864 5.270509524406672 1.600958964993943 0
2865 12.19392054383198 1.362938711313972 0
2866 12.13007465386848 0.07313473603759899 0
2867 12.0300746538681 0.07313473603759899 0
2868 4.755513456761378 0.8232961655738493 0
2869 4.840661355612859 0.8119915780187772 0
2870 4.808438123911344 0.9200474753783909 0
2871 2.067882709041132 0.3311445919459147 0
2872 5.476417179134415 0.4726763754858532 0
2873 5.399942210566955 0.4773070893949943 0
2874 3.618155055065151 1.748299497352553 0
2875 11.02997666118656 0.5074876233477564 0
2876 10.95704454048751 0.4871387059204996 0
2877 5.527171546105336 1.717210057129494 0
2878 5.63247297245804 1.677527411467519 0
2879 11.27543011040173 1.721510566795521 0
2880 11.35220144094269 1.6405240632353 0
2881 8.367057087610885 0.8324325436069417 0
2882 8.345634838978725 1.720673932501331 0
2883 8.437843410223687 1.692776476578485 0
2884 8.914419656920362 1.320842062641287 0
2885 11.55419033581661 0.06717119297251147 0
2886 10.90169270672808 0.3889325311872763 0
2887 10.8777107978982 0.3013236819496139 0
2888 10.95504248907009 0.3196207979315616 0
2889 10.83885354389813 0.2455007061304044 0
2890 10.38842089328979 1.419854686133858 0
2891 10.44106930886753 1.518387729675735 0
2892 5.12621861086283 1.178894856547019 0
2893 5.164769689870763 1.243951976259715 0
2894 5.085948282610294 1.275939362650022 0
2895 5.202519426601905 1.323274024002481 0
2896 5.24278975485444 1.226229517899478 0
2897 1.571761062520029 1.226933149907197 0
2898 1.623977475234621 1.282293860555563 0
2899 1.557293020348471 1.282713080792403 0
2900 11.36988970167149 0.4682967956591644 0
2901 11.0593255332704 0.4293774809630465 0
2902 2.762235404028839 0.6415895276029207 0
2903 5.650696511894176 0.05945916496099647 0
2904 10.16528805447303 0.4524581761835959 0
2905 1.553153707992031 1.173958448870607 0
2906 10.49675783117222 1.371224376686 0
2907 7.658057699412151 1.534461362426126 0
2908 6.584244398034183 0.1649016559735878 0
2909 6.580612392570919 1.833433834337493 0
2910 3.194379857769758 1.73172517229189 0
2911 6.15467531074926 1.733084875026594 0
2912 6.111908370337691 1.651542545113371 0
2913 6.550913191647461 1.739187824819928 0
2914 6.445120699897059 1.736722135635836 0
2915 6.499768859540307 1.654970723233124 0
2916 4.383882405035266 0.7831845296136031 0
2917 4.488662872161783 0.8289968392819416 0
2918 11.75191332483484 1.731317166625035 0
2919 12.31881716887135 1.020482881388366 0
2920 12.41448449878659 1.070007762711293 0
2921 6.149528023193624 1.558664472734031 0
2922 6.194166597711715 1.483281447474047 0
2923 5.251183295675642 1.410983389771751 0
2924 11.44969035347429 0.4139024759410714 0
2925 9.462131507395657 1.425094894187615 0
2926 9.144989390682994 0.07755083066146488 0
2927 10.54097303838773 1.458192391231035 0
2928 8.838002093393079 1.920411792920228 0
2929 11.4366042903591 0.1463897895799538 0
2930 9.156990331350773 1.905351460880349 0
2931 1.669932360423777 1.92027068696407 0
2932 1.769932360424538 1.92027068696407 0
2933 3.855298223295494 1.815301624829818 0
2934 3.863177217642845 1.929329451506508 0
2935 4.072024300970042 1.112560983628474 0
2936 4.404294893967334 1.871592546305741 0
2937 4.450000000033865 1.949090522595252 0
2938 8.838146702155969 0.09696711830051492 0
2939 4.63926858412731 1.899165059046228 0
2940 5.251899090147251 1.919337164685243 0
2941 12.57845907846223 0.3630913630387523 0
2942 12.51469447196819 0.2907073286654663 0
2943 12.4311953315 0.3337312788175135 0
2944 6.460428697447119 0.2740671922358059 0
2945 6.557392938503813 0.2564864877832737 0
2946 6.145618778266051 0.2674028039451758 0
2947 6.101261653121871 0.3583384558365748 0
2948 6.196027024234017 0.5103475558736064 0
2949 6.143303774819737 0.4419160247061679 0
2950 6.050011926785919 0.4446426684926887 0
2951 2.043202153261229 0.9742379017491351 0
2952 5.239767204150043 1.698467954104232 0
2953 3.27801624223621 1.750727222653018 0
2954 4.06317657708632 0.07930238832999251 0
2955 2.352517672277879 1.216001415426647 0
2956 2.275715661133084 1.221421371783858 0
2957 3.203232258538221 1.831260318742831 0
2958 2.239375834373758 0.97451073535718 0
2959 2.288433156432145 1.023108689477281 0
2960 4.081631631454624 0.586347470312796 0
2961 12.36625044333276 1.7948118016643 0
2962 4.599518342440303 1.360739474053012 0
2963 4.689917135960561 1.408402853730875 0
2964 4.663769215961779 1.294577591255165 0
2965 7.650701258792463 0.944998250685178 0
2966 7.651239295927132 0.8331553302136954 0
2967 4.798417505950326 1.422699817658463 0
2968 4.73416663242885 1.48886170045631 0
2969 10.25235842627706 0.4152466668215592 0
2970 2.580244488313688 1.076584375832462 0
2971 1.991929996977301 1.866817750831477 0
2972 2.034206779606507 1.939159500171756 0
2973 6.785099154656663 1.27888877906746 0
2974 5.323310455956017 1.164486956966524 0
2975 3.963177217643607 1.929329451506508 0
2976 4.029781374000342 1.85517094466153 0
2977 4.066604156387177 1.925841493155022 0
2978 5.365565921968122 0.0987197726505043 0
2979 5.265565921968548 0.0987197726505043 0
2980 12.20330656731233 0.6565620625916436 0
2981 12.28451737172332 0.5880481013167904 0
2982 2.833250337327248 0.7049707816334551 0
2983 2.976467521874417 0.4013946767016261 0
2984 3.047882811595965 0.3568679699093583 0
2985 12.21610512633725 0.07784276040807861 0
2986 12.29927890356504 1.765949912580494 0
2987 12.24057812273153 1.707479955291481 0
2988 12.33316988230213 1.66437531380749 0
2989 12.17165919395766 1.636651508273777 0
2990 12.51374410207284 1.173543615131589 0
2991 12.5000592218083 1.085722491979574 0
2992 1.741259592246467 1.542160570050201 0
2993 1.687285500552648 1.578118596612186 0
2994 1.673665443490456 1.53031205553379 0
2995 12.82280753414056 1.211809787789138 0
2996 12.92911648623701 1.250667258341749 0
2997 7.197272582618639 0.7758665829444704 0
2998 7.180242669201892 0.8749497750583266 0
2999 9.420309346435531 0.7747504914577419 0
3000 9.406968676476714 0.8718611269157155 0
3001 11.17772814775755 0.3598657369256115 0
3002 3.297635174644497 1.26653423065648 0
3003 3.508829163935586 1.517586424555772 0
3004 3.430372877636781 1.468825342808992 0
3005 4.665493286105978 1.561693525597016 0
3006 4.773993656095742 1.575990489524604 0
3007 6.541060285720259 1.579394825112638 0
3008 6.558098411497316 1.482394848203729 0
3009 6.622599477067766 1.560436435508307 0
3010 10.86235893510314 0.5462882530290796 0
3011 10.8843387925156 0.4663791942778039 0
3012 11.37731801003715 1.340933119631366 0
3013 6.708310962931378 1.515122596064876 0
3014 6.718877404929607 1.418747531045171 0
3015 6.976482703480578 1.919086103788192 0
3016 2.048511372800405 1.811419275635849 0
3017 6.982445716135866 0.07769731326920155 0
3018 8.900571197983545 1.408983778496145 0
3019 8.811635064513514 1.351091521918299 0
3020 6.435267793969857 1.576929135928546 0
3021 4.67191882267389 0.2937349958753003 0
3022 4.584870409805838 0.3765187650660942 0
3023 3.243434321514513 1.92513118455198 0
3024 5.150000000038286 1.932171081430278 0
3025 5.201899090147148 1.851508246115521 0
3026 12.48133716584196 1.235803784028525 0
3027 12.45764012715886 1.348343308694104 0
3028 5.173263174775139 0.07950277560882209 0
3029 9.449999999986506 0.05454944973912736 0
3030 7.252037115169451 1.942191312841009 0
3031 4.880718567563987 1.403101459317889 0
3032 5.789235509559187 0.1558187140068642 0
3033 5.127308603801752 0.2528070917630941 0
3034 5.187687135562563 0.2130481340463712 0
3035 8.549999999983097 0.05509639781323825 0
3036 3.426527214414866 0.07178578792791784 0
3037 8.549012196641904 1.94263028662154 0
3038 11.64697855618976 1.424169889271488 0
3039 11.74329092863315 1.434270094758676 0
3040 11.58358752910612 1.382895327811935 0
3041 9.623878323369013 1.423206095681023 0
3042 9.736870329451534 1.399617451199848 0
3043 9.700427092216387 1.501151164515448 0
3044 3.378701855288206 1.517837654104681 0
3045 8.80210098666751 0.6402942739984819 0
3046 4.166604156387937 1.925841493155022 0
3047 9.934859796422494 0.4052160857921696 0
3048 2.044198224869155 1.013281035293584 0
3049 2.060239257951425 1.066794069248085 0
3050 2.016041033082271 1.053513033954501 0
3051 5.232070319754278 1.77505376074616 0
3052 6.164765667059377 1.415757277564897 0
3053 6.107763150662502 1.361145574454215 0
3054 6.265869711777067 1.427881449091551 0
3055 5.750696511893748 0.05945916496099647 0
3056 8.543318080162189 1.429276046916106 0
3057 7.277856408067226 0.9181732243490478 0
3058 0.8602545283941478 1.736407027884723 0
3059 6.265950585879728 0.5645318430344355 0
3060 9.501261892909827 0.9171343492905766 0
3061 10.97320456840484 1.117579746001665 0
3062 11.02871080495086 1.203954922120724 0
3063 7.442248397401638 0.8311044470372411 0
3064 7.359911841117063 0.7830434481344534 0
3065 7.419772474957957 0.7456208202815581 0
3066 4.967423159713807 1.381433555134437 0
3067 4.488862217038355 1.000133302341367 0
3068 3.019890746099538 0.2706238885700736 0
3069 11.0410638161975 0.07868318768720049 0
3070 11.0065941063214 0.1946891620341501 0
3071 4.388479008890473 1.047535458938453 0
3072 1.860560077658326 1.430631219015849 0
3073 10.36267612613717 1.92527085560714 0
3074 10.41254840553958 1.824028066898439 0
3075 9.225703559437148 0.2377623209731228 0
3076 3.053554139915844 0.9918114958021679 0
3077 3.089387256432563 1.071861777670338 0
3078 6.558113836634557 0.6413609538353604 0
3079 11.94432538136613 0.0570132967469128 0
3080 0.7714097621045095 1.760900300258073 0
3081 2.367497782549239 1.341621614385594 0
3082 2.460119906920181 1.337106135232106 0
3083 6.161977610129496 0.5824045245231109 0
3084 6.09354047491196 0.6338306972474981 0
3085 6.163464036557672 0.6880149844083272 0
3086 10.65234377878396 0.9583298173791657 0
3087 11.86988507087401 1.50350896012652 0
3088 3.030254723470478 0.8108493058161153 0
3089 3.022620726281192 0.9129198485519977 0
3090 2.263156026872814 1.92911939291044 0
3091 2.061221472937071 0.05904091269899142 0
3092 10.98687084385137 1.348834492209021 0
3093 3.729195415947681 0.09971945168415225 0
3094 11.95068996526556 0.6770762908189512 0
3095 11.91869058924057 0.5943291048679043 0
3096 1.282325607361951 1.055813974849492 0
3097 8.765302740032924 1.752457487961423 0
3098 8.732601592469598 0.7999532330774415 0
3099 8.725066047139297 0.9043585193911361 0
3100 6.039056813317852 1.297567114646922 0
3101 0.7388541558684627 1.928519260854044 0
3102 1.64618464675429 1.835684602400153 0
3103 5.238829096754754 0.1782225482593264 0
3104 8.877603615259911 1.015541370319409 0
3105 8.961076711244324 1.073809800083082 0
3106 6.029018139683975 0.6879981321634158 0
3107 6.027531713255799 0.5823876722781995 0
3108 3.127901861742449 0.802388063592298 0
3109 3.066530883948904 0.7427257034070089 0
3110 0.2578933412723695 1.612919406599941 0
3111 0.2303961581235025 1.694203560257389 0
3112 6.226584325460339 0.9391534904004484 0
3113 6.240461167450162 0.842317781047409 0
3114 6.205861883135402 0.7649638387726443 0
3115 6.129626185654897 0.8167950994074791 0
3116 4.060423196627355 1.428206681248285 0
3117 3.90639433979239 1.756722727195927 0
3118 4.415917674300175 0.6106960121916388 0
3119 4.416894376071628 0.70504087123813 0
3120 6.633566620462711 0.6192870642199668 0
3121 3.969924213260276 1.800108372815395 0
3122 3.949964117795894 1.698172196998306 0
3123 5.548412173547572 0.6356981062185356 0
3124 5.636929511850737 0.6301486995464457 0
3125 4.85642915587996 0.7377506053315894 0
3126 4.550000000034626 1.949090522595252 0
3127 12.13690049503144 1.928762373548106 0
3128 7.496290118688278 0.2931187383921602 0
3129 7.423903987581501 0.2509843988035577 0
3130 3.192598413516442 0.9506035497980789 0
3131 3.290197831465021 0.922317594188338 0
3132 2.736132323005601 0.7401054407439042 0
3133 2.72369874379931 0.820878432272878 0
3134 12.25093606406386 0.9882032098681908 0
3135 2.703337356114623 0.9107822920035026 0
3136 5.547540009874576 0.4695989925592708 0
3137 5.545300022797425 0.5534252148801828 0
3138 0.3891002025813743 1.25496503950285 0
3139 3.34796514358623 0.06951609843984848 0
3140 6.641154276499055 1.376904722760999 0
3141 6.72039407858384 1.332215795206772 0
3142 10.55417001541274 1.112535580279442 0
3143 10.60183476547141 1.046860616911831 0
3144 2.552362615943611 0.2141373844701805 0
3145 2.61011078803787 0.2724999119023319 0
3146 2.527186229462597 0.3123407356520414 0
3147 9.200654907987179 0.1638600445644518 0
3148 1.974281467343801 1.04337553256331 0
3149 8.353190678743991 0.6445439577827878 0
3150 8.367841738104104 0.7297820199944063 0
3151 3.892884798414022 1.053290914796958 0
3152 3.805706704985329 1.021921852151151 0
3153 3.627224632253455 0.6279673365584993 0
3154 1.726837255457499 1.643501543072241 0
3155 5.431729020484567 0.8680510247792781 0
3156 12.47745882034773 1.424099844270103 0
3157 3.743097162501905 1.095774567160137 0
3158 5.070287774168241 1.400409669189856 0
3159 5.173163230691965 1.428705848131988 0
3160 6.687582305647417 1.152000677000504 0
3161 6.70737602622611 1.237045970783288 0
3162 6.622877229574593 1.205327693139817 0
3163 10.41982113101488 1.758402512907328 0
3164 10.37943037398413 1.653347958340687 0
3165 8.77784751682837 1.822091989458057 0
3166 11.56520934344042 0.9534714028383546 0
3167 11.66457518029895 0.971057562499959 0
3168 11.59606710333603 1.021772323031011 0
3169 6.568435658137066 1.265983806784604 0
3170 6.548641937558372 1.18093851300182 0
3171 2.194878298302476 1.907694246340946 0
3172 7.741282473232861 1.586953328903984 0
3173 7.296574367386642 0.766953135037073 0
3174 12.84192418174793 1.837631287156165 0
3175 12.78397442046833 1.884813587691639 0
3176 12.84479040577014 1.944790405769151 0
3177 12.73918401469941 1.940023181922488 0
3178 7.195464045201799 1.226792363904683 0
3179 12.83931014541967 0.1606898545801258 0
3180 12.94479040576928 0.1552095942302946 0
3181 12.94479040576953 1.844790405768888 0
3182 2.666642065528485 0.3465399834052625 0
3183 5.871355832666183 0.4569924356255928 0
3184 5.876135943656046 0.5571544724387917 0
3185 12.27031511176737 1.933389166116049 0
3186 10.7740452196826 0.2015064896843102 0
3187 3.122559114898678 0.9494033132515745 0
3188 0.06333147685238051 1.251781666589009 0
3189 2.370264310981791 0.3605947301839152 0
3190 10.22784769795955 1.665203801229448 0
3191 6.012714439092994 1.030062698183711 0
3192 6.042504540454154 1.106689111140178 0
3193 5.953294261731332 1.091184124764413 0
3194 6.052774055711737 1.209472205340959 0
3195 6.112194233073398 1.148350778760256 0
3196 6.16740263885549 1.085861270969897 0
3197 6.195433949383418 1.014862811839064 0
3198 6.133075093892736 0.9698583631208596 0
3199 12.8447904057689 0.05520959423047996 0
3200 12.78442058043826 0.1147866131023838 0
3201 12.7396301746686 0.05957701887190379 0
3202 10.9994706341118 0.2652607588652532 0
3203 11.02345254294168 0.3528696081029156 0
3204 8.745167242284822 0.7229866420219751 0
3205 1.683532661914735 1.472132739950257 0
3206 1.735537463641965 1.44586242526788 0
3207 0.231660190928643 1.781557183133861 0
3208 0.2549611565283854 1.935651962861565 0
3209 9.94411443163288 1.930721128837328 0
3210 6.01623992004185 0.5163954971903877 0
3211 5.974197798343984 0.4328179283207946 0
3212 5.887427736869997 0.6231466475266034 0
3213 5.913110776276614 0.724214892190764 0
3214 5.979119537932775 0.7756579171600626 0
3215 0.7592194920242916 1.841339959705764 0
3216 5.781075122018253 1.089371559934595 0
3217 5.713646442030671 1.125641416107267 0
3218 12.20334357199964 1.904527277032243 0
3219 7.371714482295154 0.2048615757393819 0
3220 7.370767995079691 0.3029256982251963 0
3221 6.468963492620077 1.02398162953124 0
3222 6.354939374424118 1.044188734476846 0
3223 9.569850115865513 0.9583751272285344 0
3224 5.73541362337652 1.213503428684009 0
3225 11.8841178172624 0.5168789401130512 0
3226 11.81813196062046 0.5840942458917253 0
3227 5.784986867397528 1.839199228014456 0
3228 5.748369633097433 1.934814771726725 0
3229 5.021634747163793 1.322020368307299 0
3230 5.311495064651878 1.762088522728558 0
3231 4.07487427709117 0.2109732055340808 0
3232 4.140775326147582 0.2546619663143726 0
3233 9.115027432830388 0.2290039377316008 0
3234 2.517533031920467 0.9896811052803576 0
3235 2.44887652733884 1.002966671101327 0
3236 4.036822564518243 0.7892773276791043 0
3237 4.089835806715923 0.7167721500713339 0
3238 5.976541422587205 0.957837883140952 0
3239 6.065751701310028 0.9733428695167168 0
3240 10.82352598888689 0.7920977154004348 0
3241 7.423580606554283 0.6650617114264599 0
3242 6.326908063896191 1.115187193607679 0
3243 6.260911870423093 1.055156398249486 0
3244 5.862069887309195 1.09255009716657 0
3245 7.319050289830323 0.852436761792756 0
3246 9.624902788666773 0.6480015139356344 0
3247 7.425396622389108 1.33534506253821 0
3248 11.45419033581623 0.06717119297251147 0
3249 8.821860382574212 0.7969820463724331 0
3250 11.52401788962188 1.322318107177487 0
3251 8.222803070680129 1.371071771849504 0
3252 4.050357455110504 0.1494107007869959 0
3253 8.863459409965259 1.771189084343822 0
3254 4.043508401097889 1.043174230535919 0
3255 3.9764711353489 1.069386753093502 0
3256 10.35669166438182 0.9452961758083347 0
3257 10.45701411186628 0.9871650259939984 0
3258 11.72981426354256 0.9753225916347574 0
3259 11.83070962551921 0.9573470176239227 0
3260 11.10375367831211 0.375017441896738 0
3261 11.14185515742883 0.2833578640654806 0
3262 4.031809222658726 0.9603053856268423 0
3263 8.807683306623645 0.9555301154678332 0
3264 8.879215041395256 0.9339598922794753 0
3265 3.348522423430871 1.359737643829948 0
3266 2.134206779607268 1.939159500171756 0
3267 1.339970679295642 1.038451846444023 0
3268 1.314096717665473 1.094265821293514 0
3269 9.442895441420403 1.940654173362486 0
3270 6.375384112423832 1.169198226327372 0
3271 1.54243569419542 1.339342050126661 0
3272 1.490219281480828 1.283981339478294 0
3273 3.957762961798347 1.439272910466771 0
3274 4.015386327413988 1.492121591987946 0
3275 6.512009538446558 1.112250964596036 0
3276 2.723895974883292 0.4073146181807154 0
3277 11.8205098490987 1.76166359836225 0
3278 8.195377008471095 1.044450560633775 0
3279 12.33349197167093 0.9362908699434176 0
3280 12.27365868376216 1.837916443148292 0
3281 7.240059782298703 0.0593915283667189 0
3282 2.573401967931275 1.363303826085875 0
3283 2.640177292116707 1.412141166548819 0
3284 8.889342026351923 0.8529080179790785 0
3285 12.55489710377804 1.375919119674056 0
3286 12.61403230934693 1.302844292892478 0
3287 6.062302793072188 0.8202796058033361 0
3288 5.946395429664826 0.8564963658306843 0
3289 3.592630592555117 1.569381730887677 0
3290 6.412016511535647 1.237885774733156 0
3291 6.444220687048389 1.302804329099499 0
3292 6.362036832463191 1.299095477186048 0
3293 3.969631272677902 1.549373971800617 0
3294 3.921400698286174 1.122677667889513 0
3295 4.566488411149738 0.456333431844593 0
3296 12.60219075403794 0.6934565372354191 0
3297 12.54141587861211 0.6172978667783021 0
3298 9.548345816954059 1.446046214200428 0
3299 10.53966034229128 0.9809558444233797 0
3300 12.32431691320763 0.8598575586280295 0
3301 1.776752031620092 1.498656769696469 0
3302 7.64688101176548 1.059609115485466 0
3303 3.877947686732089 1.178572151722158 0
3304 3.604242426237051 1.173405771126055 0
3305 10.46080648365311 0.8473042703180835 0
3306 10.37418962904019 0.8392386238233001 0
3307 4.480564855517729 0.4637263613461865 0
3308 4.033302914295378 0.8611236070234046 0
3309 3.301721396292725 0.8188032320537044 0
3310 3.197941160360214 0.8035883001388025 0
3311 7.54463427241086 1.051398513887908 0
3312 7.499683943860685 1.108163134702478 0
3313 7.451544541817309 1.041259307681621 0
3314 8.443854952776228 1.439862325392466 0
3315 11.67093989335433 0.8438073679761555 0
3316 11.58042840090012 0.8389370371447833 0
3317 5.951717584813864 0.5705629321063053 0
3318 1.629558570220916 1.508090766512243 0
3319 2.448402469375643 1.057732993754032 0
3320 2.389977780732045 1.002721558128979 0
3321 1.554001544400673 1.39952667554308 0
3322 1.568959722191739 1.455445505287051 0
3323 2.446542308852484 0.3376471783737873 0
3324 2.393160059497645 0.2769257600300178 0
3325 4.382803801021279 0.5178181519256444 0
3326 2.713526465874729 1.366952658587274 0
3327 5.037004108837227 0.4688501334292874 0
3328 11.91709008567818 1.443728350161636 0
3329 12.63918401470001 1.940023181922488 0
3330 7.598741609722104 0.9927052884646079 0
3331 4.166221477803674 0.7140941726353218 0
3332 4.255979682850816 0.7350247325337852 0
3333 4.335230891417079 0.7406356739855907 0
3334 12.63963017466822 0.05957701887190379 0
3335 9.542895441419798 1.940654173362486 0
3336 7.340059782298276 0.0593915283667189 0
3337 11.83107967495815 0.8689257402551821 0
3338 11.73617897659794 0.8480723971109541 0
3339 2.38987923413377 1.113857256004475 0
3340 10.51790628131248 1.529234245466473 0
3341 1.404984197823946 1.038451846444023 0
3342 7.551261599875367 0.8413812152462681 0
3343 2.129085077893004 1.846853746512702 0
3344 8.320223983381343 1.622600415273003 0
3345 2.545743273224802 0.0573151727970496 0
3346 2.445743273225214 0.0573151727970496 0
3347 2.292479046448091 0.9152127975693127 0
3348 10.89014878692134 1.456589626014724 0
3349 10.88634540517313 1.539741740629265 0
3350 3.899580168456494 1.578987186292635 0
3351 3.834716968033152 1.525711522767818 0
3352 5.027812979041672 0.5561835690934837 0
3353 4.950424365413285 0.5150204261147144 0
3354 2.484955780766563 1.254834547400607 0
3355 2.404265835031517 1.228926386910543 0
3356 10.63347745426435 0.2588582466800675 0
3357 10.68684456616387 0.2074072214539352 0
3358 10.54639698733978 0.2979838198196001 0
3359 12.94479040576953 1.944790405769151 0
3360 12.94479040576928 0.05520959423047996 0
3361 3.998878578023091 0.2017791296610916 0
3362 3.76209063887774 1.373700366788538 0
3363 3.796267033662516 1.462699362558362 0
3364 3.722531448696548 1.459236228559381 0
3365 3.874276158214345 1.440175660996975 0
3366 2.08628913974965 1.708724667606501 0
3367 2.166862844842249 1.744159138483354 0
3368 2.109182891495613 1.779954021805039 0
3369 6.462454678272 1.369667951391008 0
3370 6.512434357344457 1.308458248938115 0
3371 11.81360505872341 1.438440481538653 0
3372 3.371564826541491 1.424130664340015 0
3373 2.695969419398546 0.9817812493481016 0
3374 2.632882294578534 0.9092691271159166 0
3375 3.876953617978295 1.313862987319432 0
3376 3.785074121926896 1.305021050627343 0
3377 3.826201516061482 1.241720537159258 0
3378 2.335568272542815 1.064960680244945 0
3379 2.044004387284159 1.519733381274979 0
3380 2.566407786922448 1.019123095593448 0
3381 2.639351059253698 1.037729364699529 0
3382 5.005378134462005 0.6400613205533632 0
3383 7.48567829910237 1.600211246064832 0
3384 0.9947236939074797 1.319414506420922 0
3385 0.9398575558306735 1.370262247167241 0
3386 0.1428777846819863 1.231963947584634 0
3387 0.2388578776075672 1.851755241781746 0
3388 7.341193881797647 0.9342635374464282 0
3389 7.439441316964114 0.9265108808785934 0
3390 7.398247435201018 0.9922473434348853 0
3391 7.548454519437843 0.9367876490876204 0
3392 7.499301950805009 0.8890882530256981 0
3393 7.489914663310572 0.3879315884183918 0
3394 7.353297106650842 1.049011964249456 0
3395 8.328398326561031 1.554183707267093 0
3396 8.325747475940933 1.473057207832955 0
3397 8.949825694675777 1.637719106432043 0
3398 2.526798763122402 1.304314540038893 0
3399 3.668428132484499 1.510437870433545 0
3400 2.103986991604805 1.473469418094366 0
3401 9.028710469007153 0.375825871194866 0
3402 10.53389706665124 0.4065793672682301 0
3403 9.076833738527222 0.299725251508095 0
3404 4.866121543291728 0.5627533878014027 0
3405 4.864484962040311 0.6587970649965731 0
3406 3.786068190680689 1.169730215030069 0
3407 8.917576676733471 1.702545967658199 0
3408 4.933177429457379 0.6813074021139269 0
3409 6.096902077386948 0.8976335480781008 0
3410 3.161664999881789 0.8717119025479088 0
3411 6.586669649360677 1.332847429076112 0
3412 6.585152975706444 1.419379164914511 0
3413 2.366528761810704 1.274701171109925 0
3414 2.334794780997577 0.2223751354351404 0
3415 10.79618754211206 1.348065635276202 0
3416 10.84576519794556 1.40233040373669 0
3417 10.86668814632627 1.613573213815634 0
3418 12.56748534682005 1.237902415201121 0
3419 2.411072778868271 0.1994275836250125 0
3420 4.660253615644199 1.206061203746058 0
3421 11.44987364524618 1.280102248176473 0
3422 11.51925551480407 1.245554116093697 0
3423 2.480462301909559 0.1843042769069946 0
3424 2.563386860484832 0.1444634531572851 0
3425 10.91537605540035 1.372291457838712 0
3426 2.576639602860476 0.9508260941474254 0
3427 2.342842664621375 0.9608695673613152 0
3428 3.691350991831299 1.158922952597237 0
3429 3.647213454415835 1.247361418995987 0
3430 3.711338536960927 1.301557916628363 0
3431 6.457567967009031 1.172907078240823 0
3432 2.342368606658178 1.01563589001402 0
3433 6.385914931289607 1.498379428404381 0
3434 11.69895650364695 0.9070216714421008 0
3435 2.092973036456853 1.407111100970547 0
3436 8.295533942268838 1.403992548592104 0
3437 11.79049594343733 1.374489484793793 0
3438 6.503613784358937 1.438337554518842 0
3439 4.133354774233164 0.6539481101425186 0
3440 11.07500416019299 0.2279379722055041 0
3441 3.919313027427711 1.376260750257314 0
3442 10.50752312517882 0.8986342264613332 0
3443 2.422097023409492 0.1297536523121171 0
3444 6.315354894550331 1.362185655367396 0
3445 6.344755825202669 1.429709825276546 0
3446 9.555517982273813 1.86999801327076 0
3447 7.352485019706991 0.1358516665255905 0
3448 9.584789054189205 1.344512500884828 0
3449 10.26350835121981 1.7275970667444 0
3450 10.33262497773389 1.784916157223168 0
3451 6.435400114062871 1.432683634680226 0
3452 8.378432552717069 1.435880302779334 0
3453 3.956485348549416 1.625173336886821 0
3454 10.30423704994893 1.656897337717105 0
3455 1.784649960077782 1.450165165992545 0
3456 3.296851401082297 1.408749955125637 0
3457 8.413641419104131 1.370797666151616 0
$EndNodes
$Elements
1806
1 8 2 100 1 1 7 11
2 8 2 100 1 7 8 12
3 8 2 100 1 8 9 13
4 8 2 100 1 9 10 14
5 8 2 100 1 10 2 15
6 8 2 200 2 2 16 29
7 8 2 200 2 16 17 30
8 8 2 200 2 17 18 31
9 8 2 200 2 18 19 32
10 8 2 200 2 19 20 33
11 8 2 200 2 20 21 34
12 8 2 200 2 21 22 35
13 8 2 200 2 22 23 36
14 8 2 200 2 23 24 37
15 8 2 200 2 24 25 38
16 8 2 200 2 25 26 39
17 8 2 200 2 26 27 40
18 8 2 200 2 27 28 41
19 8 2 200 2 28 3 42
20 8 2 200 3 3 43 49
21 8 2 200 3 43 44 50
22 8 2 200 3 44 45 51
23 8 2 200 3 45 46 52
24 8 2 200 3 46 47 53
25 8 2 200 3 47 48 54
26 8 2 200 3 48 4 55
27 8 2 200 4 4 56 110
28 8 2 200 4 56 57 111
29 8 2 200 4 57 58 112
30 8 2 200 4 58 59 113
31 8 2 200 4 59 60 114
32 8 2 200 4 60 61 115
33 8 2 200 4 61 62 116
34 8 2 200 4 62 63 117
35 8 2 200 4 63 64 118
36 8 2 200 4 64 65 119
37 8 2 200 4 65 66 120
38 8 2 200 4 66 67 121
39 8 2 200 4 67 68 122
40 8 2 200 4 68 69 123
41 8 2 200 4 69 70 124
42 8 2 200 4 70 71 125
43 8 2 200 4 71 72 126
44 8 2 200 4 72 73 127
45 8 2 200 4 73 74 128
46 8 2 200 4 74 75 129
47 8 2 200 4 75 76 130
48 8 2 200 4 76 77 131
49 8 2 200 4 77 78 132
50 8 2 200 4 78 79 133
51 8 2 200 4 79 80 134
52 8 2 200 4 80 81 135
53 8 2 200 4 81 82 136
54 8 2 200 4 82 83 137
55 8 2 200 4 83 84 138
56 8 2 200 4 84 85 139
57 8 2 200 4 85 86 140
58 8 2 200 4 86 87 141
59 8 2 200 4 87 88 142
60 8 2 200 4 88 89 143
61 8 2 200 4 89 90 144
62 8 2 200 4 90 91 145
63 8 2 200 4 91 92 146
64 8 2 200 4 92 93 147
65 8 2 200 4 93 94 148
66 8 2 200 4 94 95 149
67 8 2 200 4 95 96 150
68 8 2 200 4 96 97 151
69 8 2 200 4 97 98 152
70 8 2 200 4 98 99 153
71 8 2 200 4 99 100 154
72 8 2 200 4 100 101 155
73 8 2 200 4 101 102 156
74 8 2 200 4 102 103 157
75 8 2 200 4 103 104 158
76 8 2 200 4 104 105 159
77 8 2 200 4 105 106 160
78 8 2 200 4 106 107 161
79 8 2 200 4 107 108 162
80 8 2 200 4 108 109 163
81 8 2 200 4 109 5 164
82 8 2 300 5 5 165 174
83 8 2 300 5 165 166 175
84 8 2 300 5 166 167 176
85 8 2 300 5 167 168 177
86 8 2 300 5 168 169 178
87 8 2 300 5 169 170 179
88 8 2 300 5 170 171 180
89 8 2 300 5 171 172 181
90 8 2 300 5 172 173 182
91 8 2 300 5 173 6 183
92 8 2 200 6 6 184 248
93 8 2 200 6 184 185 249
94 8 2 200 6 185 186 250
95 8 2 200 6 186 187 251
96 8 2 200 6 187 188 252
97 8 2 200 6 188 189 253
98 8 2 200 6 189 190 254
99 8 2 200 6 190 191 255
100 8 2 200 6 191 192 256
101 8 2 200 6 192 193 257
102 8 2 200 6 193 194 258
103 8 2 200 6 194 195 259
104 8 2 200 6 195 196 260
105 8 2 200 6 196 197 261
106 8 2 200 6 197 198 262
107 8 2 200 6 198 199 263
108 8 2 200 6 199 200 264
109 8 2 200 6 200 201 265
110 8 2 200 6 201 202 266
111 8 2 200 6 202 203 267
112 8 2 200 6 203 204 268
113 8 2 200 6 204 205 269
114 8 2 200 6 205 206 270
115 8 2 200 6 206 207 271
116 8 2 200 6 207 208 272
117 8 2 200 6 208 209 273
118 8 2 200 6 209 210 274
119 8 2 200 6 210 211 275
120 8 2 200 6 211 212 276
121 8 2 200 6 212 213 277
122 8 2 200 6 213 214 278
123 8 2 200 6 214 215 279
124 8 2 200 6 215 216 280
125 8 2 200 6 216 217 281
126 8 2 200 6 217 218 282
127 8 2 200 6 218 219 283
128 8 2 200 6 219 220 284
129 8 2 200 6 220 221 285
130 8 2 200 6 221 222 286
131 8 2 200 6 222 223 287
132 8 2 200 6 223 224 288
133 8 2 200 6 224 225 289
134 8 2 200 6 225 226 290
135 8 2 200 6 226 227 291
136 8 2 200 6 227 228 292
137 8 2 200 6 228 229 293
138 8 2 200 6 229 230 294
139 8 2 200 6 230 231 295
140 8 2 200 6 231 232 296
141 8 2 200 6 232 233 297
142 8 2 200 6 233 234 298
143 8 2 200 6 234 235 299
144 8 2 200 6 235 236 300
145 8 2 200 6 236 237 301
146 8 2 200 6 237 238 302
147 8 2 200 6 238 239 303
148 8 2 200 6 239 240 304
149 8 2 200 6 240 241 305
150 8 2 200 6 241 242 306
151 8 2 200 6 242 243 307
152 8 2 200 6 243 244 308
153 8 2 200 6 244 245 309
154 8 2 200 6 245 246 310
155 8 2 200 6 246 247 311
156 8 2 200 6 247 1 312
157 9 2 10 12 725 956 401 1061 1062 1063
158 9 2 10 12 997 631 541 1064 1065 1066
159 9 2 10 12 718 399 863 1067 1068 1069
160 9 2 10 12 863 399 559 1068 1070 1071
161 9 2 10 12 848 348 571 1072 1073 1074
162 9 2 10 12 508 848 571 1075 1074 1076
163 9 2 10 12 782 552 876 1077 1078 1079
164 9 2 10 12 66 67 527 121 1080 1081
165 9 2 10 12 60 61 532 115 1082 1083
166 9 2 10 12 350 470 742 1084 1085 1086
167 9 2 10 12 233 234 505 298 1087 1088
168 9 2 10 12 59 652 770 1089 1090 1091
169 9 2 10 12 319 555 508 1092 1093 1094
170 9 2 10 12 552 456 876 1095 1096 1078
171 9 2 10 12 101 756 500 1097 1098 1099
172 9 2 10 12 350 763 470 1100 1101 1084
173 9 2 10 12 107 728 491 1102 1103 1104
174 9 2 10 12 464 997 541 1105 1066 1106
175 9 2 10 12 538 624 925 1107 1108 1109
176 9 2 10 12 216 217 514 281 1110 1111
177 9 2 10 12 364 901 482 1112 1113 1114
178 9 2 10 12 223 224 533 288 1115 1116
179 9 2 10 12 21 22 575 35 1117 1118
180 9 2 10 12 235 542 762 1119 1120 1121
181 9 2 10 12 26 27 531 40 1122 1123
182 9 2 10 12 508 571 885 1076 1124 1125
183 9 2 10 12 885 571 440 1124 1126 1127
184 9 2 10 12 905 97 98 1128 152 1129
185 9 2 10 12 197 754 504 1130 1131 1132
186 9 2 10 12 919 707 446 1133 1134 1135
187 9 2 10 12 400 850 491 1136 1137 1138
188 9 2 10 12 535 956 725 1139 1061 1140
189 9 2 10 12 27 596 531 1141 1142 1122
190 9 2 10 12 26 531 603 1123 1143 1144
191 9 2 10 12 554 1055 562 1145 1146 1147
192 9 2 10 12 76 77 515 131 1148 1149
193 9 2 10 12 104 984 567 1150 1151 1152
194 9 2 10 12 61 799 532 1153 1154 1082
195 9 2 10 12 530 97 905 1155 1128 1156
196 9 2 10 12 925 624 466 1108 1157 1158
197 9 2 10 12 394 497 697 1159 1160 1161
198 9 2 10 12 1006 635 537 1162 1163 1164
199 9 2 10 12 444 585 486 1165 1166 1167
200 9 2 10 12 431 737 538 1168 1169 1170
201 9 2 10 12 318 538 737 1171 1169 1172
202 9 2 10 12 243 746 487 1173 1174 1175
203 9 2 10 12 400 503 719 1176 1177 1178
204 9 2 10 12 416 573 714 1179 1180 1181
205 9 2 10 12 376 927 870 1182 1183 1184
206 9 2 10 12 395 690 495 1185 1186 1187
207 9 2 10 12 404 488 798 1188 1189 1190
208 9 2 10 12 326 698 494 1191 1192 1193
209 9 2 10 12 562 1055 323 1146 1194 1195
210 9 2 10 12 444 486 928 1167 1196 1197
211 9 2 10 12 353 874 493 1198 1199 1200
212 9 2 10 12 243 487 749 1175 1201 1202
213 9 2 10 12 235 236 542 300 1203 1119
214 9 2 10 12 376 870 634 1184 1204 1205
215 9 2 10 12 503 1002 783 1206 1207 1208
216 9 2 10 12 400 491 789 1138 1209 1210
217 9 2 10 12 18 513 856 1211 1212 1213
218 9 2 10 12 322 584 564 1214 1215 1216
219 9 2 10 12 374 745 565 1217 1218 1219
220 9 2 10 12 406 763 505 1220 1221 1222
221 9 2 10 12 350 505 763 1223 1221 1100
222 9 2 10 12 211 991 563 1224 1225 1226
223 9 2 10 12 503 783 567 1208 1227 1228
224 9 2 10 12 525 626 937 1229 1230 1231
225 9 2 10 12 384 974 813 1232 1233 1234
226 9 2 10 12 529 707 919 1235 1133 1236
227 9 2 10 12 485 712 733 1237 1238 1239
228 9 2 10 12 543 594 844 1240 1241 1242
229 9 2 10 12 422 733 712 1243 1238 1244
230 9 2 10 12 471 1006 537 1245 1164 1246
231 9 2 10 12 326 494 844 1193 1247 1248
232 9 2 10 12 406 542 584 1249 1250 1251
233 9 2 10 12 626 472 937 1252 1253 1230
234 9 2 10 12 224 748 533 1254 1255 1115
235 9 2 10 12 335 705 655 1256 1257 1258
236 9 2 10 12 329 622 521 1259 1260 1261
237 9 2 10 12 424 521 622 1262 1260 1263
238 9 2 10 12 404 722 488 1264 1265 1188
239 9 2 10 12 374 615 539 1266 1267 1268
240 9 2 10 12 107 491 850 1104 1137 1269
241 9 2 10 12 443 650 581 1270 1271 1272
242 9 2 10 12 388 581 650 1273 1271 1274
243 9 2 10 12 368 560 623 1275 1276 1277
244 9 2 10 12 101 500 822 1099 1278 1279
245 9 2 10 12 190 501 1015 1280 1281 1282
246 9 2 10 12 455 582 666 1283 1284 1285
247 9 2 10 12 375 511 807 1286 1287 1288
248 9 2 10 12 381 592 557 1289 1290 1291
249 9 2 10 12 380 593 558 1292 1293 1294
250 9 2 10 12 377 554 562 1295 1147 1296
251 9 2 10 12 438 674 642 1297 1298 1299
252 9 2 10 12 392 613 826 1300 1301 1302
253 9 2 10 12 341 666 582 1303 1284 1304
254 9 2 10 12 442 807 511 1305 1287 1306
255 9 2 10 12 350 774 505 1307 1308 1223
256 9 2 10 12 409 578 622 1309 1310 1311
257 9 2 10 12 424 622 578 1263 1310 1312
258 9 2 10 12 190 729 501 1313 1314 1280
259 9 2 10 12 516 659 861 1315 1316 1317
260 9 2 10 12 595 903 977 1318 1319 1320
261 9 2 10 12 374 565 696 1219 1321 1322
262 9 2 10 12 495 574 792 1323 1324 1325
263 9 2 10 12 570 782 812 1326 1327 1328
264 9 2 10 12 21 575 804 1118 1329 1330
265 9 2 10 12 388 909 834 1331 1332 1333
266 9 2 10 12 495 792 988 1325 1334 1335
267 9 2 10 12 861 659 440 1316 1336 1337
268 9 2 10 12 233 505 604 1088 1338 1339
269 9 2 10 12 358 903 595 1340 1318 1341
270 9 2 10 12 408 618 504 1342 1343 1344
271 9 2 10 12 331 523 673 1345 1346 1347
272 9 2 10 12 332 524 672 1348 1349 1350
273 9 2 10 12 353 493 985 1200 1351 1352
274 9 2 10 12 413 812 513 1353 1354 1355
275 9 2 10 12 383 561 589 1356 1357 1358
276 9 2 10 12 197 504 838 1132 1359 1360
277 9 2 10 12 395 495 988 1187 1335 1361
278 9 2 10 12 443 670 511 1362 1363 1364
279 9 2 10 12 210 211 563 275 1226 1365
280 9 2 10 12 370 883 869 1366 1367 1368
281 9 2 10 12 394 995 497 1369 1370 1159
282 9 2 10 12 406 505 762 1222 1371 1372
283 9 2 10 12 412 661 500 1373 1374 1375
284 9 2 10 12 458 811 761 1376 1377 1378
285 9 2 10 12 546 892 876 1379 1380 1381
286 9 2 10 12 27 28 596 41 1382 1141
287 9 2 10 12 103 104 567 158 1152 1383
288 9 2 10 12 406 762 542 1372 1120 1249
289 9 2 10 12 369 529 708 1384 1385 1386
290 9 2 10 12 19 20 597 33 1387 1388
291 9 2 10 12 375 666 511 1389 1390 1286
292 9 2 10 12 370 549 883 1391 1392 1366
293 9 2 10 12 580 922 963 1393 1394 1395
294 9 2 10 12 367 788 550 1396 1397 1398
295 9 2 10 12 503 567 984 1228 1151 1399
296 9 2 10 12 390 543 844 1400 1242 1401
297 9 2 10 12 894 675 386 1402 1403 1404
298 9 2 10 12 350 742 547 1086 1405 1406
299 9 2 10 12 352 922 580 1407 1393 1408
300 9 2 10 12 482 901 629 1113 1409 1410
301 9 2 10 12 364 482 808 1114 1411 1412
302 9 2 10 12 460 771 683 1413 1414 1415
303 9 2 10 12 516 675 894 1416 1402 1417
304 9 2 10 12 390 749 806 1418 1419 1420
305 9 2 10 12 18 724 513 1421 1422 1211
306 9 2 10 12 383 589 599 1358 1423 1424
307 9 2 10 12 412 500 756 1375 1098 1425
308 9 2 10 12 320 635 879 1426 1427 1428
309 9 2 10 12 410 714 573 1429 1180 1430
310 9 2 10 12 635 933 879 1431 1432 1427
311 9 2 10 12 234 762 505 1433 1371 1087
312 9 2 10 12 457 892 546 1434 1379 1435
313 9 2 10 12 640 971 857 1436 1437 1438
314 9 2 10 12 333 640 857 1439 1438 1440
315 9 2 10 12 45 46 540 52 1441 1442
316 9 2 10 12 435 547 742 1443 1405 1444
317 9 2 10 12 241 664 709 1445 1446 1447
318 9 2 10 12 67 750 527 1448 1449 1080
319 9 2 10 12 313 535 725 1450 1140 1451
320 9 2 10 12 400 1002 503 1452 1206 1176
321 9 2 10 12 389 727 527 1453 1454 1455
322 9 2 10 12 407 721 646 1456 1457 1458
323 9 2 10 12 394 803 859 1459 1460 1461
324 9 2 10 12 393 801 855 1462 1463 1464
325 9 2 10 12 329 521 599 1261 1465 1466
326 9 2 10 12 439 687 768 1467 1468 1469
327 9 2 10 12 392 494 698 1470 1192 1471
328 9 2 10 12 317 598 520 1472 1473 1474
329 9 2 10 12 68 69 600 123 1475 1476
330 9 2 10 12 510 834 909 1477 1332 1478
331 9 2 10 12 439 569 687 1479 1480 1467
332 9 2 10 12 826 613 711 1301 1481 1482
333 9 2 10 12 230 231 605 295 1483 1484
334 9 2 10 12 367 594 543 1485 1240 1486
335 9 2 10 12 901 364 582 1112 1487 1488
336 9 2 10 12 364 828 582 1489 1490 1487
337 9 2 10 12 506 996 758 1491 1492 1493
338 9 2 10 12 545 839 678 1494 1495 1496
339 9 2 10 12 433 770 652 1497 1090 1498
340 9 2 10 12 425 537 761 1499 1500 1501
341 9 2 10 12 320 761 537 1502 1500 1503
342 9 2 10 12 373 584 542 1504 1250 1505
343 9 2 10 12 16 856 821 1506 1507 1508
344 9 2 10 12 374 539 745 1268 1509 1217
345 9 2 10 12 206 577 990 1510 1511 1512
346 9 2 10 12 496 563 991 1513 1225 1514
347 9 2 10 12 319 508 885 1094 1125 1515
348 9 2 10 12 408 504 754 1344 1131 1516
349 9 2 10 12 446 659 516 1517 1315 1518
350 9 2 10 12 520 438 912 1519 1520 1521
351 9 2 10 12 397 517 964 1522 1523 1524
352 9 2 10 12 1048 438 520 1525 1519 1526
353 9 2 10 12 25 26 603 39 1144 1527
354 9 2 10 12 564 584 913 1215 1528 1529
355 9 2 10 12 402 873 512 1530 1531 1532
356 9 2 10 12 448 560 755 1533 1534 1535
357 9 2 10 12 368 755 560 1536 1534 1275
358 9 2 10 12 447 545 678 1537 1496 1538
359 9 2 10 12 93 574 993 1539 1540 1541
360 9 2 10 12 434 532 799 1542 1154 1543
361 9 2 10 12 378 642 674 1544 1298 1545
362 9 2 10 12 646 721 886 1457 1546 1547
363 9 2 10 12 454 541 703 1548 1549 1550
364 9 2 10 12 316 703 541 1551 1549 1552
365 9 2 10 12 193 194 544 258 1553 1554
366 9 2 10 12 330 522 639 1555 1556 1557
367 9 2 10 12 8 9 546 13 1558 1559
368 9 2 10 12 367 575 788 1560 1561 1396
369 9 2 10 12 16 17 856 30 1562 1506
370 9 2 10 12 494 664 844 1563 1564 1247
371 9 2 10 12 381 626 592 1565 1566 1289
372 9 2 10 12 411 644 572 1567 1568 1569
373 9 2 10 12 415 572 644 1570 1568 1571
374 9 2 10 12 19 597 724 1388 1572 1573
375 9 2 10 12 429 734 879 1574 1575 1576
376 9 2 10 12 432 782 570 1577 1326 1578
377 9 2 10 12 384 630 974 1579 1580 1232
378 9 2 10 12 540 1054 696 1581 1582 1583
379 9 2 10 12 332 569 887 1584 1585 1586
380 9 2 10 12 497 802 587 1587 1588 1589
381 9 2 10 12 475 639 940 1590 1591 1592
382 9 2 10 12 434 945 510 1593 1594 1595
383 9 2 10 12 442 511 670 1306 1363 1596
384 9 2 10 12 93 94 574 148 1597 1539
385 9 2 10 12 87 980 587 1598 1599 1600
386 9 2 10 12 206 207 577 271 1601 1510
387 9 2 10 12 497 995 802 1370 1602 1587
388 9 2 10 12 390 844 664 1401 1564 1603
389 9 2 10 12 485 897 634 1604 1605 1606
390 9 2 10 12 443 581 731 1272 1607 1608
391 9 2 10 12 594 700 961 1609 1610 1611
392 9 2 10 12 413 513 724 1355 1422 1612
393 9 2 10 12 522 940 639 1613 1591 1556
394 9 2 10 12 470 956 742 1614 1615 1085
395 9 2 10 12 516 861 675 1317 1616 1416
396 9 2 10 12 419 683 771 1617 1414 1618
397 9 2 10 12 331 626 525 1619 1229 1620
398 9 2 10 12 332 887 661 1586 1621 1622
399 9 2 10 12 60 532 652 1083 1623 1624
400 9 2 10 12 529 878 707 1625 1626 1235
401 9 2 10 12 435 628 627 1627 1628 1629
402 9 2 10 12 487 806 749 1630 1419 1201
403 9 2 10 12 434 510 740 1595 1631 1632
404 9 2 10 12 443 511 858 1364 1633 1634
405 9 2 10 12 69 823 600 1635 1636 1475
406 9 2 10 12 483 813 974 1637 1233 1638
407 9 2 10 12 347 876 892 1639 1380 1640
408 9 2 10 12 368 623 853 1277 1641 1642
409 9 2 10 12 529 919 708 1236 1643 1385
410 9 2 10 12 230 605 814 1484 1644 1645
411 9 2 10 12 508 555 848 1093 1646 1075
412 9 2 10 12 217 681 514 1647 1648 1110
413 9 2 10 12 216 514 682 1111 1649 1650
414 9 2 10 12 17 18 856 31 1213 1562
415 9 2 10 12 195 609 914 1651 1652 1653
416 9 2 10 12 342 745 539 1654 1509 1655
417 9 2 10 12 461 848 555 1656 1646 1657
418 9 2 10 12 218 683 681 1658 1659 1660
419 9 2 10 12 1054 374 696 1661 1322 1582
420 9 2 10 12 406 584 693 1251 1662 1663
421 9 2 10 12 441 586 809 1664 1665 1666
422 9 2 10 12 444 565 745 1667 1218 1668
423 9 2 10 12 392 709 494 1669 1670 1470
424 9 2 10 12 385 545 616 1671 1672 1673
425 9 2 10 12 339 616 545 1674 1672 1675
426 9 2 10 12 919 338 708 1676 1677 1643
427 9 2 10 12 511 666 858 1390 1678 1633
428 9 2 10 12 375 627 628 1679 1628 1680
429 9 2 10 12 86 87 587 141 1600 1681
430 9 2 10 12 611 842 775 1682 1683 1684
431 9 2 10 12 168 169 560 178 1685 1686
432 9 2 10 12 388 834 677 1333 1687 1688
433 9 2 10 12 614 771 854 1689 1690 1691
434 9 2 10 12 77 679 515 1692 1693 1148
435 9 2 10 12 76 515 680 1149 1694 1695
436 9 2 10 12 424 802 521 1696 1697 1262
437 9 2 10 12 380 687 593 1698 1699 1292
438 9 2 10 12 402 663 519 1700 1701 1702
439 9 2 10 12 328 576 618 1703 1704 1705
440 9 2 10 12 535 742 956 1706 1615 1139
441 9 2 10 12 373 996 506 1707 1491 1708
442 9 2 10 12 421 611 775 1709 1684 1710
443 9 2 10 12 340 675 861 1711 1616 1712
444 9 2 10 12 402 512 1010 1532 1713 1714
445 9 2 10 12 419 771 614 1618 1689 1715
446 9 2 10 12 431 655 705 1716 1257 1717
447 9 2 10 12 513 812 892 1354 1718 1719
448 9 2 10 12 446 707 659 1134 1720 1517
449 9 2 10 12 396 955 966 1721 1722 1723
450 9 2 10 12 429 879 685 1576 1724 1725
451 9 2 10 12 319 816 555 1726 1727 1092
452 9 2 10 12 325 539 615 1728 1267 1729
453 9 2 10 12 446 516 894 1518 1417 1730
454 9 2 10 12 443 731 670 1608 1731 1362
455 9 2 10 12 326 594 961 1732 1611 1733
456 9 2 10 12 318 624 538 1734 1107 1171
457 9 2 10 12 586 902 809 1735 1736 1665
458 9 2 10 12 169 623 560 1737 1276 1685
459 9 2 10 12 447 678 633 1538 1738 1739
460 9 2 10 12 321 633 678 1740 1738 1741
461 9 2 10 12 521 917 599 1742 1743 1465
462 9 2 10 12 467 599 917 1744 1743 1745
463 9 2 10 12 493 874 553 1199 1746 1747
464 9 2 10 12 445 678 839 1748 1495 1749
465 9 2 10 12 79 517 757 1750 1751 1752
466 9 2 10 12 214 760 518 1753 1754 1755
467 9 2 10 12 323 758 613 1756 1757 1758
468 9 2 10 12 387 612 737 1759 1760 1761
469 9 2 10 12 341 858 666 1762 1678 1303
470 9 2 10 12 498 990 577 1763 1511 1764
471 9 2 10 12 430 616 662 1765 1766 1767
472 9 2 10 12 366 948 632 1768 1769 1770
473 9 2 10 12 438 1048 580 1525 1771 1772
474 9 2 10 12 331 673 592 1347 1773 1774
475 9 2 10 12 332 672 593 1350 1775 1776
476 9 2 10 12 495 993 574 1777 1540 1323
477 9 2 10 12 320 537 635 1503 1163 1426
478 9 2 10 12 66 527 868 1081 1778 1779
479 9 2 10 12 394 697 803 1161 1780 1459
480 9 2 10 12 378 557 592 1781 1290 1782
481 9 2 10 12 379 558 593 1783 1293 1784
482 9 2 10 12 437 630 640 1785 1786 1787
483 9 2 10 12 382 589 561 1788 1357 1789
484 9 2 10 12 384 640 630 1790 1786 1579
485 9 2 10 12 101 102 756 156 1791 1097
486 9 2 10 12 335 601 705 1792 1793 1256
487 9 2 10 12 453 539 840 1794 1795 1796
488 9 2 10 12 331 525 1026 1620 1797 1798
489 9 2 10 12 195 196 609 260 1799 1651
490 9 2 10 12 402 519 717 1702 1800 1801
491 9 2 10 12 421 517 726 1802 1803 1804
492 9 2 10 12 397 959 517 1805 1806 1522
493 9 2 10 12 420 720 518 1807 1808 1809
494 9 2 10 12 393 688 801 1810 1811 1462
495 9 2 10 12 472 626 1011 1252 1812 1813
496 9 2 10 12 458 601 811 1814 1815 1376
497 9 2 10 12 316 541 631 1552 1065 1816
498 9 2 10 12 376 634 897 1205 1605 1817
499 9 2 10 12 466 820 865 1818 1819 1820
500 9 2 10 12 348 902 927 1821 1822 1823
501 9 2 10 12 220 221 568 285 1824 1825
502 9 2 10 12 340 636 733 1826 1827 1828
503 9 2 10 12 676 837 962 1829 1830 1831
504 9 2 10 12 373 542 920 1505 1832 1833
505 9 2 10 12 197 198 754 262 1834 1130
506 9 2 10 12 203 800 801 1835 1836 1837
507 9 2 10 12 325 689 862 1838 1839 1840
508 9 2 10 12 325 840 539 1841 1795 1728
509 9 2 10 12 385 610 790 1842 1843 1844
510 9 2 10 12 581 860 731 1845 1846 1607
511 9 2 10 12 90 795 803 1847 1848 1849
512 9 2 10 12 497 587 980 1589 1599 1850
513 9 2 10 12 387 737 705 1761 1851 1852
514 9 2 10 12 339 662 616 1853 1766 1674
515 9 2 10 12 240 241 709 305 1447 1854
516 9 2 10 12 515 775 776 1855 1856 1857
517 9 2 10 12 363 776 775 1858 1856 1859
518 9 2 10 12 58 59 770 113 1091 1860
519 9 2 10 12 409 528 781 1861 1862 1863
520 9 2 10 12 317 520 912 1474 1521 1864
521 9 2 10 12 421 757 517 1865 1751 1802
522 9 2 10 12 245 246 552 310 1866 1867
523 9 2 10 12 377 596 930 1868 1869 1870
524 9 2 10 12 323 613 969 1758 1871 1872
525 9 2 10 12 330 1060 522 1873 1874 1555
526 9 2 10 12 317 768 598 1875 1876 1472
527 9 2 10 12 420 518 760 1809 1754 1877
528 9 2 10 12 417 550 787 1878 1879 1880
529 9 2 10 12 336 658 641 1881 1882 1883
530 9 2 10 12 426 793 583 1884 1885 1886
531 9 2 10 12 319 659 707 1887 1720 1888
532 9 2 10 12 79 964 517 1889 1523 1750
533 9 2 10 12 389 527 750 1455 1449 1890
534 9 2 10 12 428 660 610 1891 1892 1893
535 9 2 10 12 337 610 660 1894 1892 1895
536 9 2 10 12 438 576 674 1896 1897 1297
537 9 2 10 12 369 878 529 1898 1625 1384
538 9 2 10 12 943 324 716 1899 1900 1901
539 9 2 10 12 551 943 716 1902 1901 1903
540 9 2 10 12 214 518 955 1755 1904 1905
541 9 2 10 12 459 707 878 1906 1626 1907
542 9 2 10 12 329 671 983 1908 1909 1910
543 9 2 10 12 348 927 571 1823 1911 1073
544 9 2 10 12 329 599 589 1466 1423 1912
545 9 2 10 12 367 543 769 1486 1913 1914
546 9 2 10 12 43 44 565 50 1915 1916
547 9 2 10 12 397 964 704 1524 1917 1918
548 9 2 10 12 332 1008 524 1919 1920 1348
549 9 2 10 12 330 639 561 1557 1921 1922
550 9 2 10 12 331 986 523 1923 1924 1345
551 9 2 10 12 334 627 833 1925 1926 1927
552 9 2 10 12 474 676 962 1928 1831 1929
553 9 2 10 12 521 802 917 1697 1930 1742
554 9 2 10 12 373 506 913 1708 1931 1932
555 9 2 10 12 526 437 916 1933 1934 1935
556 9 2 10 12 325 862 739 1840 1936 1937
557 9 2 10 12 519 1016 748 1938 1939 1940
558 9 2 10 12 189 190 1015 254 1282 1941
559 9 2 10 12 411 751 530 1942 1943 1944
560 9 2 10 12 97 530 751 1155 1943 1945
561 9 2 10 12 396 692 955 1946 1947 1721
562 9 2 10 12 349 918 875 1948 1949 1950
563 9 2 10 12 471 537 1057 1246 1951 1952
564 9 2 10 12 344 1046 536 1953 1954 1955
565 9 2 10 12 327 602 819 1956 1957 1958
566 9 2 10 12 465 819 602 1959 1957 1960
567 9 2 10 12 328 557 674 1961 1962 1963
568 9 2 10 12 409 983 528 1964 1965 1861
569 9 2 10 12 354 779 778 1966 1967 1968
570 9 2 10 12 514 778 779 1969 1967 1970
571 9 2 10 12 337 660 720 1895 1971 1972
572 9 2 10 12 968 437 526 1973 1933 1974
573 9 2 10 12 481 914 609 1975 1652 1976
574 9 2 10 12 448 695 591 1977 1978 1979
575 9 2 10 12 405 591 695 1980 1978 1981
576 9 2 10 12 404 694 590 1982 1983 1984
577 9 2 10 12 449 590 694 1985 1983 1986
578 9 2 10 12 391 891 896 1987 1988 1989
579 9 2 10 12 45 540 696 1442 1583 1990
580 9 2 10 12 8 546 893 1559 1991 1992
581 9 2 10 12 627 807 833 1993 1994 1926
582 9 2 10 12 400 719 850 1178 1995 1136
583 9 2 10 12 377 930 691 1870 1996 1997
584 9 2 10 12 385 790 839 1844 1998 1999
585 9 2 10 12 528 983 671 1965 1909 2000
586 9 2 10 12 367 769 575 1914 2001 1560
587 9 2 10 12 555 816 973 1727 2002 2003
588 9 2 10 12 425 761 811 1501 1377 2004
589 9 2 10 12 322 693 584 2005 1662 1214
590 9 2 10 12 427 641 658 2006 1882 2007
591 9 2 10 12 168 560 830 1686 2008 2009
592 9 2 10 12 632 948 908 1769 2010 2011
593 9 2 10 12 533 748 1058 1255 2012 2013
594 9 2 10 12 338 665 854 2014 2015 2016
595 9 2 10 12 95 96 572 150 2017 2018
596 9 2 10 12 665 851 854 2019 2020 2015
597 9 2 10 12 341 582 740 1304 2021 2022
598 9 2 10 12 636 897 733 2023 2024 1827
599 9 2 10 12 208 209 573 273 2025 2026
600 9 2 10 12 243 244 746 308 2027 1173
601 9 2 10 12 434 740 582 1632 2021 2028
602 9 2 10 12 191 192 579 256 2029 2030
603 9 2 10 12 450 744 597 2031 2032 2033
604 9 2 10 12 525 937 792 1231 2034 2035
605 9 2 10 12 242 749 664 2036 2037 2038
606 9 2 10 12 336 641 566 1883 2039 2040
607 9 2 10 12 494 709 664 1670 1446 1563
608 9 2 10 12 241 242 664 306 2038 1445
609 9 2 10 12 464 541 924 1106 2041 2042
610 9 2 10 12 84 85 578 139 2043 2044
611 9 2 10 12 359 783 1002 2045 1207 2046
612 9 2 10 12 329 589 671 1912 2047 1908
613 9 2 10 12 369 708 953 1386 2048 2049
614 9 2 10 12 355 917 802 2050 1930 2051
615 9 2 10 12 419 681 683 2052 1659 1617
616 9 2 10 12 798 898 343 2053 2054 2055
617 9 2 10 12 193 544 777 1554 2056 2057
618 9 2 10 12 350 547 774 1406 2058 1307
619 9 2 10 12 423 777 544 2059 2056 2060
620 9 2 10 12 489 870 927 2061 1183 2062
621 9 2 10 12 328 674 576 1963 1897 1703
622 9 2 10 12 434 828 532 2063 2064 1542
623 9 2 10 12 314 670 731 2065 1731 2066
624 9 2 10 12 107 108 728 162 2067 1102
625 9 2 10 12 166 167 591 176 2068 2069
626 9 2 10 12 171 172 590 181 2070 2071
627 9 2 10 12 463 835 533 2072 2073 2074
628 9 2 10 12 223 533 835 1116 2073 2075
629 9 2 10 12 229 814 583 2076 2077 2078
630 9 2 10 12 479 855 801 2079 1463 2080
631 9 2 10 12 188 1015 559 2081 2082 2083
632 9 2 10 12 462 926 671 2084 2085 2086
633 9 2 10 12 528 671 926 2000 2085 2087
634 9 2 10 12 898 699 343 2088 2089 2054
635 9 2 10 12 387 566 641 2090 2039 2091
636 9 2 10 12 379 818 558 2092 2093 1783
637 9 2 10 12 380 558 819 1294 2094 2095
638 9 2 10 12 381 557 820 1291 2096 2097
639 9 2 10 12 414 684 605 2098 2099 2100
640 9 2 10 12 185 186 722 250 2101 2102
641 9 2 10 12 463 533 845 2074 2103 2104
642 9 2 10 12 411 530 786 1944 2105 2106
643 9 2 10 12 505 774 604 1308 2107 1338
644 9 2 10 12 220 568 889 1825 2108 2109
645 9 2 10 12 336 653 859 2110 2111 2112
646 9 2 10 12 242 243 749 307 1202 2036
647 9 2 10 12 450 575 769 2113 2001 2114
648 9 2 10 12 344 904 695 2115 2116 2117
649 9 2 10 12 426 605 684 2118 2099 2119
650 9 2 10 12 383 825 561 2120 2121 1356
651 9 2 10 12 478 859 803 2122 1460 2123
652 9 2 10 12 382 561 639 1789 1921 2124
653 9 2 10 12 342 539 849 1655 2125 2126
654 9 2 10 12 479 801 800 2080 1836 2127
655 9 2 10 12 335 655 855 1258 2128 2129
656 9 2 10 12 194 914 544 2130 2131 1553
657 9 2 10 12 481 544 914 2132 2131 1975
658 9 2 10 12 478 803 795 2123 1848 2133
659 9 2 10 12 441 551 836 2134 2135 2136
660 9 2 10 12 344 536 767 1955 2137 2138
661 9 2 10 12 518 966 955 2139 1722 1904
662 9 2 10 12 317 837 768 2140 2141 1875
663 9 2 10 12 326 844 594 1248 1241 1732
664 9 2 10 12 349 581 918 2142 2143 1948
665 9 2 10 12 370 973 549 2144 2145 1391
666 9 2 10 12 480 606 869 2146 2147 2148
667 9 2 10 12 370 869 606 1368 2147 2149
668 9 2 10 12 430 607 616 2150 2151 1765
669 9 2 10 12 431 538 972 1170 2152 2153
670 9 2 10 12 169 170 623 179 2154 1737
671 9 2 10 12 341 740 650 2022 2155 2156
672 9 2 10 12 377 752 554 2157 2158 1295
673 9 2 10 12 423 805 602 2159 2160 2161
674 9 2 10 12 324 978 1030 2162 2163 2164
675 9 2 10 12 393 655 638 2165 2166 2167
676 9 2 10 12 431 638 655 2168 2166 1716
677 9 2 10 12 417 700 550 2169 2170 1878
678 9 2 10 12 344 789 904 2171 2172 2115
679 9 2 10 12 382 671 589 2173 2047 1788
680 9 2 10 12 390 806 543 1420 2174 1400
681 9 2 10 12 613 1059 969 2175 2176 1871
682 9 2 10 12 358 595 676 1341 2177 2178
683 9 2 10 12 583 793 941 1885 2179 2180
684 9 2 10 12 425 954 537 2181 2182 1499
685 9 2 10 12 633 864 842 2183 2184 2185
686 9 2 10 12 336 859 796 2112 2186 2187
687 9 2 10 12 466 865 647 1820 2188 2189
688 9 2 10 12 474 673 939 2190 2191 2192
689 9 2 10 12 473 672 938 2193 2194 2195
690 9 2 10 12 523 939 673 2196 2191 1346
691 9 2 10 12 524 938 672 2197 2194 1349
692 9 2 10 12 395 658 796 2198 2199 2200
693 9 2 10 12 378 674 557 1545 1962 1781
694 9 2 10 12 450 804 575 2201 1329 2113
695 9 2 10 12 429 645 653 2202 2203 2204
696 9 2 10 12 394 653 645 2205 2203 2206
697 9 2 10 12 315 730 607 2207 2208 2209
698 9 2 10 12 486 890 752 2210 2211 2212
699 9 2 10 12 414 774 547 2213 2058 2214
700 9 2 10 12 100 617 1033 2215 2216 2217
701 9 2 10 12 332 687 569 2218 1480 1584
702 9 2 10 12 335 855 791 2129 2219 2220
703 9 2 10 12 345 1056 543 2221 2222 2223
704 9 2 10 12 413 744 570 2224 2225 2226
705 9 2 10 12 448 830 560 2227 2008 1533
706 9 2 10 12 331 592 626 1774 1566 1619
707 9 2 10 12 232 233 604 297 1339 2228
708 9 2 10 12 68 600 750 1476 2229 2230
709 9 2 10 12 199 970 553 2231 2232 2233
710 9 2 10 12 660 966 720 2234 2235 1971
711 9 2 10 12 360 792 937 2236 2034 2237
712 9 2 10 12 402 723 663 2238 2239 1700
713 9 2 10 12 418 703 608 2240 2241 2242
714 9 2 10 12 316 608 703 2243 2241 1551
715 9 2 10 12 398 657 791 2244 2245 2246
716 9 2 10 12 418 588 735 2247 2248 2249
717 9 2 10 12 343 735 588 2250 2248 2251
718 9 2 10 12 436 767 608 2252 2253 2254
719 9 2 10 12 405 1041 620 2255 2256 2257
720 9 2 10 12 427 658 648 2007 2258 2259
721 9 2 10 12 395 648 658 2260 2258 2198
722 9 2 10 12 447 633 842 1739 2185 2261
723 9 2 10 12 99 100 1033 154 2217 2262
724 9 2 10 12 324 1030 716 2164 2263 1900
725 9 2 10 12 396 660 649 2264 2265 2266
726 9 2 10 12 428 649 660 2267 2265 1891
727 9 2 10 12 403 748 1016 2268 1939 2269
728 9 2 10 12 499 998 704 2270 2271 2272
729 9 2 10 12 493 688 985 2273 2274 1351
730 9 2 10 12 468 613 758 2275 1757 2276
731 9 2 10 12 83 556 975 2277 2278 2279
732 9 2 10 12 385 616 607 1673 2151 2280
733 9 2 10 12 186 1018 722 2281 2282 2101
734 9 2 10 12 402 637 723 2283 2284 2238
735 9 2 10 12 345 570 744 2285 2225 2286
736 9 2 10 12 394 645 995 2206 2287 1369
737 9 2 10 12 454 915 541 2288 2289 1548
738 9 2 10 12 353 985 638 1352 2290 2291
739 9 2 10 12 404 619 1038 2292 2293 2294
740 9 2 10 12 457 546 866 1435 2295 2296
741 9 2 10 12 405 728 1041 2297 2298 2255
742 9 2 10 12 430 662 651 1767 2299 2300
743 9 2 10 12 397 651 662 2301 2299 2302
744 9 2 10 12 408 911 553 2303 2304 2305
745 9 2 10 12 56 871 534 2306 2307 2308
746 9 2 10 12 423 602 1012 2161 2309 2310
747 9 2 10 12 356 998 981 2311 2312 2313
748 9 2 10 12 339 545 895 1675 2314 2315
749 9 2 10 12 485 634 950 1606 2316 2317
750 9 2 10 12 339 959 662 2318 2319 1853
751 9 2 10 12 413 597 744 2320 2032 2224
752 9 2 10 12 402 717 873 1801 2321 1530
753 9 2 10 12 395 988 648 1361 2322 2260
754 9 2 10 12 472 824 710 2323 2324 2325
755 9 2 10 12 357 992 649 2326 2327 2328
756 9 2 10 12 361 654 999 2329 2330 2331
757 9 2 10 12 365 564 1035 2332 2333 2334
758 9 2 10 12 356 651 998 2335 2336 2311
759 9 2 10 12 524 783 938 2337 2338 2197
760 9 2 10 12 503 984 719 1399 2339 1177
761 9 2 10 12 2 16 821 29 1508 2340
762 9 2 10 12 398 654 657 2341 2342 2244
763 9 2 10 12 425 657 654 2343 2342 2344
764 9 2 10 12 387 641 612 2091 2345 1759
765 9 2 10 12 357 1009 992 2346 2347 2326
766 9 2 10 12 399 718 699 1067 2348 2349
767 9 2 10 12 454 699 718 2350 2348 2351
768 9 2 10 12 191 579 729 2030 2352 2353
769 9 2 10 12 481 922 544 2354 2355 2132
770 9 2 10 12 218 219 683 283 2356 1658
771 9 2 10 12 404 1038 722 2294 2357 1264
772 9 2 10 12 361 999 1042 2331 2358 2359
773 9 2 10 12 380 768 687 2360 1468 1698
774 9 2 10 12 229 230 814 294 1645 2076
775 9 2 10 12 476 869 883 2361 1367 2362
776 9 2 10 12 339 726 959 2363 2364 2318
777 9 2 10 12 498 999 702 2365 2366 2367
778 9 2 10 12 332 593 687 1776 1699 2218
779 9 2 10 12 440 571 1049 1126 2368 2369
780 9 2 10 12 472 934 824 2370 2371 2323
781 9 2 10 12 416 714 643 1181 2372 2373
782 9 2 10 12 416 643 794 2373 2374 2375
783 9 2 10 12 399 947 559 2376 2377 1070
784 9 2 10 12 460 889 568 2378 2108 2379
785 9 2 10 12 447 895 545 2380 2314 1537
786 9 2 10 12 484 977 903 2381 1319 2382
787 9 2 10 12 83 766 556 2383 2384 2277
788 9 2 10 12 360 988 792 2385 1334 2236
789 9 2 10 12 453 849 539 2386 2125 1794
790 9 2 10 12 403 1058 748 2387 2012 2268
791 9 2 10 12 316 738 608 2388 2389 2243
792 9 2 10 12 436 608 738 2254 2389 2390
793 9 2 10 12 59 60 652 114 1624 1089
794 9 2 10 12 576 935 618 2391 2392 1704
795 9 2 10 12 496 692 992 2393 2394 2395
796 9 2 10 12 188 189 1015 253 1941 2081
797 9 2 10 12 1 7 817 11 2396 2397
798 9 2 10 12 1 817 247 2397 2398 312
799 9 2 10 12 522 785 940 2399 2400 1613
800 9 2 10 12 366 531 797 2401 2402 2403
801 9 2 10 12 395 796 1032 2200 2404 2405
802 9 2 10 12 330 825 643 2406 2407 2408
803 9 2 10 12 471 643 825 2409 2407 2410
804 9 2 10 12 18 19 724 32 1573 1421
805 9 2 10 12 347 812 782 2411 1327 2412
806 9 2 10 12 423 544 805 2060 2413 2159
807 9 2 10 12 501 729 936 1314 2414 2415
808 9 2 10 12 527 727 875 1454 2416 2417
809 9 2 10 12 391 1054 540 2418 1581 2419
810 9 2 10 12 602 721 1012 2420 2421 2309
811 9 2 10 12 385 839 545 1999 1494 1671
812 9 2 10 12 236 920 542 2422 1832 1203
813 9 2 10 12 407 729 579 2423 2352 2424
814 9 2 10 12 391 540 747 2419 2425 2426
815 9 2 10 12 96 751 572 2427 2428 2017
816 9 2 10 12 377 562 797 1296 2429 2430
817 9 2 10 12 334 833 872 1927 2431 2432
818 9 2 10 12 408 553 874 2305 1746 2433
819 9 2 10 12 56 534 946 2308 2434 2435
820 9 2 10 12 427 612 641 2436 2345 2006
821 9 2 10 12 534 896 891 2437 1988 2438
822 9 2 10 12 333 736 663 2439 2440 2441
823 9 2 10 12 346 625 845 2442 2443 2444
824 9 2 10 12 463 845 625 2104 2443 2445
825 9 2 10 12 398 791 1034 2246 2446 2447
826 9 2 10 12 531 596 797 1142 2448 2402
827 9 2 10 12 46 747 540 2449 2425 1441
828 9 2 10 12 385 607 730 2280 2208 2450
829 9 2 10 12 379 593 672 1784 1775 2451
830 9 2 10 12 378 592 673 1782 1773 2452
831 9 2 10 12 339 611 726 2453 2454 2363
832 9 2 10 12 421 726 611 1804 2454 1709
833 9 2 10 12 400 789 667 1210 2455 2456
834 9 2 10 12 385 730 610 2450 2457 1842
835 9 2 10 12 67 68 750 122 2230 1448
836 9 2 10 12 411 572 751 1569 2428 1942
837 9 2 10 12 519 748 1043 1940 2458 2459
838 9 2 10 12 454 703 735 1550 2460 2461
839 9 2 10 12 418 735 703 2249 2460 2240
840 9 2 10 12 9 866 546 2462 2295 1558
841 9 2 10 12 345 759 570 2463 2464 2285
842 9 2 10 12 497 980 697 1850 2465 1160
843 9 2 10 12 210 563 765 1365 2466 2467
844 9 2 10 12 413 724 597 1612 1572 2320
845 9 2 10 12 480 656 606 2468 2469 2146
846 9 2 10 12 466 624 1003 1157 2470 2471
847 9 2 10 12 548 867 452 2472 2473 2474
848 9 2 10 12 435 957 547 2475 2476 1443
849 9 2 10 12 324 606 656 2477 2469 2478
850 9 2 10 12 347 892 812 1640 1718 2411
851 9 2 10 12 439 676 595 2479 2177 2480
852 9 2 10 12 359 938 783 2481 2338 2045
853 9 2 10 12 1001 548 452 2482 2474 2483
854 9 2 10 12 414 547 1025 2214 2484 2485
855 9 2 10 12 2 821 10 2340 2486 15
856 9 2 10 12 528 926 781 2087 2487 1862
857 9 2 10 12 523 786 939 2488 2489 2196
858 9 2 10 12 602 805 884 2160 2490 2491
859 9 2 10 12 455 901 582 2492 1488 1283
860 9 2 10 12 313 965 535 2493 2494 1450
861 9 2 10 12 373 920 715 1833 2495 2496
862 9 2 10 12 437 640 723 1787 2497 2498
863 9 2 10 12 404 798 694 1190 2499 1982
864 9 2 10 12 333 723 640 2500 2497 1439
865 9 2 10 12 432 552 782 2501 1077 1577
866 9 2 10 12 367 550 700 1398 2170 2502
867 9 2 10 12 366 797 562 2403 2429 2503
868 9 2 10 12 432 843 552 2504 2505 2501
869 9 2 10 12 400 668 1002 2506 2507 1452
870 9 2 10 12 368 910 755 2508 2509 1536
871 9 2 10 12 536 755 910 2510 2509 2511
872 9 2 10 12 351 863 936 2512 2513 2514
873 9 2 10 12 345 543 806 2223 2174 2515
874 9 2 10 12 357 940 785 2516 2400 2517
875 9 2 10 12 367 700 594 2502 1609 1485
876 9 2 10 12 493 553 970 1747 2232 2518
877 9 2 10 12 63 834 945 2519 2520 2521
878 9 2 10 12 650 740 909 2155 2522 2523
879 9 2 10 12 7 893 817 2524 2525 2396
880 9 2 10 12 412 929 567 2526 2527 2528
881 9 2 10 12 70 586 823 2529 2530 2531
882 9 2 10 12 391 747 891 2426 2532 1987
883 9 2 10 12 366 877 531 2533 2534 2401
884 9 2 10 12 409 556 766 2535 2384 2536
885 9 2 10 12 520 598 1040 1473 2537 2538
886 9 2 10 12 465 1040 598 2539 2537 2540
887 9 2 10 12 325 615 689 1729 2541 1838
888 9 2 10 12 43 565 764 1916 2542 2543
889 9 2 10 12 72 73 634 127 2544 2545
890 9 2 10 12 498 702 990 2367 2546 1763
891 9 2 10 12 441 809 551 1666 2547 2134
892 9 2 10 12 436 668 667 2548 2549 2550
893 9 2 10 12 400 667 668 2456 2549 2506
894 9 2 10 12 444 928 764 1197 2551 2552
895 9 2 10 12 470 763 693 1101 2553 2554
896 9 2 10 12 475 713 1027 2555 2556 2557
897 9 2 10 12 331 1026 644 1798 2558 2559
898 9 2 10 12 22 788 575 2560 1561 1117
899 9 2 10 12 365 752 890 2561 2211 2562
900 9 2 10 12 98 99 905 153 2563 1129
901 9 2 10 12 536 1046 755 1954 2564 2510
902 9 2 10 12 457 821 856 2565 1507 2566
903 9 2 10 12 75 680 712 2567 2568 2569
904 9 2 10 12 381 624 1011 2570 2571 2572
905 9 2 10 12 496 991 692 1514 2573 2393
906 9 2 10 12 732 956 958 2574 2575 2576
907 9 2 10 12 713 827 1027 2577 2578 2556
908 9 2 10 12 535 965 742 2494 2579 1706
909 9 2 10 12 495 690 993 1186 2580 1777
910 9 2 10 12 643 882 794 2581 2582 2374
911 9 2 10 12 387 705 601 1852 1793 2583
912 9 2 10 12 380 819 1013 2095 2584 2585
913 9 2 10 12 25 603 787 1527 2586 2587
914 9 2 10 12 506 1035 564 2588 2333 2589
915 9 2 10 12 409 781 556 1863 2590 2535
916 9 2 10 12 313 780 629 2591 2592 2593
917 9 2 10 12 245 552 843 1867 2505 2594
918 9 2 10 12 407 936 729 2595 2414 2423
919 9 2 10 12 441 600 823 2596 1636 2597
920 9 2 10 12 410 765 563 2598 2466 2599
921 9 2 10 12 525 792 1026 2035 2600 1797
922 9 2 10 12 456 552 900 1095 2601 2602
923 9 2 10 12 461 555 944 1657 2603 2604
924 9 2 10 12 199 200 970 264 2605 2231
925 9 2 10 12 355 802 995 2051 1602 2606
926 9 2 10 12 384 813 656 1234 2607 2608
927 9 2 10 12 192 777 579 2609 2610 2029
928 9 2 10 12 423 579 777 2611 2610 2059
929 9 2 10 12 509 872 833 2612 2431 2613
930 9 2 10 12 356 781 926 2614 2487 2615
931 9 2 10 12 499 704 1039 2272 2616 2617
932 9 2 10 12 328 865 820 2618 1819 2619
933 9 2 10 12 82 83 975 137 2279 2620
934 9 2 10 12 492 875 918 2621 1949 2622
935 9 2 10 12 430 651 701 2300 2623 2624
936 9 2 10 12 356 701 651 2625 2623 2335
937 9 2 10 12 217 218 681 282 1660 1647
938 9 2 10 12 215 216 682 280 1650 2626
939 9 2 10 12 429 685 645 1725 2627 2202
940 9 2 10 12 355 645 685 2628 2627 2629
941 9 2 10 12 415 772 572 2630 2631 1570
942 9 2 10 12 95 572 772 2018 2631 2632
943 9 2 10 12 365 888 564 2633 2634 2332
944 9 2 10 12 221 753 568 2635 2636 1824
945 9 2 10 12 481 963 922 2637 1394 2354
946 9 2 10 12 391 689 615 2638 2541 2639
947 9 2 10 12 77 78 679 132 2640 1692
948 9 2 10 12 75 76 680 130 1695 2567
949 9 2 10 12 433 652 960 1498 2641 2642
950 9 2 10 12 358 939 786 2643 2489 2644
951 9 2 10 12 209 765 573 2645 2646 2025
952 9 2 10 12 208 573 773 2026 2647 2648
953 9 2 10 12 416 773 573 2649 2647 1179
954 9 2 10 12 435 742 965 1444 2579 2650
955 9 2 10 12 493 1036 688 2651 2652 2273
956 9 2 10 12 531 877 603 2534 2653 1143
957 9 2 10 12 199 553 911 2233 2304 2654
958 9 2 10 12 381 820 1003 2097 2655 2656
959 9 2 10 12 434 799 945 1543 2657 1593
960 9 2 10 12 424 578 784 1312 2658 2659
961 9 2 10 12 85 784 578 2660 2658 2043
962 9 2 10 12 475 1024 639 2661 2662 1590
963 9 2 10 12 7 8 893 12 1992 2524
964 9 2 10 12 460 708 771 2663 2664 1413
965 9 2 10 12 188 559 947 2083 2377 2665
966 9 2 10 12 402 1010 637 1714 2666 2283
967 9 2 10 12 608 767 1031 2253 2667 2668
968 9 2 10 12 379 997 818 2669 2670 2092
969 9 2 10 12 432 570 759 1578 2464 2671
970 9 2 10 12 410 573 765 1430 2646 2598
971 9 2 10 12 99 1033 905 2262 2672 2563
972 9 2 10 12 524 1008 783 1920 2673 2337
973 9 2 10 12 410 563 785 2599 2674 2675
974 9 2 10 12 422 712 680 1244 2568 2676
975 9 2 10 12 550 1007 787 2677 2678 1879
976 9 2 10 12 345 806 759 2515 2679 2463
977 9 2 10 12 393 985 688 2680 2274 1810
978 9 2 10 12 371 935 576 2681 2391 2682
979 9 2 10 12 327 721 602 2683 2420 1956
980 9 2 10 12 543 1056 769 2222 2684 1913
981 9 2 10 12 383 1006 825 2685 2686 2120
982 9 2 10 12 84 578 766 2044 2687 2688
983 9 2 10 12 94 772 574 2689 2690 1597
984 9 2 10 12 246 900 552 2691 2601 1866
985 9 2 10 12 468 711 613 2692 1481 2275
986 9 2 10 12 555 973 944 2003 2693 2603
987 9 2 10 12 207 773 577 2694 2695 1601
988 9 2 10 12 328 820 557 2619 2096 1961
989 9 2 10 12 327 558 818 2696 2093 2697
990 9 2 10 12 327 819 558 1958 2094 2696
991 9 2 10 12 401 956 732 1062 2574 2698
992 9 2 10 12 624 934 1011 2699 2700 2571
993 9 2 10 12 373 913 584 1932 1528 1504
994 9 2 10 12 551 716 836 1903 2701 2135
995 9 2 10 12 28 930 596 2702 1869 1382
996 9 2 10 12 397 704 998 1918 2271 2703
997 9 2 10 12 427 648 710 2259 2704 2705
998 9 2 10 12 360 710 648 2706 2704 2707
999 9 2 10 12 469 890 585 2708 2709 2710
1000 9 2 10 12 357 649 713 2328 2711 2712
1001 9 2 10 12 428 713 649 2713 2711 2267
1002 9 2 10 12 44 696 565 2714 1321 1915
1003 9 2 10 12 389 750 600 1890 2229 2715
1004 9 2 10 12 489 927 902 2062 1822 2716
1005 9 2 10 12 390 664 749 1603 2037 1418
1006 9 2 10 12 409 766 578 2536 2687 1309
1007 9 2 10 12 173 619 906 2717 2718 2719
1008 9 2 10 12 165 907 620 2720 2721 2722
1009 9 2 10 12 346 845 743 2444 2723 2724
1010 9 2 10 12 370 944 973 2725 2693 2144
1011 9 2 10 12 428 610 730 1893 2457 2726
1012 9 2 10 12 458 761 734 1378 2727 2728
1013 9 2 10 12 320 734 761 2729 2727 1502
1014 9 2 10 12 336 566 841 2040 2730 2731
1015 9 2 10 12 20 804 597 2732 2733 1387
1016 9 2 10 12 330 561 825 1922 2121 2406
1017 9 2 10 12 358 676 939 2178 2734 2643
1018 9 2 10 12 396 992 692 2735 2394 1946
1019 9 2 10 12 398 702 999 2736 2366 2737
1020 9 2 10 12 374 1054 615 1661 2738 1266
1021 9 2 10 12 415 574 772 2739 2690 2630
1022 9 2 10 12 46 47 747 53 2740 2449
1023 9 2 10 12 330 643 714 2408 2372 2741
1024 9 2 10 12 412 567 783 2528 1227 2742
1025 9 2 10 12 480 857 971 2743 1437 2744
1026 9 2 10 12 449 831 590 2745 2746 1985
1027 9 2 10 12 171 590 831 2071 2746 2747
1028 9 2 10 12 167 830 591 2748 2749 2068
1029 9 2 10 12 448 591 830 1979 2749 2227
1030 9 2 10 12 238 239 711 303 2750 2751
1031 9 2 10 12 433 960 808 2642 2752 2753
1032 9 2 10 12 318 737 612 1172 1760 2754
1033 9 2 10 12 473 846 738 2755 2756 2757
1034 9 2 10 12 365 1035 752 2334 2758 2561
1035 9 2 10 12 404 590 906 1984 2759 2760
1036 9 2 10 12 405 907 591 2761 2762 1980
1037 9 2 10 12 469 686 732 2763 2764 2765
1038 9 2 10 12 201 202 688 266 2766 2767
1039 9 2 10 12 416 577 773 2768 2695 2649
1040 9 2 10 12 91 92 690 146 2769 2770
1041 9 2 10 12 214 215 760 279 2771 1753
1042 9 2 10 12 510 945 834 1594 2520 1477
1043 9 2 10 12 338 854 771 2016 1690 2772
1044 9 2 10 12 212 213 692 277 2773 2774
1045 9 2 10 12 333 663 723 2441 2239 2500
1046 9 2 10 12 315 827 730 2775 2776 2207
1047 9 2 10 12 554 752 1035 2158 2758 2777
1048 9 2 10 12 523 986 786 1924 2778 2488
1049 9 2 10 12 482 739 808 2779 2780 1411
1050 9 2 10 12 388 677 918 1688 2781 2782
1051 9 2 10 12 369 568 942 2783 2784 2785
1052 9 2 10 12 88 89 697 143 2786 2787
1053 9 2 10 12 78 79 757 133 1752 2788
1054 9 2 10 12 413 570 812 2226 1328 1353
1055 9 2 10 12 492 918 677 2622 2781 2789
1056 9 2 10 12 399 741 947 2790 2791 2376
1057 9 2 10 12 325 739 840 1937 2792 1841
1058 9 2 10 12 226 227 717 291 2793 2794
1059 9 2 10 12 496 1009 563 2795 2796 1513
1060 9 2 10 12 313 725 780 1451 2797 2591
1061 9 2 10 12 204 205 702 269 2798 2799
1062 9 2 10 12 24 25 787 38 2587 2800
1063 9 2 10 12 69 70 823 124 2531 1635
1064 9 2 10 12 80 81 704 135 2801 2802
1065 9 2 10 12 70 951 586 2803 2804 2529
1066 9 2 10 12 481 609 963 1976 2805 2637
1067 9 2 10 12 371 963 609 2806 2805 2807
1068 9 2 10 12 383 599 933 1424 2808 2809
1069 9 2 10 12 467 933 599 2810 2808 1744
1070 9 2 10 12 437 723 637 2498 2284 2811
1071 9 2 10 12 449 853 623 2812 1641 2813
1072 9 2 10 12 408 754 911 1516 2814 2303
1073 9 2 10 12 330 714 1060 2741 2815 1873
1074 9 2 10 12 363 775 842 1859 1683 2816
1075 9 2 10 12 415 792 574 2817 1324 2739
1076 9 2 10 12 86 587 784 1681 2818 2819
1077 9 2 10 12 434 582 828 2028 1490 2063
1078 9 2 10 12 366 562 948 2503 2820 1768
1079 9 2 10 12 48 946 891 2821 2822 2823
1080 9 2 10 12 83 84 766 138 2688 2383
1081 9 2 10 12 439 1005 569 2824 2825 1479
1082 9 2 10 12 74 75 712 129 2569 2826
1083 9 2 10 12 44 45 696 51 1990 2714
1084 9 2 10 12 416 794 577 2375 2827 2768
1085 9 2 10 12 408 874 647 2433 2828 2829
1086 9 2 10 12 349 727 921 2830 2831 2832
1087 9 2 10 12 507 921 727 2833 2831 2834
1088 9 2 10 12 487 759 806 2835 2679 1630
1089 9 2 10 12 64 1045 677 2836 2837 2838
1090 9 2 10 12 380 598 768 2839 1876 2360
1091 9 2 10 12 56 57 871 111 2840 2306
1092 9 2 10 12 408 865 618 2841 2842 1342
1093 9 2 10 12 172 173 906 182 2719 2843
1094 9 2 10 12 165 166 907 175 2844 2720
1095 9 2 10 12 64 65 1045 119 2845 2836
1096 9 2 10 12 369 625 878 2846 2847 1898
1097 9 2 10 12 351 936 646 2514 2848 2849
1098 9 2 10 12 486 752 691 2212 2850 2851
1099 9 2 10 12 473 938 846 2195 2852 2755
1100 9 2 10 12 409 622 983 1311 2853 1964
1101 9 2 10 12 352 580 1048 1408 1771 2854
1102 9 2 10 12 424 784 587 2659 2818 2855
1103 9 2 10 12 172 906 590 2843 2759 2070
1104 9 2 10 12 166 591 907 2069 2762 2844
1105 9 2 10 12 387 932 566 2856 2857 2090
1106 9 2 10 12 663 736 1016 2440 2858 2859
1107 9 2 10 12 743 845 1058 2723 2860 2861
1108 9 2 10 12 231 810 605 2862 2863 1483
1109 9 2 10 12 369 942 625 2785 2864 2846
1110 9 2 10 12 454 735 699 2461 2865 2350
1111 9 2 10 12 343 699 735 2089 2865 2250
1112 9 2 10 12 105 106 719 160 2866 2867
1113 9 2 10 12 405 620 907 2257 2721 2761
1114 9 2 10 12 404 906 619 2760 2718 2292
1115 9 2 10 12 606 943 944 2868 2869 2870
1116 9 2 10 12 47 48 891 54 2823 2871
1117 9 2 10 12 376 1049 571 2872 2368 2873
1118 9 2 10 12 426 814 605 2874 1644 2118
1119 9 2 10 12 372 569 1005 2875 2825 2876
1120 9 2 10 12 369 953 568 2049 2877 2783
1121 9 2 10 12 460 568 953 2379 2877 2878
1122 9 2 10 12 407 579 1012 2424 2879 2880
1123 9 2 10 12 467 879 933 2881 1432 2810
1124 9 2 10 12 498 577 1042 1764 2882 2883
1125 9 2 10 12 209 210 765 274 2467 2645
1126 9 2 10 12 324 943 606 1899 2868 2477
1127 9 2 10 12 190 191 729 255 2353 1313
1128 9 2 10 12 335 811 601 2884 1815 1792
1129 9 2 10 12 431 705 737 1717 1851 1168
1130 9 2 10 12 103 567 929 1383 2527 2885
1131 9 2 10 12 372 977 617 2886 2887 2888
1132 9 2 10 12 484 617 977 2889 2887 2381
1133 9 2 10 12 426 583 814 1886 2077 2874
1134 9 2 10 12 371 576 976 2682 2890 2891
1135 9 2 10 12 408 647 865 2829 2188 2841
1136 9 2 10 12 424 587 802 2855 1588 1696
1137 9 2 10 12 549 816 923 2892 2893 2894
1138 9 2 10 12 459 923 816 2895 2893 2896
1139 9 2 10 12 417 877 632 2897 2898 2899
1140 9 2 10 12 332 661 1008 1622 2900 1919
1141 9 2 10 12 372 887 569 2901 1585 2875
1142 9 2 10 12 482 840 739 2902 2792 2779
1143 9 2 10 12 73 950 634 2903 2316 2544
1144 9 2 10 12 331 644 986 2559 2904 1923
1145 9 2 10 12 417 603 877 2905 2653 2897
1146 9 2 10 12 438 976 576 2906 2890 1896
1147 9 2 10 12 522 1060 785 1874 2907 2399
1148 9 2 10 12 376 571 927 2873 1911 1182
1149 9 2 10 12 78 757 679 2788 2908 2640
1150 9 2 10 12 215 682 760 2626 2909 2771
1151 9 2 10 12 414 604 774 2910 2107 2213
1152 9 2 10 12 514 681 778 1648 2911 1969
1153 9 2 10 12 419 778 681 2912 2911 2052
1154 9 2 10 12 420 682 779 2913 2914 2915
1155 9 2 10 12 514 779 682 1970 2914 1649
1156 9 2 10 12 423 1012 579 2310 2879 2611
1157 9 2 10 12 656 813 978 2607 2916 2917
1158 9 2 10 12 501 936 863 2415 2513 2918
1159 9 2 10 12 450 597 804 2033 2733 2201
1160 9 2 10 12 418 910 588 2919 2920 2247
1161 9 2 10 12 354 778 614 1968 2921 2922
1162 9 2 10 12 419 614 778 1715 2921 2912
1163 9 2 10 12 320 879 734 1428 1575 2729
1164 9 2 10 12 459 878 625 1907 2847 2923
1165 9 2 10 12 412 783 1008 2742 2673 2924
1166 9 2 10 12 391 615 1054 2639 2738 2418
1167 9 2 10 12 431 972 638 2153 2925 2168
1168 9 2 10 12 90 91 795 145 2926 1847
1169 9 2 10 12 438 580 976 1772 2927 2906
1170 9 2 10 12 203 204 800 268 2928 1835
1171 9 2 10 12 412 756 929 1425 2929 2526
1172 9 2 10 12 202 203 801 267 1837 2930
1173 9 2 10 12 239 240 826 304 2931 2932
1174 9 2 10 12 441 823 586 2597 2530 1664
1175 9 2 10 12 229 583 931 2078 2933 2934
1176 9 2 10 12 437 968 630 1973 2935 1785
1177 9 2 10 12 226 717 1043 2794 2936 2937
1178 9 2 10 12 89 90 803 144 1849 2938
1179 9 2 10 12 224 225 748 289 2939 1254
1180 9 2 10 12 221 222 753 286 2940 2635
1181 9 2 10 12 405 904 728 2941 2942 2297
1182 9 2 10 12 491 728 904 1103 2942 2943
1183 9 2 10 12 421 775 679 1710 2944 2945
1184 9 2 10 12 515 679 775 1693 2944 1855
1185 9 2 10 12 515 776 680 1857 2946 1694
1186 9 2 10 12 422 680 776 2676 2946 2947
1187 9 2 10 12 486 585 890 1166 2709 2210
1188 9 2 10 12 363 621 776 2948 2949 1858
1189 9 2 10 12 422 776 621 2947 2949 2950
1190 9 2 10 12 3 43 764 49 2543 2951
1191 9 2 10 12 463 625 942 2445 2864 2952
1192 9 2 10 12 414 605 810 2100 2863 2953
1193 9 2 10 12 20 21 804 34 1330 2732
1194 9 2 10 12 65 66 868 120 1779 2954
1195 9 2 10 12 469 888 890 2955 2956 2708
1196 9 2 10 12 96 97 751 151 1945 2427
1197 9 2 10 12 414 810 604 2953 2957 2910
1198 9 2 10 12 444 1053 585 2958 2959 1165
1199 9 2 10 12 349 860 581 2960 1845 2142
1200 9 2 10 12 488 722 1018 1265 2282 2961
1201 9 2 10 12 333 857 736 1440 2962 2439
1202 9 2 10 12 476 736 857 2963 2962 2964
1203 9 2 10 12 382 1047 671 2965 2966 2173
1204 9 2 10 12 476 743 736 2967 2968 2963
1205 9 2 10 12 411 786 986 2106 2778 2969
1206 9 2 10 12 401 732 686 2698 2764 2970
1207 9 2 10 12 238 711 987 2751 2971 2972
1208 9 2 10 12 337 790 610 2973 1843 1894
1209 9 2 10 12 459 816 707 2896 2974 1906
1210 9 2 10 12 319 707 816 1888 2974 1726
1211 9 2 10 12 228 931 873 2975 2976 2977
1212 9 2 10 12 71 72 870 126 2978 2979
1213 9 2 10 12 344 767 667 2138 2980 2981
1214 9 2 10 12 436 667 767 2550 2980 2252
1215 9 2 10 12 474 939 676 2192 2734 1928
1216 9 2 10 12 482 629 780 1410 2592 2982
1217 9 2 10 12 388 918 581 2782 2143 1273
1218 9 2 10 12 519 1043 717 2459 2936 1800
1219 9 2 10 12 364 960 828 2983 2984 1489
1220 9 2 10 12 106 107 850 161 1269 2985
1221 9 2 10 12 488 741 898 2986 2987 2988
1222 9 2 10 12 399 898 741 2989 2987 2790
1223 9 2 10 12 421 679 757 2945 2908 1865
1224 9 2 10 12 368 853 588 1642 2990 2991
1225 9 2 10 12 490 1059 698 2992 2993 2994
1226 9 2 10 12 449 623 831 2813 2995 2745
1227 9 2 10 12 170 831 623 2996 2995 2154
1228 9 2 10 12 430 829 607 2997 2998 2150
1229 9 2 10 12 427 824 612 2999 3000 2436
1230 9 2 10 12 420 760 682 1877 2909 2913
1231 9 2 10 12 500 661 887 1374 1621 3001
1232 9 2 10 12 435 627 957 1629 3002 2475
1233 9 2 10 12 444 764 565 2552 2542 1667
1234 9 2 10 12 334 872 684 2432 3003 3004
1235 9 2 10 12 403 736 743 3005 2968 3006
1236 9 2 10 12 420 1044 880 3007 3008 3009
1237 9 2 10 12 94 95 772 149 2632 2689
1238 9 2 10 12 207 208 773 272 2648 2694
1239 9 2 10 12 372 1005 595 2876 3010 3011
1240 9 2 10 12 506 564 913 2589 1529 1931
1241 9 2 10 12 327 886 721 3012 1546 2683
1242 9 2 10 12 337 720 880 1972 3013 3014
1243 9 2 10 12 213 214 955 278 1905 3015
1244 9 2 10 12 468 987 711 3016 2971 2692
1245 9 2 10 12 347 782 876 2412 1079 1639
1246 9 2 10 12 79 80 964 134 3017 1889
1247 9 2 10 12 335 657 811 3018 3019 2884
1248 9 2 10 12 420 779 1044 2915 3020 3007
1249 9 2 10 12 389 600 836 2715 3021 3022
1250 9 2 10 12 231 232 810 296 3023 2862
1251 9 2 10 12 441 836 600 2136 3021 2596
1252 9 2 10 12 222 835 753 3024 3025 2940
1253 9 2 10 12 343 588 899 2251 3026 3027
1254 9 2 10 12 232 604 810 2228 2957 3023
1255 9 2 10 12 70 71 951 125 3028 2803
1256 9 2 10 12 368 588 910 2991 2920 2508
1257 9 2 10 12 92 993 690 3029 2580 2769
1258 9 2 10 12 212 692 991 2774 2573 3030
1259 9 2 10 12 476 883 743 2362 3031 2967
1260 9 2 10 12 485 950 712 2317 3032 1237
1261 9 2 10 12 586 951 902 2804 3033 1735
1262 9 2 10 12 489 902 951 2716 3033 3034
1263 9 2 10 12 88 697 980 2787 2465 3035
1264 9 2 10 12 62 63 945 117 2521 3036
1265 9 2 10 12 234 235 762 299 1121 1433
1266 9 2 10 12 377 691 752 1997 2850 2157
1267 9 2 10 12 205 990 702 3037 2546 2798
1268 9 2 10 12 351 646 924 2849 3038 3039
1269 9 2 10 12 464 924 646 2042 3038 3040
1270 9 2 10 12 353 925 647 3041 3042 3043
1271 9 2 10 12 466 647 925 2189 3042 1158
1272 9 2 10 12 414 1025 684 2485 3044 2098
1273 9 2 10 12 336 841 653 2731 3045 2110
1274 9 2 10 12 227 228 873 292 2977 3046
1275 9 2 10 12 415 1026 792 3047 2600 2817
1276 9 2 10 12 3 928 691 3048 3049 3050
1277 9 2 10 12 463 753 835 3051 3025 2072
1278 9 2 10 12 439 595 1005 2480 3010 2824
1279 9 2 10 12 452 867 614 2473 3052 3053
1280 9 2 10 12 354 614 867 2922 3052 3054
1281 9 2 10 12 74 712 950 2826 3032 3055
1282 9 2 10 12 425 654 954 2344 3056 2181
1283 9 2 10 12 85 86 784 140 2819 2660
1284 9 2 10 12 315 607 829 2209 2998 3057
1285 9 2 10 12 487 746 759 1174 3058 2835
1286 9 2 10 12 363 842 864 2816 2184 3059
1287 9 2 10 12 318 612 824 2754 3000 3060
1288 9 2 10 12 465 598 1013 2540 3061 3062
1289 9 2 10 12 380 1013 598 2585 3061 2839
1290 9 2 10 12 462 1028 701 3063 3064 3065
1291 9 2 10 12 372 595 977 3011 1320 2886
1292 9 2 10 12 346 743 883 2724 3031 3066
1293 9 2 10 12 375 807 627 1288 1993 1679
1294 9 2 10 12 480 971 656 2744 3067 2468
1295 9 2 10 12 532 828 960 2064 2984 3068
1296 9 2 10 12 100 822 617 3069 3070 2215
1297 9 2 10 12 384 656 971 2608 3067 3071
1298 9 2 10 12 323 969 562 1872 3072 1195
1299 9 2 10 12 349 875 727 1950 2416 2830
1300 9 2 10 12 196 838 609 3073 3074 1799
1301 9 2 10 12 406 693 763 1663 2553 1220
1302 9 2 10 12 395 1032 690 2405 3075 1185
1303 9 2 10 12 192 193 777 257 2057 2609
1304 9 2 10 12 366 632 877 1770 2898 2533
1305 9 2 10 12 313 628 965 3076 3077 2493
1306 9 2 10 12 335 791 657 2220 2245 3018
1307 9 2 10 12 447 842 611 2261 1682 3078
1308 9 2 10 12 105 719 984 2867 2339 3079
1309 9 2 10 12 432 759 746 2671 3058 3080
1310 9 2 10 12 377 797 596 2430 2448 1868
1311 9 2 10 12 417 787 603 1880 2586 2905
1312 9 2 10 12 322 564 1052 1216 3081 3082
1313 9 2 10 12 344 667 789 2981 2455 2171
1314 9 2 10 12 336 796 658 2187 2199 1881
1315 9 2 10 12 363 864 621 3059 3083 2948
1316 9 2 10 12 451 621 864 3084 3083 3085
1317 9 2 10 12 317 962 837 3086 1830 2140
1318 9 2 10 12 351 718 863 3087 1069 2512
1319 9 2 10 12 313 629 881 2593 3088 3089
1320 9 2 10 12 236 237 920 301 3090 2422
1321 9 2 10 12 4 946 48 3091 2821 55
1322 9 2 10 12 465 602 884 1960 2491 3092
1323 9 2 10 12 338 771 708 2772 2664 1677
1324 9 2 10 12 64 677 834 2838 1687 3093
1325 9 2 10 12 436 846 668 3094 3095 2548
1326 9 2 10 12 22 23 788 36 3096 2560
1327 9 2 10 12 398 1034 702 2447 3097 2736
1328 9 2 10 12 429 1019 734 3098 3099 1574
1329 9 2 10 12 452 614 854 3053 1691 3100
1330 9 2 10 12 244 245 843 309 2594 3101
1331 9 2 10 12 240 709 826 1854 3102 2931
1332 9 2 10 12 71 870 951 2979 3103 3028
1333 9 2 10 12 63 64 834 118 3093 2519
1334 9 2 10 12 458 932 601 3104 3105 1814
1335 9 2 10 12 387 601 932 2583 3105 2856
1336 9 2 10 12 451 847 621 3106 3107 3084
1337 9 2 10 12 534 891 946 2438 2822 2434
1338 9 2 10 12 455 881 629 3108 3088 3109
1339 9 2 10 12 546 876 893 1381 3110 1991
1340 9 2 10 12 456 893 876 3111 3110 1096
1341 9 2 10 12 321 832 633 3112 3113 1740
1342 9 2 10 12 451 633 832 3114 3113 3115
1343 9 2 10 12 437 637 916 2811 3116 1934
1344 9 2 10 12 583 941 931 2180 3117 2933
1345 9 2 10 12 507 1030 978 3118 2163 3119
1346 9 2 10 12 447 611 895 3078 3120 2380
1347 9 2 10 12 512 931 941 3121 3117 3122
1348 9 2 10 12 440 636 861 3123 3124 1337
1349 9 2 10 12 461 944 943 2604 2869 3125
1350 9 2 10 12 225 1043 748 3126 2458 2939
1351 9 2 10 12 187 188 947 252 2665 3127
1352 9 2 10 12 556 981 975 3128 3129 2278
1353 9 2 10 12 328 618 865 1705 2842 2618
1354 9 2 10 12 375 628 952 1680 3130 3131
1355 9 2 10 12 453 840 780 1796 3132 3133
1356 9 2 10 12 418 608 1031 2242 2668 3134
1357 9 2 10 12 453 780 725 3133 2797 3135
1358 9 2 10 12 376 636 1049 3136 3137 2872
1359 9 2 10 12 425 811 657 2004 3019 2343
1360 9 2 10 12 513 892 856 1719 3138 1212
1361 9 2 10 12 61 62 799 116 3139 1153
1362 9 2 10 12 337 880 1020 3014 3140 3141
1363 9 2 10 12 317 912 642 1864 3142 3143
1364 9 2 10 12 339 895 611 2315 3120 2453
1365 9 2 10 12 477 770 862 3144 3145 3146
1366 9 2 10 12 91 690 795 2770 3147 2926
1367 9 2 10 12 3 691 930 3050 1996 3148
1368 9 2 10 12 467 917 685 1745 3149 3150
1369 9 2 10 12 355 685 917 2629 3149 2050
1370 9 2 10 12 314 815 670 3151 3152 2065
1371 9 2 10 12 443 858 650 1634 3153 1270
1372 9 2 10 12 370 606 944 2149 2870 2725
1373 9 2 10 12 392 1059 613 3154 2175 1300
1374 9 2 10 12 319 885 659 1515 3155 1887
1375 9 2 10 12 343 694 798 3156 2499 2055
1376 9 2 10 12 442 670 815 1596 3152 3157
1377 9 2 10 12 396 966 660 1723 2234 2264
1378 9 2 10 12 346 923 625 3158 3159 2442
1379 9 2 10 12 459 625 923 2923 3159 2895
1380 9 2 10 12 202 801 688 2930 1811 2766
1381 9 2 10 12 445 790 1020 3160 3161 3162
1382 9 2 10 12 371 609 1029 2807 3163 3164
1383 9 2 10 12 204 702 800 2799 3165 2928
1384 9 2 10 12 379 1021 631 3166 3167 3168
1385 9 2 10 12 445 1020 1023 3162 3169 3170
1386 9 2 10 12 4 56 946 110 2435 3091
1387 9 2 10 12 237 715 920 3171 2495 3090
1388 9 2 10 12 392 698 1059 1471 2993 3154
1389 9 2 10 12 410 785 1060 2675 2907 3172
1390 9 2 10 12 100 101 822 155 1279 3069
1391 9 2 10 12 430 701 829 2624 3173 2997
1392 9 2 10 12 89 803 697 2938 1780 2786
1393 9 2 10 12 619 1051 1038 3174 3175 2293
1394 9 2 10 12 1051 184 1038 3176 3177 3175
1395 9 2 10 12 428 827 713 3178 2577 2713
1396 9 2 10 12 512 873 931 1531 2976 3121
1397 9 2 10 12 165 620 1050 2722 3179 3180
1398 9 2 10 12 173 1051 619 3181 3174 2717
1399 9 2 10 12 433 862 770 3182 3145 1497
1400 9 2 10 12 340 733 1037 1828 3183 3184
1401 9 2 10 12 427 710 824 2705 2324 2999
1402 9 2 10 12 451 864 633 3085 2183 3114
1403 9 2 10 12 186 187 1018 251 3185 2281
1404 9 2 10 12 484 1033 617 3186 2216 2889
1405 9 2 10 12 313 881 628 3089 3187 3076
1406 9 2 10 12 340 861 636 1712 3124 1826
1407 9 2 10 12 9 10 866 14 3188 2462
1408 9 2 10 12 391 896 689 1989 3189 2638
1409 9 2 10 12 504 618 935 1343 2392 3190
1410 9 2 10 12 386 669 851 3191 3192 3193
1411 9 2 10 12 452 851 669 3194 3192 3195
1412 9 2 10 12 452 669 1001 3195 3196 2483
1413 9 2 10 12 72 634 870 2545 1204 2978
1414 9 2 10 12 321 669 832 3197 3198 3112
1415 9 2 10 12 196 197 838 261 1360 3073
1416 9 2 10 12 109 1050 1041 3199 3200 3201
1417 9 2 10 12 482 780 840 2982 3132 2902
1418 9 2 10 12 372 617 1000 2888 3202 3203
1419 9 2 10 12 429 653 841 2204 3045 3204
1420 9 2 10 12 620 1041 1050 2256 3200 3179
1421 9 2 10 12 490 908 948 3205 2010 3206
1422 9 2 10 12 456 817 893 3207 2525 3111
1423 9 2 10 12 394 859 653 1461 2111 2205
1424 9 2 10 12 246 247 900 311 3208 2691
1425 9 2 10 12 198 199 911 263 2654 3209
1426 9 2 10 12 422 621 1037 2950 3210 3211
1427 9 2 10 12 340 847 675 3212 3213 1711
1428 9 2 10 12 451 675 847 3214 3213 3106
1429 9 2 10 12 393 855 655 1464 2128 2165
1430 9 2 10 12 244 843 746 3101 3215 2027
1431 9 2 10 12 446 894 665 1730 3216 3217
1432 9 2 10 12 187 947 741 3127 2791 3218
1433 9 2 10 12 428 730 827 2726 2776 3178
1434 9 2 10 12 499 975 981 3219 3129 3220
1435 9 2 10 12 435 965 628 2650 3077 1627
1436 9 2 10 12 341 650 858 2156 3153 1762
1437 9 2 10 12 321 678 852 1741 3221 3222
1438 9 2 10 12 436 738 846 2390 2756 3094
1439 9 2 10 12 318 934 624 3223 2699 1734
1440 9 2 10 12 338 919 665 1676 3224 2014
1441 9 2 10 12 359 668 846 3225 3095 3226
1442 9 2 10 12 460 683 889 1415 3227 2378
1443 9 2 10 12 219 889 683 3228 3227 2356
1444 9 2 10 12 549 923 883 2894 3229 1392
1445 9 2 10 12 568 753 942 2636 3230 2784
1446 9 2 10 12 346 883 923 3066 3229 3158
1447 9 2 10 12 492 868 875 3231 3232 2621
1448 9 2 10 12 527 875 868 2417 3232 1778
1449 9 2 10 12 690 1032 795 3075 3233 3147
1450 9 2 10 12 329 983 622 1910 2853 1259
1451 9 2 10 12 342 849 686 2126 3234 3235
1452 9 2 10 12 483 731 860 3236 1846 3237
1453 9 2 10 12 386 979 669 3238 3239 3191
1454 9 2 10 12 439 837 676 3240 1829 2479
1455 9 2 10 12 356 926 701 2615 3241 2625
1456 9 2 10 12 462 701 926 3065 3241 2084
1457 9 2 10 12 321 852 1001 3222 3242 3243
1458 9 2 10 12 386 851 665 3193 2019 3244
1459 9 2 10 12 407 1012 721 2880 2421 1456
1460 9 2 10 12 701 1028 829 3064 3245 3173
1461 9 2 10 12 381 1003 624 2656 2470 2570
1462 9 2 10 12 472 710 937 2325 3246 1253
1463 9 2 10 12 360 937 710 2237 3246 2706
1464 9 2 10 12 353 647 874 3043 2828 1198
1465 9 2 10 12 357 713 940 2712 3247 2516
1466 9 2 10 12 475 940 713 1592 3247 2555
1467 9 2 10 12 102 103 929 157 2885 3248
1468 9 2 10 12 457 856 892 2566 3138 1434
1469 9 2 10 12 429 841 1019 3204 3249 3098
1470 9 2 10 12 167 168 830 177 2009 2748
1471 9 2 10 12 170 171 831 180 2747 2996
1472 9 2 10 12 464 646 886 3040 1547 3250
1473 9 2 10 12 381 1011 626 2572 1812 1565
1474 9 2 10 12 485 733 897 1239 2024 1604
1475 9 2 10 12 471 882 643 3251 2581 2409
1476 9 2 10 12 228 229 931 293 2934 2975
1477 9 2 10 12 376 897 636 1817 2023 3136
1478 9 2 10 12 65 868 1045 2954 3252 2845
1479 9 2 10 12 452 854 851 3100 2020 3194
1480 9 2 10 12 222 223 835 287 2075 3024
1481 9 2 10 12 702 1034 800 3097 3253 3165
1482 9 2 10 12 314 630 968 3254 2935 3255
1483 9 2 10 12 455 629 901 3109 1409 2492
1484 9 2 10 12 378 1017 642 3256 3257 1544
1485 9 2 10 12 316 631 949 1816 3258 3259
1486 9 2 10 12 500 887 1000 3001 3260 3261
1487 9 2 10 12 314 974 630 3262 1580 3254
1488 9 2 10 12 458 1019 932 3263 3264 3104
1489 9 2 10 12 334 957 627 3265 3002 1925
1490 9 2 10 12 237 238 987 302 2972 3266
1491 9 2 10 12 23 1007 788 3267 3268 3096
1492 9 2 10 12 318 824 934 3060 2371 3223
1493 9 2 10 12 201 688 1036 2767 2652 3269
1494 9 2 10 12 548 1001 852 2482 3242 3270
1495 9 2 10 12 417 632 961 2899 3271 3272
1496 9 2 10 12 362 916 637 3273 3116 3274
1497 9 2 10 12 445 852 678 3275 3221 1748
1498 9 2 10 12 379 631 997 3168 1064 2669
1499 9 2 10 12 433 739 862 3276 1936 3182
1500 9 2 10 12 501 863 1015 2918 3277 1281
1501 9 2 10 12 559 1015 863 2082 3277 1071
1502 9 2 10 12 392 826 709 1302 3102 1669
1503 9 2 10 12 440 659 885 1336 3155 1127
1504 9 2 10 12 383 933 635 2809 1431 3278
1505 9 2 10 12 438 642 912 1299 3142 1520
1506 9 2 10 12 418 1031 910 3134 3279 2919
1507 9 2 10 12 187 741 1018 3218 3280 3185
1508 9 2 10 12 81 1039 704 3281 2616 2801
1509 9 2 10 12 405 695 904 1981 2116 2941
1510 9 2 10 12 322 958 693 3282 3283 2005
1511 9 2 10 12 566 932 1019 2857 3264 3284
1512 9 2 10 12 433 808 739 2753 2780 3276
1513 9 2 10 12 449 694 899 1986 3285 3286
1514 9 2 10 12 451 979 675 3287 3288 3214
1515 9 2 10 12 440 1049 636 2369 3137 3123
1516 9 2 10 12 386 665 894 3244 3216 1404
1517 9 2 10 12 388 650 909 1274 2523 1331
1518 9 2 10 12 499 981 998 3220 2312 2270
1519 9 2 10 12 426 684 872 2119 3003 3289
1520 9 2 10 12 517 959 726 1806 2364 1803
1521 9 2 10 12 383 635 1006 3278 1162 2685
1522 9 2 10 12 407 646 936 1458 2848 2595
1523 9 2 10 12 548 1023 967 3290 3291 3292
1524 9 2 10 12 403 1016 736 2269 2858 3005
1525 9 2 10 12 362 637 1010 3274 2666 3293
1526 9 2 10 12 314 968 815 3255 3294 3151
1527 9 2 10 12 389 836 716 3022 2701 3295
1528 9 2 10 12 448 1046 695 3296 3297 1977
1529 9 2 10 12 353 638 972 2291 2925 3298
1530 9 2 10 12 317 642 962 3143 3299 3086
1531 9 2 10 12 384 971 640 3071 1436 1790
1532 9 2 10 12 536 1031 767 3300 2667 2137
1533 9 2 10 12 490 969 1059 3301 2176 2992
1534 9 2 10 12 393 638 985 2167 2290 2680
1535 9 2 10 12 382 639 1024 2124 2662 3302
1536 9 2 10 12 460 953 708 2878 2048 2663
1537 9 2 10 12 526 815 968 3303 3294 1974
1538 9 2 10 12 442 833 807 3304 1994 1305
1539 9 2 10 12 411 986 644 2969 2904 1567
1540 9 2 10 12 474 1017 673 3305 3306 2190
1541 9 2 10 12 446 665 919 3217 3224 1135
1542 9 2 10 12 415 644 1026 1571 2558 3047
1543 9 2 10 12 355 995 645 2606 2287 2628
1544 9 2 10 12 389 716 1030 3295 2263 3307
1545 9 2 10 12 314 731 974 2066 3308 3262
1546 9 2 10 12 483 974 731 1638 3308 3236
1547 9 2 10 12 455 666 952 1285 3309 3310
1548 9 2 10 12 219 220 889 284 2109 3228
1549 9 2 10 12 467 685 879 3150 1724 2881
1550 9 2 10 12 706 1024 1027 3311 3312 3313
1551 9 2 10 12 360 648 988 2707 2322 2385
1552 9 2 10 12 396 649 992 2266 2327 2735
1553 9 2 10 12 361 954 654 3314 3056 2329
1554 9 2 10 12 473 1021 672 3315 3316 2193
1555 9 2 10 12 378 673 1017 2452 3306 3256
1556 9 2 10 12 340 1037 847 3184 3317 3212
1557 9 2 10 12 490 698 908 2994 3318 3205
1558 9 2 10 12 342 686 982 3235 3319 3320
1559 9 2 10 12 198 911 754 3209 2814 1834
1560 9 2 10 12 326 632 908 3321 2011 3322
1561 9 2 10 12 477 689 896 3323 3189 3324
1562 9 2 10 12 397 662 959 2302 2319 1805
1563 9 2 10 12 389 1030 727 3307 3325 1453
1564 9 2 10 12 397 998 651 2703 2336 2301
1565 9 2 10 12 375 952 666 3131 3309 1389
1566 9 2 10 12 326 908 698 3322 3318 1191
1567 9 2 10 12 106 850 719 2985 1995 2866
1568 9 2 10 12 470 693 958 2554 3283 3326
1569 9 2 10 12 324 656 978 2478 2917 2162
1570 9 2 10 12 399 699 898 2349 2088 2989
1571 9 2 10 12 398 999 654 2737 2330 2341
1572 9 2 10 12 348 809 902 3327 1736 1821
1573 9 2 10 12 445 839 790 1749 1998 3160
1574 9 2 10 12 432 746 843 3080 3215 2504
1575 9 2 10 12 532 960 652 3068 2641 1623
1576 9 2 10 12 454 718 915 2351 3328 2288
1577 9 2 10 12 379 672 1021 2451 3316 3166
1578 9 2 10 12 412 1008 661 2924 2900 1373
1579 9 2 10 12 184 185 1038 249 3329 3177
1580 9 2 10 12 382 1024 706 3302 3311 3330
1581 9 2 10 12 519 663 1016 1701 2859 1938
1582 9 2 10 12 483 921 813 3331 3332 1637
1583 9 2 10 12 507 813 921 3333 3332 2833
1584 9 2 10 12 108 109 1041 163 3201 3334
1585 9 2 10 12 343 899 694 3027 3285 3156
1586 9 2 10 12 550 788 1007 1397 3268 2677
1587 9 2 10 12 194 195 914 259 1653 2130
1588 9 2 10 12 239 826 711 2932 1482 2750
1589 9 2 10 12 200 201 1036 265 3269 3335
1590 9 2 10 12 81 82 1039 136 3336 3281
1591 9 2 10 12 359 1002 668 2046 2507 3225
1592 9 2 10 12 321 1001 669 3243 3196 3197
1593 9 2 10 12 316 949 738 3259 3337 2388
1594 9 2 10 12 473 738 949 2757 3337 3338
1595 9 2 10 12 227 873 717 3046 2321 2793
1596 9 2 10 12 469 982 686 3339 3319 2763
1597 9 2 10 12 486 691 928 2851 3049 1196
1598 9 2 10 12 371 976 963 2891 3340 2806
1599 9 2 10 12 580 963 976 1395 3340 2927
1600 9 2 10 12 23 24 1007 37 3341 3267
1601 9 2 10 12 462 671 1047 2086 2966 3342
1602 9 2 10 12 102 929 756 3248 2929 1791
1603 9 2 10 12 237 987 715 3266 3343 3171
1604 9 2 10 12 496 992 1009 2395 2347 2795
1605 9 2 10 12 470 958 956 3326 2575 1614
1606 9 2 10 12 577 794 1042 2827 3344 2882
1607 9 2 10 12 386 675 979 1403 3288 3238
1608 9 2 10 12 326 961 632 1733 3271 3321
1609 9 2 10 12 57 58 1014 112 3345 3346
1610 9 2 10 12 444 745 1053 1668 3347 2958
1611 9 2 10 12 420 880 720 3009 3013 1807
1612 9 2 10 12 73 74 950 128 3055 2903
1613 9 2 10 12 477 862 689 3146 1839 3323
1614 9 2 10 12 352 884 805 3348 2490 3349
1615 9 2 10 12 362 941 793 3350 2179 3351
1616 9 2 10 12 348 994 809 3352 3353 3327
1617 9 2 10 12 549 973 816 2145 2002 2892
1618 9 2 10 12 47 891 747 2871 2532 2740
1619 9 2 10 12 469 732 1052 2765 3354 3355
1620 9 2 10 12 484 903 905 2382 3356 3357
1621 9 2 10 12 530 905 903 1156 3356 3358
1622 9 2 10 12 439 768 837 1469 2141 3240
1623 9 2 10 12 6 1051 173 3359 3181 183
1624 9 2 10 12 5 1050 109 3360 3199 164
1625 9 2 10 12 5 165 1050 174 3180 3360
1626 9 2 10 12 6 184 1051 248 3176 3359
1627 9 2 10 12 492 677 1045 2789 2837 3361
1628 9 2 10 12 87 88 980 142 3035 1598
1629 9 2 10 12 509 989 793 3362 3363 3364
1630 9 2 10 12 104 105 984 159 3079 1150
1631 9 2 10 12 205 206 990 270 1512 3037
1632 9 2 10 12 211 212 991 276 3030 1224
1633 9 2 10 12 92 93 993 147 1541 3029
1634 9 2 10 12 213 955 692 3015 1947 2773
1635 9 2 10 12 362 793 989 3351 3363 3365
1636 9 2 10 12 24 787 1007 2800 2678 3341
1637 9 2 10 12 468 996 715 3366 3367 3368
1638 9 2 10 12 448 755 1046 1535 2564 3296
1639 9 2 10 12 502 967 1023 3369 3291 3370
1640 9 2 10 12 351 915 718 3371 3328 3087
1641 9 2 10 12 510 909 740 1478 2522 1631
1642 9 2 10 12 3 930 28 3148 2702 42
1643 9 2 10 12 225 226 1043 290 2937 3126
1644 9 2 10 12 334 684 1025 3004 3044 3372
1645 9 2 10 12 80 704 964 2802 1917 3017
1646 9 2 10 12 453 725 1022 3135 3373 3374
1647 9 2 10 12 475 1027 1024 2557 3312 2661
1648 9 2 10 12 373 715 996 2496 3367 1707
1649 9 2 10 12 526 989 1004 3375 3376 3377
1650 9 2 10 12 469 585 982 2710 3378 3339
1651 9 2 10 12 323 1055 758 1194 3379 1756
1652 9 2 10 12 401 686 1022 2970 3380 3381
1653 9 2 10 12 417 961 700 3272 1610 2169
1654 9 2 10 12 348 848 994 1072 3382 3352
1655 9 2 10 12 563 1009 785 2796 3383 2674
1656 9 2 10 12 536 910 1031 2511 3279 3300
1657 9 2 10 12 450 1056 744 3384 3385 2031
1658 9 2 10 12 10 821 866 2486 3386 3188
1659 9 2 10 12 344 695 1046 2117 3297 1953
1660 9 2 10 12 359 846 938 3226 2852 2481
1661 9 2 10 12 247 817 900 2398 3387 3208
1662 9 2 10 12 468 715 987 3368 3343 3016
1663 9 2 10 12 489 951 870 3034 3103 2061
1664 9 2 10 12 315 1028 706 3388 3389 3390
1665 9 2 10 12 462 1047 706 3342 3391 3392
1666 9 2 10 12 401 1022 725 3381 3373 1063
1667 9 2 10 12 556 781 981 2590 3393 3128
1668 9 2 10 12 315 706 1027 3390 3313 3394
1669 9 2 10 12 462 706 1028 3392 3389 3063
1670 9 2 10 12 382 706 1047 3330 3391 2965
1671 9 2 10 12 361 794 882 3395 2582 3396
1672 9 2 10 12 518 720 966 1808 2235 2139
1673 9 2 10 12 458 734 1019 2728 3099 3263
1674 9 2 10 12 410 1060 714 3172 2815 1429
1675 9 2 10 12 3 764 928 2951 2551 3048
1676 9 2 10 12 479 791 855 3397 2219 2079
1677 9 2 10 12 322 1052 732 3082 3354 3398
1678 9 2 10 12 426 872 793 3289 3399 1884
1679 9 2 10 12 506 758 1055 1493 3379 3400
1680 9 2 10 12 478 796 859 3401 2186 2122
1681 9 2 10 12 422 1037 733 3211 3183 1243
1682 9 2 10 12 365 890 888 2562 2956 2633
1683 9 2 10 12 358 786 903 2644 3402 1340
1684 9 2 10 12 530 903 786 3358 3402 2105
1685 9 2 10 12 478 1032 796 3403 2404 3401
1686 9 2 10 12 551 994 943 3404 3405 1902
1687 9 2 10 12 526 1004 815 3377 3406 3303
1688 9 2 10 12 479 1034 791 3407 2446 3397
1689 9 2 10 12 461 943 994 3125 3405 3408
1690 9 2 10 12 669 979 832 3239 3409 3198
1691 9 2 10 12 185 722 1038 2102 2357 3329
1692 9 2 10 12 628 881 952 3187 3410 3130
1693 9 2 10 12 507 727 1030 2834 3325 3118
1694 9 2 10 12 463 942 753 2952 3230 3051
1695 9 2 10 12 322 732 958 3398 2576 3282
1696 9 2 10 12 509 793 872 3364 3399 2612
1697 9 2 10 12 507 978 813 3119 2916 3333
1698 9 2 10 12 502 1020 880 3411 3140 3412
1699 9 2 10 12 498 1042 999 2883 2358 2365
1700 9 2 10 12 108 1041 728 3334 2298 2067
1701 9 2 10 12 457 866 821 2296 3386 2565
1702 9 2 10 12 564 888 1052 2634 3413 3081
1703 9 2 10 12 534 871 896 2307 3414 2437
1704 9 2 10 12 352 1048 1040 2854 3415 3416
1705 9 2 10 12 488 1018 741 2961 3280 2986
1706 9 2 10 12 544 922 805 2355 3417 2413
1707 9 2 10 12 449 899 853 3286 3418 2812
1708 9 2 10 12 477 896 871 3324 3414 3419
1709 9 2 10 12 450 769 1056 2114 2684 3384
1710 9 2 10 12 480 869 857 2148 3420 2743
1711 9 2 10 12 476 857 869 2964 3420 2361
1712 9 2 10 12 364 808 960 1412 2752 2983
1713 9 2 10 12 403 743 1058 3006 2861 2387
1714 9 2 10 12 372 1000 887 3203 3260 2901
1715 9 2 10 12 488 898 798 2988 2053 1189
1716 9 2 10 12 491 904 789 2943 2172 1209
1717 9 2 10 12 464 886 818 3250 3421 3422
1718 9 2 10 12 477 1014 770 3423 3424 3144
1719 9 2 10 12 352 1040 884 3416 3425 3348
1720 9 2 10 12 451 832 979 3115 3409 3287
1721 9 2 10 12 327 818 886 2697 3421 3012
1722 9 2 10 12 472 1011 934 1813 2700 2370
1723 9 2 10 12 456 900 817 2602 3387 3207
1724 9 2 10 12 686 849 1022 3234 3426 3380
1725 9 2 10 12 342 1053 745 3427 3347 1654
1726 9 2 10 12 442 1004 833 3428 3429 3304
1727 9 2 10 12 509 833 1004 2613 3429 3430
1728 9 2 10 12 548 852 1023 3270 3431 3290
1729 9 2 10 12 585 1053 982 2959 3432 3378
1730 9 2 10 12 345 744 1056 2286 3385 2221
1731 9 2 10 12 354 1044 779 3433 3020 1966
1732 9 2 10 12 533 1058 845 2013 2860 2103
1733 9 2 10 12 631 1021 949 3167 3434 3258
1734 9 2 10 12 471 825 1006 2410 2686 1245
1735 9 2 10 12 352 805 922 3349 3417 1407
1736 9 2 10 12 509 1004 989 3430 3376 3362
1737 9 2 10 12 62 945 799 3036 2657 3139
1738 9 2 10 12 356 981 781 2313 3393 2614
1739 9 2 10 12 58 770 1014 1860 3424 3345
1740 9 2 10 12 464 818 997 3422 2670 1105
1741 9 2 10 12 588 853 899 2990 3418 3026
1742 9 2 10 12 466 1003 820 2471 2655 1818
1743 9 2 10 12 357 785 1009 2517 3383 2346
1744 9 2 10 12 484 905 1033 3357 2672 3186
1745 9 2 10 12 315 1027 827 3394 2578 2775
1746 9 2 10 12 554 1035 1055 2777 3435 1145
1747 9 2 10 12 471 1057 882 1952 3436 3251
1748 9 2 10 12 351 924 915 3039 3437 3371
1749 9 2 10 12 541 915 924 2289 3437 2041
1750 9 2 10 12 342 982 1053 3320 3432 3427
1751 9 2 10 12 465 1013 819 3062 2584 1959
1752 9 2 10 12 502 880 1044 3412 3008 3438
1753 9 2 10 12 337 1020 790 3141 3161 2973
1754 9 2 10 12 483 860 921 3237 3439 3331
1755 9 2 10 12 617 822 1000 3070 3440 3202
1756 9 2 10 12 349 921 860 2832 3439 2960
1757 9 2 10 12 492 1045 868 3361 3252 3231
1758 9 2 10 12 551 809 994 2547 3353 3404
1759 9 2 10 12 502 1023 1020 3370 3169 3411
1760 9 2 10 12 468 758 996 2276 1492 3366
1761 9 2 10 12 478 795 1032 2133 3233 3403
1762 9 2 10 12 526 916 989 1935 3441 3375
1763 9 2 10 12 362 989 916 3365 3441 3273
1764 9 2 10 12 642 1017 962 3257 3442 3299
1765 9 2 10 12 479 800 1034 2127 3253 3407
1766 9 2 10 12 361 1042 794 2359 3344 3395
1767 9 2 10 12 453 1022 849 3374 3426 2386
1768 9 2 10 12 442 815 1004 3157 3406 3428
1769 9 2 10 12 455 952 881 3310 3410 3108
1770 9 2 10 12 477 871 1014 3419 3443 3423
1771 9 2 10 12 500 1000 822 3261 3440 1278
1772 9 2 10 12 548 967 867 3292 3444 2472
1773 9 2 10 12 354 867 967 3054 3444 3445
1774 9 2 10 12 315 829 1028 3057 3245 3388
1775 9 2 10 12 200 1036 970 3335 3446 2605
1776 9 2 10 12 82 975 1039 2620 3447 3336
1777 9 2 10 12 461 994 848 3408 3382 1656
1778 9 2 10 12 506 1055 1035 3400 3435 2588
1779 9 2 10 12 566 1019 841 3284 3249 2730
1780 9 2 10 12 353 972 925 3298 3448 3041
1781 9 2 10 12 538 925 972 1109 3448 2152
1782 9 2 10 12 504 1029 838 3449 3450 1359
1783 9 2 10 12 609 838 1029 3074 3450 3163
1784 9 2 10 12 445 1023 852 3170 3431 3275
1785 9 2 10 12 520 1040 1048 2538 3415 1526
1786 9 2 10 12 621 847 1037 3107 3317 3210
1787 9 2 10 12 354 967 1044 3445 3451 3433
1788 9 2 10 12 361 882 1057 3396 3436 3452
1789 9 2 10 12 362 1010 941 3293 3453 3350
1790 9 2 10 12 512 941 1010 3122 3453 1713
1791 9 2 10 12 371 1029 935 3164 3454 2681
1792 9 2 10 12 562 969 948 3072 3455 2820
1793 9 2 10 12 57 1014 871 3346 3443 2840
1794 9 2 10 12 465 884 1040 3092 3425 2539
1795 9 2 10 12 469 1052 888 3355 3413 2955
1796 9 2 10 12 547 957 1025 2476 3456 2484
1797 9 2 10 12 473 949 1021 3338 3434 3315
1798 9 2 10 12 504 935 1029 3190 3454 3449
1799 9 2 10 12 474 962 1017 1929 3442 3305
1800 9 2 10 12 334 1025 957 3372 3456 3265
1801 9 2 10 12 361 1057 954 3452 3457 3314
1802 9 2 10 12 490 948 969 3206 3455 3301
1803 9 2 10 12 493 970 1036 2518 3446 2651
1804 9 2 10 12 502 1044 967 3438 3451 3369
1805 9 2 10 12 537 954 1057 2182 3457 1951
1806 9 2 10 12 499 1039 975 2617 3447 3219
$EndElements
