$MeshFormat
2.2 0 8
$EndMeshFormat
$Nodes
6601
1 0 2 0
2 0 1 0
3 2 1 0
4 2 0 0
5 13 0 0
6 13 2 0
7 0 1.9 0
8 0 1.800000000000001 0
9 0 1.7 0
10 0 1.6 0
11 0 1.5 0
12 0 1.4 0
13 0 1.3 0
14 0 1.2 0
15 0 1.1 0
16 0 1.950000000000026 0
17 0 1.849999999999963 0
18 0 1.74999999999995 0
19 0 1.64999999999997 0
20 0 1.549999999999949 0
21 0 1.449999999999795 0
22 0 1.350000000000009 0
23 0 1.250000000000009 0
24 0 1.150000000000019 0
25 0 1.04999999999996 0
26 0.0962352595121254 1 0
27 0.1887660242527588 1 0
28 0.2777349119066026 1 0
29 0.363279026310976 1 0
30 0.4455301744498497 1 0
31 0.5246151514296421 1 0
32 0.6006558301083693 1 0
33 0.673769384973727 1 0
34 0.7440684964985074 1 0
35 0.8116615023622555 1 0
36 0.8766525783735404 1 0
37 0.9391418836678881 1 0
38 0.9992257176418214 1 0
39 1.056996682645436 1 0
40 1.1125438196031 1 0
41 1.165952700292975 1 0
42 1.217305660054332 1 0
43 1.26668182760866 1 0
44 1.314157308287379 1 0
45 1.359805261145556 1 0
46 1.403696035370735 1 0
47 1.445897275419494 1 0
48 1.486474016150238 1 0
49 1.525488791539788 1 0
50 1.563001733994081 1 0
51 1.599070640017746 1 0
52 1.633751110272851 1 0
53 1.667096581710168 1 0
54 1.699158454944512 1 0
55 1.729986139298381 1 0
56 1.759627124681159 1 0
57 1.788127123047016 1 0
58 1.815530033321144 1 0
59 1.841878091418672 1 0
60 1.867211906107528 1 0
61 1.891570517199426 1 0
62 1.914991465049949 1 0
63 1.937510847089613 1 0
64 1.959163361413134 1 0
65 1.979982387027019 1 0
66 0.04811762975606788 1 0
67 0.1425006418824317 1 0
68 0.2332504680797007 1 0
69 0.3205069691087893 1 0
70 0.4044046003804129 1 0
71 0.4850726629397459 1 0
72 0.5626354907690058 1 0
73 0.6372126075410481 1 0
74 0.7089189407361172 1 0
75 0.7778649994303815 1 0
76 0.844157040367898 1 0
77 0.9078972310207143 1 0
78 0.9691838006548548 1 0
79 1.028111200143626 1 0
80 1.084770251124268 1 0
81 1.139248259948038 1 0
82 1.191629180173654 1 0
83 1.241993743831496 1 0
84 1.29041956794802 1 0
85 1.336981284716467 1 0
86 1.381750648258145 1 0
87 1.424796655395114 1 0
88 1.466185645784866 1 0
89 1.505981403845013 1 0
90 1.544245262766934 1 0
91 1.581036187005913 1 0
92 1.616410875145298 1 0
93 1.650423845991509 1 0
94 1.68312751832734 1 0
95 1.714572297121446 1 0
96 1.74480663198977 1 0
97 1.773877123864088 1 0
98 1.80182857818408 1 0
99 1.828704062369908 1 0
100 1.8545449987631 1 0
101 1.879391211653477 1 0
102 1.903280991124688 1 0
103 1.926251156069781 1 0
104 1.948337104251374 1 0
105 1.969572874220077 1 0
106 1.98999119351351 1 0
107 2 0.9784692597598418 0
108 2 0.9527663690306333 0
109 2 0.9220828555263273 0
110 2 0.8854535899245207 0
111 2 0.8417264362000034 0
112 2 0.7895259828142637 0
113 2 0.7272102963194109 0
114 2 0.6528192871168432 0
115 2 0.5640130327094 0
116 2 0.4579982127438943 0
117 2 0.3314401799569637 0
118 2 0.1803581462913547 0
119 2 0.9892346298799282 0
120 2 0.9656178143952349 0
121 2 0.9374246122784897 0
122 2 0.9037682227254202 0
123 2 0.8635900130622682 0
124 2 0.8156262095071747 0
125 2 0.758368139566845 0
126 2 0.6900147917181151 0
127 2 0.6084161599131155 0
128 2 0.5110056227267608 0
129 2 0.3947191963504291 0
130 2 0.2558991631241592 0
131 2 0.09017907314567741 0
132 2.199999999999953 0 0
133 2.399999999999649 0 0
134 2.599999999998825 0 0
135 2.799999999998424 0 0
136 2.999999999998267 0 0
137 3.199999999997476 0 0
138 3.399999999996621 0 0
139 3.599999999995767 0 0
140 3.799999999994912 0 0
141 3.999999999994058 0 0
142 4.199999999993203 0 0
143 4.39999999999235 0 0
144 4.599999999991494 0 0
145 4.799999999990641 0 0
146 4.999999999989786 0 0
147 5.199999999988932 0 0
148 5.399999999988077 0 0
149 5.599999999987222 0 0
150 5.799999999986368 0 0
151 5.999999999985514 0 0
152 6.199999999984659 0 0
153 6.399999999983804 0 0
154 6.59999999998295 0 0
155 6.799999999982096 0 0
156 6.999999999981242 0 0
157 7.199999999980388 0 0
158 7.399999999979533 0 0
159 7.599999999979486 0 0
160 7.799999999980247 0 0
161 7.999999999981008 0 0
162 8.19999999998177 0 0
163 8.39999999998253 0 0
164 8.59999999998329 0 0
165 8.799999999984049 0 0
166 8.99999999998481 0 0
167 9.199999999985568 0 0
168 9.399999999986328 0 0
169 9.599999999987087 0 0
170 9.799999999987847 0 0
171 9.999999999988606 0 0
172 10.19999999998937 0 0
173 10.39999999999013 0 0
174 10.59999999999089 0 0
175 10.79999999999165 0 0
176 10.9999999999924 0 0
177 11.19999999999316 0 0
178 11.39999999999392 0 0
179 11.59999999999469 0 0
180 11.79999999999544 0 0
181 11.9999999999962 0 0
182 12.19999999999696 0 0
183 12.39999999999772 0 0
184 12.59999999999848 0 0
185 12.79999999999924 0 0
186 2.099999999999963 0 0
187 2.299999999999854 0 0
188 2.499999999999224 0 0
189 2.699999999998609 0 0
190 2.89999999999831 0 0
191 3.099999999997874 0 0
192 3.299999999997036 0 0
193 3.499999999996212 0 0
194 3.699999999995315 0 0
195 3.899999999994513 0 0
196 4.09999999999371 0 0
197 4.299999999992714 0 0
198 4.499999999991875 0 0
199 4.699999999991137 0 0
200 4.899999999990189 0 0
201 5.099999999989393 0 0
202 5.299999999988458 0 0
203 5.499999999987692 0 0
204 5.699999999986765 0 0
205 5.899999999985985 0 0
206 6.09999999998518 0 0
207 6.29999999998424 0 0
208 6.499999999983356 0 0
209 6.699999999982504 0 0
210 6.899999999981684 0 0
211 7.099999999980802 0 0
212 7.299999999979918 0 0
213 7.499999999979276 0 0
214 7.699999999979822 0 0
215 7.899999999980727 0 0
216 8.09999999998136 0 0
217 8.299999999982164 0 0
218 8.499999999982911 0 0
219 8.699999999983628 0 0
220 8.899999999984395 0 0
221 9.099999999985206 0 0
222 9.299999999985946 0 0
223 9.499999999986796 0 0
224 9.699999999987586 0 0
225 9.899999999988271 0 0
226 10.09999999998896 0 0
227 10.29999999998965 0 0
228 10.49999999999046 0 0
229 10.69999999999125 0 0
230 10.89999999999203 0 0
231 11.0999999999929 0 0
232 11.29999999999347 0 0
233 11.49999999999424 0 0
234 11.69999999999505 0 0
235 11.89999999999579 0 0
236 12.0999999999966 0 0
237 12.29999999999734 0 0
238 12.49999999999792 0 0
239 12.69999999999888 0 0
240 12.89999999999962 0 0
241 13 0.1999999999996293 0
242 13 0.3999999999991157 0
243 13 0.5999999999985328 0
244 13 0.7999999999979498 0
245 13 0.9999999999973885 0
246 13 1.199999999997894 0
247 13 1.39999999999842 0
248 13 1.599999999998947 0
249 13 1.799999999999474 0
250 13 0.09999999999979854 0
251 13 0.2999999999994072 0
252 13 0.4999999999988242 0
253 13 0.6999999999982414 0
254 13 0.8999999999976692 0
255 13 1.099999999997641 0
256 13 1.299999999998157 0
257 13 1.499999999998683 0
258 13 1.69999999999921 0
259 13 1.899999999999737 0
260 12.80271030660611 2 0
261 12.60691763272666 2 0
262 12.41261063658702 2 0
263 12.2197780810385 2 0
264 12.02840873096636 2 0
265 11.83849149494723 2 0
266 11.6500154180775 2 0
267 11.46296946631022 2 0
268 11.27734283125582 2 0
269 11.0931247433948 2 0
270 10.91030453874724 2 0
271 10.72887156735134 2 0
272 10.54881531498027 2 0
273 10.37012535237981 2 0
274 10.19279129895536 2 0
275 10.0168028237153 2 0
276 9.842149795920342 2 0
277 9.668822099434806 2 0
278 9.496809563304467 2 0
279 9.326102301155544 2 0
280 9.156690318270575 2 0
281 8.98856389219662 2 0
282 8.821713254258693 2 0
283 8.656128646285371 2 0
284 8.491800514986913 2 0
285 8.328719290195352 2 0
286 8.166875559133924 2 0
287 8.006259928643676 2 0
288 7.846863037387262 2 0
289 7.688675667041969 2 0
290 7.531688581664389 2 0
291 7.375892763189105 2 0
292 7.221279182766297 2 0
293 7.067838751594975 2 0
294 6.915562659717387 2 0
295 6.764442093152527 2 0
296 6.614468160363384 2 0
297 6.465632299805693 2 0
298 6.31792581871966 2 0
299 6.171340124881887 2 0
300 6.025866726638468 2 0
301 5.881497158293077 2 0
302 5.738223085300519 2 0
303 5.596036244880259 2 0
304 5.454928306903938 2 0
305 5.314891102182994 2 0
306 5.175916474184068 2 0
307 5.037996440091715 2 0
308 4.901122916687875 2 0
309 4.765288032285778 2 0
310 4.630483794254317 2 0
311 4.49670255095749 2 0
312 4.36393637747754 2 0
313 4.232177745877207 2 0
314 4.101418826617389 2 0
315 3.971652142829857 2 0
316 3.842870102990732 2 0
317 3.715065318477752 2 0
318 3.588230297653674 2 0
319 3.462357660746267 2 0
320 3.337440253516952 2 0
321 3.213470678596396 2 0
322 3.090441776198752 2 0
323 2.96834639764052 2 0
324 2.847177519940077 2 0
325 2.726928096929948 2 0
326 2.607591119439183 2 0
327 2.489159693630432 2 0
328 2.371626925759587 2 0
329 2.254985984433953 2 0
330 2.139230144175803 2 0
331 2.024352679846784 2 0
332 1.910346891863471 2 0
333 1.797206201785219 2 0
334 1.68492401676223 2 0
335 1.573493847876481 2 0
336 1.462909201849904 2 0
337 1.353163697936941 2 0
338 1.244250929809031 2 0
339 1.136164609364226 2 0
340 1.028898474471783 2 0
341 0.9224462625653196 2 0
342 0.8168018198831195 2 0
343 0.7119590161735498 2 0
344 0.6079117498748641 2 0
345 0.5046540096664245 2 0
346 0.402179823937054 2 0
347 0.3004831955417711 2 0
348 0.199558245636549 2 0
349 0.09939912914659921 2 0
350 12.90135515330308 2 0
351 12.70481396966627 2 0
352 12.50976413465686 2 0
353 12.31619435881268 2 0
354 12.12409340600251 2 0
355 11.93345011295682 2 0
356 11.74425345651215 2 0
357 11.55649244219399 2 0
358 11.37015614878287 2 0
359 11.18523378732523 2 0
360 11.00171464107099 2 0
361 10.81958805304929 2 0
362 10.63884344116583 2 0
363 10.45947033368004 2 0
364 10.28145832566753 2 0
365 10.10479706133531 2 0
366 9.929476309817765 2 0
367 9.755485947677556 2 0
368 9.582815831369604 2 0
369 9.411455932229977 2 0
370 9.241396309713048 2 0
371 9.072627105233661 2 0
372 8.905138573227749 2 0
373 8.738920950272032 2 0
374 8.573964580636211 2 0
375 8.410259902591083 2 0
376 8.247797424664599 2 0
377 8.086567743888772 2 0
378 7.926561483015407 2 0
379 7.767769352214592 2 0
380 7.610182124353187 2 0
381 7.453790672426729 2 0
382 7.298585972977722 2 0
383 7.144558967180679 2 0
384 6.991700705656219 2 0
385 6.840002376434953 2 0
386 6.689455126757956 2 0
387 6.54005023008466 2 0
388 6.39177905926266 2 0
389 6.244632971800785 2 0
390 6.09860342576023 2 0
391 5.953681942465773 2 0
392 5.809860121796781 2 0
393 5.66712966509038 2 0
394 5.525482275892102 2 0
395 5.384909704543444 2 0
396 5.245403788183539 2 0
397 5.106956457137853 2 0
398 4.96955967838978 2 0
399 4.833205474486793 2 0
400 4.697885913270014 2 0
401 4.563593172605863 2 0
402 4.430319464217533 2 0
403 4.298057061677355 2 0
404 4.166798286247289 2 0
405 4.036535484723647 2 0
406 3.907261122910334 2 0
407 3.778967710734257 2 0
408 3.651647808065729 2 0
409 3.525293979199999 2 0
410 3.39989895713161 2 0
411 3.275455466056702 2 0
412 3.151956227397573 2 0
413 3.029394086919659 2 0
414 2.907761958790269 2 0
415 2.787052808435067 2 0
416 2.667259608184555 2 0
417 2.548375406534806 2 0
418 2.430393309695026 2 0
419 2.313306455096777 2 0
420 2.197108064304844 2 0
421 2.081791412011294 2 0
422 1.967349785855127 2 0
423 1.853776546824367 2 0
424 1.741065109273793 2 0
425 1.629208932319418 2 0
426 1.518201524863201 2 0
427 1.408036449893421 2 0
428 1.298707313872985 2 0
429 1.190207769586618 2 0
430 1.082531541918005 2 0
431 0.9756723685185236 2 0
432 0.8696240412242133 2 0
433 0.7643804180283347 2 0
434 0.659935383024262 2 0
435 0.5562828797706718 2 0
436 0.4534169168017463 2 0
437 0.3513315097393939 2 0
438 0.2500207205891591 2 0
439 0.149478687391575 2 0
440 0.04969956457331826 2 0
441 2.998251291808793 0.985594150500638 0
442 1.989991193513513 1.500540267767874 0
443 1.505981403845011 1.483902623996338 0
444 1.028111200143629 1.477045677272741 0
445 2.494558737737779 0.9892346298799204 0
446 1.769942573895699 1.296976890327881 0
447 1.999600135775729 1.227711591107329 0
448 3.907261122910295 1.079770079740477 0
449 4.845585809919768 1.071132156940645 0
450 5.782359071798059 1.020478754547112 0
451 0.5626354907690058 1.464100912254759 0
452 6.811751655139901 0.9788059481793621 0
453 2.36521716832371 1.377812312108713 0
454 7.909896574490663 1.041897059652989 0
455 8.906807273518403 1.056621721480933 0
456 1.544245262766932 1.236623762422856 0
457 2.237476458662297 0.9883120266136124 0
458 9.932781590230484 1.029541084844301 0
459 11.01061332703574 0.9788878977316463 0
460 1.281452600219008 1.263201184260981 0
461 11.98813060984054 1.017597962412348 0
462 1.852466404964354 1.153313091801062 0
463 2.368402255071362 0.6479170193137156 0
464 2.13049017418599 1.120776172446714 0
465 3.399898957131613 1.413122585851498 0
466 1.719495041639073 1.143691091317026 0
467 2.784760113353745 1.532273802652161 0
468 1.991251899271768 1.11217632863865 0
469 0.8441570403678976 1.272883461182979 0
470 5.380802517859991 1.437304895568451 0
471 4.294541078948511 1.490533993200405 0
472 6.388535914243585 1.388836833659771 0
473 1.748290214413877 1.544761822724902 0
474 2.123346652644941 0.9892346298799203 0
475 2.181698902982808 0.8143852737574377 0
476 7.383537121535504 1.352675981941406 0
477 1.089386341643299 1.195155942116684 0
478 4.368699956757553 0.6380291302893583 0
479 8.404467529936539 1.388695206255131 0
480 1.26470539644476 1.689128382146512 0
481 5.268487678669398 0.6327477659966849 0
482 3.502480448568803 0.6043681951001954 0
483 9.431410776986056 1.404554249574126 0
484 2.266945068324996 1.668860234666191 0
485 10.45947033368004 1.363785430013333 0
486 6.332316081917475 0.5993711676810436 0
487 7.412497661453964 0.662940658488292 0
488 0.3396014239935966 1.274782830194789 0
489 0.7786909651024452 1.686369747423687 0
490 0.3253590382971823 1.690403978137689 0
491 10.47539336291657 0.6390446572208559 0
492 9.438412473250901 0.6343776096863939 0
493 8.41797816276331 0.624402414721401 0
494 11.50160561244172 1.376585095226493 0
495 1.424796655395114 1.147520134634751 0
496 2.165796669539583 1.308932072744056 0
497 3.839183060069924 1.550879708210621 0
498 11.51047127179538 0.6218307538104176 0
499 4.848935158733618 1.534078856311383 0
500 2.861212946906401 0.4907441457793523 0
501 5.891251800531177 1.512092902483578 0
502 6.883157297325417 1.500107108310806 0
503 1.572949248010082 1.736177692745678 0
504 2.657871165965188 1.257200622100529 0
505 7.946913462461265 1.49785776272363 0
506 1.915211721868074 1.73599188441718 0
507 1.904836174684956 1.080268146123131 0
508 12.41804743929412 1.421178672856016 0
509 0.6124343690796327 1.234572746257477 0
510 2.315763464122872 1.174730546363389 0
511 12.41801981502419 0.5985626589325286 0
512 1.581036187005915 1.120484804590706 0
513 1.289202120931402 1.468804819579473 0
514 1.914861620854716 1.363717303152934 0
515 8.873902205358775 1.516941822936602 0
516 9.936548821344079 1.504972452831414 0
517 1.801592514505165 1.081390559898483 0
518 5.796989200097952 0.5123722284761351 0
519 1.015009411499979 1.722345875301534 0
520 1.627291881794419 1.384286124101076 0
521 10.9922896692703 1.535409735434818 0
522 6.880310430457493 0.5090094377200214 0
523 3.122389492070741 1.650754160166428 0
524 8.931955290024318 0.5203054526064916 0
525 7.864997315976122 0.4999026281494276 0
526 4.808942623854478 0.5924858268003611 0
527 2.367518874323153 0.8432514054263374 0
528 2.639837776972461 0.7410648811609132 0
529 9.898906352681088 0.4971354566543747 0
530 2.089923306471209 0.9037682227254248 0
531 2.06351203845592 1.06311491879448 0
532 10.94962309675051 0.501131773592304 0
533 1.423864043481254 1.344595907631099 0
534 2.55476315591603 1.713344117602405 0
535 0.559909974021291 1.701155943180671 0
536 3.940617912583774 0.616437284432496 0
537 4.435140470806673 1.031103664517607 0
538 1.175582042017293 1.358983307858573 0
539 1.256444622094404 1.133933080018224 0
540 3.505972696676448 1.074878656749181 0
541 0.8191821984507635 1.481308395535296 0
542 11.94298234809688 1.539027193782464 0
543 1.97044040373865 1.05949565569161 0
544 5.240601419253328 1.039459349570843 0
545 2.178539936533273 1.505556493734035 0
546 1.663774718443435 1.248662912062551 0
547 1.885301730252231 1.258447620126419 0
548 11.94165618251928 0.4669807973245057 0
549 3.032874098435001 1.312164455160776 0
550 6.220236884393083 1.038710148952012 0
551 2.041007151860044 1.339287486443768 0
552 3.535507191439137 1.691850973417508 0
553 2.063112676983622 0.9877634716805555 0
554 0.941207309237738 1.153691747620941 0
555 0.2288176423532122 1.486341045150181 0
556 2.284500417468134 0.3896988444265077 0
557 5.175193011826648 1.68599074457324 0
558 4.53855855163332 1.67776803987795 0
559 2.076179776567908 1.676680218416158 0
560 12.55003595745163 1.006460708927006 0
561 1.644548116736365 1.080290342716536 0
562 1.927606419041622 1.151399888444025 0
563 8.321520256418669 1.005303272356639 0
564 7.60524853046907 1.656266180194207 0
565 6.174052502126849 1.663911522473229 0
566 7.242739295579564 0.9948699648119168 0
567 7.195188095975396 1.624287720713457 0
568 4.105217772553997 1.695259433197187 0
569 2.054592751083396 1.169769769036009 0
570 5.60956611728596 1.656937069584341 0
571 9.518303934999324 1.008186387311832 0
572 1.799772621966268 1.42406909627512 0
573 1.854544998763102 1.055200095175515 0
574 0.7715195448297635 1.135023820340373 0
575 6.607246878186489 1.674925376758678 0
576 2.567862400468498 1.470027582918792 0
577 0.450310728694411 1.180216854744978 0
578 2.539913094416503 0.4021839864531813 0
579 2.179547031146336 0.6389194604298236 0
580 1.511133664278829 1.082225917569339 0
581 4.554349823230222 1.325060942514644 0
582 0.9865467692395828 1.319360402578628 0
583 1.337409246202736 1.097730817628257 0
584 10.30811738166778 1.008480143211918 0
585 5.056457061515524 1.30660379009937 0
586 2.765979918622481 1.040599505450056 0
587 1.778820031476452 1.205185296713349 0
588 2.180975000845047 0.9118035480854398 0
589 1.425465621128611 1.65859973217189 0
590 11.39452152770221 0.9986404750732594 0
591 3.686013896602093 1.295483204014128 0
592 7.576761990126373 1.072044013914256 0
593 3.196289191343027 0.3743795162347501 0
594 2.903764915967044 1.754265860302936 0
595 1.74480663198977 1.060392636636941 0
596 0.7103901820267971 1.362029803602948 0
597 8.193742737020781 1.653610932733234 0
598 1.731631708311131 1.705020959413302 0
599 8.520136731348863 1.691543498257384 0
600 1.153214081038396 1.105425425108325 0
601 9.236057078004333 1.656485965933378 0
602 10.26155576323405 1.653239139203669 0
603 1.376855285272658 1.82501181386435 0
604 2.509166212883546 1.164305786734138 0
605 1.163825907580786 1.551087374180393 0
606 9.637130138551378 1.679076372833626 0
607 1.928926764590798 1.046230964108215 0
608 4.156478606725597 0.3478057202808692 0
609 10.70006196503152 1.654532826780806 0
610 0.1766336085987892 1.174193071354374 0
611 3.717774181674001 0.3549118732820742 0
612 3.157420592701384 0.7241351515847716 0
613 5.072283915206398 0.3192561866085595 0
614 0.1727690605064376 1.80958059660598 0
615 0.3969711727193595 1.51113341203246 0
616 6.557399784961087 0.3548936675021138 0
617 4.589014293727634 0.3264591283602156 0
618 6.534195527467168 1.11069208920371 0
619 4.152943070111512 0.8738694492720184 0
620 1.876002927058933 1.598131840053055 0
621 4.023242247692383 1.339754868104411 0
622 5.693185953948653 1.3156040351233 0
623 5.504281470051099 0.8876746975123774 0
624 0.4999611249234784 1.320910318086455 0
625 6.134655043707078 0.3375994583008828 0
626 1.609940957887019 1.585708237203566 0
627 6.022047886015717 0.7691276435327288 0
628 6.644398213845672 0.7229623928030569 0
629 6.111938736722011 1.333803701407688 0
630 2.08470867340995 0.8151941639869049 0
631 5.466068803508866 0.3339557051342493 0
632 10.23858577253803 0.3399615067122964 0
633 10.6203884333428 1.048292926737604 0
634 2.409236015599293 1.553588987828116 0
635 8.205166622952742 0.3484016722187366 0
636 0.4237812420636617 1.832498855419263 0
637 2.367288877225721 1.040809636375256 0
638 8.1202108827913 1.26327886372091 0
639 2.070658749667983 1.261129536977236 0
640 0.9255040215663546 1.596137220586078 0
641 0.6808973708981185 1.831555083496897 0
642 11.30775903431148 1.658896915455727 0
643 3.267133826374301 1.167113389295291 0
644 2.185254426616663 1.051723811937386 0
645 7.553781703083317 0.3446887903417427 0
646 7.213018517511682 0.3753402119356758 0
647 1.155819261418365 1.832468588731792 0
648 0.8748948365705775 1.821867929306559 0
649 9.222328270968372 1.114603480494127 0
650 11.26395038231878 0.3578548035618124 0
651 4.630777104418437 0.8303914860129443 0
652 0.6802257854908065 1.566466281732583 0
653 7.103631279845965 1.261889268935414 0
654 2.212599276123084 1.195533825887779 0
655 3.778967710734237 1.769258995924102 0
656 8.704574630947349 1.292674201315174 0
657 9.201938118787846 0.3529798555125183 0
658 2.016445638648775 1.045603415177185 0
659 8.085737197531044 0.7281581835650595 0
660 8.611571263276986 0.346648467039901 0
661 2.161651100120748 1.821510826804544 0
662 1.445884251314307 1.24185304816657 0
663 10.64783675802413 0.3120688507465099 0
664 9.587289259105896 0.3429767984561129 0
665 1.528561885830713 1.336990403330649 0
666 12.64269621830134 1.65534250768045 0
667 1.036510819776636 1.103171485122183 0
668 9.702781748761481 1.308674449041362 0
669 8.59603295694493 0.8729348954289145 0
670 7.699296391729705 1.338524235505347 0
671 10.12448982756535 0.7337287542520351 0
672 11.64416601386568 1.682583792722791 0
673 1.189583059528912 1.221775718462106 0
674 12.64257071691847 0.3442406005850853 0
675 5.021183379988631 0.8545283422550618 0
676 10.18262952694142 1.312031943050996 0
677 1.647382817043353 1.171506314061158 0
678 9.141793599963275 0.80537770270777 0
679 7.711495675230895 0.7727464059303763 0
680 3.308732586512516 1.790712952430829 0
681 3.735454591727871 0.851127795704559 0
682 0.1606157725641996 1.644172155271825 0
683 11.18682728360435 0.7257835157301454 0
684 1.509697542927528 1.167240861542275 0
685 10.77235410300114 0.772751514106199 0
686 2.391537702224404 1.828990490482594 0
687 11.20425272856593 1.256692378878852 0
688 0.1699152944795743 1.336845880710282 0
689 11.71181936669406 1.101763418060666 0
690 1.426687631281403 1.074002561895718 0
691 7.039146930728752 0.7449759477553157 0
692 2.863967917265563 1.198401173493766 0
693 4.332934960027309 1.768267938890124 0
694 11.65493306468014 0.32692834658568 0
695 4.834656987461397 1.757284474290454 0
696 5.93627600832632 1.765901404608067 0
697 9.751019289129655 0.7770707040058911 0
698 6.840002376434964 1.753901387637954 0
699 12.25425587152839 1.668731562907867 0
700 1.307860254090743 1.358805607133305 0
701 0.6590488130968101 1.121081593196434 0
702 5.371755420137978 1.7645538461575 0
703 1.889133965314554 1.484663367279126 0
704 11.79447854659756 0.7536681443477942 0
705 6.656174148486096 1.362087543278525 0
706 2.891225863481755 0.7576631854999384 0
707 0.3205069691087893 1.128968237173375 0
708 12.24012724613649 0.3151453105652679 0
709 2.720548596456256 1.807000187423153 0
710 1.952260197157665 1.294676116063745 0
711 1.345502652948688 1.185006312929079 0
712 2.274742832889542 1.083393152684606 0
713 1.580667559695691 1.061874868455341 0
714 12.13602083680884 1.279990288752644 0
715 2.515333226030264 1.3126944304789 0
716 12.69788811558683 1.281263277553774 0
717 1.984193226014117 1.169179207764122 0
718 12.71578026721904 0.6931156153877707 0
719 12.28373603514527 0.8701368335217409 0
720 1.394027001205137 1.45361785683617 0
721 1.946938770851394 1.097738563247043 0
722 2.07900272223928 1.449948756761054 0
723 1.646573830714866 1.486333342335664 0
724 10.73489199028374 1.363097133742907 0
725 7.838721848094709 1.756130421800743 0
726 1.673546010677843 1.844885143595006 0
727 6.381126495257023 1.771085372877316 0
728 1.796736361072056 1.145862083707647 0
729 2.050063830086366 0.9389815796190051 0
730 1.722568173304335 1.373461980696543 0
731 4.165408498227705 1.145399761448809 0
732 3.616847346562158 1.503425524460002 0
733 9.146922794065603 1.385837458771302 0
734 0.7265822349374066 1.249914485076896 0
735 2.248753728401681 1.402433461879306 0
736 3.298204610687756 0.9205262240908066 0
737 5.457718258396627 1.168993964391016 0
738 2.280024829708538 1.290899224109385 0
739 2.054065580156395 1.124997652006124 0
740 0.8794041948803033 1.380108142844332 0
741 6.42670497554321 0.8716824056215105 0
742 1.840389029667985 1.338386726659212 0
743 1.853914408199168 1.102349415381588 0
744 1.693486426306791 1.048999830064354 0
745 2.117426998009233 0.6993201340767699 0
746 5.759200684989779 0.7699052440298273 0
747 1.801162085163716 1.047514317790876 0
748 2.126741361960903 1.051809647224156 0
749 4.82397276790581 1.308656950105569 0
750 1.927377799620496 1.216241014066581 0
751 8.814355595620933 1.749497320284329 0
752 2.007647046046919 1.841625937125192 0
753 2.980101524136813 1.51260332619223 0
754 2.287306581664736 0.8898639996134985 0
755 0.5410777780907718 1.110229338154825 0
756 1.598480755666989 1.297539776131617 0
757 9.930390734164446 1.748631808853199 0
758 2.534463061136804 0.8279288349937537 0
759 7.383964970422565 1.782933645796827 0
760 3.19094676425808 1.450589002271603 0
761 2.132208267222465 1.19829970209627 0
762 2.807331077962894 1.37238788004408 0
763 0.8647009301189421 1.092931272928752 0
764 3.468982623278684 0.268592979068598 0
765 1.887202255199155 1.038781112947063 0
766 1.026471772582314 1.854426272821752 0
767 1.321818330852058 1.576994013582781 0
768 2.793162007970239 0.2551399262061483 0
769 1.818132989885997 1.857352292728178 0
770 5.557871562293727 0.6028195673989677 0
771 3.080591190470192 1.829181768661805 0
772 1.841910285676132 1.218066163747182 0
773 1.040807712088625 1.598305511497558 0
774 1.759681593663686 1.112322745870711 0
775 0.5318885709750981 1.573300070408457 0
776 1.986382113712962 1.415385181123849 0
777 1.710923386396968 1.207810797693399 0
778 1.522523082189256 1.869316426357943 0
779 2.082615035239042 1.55490809793509 0
780 2.038823199158515 1.008234511382187 0
781 2.211168758148669 1.139257388263937 0
782 2.392671305175697 1.261672420320043 0
783 10.99797153497854 1.732450756023201 0
784 2.618050093906594 1.089696083964447 0
785 8.849078703943103 0.7694939104862445 0
786 3.960514619150434 1.813477784695326 0
787 0.9860657363273733 1.235400828796213 0
788 5.88218088405475 1.24157980279764 0
789 0.5975451583581042 1.347385692189915 0
790 8.877676258547435 0.256545533149196 0
791 5.846742624212558 0.2694331560473286 0
792 2.607324221441632 0.9254744264210999 0
793 2.292808786686249 0.7261040773112295 0
794 1.987372949805129 1.61809359724538 0
795 4.832056536105586 0.2619005990200207 0
796 6.855691963125609 1.234838583498661 0
797 1.152033629129724 1.683541273145955 0
798 1.090122777995455 1.299328607472044 0
799 0.553234736358887 1.86719279560305 0
800 2.418929259132631 0.2286135386660515 0
801 1.371638123274235 1.284897176054891 0
802 1.183167845373359 1.46198566717929 0
803 2.126591345607126 0.5040885601660045 0
804 1.992238933317202 1.030930073441994 0
805 4.38789482965078 1.266579045637351 0
806 12.08241497198258 0.6931886957612079 0
807 9.406236461402026 1.775962499559048 0
808 10.45379628531627 1.767396529292001 0
809 3.367727475138542 1.573329781429028 0
810 0.3959919906793437 1.419605489703013 0
811 5.742478885502194 1.800698871886313 0
812 5.022423443259645 1.808536044268296 0
813 1.27842363168336 1.060599401279173 0
814 1.194062573941797 1.071030054921239 0
815 6.802074711286788 0.2508411409675317 0
816 8.668146142422485 0.5496997578137109 0
817 7.947287295738709 0.2518580654545744 0
818 7.049549967990303 1.793926357686345 0
819 11.76295499869491 1.371302058819008 0
820 3.475380662237019 1.230451495913683 0
821 8.480980294922944 1.184569162056875 0
822 4.637130286179065 1.105155093822702 0
823 2.091365015058763 0.9530641074975075 0
824 7.880975619282237 1.219728075450852 0
825 10.88130179395435 0.2836500354604257 0
826 8.034512908393259 1.754738692657556 0
827 2.060914691471323 0.868097472402078 0
828 4.603358535985092 0.6204496628294709 0
829 2.520134943900118 0.5626129750826902 0
830 0.3051119121673917 1.869661542868841 0
831 10.0066252315658 0.2788483501521698 0
832 1.579358559547806 1.189743185257556 0
833 2.633307104315726 1.606926826469014 0
834 5.067022099410986 0.6160165540390244 0
835 2.022373720987673 1.28645875970569 0
836 4.651230536247484 1.83906202070636 0
837 1.222934645035756 1.28796282846546 0
838 12.39668056364943 1.145855781605772 0
839 8.957174687655805 1.227859969663773 0
840 7.406291683206015 0.8473730346594917 0
841 2.388952826476507 1.671334936323939 0
842 4.479805467764201 1.49321422310809 0
843 4.031896408095819 1.521041047560257 0
844 6.367969485153931 0.2685049473375831 0
845 9.340069238158254 0.8972998590686935 0
846 5.022770997459611 1.11809109008389 0
847 8.394467341206486 1.795923655824357 0
848 3.702661188687308 1.078788994393111 0
849 9.049026828150376 1.790541434179243 0
850 11.93421308621754 1.793999790977345 0
851 5.583281681626804 1.444641472217094 0
852 5.032384459999717 1.508165843104806 0
853 4.366424995629656 0.2436656307343222 0
854 1.999579381030362 1.077119772572485 0
855 0.9354321770691114 1.478869831526391 0
856 1.949397951074519 1.03078765115708 0
857 0.6695665969239708 1.676578999170744 0
858 7.395059255760922 1.521400491618917 0
859 11.00660409925003 1.232182994998684 0
860 0.855174234718818 1.197435766749456 0
861 3.622995984296789 1.834533229696471 0
862 1.723569433091374 1.456128257217812 0
863 10.52820538749909 0.8519849695033309 0
864 2.357434036579531 0.974945888309637 0
865 2.302805204017166 1.509284271357183 0
866 1.900070815565695 1.127859971832791 0
867 8.123843417346414 1.463378346696832 0
868 1.691918079669626 1.306715025170565 0
869 1.568638426470491 1.418860068838997 0
870 1.477673311086667 1.412117196011928 0
871 2.186937565180781 0.990173126669667 0
872 8.700697863089358 1.46385936325578 0
873 3.959374522304211 0.2390067520609941 0
874 3.729698404374825 0.6556974455169375 0
875 1.278457018979765 1.877581994829987 0
876 4.140592857944239 0.6493702752476341 0
877 3.853463368155071 1.344253436891481 0
878 0.9664950905739007 1.076888107615241 0
879 0.9204430704475944 1.709637297193411 0
880 0.4289282118314604 1.668023046124298 0
881 2.520230945040651 1.840898062187284 0
882 11.89999999999585 0.228763317711923 0
883 3.937940736642252 0.8941415211954775 0
884 1.426385771632186 1.514840517532228 0
885 2.984890739802226 0.2379455589626018 0
886 7.077257534567103 1.519347756065035 0
887 1.718966052703303 1.089225343565467 0
888 2.15796673718139 0.2858283977740493 0
889 4.353171984806602 0.8458909285258414 0
890 6.060653870754474 1.066594924572954 0
891 7.144335787543693 0.5787965098944252 0
892 1.065951796981767 1.418260210851035 0
893 1.893169836811556 1.189933519291603 0
894 2.185013997452515 1.619890874288465 0
895 6.34457331997878 1.198935629665321 0
896 8.404278821126228 0.2419321886935 0
897 2.082597186973916 1.028790074488407 0
898 4.161642809908526 1.874661614340051 0
899 6.100762557611532 1.819491466210034 0
900 5.282793253628683 0.2234013987740459 0
901 7.593918229043478 0.5695685450833757 0
902 1.824818229928271 1.50895436383342 0
903 3.437266937844893 0.8101886933127948 0
904 9.930920952803588 1.227171327998962 0
905 0.6560376111459034 1.473256631631492 0
906 5.61758112225576 1.089682942581745 0
907 2.033670708579487 0.9639659158951013 0
908 5.211042045487275 1.488255503871802 0
909 6.062955461812177 1.4795232749723 0
910 5.269316403933396 1.273409598920178 0
911 11.58212852033884 0.8370942310193228 0
912 5.517475251862338 1.851672843525037 0
913 3.450167702059247 1.842852808633208 0
914 7.376734466164788 1.14656717405675 0
915 0.1079106808489048 1.437345517386598 0
916 6.011349518515346 0.551555642425583 0
917 1.792378759791701 1.629585329133419 0
918 2.767325934302559 0.8333991128597879 0
919 12.4409608799391 1.766096811153762 0
920 5.18466263668564 1.825464490504781 0
921 6.312714376792423 1.611188112922682 0
922 4.479708576997303 1.833958182721432 0
923 2.408567532645759 0.4703888890822487 0
924 5.219775634254146 0.8273748822930622 0
925 1.615763119450793 1.050509683493681 0
926 0.2998993462406768 1.569213550874393 0
927 10.44380992042982 0.2545226044752132 0
928 0.7871721811062535 1.880872603684336 0
929 1.685446322939244 1.625733327327695 0
930 3.088111218643044 1.144184176916435 0
931 4.710779440714524 1.55028022206191 0
932 1.658081199122176 1.126939406452807 0
933 1.543165668645078 1.585054861387695 0
934 0.8209930403442882 1.584456524903716 0
935 0.2651189522896995 1.393144265271177 0
936 2.176236510896046 1.401169667564531 0
937 7.049246336397669 1.057572106626796 0
938 2.434848151478944 1.14341383398144 0
939 6.646561379183762 0.9329576517400752 0
940 1.374776909210848 1.058254700722408 0
941 5.411387384905245 1.605193094526275 0
942 1.828838647488437 1.257891352957384 0
943 6.195551877019747 0.813150892560465 0
944 1.464136646113949 1.740509742903131 0
945 2.01548182969547 1.14360065185508 0
946 1.46148072805328 1.038957442121604 0
947 12.43730119870862 0.2306903520581004 0
948 2.448434668127415 1.443669659090288 0
949 1.36299316233683 1.723348284767329 0
950 6.675345626595655 1.829397034031676 0
951 7.610182124353182 1.830913291968149 0
952 9.216003533992694 0.5931912509226323 0
953 3.046254675401327 0.5235930293239131 0
954 1.078351441238352 1.049992870927057 0
955 1.238824755588048 1.402203715255134 0
956 9.601924959570393 0.531422038791401 0
957 1.278116291870795 1.186977297381257 0
958 10.68156659246279 0.5922754789697359 0
959 2.443879227829793 0.744557403497595 0
960 4.249717561019424 1.63976920716246 0
961 2.518936878152869 1.58782392370637 0
962 1.544460292774859 1.051841629578194 0
963 7.021131347932101 0.2253646856655704 0
964 11.92145978535779 1.211881526578032 0
965 12.77607164562156 1.085095180500412 0
966 8.41378876498629 1.5651699760305 0
967 2.088832123629737 0.6128921414038461 0
968 8.166594403433972 0.9379080826771654 0
969 0.4042921899134737 1.093732084483216 0
970 2.275225724470809 1.857309310418798 0
971 2.301296826777871 0.531779478273501 0
972 4.232537575546917 1.303782229572971 0
973 9.612241698344612 1.422328175093789 0
974 4.828825853260444 0.8845003447225543 0
975 7.237327088752309 0.7647915881603743 0
976 11.7292226146917 0.5587947693451318 0
977 0.7982318404031752 1.34807326344167 0
978 9.389959781734513 1.594559668032873 0
979 3.676423624454992 1.648156524683011 0
980 1.786782364367789 1.359539654967133 0
981 2.015724111261692 1.748454780308405 0
982 4.951199173414092 1.658408249893994 0
983 1.493931209787756 1.280064436543193 0
984 11.48022014341163 0.2030146198052672 0
985 7.742172569723532 0.2036571469871537 0
986 1.828732811055241 1.029397087050467 0
987 10.09881637800522 1.825951869291783 0
988 2.78757137220448 1.694525267208644 0
989 10.13304518811869 1.482884549464711 0
990 7.7456870685514 1.518748065657949 0
991 0.5180432262016906 1.238499921907071 0
992 0.09621823188627968 1.256348505310121 0
993 2.670642425923059 1.388048573855633 0
994 1.175654659248552 1.159462097675352 0
995 11.47339611395367 1.772654299374814 0
996 2.141213281006954 0.9414688405449357 0
997 10.44013577063687 1.566094777142138 0
998 8.305979430075757 0.7963378306537094 0
999 0.725099585528652 1.093697596325718 0
1000 9.775349672682514 0.2221610404603633 0
1001 11.19991658320415 1.472324756765809 0
1002 3.313431096491986 0.5423542886197996 0
1003 1.605644222873708 1.240915154238971 0
1004 12.20136535519746 0.5339528460564782 0
1005 0.1019022143893834 1.733764793353112 0
1006 9.401085766297914 0.2275551774543698 0
1007 1.954036874902395 1.130803385781807 0
1008 1.746734632703415 1.247269719538013 0
1009 9.417776819965095 1.178973719228851 0
1010 6.830442116699789 0.8017600171093953 0
1011 0.0996818856677042 1.54847710642138 0
1012 7.909716343227757 0.7851232730620802 0
1013 9.768573452823729 1.828731681287568 0
1014 11.08509627604887 0.183071646259651 0
1015 8.702847138807798 1.040643627989897 0
1016 2.745602653501369 0.569535289103571 0
1017 1.774213591953482 1.030021095720441 0
1018 10.83244178102719 1.822082394801798 0
1019 10.43320435855129 1.153739234623957 0
1020 9.730488161943088 1.054847918951586 0
1021 7.546120192987404 1.470890121607659 0
1022 1.857295490288791 1.384377822280902 0
1023 12.79689803119016 1.480834796017256 0
1024 6.52645144604313 0.5624056284741139 0
1025 2.419107320754695 0.9254190447911951 0
1026 2.203923080645228 0.7291510801985869 0
1027 0.2315939944101926 1.089672126636734 0
1028 0.1101291080067172 1.889933560079918 0
1029 3.958873638693309 1.653668515477754 0
1030 2.031023553758264 0.9041776367228893 0
1031 12.79337017086504 0.5180812859891897 0
1032 7.213938073176127 1.791632716035366 0
1033 1.459262367321982 1.110805443851668 0
1034 7.381571592230039 0.2521008760837423 0
1035 12.44841940925592 0.8148804622091047 0
1036 0.432286187007496 1.257054659731635 0
1037 6.547032452253569 1.493679652440218 0
1038 0.9217869653839187 1.284115939536454 0
1039 5.749837635494878 1.632446332751806 0
1040 0.101430603590414 1.101718154037971 0
1041 10.13248693519729 1.047241426989623 0
1042 10.98459573801567 0.7898483596556351 0
1043 3.970022786587748 0.424670656311204 0
1044 2.060529847462334 0.7587770114251317 0
1045 10.27465121087138 0.5733196220083409 0
1046 5.274281702197683 0.418213268634194 0
1047 1.752698459422775 1.169940616820278 0
1048 2.153774001191986 0.864754543281687 0
1049 2.086723475281801 1.097686395844706 0
1050 2.041626752453123 1.219818915524222 0
1051 5.683786674708085 0.2121806770390389 0
1052 2.695911712631443 1.136999349818571 0
1053 1.400737304208616 1.202303143512292 0
1054 1.458775997152659 1.190570331943159 0
1055 2.163854759578635 1.70335142124197 0
1056 9.475592215300635 0.8155434671880437 0
1057 10.33676068783097 0.8093692524492029 0
1058 8.23646026064873 0.5640812484088852 0
1059 1.150137563752574 1.282515419161016 0
1060 0.4658457466925576 1.450794925748359 0
1061 1.97548128021243 1.357359370699629 0
1062 8.309789885901459 1.227873647053711 0
1063 1.250953043080461 1.559456037374675 0
1064 6.241074842015232 1.456062293030121 0
1065 9.92886988550951 0.7955176252216415 0
1066 1.827668783863298 1.119621263581826 0
1067 4.340826050375854 0.4401509771059461 0
1068 6.714250116507 1.541070151486858 0
1069 1.932156780752732 1.533446948319409 0
1070 2.83590606309526 1.86935420726229 0
1071 3.20154146286896 1.865703172591241 0
1072 2.020639617158681 0.9887017387712624 0
1073 12.14002741030676 1.473971433924768 0
1074 11.1639350042837 1.826012763697672 0
1075 1.076107684842385 1.14398791997904 0
1076 1.028289714016385 1.177617089430169 0
1077 11.1975528294777 0.9359639224371095 0
1078 0.5929813039846015 1.6161375534626 0
1079 1.902752736260776 1.310074669927211 0
1080 1.654604694967497 1.037813713441137 0
1081 7.758682418953275 1.061267069154801 0
1082 11.14814926124152 0.5287137008301048 0
1083 1.512996104133594 1.663932910425663 0
1084 0.270593102526091 1.211104401855137 0
1085 2.101287513821951 1.315721017751119 0
1086 1.38810972813982 1.109885566406062 0
1087 6.681836560962339 0.5324798163664311 0
1088 6.970700055625861 1.612622145716543 0
1089 0.9678965472693478 1.400185115709386 0
1090 11.407918801992 1.18986611119156 0
1091 1.942232171484845 1.068736044836876 0
1092 2.138551026702884 1.259530073551883 0
1093 9.065101786920605 0.1797250843317665 0
1094 6.286919756448389 0.4337412095255634 0
1095 1.575619685676496 1.520866455068316 0
1096 10.39982554854347 0.4555746416627468 0
1097 9.403255164661513 0.4316925337273623 0
1098 2.995301335244961 1.64159308680017 0
1099 9.218088869509291 1.838385297321797 0
1100 9.091706496243978 0.9709719731147575 0
1101 0.2121949256913714 1.717570006541609 0
1102 1.320677675709869 1.053395685925125 0
1103 7.408062090524813 0.4587364096429631 0
1104 3.312152046847784 0.1872650609811007 0
1105 1.862124656617618 1.027886017256092 0
1106 0.7989015283954606 1.07190759855379 0
1107 6.51349200310405 1.833146031818589 0
1108 1.287791811382332 1.78038220034154 0
1109 3.139803692511507 0.8785251962735841 0
1110 11.37221678922861 0.7919480584102172 0
1111 6.729114833467746 1.122695441936197 0
1112 1.105378705641455 1.477217298246399 0
1113 3.546656906632047 1.364970494628816 0
1114 8.244367084529628 1.83887907669797 0
1115 2.603553902129134 0.2348897978632988 0
1116 1.617222494708545 1.109509416631569 0
1117 7.532089629176171 1.252517111647622 0
1118 6.271219567134034 1.870958226960549 0
1119 3.56308301889262 0.3890402552637851 0
1120 1.718193340881689 1.031880494685205 0
1121 11.48384156807595 1.580183294820583 0
1122 0.7772335281529782 1.786106475000172 0
1123 3.178145865424119 1.312312963723924 0
1124 2.032842274944148 1.069605274883014 0
1125 2.09400278439204 0.4098456504391485 0
1126 4.691147478668202 1.704883635163733 0
1127 5.407909045677198 1.015404901232506 0
1128 1.552614943934492 1.08794383808866 0
1129 8.552664898631756 1.859947038363637 0
1130 2.953253380227588 1.876419689101033 0
1131 12.20789745402443 1.079857366734519 0
1132 11.46046918785833 0.4217432060131416 0
1133 2.486423867352833 1.069863102678357 0
1134 4.409539438144875 1.620962606541511 0
1135 1.651273717399234 1.699244230127392 0
1136 0.3435451307784491 1.782936434489482 0
1137 11.78398232086258 0.951462150250181 0
1138 2.155832217175978 1.017143366693043 0
1139 4.89270157298099 0.4297218010027019 0
1140 9.810389683653233 1.625046014866359 0
1141 10.85681268111067 1.651023680017076 0
1142 1.821752074459041 1.177563720528748 0
1143 8.381468072222081 0.4349544818339505 0
1144 9.081341914604973 1.543331520947194 0
1145 6.509157765947887 1.284308605860383 0
1146 1.141778808800221 1.051262264929534 0
1147 0.7110267766492875 1.175022715911156 0
1148 8.044293833406563 1.602939340501731 0
1149 1.910330702900372 1.836003446065462 0
1150 12.80039258126821 1.802034687436049 0
1151 0.6627749188617761 1.297096272409065 0
1152 7.255464014709077 1.472831991402155 0
1153 10.82524304141789 0.9682370634335749 0
1154 1.816060498109671 1.719235765853134 0
1155 1.835232422248504 1.081727654464952 0
1156 4.06266397818134 1.013640545836132 0
1157 12.09361500177841 0.1771605183424009 0
1158 11.7442534565124 1.835891317040195 0
1159 10.60539274981823 1.483469984044256 0
1160 3.788097163246515 1.20197388235439 0
1161 2.271574463754052 0.8088165974825016 0
1162 2.01414807945064 1.187430701058373 0
1163 1.311737785427767 1.14019040473418 0
1164 12.12240278788352 1.829269327658883 0
1165 1.92720753426867 1.021313792243573 0
1166 12.80020178193539 0.199798218064624 0
1167 10.05995594587396 0.4877668250303195 0
1168 5.733123344431675 1.472517588732768 0
1169 8.039068723414786 0.4978810900270168 0
1170 1.957224372197686 1.248851254980427 0
1171 1.348709779487926 1.507206518591958 0
1172 0.7439654985053991 1.426692614811071 0
1173 10.05546799118585 1.642140664299872 0
1174 9.554217149850505 1.838725766942846 0
1175 10.60899960244626 1.830556905719776 0
1176 3.501210267295698 1.571388678777486 0
1177 6.519749724554164 0.169018334734222 0
1178 5.95966678200919 1.375179483134275 0
1179 1.97278124034648 1.08612542400695 0
1180 0.5149047721350755 1.785292196746986 0
1181 1.929816774219166 1.658061905711294 0
1182 4.259082573355197 0.9956742404185912 0
1183 12.83579834498499 0.8586305549201879 0
1184 2.239541354493099 1.757615636518256 0
1185 1.901395100011739 1.019173503422611 0
1186 12.58868596768718 1.461634735787965 0
1187 4.663243009033795 0.179334764899897 0
1188 1.776385254365514 1.060465199830761 0
1189 2.639434922507794 1.898073971861805 0
1190 0.3800208968130404 1.607004228700985 0
1191 1.882705307474839 1.068857498417291 0
1192 1.374819285590163 1.390433885941844 0
1193 0.3197044130452407 1.456235801862804 0
1194 4.028439659820211 1.17729580632298 0
1195 8.724043841084935 0.1780061915874409 0
1196 2.873693480017917 1.069273037097666 0
1197 4.143431097433884 1.42012713718775 0
1198 4.115039877275731 0.1689344662262647 0
1199 1.63585491297691 1.330481059356921 0
1200 2.102680487594648 1.387888687024486 0
1201 7.247120137329336 1.269182914863869 0
1202 10.30366281372244 1.853605190205195 0
1203 3.612666441248719 0.2071675437025353 0
1204 4.719076625681002 0.4623518603226807 0
1205 12.59914299702802 0.5260472284036261 0
1206 0.2142383471230575 1.900845309584258 0
1207 8.083868147537283 0.171603992907562 0
1208 7.537711773295698 0.7438756835904614 0
1209 2.011554600840535 1.020330018745888 0
1210 5.942429186373961 0.9293060722823173 0
1211 6.384984650332319 1.037916859798679 0
1212 0.4850726629397458 1.064634174942061 0
1213 5.102083339033197 0.1502693486148751 0
1214 0.4683358905570434 1.928238575390055 0
1215 11.13143560458257 1.641626457750421 0
1216 5.511358971032392 1.323541244808981 0
1217 4.495876629439688 0.7481157020492951 0
1218 1.679816153282863 1.415910014672464 0
1219 5.625498865023579 0.4528335718437445 0
1220 0.7887086462323265 1.208320344176306 0
1221 4.72558638909678 1.405795301820827 0
1222 2.935986065464805 1.399258501246157 0
1223 2.320559050931412 1.594562340207729 0
1224 5.27522972789685 1.629857921024054 0
1225 2.0935839394436 1.904933339339548 0
1226 1.686927406756519 1.166230639759955 0
1227 2.300497447533976 1.023082329673505 0
1228 10.30432383656859 1.446481261825057 0
1229 1.948862864088945 1.180756461080463 0
1230 8.987583340766685 0.3719028591287621 0
1231 0.6033504415937286 1.078649685322117 0
1232 2.367528942290915 1.460259093377681 0
1233 10.72141265026066 0.1466048545414327 0
1234 3.312883394758723 0.6883163810345687 0
1235 2.595236422453516 1.167695050819579 0
1236 9.260758008340748 1.477068288702877 0
1237 1.199149610901822 1.761948508593978 0
1238 5.660932616940717 0.9160614096156385 0
1239 1.097447585658516 1.908911724985823 0
1240 1.017793925421834 1.04385370445206 0
1241 3.752968758200222 1.886991132709742 0
1242 3.264001814743774 1.673474158047793 0
1243 2.673172225680835 1.705173772793925 0
1244 7.981398527853755 1.364602830437145 0
1245 0.3694907469335843 1.192038579220911 0
1246 10.12745626245351 0.1574681815248618 0
1247 2.132729650038299 0.7700893747673786 0
1248 0.9445229216529182 1.884925102048276 0
1249 2.08970439642653 1.146009697734783 0
1250 8.063652621727647 1.088964993778808 0
1251 1.435070588019119 1.913136345474253 0
1252 2.23962511881285 1.043678152889673 0
1253 2.675573917523056 1.510291573427003 0
1254 6.079695617157104 0.1405479048557295 0
1255 0.07592117522327238 1.347674909919364 0
1256 9.274902943359521 1.288906105851076 0
1257 1.102119789601818 1.759926283248192 0
1258 0.6384928409774856 1.923100959725818 0
1259 6.981197228990848 1.351492814674045 0
1260 1.210865626204419 1.62087559047252 0
1261 0.5856554317996428 1.161538394104673 0
1262 2.344076607556655 1.108442746398049 0
1263 5.889926420692759 0.6605496183917929 0
1264 2.164247424984542 1.161334574103281 0
1265 8.497951269430722 1.028924878275137 0
1266 5.390517165000928 0.781681563989678 0
1267 1.536536177266267 1.121840751326513 0
1268 9.77461718354721 1.439756969579797 0
1269 4.578882926153947 0.9639972774905854 0
1270 10.6023507641125 1.261561280292239 0
1271 1.675905971551048 1.553320826112234 0
1272 0.6071797653983299 1.772966894625617 0
1273 1.742319939825411 1.919089182577996 0
1274 8.575724951153672 1.33809927772701 0
1275 0.9108069589248038 1.050412303581195 0
1276 2.257011958211039 1.16446874467063 0
1277 0.977183115964387 1.54217926120734 0
1278 4.909963945798196 1.401603017562078 0
1279 6.169181116378626 0.6659515953013778 0
1280 1.969572874220071 1.017364037279799 0
1281 4.288120204438664 1.884592159841673 0
1282 2.715252627912688 0.4053172157995436 0
1283 3.191881230087912 1.024161496161067 0
1284 4.93209538088171 1.232814166020568 0
1285 2.28530817504751 0.1450402158354453 0
1286 2.044242461423165 1.03899122671236 0
1287 1.923418500152909 1.417908769235384 0
1288 12.44043385236005 1.577894412858344 0
1289 3.749223605397647 1.439221273150689 0
1290 4.704240395986332 0.9710352717978861 0
1291 5.420338322042628 0.5138018769017843 0
1292 0.968543252729219 1.791847539046371 0
1293 10.07106994114477 0.901081536693195 0
1294 10.326088001278 1.273961384666468 0
1295 2.208652289899859 1.263961762909544 0
1296 3.600314102104906 0.7651153274530813 0
1297 11.32368069600783 0.5746456730593065 0
1298 7.695230342067482 0.9385087332937394 0
1299 10.79740016021156 1.185448502489614 0
1300 6.029309796581542 1.632631462364325 0
1301 1.498570761114932 1.218548994935677 0
1302 6.167614710350545 1.193971975256519 0
1303 3.359782740502075 1.049025839889649 0
1304 1.757152984976036 1.800138009038197 0
1305 1.612157344092579 1.078819377265899 0
1306 1.927299836176863 1.116801611951915 0
1307 0.7470099453911712 1.520425976128278 0
1308 9.065093962638073 1.121468869518129 0
1309 3.331571386542551 1.27888607958502 0
1310 7.846338512093354 1.385286168137419 0
1311 11.76846868362891 1.546188358122174 0
1312 12.50940969289862 1.279130171986779 0
1313 1.278623967845213 1.312715358862085 0
1314 5.738847263265773 1.164777490317025 0
1315 2.440734810150167 1.918842969751972 0
1316 7.930115803103719 1.881970965961763 0
1317 1.992604828498258 1.052484988832614 0
1318 7.725530837767526 0.3899311119172393 0
1319 2.024674881721683 1.102824142163392 0
1320 5.483197370043657 0.1579325290555579 0
1321 1.79081909938175 1.249563722534435 0
1322 12.41033634743906 0.4144722682832169 0
1323 5.953681942465789 1.886671653973645 0
1324 11.28405826256742 0.1558957587390423 0
1325 2.330702895857874 1.243311658349247 0
1326 2.087332356281109 1.204923844640632 0
1327 0.5302137131331965 1.393738646968091 0
1328 2.237945027099813 0.9296153098190911 0
1329 2.223347022331154 0.8713642408697335 0
1330 8.476057128953572 0.7869320739901629 0
1331 0.9168477865138481 1.211550248958045 0
1332 2.866217448953892 1.60517327915926 0
1333 7.767769352214633 1.87735127577785 0
1334 7.047328527184793 0.4359465859651501 0
1335 4.955976888263635 0.9844490386798309 0
1336 9.553365392136191 1.292036939554513 0
1337 0.5952162789406964 1.532406073049935 0
1338 8.836732868215826 1.352765852698465 0
1339 6.957684162144169 0.9315692247732265 0
1340 3.814505511382198 0.4836149744802372 0
1341 1.41571487126565 1.032474128815796 0
1342 2.091655089715498 0.9958176783385573 0
1343 8.915393505631272 1.853549659993752 0
1344 11.7031188309774 0.1649778369914998 0
1345 1.241993743831496 1.037469767536128 0
1346 4.678201499830466 1.25715296669962 0
1347 1.905346119210966 1.056571443081266 0
1348 1.140283680380008 1.206374247549542 0
1349 2.267014838377142 1.224046312842317 0
1350 5.387746621077085 1.903346642095501 0
1351 0.258163747960558 1.30454214877442 0
1352 6.113847091651801 0.9245067198807778 0
1353 7.930838456859963 0.6257002219655234 0
1354 1.619218402175996 1.435043832358049 0
1355 2.154008557620152 1.082942232982379 0
1356 1.609005357051889 1.152899175217961 0
1357 4.913507036153945 1.873689375419379 0
1358 8.798227191205719 0.4069980310147983 0
1359 4.493640717599911 0.4861583834171088 0
1360 1.224398254090693 1.176125201995211 0
1361 2.76947818190407 1.257799613785875 0
1362 1.506551194519951 1.03871478998323 0
1363 1.612611995170143 1.913733385588417 0
1364 3.36603392996615 1.91258768228568 0
1365 12.29000165139531 1.852819540344103 0
1366 4.027022238672712 1.897589345103795 0
1367 2.021273192256042 0.9412653618648657 0
1368 2.037855361742966 0.8228185133151073 0
1369 7.189877406549472 0.1756309040000674 0
1370 7.549281079659186 0.1686422828034798 0
1371 3.164141672371095 1.759698884372839 0
1372 6.805155648221405 1.375398597195339 0
1373 12.07877630080662 1.660999861850265 0
1374 8.786075651652553 0.8943280313732249 0
1375 10.01971737976388 1.350638719172341 0
1376 2.233456402967961 1.560658172380072 0
1377 5.121228935024867 0.977567662160415 0
1378 3.391466829154423 0.4051287597229362 0
1379 1.548866169636417 1.287111431578805 0
1380 0.9856508163664366 1.64825066676508 0
1381 1.57801871191979 1.349253597156867 0
1382 11.11509511349488 1.101263289244322 0
1383 8.739017735237121 1.869187341143889 0
1384 6.962287161544638 1.863090961168162 0
1385 0.1979853425710863 1.564336683689271 0
1386 2.100072745283157 1.757570471495553 0
1387 9.753321104237399 0.394645838145355 0
1388 2.21641908581017 1.339780320856648 0
1389 4.500510028475477 1.189170876779653 0
1390 2.267184713418718 0.6420405540616601 0
1391 0.7451330361797969 1.613877724930042 0
1392 4.754985451729948 0.7369849498882071 0
1393 12.27420868932364 0.1445992361931538 0
1394 11.06562416206281 0.3708843919408595 0
1395 12.61623393736612 1.826686003035597 0
1396 0.07255913101108477 1.648772077001579 0
1397 10.77945351388547 0.4515064559418216 0
1398 2.981096151654378 0.397777918955025 0
1399 3.597606107716441 0.9103362126325605 0
1400 3.094428319108928 1.537664846558132 0
1401 2.108535951089691 0.8626393242737055 0
1402 8.997537563919146 0.6732655274388807 0
1403 5.924537406795535 0.3897656200872649 0
1404 4.76963382596557 1.882131357939989 0
1405 8.28529325019681 1.508619176292277 0
1406 8.555332990181231 1.513886522411779 0
1407 8.939457220949791 1.663681207032547 0
1408 6.484097685312633 0.7220052448873916 0
1409 2.756476748105984 0.6953873615214559 0
1410 1.596369319884873 1.821481490271104 0
1411 9.650518300764061 0.8753789450334168 0
1412 9.294121124901889 0.7423932513820356 0
1413 1.343556663803281 1.240100342540506 0
1414 1.190743235046756 1.90717754912851 0
1415 3.023661369056086 0.6713930067910583 0
1416 3.794784611273477 0.972092999885094 0
1417 6.908997389800757 0.6578739472519752 0
1418 4.046112348608633 0.7636612639776055 0
1419 6.25074750466203 1.314322086603884 0
1420 8.536106410962509 0.4987306993690828 0
1421 9.570872855939815 0.1626726702241784 0
1422 11.3359699589414 1.358700261888953 0
1423 9.957753135901601 0.6243505740778182 0
1424 1.824198185653204 1.058373350950531 0
1425 2.064086122850943 1.011919392520414 0
1426 5.67680140040188 1.885598134636598 0
1427 12.27222730436142 0.7026141740831019 0
1428 10.60929678456757 0.7306210278892669 0
1429 2.021842037420015 1.456449549047084 0
1430 11.62161345651158 1.21361527286776 0
1431 1.353920209682978 1.139963048648199 0
1432 1.581036187005915 1.026685034638126 0
1433 8.725390445363379 1.62164853748572 0
1434 11.56831016108903 1.023219965526733 0
1435 2.042280855149303 1.401148002306576 0
1436 1.473552827617833 1.342028533728566 0
1437 0.8800844383616762 1.527592149299115 0
1438 4.315484973338466 1.151356154275659 0
1439 6.465714356199069 1.649146978641561 0
1440 1.241081772283145 1.229478372554015 0
1441 2.335039389548021 1.750738148583231 0
1442 1.136184246772753 1.415238781268684 0
1443 11.94107824846637 0.8412646384587397 0
1444 11.06146421688483 1.37610835142671 0
1445 1.957937836751393 1.922066529198337 0
1446 11.99078103143286 1.365517921698253 0
1447 12.61617905094288 0.172833106057382 0
1448 2.552226475014972 1.244162993534633 0
1449 1.04669904626672 1.261787515006616 0
1450 1.821357275591738 1.569319757781685 0
1451 1.493202194346767 1.118470902577655 0
1452 3.83159373511474 1.659694528874632 0
1453 1.877293696848407 1.219499305458095 0
1454 0.8643021178900294 1.651646363364408 0
1455 1.683049384887262 1.080995482729477 0
1456 3.606628961718988 1.179224764305776 0
1457 5.10695645713789 1.901266524242459 0
1458 3.423753625985818 1.704868547768005 0
1459 12.38704345270564 0.9926774424002988 0
1460 7.754672704150101 0.6174359350240333 0
1461 2.898317256885008 0.8710842361877766 0
1462 4.503700424064968 0.1617156756759359 0
1463 1.663580532250092 1.207263598158807 0
1464 2.053357793820261 0.6902037740684004 0
1465 12.06916870499001 0.3644651983847867 0
1466 11.63220737534143 1.51136851994221 0
1467 2.184935378528983 1.916750695312578 0
1468 10.86943465965954 0.6249949385853787 0
1469 2.456306548577829 1.751059547015289 0
1470 9.248198889845146 0.1577497067462174 0
1471 4.935552270521242 0.7126443957430492 0
1472 6.732427651488298 1.678889925752332 0
1473 1.788730758151949 1.114333999871744 0
1474 12.11297039869345 0.8763897840515641 0
1475 7.457308025714469 1.877502202773453 0
1476 5.172883134032754 1.175959894373951 0
1477 1.42386914103356 1.295596716994492 0
1478 1.982130472976363 1.139373002601457 0
1479 1.591335713163778 1.658078319629678 0
1480 4.100736485316667 0.5040583365217204 0
1481 11.92400523450177 0.647938067303065 0
1482 2.435395585619109 1.3311705083546 0
1483 11.80015723376915 0.3726837899535579 0
1484 6.389879236804092 1.895037926331291 0
1485 0.6686897580435494 1.060939576628238 0
1486 4.13943555728113 1.578320404170938 0
1487 3.922547105511265 1.458036656864432 0
1488 1.323363678130915 1.42091976904022 0
1489 2.968650569655381 1.211052726377076 0
1490 0.8652230364563697 1.921431403683848 0
1491 8.963902100222745 0.8752527069497702 0
1492 4.236086486171 0.7469545304337015 0
1493 2.86573988962478 0.1268484582988401 0
1494 3.860367032932329 0.76014546095184 0
1495 2.057212379714546 0.9633018741788786 0
1496 3.887678865651804 1.873938033303764 0
1497 5.822589965086802 1.867767688981838 0
1498 9.785677210576994 0.6169076634956804 0
1499 10.79895117660803 1.511910875179209 0
1500 1.469783720126797 1.149614169838512 0
1501 0.2424035601320921 1.637980307748556 0
1502 12.85417155847971 1.289438650813551 0
1503 0.3202400098265156 1.058714632886741 0
1504 12.86693270967119 0.6969211690086927 0
1505 4.199546203094617 1.774949294440772 0
1506 2.542380547593237 0.6935710219496442 0
1507 6.795894168127789 1.875007771405386 0
1508 9.007254592450799 1.377337304642398 0
1509 8.708268636705718 0.7354759172464298 0
1510 8.79600054128238 1.183722413256714 0
1511 4.415988186683309 1.389876489870926 0
1512 1.684007459350561 1.022624972057386 0
1513 4.567025821318635 1.892712318791072 0
1514 0.7813970930609064 1.289193474243146 0
1515 2.38664198033391 0.3523015629675196 0
1516 6.689202013628147 0.1641382227587068 0
1517 5.882775847018698 1.647403337084766 0
1518 8.216702121691775 1.111373233902467 0
1519 8.248720993234505 1.370369048003772 0
1520 1.370556735241515 1.334827011091748 0
1521 0.3770939096225858 1.925125177095568 0
1522 3.295205952763176 1.482509390440593 0
1523 3.792805999109137 0.1638052011312517 0
1524 2.424376430776682 1.013064154387756 0
1525 1.34043710954551 1.64396731176074 0
1526 0.1914957080358489 1.42022744096012 0
1527 2.128654982445771 0.1222453519801699 0
1528 1.745205727540575 1.023300348621371 0
1529 0.9820267790508361 1.127185103562595 0
1530 7.166530556977537 1.143308147962674 0
1531 12.84197087862634 1.64722998749531 0
1532 0.5672969361603566 1.286004467012677 0
1533 8.547978785090793 0.1533173694641684 0
1534 10.89860021875142 1.367359598878657 0
1535 1.84337777954803 1.78974427962043 0
1536 1.924983367097771 1.265658135032877 0
1537 5.571964617341005 0.7491155154482228 0
1538 11.34054354195941 1.859581652703846 0
1539 1.114173288635291 1.610873541490081 0
1540 2.644238119269127 0.8483936566577125 0
1541 1.704992022716636 1.245918709456012 0
1542 11.04125656617864 0.6394088219988132 0
1543 5.701117786448332 0.6261894867151098 0
1544 4.444749775408033 1.73024999323738 0
1545 7.689561209853551 1.188816101134576 0
1546 11.64844316446419 0.6955810174593766 0
1547 2.621629969120313 1.792898022373715 0
1548 1.881183836920347 1.017014066111105 0
1549 7.105228762720493 0.8987557664255257 0
1550 12.84189002999995 0.3527237659438406 0
1551 0.8401911433588705 1.741018068599339 0
1552 9.607486529244497 1.152190479927 0
1553 2.589401430384823 1.323288793518642 0
1554 0.8472137675060545 1.042974970696299 0
1555 0.8254475258947736 1.412868956536004 0
1556 1.742726198250676 1.329827980184176 0
1557 5.768259244203713 0.3665235995795796 0
1558 1.538890302740414 1.19494152899601 0
1559 1.775794937381213 1.473670577522583 0
1560 1.663820498209866 1.76782458753178 0
1561 7.754694852812775 1.665042887197186 0
1562 7.908008012802034 1.638715675550668 0
1563 12.30086287634176 1.310623700374929 0
1564 2.750932843477298 1.911448216186601 0
1565 0.651860347482487 1.391376893768574 0
1566 1.80155312890812 1.021386500112357 0
1567 2.004552519990336 1.55846398934358 0
1568 0.07963100628547444 1.81488366674705 0
1569 3.552387966255584 1.899132554911657 0
1570 1.845915230828823 1.446786411836382 0
1571 2.293440464882165 1.355738741316445 0
1572 6.892416983837784 0.1304901209137092 0
1573 1.94957967363756 1.469188234778545 0
1574 4.961284758065122 0.1462852268486911 0
1575 5.503852222687305 1.711690142779839 0
1576 0.5149698692341509 1.167399605215709 0
1577 2.095999577704862 1.057097527626528 0
1578 8.25866271831611 0.1523875707639597 0
1579 0.07566562372743017 1.175297135861375 0
1580 6.848635286414956 1.632773788302957 0
1581 9.353836429121431 1.044209967723775 0
1582 0.9262733631508963 1.108566371319784 0
1583 0.9275053477474551 1.338511370500134 0
1584 2.861942664556889 1.481083862218018 0
1585 2.112325790709937 1.504121959843887 0
1586 2.347690725258758 0.9082794881932592 0
1587 9.904235888513577 0.1278271369394767 0
1588 1.522159762260239 1.79827358705333 0
1589 1.888556777166857 1.159989466540992 0
1590 6.012794768558369 1.221331082335808 0
1591 2.699112298016711 0.12159959269487 0
1592 4.814160592939391 1.645873177840024 0
1593 1.862524845987724 1.186394211227947 0
1594 12.64789183900844 0.8541874257786473 0
1595 2.117878884614043 1.020305081806763 0
1596 3.921551668886505 1.234036451085861 0
1597 11.80681671766428 1.679538090528994 0
1598 6.924751502644503 0.3455347194181433 0
1599 1.948570513613202 1.01389309613609 0
1600 0.7025828814374372 1.751474101984271 0
1601 7.330476603053713 1.890413712921129 0
1602 2.512749583999955 0.9209003281472064 0
1603 2.452653667771005 0.8532997007200697 0
1604 1.872456890046166 1.923364340377581 0
1605 6.727069773485964 0.375121817278244 0
1606 0.2621551012031682 1.789433193009545 0
1607 10.67703757248267 0.892221195528968 0
1608 1.860373649399488 1.079476499072818 0
1609 2.058831784084413 1.300649200219453 0
1610 1.204934589804484 1.120359115875488 0
1611 1.455794943573868 1.457468813385247 0
1612 9.79873544551536 0.9064712556113673 0
1613 3.216882284243606 1.562983854047618 0
1614 6.179584051142341 0.5161898267465345 0
1615 0.6727025015030574 1.22644836174516 0
1616 2.362089680681431 0.7599259746294325 0
1617 1.290419567948018 1.029167289896456 0
1618 12.05786388798953 1.156377707937887 0
1619 1.997589046502548 1.675740387011105 0
1620 2.294243330570906 0.2755582479056832 0
1621 6.247975099784371 1.747326940288762 0
1622 1.971303955251026 1.039015290483025 0
1623 0.4212981132512169 1.746773755808788 0
1624 5.319242636742128 1.15809709857385 0
1625 0.5008313995278875 1.51438952993252 0
1626 1.350903066297245 1.917375359620396 0
1627 12.58601719504161 1.159561024114748 0
1628 3.138666395597756 0.1599180272356905 0
1629 2.213326053866934 1.088447718741307 0
1630 1.67148984020563 1.362170840799514 0
1631 5.111251655782304 0.4909845000192061 0
1632 1.971901079524602 1.205028371676216 0
1633 1.042510513616274 1.348167680931741 0
1634 5.321665421736372 1.536697928448872 0
1635 2.507850998959387 0.1130287116507045 0
1636 5.112535647151129 0.7414903362155204 0
1637 3.007593487560389 1.748367094338938 0
1638 1.619225940413893 1.194707890318481 0
1639 1.883795518446246 1.101187273343576 0
1640 0.416579087815862 1.333224284592963 0
1641 2.382409644547039 1.19445356980187 0
1642 7.439568579758094 1.005342826443644 0
1643 2.81194773693076 1.781286380549256 0
1644 10.29144823981973 0.1447869582144713 0
1645 1.925841169865015 1.088169107518851 0
1646 7.562794051327058 0.8911582796890515 0
1647 2.227414226324372 1.463993276387601 0
1648 7.461238843894187 1.644602999561212 0
1649 2.052363650111989 1.091645676738343 0
1650 2.891863504008864 1.294276260630345 0
1651 2.158458735117102 0.9759485296535413 0
1652 1.191629180173654 1.031135040864189 0
1653 2.483600573656896 1.519201986929203 0
1654 3.737365957456749 1.555399766411662 0
1655 4.592147948751369 1.446801963101324 0
1656 3.068747106137958 1.420765515858804 0
1657 1.75088392616814 1.41445822022079 0
1658 1.426837948006967 1.396934793026454 0
1659 3.482912133268254 0.1289204206491467 0
1660 2.564496328235562 1.012817687813012 0
1661 6.429216423786034 0.4402138844037025 0
1662 0.1943047970902584 1.256606801600867 0
1663 5.187809927517091 1.366895168326071 0
1664 3.122208228259614 1.916688522929204 0
1665 5.387687757592906 1.272269360452495 0
1666 4.242476724975124 0.5572403301123624 0
1667 6.509191505947048 0.9575424658999625 0
1668 8.08392783157934 1.901395998393923 0
1669 6.628211096448553 1.226130943828485 0
1670 1.713374697763728 1.063411577355975 0
1671 1.760151448215438 1.083007389107063 0
1672 2.88740570940882 0.6180526696698814 0
1673 1.384844089893757 1.160744491038246 0
1674 8.817711409116743 0.628618156414278 0
1675 9.930430558342287 1.888054194971833 0
1676 1.397663750935864 1.25159647700771 0
1677 5.642269505988861 1.556736871345336 0
1678 5.83188175299509 1.383394762454312 0
1679 11.36581855139494 1.489338064831513 0
1680 1.862941194865665 1.290675409042587 0
1681 1.103510336013629 1.25144654839251 0
1682 3.014116551755594 0.8144580394720874 0
1683 2.760050039863929 1.456817138439379 0
1684 1.387474866835667 1.582146482390236 0
1685 11.60135034065541 1.862942442250368 0
1686 7.112776479990544 1.889690749459286 0
1687 7.319174823312507 1.647938344359218 0
1688 1.988558163119831 1.26475486717083 0
1689 1.125452127797757 1.151100478657818 0
1690 1.951682507668948 1.049696404186042 0
1691 1.866297547137483 1.537997740942835 0
1692 2.14235653343352 1.354646009789286 0
1693 2.530963288426397 1.390665357663449 0
1694 4.392280533979661 1.897363656290646 0
1695 5.577886314284321 1.207399073854186 0
1696 10.44533524977839 0.9743733053052028 0
1697 6.288159630708394 0.9146004921118068 0
1698 2.129165383955378 0.9041203092905801 0
1699 6.776430300011689 0.6571711034913197 0
1700 11.26386820024655 1.096485235365021 0
1701 10.24392776683328 1.153840287351051 0
1702 2.474333503257848 1.660080345891857 0
1703 0.1628435917229275 1.06505416655805 0
1704 4.257817606712004 0.1407179361216228 0
1705 0.5484508455841045 1.053710877467715 0
1706 2.1327296500383 0.8199012339555581 0
1707 1.985769482272995 1.312128975972277 0
1708 1.325614724078999 1.299091113323919 0
1709 10.20686681187502 0.8975238058688693 0
1710 5.813084849522705 0.8895297554589075 0
1711 7.830372050934688 0.9116790537535835 0
1712 0.717072110769723 1.922250348713929 0
1713 1.42471409553458 1.11055342669705 0
1714 1.064282891357445 1.538224292144746 0
1715 1.824655906089687 1.149090039904821 0
1716 9.122329125555631 1.24827410425592 0
1717 0.870428988066935 1.325258419880794 0
1718 6.989756936835532 1.194794378824198 0
1719 1.990238484172206 1.013253460706496 0
1720 5.312514005311856 0.9255547710275359 0
1721 2.294725046133185 0.9523498403704338 0
1722 3.439766618685523 0.9529911253349985 0
1723 2.021830790957103 1.24930750686316 0
1724 1.245819301472466 1.086793684614589 0
1725 7.899999999980629 0.1132203607093275 0
1726 1.867745451367603 1.127386747080306 0
1727 0.8311035990622063 1.138768685730138 0
1728 1.968408420534987 1.110964916644116 0
1729 5.900975092474558 0.1294318011289981 0
1730 1.639134537926134 1.284862785392125 0
1731 10.56261186573912 0.1426392619526312 0
1732 1.69898109111779 1.504353497773443 0
1733 2.194922299414553 0.5590386171936874 0
1734 1.86621654035006 1.665907237251755 0
1735 10.56837363002454 0.4636659610964154 0
1736 1.720886003025033 1.174455783882552 0
1737 8.567098239792086 0.6780292930949502 0
1738 2.118792629350741 1.082062395224896 0
1739 2.460283224357865 0.6428042950384776 0
1740 3.651647808065719 1.92693880950008 0
1741 9.072627105233622 1.904736499294435 0
1742 2.048388216518687 1.504072103449762 0
1743 9.490492401207096 1.678340439690583 0
1744 0.5052782067400409 1.646883258307641 0
1745 1.56081988026528 1.156126616601637 0
1746 7.132934039088466 1.374948949188104 0
1747 4.059643910619779 1.787145413213138 0
1748 1.812347061847584 1.304652671345777 0
1749 1.475297527902853 1.077468895750428 0
1750 2.967936895744593 1.111148893093914 0
1751 1.068299107886979 1.6705405252414 0
1752 1.920088480011239 1.181106508190912 0
1753 2.549011833325904 1.109167819358616 0
1754 10.55083451305996 1.662450473345748 0
1755 6.337260051020289 0.7650661317304044 0
1756 11.00017241208192 1.882367954435545 0
1757 1.583206349776572 1.469001264519473 0
1758 2.83223416198113 0.962590296031275 0
1759 3.679176192830792 1.749791853430772 0
1760 3.879756486984434 1.750248974693386 0
1761 7.004023813143097 0.5853204857173775 0
1762 8.899999999984424 0.1097543179161898 0
1763 9.061707544399747 0.5158418412421566 0
1764 1.762399095678015 1.139803822286241 0
1765 0.4617183326488877 1.383654733019776 0
1766 0.4573197431011478 1.58678892425106 0
1767 2.349575374927849 1.310100810759739 0
1768 1.583257700779555 1.089688743454374 0
1769 9.678735489849952 1.54547003103704 0
1770 2.045967976661571 1.612434451077549 0
1771 5.280552731375663 1.893300439463983 0
1772 1.110081490189353 1.353749001257182 0
1773 1.940695912469405 1.328887271777123 0
1774 11.8395540833294 1.092978818658382 0
1775 5.903210840800897 1.107344687808809 0
1776 2.168647229229189 1.219687289966561 0
1777 2.197215994586587 0.9545374367858728 0
1778 3.669092934520545 0.5044223484655536 0
1779 1.695466218852594 1.118291482634787 0
1780 0.9691838006548555 1.03306976304788 0
1781 6.542190751966465 0.8414300321903995 0
1782 2.194219913396089 0.4558413048183566 0
1783 4.447467669597335 0.3497231201223039 0
1784 5.634843697320056 1.764858160249753 0
1785 9.875745548669602 1.346809417970074 0
1786 1.962228395519264 1.79051901197906 0
1787 7.713788579352908 1.767956569406705 0
1788 1.236490303029603 1.49227850867194 0
1789 5.065578290277448 1.688679077666645 0
1790 2.347419559181905 1.919824625461837 0
1791 1.744531490093903 1.200099479283892 0
1792 3.039089878090848 1.927118252424937 0
1793 3.650491480244854 1.39689106010476 0
1794 3.243820539017777 0.8034470743867297 0
1795 3.384922796207858 1.160997256922027 0
1796 0.8826133321749952 1.445203673030802 0
1797 2.300859955706668 1.428253526071155 0
1798 0.7358752538580123 1.309261459754745 0
1799 2.208454372159173 1.020768572576001 0
1800 2.631222117151273 0.5102177984448089 0
1801 12.56292378269155 0.678026816041883 0
1802 9.086514931627821 1.670386604379174 0
1803 10.93302582953278 1.1015329772722 0
1804 1.859257111026174 1.248915970266333 0
1805 1.244075264314011 1.344650253208908 0
1806 8.421351075936606 0.8983869313662724 0
1807 1.959186256034205 1.155709539280504 0
1808 2.661410274235895 1.023369471118981 0
1809 8.626346471090809 1.178105593436801 0
1810 2.174648193761257 1.118551617307523 0
1811 8.67031308124041 1.758364747106992 0
1812 9.539995047778932 1.554054822710339 0
1813 0.4791446457745107 1.123242411508158 0
1814 3.279153785223908 1.387484004374528 0
1815 6.240158244835488 0.1417236747695847 0
1816 5.535538751104991 1.577141893440673 0
1817 9.898831661408153 0.3761115020885165 0
1818 2.867122894849187 0.3573849531405342 0
1819 2.04192554391835 0.9828025561163406 0
1820 0.05100372280574765 1.052191439347141 0
1821 1.038748148607581 1.788747784349 0
1822 1.61684515034296 1.023001686314589 0
1823 4.783397148943363 1.194982266717821 0
1824 2.061687894626952 0.9111454617451359 0
1825 0.9755124941480409 1.185486695179292 0
1826 9.408549574674414 1.904191505991185 0
1827 12.04699601924247 0.5505697602845807 0
1828 4.117618521094943 1.258518833752565 0
1829 2.14015614606749 1.451910631293975 0
1830 0.5550278552822847 1.944647809623449 0
1831 10.45825071127645 1.897658228305511 0
1832 1.462576428666682 1.83156012873338 0
1833 1.381528878935963 1.023797987389495 0
1834 1.787087583046146 1.174306447026611 0
1835 1.295329808849585 1.096385904541623 0
1836 9.796700755275456 1.186539113122214 0
1837 0.1651782518953513 1.49134555872151 0
1838 2.150534239975681 1.55830774255848 0
1839 12.30447140708162 1.492391252998893 0
1840 5.535999958414404 0.9964798085615917 0
1841 2.460292942964224 1.235981934743661 0
1842 8.407396900885166 1.908287073979013 0
1843 1.943148775451627 1.591908209928541 0
1844 3.271471446995768 1.929372650364363 0
1845 2.63927579787074 0.6287315545438472 0
1846 1.908739372514809 1.03762367394379 0
1847 11.77148033811755 1.19830821899677 0
1848 5.995015335145545 0.2557842692824068 0
1849 10.89825867431886 0.1173458122348506 0
1850 7.861499641599155 0.3609165646708656 0
1851 1.523082900004405 1.388857761899589 0
1852 11.59857137128986 0.458160045420952 0
1853 1.222392187545808 1.831911768325161 0
1854 3.859826848552296 0.3455502388731581 0
1855 6.734869537949881 1.264230221947441 0
1856 5.441835869069537 0.6560332579470676 0
1857 2.013695799627698 0.965404955309634 0
1858 2.734528097487791 1.612970054122104 0
1859 1.277755901225441 1.618084267067446 0
1860 2.120796523820127 1.166268798204336 0
1861 5.151885507097588 1.600189818048109 0
1862 1.879004825347484 1.341803503867963 0
1863 0.05922908981984092 1.940527734893133 0
1864 4.562070123378829 1.779772365082988 0
1865 1.101902493915624 1.100823407453993 0
1866 1.519013743250788 1.944449573218346 0
1867 1.184293618378749 1.408343062284311 0
1868 0.259268636712258 1.147988237267097 0
1869 5.829171275317838 1.735503757768245 0
1870 6.402917114957944 1.517232645822588 0
1871 0.3319882049287264 1.360840358649475 0
1872 5.887201548638935 0.7993812435436625 0
1873 0.8892178704670748 1.150490682217852 0
1874 1.73126270144721 1.28534166493533 0
1875 1.007521187320268 1.929009227863188 0
1876 2.082616221508295 1.827912626948908 0
1877 6.960757846369678 1.724336536131947 0
1878 6.896380456907572 1.094513285899137 0
1879 2.290893987681484 1.130675594142982 0
1880 1.544146960766923 1.022413878119931 0
1881 7.503588498970695 1.75844366405877 0
1882 8.039810864527185 0.3376559466526828 0
1883 1.086415160596467 1.829511399765389 0
1884 7.994328198557628 0.9156217744149475 0
1885 1.293675882722219 1.523056423637924 0
1886 7.293584839826396 0.5477793759249504 0
1887 9.931838700656961 1.630699845949817 0
1888 3.490736336047424 1.470827491485912 0
1889 4.570329720946082 1.582318448309086 0
1890 0.1494786873915741 1.94932584151657 0
1891 4.490930940558012 0.8769911117353745 0
1892 9.699999999987485 0.1013523815433386 0
1893 0.4886139431740972 1.715435787250656 0
1894 10.07374402529499 1.186744131567879 0
1895 0.6488937583003999 1.181419284193901 0
1896 2.049902396070463 0.5110056227266471 0
1897 2.713085438308803 0.9389710780898187 0
1898 2.414272203487129 1.075974103200743 0
1899 9.22284823267754 0.9829196484544436 0
1900 2.249428718159533 1.121248519700692 0
1901 1.731938365392957 1.115449682614648 0
1902 1.80820462025466 1.213762783917951 0
1903 1.627010111457357 1.536557215179945 0
1904 2.541986043405407 1.934220582057879 0
1905 8.341965984881476 1.67562438597262 0
1906 2.024535931885847 0.8642076678127317 0
1907 1.922671310748383 1.065105603334831 0
1908 3.538928344711808 1.790470481640185 0
1909 2.419026192882457 0.5682903390269998 0
1910 2.117360964245892 1.620928800919618 0
1911 3.176000221841481 0.5803030497182316 0
1912 12.90077572196858 1.900508671858881 0
1913 3.582497107437995 1.603705425334502 0
1914 6.161670915552023 1.548754490083344 0
1915 5.257478705584557 1.759833488344711 0
1916 4.716338952691265 0.3287729697015899 0
1917 0.5996584641777394 1.413971755362566 0
1918 1.350500419157487 1.030646903892302 0
1919 1.462032588367713 1.591270800701821 0
1920 2.799569298216125 1.133404242272363 0
1921 9.614549314454163 0.7055247388543695 0
1922 2.584476625111738 1.545062084416272 0
1923 1.908368702947755 1.102857222154053 0
1924 8.374984405425417 1.119715358666523 0
1925 4.963094044510001 0.5683706155208687 0
1926 7.093372230207354 1.689704576279725 0
1927 4.932353104784019 1.766048812656687 0
1928 4.874082011807671 1.815486924854916 0
1929 4.892928080437745 1.707846362092224 0
1930 4.967965239706794 1.841112709843837 0
1931 4.986811308336868 1.733472147081145 0
1932 2.144111348894064 0.4328434776287525 0
1933 2.125984760786715 0.3478370241065989 0
1934 2.176093325288739 0.370834851296203 0
1935 1.502599128506396 1.588162831044758 0
1936 1.484006996106362 1.53758671234908 0
1937 1.524573536245045 1.534478742692017 0
1938 1.44420917999995 1.553055659117025 0
1939 1.466183587738599 1.499371570764283 0
1940 2.239360165432111 0.4227700746224321 0
1941 2.221233577324762 0.3377636211002785 0
1942 3.940710372102287 1.555852586171093 0
1943 3.899028349381617 1.602274111844188 0
1944 3.880865082790595 1.504458182537527 0
1945 3.995385023394564 1.587354781519005 0
1946 3.977221756803542 1.489538852212345 0
1947 3.820323811926013 1.880464583006753 0
1948 3.76596823446723 1.828125064316922 0
1949 3.833323288193021 1.821598514613933 0
1950 4.752654035803797 1.675378406501879 0
1951 4.700963459691363 1.627581928612822 0
1952 4.762470016826958 1.598076699950967 0
1953 1.613113925880217 1.131204295924765 0
1954 1.637651846915361 1.118224411542188 0
1955 1.633543278087032 1.139919290835384 0
1956 1.818521633871548 1.235827068437668 0
1957 1.825057452965396 1.215914473832567 0
1958 1.835374466582284 1.237978758352283 0
1959 5.072476448614802 1.950633262121229 0
1960 4.975751738122829 1.936844687709689 0
1961 5.010231746645918 1.887477949830919 0
1962 12.3487717199956 1.228239740990351 0
1963 12.2543801651831 1.195240533554724 0
1964 12.30228900883693 1.112856574170146 0
1965 4.122326664917564 1.636789918684062 0
1966 4.032045705623653 1.674463974337471 0
1967 4.049154597987219 1.615994459824346 0
1968 4.671189007457842 1.771972827935047 0
1969 4.730390652316887 1.793507496551861 0
1970 4.710432181106527 1.860596689323175 0
1971 12.2184418565753 1.295306994563787 0
1972 12.17195914541663 1.179923827743582 0
1973 3.883717676318119 1.812093503998575 0
1974 3.829362098859336 1.759753985308744 0
1975 5.064689950198767 1.854901284255377 0
1976 12.54156503533069 1.616618460269397 0
1977 12.51455991002361 1.519764574323155 0
1978 12.61569109299426 1.558488621734208 0
1979 12.9001008909677 0.1998991090321267 0
1980 12.9001008909677 0.09989910903231201 0
1981 12.80010089096732 0.09989910903231201 0
1982 2.536850017034449 1.650584020654387 0
1983 2.576121991234297 1.597375375087692 0
1984 2.594035130115878 1.66013547203571 0
1985 2.841541791517669 1.934677103631145 0
1986 2.894579721661424 1.872886948181662 0
1987 2.900215450083833 1.938209844550516 0
1988 2.063419824198541 1.033890650600384 0
1989 2.054164292137054 1.025455309616387 0
1990 2.073341654912429 1.02035473350441 0
1991 10.149270859206 0.4138641658713079 0
1992 10.03329058871988 0.3833075875912446 0
1993 10.12260550205192 0.3094049284322331 0
1994 0.9863062527834781 1.27738061568742 0
1995 1.016382391297047 1.248594171901414 0
1996 1.016622907753152 1.290573958792622 0
1997 7.410279875989389 0.5608385340656276 0
1998 7.500990159784145 0.5141524773631694 0
1999 7.503207945248721 0.6162546017858339 0
2000 2.192810991814018 0.7717681769780123 0
2001 2.23774877219964 0.7689838388405442 0
2002 2.22663668336843 0.8116009356199696 0
2003 1.514532151924708 1.436380192947964 0
2004 1.545860663237448 1.403858915369293 0
2005 1.537309915157751 1.451381346417668 0
2006 7.694428800791628 1.263670168319961 0
2007 7.785268414567894 1.204272088292714 0
2008 7.790136005505971 1.2791261554781 0
2009 2.055875862356658 0.9250635206820705 0
2010 2.076526454842858 0.9321047846213217 0
2011 2.070714422572564 0.9460228435582563 0
2012 9.313008429869424 1.625522816983126 0
2013 9.398098121568269 1.685261083795961 0
2014 9.32114676970318 1.716224232746213 0
2015 4.7629022330648 1.731084054727094 0
2016 4.802145406713484 1.819707916115222 0
2017 1.047031498562698 1.447652944061888 0
2018 1.085665251311611 1.447738754548717 0
2019 1.066744952892542 1.47713148775957 0
2020 8.496519667749533 0.3908014744369258 0
2021 8.392873446674155 0.3384433352637252 0
2022 8.507925042201606 0.2942903278667005 0
2023 4.640857165250901 1.91953101035318 0
2024 4.700058810109944 1.941065678969995 0
2025 10.42181773448665 0.35504862306898 0
2026 10.50609177522718 0.3590942827858143 0
2027 10.48409958928401 0.4596203013795811 0
2028 2.713674673934629 1.257500117943202 0
2029 2.720060303913564 1.322924093820754 0
2030 2.664256795944123 1.322624597978081 0
2031 7.091741359136223 0.6618862288248705 0
2032 7.190831438148001 0.6717940490273997 0
2033 7.13823700974053 0.7548837679578451 0
2034 10.35084576693546 1.609666958172904 0
2035 10.44696602797657 1.66674565321707 0
2036 10.35767602427516 1.710317834247835 0
2037 2.035037290389433 1.156685210445544 0
2038 2.034773704925933 1.134299151930602 0
2039 2.054329165619896 1.147383710521067 0
2040 1.89035699522085 1.401143295758143 0
2041 1.884666865490866 1.432347590535883 0
2042 1.851605360558807 1.415582117058642 0
2043 12.54182854912022 1.710719659417106 0
2044 12.44069736614958 1.671995612006053 0
2045 2.960799888934054 1.938209844550516 0
2046 1.781170357500249 1.015010547860221 0
2047 1.766920358317321 1.015010547860221 0
2048 5.458170634482491 1.507223394504562 0
2049 5.473463068005119 1.591167493983474 0
2050 5.396094951382618 1.521248995047363 0
2051 5.762533853471871 1.349499398788806 0
2052 5.787683419001702 1.27859191896047 0
2053 5.857031318524919 1.312487282625976 0
2054 8.457302036277675 1.743733577040871 0
2055 8.368216663043981 1.735774020898488 0
2056 8.43105135811517 1.683583942115002 0
2057 4.085665982688475 1.549680725865597 0
2058 1.500378105545536 1.400487478955758 0
2059 1.491827357465839 1.448009910004133 0
2060 6.729156517161831 0.9558817999597187 0
2061 6.738501747941776 0.8673588344247352 0
2062 6.821096885919845 0.8902829826443787 0
2063 5.482042099743397 1.440973183892772 0
2064 5.559410216365897 1.510891682828883 0
2065 9.955430560039691 0.2033377435458232 0
2066 10.01584607548355 0.1426476592321693 0
2067 10.06704074700966 0.2181582658385158 0
2068 8.000593251036769 1.241503469585881 0
2069 7.972314120504942 1.15434653461483 0
2070 8.091931752259473 1.176121928749859 0
2071 1.997271856751925 1.529502128555727 0
2072 1.968354650371534 1.545955468831495 0
2073 1.961073987133123 1.516993608043641 0
2074 1.344529658375985 1.212553327734793 0
2075 1.310836477837038 1.213538819960881 0
2076 1.311809472409741 1.185991805155168 0
2077 1.647693640413132 1.60572078226563 0
2078 1.638391018051511 1.641905823478686 0
2079 1.600638335525399 1.621893278416622 0
2080 11.88635229058238 1.896999895488672 0
2081 11.98131090859195 1.896999895488672 0
2082 2.571733498272819 0.3185368921582401 0
2083 2.659403265020911 0.3201035068314212 0
2084 2.627582861164596 0.4037506011263625 0
2085 5.716016608607213 1.240190762720163 0
2086 5.810514073660261 1.203178646557332 0
2087 0.2573607713324143 1.950422654792129 0
2088 0.2596751296452246 1.885253426226549 0
2089 0.3027975538545814 1.93483077143442 0
2090 1.688267905597026 1.064997656396916 0
2091 1.66882703992738 1.059404598085307 0
2092 1.674045560637144 1.043406771752746 0
2093 2.463277537375206 0.3772427747103505 0
2094 2.402785619733271 0.2904575508167855 0
2095 2.479421176774567 0.3153987625596164 0
2096 7.390785796104787 0.1260504380418711 0
2097 7.285724499389755 0.2138658900419048 0
2098 7.294938703264503 0.08781545200003371 0
2099 2.44178475942857 1.606834666859986 0
2100 2.431643164867178 1.665707641107898 0
2101 2.3990944210379 1.612461962076028 0
2102 5.110097193758405 1.437530505715439 0
2103 5.199425986502183 1.427575336098936 0
2104 5.121713252743496 1.498210673488304 0
2105 1.906339764936363 1.2373443170965 0
2106 1.926180583359133 1.240949574549729 0
2107 1.905142548675001 1.262052877579648 0
2108 1.794840125977568 1.010693250056179 0
2109 1.787883360430801 1.025703797916399 0
2110 4.952170225655992 0.2905783928142901 0
2111 4.896670647085355 0.2040929129343559 0
2112 5.016784336635761 0.2327707067286253 0
2113 4.982492744093694 0.3744889938056307 0
2114 4.862379054543288 0.3458112000113613 0
2115 4.485169004956766 1.357468716192785 0
2116 4.401941508167045 1.328227767754139 0
2117 4.471122326440501 1.295819994075998 0
2118 1.567250690904428 1.621566590508686 0
2119 1.576553313266049 1.585381549295631 0
2120 5.122133494516308 1.33674947921272 0
2121 5.044420760757621 1.407384816602088 0
2122 2.109544345213293 0.9039442660080024 0
2123 2.110265199507071 0.9285922083940438 0
2124 2.090644160764986 0.9284161651114662 0
2125 12.42678575826306 1.883048405576881 0
2126 12.52859740865261 1.79639140709468 0
2127 12.51442228697657 1.913343001517799 0
2128 4.387173273356357 1.491874108154247 0
2129 4.444672452954539 1.5570884148248 0
2130 4.352040258546693 1.555748299870958 0
2131 2.257383539481954 1.807462473468527 0
2132 2.28729037202056 1.754176892550743 0
2133 2.305132557009415 1.804023729501014 0
2134 4.831547875836504 1.589976017075703 0
2135 4.779857299724071 1.542179539186646 0
2136 0.6170660536285028 1.849373939549973 0
2137 0.5802072508786085 1.820079845114333 0
2138 0.6440385681482241 1.802260989061257 0
2139 3.640428600283311 0.3719760642729296 0
2140 3.58787473007067 0.2981038994831602 0
2141 3.66522031146136 0.2810397084923048 0
2142 8.161098729089886 0.6461197159869723 0
2143 8.271219845362243 0.6802095395312973 0
2144 8.195858313803401 0.7622480071093845 0
2145 12.5080895254703 0.086416553028691 0
2146 12.52674012482575 0.2017617290577412 0
2147 12.41865059935317 0.1153451760290502 0
2148 1.799511859818205 1.231663253226193 0
2149 1.809828873435094 1.25372753774591 0
2150 7.573849966063397 0.4571286677125592 0
2151 7.480921896804064 0.4017125999923529 0
2152 7.986774598109155 1.065431026715898 0
2153 7.89543609688645 1.130812567551921 0
2154 1.10106802187726 1.416749496059859 0
2155 1.120781476207104 1.446228039757541 0
2156 7.240033192165937 0.8798307764861455 0
2157 7.321809385979162 0.8060823114099329 0
2158 7.324515489392789 0.9211214997357042 0
2159 2.01031980857934 0.9943508693856312 0
2160 2.016097108999608 1.004515878758575 0
2161 2.005777300420268 1.010165009372944 0
2162 8.442723912429742 1.286632184156003 0
2163 8.528352623038309 1.261334219891943 0
2164 8.490096240545107 1.363397241991071 0
2165 12.60808952547068 0.086416553028691 0
2166 0.3583377928823001 1.483684606947632 0
2167 0.3578482018622922 1.437920645782909 0
2168 0.3964815816993516 1.465369450867736 0
2169 12.62085685697324 0.4351439144943556 0
2170 12.50473967223354 0.4702597483434215 0
2171 12.52645353217877 0.3793564344341511 0
2172 2.327412727993944 0.8665577025199179 0
2173 2.279440522709394 0.8493402985480001 0
2174 2.319546669038602 0.8260340014544194 0
2175 10.54582333922697 0.2832957276108616 0
2176 10.60810519402434 0.3878674059214626 0
2177 9.952117944251093 0.06391356846973834 0
2178 10.06372813122106 0.07873409076243092 0
2179 3.540824532263702 0.2378802613855666 0
2180 3.516032821085652 0.3288166171661915 0
2181 1.881297713550319 1.238973462792257 0
2182 1.902335748234451 1.217870159762338 0
2183 9.420833818956208 0.5330350717068781 0
2184 9.502590062115953 0.4815572862593817 0
2185 9.520168716410648 0.5828998242388974 0
2186 11.68305542060071 0.8942781906347519 0
2187 11.6761462409758 0.9873410578884572 0
2188 11.57521934071393 0.9301570982730281 0
2189 5.370175252853274 0.3760844868842217 0
2190 5.278537477913183 0.32080733370412 0
2191 5.374431028568774 0.2786785519541476 0
2192 0.4693430070993686 1.808895526083124 0
2193 0.5340697542469812 1.826242496175018 0
2194 0.4885079892112744 1.849845825511157 0
2195 1.835305451236957 1.014698543525233 0
2196 1.822131422188192 1.014698543525233 0
2197 8.361978796419534 0.7103701226875552 0
2198 8.327219211706019 0.5942418315651431 0
2199 4.598754807786476 1.946356159395536 0
2200 4.60912817878306 1.865887169748716 0
2201 6.737420165272731 0.7623612049562261 0
2202 6.645479796514717 0.827960022271566 0
2203 1.770334487102789 1.58717357592916 0
2204 1.738912541365473 1.627659328230557 0
2205 1.71686826867656 1.585247575026298 0
2206 3.650133648201874 0.9945626035128355 0
2207 3.696195359494959 0.9412146062588273 0
2208 3.748722899980392 1.025440997139102 0
2209 4.263539327247714 1.397158111386688 0
2210 4.324262881115113 1.346829359721949 0
2211 4.35526463281591 1.440205241535665 0
2212 8.377877374933883 1.62039718100156 0
2213 8.466962748167576 1.628356737143942 0
2214 1.628194087047621 1.162202744639559 0
2215 1.652732008082765 1.149222860256982 0
2216 10.99513060212442 1.633930245729009 0
2217 10.9273921080446 1.691737218020138 0
2218 10.92455117519048 1.593216707725947 0
2219 0.7063791272710284 1.030469788314119 0
2220 0.6712295715086382 1.030469788314119 0
2221 1.852001374018145 1.013943008628046 0
2222 1.84542873383643 1.02864155215328 0
2223 1.731886342346536 1.074808990101204 0
2224 1.716170375233515 1.076318460460721 0
2225 1.729090664876749 1.061902106996458 0
2226 5.044000866768546 1.74860756096747 0
2227 5.125120463481544 1.757071784085713 0
2228 5.103543039972642 1.817000267386538 0
2229 10.99760453252571 0.8843681286936407 0
2230 11.09107428374669 0.8629061410463723 0
2231 11.10408307825672 0.9574259100843778 0
2232 0.5107853134579652 1.897715685496553 0
2233 0.4460585663103526 1.880368715404659 0
2234 3.254220619095405 0.2808222886079254 0
2235 3.351809438001103 0.2961969103520185 0
2236 3.293878010248725 0.3897541379788432 0
2237 0.5652387976406617 1.236536334082274 0
2238 0.5518493290006667 1.200019158005872 0
2239 0.5990449004396377 1.198055570181075 0
2240 11.78923043373007 0.8525651472989876 0
2241 11.6883035334682 0.7953811876835585 0
2242 4.816028268048114 0.1309502995100103 0
2243 4.747649772569691 0.2206176819599588 0
2244 4.731621504512217 0.08966738244994851 0
2245 9.429186586578789 0.952743123190263 0
2246 9.407830726729443 0.8564216631283685 0
2247 9.49694807514998 0.9118649272499381 0
2248 6.13740752986919 1.741701494341632 0
2249 6.065036177096537 1.726061464287179 0
2250 6.101681149354196 1.648271492418777 0
2251 2.447570547221584 1.18969788436255 0
2252 2.421351293755631 1.215217752272765 0
2253 2.408628898012991 1.168933701891655 0
2254 9.317095181530071 0.8198465552253645 0
2255 9.384856670101261 0.7789683592850396 0
2256 0.9541668673117507 1.301738171057541 0
2257 0.9539263508556459 1.259758384166334 0
2258 0.7345840410135797 1.046848798162859 0
2259 0.6968946717861007 1.077318586476978 0
2260 5.982792902453931 1.699266433486196 0
2261 6.018519282968926 1.792696435409051 0
2262 11.65155941548604 0.08248891849574989 0
2263 11.59166948719452 0.1839962283983835 0
2264 11.54011007170316 0.1015073099026336 0
2265 1.524293922833971 1.181091195269143 0
2266 1.518730531927673 1.206745261965844 0
2267 1.50413415202123 1.192894928238976 0
2268 1.949639439572549 1.210634692871398 0
2269 1.964562725861144 1.226939813328321 0
2270 1.942301085909091 1.232546134523504 0
2271 1.73955875045937 1.086116366336265 0
2272 1.752479040102604 1.071700012872002 0
2273 3.979687261149135 0.1195033760304971 0
2274 3.876090260706675 0.2014059765961229 0
2275 3.896402999551598 0.08190260056562583 0
2276 7.19493870326493 0.08781545200003371 0
2277 5.977103631171676 1.495808088727939 0
2278 6.046132629196859 1.556077368668313 0
2279 5.96028079855636 1.572362182423952 0
2280 1.644177902620174 1.018906856720568 0
2281 1.635724922655229 1.030407699877863 0
2282 1.625298130307906 1.011500843157295 0
2283 2.135189332481166 0.922794574917758 0
2284 2.116289148032859 0.9472664740212216 0
2285 11.19219005654103 0.8308737190836275 0
2286 11.08571151081002 0.7578159376928902 0
2287 12.61157578504639 1.913343001517799 0
2288 2.053877249939543 1.05105307275342 0
2289 2.073054612714918 1.045952496641444 0
2290 7.218960313685045 0.5632879429096878 0
2291 7.265455964289353 0.6562854820426624 0
2292 11.56160953447665 1.295100184047127 0
2293 11.69228422760324 1.292458665843384 0
2294 11.63228030556831 1.373943577022751 0
2295 11.36220978508856 0.389799004787477 0
2296 11.39207494193308 0.498194439536224 0
2297 11.29381553916331 0.4662502383105595 0
2298 8.357128707918999 1.308284426654421 0
2299 8.395385090412201 1.206221404555293 0
2300 11.06186263692644 1.58851809659262 0
2301 11.06470356978056 1.687038606886811 0
2302 0.7412731607395255 1.155023268125764 0
2303 0.7180631810889697 1.134360156118436 0
2304 0.7483095651792078 1.114360708333046 0
2305 9.594607109338146 0.437199418623757 0
2306 9.495272211883705 0.3873346660917376 0
2307 8.219054910775204 1.746245004715602 0
2308 8.139439996461444 1.796808884677763 0
2309 8.114127822707019 1.704174812695395 0
2310 8.906679713154283 1.590311514984574 0
2311 8.832423833156586 1.642664872259133 0
2312 8.799646325361078 1.569295180211161 0
2313 12.42381877307384 0.3225813101706587 0
2314 12.53993595781355 0.2874654763215928 0
2315 1.478673379133796 1.204559663439418 0
2316 1.484236770040093 1.178905596742717 0
2317 2.191107877674877 1.324356196800352 0
2318 2.179387809621845 1.347213165322967 0
2319 2.154076601486551 1.331789041266671 0
2320 1.945171450533573 1.360538336926282 0
2321 1.94944989018267 1.387634069967507 0
2322 1.919140060503813 1.390813036194158 0
2323 3.069027492160149 0.932059673387111 0
2324 3.165842461299709 0.9513433462173255 0
2325 3.095066260948352 1.004877823330852 0
2326 9.327208003621799 0.613784430304513 0
2327 9.309629349327103 0.5124418923249973 0
2328 7.324912375103136 0.7138661233243331 0
2329 7.35304125064018 0.6053600172066211 0
2330 2.167374501018517 0.8882790456835634 0
2331 2.18856051176157 0.8680593920757103 0
2332 2.202161011588101 0.8915838944775867 0
2333 0.8310335088384155 1.851370266495447 0
2334 0.7822028546296158 1.833489539342254 0
2335 0.8260641823617778 1.803987202153366 0
2336 1.208369512787242 1.686334827646234 0
2337 1.181449627667072 1.652208431809238 0
2338 1.23778551132459 1.655001986309516 0
2339 0.4309188686859506 1.435200207725686 0
2340 0.4314084597059585 1.480964168890409 0
2341 1.169860311640743 1.252145568811561 0
2342 1.145210622066291 1.244444833355279 0
2343 1.16493336995446 1.214074983005824 0
2344 6.448846840095736 1.336572719760077 0
2345 6.528095109100728 1.388994129150301 0
2346 6.467784183248577 1.441258243049994 0
2347 3.437639809684316 1.321787040882591 0
2348 3.511018784434533 1.297710995271249 0
2349 3.47327793188183 1.389046540240157 0
2350 1.173496876477072 1.506536520679842 0
2351 1.209829074201481 1.477132087925615 0
2352 1.200158105305194 1.521682941426167 0
2353 0.4841769774480508 1.209358388326024 0
2354 0.4751647066045933 1.247777290819353 0
2355 0.4412984578509535 1.218635757238306 0
2356 7.40939467232999 0.7551568465738918 0
2357 2.333381713347607 1.843149900450696 0
2358 2.363288545886213 1.789864319532912 0
2359 4.940659809366668 1.521122349708095 0
2360 4.991791816706904 1.5832870464994 0
2361 4.900067166073855 1.596243553102688 0
2362 0.05395534042445241 1.468672758693299 0
2363 0.1037962832583045 1.492911311903989 0
2364 0.0498409428338521 1.52423855321069 0
2365 7.464828657261454 1.411783051774532 0
2366 7.470589724374163 1.496145306613288 0
2367 7.389298188648213 1.437038236780161 0
2368 4.447896827223755 1.441545356489508 0
2369 4.50406806771734 1.418339226486125 0
2370 4.535976708257785 1.470008093104707 0
2371 9.0677708798891 1.730464019279209 0
2372 9.152301900568556 1.754385950850486 0
2373 9.133557848829835 1.81446336575052 0
2374 2.107355833851853 0.9711493686887138 0
2375 2.132279966825948 0.965351735212428 0
2376 1.85833482769036 1.041543056215804 0
2377 1.874663455908387 1.033333565101578 0
2378 1.870873626981129 1.046990604061289 0
2379 3.429231905592983 1.52207863645747 0
2380 3.495973301671561 1.521108085131699 0
2381 3.434468871217121 1.572359230103257 0
2382 1.80137729983444 1.064452438844679 0
2383 1.81268013540846 1.052943834370704 0
2384 1.812895350079185 1.069881955424507 0
2385 2.078995552974546 1.233026690808934 0
2386 2.112941691491996 1.232226959096258 0
2387 2.104604888185434 1.26032980526456 0
2388 0.4099007378139977 1.186127716982945 0
2389 0.386891468423529 1.142885331852064 0
2390 0.4273014593039424 1.136974469614097 0
2391 1.864668281362573 1.013943008628046 0
2392 2.464086446876081 1.570706455767243 0
2393 2.496635190705358 1.623952134799113 0
2394 0.9980038737064887 1.438615396491064 0
2395 1.016924172125557 1.40922266328021 0
2396 0.659695105937802 1.877328021611357 0
2397 0.5958637886681863 1.895146877664434 0
2398 3.365735171837082 1.346004332718259 0
2399 3.403476024389785 1.254668787749351 0
2400 8.244057329926321 0.9716056775169024 0
2401 8.236286916754864 0.8671229566654375 0
2402 8.313749843247212 0.9008205515051744 0
2403 1.206258852282334 1.254869273463783 0
2404 1.186536104394165 1.285239123813238 0
2405 1.708675897913101 1.015940247342603 0
2406 1.701100400116125 1.027252733371295 0
2407 1.691582957147536 1.011312486028693 0
2408 6.601603300369833 1.427883597859371 0
2409 6.582665957216991 1.323198074569454 0
2410 4.310216202598848 1.285180637605161 0
2411 1.57494474282032 1.238769458330913 0
2412 1.577255196255063 1.264013292908888 0
2413 1.546555716201675 1.261867597000831 0
2414 2.050615492745259 1.87327963823237 0
2415 2.025760888097496 1.913499934268942 0
2416 1.982792441399156 1.881846233161765 0
2417 2.071884988291463 1.135503674870454 0
2418 2.072148573754963 1.157889733385396 0
2419 6.560369440645269 1.754035704288634 0
2420 6.489603179651559 1.741146505230075 0
2421 6.536480617192779 1.662036177700119 0
2422 9.30259664172468 0.3923361946199403 0
2423 9.208970826390271 0.4730855532175753 0
2424 7.826847540676717 1.578731870604309 0
2425 7.831351432807404 1.651879281373927 0
2426 7.750190960682088 1.591895476427568 0
2427 11.94999999999603 0.1143816588559615 0
2428 11.84999999999565 0.1143816588559615 0
2429 5.850487546230463 0.06471590056449905 0
2430 5.792380883591321 0.1708062390840185 0
2431 5.741893337347227 0.1060903385195194 0
2432 1.44480113362128 1.699554737537511 0
2433 1.41356490422539 1.73192901383523 0
2434 1.394229391732721 1.690974008469609 0
2435 1.044604779941497 1.304977597969178 0
2436 1.014528641427929 1.333764041755184 0
2437 3.139996224365478 1.084172836538751 0
2438 3.043181255225918 1.064889163708537 0
2439 3.445317646589518 1.441975038668705 0
2440 3.383813216135077 1.493226183640263 0
2441 1.649576405851931 1.059052028078837 0
2442 1.663798750811813 1.080642912723007 0
2443 5.181463776292432 1.544222660959956 0
2444 5.092134983548652 1.554177830576458 0
2445 1.660850638338832 1.018906856720568 0
2446 1.886078555571753 1.374047562716918 0
2447 9.312162665455659 1.807173898440422 0
2448 9.227072973756812 1.747435631627587 0
2449 7.457813375355837 1.302596546794514 0
2450 7.539104911081788 1.36170361662764 0
2451 2.04153283029084 1.023612869047274 0
2452 2.02789853113185 1.029660622729124 0
2453 2.025188899999525 1.014282265064038 0
2454 12.56802657624662 1.083010866520877 0
2455 12.49134887934552 1.15270840286026 0
2456 12.47335826055053 1.076158245266389 0
2457 1.561801911157369 1.213183473840206 0
2458 1.592501391210757 1.215329169748263 0
2459 7.225326055342237 1.548559856057806 0
2460 7.287319419010792 1.560385167880686 0
2461 7.257181459643951 1.636113032536338 0
2462 2.530024019158311 0.4823984807679357 0
2463 2.464351238272939 0.5165009320824694 0
2464 2.474240313531131 0.436286437767715 0
2465 3.430224726216554 0.3368608693957671 0
2466 3.390567335063234 0.2279290200248494 0
2467 4.444202429063129 1.227874961208502 0
2468 4.52742992585285 1.257115909647149 0
2469 1.552165908648686 1.66100561502767 0
2470 1.528080886389336 1.624493885906679 0
2471 1.252193622627382 1.27558200636322 0
2472 1.23200820865945 1.258720600509738 0
2473 1.261267186251076 1.246339778407498 0
2474 0.6920741993127311 1.107389594761076 0
2475 0.6850377948730488 1.148052154553795 0
2476 4.131530818262958 1.937330807170026 0
2477 4.196910277892867 1.937330807170026 0
2478 11.85296867339589 1.455164626300736 0
2479 11.87686801506388 1.368409990258631 0
2480 11.96688168976487 1.452272557740359 0
2481 1.147496444919308 1.078343845018929 0
2482 1.167920691371009 1.061146159925386 0
2483 1.173638327490097 1.088227740014782 0
2484 1.867524598071688 1.465724889557754 0
2485 1.906276232733732 1.451286068257255 0
2486 1.848842259978388 1.361382274470057 0
2487 1.82203892732829 1.371958738624018 0
2488 1.813585697017887 1.348963190813173 0
2489 2.754207317941464 0.330228571002846 0
2490 2.698357955049687 0.2450148620347236 0
2491 10.37872954951936 1.810500859748598 0
2492 10.28260928847824 1.753422164704432 0
2493 5.341396626808381 0.1117006993870229 0
2494 5.241396626808808 0.1117006993870229 0
2495 8.713044154226369 1.54275395037075 0
2496 8.787300034224067 1.490400593096191 0
2497 4.272129319983968 1.565151600181432 0
2498 4.194576559150278 1.609044805666699 0
2499 4.21698831811482 1.534427198685671 0
2500 8.573838837119748 0.4226895832044919 0
2501 8.458787241592294 0.4668425906015167 0
2502 0.5165065477179207 1.20294976356139 0
2503 0.5503126505168968 1.164468999660191 0
2504 1.724089740090035 1.015940247342603 0
2505 2.041644003504673 1.370217744375172 0
2506 2.008881067680867 1.379253686503103 0
2507 2.008244216036237 1.348323428571699 0
2508 5.179927824256144 1.755727617539011 0
2509 5.120385651052049 1.687334911119943 0
2510 6.641296252391072 1.752161205395177 0
2511 6.594418814849853 1.831271532925133 0
2512 2.060162528349085 0.975532672929717 0
2513 2.074288697386655 0.958182990838193 0
2514 2.077238846021193 0.9704137895890315 0
2515 9.457002344275768 0.7249605384372189 0
2516 9.366266799076396 0.6883854305342148 0
2517 0.4661236559654872 1.288982488909045 0
2518 0.5090021755625845 1.279705119996763 0
2519 1.279784446044901 1.225089240821119 0
2520 1.312504632011144 1.251650763400743 0
2521 2.511241580630883 0.2317516682646751 0
2522 1.668360020169239 1.662488778727543 0
2523 1.621304715281506 1.678661274878535 0
2524 1.67784639905653 1.277688968616558 0
2525 1.66552630879788 1.295788905281345 0
2526 1.651454628184784 1.266762848727338 0
2527 5.95604282180012 1.640017399724545 0
2528 5.887013823774938 1.579748119784172 0
2529 1.371368390346531 1.480412187714064 0
2530 1.33603672880942 1.464063143816089 0
2531 1.358695339668026 1.437268812938195 0
2532 3.060492658539022 1.228174316038605 0
2533 3.133128542033582 1.22824857032018 0
2534 3.10550998192956 1.31223870944235 0
2535 2.630021928153941 1.355668683687137 0
2536 2.600802857174728 1.389356965759541 0
2537 2.56018235940561 1.356977075591046 0
2538 4.630738599807142 1.64360104173641 0
2539 4.614853015150761 1.691325837520842 0
2540 4.554444136289702 1.630043244093518 0
2541 8.126165800482507 0.8330331331211125 0
2542 0.2985535786092129 1.376992311960326 0
2543 0.3258463089869835 1.40853808025614 0
2544 0.2924116826674701 1.424690033566991 0
2545 11.44011007170278 0.1015073099026336 0
2546 7.819829019117757 1.140497572302827 0
2547 7.834289496721969 1.051582064403895 0
2548 2.091510052387131 0.9744408929180324 0
2549 2.07738388334956 0.9917905750095564 0
2550 2.287620140211759 1.053237741179056 0
2551 2.322287027545315 1.065762538035777 0
2552 2.309409720223099 1.095917949541328 0
2553 6.644906893479519 1.914698517015838 0
2554 6.719893859874091 1.914698517015838 0
2555 1.001502955175268 1.090029796368712 0
2556 0.9921445079978671 1.06037090603365 0
2557 1.027152372599235 1.073512594787122 0
2558 5.574927739108475 0.2730681910866441 0
2559 5.654642769865832 0.3325071244413916 0
2560 5.545783834266223 0.3933946384889969 0
2561 4.351689901494623 1.208967599956505 0
2562 4.407997500906972 1.170263515527656 0
2563 0.363990097804035 1.390222924176244 0
2564 0.05395534042445241 1.418672758693299 0
2565 0.6748961912073886 1.621522640451663 0
2566 0.6312739504542861 1.646358276316672 0
2567 0.636603544737704 1.591301917597591 0
2568 7.863657065687796 1.302507121794136 0
2569 7.772817451911529 1.361905201821383 0
2570 1.327656152126211 1.851296904347168 0
2571 1.283124415181049 1.828982097585763 0
2572 1.332323548327495 1.802697007102945 0
2573 7.13622281527125 1.571817738389246 0
2574 7.16636077463809 1.496089873733595 0
2575 4.548499626792502 0.5533040231232899 0
2576 4.606358671640456 0.4742551218698948 0
2577 4.661217580833046 0.5414007615760759 0
2578 3.088692671498702 0.3860787175948875 0
2579 2.982993445728302 0.3178617389588134 0
2580 3.090589965572626 0.306162537598676 0
2581 2.619252413195778 1.429038078387212 0
2582 2.549412844447448 1.430346470291121 0
2583 4.063250696656673 0.3862381882960366 0
2584 3.96469865444598 0.3318387041860991 0
2585 4.057926564514904 0.2934062361709316 0
2586 1.215332415906029 1.225627045508061 0
2587 7.92746073763165 1.568286719137149 0
2588 7.846300265506333 1.50830291419079 0
2589 3.061778567699991 0.1989317930991461 0
2590 3.167477793470391 0.2671487717352203 0
2591 2.70358185563751 0.7872319970103505 0
2592 2.705782026785843 0.8408963847587502 0
2593 2.642037948120794 0.7947292689093128 0
2594 10.32243903474937 0.9089246978305604 0
2595 10.39104796880468 0.8918712788772029 0
2596 10.37672631572308 0.9914267242585604 0
2597 4.261451801177627 0.2957356755075957 0
2598 4.353625523002755 0.3419083039201342 0
2599 4.248652328550725 0.3939783486934076 0
2600 4.767460929125674 1.941065678969995 0
2601 4.835378371326723 1.941065678969995 0
2602 6.063314642125 1.909745733105017 0
2603 6.136051341246709 1.909745733105017 0
2604 10.50179937520783 0.7455148133620935 0
2605 10.43248303766503 0.830677110976267 0
2606 10.40607702537377 0.7242069548350294 0
2607 0.3623995795111316 1.111350160828296 0
2608 0.3449988580211868 1.160503408197143 0
2609 4.207148106718801 0.244261828201246 0
2610 4.31212130117083 0.1921917834279725 0
2611 0.771485012446984 1.035953799276895 0
2612 0.7620005569620563 1.082802597439754 0
2613 4.814491479431565 1.133057211829233 0
2614 4.710263717561214 1.150068680270262 0
2615 4.741358048049417 1.088143625381674 0
2616 7.357117039536714 1.584669417989067 0
2617 7.325261635235 1.497116241510536 0
2618 4.573248885990795 1.385931452807984 0
2619 1.066316645805865 1.323748144201892 0
2620 1.068410912131088 1.28055806123933 0
2621 2.135379646962675 1.228914887824077 0
2622 2.109770311751787 1.201611773368451 0
2623 4.880642379027881 0.07314261342434553 0
2624 1.973850647720981 1.575186099636061 0
2625 1.937652778102179 1.562677579123975 0
2626 0.8496656375433578 1.235159613966218 0
2627 0.886011010616333 1.204493007853751 0
2628 0.8805024134408729 1.242216855070512 0
2629 3.65108608856379 1.792162541563621 0
2630 3.716072475515507 1.818391493070257 0
2631 3.687982371248505 1.860762181203107 0
2632 6.623300899294617 0.2595159451304103 0
2633 6.708135893557055 0.2696300200184754 0
2634 6.642234779223525 0.3650077423901789 0
2635 0.3644465771155268 1.851080199144052 0
2636 0.3243285214729204 1.826298988679161 0
2637 0.3836631864210554 1.807717644954372 0
2638 10.48677031863874 0.9131791374042668 0
2639 4.934178403689689 1.094611623512268 0
2640 4.977433189170661 1.175452628052229 0
2641 4.888840595400739 1.151973161480607 0
2642 4.640554580830303 1.566299335185498 0
2643 4.617067820201765 0.7254205744212077 0
2644 4.67917199385752 0.678717306358839 0
2645 4.692881278074193 0.7836882179505758 0
2646 5.765264649460321 0.2408069165431837 0
2647 5.873858858343558 0.1994324785881634 0
2648 1.978412253986707 1.238281423043878 0
2649 1.985750607650165 1.216369981391773 0
2650 2.738986751942976 1.380218226949856 0
2651 2.788404629933481 1.315093746914978 0
2652 3.551789402196445 0.9926074346908709 0
2653 3.604316942681878 1.076833825571146 0
2654 0.1864053491277855 1.680871080906717 0
2655 0.1570485700403774 1.72566739994736 0
2656 0.1312589934767915 1.688968474312468 0
2657 3.737055529924304 1.248728543184259 0
2658 3.64632142916054 1.237353984159952 0
2659 3.697363062482751 1.190599323330083 0
2660 5.486201779383138 1.925836421762518 0
2661 5.556755748371298 1.925836421762518 0
2662 10.91546244535243 0.3923909045263648 0
2663 10.97346297800858 0.3272672137006426 0
2664 11.00762362940666 0.4360080827665818 0
2665 12.88803582281078 1.142547590249153 0
2666 12.88803582281078 1.0425475902489 0
2667 0.5824210472592304 1.316695079601296 0
2668 0.5487531416407913 1.334148005138185 0
2669 0.5336290305419175 1.303457392549566 0
2670 6.251312264430505 0.303052202819233 0
2671 6.32744462080116 0.3511230784315732 0
2672 6.210787400077733 0.3856703339132231 0
2673 11.69758118701817 1.441335289380609 0
2674 11.56690649389157 1.443976807584352 0
2675 2.03034405003597 1.042297320944772 0
2676 2.014000119744655 1.032966716961536 0
2677 12.92708577923986 1.244719325405722 0
2678 12.81512160205063 1.187266915656981 0
2679 9.161286004816077 1.663436285156276 0
2680 1.980931696962696 1.386372275911739 0
2681 2.014331484431132 1.408266591715212 0
2682 5.726022959455898 0.2893521383093092 0
2683 5.696879054613646 0.4096785857116621 0
2684 4.841570431059758 1.877910366679684 0
2685 4.90731497642091 1.936844687709689 0
2686 6.176506789368622 1.394932997218904 0
2687 6.152015151913704 1.46779278400121 0
2688 6.087447099267093 1.406663488189994 0
2689 0.1373356374479105 1.771672694979546 0
2690 0.1924819930989045 1.763575301573794 0
2691 2.293752059628204 1.63171128743696 0
2692 2.35475593870396 1.632948638265834 0
2693 2.327948947400752 1.670097585495065 0
2694 1.407398679710612 1.09194406415089 0
2695 1.381443318675334 1.084070133564235 0
2696 1.400732270246126 1.066128631309063 0
2697 4.787260773915198 1.469937079066105 0
2698 4.817775167447488 1.403699159691453 0
2699 4.879449552265907 1.46784093693673 0
2700 1.708539015625187 1.665377143370499 0
2701 1.762005234051416 1.667303144273361 0
2702 1.469907730551031 1.260958742354881 0
2703 1.458900175410658 1.287830576768843 0
2704 1.434876696173933 1.268724882580531 0
2705 4.971174202898956 1.454884430333442 0
2706 4.98321050365686 1.354103403830724 0
2707 2.078983368590695 0.233093272032702 0
2708 2.078983368590695 0.3086342888655065 0
2709 2.201825368610209 1.432581471976066 0
2710 2.183785186195931 1.457951953840788 0
2711 2.158196328481768 1.426540149429253 0
2712 3.765119601500674 0.9116103977948264 0
2713 3.666530349722156 0.8807320041685598 0
2714 4.141433327357508 1.499223770679344 0
2715 4.218986088191198 1.455330565194078 0
2716 3.331466713950859 1.527919585934811 0
2717 3.347552454947394 1.447815988146045 0
2718 1.840067594413826 1.136467177691444 0
2719 1.847707117615451 1.123504005331066 0
2720 1.860105928165978 1.140349919440684 0
2721 5.820544718013027 1.572269617617692 0
2722 5.741480489963276 1.552481960742287 0
2723 5.812187572481426 1.492305245608173 0
2724 6.187406644271283 0.2396615665352337 0
2725 6.30406386499471 0.2051143110535839 0
2726 1.573673462651703 1.292325603855211 0
2727 1.602062489270349 1.269227465185294 0
2728 3.129846935198019 1.435677259065203 0
2729 3.123446485781038 1.366539239791364 0
2730 3.184546314841099 1.381450982997764 0
2731 0.4004375758431238 1.878812016257416 0
2732 0.3411029108949888 1.897393359982204 0
2733 2.159296522164783 1.377907838676909 0
2734 2.196327798353108 1.37047499421059 0
2735 7.094938703265356 0.08781545200003371 0
2736 7.105504377240786 0.2004977948328189 0
2737 7.010565673956672 0.1126823428327852 0
2738 7.422930131482055 0.926357930551568 0
2739 7.341153937668828 1.000106395627781 0
2740 3.414195795356209 1.95629384114284 0
2741 3.408100816012698 1.877720245459444 0
2742 3.456262681402757 1.921426404316604 0
2743 1.162859802884934 1.320749363509794 0
2744 1.199258343526525 1.323473068162017 0
2745 1.126823949883101 1.266980983776763 0
2746 1.121897008196819 1.228910397971026 0
2747 4.32962849958215 1.630365906851985 0
2748 3.796402999552025 0.08190260056562583 0
2749 1.928067149429734 1.033772378175894 0
2750 1.938302742671594 1.026050721700326 0
2751 1.939162357832658 1.038509307632647 0
2752 3.143265582220918 1.705226522269633 0
2753 3.085867579965743 1.754032989355889 0
2754 3.064991489815565 1.699560627252683 0
2755 8.704899227241352 0.3768232490273497 0
2756 8.733186666814103 0.4783488944142546 0
2757 8.639858702849736 0.448174112426806 0
2758 0.2140395212200661 1.320694014742351 0
2759 0.2616413501251287 1.348843207022799 0
2760 0.2175171233846369 1.364995072990729 0
2761 8.536400814990309 1.775745268310511 0
2762 8.47356611991912 1.827935347093997 0
2763 4.536135378492869 1.068129379170155 0
2764 4.568820157327272 1.147162985301178 0
2765 4.467825249641075 1.11013727064863 0
2766 8.050804705322527 1.313940847079028 0
2767 7.931187073567996 1.292165452943999 0
2768 10.24347668175501 1.379256602438026 0
2769 10.21868451234364 1.464682905644884 0
2770 10.15783735753006 1.397458246257854 0
2771 7.622708292358555 1.404707178556503 0
2772 7.615693010452938 1.295520673576485 0
2773 1.231927503673291 1.725538445370245 0
2774 1.175591620015773 1.722744890869967 0
2775 7.144280163091375 1.656996148496591 0
2776 7.085314882387229 1.60452616617238 0
2777 1.788988884435339 1.070927879864622 0
2778 1.788773669764615 1.053989758810819 0
2779 1.860829929783386 1.114868081230947 0
2780 1.840791596031233 1.110985339481707 0
2781 10.86453830531799 0.4763191147670628 0
2782 10.83037765391991 0.3675782457011236 0
2783 4.291326260523366 1.704018573026292 0
2784 4.371237199086092 1.694615272715818 0
2785 6.590378453325466 1.021824870471893 0
2786 6.687838106325754 1.027826546838136 0
2787 6.631655180467456 1.116693765569954 0
2788 1.294927038649281 1.163583851057719 0
2789 1.328620219188228 1.16259835883163 0
2790 1.005203530442811 1.374176398320564 0
2791 1.054231155299021 1.383213945891388 0
2792 1.991145258299088 1.961033264599168 0
2793 2.058968309645192 1.952466669669774 0
2794 0.8052815153788581 1.035953799276895 0
2795 1.773846103210401 1.712128362633218 0
2796 1.786606741542854 1.759686887445666 0
2797 1.744392346643584 1.75257948422575 0
2798 1.13460230661112 1.514152336213396 0
2799 1.144273275507407 1.469601482712844 0
2800 10.6846247041424 0.2293368526439713 0
2801 10.80135722210751 0.2151274450009292 0
2802 10.76456927598924 0.2978594431034678 0
2803 0.6147382854726309 1.688867471175708 0
2804 0.6383731811611504 1.72477294689818 0
2805 0.5835448697098105 1.737061418903144 0
2806 1.597965154132455 1.401573096470037 0
2807 1.57332856919514 1.384056832997932 0
2808 1.602655296857104 1.366769860628972 0
2809 4.37531272207257 1.091229909396633 0
2810 10.7136451359548 0.3817876533441658 0
2811 11.23591497862467 0.5516796869447056 0
2812 11.20604982178015 0.4432842521959586 0
2813 1.138999598108038 1.580980457835237 0
2814 1.089228089996368 1.574548916817414 0
2815 1.114054399469115 1.54465583316257 0
2816 2.364897533265352 1.574075664017922 0
2817 11.8557255158629 1.542607775952319 0
2818 11.76571184116191 1.458745208470591 0
2819 3.22263984589921 1.239713176509607 0
2820 3.177622522508673 1.155648783105863 0
2821 5.17753858441754 0.2713287926913027 0
2822 5.173282808702041 0.3687347276213767 0
2823 4.563326866929062 0.7892535940311197 0
2824 4.54961758271239 0.6842826824393831 0
2825 11.10542841390798 1.244437686938768 0
2826 11.06084960637246 1.166723142121503 0
2827 11.15967392103041 1.178977834061587 0
2828 1.261353974394398 1.938790997414993 0
2829 1.314680042638505 1.897478677225191 0
2830 1.297576998053138 1.958687679810198 0
2831 3.61633540161707 1.330226849321472 0
2832 3.576642934175517 1.272097629467296 0
2833 7.015062956569807 1.931545480584081 0
2834 7.03753182076759 1.876390855313724 0
2835 7.090307615792759 1.944845374729643 0
2836 0.5764456390029462 1.658646748321635 0
2837 1.707932975251627 1.881987163086501 0
2838 1.677465967497777 1.916411284083207 0
2839 1.643079002923993 1.879309264591712 0
2840 6.276894609403827 1.533625202976401 0
2841 6.321995978486588 1.486647469426354 0
2842 6.357815745875183 1.564210379372635 0
2843 1.684383370580035 1.247290810759282 0
2844 1.698455051193131 1.276316867313289 0
2845 8.062402960472916 0.6130196367960381 0
2846 8.137764492031758 0.5309811692179509 0
2847 5.295922281673633 1.462780199720126 0
2848 5.28430622268854 1.402100031947261 0
2849 8.039403370899912 1.678839016579643 0
2850 8.119018285213672 1.628275136617482 0
2851 1.884953781336997 1.053819305682177 0
2852 1.868625153118971 1.062028796796403 0
2853 1.473977372101759 1.019478721060802 0
2854 1.453689001736387 1.019478721060802 0
2855 7.936617378243984 1.75543455722915 0
2856 7.982314355748489 1.818354829309659 0
2857 7.884418825599214 1.819050693881253 0
2858 2.316832072217741 0.7843712860559671 0
2859 2.364804277502292 0.8015886900278849 0
2860 3.271012574852766 0.8619866492387682 0
2861 3.340543738431335 0.8068178838497622 0
2862 3.367735774266324 0.8653574587018007 0
2863 7.575684361728237 1.563578150900933 0
2864 7.645903630769402 1.494819093632804 0
2865 7.675467799510235 1.587507122926078 0
2866 3.541004811978004 1.204838130109729 0
2867 1.315611966110829 1.389862688086762 0
2868 1.281094216859481 1.411561742147677 0
2869 1.273342504839395 1.38050466119422 0
2870 0.9817716886063704 1.477957754399566 0
2871 0.9516643621692296 1.439527473617889 0
2872 3.729071951782514 1.759525424677437 0
2873 5.228563165725244 1.320152383623125 0
2874 5.325059460896693 1.355357247244315 0
2875 2.007963390496726 1.107500235401021 0
2876 2.020078355708577 1.123212397009236 0
2877 2.00336686448362 1.127888490246865 0
2878 1.06804269395501 1.22847172856165 0
2879 1.037494380141553 1.219702302218392 0
2880 1.058838027829842 1.186386515773426 0
2881 0.5163599852514929 1.543844800170489 0
2882 0.548023839234292 1.523397801491228 0
2883 0.5635524249578973 1.552853071729196 0
2884 4.706150579919785 0.6064677448149161 0
2885 4.76400962476774 0.5274188435615209 0
2886 7.724121814403413 1.125041585144688 0
2887 0.5638794357456504 1.370562169579003 0
2888 0.5150874190283374 1.357324482527273 0
2889 1.954900306932936 1.416646975179616 0
2890 2.484729577923885 1.200143860738899 0
2891 2.472007182181245 1.153859810357789 0
2892 4.730799324386915 1.22606761670872 0
2893 4.657665893004766 1.181154030261161 0
2894 4.781964037792213 0.6647353883442841 0
2895 2.225979532888756 1.644375554477328 0
2896 2.209235200210238 1.590274523334268 0
2897 2.250200735646478 1.614759203523132 0
2898 5.039614029487568 1.21234744009163 0
2899 5.097827065746182 1.147025492228921 0
2900 5.114670097774139 1.241281842236661 0
2901 1.08483079849945 1.507720795195572 0
2902 1.612435081643801 1.217811522278726 0
2903 1.641403236331992 1.200985744238644 0
2904 1.6346123775619 1.224089376198889 0
2905 7.832194523688929 0.7012796040430567 0
2906 7.842755580505032 0.6215680784947784 0
2907 7.92027740004386 0.7054117475138018 0
2908 8.602126276692497 0.5242152285913969 0
2909 6.770433244303823 1.05075069505778 0
2910 7.873364930448371 1.697423048675705 0
2911 7.971260460597646 1.696727184104112 0
2912 1.264013438259725 1.435504267417303 0
2913 1.306282899531158 1.444862294309846 0
2914 7.771086284851889 0.1018285734935768 0
2915 7.671086284851509 0.1018285734935768 0
2916 4.654045459704317 0.3944054943414482 0
2917 4.541327505663773 0.4063087558886622 0
2918 0.3050972632598438 1.242943616024963 0
2919 0.3200419247298377 1.201571490538024 0
2920 0.3545460854635905 1.23341070470785 0
2921 3.745379175966911 1.140381438373751 0
2922 3.654645075203148 1.129006879349443 0
2923 1.670565292004719 1.103967444591142 0
2924 1.65131465792927 1.103614874584671 0
2925 1.981522616118454 1.055990322262112 0
2926 1.99609210476431 1.064802380702549 0
2927 1.985009892384506 1.068307714132047 0
2928 2.570893641289218 0.8767016307074268 0
2929 2.560036902720793 0.9231873772841531 0
2930 2.523606322568379 0.87441458157048 0
2931 2.174434378515575 1.661621147765217 0
2932 2.140607861912264 1.662140111080794 0
2933 2.151187480849203 1.620409837604042 0
2934 10.05780960086026 1.912975934645892 0
2935 10.14580383848029 1.912975934645892 0
2936 1.483742018702794 1.311046485135879 0
2937 1.448710984325696 1.318812625361529 0
2938 2.120017268073272 1.690015819829064 0
2939 2.0967703704069 1.648804509667889 0
2940 11.79137247572981 1.917945658520097 0
2941 11.83923327136497 1.81494555400877 0
2942 1.28003828403211 1.287958271561533 0
2943 1.250779306440484 1.300339093663772 0
2944 2.155997894288783 1.051766729580771 0
2945 2.14128678956844 1.034476506958599 0
2946 2.170543321896321 1.034433589315214 0
2947 5.190511662910263 0.6871190511061027 0
2948 5.089778873281057 0.6787534451272724 0
2949 5.167754889040191 0.6243821600178547 0
2950 6.193925797371814 1.116341062104266 0
2951 6.11413429055251 1.130283449914737 0
2952 6.140445377573778 1.052652536762483 0
2953 5.089136877596645 0.5535005270291153 0
2954 5.189869667225851 0.5618661330079455 0
2955 10.09222288671966 0.6107477896411773 0
2956 10.16730357837267 0.5305432235193301 0
2957 10.19957051921837 0.653524188130188 0
2958 3.121271933372177 0.4489862727793316 0
2959 3.013675413527853 0.460685474139469 0
2960 0.2950759764446422 1.332691253711948 0
2961 0.2988825859770773 1.289662489484605 0
2962 0.3357948144611615 1.317811594422132 0
2963 1.81514296998168 1.025391793581412 0
2964 1.808541581114632 1.010693250056179 0
2965 10.91792818422682 0.9735624805826106 0
2966 10.90491938971678 0.8790427115446049 0
2967 6.563980081733717 1.916573015909295 0
2968 2.105250460123329 1.15613924796956 0
2969 2.104064440050618 1.185596321422484 0
2970 2.088518376353819 1.175466771187708 0
2971 2.469580568391288 0.5654516570548449 0
2972 2.413796862764108 0.5193396140546243 0
2973 9.979393803641059 0.431939163559418 0
2974 9.952728446486978 0.3274799261203432 0
2975 1.941103869647728 1.257254695006652 0
2976 4.921029663339953 1.317208591791323 0
2977 4.994276221198617 1.269708978059969 0
2978 6.493308104373561 0.3975537759529081 0
2979 6.398592954469983 0.3543594158706428 0
2980 6.462684635057509 0.3116993074198484 0
2981 1.410206386418661 1.484229187184199 0
2982 1.387547775560056 1.511023518062093 0
2983 1.395245890238249 1.045364414769102 0
2984 1.421201251273527 1.053238345355757 0
2985 1.095447630420726 1.024996435463529 0
2986 1.067674061941894 1.024996435463529 0
2987 1.424910972389502 1.455543335110709 0
2988 1.441090357603027 1.486154665458738 0
2989 2.202522962656981 0.8428747573135856 0
2990 2.167736452087397 0.8395699085195624 0
2991 0.4249111821816617 1.046866042241608 0
2992 0.3837856081122248 1.046866042241608 0
2993 7.733084189690498 0.6950911704772047 0
2994 7.810606009229326 0.7789348394962282 0
2995 10.87847492050841 0.781299936880917 0
2996 10.79879857220952 0.870494288769887 0
2997 5.696053570741869 1.594591602048571 0
2998 5.687696425210268 1.514627230039052 0
2999 8.769873020492156 1.685572928885024 0
3000 8.876906408285361 1.706589263658438 0
3001 10.18302101749577 0.2487148441185791 0
3002 4.486029246371322 0.6292393965594145 0
3003 4.432288293098621 0.6930724161693267 0
3004 9.240931419060765 0.8513387808882318 0
3005 9.281458735417896 0.9401097537615686 0
3006 9.182320916320407 0.8941486755811068 0
3007 6.314805378129409 1.422449563344946 0
3008 6.395726514600765 1.45303473974118 0
3009 1.634709470658571 1.244789033150761 0
3010 1.663677625346763 1.227963255110679 0
3011 0.594098791462649 1.574271813256267 0
3012 0.5624349374798499 1.594718811935528 0
3013 8.158793077183598 1.558494639715033 0
3014 8.204568333771611 1.485998761494555 0
3015 8.239517993608796 1.581115054512755 0
3016 2.07580560054908 0.9074568422352803 0
3017 5.048981375138583 1.598422460385726 0
3018 5.00838873184577 1.67354366378032 0
3019 1.48088817370944 1.470685718690793 0
3020 4.020677198950221 0.5602478104771083 0
3021 4.120664671630453 0.5767143058846773 0
3022 4.040605385264007 0.6329037798400651 0
3023 10.25435876410971 1.292996663858732 0
3024 10.31520591892329 1.360221323245763 0
3025 6.980207415946261 1.50972743218792 0
3026 7.023978795096483 1.565984950890789 0
3027 6.926928676475639 1.556364627013674 0
3028 3.044092339015291 1.788774431500372 0
3029 3.122366431420644 1.794440326517322 0
3030 1.630155618093579 1.065400013105109 0
3031 1.635183907209145 1.044161698467409 0
3032 3.556300829197718 1.127051710527478 0
3033 3.490676679456734 1.152665076331432 0
3034 11.56757660404588 0.2649714831954736 0
3035 11.67902594782877 0.2459530917885899 0
3036 4.114036238204522 1.079520153642471 0
3037 4.160873275768268 1.004657393127362 0
3038 4.212245535791451 1.0705370009337 0
3039 6.211013800955611 1.705619231380996 0
3040 6.174368828697952 1.783409203249398 0
3041 1.92251424804362 1.697026895064237 0
3042 1.963702910360857 1.666901146361199 0
3043 1.956400384185311 1.705866135714143 0
3044 5.641893337347653 0.1060903385195194 0
3045 2.889026373886233 0.246542742584375 0
3046 2.926006817325706 0.297665256051568 0
3047 2.830142451409713 0.3062624396733413 0
3048 12.54771344397012 1.219345598050764 0
3049 12.45304512827402 1.212492976796276 0
3050 6.459874862268984 0.08450916736711102 0
3051 6.443859604854048 0.2187616410359026 0
3052 6.383984742568868 0.1342524736687915 0
3053 6.538574754757626 0.2619560011181679 0
3054 6.366554617111182 1.293886231662546 0
3055 6.426865542963333 1.241622117762852 0
3056 1.369924223804744 1.774180049315839 0
3057 1.420495965693304 1.782760778383741 0
3058 1.648768005966186 1.956866692794209 0
3059 1.71362197829382 1.959544591288998 0
3060 3.430151729222438 1.195724376417855 0
3061 3.445447746442153 1.117937956835604 0
3062 5.180346530774923 1.271427531350011 0
3063 5.221099768983075 1.224684746647065 0
3064 0.8087123357559243 1.763562271799756 0
3065 0.857542989964724 1.781442998952949 0
3066 5.7075122428512 1.942799067318299 0
3067 5.749695682744341 1.876682911809218 0
3068 5.78040652519366 1.933883844490919 0
3069 6.685212132496548 1.451578847382691 0
3070 6.630641284380285 1.517374901963538 0
3071 1.746044906804197 1.099228535860855 0
3072 1.72545220904813 1.102337513090058 0
3073 2.191735055895782 0.6840352703142052 0
3074 2.16067503932723 0.7142356071376783 0
3075 2.148487014577785 0.6691197972532967 0
3076 0.9555774189663956 1.622193943675579 0
3077 0.9530469434070155 1.678943981979245 0
3078 0.9229735460069746 1.652887258889745 0
3079 2.103129560819485 0.6561061377403079 0
3080 2.134189577388037 0.6259058009168348 0
3081 2.653239664998281 1.656050299631469 0
3082 2.613967690798432 1.709258945198165 0
3083 8.084068625376489 1.533158843599281 0
3084 2.044416061814869 0.5884525870566231 0
3085 2.044416061814869 0.6328557142603446 0
3086 7.722491730140552 1.428636150581648 0
3087 12.39186200817753 1.069266612003035 0
3088 12.46853970507863 0.9995690756636524 0
3089 2.070394527719098 1.111342023925415 0
3090 2.088213935854165 1.121848046789745 0
3091 0.9236503710748256 1.390146629276859 0
3092 0.9252549397221714 1.422694394370094 0
3093 0.8810087635276492 1.412655907937567 0
3094 12.70947212198612 1.913343001517799 0
3095 12.70831325931717 1.814360345235823 0
3096 12.80155144393716 1.901017343718024 0
3097 2.587150419054632 0.7844968580773335 0
3098 2.53842180436502 0.760749928471699 0
3099 2.591109162282849 0.7173179515552787 0
3100 11.64006476389154 1.0624916917937 0
3101 11.74790084377832 1.026612784155424 0
3102 4.431170337178732 0.5620937568532336 0
3103 7.032036142916608 1.651163360998134 0
3104 1.243721673055032 1.525867273023308 0
3105 1.207389475330623 1.555271705777535 0
3106 1.616304134896876 1.036755684904135 0
3107 0.7126794108353016 1.590172003331313 0
3108 0.7073498165518839 1.645228362050393 0
3109 0.3387885525821784 1.962562588547784 0
3110 4.50701169848031 0.9975504710040961 0
3111 4.608006606166507 1.034576185656644 0
3112 7.297295054870861 0.3137205440097091 0
3113 7.394816841377426 0.3554186428633527 0
3114 7.310540304018248 0.4170383107893195 0
3115 3.769738632378582 1.319868320452805 0
3116 3.801343486776359 1.391737355021085 0
3117 3.71761875099987 1.367352238582408 0
3118 6.185991062372783 1.845224846585292 0
3119 6.221279846007961 1.935479113480275 0
3120 12.02830793705053 1.811634559318114 0
3121 12.07540575942494 1.914634663829441 0
3122 10.30570594935117 0.6913444372287718 0
3123 10.23062525769816 0.7715490033506189 0
3124 7.554425809651272 1.162280562780939 0
3125 7.454412047670479 1.199542142852186 0
3126 7.47674822814558 1.109305593985503 0
3127 1.262846211980503 1.480541664125707 0
3128 1.237657529308825 1.447241111963537 0
3129 11.48811448154051 1.106543038359146 0
3130 11.5949618088003 1.118417619197247 0
3131 11.51476612925179 1.20174069202966 0
3132 7.467676647656678 0.2983948332127425 0
3133 2.070962553682252 1.18734680683832 0
3134 1.829719138828851 1.754490022736782 0
3135 1.800265382262033 1.794941144329314 0
3136 2.361996108012265 1.711036542453585 0
3137 2.300992228936509 1.709799191624711 0
3138 7.309736880872176 1.070718569434333 0
3139 7.271632511571163 1.144937661009712 0
3140 7.20463492627855 1.069089056387295 0
3141 6.423420425728046 1.710116175759438 0
3142 6.447309249180536 1.802115702347952 0
3143 7.533243687181629 1.65043458987771 0
3144 7.503679518440796 1.557746560584436 0
3145 7.570935353008785 1.915456645984075 0
3146 7.649428895697575 1.915456645984075 0
3147 5.108731898687518 1.644434447857377 0
3148 3.922600929776273 0.9869558004679772 0
3149 4.000302357411796 0.9538910335158048 0
3150 3.984962550545817 1.046705312788304 0
3151 1.850583698351153 1.233491067006758 0
3152 1.844047879257306 1.253403661611859 0
3153 10.73051005317413 0.5218909674557788 0
3154 10.82444408677251 0.5382506972636001 0
3155 10.77550062606117 0.6086352087775573 0
3156 1.986180310688421 1.081622598289717 0
3157 1.971610822042565 1.07281053984928 0
3158 8.985950618078238 1.089045295499531 0
3159 9.011134325146939 1.174664419590951 0
3160 8.931990980587104 1.142240845572353 0
3161 6.619618172961713 0.4436867419342724 0
3162 6.604144003502735 0.5474427224202725 0
3163 6.541925615502109 0.4586496479881138 0
3164 1.562563926235275 1.056858249016767 0
3165 1.562748239890387 1.03926333210816 0
3166 1.580851873350803 1.044279951546733 0
3167 5.441598685015867 0.07896626452777894 0
3168 5.38299531183617 0.1906669639148019 0
3169 4.626608801023515 1.742328000123361 0
3170 4.550314337506075 1.728770202480469 0
3171 7.428149049827555 1.583001745590065 0
3172 4.670685341082699 1.038095182810294 0
3173 4.77491310295305 1.021083714369266 0
3174 3.847679143078405 1.140871981047434 0
3175 3.804961155798801 1.079279537066794 0
3176 10.37502228689398 0.6061821396145983 0
3177 7.96415599515751 1.431230296580388 0
3178 8.052620972600085 1.413990588566989 0
3179 8.035378439903839 1.480618054710231 0
3180 1.838561155527021 1.151201565852941 0
3181 1.826162344976493 1.134355651743324 0
3182 2.35211871709007 0.1868268772507484 0
3183 2.396579587003448 0.1290344637430749 0
3184 2.463390129046009 0.170821125158378 0
3185 0.9854973471176161 1.869675687435014 0
3186 0.9565330871910687 1.838386320547323 0
3187 0.9975075126557665 1.823136905934061 0
3188 7.995603647933914 1.55039855161268 0
3189 11.54629989606711 0.7294624924148703 0
3190 11.47717265478372 0.81452114471477 0
3191 11.441344030512 0.7068894061103175 0
3192 2.04700139219602 0.3706429151980561 0
3193 1.013229264227531 1.623278089131319 0
3194 0.9814169661654117 1.59521496398621 0
3195 1.008995414026506 1.570242386352449 0
3196 11.93859771715721 1.666513492379904 0
3197 11.87051490194091 1.736768940753169 0
3198 11.87489953288058 1.609282642155729 0
3199 1.957506705915662 1.077430734421913 0
3200 1.956336287611747 1.064115850264243 0
3201 9.718697776129268 1.914365840643784 0
3202 9.805361624372036 1.914365840643784 0
3203 0.8923725941688119 1.68064183027891 0
3204 0.894903069728192 1.623891791975243 0
3205 2.953733811153864 0.5071685875516326 0
3206 2.966830192405074 0.5708228494968972 0
3207 2.874309328157611 0.5543984077246168 0
3208 9.973616691028791 1.944027097485916 0
3209 10.01462346817375 1.857003032131808 0
3210 1.356093077706792 1.077992759175332 0
3211 1.362759487171278 1.10380819201716 0
3212 0.05095110719469168 1.716882396676556 0
3213 0.05095110719469168 1.766882396676556 0
3214 3.050810602286479 1.36646498550979 0
3215 11.48141584439562 1.010930220299996 0
3216 11.40122016484711 1.09425329313241 0
3217 0.681125264754642 1.376703348685761 0
3218 0.727177840266098 1.39436120920701 0
3219 0.697912922993943 1.409034754289822 0
3220 8.231914670634426 0.2503946214913482 0
3221 8.331470769721168 0.1971598797287298 0
3222 8.304722722039486 0.2951669304561183 0
3223 0.9193173759488834 1.24783309424725 0
3224 0.8829720028759082 1.278499700359717 0
3225 8.293317347587411 0.3916780770263436 0
3226 1.691196812804557 1.142261061197371 0
3227 1.707480630245834 1.130991286975907 0
3228 1.703211224197796 1.15496086553849 0
3229 3.22540922122277 0.1735915441083956 0
3230 2.400306376971409 1.354491410231657 0
3231 2.441915126873262 1.387420083722444 0
3232 2.406825918225563 1.4107409855995 0
3233 9.06966558194121 0.7393216150733253 0
3234 9.10677054895592 0.6332283891807564 0
3235 9.178898566977985 0.6992844768152011 0
3236 5.416176517035233 0.7188574109683728 0
3237 5.506900243205271 0.7025743866976452 0
3238 5.481240891170966 0.7653985397189504 0
3239 2.188423350553813 1.17843419999553 0
3240 2.187708091566606 1.150295981183609 0
3241 2.211884017135876 1.167395607075858 0
3242 0.9217190446498983 1.806857734176465 0
3243 0.9097088791117478 1.853396515677418 0
3244 6.938924910631013 1.931545480584081 0
3245 10.78065667418927 1.911041197400899 0
3246 10.87137315988722 1.911041197400899 0
3247 2.16921463779677 0.9480031386654042 0
3248 2.177837364851844 0.965242983219707 0
3249 2.149836008062028 0.9587086850992386 0
3250 5.447399317526013 0.8346781307510277 0
3251 5.538123043696052 0.8183951064803001 0
3252 10.82788192885935 1.581467277598143 0
3253 10.89562042293916 1.523660305307013 0
3254 1.630885305722455 1.094899879674053 0
3255 5.496859108405515 1.082736886476304 0
3256 5.576790540335082 1.043081375571669 0
3257 5.537649690326193 1.129338453486381 0
3258 0.2068982963798032 1.950422654792129 0
3259 8.876587614469091 1.205791191460243 0
3260 8.851403907400393 1.120172067368823 0
3261 1.007177725171879 1.206508959113191 0
3262 0.2546644531583976 1.044836063318367 0
3263 0.2101800093314757 1.044836063318367 0
3264 2.355682742391188 1.074626191386652 0
3265 2.333893162379848 1.031945983024381 0
3266 0.2283073301627742 1.406685853115648 0
3267 0.1807055012577116 1.378536660835201 0
3268 1.676773708987385 1.122615444543797 0
3269 1.672504302939348 1.146585023106381 0
3270 10.26501700617888 0.2423742324633839 0
3271 10.36762908012478 0.1996547813448423 0
3272 10.34119784648392 0.2972420555937548 0
3273 9.857273548043253 0.7062126443586609 0
3274 9.871715173239299 0.6206291187867493 0
3275 9.943311510705556 0.7099340996497299 0
3276 9.346084392663402 1.440811269138501 0
3277 9.267830475850134 1.382987197276977 0
3278 9.353156860172788 1.346730177712601 0
3279 11.93283070851052 0.5574594323137854 0
3280 11.82661392459673 0.6033664183240984 0
3281 11.83543939860549 0.5128877833348188 0
3282 3.034958022228707 0.5974930180574857 0
3283 2.955533539232453 0.6447228382304698 0
3284 8.66780755218096 0.262327329313671 0
3285 8.761135516145327 0.2925021113011196 0
3286 1.318955950209664 1.488005669085715 0
3287 2.346533975056947 0.4300438667543782 0
3288 2.354932179711815 0.5010841836778749 0
3289 2.292898622123003 0.4607391613500044 0
3290 1.793277493167028 1.391804375621127 0
3291 1.828534056127529 1.404223459278011 0
3292 0.2937570697501752 1.739918585573617 0
3293 0.2371750134472698 1.753501599775577 0
3294 0.2687769819942768 1.703986992339649 0
3295 0.7406369232699412 1.718921924703979 0
3296 0.6860747391807041 1.714026550577508 0
3297 0.724128781013208 1.681474373297215 0
3298 3.732576498051348 0.7534126206107483 0
3299 3.795032718653577 0.7079214532343887 0
3300 3.7979108123301 0.8056366283281995 0
3301 9.039751906605718 1.238067036959847 0
3302 9.064791859003215 1.312805704449159 0
3303 8.982214640053302 1.302598637153086 0
3304 10.84877569767972 1.439635237028933 0
3305 10.94544494401086 1.451384667156737 0
3306 1.663194991998864 1.451121678504064 0
3307 1.701692793187118 1.436019135945138 0
3308 1.68507163190312 1.471230799776738 0
3309 2.024643956796461 1.0576043450301 0
3310 2.016210827987255 1.07336252372775 0
3311 2.008012509839568 1.061361593874835 0
3312 0.7619120006411211 1.650123736176865 0
3313 0.7543110112149861 1.355051533522309 0
3314 0.7710986694542872 1.38738293912637 0
3315 0.2381967241631128 1.845139251296901 0
3316 0.2836335066852799 1.829547367939193 0
3317 8.008287827195503 0.6769292027652915 0
3318 7.984953590137375 0.5617906559962701 0
3319 2.215399913951816 1.68610582795408 0
3320 4.206012821733355 0.9347718448453048 0
3321 4.107803524146426 0.9437549975540753 0
3322 8.865091240615019 0.463651741810645 0
3323 8.892905265986201 0.3894504450717802 0
3324 8.959769315395501 0.4461041558676269 0
3325 2.698157262539222 0.7182261213411845 0
3326 2.761901341204271 0.7643932371906219 0
3327 1.531874304106661 1.085084877829 0
3328 1.54457556060038 1.104892294707586 0
3329 1.523834920772548 1.102033334447926 0
3330 3.407955772530395 0.5733612418599975 0
3331 3.352448962823205 0.4737415241713679 0
3332 3.446973638861613 0.5047484774115658 0
3333 9.436070182060377 1.026198177517804 0
3334 9.346952833639843 0.9707549133962343 0
3335 0.3344520845378157 1.736670206313585 0
3336 0.3028501159908086 1.786184813749513 0
3337 1.325392486859581 1.751865242554434 0
3338 6.521676646707528 1.197500347532047 0
3339 6.439384423722974 1.154813859434516 0
3340 1.469230862631103 1.661266321298777 0
3341 1.488566375123772 1.702221326664397 0
3342 4.718182914905652 1.478037761941369 0
3343 5.446080744446191 1.380423070188716 0
3344 5.547320326329598 1.384091358513038 0
3345 2.423922125401117 1.790025018748942 0
3346 2.48826874680924 1.795978804601286 0
3347 2.455884323632528 1.834944276334939 0
3348 2.050967938071069 0.9979989915313713 0
3349 2.040374371538432 0.9955185337492638 0
3350 2.052519110450986 0.9852830138984481 0
3351 12.73697988060419 1.183179229027093 0
3352 12.77602983703327 1.285350964183662 0
3353 4.347111522080935 1.013388952468099 0
3354 4.306127279080899 0.9207825844722163 0
3355 4.394156227806638 0.9384972965217241 0
3356 0.9677262409737866 1.715991586247473 0
3357 1.000330113933208 1.685298271033307 0
3358 6.604475869091155 0.1665782787464644 0
3359 2.238083977363027 1.433213369133453 0
3360 2.212495119648863 1.401801564721919 0
3361 4.083336672563133 1.37994100264608 0
3362 4.087663752764851 1.470584092374004 0
3363 4.027569327894101 1.430397957832334 0
3364 5.713154649190164 1.394060811928034 0
3365 5.65820251302924 1.458579530474931 0
3366 5.638233817787729 1.380122753670197 0
3367 7.475104717374831 0.7034081710393767 0
3368 7.472001728250856 0.7956243591249765 0
3369 2.006656578882121 1.712097583659755 0
3370 1.965467916564883 1.742223332362792 0
3371 8.837951724876577 0.3317717820819971 0
3372 8.800860049816185 0.2172758623683184 0
3373 11.38336915846541 0.8952942667417383 0
3374 11.48832502402053 0.9178673530462911 0
3375 4.037207199789971 0.2039706091436294 0
3376 4.135759242000663 0.2583700932535669 0
3377 7.408151522961441 1.075955000250197 0
3378 1.332828997555372 1.14007672669119 0
3379 1.349711431315833 1.162484680788639 0
3380 7.639656270425421 0.367309951129491 0
3381 7.659724533405502 0.4797498285003075 0
3382 6.932177263158133 1.425799961492425 0
3383 7.029227381778975 1.43542028536954 0
3384 7.380135793850146 1.249621577999078 0
3385 0.3771436250643213 1.679213512130994 0
3386 0.4251131625413386 1.707398400966543 0
3387 0.3733285757741995 1.718588866973238 0
3388 0.2174620808548029 1.799506894807763 0
3389 0.1935037038147476 1.855212953095119 0
3390 3.438516778265208 0.8815899093238966 0
3391 3.368985614686639 0.9367586747129026 0
3392 1.441786326273886 1.169045233288955 0
3393 1.429756650680637 1.196436737727725 0
3394 1.412766979801865 1.174911639073522 0
3395 1.233504954674883 1.316306540837184 0
3396 1.209828653165652 1.351816780533741 0
3397 8.932629799657061 0.314224196138979 0
3398 0.4008884669705402 1.224546619476273 0
3399 0.3859438055005463 1.265918744963212 0
3400 8.122027150068856 1.363328605208871 0
3401 2.52952753298667 1.001026158846466 0
3402 2.525460097794197 1.041340395245685 0
3403 2.490491302545306 1.029548866279139 0
3404 0.8200876193975258 1.532882460219506 0
3405 0.7840014928677297 1.552441250515997 0
3406 0.7830960719209673 1.500867185831787 0
3407 12.30969258511082 0.5662577524945034 0
3408 12.30585085131826 0.4742125571698476 0
3409 12.41417808123162 0.5065174636078728 0
3410 9.768348249853325 0.6969891837507858 0
3411 9.839944587319582 0.7862941646137662 0
3412 2.004525233573516 1.049044202004899 0
3413 8.313629617539142 1.592121781132448 0
3414 8.349541007591551 1.536894576161388 0
3415 8.649440047876364 0.9567892617094057 0
3416 8.60039920411926 1.034784253132517 0
3417 8.546992113187827 0.9509298868520256 0
3418 4.866968356852003 1.355129983833823 0
3419 4.774779578501295 1.357226125963198 0
3420 7.31950056812229 1.41275398667178 0
3421 1.199498581873141 1.095694585398363 0
3422 1.17907433542144 1.112892270491906 0
3423 3.27835196688825 0.7458817277106492 0
3424 3.375075166301808 0.7492525371736818 0
3425 2.589350590202965 0.838161245825733 0
3426 12.32523179678777 0.3648087894242424 0
3427 12.22074630066697 0.4245490783108731 0
3428 4.518240981662485 0.3380911242412598 0
3429 4.475584046831152 0.2557193978991199 0
3430 4.546357358896302 0.2440874020180758 0
3431 12.04680750088731 0.08858025917120044 0
3432 11.99680750088713 0.2029619180271619 0
3433 2.053638104900456 0.9511417268989418 0
3434 1.540800544760753 1.502384539532327 0
3435 1.559392677160787 1.552960658228005 0
3436 2.489171144483299 0.7862431192456744 0
3437 2.493129887711515 0.7190642127236195 0
3438 10.31920566054075 0.3977680741875216 0
3439 4.186428741993868 0.1548262011739437 0
3440 7.251292076019206 1.371007453133012 0
3441 7.31532862943242 1.310929448402637 0
3442 11.39580030119372 1.619540105138155 0
3443 11.47861884101481 1.676418797097699 0
3444 11.39057757413258 1.71577560741527 0
3445 12.89844901559508 1.540417398008101 0
3446 12.89844901559508 1.440417398007838 0
3447 4.045441903376882 0.884005485233748 0
3448 6.73066489835375 1.368743070236932 0
3449 6.759702882364202 1.458234374341098 0
3450 2.006874107613184 1.207571146082851 0
3451 2.027887415951882 1.203624808291297 0
3452 2.020613444114426 1.223765253315776 0
3453 3.696402999552452 0.08190260056562583 0
3454 3.702736220178928 0.1854863724168935 0
3455 3.606333220622243 0.1035837718512676 0
3456 11.8500786168825 0.3007235538327404 0
3457 11.75163803237328 0.2688308134725289 0
3458 11.80155941548663 0.1968705773517114 0
3459 11.75155941548642 0.08248891849574989 0
3460 10.53286184156059 1.011333116021404 0
3461 10.57429691042094 0.9501389481204676 0
3462 2.004112075566488 1.435917365085466 0
3463 1.985710855528787 1.462818891912814 0
3464 1.967980893675261 1.442286707951197 0
3465 3.351737091741551 1.95629384114284 0
3466 4.422051462682306 0.861441020130608 0
3467 4.463035705682342 0.9540473881264906 0
3468 12.177321138172 0.6979014349221548 0
3469 12.19259885152744 0.789501979067333 0
3470 12.09769268533801 0.7847892399063861 0
3471 12.89668508543252 0.5590406429938613 0
3472 12.89668508543252 0.4590406429941527 0
3473 8.768715365652593 1.408312607977122 0
3474 8.8553175367873 1.434853837817533 0
3475 11.13285847272538 1.316400365152781 0
3476 11.03403415806743 1.304145673212697 0
3477 9.145357987371456 1.871560898308116 0
3478 9.060826966691998 1.847638966736839 0
3479 2.397604756489835 0.4113452260248842 0
3480 0.9513435687653709 1.569158240896709 0
3481 2.28219162522015 0.7674603373968656 0
3482 2.248365933665739 0.7276275787549082 0
3483 5.145809546911765 1.86336550737362 0
3484 3.972894676601824 1.398895762484421 0
3485 8.267854360951128 1.664617659352927 0
3486 0.6539489793141953 1.432316762700033 0
3487 0.7000015548256513 1.449974623221281 0
3488 1.885231766829981 1.204716412374849 0
3489 1.910273818216026 1.203087266679092 0
3490 4.180594506501571 1.824805454390412 0
3491 4.24383320376664 1.829770727141223 0
3492 4.224881507173596 1.879626887090862 0
3493 0.1697386001608583 1.119623618956212 0
3494 0.1972187930665601 1.077363146597392 0
3495 0.2041138015044909 1.131932598995554 0
3496 4.057519938634894 0.08446723311313234 0
3497 2.556754080780733 1.060992753585814 0
3498 2.517717850339369 1.089515461018487 0
3499 11.29603717858996 0.9673021987551844 0
3500 11.28488480935316 0.8639559904236633 0
3501 11.55878106390968 1.727619046048803 0
3502 11.56400379097082 1.631383543771687 0
3503 11.84220739202635 1.29159179269852 0
3504 11.95612040839533 1.288699724138143 0
3505 12.01087932445175 1.600013527816365 0
3506 12.00649469351208 1.727499826413805 0
3507 1.544303626770891 1.037127753849062 0
3508 1.562591573886419 1.024549456379029 0
3509 10.16372813122144 0.07873409076243092 0
3510 1.787687838558599 1.038767706755659 0
3511 1.801357607035918 1.034450408951617 0
3512 7.740101770958813 0.5036835234706363 0
3513 7.67429546659679 0.5935022400537044 0
3514 3.851022867091886 1.025931539812786 0
3515 3.866362673957864 0.9331172605402858 0
3516 5.443203562775747 0.4238787910180168 0
3517 5.347310012120156 0.4660075727679891 0
3518 5.474633086776262 0.2459441170949036 0
3519 4.253057527459057 0.8598801888989298 0
3520 9.217957362432582 0.7738854770449029 0
3521 0.7290654495255484 1.808830779248535 0
3522 0.734034776002186 1.856213843590616 0
3523 12.70819041643914 0.186315662061003 0
3524 12.70808952547106 0.086416553028691 0
3525 3.667884346916389 0.8081215615788202 0
3526 3.665006253239866 0.7104063864850094 0
3527 3.820780265700793 1.273113659622936 0
3528 1.363879175784952 1.871193586742373 0
3529 11.27952203641648 0.7588657870701814 0
3530 5.602272462490523 1.319572639966141 0
3531 3.70230828313297 1.906964971104911 0
3532 3.637321896181254 1.880736019598276 0
3533 0.4833385731102226 1.48259222784044 0
3534 0.4489012861236235 1.51276147098249 0
3535 0.7669369653264213 1.961125174356964 0
3536 0.7521221459379883 1.901561476199132 0
3537 0.8019870004946865 1.940436301842168 0
3538 3.585786691544675 0.5543952717828744 0
3539 3.699395669447685 0.5800598969912456 0
3540 3.616089426471814 0.6300328203085664 0
3541 5.597733718270041 1.148541008217966 0
3542 5.517802286340474 1.188196519122601 0
3543 2.53749705047834 1.777121089894845 0
3544 2.505534852246929 1.732201832308847 0
3545 6.320079122409647 0.07086183738479233 0
3546 4.900781349091702 1.027790597810238 0
3547 4.989373942861623 1.05127006438186 0
3548 2.639730184071244 1.056532777541714 0
3549 2.678660993433669 1.080184410468776 0
3550 2.656980903269019 1.113347716891509 0
3551 3.551397275336855 0.6847417612766383 0
3552 1.937889023940936 1.017603444189832 0
3553 1.94898423234386 1.022340373646585 0
3554 0.668131698318355 1.519861456682037 0
3555 0.7015237782685373 1.496841303879885 0
3556 0.7136178654409888 1.54344612893043 0
3557 6.764572242386375 0.3129814791228879 0
3558 6.745638362457467 0.2074896818631193 0
3559 0.6346727940759593 1.030469788314119 0
3560 1.373119978578652 1.193654728220686 0
3561 1.372146984005949 1.221201743026399 0
3562 8.770653749581587 1.322720027006819 0
3563 8.702636247018354 1.378266782285477 0
3564 7.645726824691359 0.1861497148953167 0
3565 7.574640539819336 0.08432114140173992 0
3566 2.141877211522145 0.5859653792987667 0
3567 2.187234665280445 0.5989790388117555 0
3568 3.8351581584793 0.6360673649747168 0
3569 3.772101957878512 0.5696562099985874 0
3570 3.877561711982986 0.5500261294563666 0
3571 8.664596804949303 1.109374610713349 0
3572 8.562148870260765 1.103515235855969 0
3573 11.76468992423042 0.4657392796493449 0
3574 11.87090670814422 0.4198322936390318 0
3575 1.623255141985208 1.409664978229563 0
3576 1.593928414323244 1.426951950598523 0
3577 0.816432843300112 1.240601902679642 0
3578 0.8219414404755723 1.202878055462881 0
3579 1.795161636328557 1.097862279885113 0
3580 1.774441103183693 1.098670694489403 0
3581 1.780871981360301 1.082198974502773 0
3582 6.735619897361722 1.852202402718531 0
3583 6.780168130640158 1.937503885702693 0
3584 3.900492472758051 0.688291372692168 0
3585 6.259597333459203 1.809142583624655 0
3586 1.993024579487621 1.196229536367294 0
3587 0.3526899675551113 1.648704103419337 0
3588 0.4044745543222503 1.637513637412642 0
3589 10.60262147999088 0.8721030825161494 0
3590 10.64871300291274 0.9702570611332861 0
3591 2.169631492118407 1.067333022459882 0
3592 2.140374959790527 1.067375940103267 0
3593 10.04112148173348 0.6790396641649267 0
3594 10.00885454088778 0.5560586995540688 0
3595 6.319641709452808 1.351579460131827 0
3596 6.297660412320405 1.256628858134602 0
3597 2.119919270262418 1.287625545651501 0
3598 2.085973131744967 1.288425277364178 0
3599 11.72754514922465 0.3498060682696189 0
3600 10.00326280776274 1.10814260820609 0
3601 10.00233248904929 1.20695772978342 0
3602 9.931851271517036 1.128356206421632 0
3603 2.32744923368384 0.743015025970331 0
3604 1.378152894073406 1.041026344055951 0
3605 1.398621875100807 1.028136058102645 0
3606 6.577139665220029 1.584302514599448 0
3607 6.660748497346745 1.607997764122768 0
3608 2.362361456902626 1.007877762342446 0
3609 2.390905233678106 0.9940050213486966 0
3610 2.395832654001201 1.026936895381506 0
3611 5.782534425294498 1.834233280434076 0
3612 5.709640142952037 1.843148503261455 0
3613 7.194199026898771 1.423890470295129 0
3614 7.1900270882089 1.322065932025986 0
3615 1.002647158054008 1.50961246924004 0
3616 0.9563076465167493 1.510524546366865 0
3617 1.784823745002808 1.557040790253293 0
3618 1.80686801769172 1.599452543457552 0
3619 9.077088693258201 1.38158738170685 0
3620 9.134625959810617 1.317055781513612 0
3621 1.745006179765172 1.041846492629156 0
3622 1.759709659747029 1.026660722170906 0
3623 1.759510111971626 1.045206866178691 0
3624 6.107175330432091 0.2390736815783062 0
3625 6.159926930996296 0.1411357898126571 0
3626 1.009268799413736 1.115178294342389 0
3627 0.9742609348123684 1.102036605588918 0
3628 1.598399653228354 1.038597359065903 0
3629 1.598215339573242 1.056192275974511 0
3630 11.92082809125757 0.3478720575182143 0
3631 11.98458435249293 0.2966142580483548 0
3632 12.00541244375464 0.4157229978546462 0
3633 0.1390321060946016 1.137955612696173 0
3634 0.1321370976566708 1.083386160298011 0
3635 10.96981496439141 1.166857986135442 0
3636 11.02406047151383 1.101398133258261 0
3637 2.480482877595409 1.879870515969628 0
3638 2.416136256187285 1.873916730117283 0
3639 7.624603724263296 0.7583110447604189 0
3640 7.565815001169588 0.6567221143369186 0
3641 7.652706952137186 0.671157475506876 0
3642 3.888005236833168 1.401145046877957 0
3643 3.938352807923727 1.342004152497946 0
3644 1.982016569809124 1.0991508763228 0
3645 1.995415640151065 1.094648050605567 0
3646 9.863810854039521 1.206855220560588 0
3647 9.86474117275297 1.108040098983258 0
3648 2.029731408158598 0.9984681250767248 0
3649 10.91630709655455 1.852225174618672 0
3650 10.95523847541458 1.941183977217773 0
3651 5.456095257864149 0.9515397993724417 0
3652 5.360211525494528 0.9704798361300211 0
3653 5.408397737681478 0.9066147342699567 0
3654 4.260148975157936 1.942296079920836 0
3655 4.310527582232987 1.826430049365899 0
3656 4.266240581560963 1.771608616665448 0
3657 5.244131656461772 0.7300613241448736 0
3658 5.166155640702637 0.7844326092542913 0
3659 4.606650329813157 1.809417192894674 0
3660 3.058845413657851 1.646173623483299 0
3661 3.044864827176945 1.589628966679151 0
3662 3.108408905589835 1.59420950336228 0
3663 2.845668144085762 1.72439556375579 0
3664 2.826894410579186 1.649849273183952 0
3665 2.884991182460468 1.679719569731098 0
3666 5.351515585156392 0.853618167508607 0
3667 0.9090227546220533 1.462036752278596 0
3668 5.087183627119797 0.2347627676117173 0
3669 5.19243829633094 0.1868353736944605 0
3670 8.553663383006876 1.181337377746838 0
3671 8.60103571112224 1.258102435581906 0
3672 2.232586407105925 1.371106891367977 0
3673 1.210996300480703 1.432094691217212 0
3674 3.479630408712477 1.698359760592757 0
3675 3.462481946640758 1.638128613272746 0
3676 3.518358729367417 1.631619826097497 0
3677 1.352033382117093 1.958687679810198 0
3678 3.318752688480959 1.920980166325021 0
3679 3.290102016754142 1.860042801397596 0
3680 3.337383258239333 1.851650317358254 0
3681 5.989774334552129 1.943335826986822 0
3682 6.02722225003866 1.853081560091839 0
3683 3.477274924023521 0.3970845074933606 0
3684 3.532781733730712 0.4967042251819902 0
3685 1.90808159810424 1.155694677492508 0
3686 1.894313796366276 1.143924719186892 0
3687 1.913838617303659 1.139629930138408 0
3688 3.955320349585761 0.52055397037185 0
3689 4.035379635952208 0.4643644964164622 0
3690 9.210912868712562 1.337371782311189 0
3691 9.203840401203175 1.43145287373709 0
3692 8.638211407121515 1.400979320491395 0
3693 8.640149791050511 1.315386739521092 0
3694 1.688746942828676 1.03581240106087 0
3695 1.70583988359424 1.04044016237478 0
3696 0.2989874608665591 1.02935731644337 0
3697 0.2759170021183541 1.074193379761737 0
3698 1.313849279390795 1.70623833345692 0
3699 1.276248603913546 1.734755291244026 0
3700 9.849502005583009 1.8583929381297 0
3701 9.886290177131315 1.944027097485916 0
3702 2.365245967876396 0.703921496971574 0
3703 2.330605520878805 0.6870105483124726 0
3704 6.489562151454871 1.916573015909295 0
3705 1.745809979528322 1.11388621424268 0
3706 1.759916520939562 1.097665067488887 0
3707 7.311927301747062 1.207875044460309 0
3708 7.206825347153437 1.206245531413271 0
3709 9.485436427963071 0.08133633511208918 0
3710 9.485979311118864 0.1951139238392741 0
3711 9.400542883142121 0.1137775887271849 0
3712 4.451850212028659 0.08085783783796796 0
3713 4.435062709847312 0.2026906532051291 0
3714 4.383212497811003 0.1218328153671611 0
3715 10.54234507374207 0.6848328425550614 0
3716 10.56875108603333 0.7913029986962989 0
3717 1.518542947062016 1.738343717824404 0
3718 1.542972676071838 1.700055301585671 0
3719 3.037264921622871 1.525134086375181 0
3720 2.987701429690887 1.5770982064962 0
3721 2.585910274838597 0.9691460571170562 0
3722 2.538622956117759 0.9668590079801094 0
3723 11.55770112626924 0.3743357762994108 0
3724 11.47034466563498 0.3123789129092044 0
3725 10.72696034773197 0.6825134965379675 0
3726 10.82089438133034 0.6988732263457889 0
3727 11.14254813802102 0.09153582312982549 0
3728 11.04254813802064 0.09153582312982549 0
3729 9.301511942542881 0.2902675164834441 0
3730 9.402170465479713 0.329623855590866 0
3731 3.836697664185062 0.8726346584500182 0
3732 0.9034547713138792 1.359309756672233 0
3733 0.9477009475084015 1.36934824310476 0
3734 0.04810911594313984 1.228174252655061 0
3735 0.04810911594313984 1.278174252655061 0
3736 11.69654689731456 1.205961745932265 0
3737 11.76721766840623 1.284805138907889 0
3738 5.432813652036913 1.092199432811761 0
3739 5.471954502045801 1.005942354897049 0
3740 9.494187512701906 0.2852659879552413 0
3741 12.80593499530327 0.9718628677102998 0
3742 12.9178991724925 0.9293152774587883 0
3743 1.691452712855182 1.702132594770347 0
3744 3.39574055056218 1.639099164598517 0
3745 4.328908803352177 0.07035896806081138 0
3746 0.7801140955310451 1.17167208225834 0
3747 0.749867711440807 1.191671530043731 0
3748 2.82945094879751 0.1909941922524942 0
3749 2.925315314713503 0.1823970086307209 0
3750 5.421337463990511 1.951673321047751 0
3751 5.452610936469712 1.877509742810269 0
3752 1.856976097621413 1.496808865556273 0
3753 1.835366730378547 1.477870387834901 0
3754 5.925459291270183 1.443636192808926 0
3755 6.011311121910683 1.427351379053288 0
3756 4.093352603276436 0.7065157696126199 0
3757 3.993365130596203 0.6900492742050508 0
3758 0.9917763321145989 1.757096707173953 0
3759 0.9444931615884067 1.750742418119891 0
3760 8.184465938012902 1.316823955862341 0
3761 8.186282205290461 1.416873697350302 0
3762 7.021585371935925 0.6651482167363466 0
3763 7.074179800343395 0.5820584978059014 0
3764 4.130524809264413 1.339322985470158 0
3765 4.070430384393663 1.299136850928488 0
3766 4.291651387675489 0.4986956536091542 0
3767 4.199477665850361 0.4525230251966158 0
3768 3.469873693206848 0.707278444206495 0
3769 3.407681921663763 0.646342288067382 0
3770 6.380766252851755 0.519792526042373 0
3771 6.477833934914582 0.5013097564389082 0
3772 6.429383763980303 0.5808883980775788 0
3773 6.167861708839435 1.606333006278287 0
3774 6.237192646172223 1.579971301503013 0
3775 6.243383439459636 1.637549817697956 0
3776 2.407981805209165 1.451964376233984 0
3777 2.366373055307313 1.419035702743197 0
3778 0.4790755713145176 1.55058922709179 0
3779 0.4271454579102536 1.54896116814176 0
3780 0.0498409428338521 1.57423855321069 0
3781 0.3884960347661999 1.559068820366723 0
3782 0.3399601215268586 1.588108889787689 0
3783 0.3484352594800181 1.540173481453427 0
3784 4.240446735783086 1.148377957862234 0
3785 4.274011274442692 1.227569191924315 0
3786 4.198973036887311 1.22459099551089 0
3787 8.476128803108511 0.1976247790788342 0
3788 8.579775024183888 0.2499829182520347 0
3789 4.1879843364904 1.361954683380361 0
3790 4.17507804832093 1.281150531662768 0
3791 1.05630925230951 1.123579702550611 0
3792 1.052198699429385 1.160802504704604 0
3793 1.03240026689651 1.140394287276176 0
3794 6.585424829944401 0.6426840106385854 0
3795 6.663117387404006 0.627721104584744 0
3796 2.623513020973489 1.949036985930903 0
3797 2.683181509718871 1.949036985930903 0
3798 1.663886496323268 1.318598042263743 0
3799 1.637494725451522 1.307671922374524 0
3800 2.514548329586939 1.686712231747131 0
3801 1.845294939966082 1.890358316552879 0
3802 1.807388414935788 1.921226761477789 0
3803 1.780226464855704 1.888220737653087 0
3804 1.831450603055901 1.100674459023389 0
3805 1.844573415223836 1.09203853492327 0
3806 12.19835321691936 0.8732633087866525 0
3807 12.27798166975335 0.7863755038024214 0
3808 7.130173522348238 0.405643398950413 0
3809 7.034229937558447 0.3306556358153603 0
3810 7.117074932721891 0.3003524488006231 0
3811 5.243135886692063 1.559056712447928 0
3812 5.213557617497219 1.615023869536082 0
3813 5.03168404854916 0.1482772877317831 0
3814 1.166703994486937 1.041198652896862 0
3815 1.192845877057726 1.051082547892714 0
3816 5.001976614381647 0.4603531505109541 0
3817 5.037172850146153 0.5296775577700374 0
3818 4.927897808745495 0.4990462082617853 0
3819 2.924109523251783 0.3775814360477796 0
3820 6.364778985155549 1.118426244732 0
3821 6.459590088899743 1.074304474501195 0
3822 1.12716131420166 1.025631132464767 0
3823 1.110065125019286 1.050627567928296 0
3824 4.427144606776453 1.675606299889445 0
3825 4.388842367717671 1.749258966063752 0
3826 5.328502080763151 1.272839479686337 0
3827 5.384245137726449 1.354787128010473 0
3828 4.171606605145896 0.5306493333170415 0
3829 4.128607546021132 0.4259320284012947 0
3830 10.01460355608483 1.787291839072491 0
3831 9.930410646253367 1.818343001912516 0
3832 1.448708435549543 1.343312220679832 0
3833 1.4501953878124 1.36948166337751 0
3834 1.425350995744111 1.370765350328776 0
3835 7.298951521799346 1.787283180916097 0
3836 7.266556448244317 1.719785530197292 0
3837 7.351569896867536 1.715435995078022 0
3838 1.877715756226019 1.51133055411098 0
3839 1.845557888532877 1.523476052388127 0
3840 3.000762334045191 1.261608590768926 0
3841 3.028380894149213 1.177618451646755 0
3842 0.6360200998186389 1.069794630975177 0
3843 0.6020031358510489 1.039324842661059 0
3844 10.19730047567637 1.56806184433419 0
3845 10.28293979990132 1.549860200514363 0
3846 2.234090358179854 1.151863066467283 0
3847 2.234805617167061 1.180001285279205 0
3848 2.277007726949687 1.5776102562939 0
3849 6.087250481203137 0.9955508222268659 0
3850 6.167041988022442 0.9816084344163949 0
3851 9.723759911102306 1.652061193849992 0
3852 9.789481568238481 1.726888848076963 0
3853 9.702851795687554 1.753904027060597 0
3854 3.959694128921871 1.73357315008654 0
3855 4.009258774656544 1.720406964345446 0
3856 4.010079264885107 1.800311598954232 0
3857 6.506373404226319 1.571413315540889 0
3858 6.302610767362701 1.038313504375346 0
3859 6.282405102185932 1.118822889308667 0
3860 1.818412468376834 1.081559107181717 0
3861 1.814630649184231 1.100505911740155 0
3862 9.849482093494087 1.788681745070383 0
3863 9.870390208908839 1.686838911859779 0
3864 1.493215596090841 1.079847406659883 0
3865 1.490924361211402 1.058091842866829 0
3866 1.50884242939939 1.060470353776285 0
3867 3.236506454932364 1.897537911477802 0
3868 3.255137024690738 1.828208062511035 0
3869 1.241450009951029 1.373426984232022 0
3870 1.207203398802671 1.380593511556854 0
3871 10.37222980360273 1.506288019483598 0
3872 0.3098018796429587 1.512724676368599 0
3873 6.314550797520697 1.759206156583039 0
3874 6.280344738288397 1.679257526605722 0
3875 6.346920436024723 1.691136742899999 0
3876 1.082747013242842 1.169571931047862 0
3877 1.100779906320071 1.147544199318429 0
3878 1.107419234720528 1.173128210387251 0
3879 1.251131961783435 1.110363382316406 0
3880 1.270574555161026 1.091589794578106 0
3881 1.275887215471995 1.115159492279923 0
3882 7.25330167866904 0.4615597939303131 0
3883 7.178677152527688 0.4770683609150505 0
3884 2.107500871180219 0.9925261541092387 0
3885 1.566641251815091 1.074909353272001 0
3886 1.548537618354676 1.069892733833427 0
3887 2.388270678667113 0.9501824665504161 0
3888 2.421741875765688 0.9692415995894756 0
3889 8.205621321831776 1.919439538348985 0
3890 8.28654318736249 1.919439538348985 0
3891 3.366243106249167 1.747790750099417 0
3892 3.436960664022532 1.773860678200606 0
3893 3.379450144285881 1.816782880532018 0
3894 0.7852105366126121 1.103465709447081 0
3895 0.6093365509574547 1.468678771943126 0
3896 0.6256269450432999 1.502831352340714 0
3897 0.5789258848548511 1.498253492652347 0
3898 0.9772216582544653 1.359772759144007 0
3899 5.444615336000158 1.808113344841268 0
3900 5.379751020607531 1.833950244126501 0
3901 10.20945225113662 0.1511275698696666 0
3902 5.163539259462118 1.643090281310675 0
3903 5.225211369861749 1.657924332798647 0
3904 1.592780321781758 1.553287346135941 0
3905 10.90952887820503 0.5630633560888414 0
3906 5.944978975396055 1.826286529290856 0
3907 5.955987153354238 0.7148386309622609 0
3908 5.950637969604053 0.606052630408688 0
3909 6.016698702265531 0.6603416429791559 0
3910 6.182366496699187 0.7395512439309214 0
3911 6.253220583699457 0.7155088635158911 0
3912 6.266405964020018 0.7891085121454347 0
3913 7.145992815988617 1.026221035719356 0
3914 7.077237549559081 0.9781639365261606 0
3915 7.173984029150029 0.9468128656187212 0
3916 5.024043958836185 0.7270673659792848 0
3917 5.001287184966114 0.6643304748910368 0
3918 9.138855539196221 0.5545165460823944 0
3919 9.131822831593796 0.4344108483773375 0
3920 8.473989392536662 0.07665868473208419 0
3921 8.40213941055438 0.12096609434675 0
3922 7.057065634039657 1.363220881931074 0
3923 7.105095786827784 1.447148352626569 0
3924 6.090265317446987 0.6087536188634803 0
3925 6.095614501197171 0.7175396194170534 0
3926 1.33458569394114 1.269595727932213 0
3927 1.303533662149004 1.28114614879245 0
3928 5.071999966242239 1.047829376122153 0
3929 5.14705603452881 1.076763778267183 0
3930 2.696860411068546 1.756086980108539 0
3931 2.730371798942658 1.699849520001285 0
3932 2.754059984330368 1.750762727315899 0
3933 4.064220532645051 1.948794672551897 0
3934 4.094332524290619 1.886125479721923 0
3935 1.302571252995135 1.666547846953626 0
3936 1.35171513594117 1.683657798264035 0
3937 2.448266447800399 0.7989285521088323 0
3938 2.410086271047079 0.8482755530732036 0
3939 2.405699051076473 0.7939044044619662 0
3940 1.114835011011654 1.200765094833113 0
3941 1.132867904088883 1.17873736310368 0
3942 9.89886900704462 0.4366234793714456 0
3943 9.979431149277527 0.4924511408423471 0
3944 2.072619260436142 0.7869855877060183 0
3945 2.096629748750317 0.7644331930962551 0
3946 2.108719161724125 0.7926417693771417 0
3947 9.157277364460759 0.9769458107846005 0
3948 9.116750048103626 0.8881748379112637 0
3949 12.36032335680867 0.7587473181461033 0
3950 12.3660777222006 0.8425086478654228 0
3951 1.514869185806517 1.120155826952084 0
3952 1.502167929312798 1.100348410073497 0
3953 9.661395301337116 1.833728724115207 0
3954 9.595673644200941 1.758901069888236 0
3955 3.501277834157415 1.870992681772433 0
3956 3.507372813500925 1.949566277455828 0
3957 8.927425363290531 1.75861543351315 0
3958 8.864874550626102 1.801523490139041 0
3959 5.120479507121388 0.840951612274062 0
3960 5.170502284639506 0.9024712722267386 0
3961 5.071206157506749 0.9160480022077384 0
3962 12.13526703009373 0.4492090222206324 0
3963 12.15464797556325 0.3398052544750273 0
3964 2.061301293049137 0.8896214670736069 0
3965 2.075418998971266 0.8859328475637514 0
3966 1.834190843425317 1.613858584593237 0
3967 1.848680101325336 1.58372579891737 0
3968 1.541567782753673 1.215782645709433 0
3969 1.55912443114411 1.192342357126783 0
3970 2.483179437022753 1.360917933009025 0
3971 2.489698978276906 1.417167508376868 0
3972 6.256094015164663 1.19645380246092 0
3973 3.5187905199749 0.7876520103829381 0
3974 9.132550893453086 0.08986254216588324 0
3975 9.032550893452708 0.08986254216588324 0
3976 1.484015961286616 1.038836116052417 0
3977 1.468389127978066 1.058213168936016 0
3978 8.982210166890823 1.822045547086498 0
3979 8.994242024550083 1.727111320605895 0
3980 2.063599399917282 0.9998414321004845 0
3981 2.051454661004729 1.0100769519513 0
3982 12.43321961214005 0.7067215605708166 0
3983 12.34512355969281 0.6505884165078153 0
3984 2.402984454255612 0.7522416890635137 0
3985 4.424524307123145 0.7970033152875682 0
3986 4.360935970782077 0.7419600294075999 0
3987 5.151041669511065 0.07513467430743756 0
3988 5.192766678989994 0.4545988843267 0
3989 5.271384690433541 0.5254805173154394 0
3990 0.3126291922689295 1.629808764506041 0
3991 1.452255629546817 1.404525994519191 0
3992 1.47561306935225 1.377072864870247 0
3993 0.9286337771630315 1.534885705253227 0
3994 0.9077583077153938 1.503230990412753 0
3995 1.284091203761085 1.137061742376202 0
3996 1.267280456982599 1.16045518869974 0
3997 5.091767785494351 0.4051203433138828 0
3998 8.325881992707398 1.873583075338492 0
3999 8.36805809554026 1.954143536989507 0
4000 2.159348041300381 1.478733562514005 0
4001 2.202977081428823 1.484774885060818 0
4002 4.194514778141256 0.8104119898528599 0
4003 4.294629235488801 0.7964227294797714 0
4004 1.525505743647405 1.045278209780712 0
4005 1.527796978526844 1.067033773573766 0
4006 1.329043460956302 1.075563251776691 0
4007 1.347727292460359 1.055825193323766 0
4008 2.01031980857934 0.9835854992655522 0
4009 6.090204739454457 1.207651528796163 0
4010 6.036724319656422 1.143963003454381 0
4011 6.0358027593656 1.354491592270981 0
4012 7.081163223990423 1.841808553572816 0
4013 7.00591856476747 1.828508659427254 0
4014 1.423310777761461 1.222078095839431 0
4015 1.452330124233483 1.216211690054865 0
4016 1.598940668674438 1.024843360476357 0
4017 1.133103458882508 1.647207407318018 0
4018 1.162519457419855 1.615874565981301 0
4019 6.309617919182932 0.5165561886033034 0
4020 6.358068090117211 0.4369775469646329 0
4021 2.342654087523579 0.07252010791772265 0
4022 2.453925499479518 0.05651435582535224 0
4023 2.446418294628095 1.536395487378659 0
4024 2.501268725904883 1.553512955317786 0
4025 10.20123959586383 1.839778529748489 0
4026 10.18018607061963 1.739595504247726 0
4027 10.33723837970743 0.5144471318355438 0
4028 10.43760945573002 0.5473096494418014 0
4029 2.588196562518172 1.75312106998806 0
4030 2.570930457080482 1.816898042280499 0
4031 4.406321768512306 1.801113060805778 0
4032 4.435994555488482 1.865660919506039 0
4033 4.362607747003485 1.832815797590385 0
4034 10.2482270563389 1.926802595102597 0
4035 12.35130614399117 1.926409770172051 0
4036 12.36548126566721 1.809458175748933 0
4037 5.141436465660979 1.950633262121229 0
4038 5.180289555434854 1.912732245252391 0
4039 0.6377210322157514 1.549436177391259 0
4040 1.73149998643573 1.046136565661073 0
4041 1.731699534211132 1.027590421653288 0
4042 0.09076661033742889 1.774324230050081 0
4043 0.03981550314273722 1.807441833373525 0
4044 2.16075682251084 0.531563588679846 0
4045 2.107711734618432 0.5584903507849253 0
4046 10.03479700473139 1.493928501148063 0
4047 10.09425658965227 1.562512606882292 0
4048 9.996008406264966 1.573556558565643 0
4049 0.5811469774733726 1.439036333808663 0
4050 0.6278480376618214 1.443614193497029 0
4051 4.87803407439376 1.270735558063069 0
4052 0.1301488291159519 1.596324630846603 0
4053 0.1488336141193953 1.556406895055325 0
4054 0.1793005575676429 1.604254419480548 0
4055 12.74739307338849 1.381049036785515 0
4056 12.69279199943867 1.471234765902611 0
4057 12.643287041637 1.371449006670869 0
4058 1.612111482704658 1.717710961436535 0
4059 1.65754710780455 1.733534408829586 0
4060 1.618384873109974 1.752001140138729 0
4061 2.930759392099427 1.623383182979715 0
4062 2.949533125606003 1.697929473551553 0
4063 11.37208526286521 0.2804347116835398 0
4064 0.8803171069032325 1.725327682896375 0
4065 0.897668953509086 1.765752613249985 0
4066 5.688661291411125 1.782778516068033 0
4067 5.692340666407467 1.698652246500779 0
4068 5.746158260498536 1.716572602319059 0
4069 0.1389129876642395 1.38709569904844 0
4070 0.0919159280360886 1.392510213652981 0
4071 0.1229182348514233 1.342260395314823 0
4072 6.25074859914805 0.6326613814912108 0
4073 6.334788066468882 0.682218649705724 0
4074 2.039370230939039 1.113910897084758 0
4075 3.794203332733786 1.495050490680655 0
4076 3.835885355454456 1.44862896500756 0
4077 1.667155111899936 1.168868476910556 0
4078 4.082430841586888 1.741202423205162 0
4079 9.670305181671647 0.368811318300734 0
4080 9.677623031903895 0.463033938468378 0
4081 4.583471716549381 0.1705252202879165 0
4082 4.626128651380714 0.2528969466300564 0
4083 3.887507518520788 1.289144943988671 0
4084 3.972396958289444 1.286895659595136 0
4085 2.071094958724999 0.6515479577361232 0
4086 2.026678896910131 0.6715115305926218 0
4087 5.206742276643041 1.107709621972397 0
4088 5.180915177139097 1.008513505865629 0
4089 1.820592854668011 1.281272012151581 0
4090 1.801583080614667 1.277108196940106 0
4091 12.50336670349065 1.441406704321991 0
4092 12.42924064582708 1.49953654285718 0
4093 9.410685279360283 1.499556958803499 0
4094 9.325358895037631 1.535813978367875 0
4095 2.503654160868867 0.9550674790135634 0
4096 3.605965407947064 1.67000374905026 0
4097 3.677799908642892 1.698974189056892 0
4098 3.607341692134964 1.72082141342414 0
4099 5.232607684030652 1.859382464984382 0
4100 5.228234602779866 1.946650219731991 0
4101 1.94458547116812 1.083237304041959 0
4102 1.959860005598937 1.091931993626996 0
4103 5.90416935930665 0.531963935450859 0
4104 5.843457810395355 0.5864609234339639 0
4105 0.3622660998699947 1.076223358684978 0
4106 0.3417595180687458 1.02935731644337 0
4107 0.4653014186947978 1.032317087471031 0
4108 0.4446824264266098 1.079183129712639 0
4109 2.200596227306924 1.7895632316614 0
4110 2.218438412295779 1.839410068611671 0
4111 4.444491542468576 1.948681828145323 0
4112 4.488205563977397 1.916979091360716 0
4113 2.015511776879132 0.8948156133237051 0
4114 2.015511776879132 0.9131302461246083 0
4115 0.2742610276992265 1.471288423506493 0
4116 0.2643584942969445 1.527777298012287 0
4117 3.001447411402675 1.694980090569554 0
4118 1.969785433575537 1.484864251273209 0
4119 2.005916615466764 1.478494908407479 0
4120 11.12852987383925 1.913006381848836 0
4121 11.22063891776976 1.913006381848836 0
4122 0.9514567614206106 1.223475538877129 0
4123 10.76625187302935 1.738307610791302 0
4124 10.72072069173672 1.826319650260787 0
4125 10.65453078373889 1.742544866250291 0
4126 1.617167834321949 1.314010417744269 0
4127 1.60693681244835 1.339867328256894 0
4128 1.58824973379339 1.323396686644242 0
4129 12.59896389823003 0.9303240673528267 0
4130 12.711981742315 0.9696413031395295 0
4131 12.66305380153659 1.045777944713709 0
4132 0.9678394456143782 1.05497893533156 0
4133 0.9934888630383445 1.03846173374997 0
4134 10.2566184917047 0.4566405643603186 0
4135 10.50321089308447 0.1985809332139222 0
4136 10.60522431188163 0.2273540563495705 0
4137 12.5490478302929 1.370382453887372 0
4138 12.60364890424273 1.280196724770276 0
4139 2.030264923731167 0.7741514971196977 0
4140 2.04919260460265 0.7907977623701195 0
4141 2.018927680871483 0.8061722480646855 0
4142 1.63009490904737 1.794653038901442 0
4143 1.584659283947478 1.778829591508391 0
4144 3.727695667594615 1.708707760303557 0
4145 3.754008679784866 1.653925526778822 0
4146 3.805280722924489 1.714476762399367 0
4147 5.323492574017414 1.697205883590777 0
4148 5.343308556401047 1.617525507775164 0
4149 5.391571402521612 1.684873470341887 0
4150 1.841638904909172 1.042298591112991 0
4151 1.725716703516015 1.129570386965837 0
4152 1.747168730535486 1.127626752450444 0
4153 1.740947068658544 1.141747456801634 0
4154 1.39920052757224 1.226949810260001 0
4155 1.370610207369572 1.245848409774108 0
4156 0.7830630382620425 1.59916712491688 0
4157 0.746071490785484 1.56715185052916 0
4158 6.803690101971728 0.4420656274991327 0
4159 6.825910638065233 0.3603282683481937 0
4160 6.902530966550998 0.4272720785690823 0
4161 1.769763070805315 1.959544591288998 0
4162 1.834831545915693 1.961682170188791 0
4163 1.950540229371733 1.040242027671561 0
4164 1.940304636129873 1.047963684147128 0
4165 4.523367199157969 1.863335250756252 0
4166 4.531864186138062 1.946356159395536 0
4167 9.611519624642655 1.919362883471423 0
4168 10.15851187720995 1.64768990175177 0
4169 1.214666421947588 1.148242158935349 0
4170 1.230689605949444 1.127146097946856 0
4171 1.240421438092549 1.155029141006717 0
4172 12.65746163212353 0.6095814218956983 0
4173 12.69625658394653 0.5220642571964078 0
4174 12.75457521904204 0.6055984506884802 0
4175 10.72281573738034 1.00826499508559 0
4176 10.81132160081473 1.076842782961594 0
4177 10.70889429677718 1.116870714613609 0
4178 7.095832157364243 0.5073715479297877 0
4179 0.9027942299640154 1.561864684942596 0
4180 5.679701876390419 1.644691701168073 0
4181 5.622204907303008 1.710897614917047 0
4182 2.026148373007152 0.9227214992938775 0
4183 2.010636596128021 0.9316741086955964 0
4184 2.046516235327828 1.273794148341463 0
4185 2.022102255972388 1.267883133284425 0
4186 2.046244770312543 1.255218521920198 0
4187 2.153599127966037 1.239608681759223 0
4188 2.188649759564524 1.241824526438053 0
4189 2.173601658301372 1.261745918230714 0
4190 0.718804505793347 1.212468600494026 0
4191 0.7576454405848665 1.229117414626601 0
4192 8.807969300161231 0.5178080937145382 0
4193 8.742928775769613 0.5891589571139945 0
4194 6.798703706916209 1.520588629898832 0
4195 6.844156472773411 1.437752852753072 0
4196 2.088126260925533 1.717125344955856 0
4197 2.057898428272424 1.753012625901979 0
4198 2.0459519439148 1.712567499362282 0
4199 1.913685325871279 1.122330791892353 0
4200 1.927453127609242 1.13410075019797 0
4201 3.028024057193819 1.127666535005174 0
4202 2.983094093776693 1.048371521797276 0
4203 2.030264923731167 0.7429936538722712 0
4204 8.479900260058885 1.451290864333455 0
4205 8.48456087758376 1.539528249221139 0
4206 8.409128147461415 1.476932591142815 0
4207 4.302393221464277 0.69249183036153 0
4208 0.6548813234178835 1.762220498304944 0
4209 12.12418068721996 0.5422613031705295 0
4210 12.05808236211624 0.4575174793346837 0
4211 3.899153884787291 0.8271434910736588 0
4212 2.152173848121234 1.28423107314797 0
4213 2.187224479719721 1.2864469178268 0
4214 10.07714218459554 1.734046266795828 0
4215 0.1497031944423769 1.428786479173359 0
4216 0.6376046439707044 1.265834509333271 0
4217 0.6150359275110664 1.291550369710871 0
4218 0.5898656526199946 1.260288606635077 0
4219 10.53243154174913 1.423627707028794 0
4220 10.52276426022755 1.524782380593197 0
4221 10.44980305215845 1.464940103577735 0
4222 10.6689355848988 1.915278452859888 0
4223 2.126502395521296 1.182284250150303 0
4224 0.1621837275648873 1.895389434832088 0
4225 0.1414490842565774 1.849757078342949 0
4226 1.707243126486981 1.340088502933554 0
4227 1.717322138960151 1.318271502677371 0
4228 1.732647185777506 1.351644980440359 0
4229 10.99907197353023 1.807409355229373 0
4230 10.91520665800287 1.777266575412499 0
4231 3.992026542625442 0.8289013925865415 0
4232 4.099527709360072 0.8187653566248119 0
4233 6.073002281111212 0.4445775503632329 0
4234 5.967943462655441 0.4706606312564239 0
4235 6.029596225251307 0.3636825391940739 0
4236 10.84462723106893 1.736553037409437 0
4237 0.6223521224482265 1.141309993650554 0
4238 0.5945029366966856 1.120094039713395 0
4239 0.6311996273452694 1.099865639259276 0
4240 9.029622554159445 0.5945536843405186 0
4241 0.03981550314273722 1.857441833373525 0
4242 0.09488005714609579 1.852408613413484 0
4243 0.05506455400335858 1.894966780039959 0
4244 2.388382478945104 1.506924040602898 0
4245 2.428835341863354 1.498629323459202 0
4246 7.118282659467216 1.318419109061759 0
4247 7.042414254418407 1.306691041804729 0
4248 1.127076709365771 1.721733778197073 0
4249 1.085209448744398 1.715233404244796 0
4250 1.110166368508352 1.677040899193678 0
4251 2.35602060980823 1.53143662959265 0
4252 2.33516707315404 1.484771682367432 0
4253 2.038542368183657 1.054298250797687 0
4254 0.7145155634716365 1.961125174356964 0
4255 10.98319903500161 0.2333608408600383 0
4256 11.07536021905584 0.2769780191002553 0
4257 11.4170759839016 0.5982382134348621 0
4258 11.48547022982686 0.5217869799117796 0
4259 0.276050481759491 1.109320181905054 0
4260 0.3203734894676525 1.093841435030058 0
4261 12.34734486194422 1.623312987883106 0
4262 12.34760837573374 1.717414187030815 0
4263 8.269111189055222 1.058338253129553 0
4264 8.191648262562874 1.024640658289816 0
4265 1.680676147245146 1.589527076719964 0
4266 1.712098092982463 1.549041324418568 0
4267 1.804219628950686 1.674410547493276 0
4268 8.32933135914932 0.07619378538197986 0
4269 0.2955500358174402 1.170036319514256 0
4270 9.32464232807153 0.1926524421002936 0
4271 9.324099444915737 0.07887485337310871 0
4272 1.217497082427894 1.953588774564255 0
4273 1.234600127013261 1.892379771979248 0
4274 0.8700589365134737 1.871649666495204 0
4275 0.8261976087813117 1.901152003684092 0
4276 1.697029006754983 1.367816410748028 0
4277 1.681703959937628 1.33444293298504 0
4278 1.275967759202377 1.351727930171107 0
4279 0.8496333184062198 1.504450272417206 0
4280 0.8505387393529822 1.556024337101416 0
4281 7.47464053981936 0.08432114140173992 0
4282 7.465426335944613 0.2103715794436111 0
4283 1.142831766103323 1.356366154557878 0
4284 1.130109526970963 1.318132210209099 0
4285 5.216871470168361 0.9515612165939755 0
4286 5.276557712282592 0.9825070602991897 0
4287 5.69997009702691 1.055080848564429 0
4288 5.639256869598238 1.002872176098692 0
4289 5.721645844369387 0.9682700820813753 0
4290 12.09694236239919 1.218183998345266 0
4291 12.13288067100698 1.118117537336203 0
4292 1.048072683330093 1.046923287689559 0
4293 1.037395304033635 1.02192685222603 0
4294 11.76185058064463 0.656231456846463 0
4295 11.85924189054966 0.7008031058254296 0
4296 1.757548777550395 1.154872219553259 0
4297 1.736096750530924 1.156815854068652 0
4298 3.069333197798011 0.07995901361784526 0
4299 2.992445369900247 0.1189727794813009 0
4300 1.187345766892602 1.585981482326457 0
4301 2.357604799790955 0.8757654468097983 0
4302 2.317498653461747 0.8990717439033789 0
4303 7.688975738283908 1.854132283873 0
4304 7.728222509628301 1.938675637888925 0
4305 3.924096742401119 1.843707908999545 0
4306 3.920135553067434 1.781863379694356 0
4307 12.14189016359002 0.613570770908843 0
4308 12.23679632977944 0.6182835100697901 0
4309 10.77843732307109 1.652778253398941 0
4310 1.786554222171074 1.526858093279161 0
4311 1.823087752760005 1.539137060807552 0
4312 2.932869944811523 0.06342422914942003 0
4313 2.799055181708687 1.9557241080933 0
4314 2.793419453286279 1.890401211724445 0
4315 3.315864644941158 1.623401969738411 0
4316 3.24044204949369 1.618229006047705 0
4317 3.292304879691074 1.568156817738323 0
4318 9.585436427963451 0.08133633511208918 0
4319 8.308964166435406 0.4995178651214178 0
4320 8.220813441800736 0.4562414603138109 0
4321 6.521693516707108 1.034117277551836 0
4322 6.577876442565405 0.9452500588200188 0
4323 1.642923464719034 1.5695145316579 0
4324 3.313157245625355 0.6153353348271842 0
4325 12.41773143098078 0.9037789523047017 0
4326 12.33538974392545 0.9314071379610198 0
4327 11.84647006173767 1.205094872787401 0
4328 5.351233969798181 1.487001412008661 0
4329 5.266353733611823 1.512476716160337 0
4330 7.494498303689429 1.938751101386727 0
4331 7.533745075033826 1.854207747370801 0
4332 10.03263426271389 1.038391255916962 0
4333 10.10311548024614 1.116992779278751 0
4334 6.92703230952587 1.013041255336182 0
4335 6.854066056023736 1.03665961703925 0
4336 6.884717908642035 0.9551875864762942 0
4337 6.108799881517731 0.791139268046597 0
4338 0.2469682973214558 1.439742655210679 0
4339 0.6301600386099402 1.32224098229949 0
4340 0.6573176331721315 1.344236583088819 0
4341 0.6247027529202955 1.369381292979245 0
4342 5.597138326132109 1.868635489080817 0
4343 5.636418822641069 1.942799067318299 0
4344 4.857746264912537 1.213898216369195 0
4345 1.822843926397545 1.435427754055751 0
4346 1.810855084105018 1.460228494679482 0
4347 1.78778377967374 1.448869836898852 0
4348 0.8118396831489744 1.380471109988837 0
4349 0.7847065122000863 1.419780785673537 0
4350 6.972813396652621 1.076042696262967 0
4351 7.003465249270919 0.9945706657000111 0
4352 6.294572692926847 1.935479113480275 0
4353 6.894063139421979 0.8666646209413109 0
4354 3.186144706592254 0.4773412829764908 0
4355 3.111127448621404 0.5519480395210723 0
4356 12.5085814060261 0.5623049436680774 0
4357 11.57945721812978 0.6587058856348971 0
4358 11.61528584240151 0.7663376242393497 0
4359 12.49922768335378 0.9106705855680555 0
4360 1.998806151335917 1.141486827228268 0
4361 1.986691186124066 1.125774665620053 0
4362 2.157214276510553 0.7922373242624081 0
4363 2.168326365341764 0.7496202274829827 0
4364 3.356076023422203 0.09363253049055036 0
4365 3.256076023422629 0.09363253049055036 0
4366 11.72146085553088 0.7246245809035854 0
4367 0.4431239774663041 1.627405985187679 0
4368 0.4812989749205943 1.616836091279351 0
4369 0.4671032092857506 1.65745315221597 0
4370 0.6865825504442866 1.329563038006007 0
4371 2.079755808080391 1.060106223210504 0
4372 2.091361526493332 1.077391961735617 0
4373 2.075117756868861 1.080400657319593 0
4374 9.682784301791909 0.7412977214301303 0
4375 9.700768794946857 0.826224824519654 0
4376 9.632533807609111 0.7904518419438932 0
4377 9.763594458609273 1.1206935160369 0
4378 9.831634876086785 1.042194501897944 0
4379 5.266144819783001 0.876464826660299 0
4380 1.211559186983398 1.405273388769723 0
4381 1.179937830198021 1.383663185071442 0
4382 1.438597799659465 1.0357157854687 0
4383 1.430806073342572 1.016237064407898 0
4384 12.27212876146185 1.760775551625985 0
4385 1.563442440778104 1.318182514367836 0
4386 1.950487822876895 1.114270974514425 0
4387 1.940668355539629 1.123802498866861 0
4388 1.937119303514129 1.107270087599479 0
4389 0.6989847408339207 1.876902716105413 0
4390 2.625781170355379 0.8869340415394063 0
4391 2.387540474861368 1.228062995060956 0
4392 2.426482124069961 1.248827177531852 0
4393 3.245042920387834 0.9723438601259369 0
4394 3.219004151599631 0.8995257101821954 0
4395 2.730945815626962 1.088799427634314 0
4396 2.713695096429188 1.031984488284519 0
4397 7.809835010063112 0.5586692815867305 0
4398 7.795264076871824 0.4449168700333335 0
4399 2.07787060628322 1.003868535429485 0
4400 4.631621504512644 0.08966738244994851 0
4401 8.041934073759146 0.08580199645378099 0
4402 7.991934073758956 0.1424121768084448 0
4403 7.949999999980818 0.05661018035466375 0
4404 1.92384744952643 1.166253198317468 0
4405 1.904322628589048 1.170547987365952 0
4406 9.579081057522856 0.2528247343401456 0
4407 9.673111264311164 0.1924168553422708 0
4408 9.681319465894205 0.2825689194582381 0
4409 0.03796058761163619 1.373837454959682 0
4410 7.508165284942233 1.03869342017895 0
4411 1.496512605335094 1.019357394991615 0
4412 1.303533797138676 1.118288154637901 0
4413 3.6090522687713 1.770131167535479 0
4414 3.537217768075472 1.741160727528847 0
4415 8.144517385245013 0.2600028325631493 0
4416 8.171265432926695 0.1619957818357609 0
4417 5.760603167531916 1.092628122432068 0
4418 5.678214192760766 1.127230216449385 0
4419 1.871109733704496 1.632019538652406 0
4420 1.829297650070881 1.647746283192587 0
4421 7.204563084575762 1.707960218374412 0
4422 2.085392395914747 0.6947619540725851 0
4423 6.389214366495746 1.630167545782121 0
4424 9.992929362675149 1.695386236576536 0
4425 1.768268351290476 1.071736294468912 0
4426 2.422629687527168 1.711197241669614 0
4427 2.395672969062925 1.75089884779926 0
4428 2.012127131376023 1.089971957367938 0
4429 2.460636009415889 1.106638468329898 0
4430 2.49779504011819 1.117084444706248 0
4431 6.154699484335774 0.8688288062206214 0
4432 6.067947488833759 0.8468171817067534 0
4433 7.863248478787639 0.4304095964101466 0
4434 7.950284182506971 0.4293988273489412 0
4435 7.952033019695454 0.4988918590882222 0
4436 1.749682185236293 1.464899417370198 0
4437 1.737388014249501 1.489012037648013 0
4438 1.711275262104582 1.480240877495628 0
4439 0.8732485309553214 1.590296872744897 0
4440 2.64557406754248 1.152347200319075 0
4441 2.606643258180055 1.128695567392013 0
4442 3.441456066632437 0.06446021032457336 0
4443 3.397532090058019 0.1580927408151237 0
4444 9.255062329447291 0.667792251152334 0
4445 0.08606970355477603 1.302011707614742 0
4446 0.133066763182927 1.296597193010201 0
4447 1.689257801869928 1.099643482682132 0
4448 0.424432637411679 1.295139472162299 0
4449 0.3780902559047293 1.304003557393876 0
4450 2.004342285982988 1.038266744309589 0
4451 2.001896767078868 1.025630046093941 0
4452 5.437803821412642 1.738121994468669 0
4453 5.510663737274822 1.781681493152438 0
4454 1.754675268836063 1.366500817831838 0
4455 1.768833145267965 1.386998937593961 0
4456 1.736726049736238 1.393960100458666 0
4457 3.229507528231107 1.095637442728179 0
4458 3.892264148984974 0.4541428153957207 0
4459 2.695183882992546 1.904761094024203 0
4460 2.738930470203623 1.9557241080933 0
4461 1.999170652732379 1.178304954411247 0
4462 1.97804715276936 1.187103789720169 0
4463 1.628352730414472 1.079554859991218 0
4464 1.613960231771686 1.06466453037979 0
4465 2.089298382339389 1.042943801057468 0
4466 5.457619803796275 1.658441618653057 0
4467 5.329502421835162 0.7072146649931814 0
4468 5.305146399627537 0.8045282231413702 0
4469 2.279996750052484 0.6840723156864448 0
4470 2.31779348424504 0.6449787866876878 0
4471 6.704453167224152 0.4538008168223375 0
4472 2.212207011921539 0.9892425766416397 0
4473 2.192076779883684 0.9723552817277699 0
4474 2.217346226624442 0.9714247316997426 0
4475 5.860763303446744 0.4510689242817 0
4476 5.06685951356988 0.7980093392352912 0
4477 1.71534949782694 1.822511576316602 0
4478 1.749736462400724 1.859613595808096 0
4479 2.585567605783888 0.4562008924489951 0
4480 2.575678530525695 0.5364153867637496 0
4481 8.399723117492695 0.5296784482776757 0
4482 1.063173030065149 1.954455862492911 0
4483 1.116806097511371 1.954455862492911 0
4484 1.052545301723035 1.568264901821152 0
4485 1.077490500361958 1.60458952649382 0
4486 6.757674001515309 1.791649210834815 0
4487 6.703886639041976 1.754143479892004 0
4488 6.78621501396163 1.716395656695143 0
4489 9.545070764877398 0.7605341030212066 0
4490 9.563055258032348 0.8454612061107303 0
4491 11.06285422026531 1.040075593487984 0
4492 10.97181957828426 1.040210437501923 0
4493 4.978367825254937 0.7835863689990554 0
4494 2.329920035839763 1.141586646380719 0
4495 2.363243126051847 1.151448158099959 0
4496 2.349086554334956 1.184592058082629 0
4497 0.5722141098422502 1.094439511738471 0
4498 0.5633666049452073 1.135883866129749 0
4499 0.1165874517876422 1.646472116136702 0
4500 0.08612050833939448 1.59862459171148 0
4501 2.183667305743542 1.085694975861843 0
4502 2.193987123814095 1.103499668024415 0
4503 2.164328375690704 1.100746925144951 0
4504 3.286367200628145 1.732093555239311 0
4505 3.343877720364796 1.689171352907899 0
4506 10.76614607524765 1.274272818116261 0
4507 10.84800018948149 1.276404050684135 0
4508 10.81674610451758 1.365228366310782 0
4509 5.522918593533104 0.4833177243727643 0
4510 0.957026058493519 1.328935886539381 0
4511 6.18134312069202 1.324062894005786 0
4512 6.245911173338631 1.385192189817002 0
4513 1.980625381242713 1.334744173335953 0
4514 2.01338831706652 1.325708231208022 0
4515 7.95065525306317 0.3492862556617742 0
4516 8.039439793970985 0.4177685183398498 0
4517 3.256044118503391 1.522746622244105 0
4518 4.406946332613495 0.2966943754283131 0
4519 10.48130593286463 0.07131963097631558 0
4520 10.42190496020997 0.1272613022376066 0
4521 1.791144817871641 1.300814780836829 0
4522 1.780380836638725 1.273270306431158 0
4523 6.669837264837393 1.676907651255505 0
4524 1.814947448109479 1.038455702420672 0
4525 1.59929224998085 1.192225537788019 0
4526 1.787642987431017 1.828745150883187 0
4527 1.762042575897545 1.509216200123743 0
4528 1.800306583654742 1.491312470678001 0
4529 1.190294624526518 1.13991060677542 0
4530 1.200026456669623 1.167793649835282 0
4531 1.999837527854794 1.156389929809601 0
4532 2.014814954573055 1.165515676456726 0
4533 9.521826237665334 1.413441212333957 0
4534 9.576118373061771 1.488191498902064 0
4535 9.485702912382493 1.479304536142232 0
4536 10.34572411990493 0.07239347910723566 0
4537 2.328965742056753 0.9990141089915712 0
4538 1.93812033185472 1.198498737573522 0
4539 1.960381971806774 1.192892416378339 0
4540 10.53091054889627 1.312673355152786 0
4541 10.60387175696537 1.372515632168248 0
4542 6.99841554643646 0.838272586264271 0
4543 6.93479452371427 0.7733679824323555 0
4544 2.311682127474289 1.551923305782456 0
4545 12.62946507783373 1.741014255358024 0
4546 1.723635652765833 1.524557660249173 0
4547 9.769499157407196 0.5057767508205178 0
4548 9.693801085073694 0.5741648511435407 0
4549 12.22044514332426 1.392297567149849 0
4550 12.1380241235578 1.376980861338706 0
4551 1.906629158411397 1.185520013741257 0
4552 1.923733139815867 1.198673761128746 0
4553 0.03627956550554239 1.62438603850079 0
4554 0.5317334451484466 1.48924522109364 0
4555 1.538714027733565 1.312050917454727 0
4556 1.553290298875252 1.343122000243758 0
4557 11.14768530443314 1.733819610724047 0
4558 11.08095326963112 1.779231759860436 0
4559 8.537734860765047 1.602715010334582 0
4560 8.640361717772304 1.567767529948749 0
4561 8.622763588356122 1.656596017871552 0
4562 1.120130170874015 1.29092201331653 0
4563 1.100102134092404 1.326538804364613 0
4564 0.1364259202425344 1.215270788332248 0
4565 0.08594192780685492 1.215822820585748 0
4566 0.1261496161631097 1.174745103607875 0
4567 10.95260215900072 1.29977129693867 0
4568 10.9020021297308 1.208815748744149 0
4569 3.254860143917506 0.4583669024272749 0
4570 3.244715659166734 0.5613286691690156 0
4571 10.67014237005098 1.423283558893582 0
4572 10.66862137719812 1.312329207017573 0
4573 9.187389593889932 1.919192648660898 0
4574 9.272095585332417 1.919192648660898 0
4575 11.40696982795654 1.81611797603933 0
4576 11.32415128813545 1.759239284079786 0
4577 0.126200033395956 1.812232131676515 0
4578 6.201372878783627 1.502408391556732 0
4579 0.382421622014833 1.764855095149135 0
4580 12.33871422242256 0.2729178313116841 0
4581 1.575922388123531 1.443930666679235 0
4582 1.544593876810792 1.476451944257906 0
4583 9.608237137012278 0.6184733888228853 0
4584 9.526480893852533 0.6699511742703816 0
4585 11.09610312623722 1.503867246100313 0
4586 11.16567609389336 1.556975607258115 0
4587 2.334849540924616 0.5898482487936083 0
4588 2.360161509830164 0.5500349086502504 0
4589 2.393714223976909 0.6081036791703577 0
4590 8.400932121045827 1.852105364901685 0
4591 8.319417212868057 1.817401366261164 0
4592 2.626553794209352 1.212447836460054 0
4593 2.676891439298315 1.19709998595955 0
4594 12.71979712474575 1.568088651848853 0
4595 4.837205831590106 0.9778162508315996 0
4596 4.892401370762039 0.9344746917011926 0
4597 7.923643647859669 0.182539213081951 0
4598 8.015577721637996 0.2117310291810682 0
4599 1.550550805962097 1.369055679528228 0
4600 6.15711954742471 0.4268946425237087 0
4601 6.095466784828844 0.5338727345860588 0
4602 1.631573397385664 1.357383591728999 0
4603 11.21959731944703 1.650261686603074 0
4604 11.25383780875781 1.565610836110768 0
4605 1.519088236277344 1.258344099483024 0
4606 1.496250985451344 1.249306715739435 0
4607 1.521408011940932 1.227586378679267 0
4608 1.672777460916328 1.495343420054554 0
4609 4.589355764152971 1.223161921739637 0
4610 4.616275661530344 1.291106954607132 0
4611 6.781073495709916 0.5207446270432262 0
4612 5.489104942168178 0.558310722150376 0
4613 5.591685213658654 0.5278265696213561 0
4614 7.071461099098828 1.741815466983035 0
4615 7.153655151691741 1.740668646157546 0
4616 7.131744020583215 1.792779536860856 0
4617 10.61136959872765 1.154927103514921 0
4618 10.5177775613319 1.207650257458098 0
4619 10.52679639594704 1.101016080680781 0
4620 12.92098543931317 1.623614993747128 0
4621 12.81943445490825 1.564032391756283 0
4622 1.39411714297803 1.956568172737126 0
4623 1.448989894934511 1.956568172737126 0
4624 4.141513509661324 1.201959297600687 0
4625 2.928509148097316 1.815342774701985 0
4626 2.869835489531152 1.811810033782613 0
4627 12.46372856609637 1.350154422421398 0
4628 0.7454877219482852 1.473559295469674 0
4629 10.99167747518387 0.1502087292472508 0
4630 10.94912933715563 0.0586729061174253 0
4631 7.796012790322378 1.452017116897684 0
4632 7.896625987277309 1.441571965430524 0
4633 2.189095497715817 0.9331704924356563 0
4634 2.161094140926001 0.9266361943151877 0
4635 1.775299423159498 1.045243147775601 0
4636 0.03796058761163619 1.323837454959682 0
4637 12.9178991724925 0.8293152774590689 0
4638 9.464977414756723 1.574307245371606 0
4639 11.23584701929759 1.7424548395767 0
4640 8.164147458054483 1.870137537545947 0
4641 8.059220369986299 1.82806734552574 0
4642 11.98966183667366 1.184129617257959 0
4643 12.0243224597112 1.26094781481807 0
4644 2.222965415410735 1.004540299594807 0
4645 2.197695968669977 1.005470849622834 0
4646 4.462229176202667 1.782104087979406 0
4647 10.37066087010953 1.081109688917938 0
4648 10.33856606269229 1.153789760987504 0
4649 10.27602257425053 1.081160215281484 0
4650 1.38295136533706 1.651283521966315 0
4651 0.7779622466277116 1.736238111211929 0
4652 0.7399082047952077 1.768790288492222 0
4653 3.616087976706583 0.4467313018646693 0
4654 2.230080551499896 1.887030002865688 0
4655 2.173293239324865 1.869130761058561 0
4656 3.475947378273469 0.1987566998588724 0
4657 10.8897802341366 0.2004979238476381 0
4658 9.873469252498655 1.565009233848887 0
4659 9.792503433600221 1.532401492223078 0
4660 9.855583002445645 1.472364711205605 0
4661 7.357220786738139 1.836673679358978 0
4662 7.27220733811492 1.841023214478248 0
4663 11.38213920298953 0.1794551892721548 0
4664 11.34202913128067 0.07794787936952116 0
4665 1.348626423676617 1.291994144689405 0
4666 1.357597393538758 1.262498759297698 0
4667 12.06340093412085 1.322754105225449 0
4668 1.799564713107686 1.332096163156455 0
4669 1.778362469131744 1.328258272647507 0
4670 2.024951198035232 0.5375093277180235 0
4671 2.0693672598501 0.5619488820652465 0
4672 1.121840651357922 1.076042836191763 0
4673 1.090126967576988 1.075408139190525 0
4674 12.35575494401613 0.1876447941256271 0
4675 12.33710434466068 0.07229961809657691 0
4676 9.24840754317254 1.566777127318128 0
4677 1.883250412960543 1.085022385880433 0
4678 1.872084583922867 1.090331886208197 0
4679 1.871539478437164 1.074166998745054 0
4680 0.5610422687667027 1.779129545686301 0
4681 9.492388084561124 1.348295594564319 0
4682 9.582803545240402 1.357182557324151 0
4683 0.2489423444058815 1.566775117281832 0
4684 0.2134014924621492 1.525338864419726 0
4685 3.559002149438566 1.647778199376005 0
4686 3.629460365946494 1.625930975008757 0
4687 8.628015426635294 1.488872942833779 0
4688 9.024645442583216 0.4438723501854593 0
4689 9.094760729777265 0.3624413573206402 0
4690 12.81763010043249 0.4354025259665151 0
4691 12.92094501499997 0.3763618829714782 0
4692 2.673108171723057 1.449170073641318 0
4693 2.621718158995777 1.490159578172897 0
4694 2.133542091680767 1.312326545247588 0
4695 10.69987546216203 1.223504891390926 0
4696 8.489465782176833 1.106747020166006 0
4697 11.1647872721908 0.364369597751336 0
4698 11.17452332918383 0.2704632249107317 0
4699 2.523148257228331 1.351679894071175 0
4700 2.475364405824686 1.32193246941675 0
4701 2.223365872282527 0.6404800072457418 0
4702 2.235553897031973 0.6855958171301235 0
4703 1.596412451894135 1.07034712286062 0
4704 2.011685578654306 1.795040358716798 0
4705 2.049170166384994 1.788183703628656 0
4706 2.045131633777607 1.83476928203705 0
4707 5.216335858705603 1.722912116458976 0
4708 5.221070671135099 1.792648989424746 0
4709 1.979830159903378 1.111570622641383 0
4710 1.975269446755675 1.125168959622786 0
4711 1.910645373033643 1.509055157799267 0
4712 1.899227163945108 1.535722344631122 0
4713 2.004071601630334 1.299293867838983 0
4714 2.031690436423858 1.312873123074729 0
4715 1.041654259693479 1.696443200271467 0
4716 1.058564600550898 1.741136079274863 0
4717 1.707957704556802 1.226864753574705 0
4718 1.684286277483364 1.226591153807409 0
4719 1.68725195932353 1.207537197926103 0
4720 3.481340985348813 1.747669514704095 0
4721 3.494548023385527 1.816661645136696 0
4722 0.5426700811810237 1.262252194459874 0
4723 1.12755828747701 1.103124416281159 0
4724 0.0885481136589221 1.138507644949673 0
4725 2.493558364453904 0.8406142678569117 0
4726 12.71797044389176 0.4311609432871375 0
4727 1.164434370143474 1.132443761391838 0
4728 2.036884411535228 1.676210302713632 0
4729 12.25716796773006 0.2298722733792109 0
4730 3.166710407271433 0.6522191006515016 0
4731 3.244441808300103 0.6343097153764001 0
4732 3.235151993730054 0.7062257663096702 0
4733 2.034370415267018 1.178600235047191 0
4734 6.505274565677881 0.6422054366807528 0
4735 6.408206883615054 0.6606882062842177 0
4736 4.766533124623388 0.9277678082602202 0
4737 0.05071530179520702 1.100859077018986 0
4738 0.03783281186371509 1.137648567930688 0
4739 2.231053506416636 0.6005395856276737 0
4740 2.284240770098295 0.5869100161675805 0
4741 11.626752217985 0.392544196003316 0
4742 11.69936430252951 0.415421917687255 0
4743 1.632896116445431 1.460688587346857 0
4744 1.64951727772943 1.425476923515257 0
4745 11.34794874261822 0.6832968657347618 0
4746 4.805889099330996 0.4460368306626913 0
4747 4.717707789186133 0.3955624150121353 0
4748 4.804520262836128 0.3792473853521459 0
4749 10.87913443547534 1.034885020352887 0
4750 10.86521299487217 1.143490739880907 0
4751 1.965260862628377 1.605000903586961 0
4752 1.995962734897732 1.58827879329448 0
4753 2.732694947267756 1.197399481802223 0
4754 1.764754281309233 1.344683817575655 0
4755 11.66389699299078 0.5084774073830419 0
4756 8.0804613009958 0.9267649285460564 0
4757 8.040032698044335 0.8218899789900035 0
4758 4.354763003566703 0.5390900536976522 0
4759 4.417233383987883 0.4631546802615275 0
4760 8.326594261585523 1.379532127129452 0
4761 8.279255439567983 1.299121347528741 0
4762 0.2838812992146372 1.664192142943122 0
4763 0.2711514531863844 1.603596929311475 0
4764 9.657511723553046 1.365501312067575 0
4765 9.628073570448837 1.300355694297938 0
4766 0.6232022954261749 1.961550479862909 0
4767 0.6752259285755178 1.961550479862909 0
4768 1.534817876153355 1.011206939059966 0
4769 1.525349077643437 1.030564334051581 0
4770 1.516019993029869 1.019357394991615 0
4771 2.069543562696895 1.094666036291525 0
4772 2.057937844283955 1.077380297766412 0
4773 1.826368045757784 1.321519699002494 0
4774 2.131963752430896 1.730460946368761 0
4775 3.699857542821251 1.418056166627724 0
4776 3.668252688423474 1.346187132059444 0
4777 10.69082544378435 0.751686270997733 0
4778 10.64543168851518 0.6614482534295014 0
4779 5.782502548713382 1.42795617559354 0
4780 8.522232706809334 1.929973519181818 0
4781 8.604396772458564 1.929973519181818 0
4782 4.22463188205702 1.707359250801616 0
4783 1.760595943177642 1.060428918233851 0
4784 10.43926980416484 1.06405626996458 0
4785 0.8426475791171588 1.618051444134062 0
4786 1.286876720266473 1.078492652910398 0
4787 1.262121466577913 1.073696542946881 0
4788 4.53490693335598 0.9204941946129799 0
4789 7.551531391371251 0.2566655365726113 0
4790 7.647977136403425 0.2741729686644482 0
4791 0.2236133555624401 1.192648736604756 0
4792 0.2324489498081747 1.233855601728002 0
4793 0.1854692028445238 1.215399936477621 0
4794 1.2712306488351 1.653606324606979 0
4795 1.309096505385476 1.631025789414093 0
4796 10.57847997768968 0.6156600680952959 0
4797 11.04664857773836 1.941183977217773 0
4798 11.08205370818281 1.854190359066609 0
4799 7.201447962030577 0.2754855579678716 0
4800 7.659518554910989 1.712111374800456 0
4801 7.661985351853045 1.799434930687427 0
4802 7.607715327411126 1.743589736081178 0
4803 3.182841567620027 1.81270102848204 0
4804 3.236437129441805 1.775205918401834 0
4805 8.122117673183764 0.4231413811228767 0
4806 9.346339881662308 1.233939912539964 0
4807 9.424593798475575 1.291763984401489 0
4808 3.92966550424083 1.936969016651882 0
4809 3.957350552162258 1.88576368920378 0
4810 3.999337190751285 1.948794672551897 0
4811 1.251257272980744 1.181551249688234 0
4812 9.738699466154346 1.374215709310579 0
4813 9.693429440945911 1.431042572336793 0
4814 10.38189708512432 1.405133345919195 0
4815 0.4227149000898146 1.926681876242812 0
4816 1.762777332089934 1.226227508125681 0
4817 1.745633061398659 1.223684599410953 0
4818 1.761675760785177 1.20264238799862 0
4819 3.148612142606445 0.8013301739291778 0
4820 3.07696012213355 0.8464916178728357 0
4821 3.085768572228489 0.7692965955284294 0
4822 12.62937488393068 0.2585368533212337 0
4823 10.52188349647056 0.5513553091586356 0
4824 10.62497011124367 0.5279707200330757 0
4825 1.894315846565601 1.090727709733353 0
4826 1.893770741079897 1.074562822270211 0
4827 2.125078324023766 0.7347047544220742 0
4828 2.162752929849692 1.762431124023257 0
4829 2.201698057035867 1.730483528880113 0
4830 1.057431130507494 1.076582178024621 0
4831 5.564918089817366 0.6759675414235953 0
4832 5.499853715681632 0.6294264126730176 0
4833 8.141934073759526 0.08580199645378099 0
4834 4.177467666786711 1.667514320179824 0
4835 4.152381987824307 1.73510436381898 0
4836 7.107888446687603 1.100440127294735 0
4837 4.701893944463623 1.331474134260223 0
4838 4.639968106163501 1.365428122167736 0
4839 4.096924079023958 1.161347783885895 0
4840 4.045551819000775 1.095468176079556 0
4841 6.594376065575114 0.8871938419652373 0
4842 6.593294482906068 0.7821962124967281 0
4843 2.199290240241798 1.070085765339347 0
4844 8.459651172683664 0.9636559048207045 0
4845 8.508692016440769 0.8856609133975935 0
4846 7.733851703745529 0.2967941294521965 0
4847 1.756334386073188 1.313402435256029 0
4848 2.923159486545353 1.558888302675745 0
4849 10.33689408305112 1.926802595102597 0
4850 3.967850391365253 1.128532943031729 0
4851 1.153865754546598 1.025631132464767 0
4852 9.320052545466734 1.146788599861489 0
4853 9.248615607163947 1.201754793172601 0
4854 1.99242188090773 1.041707531137304 0
4855 2.92115454928039 0.4442610323671886 0
4856 4.774197744398426 0.2953367843608052 0
4857 0.7998420027233667 1.635413136163701 0
4858 0.8214965414962373 1.669008055394047 0
4859 4.988580134126133 0.9194886904674464 0
4860 4.925004616624538 0.8695143434888081 0
4861 1.349091481860539 1.405676827491032 0
4862 1.38442314339765 1.422025871389007 0
4863 2.031282580538515 0.9857521474438016 0
4864 9.224099444915357 0.07887485337310871 0
4865 7.796708350453741 1.710586654498965 0
4866 6.855728413922588 1.937503885702693 0
4867 9.525513356577486 1.919362883471423 0
4868 4.751087133868138 1.282904958402594 0
4869 6.434315735578506 1.583189812232074 0
4870 6.474974783605757 1.505456149131403 0
4871 10.57890745871326 1.915278452859888 0
4872 2.623636298175005 1.290244707809586 0
4873 2.761049734846136 1.653747660665374 0
4874 2.800372773220841 1.609071666640682 0
4875 11.27400432244311 0.2568752811504274 0
4876 1.932359190679142 1.010656896121787 0
4877 1.92109949965931 1.010656896121787 0
4878 4.72980147883944 0.8574459153677494 0
4879 4.667508750202384 0.9007133789054151 0
4880 10.44633734611566 1.258762332318645 0
4881 8.87483334957053 0.5744618045103849 0
4882 8.665460551019079 1.235389897375987 0
4883 1.784819565429101 1.227374509623892 0
4884 1.768776866042583 1.248416721036224 0
4885 0.5142406187307816 1.457447919001559 0
4886 0.4980297299128771 1.422266786358225 0
4887 0.5464246019511012 1.428919779611425 0
4888 4.949323157515622 0.6405075056319589 0
4889 5.015058071960493 0.5921935847799466 0
4890 1.466734127330267 1.434793004698588 0
4891 5.981932355777685 1.086969806190882 0
4892 5.92282001358743 1.018325380045563 0
4893 6.001541528564218 0.9979504984276357 0
4894 11.62275817726055 1.77276311748658 0
4895 11.53737322730454 1.817798370812591 0
4896 2.091344483395726 1.792741549222231 0
4897 1.715350039725501 1.415184117446627 0
4898 1.701192163293599 1.394685997684503 0
4899 1.47222750621462 1.230201021551124 0
4900 2.116407041809702 1.952466669669774 0
4901 12.90019629063411 1.801017343717761 0
4902 12.82118172994727 1.724632337465679 0
4903 12.92098543931317 1.723614993747392 0
4904 0.8410124281697446 1.960715701841924 0
4905 0.418670319957094 1.596896576476023 0
4906 1.521398689712087 1.283587934060999 0
4907 7.952112386524146 0.9787594170339682 0
4908 8.028990410142637 1.002293384096878 0
4909 5.86239412908601 0.9748924134147148 0
4910 5.842784956299478 1.063911721177961 0
4911 6.559874862268558 0.08450916736711102 0
4912 11.46818279013195 1.886327149687407 0
4913 11.53215990348282 1.931471221125184 0
4914 9.093711544096852 1.184871486887025 0
4915 2.962368801221933 1.303220357895561 0
4916 2.930257036832122 1.252664493503711 0
4917 11.40175650413482 1.929790826351923 0
4918 12.17109043446101 1.914634663829441 0
4919 0.8572930142174163 1.299070940531886 0
4920 0.8343304142350552 1.336665841661232 0
4921 0.8211944403855365 1.310478362312324 0
4922 12.06540422086981 1.419744677811511 0
4923 12.04150487920182 1.506499313853616 0
4924 8.448704102445088 0.8426595026782175 0
4925 8.536045042949251 0.8299334847095387 0
4926 1.839371592208154 1.056786723063023 0
4927 1.826465498354223 1.043885219000499 0
4928 6.817948272281377 1.81445457952167 0
4929 10.39277916747902 1.3188734073399 0
4930 10.37964617991464 1.213850309645213 0
4931 1.957673595693191 1.104351739945579 0
4932 1.961222647718691 1.120884151212962 0
4933 2.455400149064758 1.041463628533057 0
4934 2.45946758425723 1.001149392133838 0
4935 2.265105854452381 1.928654655209399 0
4936 2.311322641826357 1.888566967940318 0
4937 2.301202771807929 1.959912312730919 0
4938 8.521577684372829 0.7324806835425566 0
4939 8.581565598368508 0.7754820942619323 0
4940 1.487514346250654 1.627601855563742 0
4941 7.952022270892693 0.8503725237385138 0
4942 7.9977267703794 0.7566407283135699 0
4943 12.74184509199671 0.8564089903494176 0
4944 5.366526403320808 1.570945511487573 0
4945 11.25223927312156 1.842797208200759 0
4946 1.018209830896026 1.964504613931594 0
4947 1.052484386489392 1.918960476424505 0
4948 0.1365444663721281 1.464345538054054 0
4949 0.1324300687815277 1.519911332571445 0
4950 2.04700139219602 0.4339219315915214 0
4951 2.140902693881022 0.9825915797667308 0
4952 2.048109751768259 1.194794342280115 0
4953 12.14680750088769 0.08858025917120044 0
4954 6.201003361180097 0.9195536059962923 0
4955 6.254198257550739 0.9766553205319095 0
4956 0.08723067270023406 1.691268435177345 0
4957 4.110643360264152 1.830903513776595 0
4958 4.129595056857198 1.781047353826955 0
4959 2.335571198901022 0.3710002036970137 0
4960 11.18457726930815 0.1694837024993466 0
4961 8.637683438248903 0.7067526051706901 0
4962 8.652150796825325 0.8042054063376721 0
4963 2.088978422735783 0.7290485727509508 0
4964 8.115123512580809 1.013436538227986 0
4965 1.498317863811119 1.365443147814077 0
4966 0.4417184178439922 1.108487247995687 0
4967 0.4647276872344608 1.151729633126568 0
4968 2.389462379517799 1.125928290189744 0
4969 7.794527234943981 0.9864730614541925 0
4970 7.870134312712676 0.9767880567032862 0
4971 8.780365494747908 1.934593670571944 0
4972 8.827205620434196 1.861368500568821 0
4973 8.868553379944983 1.926774829996876 0
4974 2.551706751632303 1.566443004061321 0
4975 2.608891864713732 1.575994455442643 0
4976 8.750287586114865 1.238198307285944 0
4977 8.816366704749104 1.268244132977589 0
4978 2.740205686305681 0.8861850954748033 0
4979 2.678661778788965 0.8936823673737656 0
4980 2.759644105420768 1.572621928387132 0
4981 2.825488781153818 1.568723540905711 0
4982 1.727727438245435 1.203955138488645 0
4983 1.728829009550192 1.227540258615706 0
4984 1.345664727942857 1.118846933138228 0
4985 1.324573515815251 1.118960611181219 0
4986 1.392986827158182 1.915255852547324 0
4987 9.485571106050642 1.235505329391682 0
4988 8.565528970667451 1.425992900069395 0
4989 4.141099417389816 0.7553078972056535 0
4990 1.183730731876054 1.4351643647318 0
4991 2.406140741450577 0.6962372114056553 0
4992 0.4225396776574393 1.789636305614025 0
4993 0.4681014426931461 1.766032976277887 0
4994 5.583492022375871 0.1850566030472984 0
4995 5.54159868501544 0.07896626452777894 0
4996 2.046355724192607 0.9076615492340125 0
4997 2.045969122614793 0.8861375545624837 0
4998 12.92094501499997 0.276361882971735 0
4999 12.82104590596767 0.2762609920042323 0
5000 9.56289523212191 1.080188433619416 0
5001 9.512631674604796 1.165582099577926 0
5002 9.468040377482209 1.093580053270342 0
5003 2.084725321280507 0.8653683983378917 0
5004 2.09922962878045 0.8832037734995651 0
5005 8.971389022734019 0.2181353087404812 0
5006 9.026342563843645 0.2758139717302643 0
5007 12.35945515781794 1.365901186615473 0
5008 12.40513628462019 1.294876936180854 0
5009 1.15063470025182 1.760937395921085 0
5010 5.344413000356013 0.5732748214492346 0
5011 0.5491297553623211 1.63151040588512 0
5012 0.5185833888575695 1.610091664358049 0
5013 0.7231327179424048 1.335645631678847 0
5014 0.7670535471305937 1.328667361598207 0
5015 1.444084179667342 1.056480002008661 0
5016 8.480030899758461 1.884117056171325 0
5017 8.896953777935815 1.290312911181119 0
5018 5.888135953776295 1.877219671477741 0
5019 5.879432986706561 1.816834546794953 0
5020 0.8099061226472664 1.173544514953222 0
5021 0.8431389168905121 1.168102226239797 0
5022 2.352562380919144 0.9416126882514482 0
5023 2.383399023006726 0.9168492664922272 0
5024 1.752416426110867 1.011650174310686 0
5025 1.622389380399921 1.262888969815548 0
5026 1.450992579592128 1.075735728823073 0
5027 3.01888896040584 0.7429255231315728 0
5028 3.090540980878735 0.6977640791879149 0
5029 5.82588062020232 1.801635723375042 0
5030 5.882723641822079 1.750702581188156 0
5031 7.976150923104298 1.620827508026199 0
5032 9.156650338382875 0.168737395538992 0
5033 11.25525398980609 0.650214594394726 0
5034 2.061282017576458 0.819006338651006 0
5035 1.919356819476057 1.476925801028835 0
5036 1.940868227195146 1.501317591548977 0
5037 2.984430081949903 1.355711478203467 0
5038 2.913924784736835 1.346767380938251 0
5039 1.988976253390478 1.769486896143732 0
5040 1.938720058693669 1.76325544819812 0
5041 0.3742836463722942 1.347032321621219 0
5042 1.467279947612417 1.094137169801047 0
5043 1.442974999301693 1.092404002873693 0
5044 12.10940185555669 1.567485647887517 0
5045 0.8479022645905743 1.115849979329445 0
5046 0.8150025637288334 1.105338142141964 0
5047 0.8318012292572014 1.082419435741271 0
5048 9.052847850093009 0.8403152048287701 0
5049 8.980719832070946 0.7742591171943254 0
5050 0.7898144667320408 1.318633368842408 0
5051 0.8127770667144021 1.281038467713063 0
5052 8.363665253006182 0.8473623810099908 0
5053 8.371435666177638 0.9518451018614558 0
5054 7.031456462432331 0.915162495599376 0
5055 2.369478630703155 1.874407557972216 0
5056 6.828370365234591 0.5830902706056705 0
5057 6.729133430487014 0.5948254599288754 0
5058 8.999256884881191 1.013796847297845 0
5059 9.078400229441026 1.046220421316443 0
5060 0.2101566751945306 1.453284243055151 0
5061 10.67391357195501 0.4575862085191185 0
5062 4.239281605573062 0.652097430273032 0
5063 4.305588340866338 0.5976347302008603 0
5064 5.635536134116487 1.261501554488743 0
5065 5.658366788775047 1.186088282085605 0
5066 12.68104442033159 1.12232810230758 0
5067 2.450348035419981 1.07291860293955 0
5068 2.419324317131905 1.04451912879425 0
5069 7.217608627971212 1.895816358017683 0
5070 7.275877892910005 1.945206856460565 0
5071 11.95479519759917 1.11473974449519 0
5072 11.8805069343436 1.152430172618207 0
5073 11.91384234658497 1.055288390535365 0
5074 2.071147332840997 1.327504252097443 0
5075 2.1019840007083 1.351804852387802 0
5076 2.071843819727346 1.363588086734127 0
5077 12.64195265531422 1.220412150834261 0
5078 12.1665160861675 1.664865712379066 0
5079 12.19714164091758 1.571351498416318 0
5080 9.764335388459957 0.3084034393028592 0
5081 3.70689479095587 1.601778145547337 0
5082 3.784479846285744 1.607547147643147 0
5083 9.978133100553979 1.427805586001878 0
5084 10.07638128394129 1.416761634318526 0
5085 12.06470549561252 0.6218792280228943 0
5086 8.447017645858441 0.7056672443557819 0
5087 8.391018279514665 0.7916349523219362 0
5088 7.904393468668932 0.30638731506272 0
5089 7.801836105661343 0.2822868558290096 0
5090 7.84472993273112 0.227757606220864 0
5091 1.775328274067204 1.419263658247955 0
5092 3.372352768354967 1.105011548405838 0
5093 3.432877718589261 1.061952248319415 0
5094 11.24202913128029 0.07794787936952116 0
5095 0.8013115719459849 1.136896253035256 0
5096 0.03627956550554239 1.67438603850079 0
5097 11.69713443729495 1.917945658520097 0
5098 12.30266714171169 1.401507476686911 0
5099 12.22224940869419 1.483181343461831 0
5100 11.10688671165216 0.4497990463854822 0
5101 11.02687694307756 1.455759043430764 0
5102 11.13069040004449 1.42421655409626 0
5103 5.32615407575682 1.828927142810741 0
5104 5.269015718480111 1.826566963904347 0
5105 5.314617062861267 1.762193667251105 0
5106 2.155070192400213 0.90796192868801 0
5107 2.141469692573682 0.8844374262861335 0
5108 0.145261514488269 1.256477653455494 0
5109 8.344880390066674 1.448657191273704 0
5110 0.2643784252433246 1.257823275314779 0
5111 0.2262342725254082 1.280574475187644 0
5112 2.466017620892155 1.481435823009745 0
5113 1.547554505135161 1.767225639899504 0
5114 1.493148204187094 1.76939166497823 0
5115 1.593052921523312 1.956866692794209 0
5116 1.535258711596404 1.161683739071956 0
5117 1.549855091502847 1.175534072798824 0
5118 7.350823465175605 0.5032578927839568 0
5119 5.710066650965247 0.8429833268227329 0
5120 5.616448617140861 0.8325884625319306 0
5121 5.665582651165392 0.759510379739025 0
5122 12.82553479483494 1.385136723415403 0
5123 2.79975955456762 1.73790582387895 0
5124 2.766248166693508 1.794143283986204 0
5125 10.00192576568762 0.9653113107687481 0
5126 10.10177843817103 0.9741614818414091 0
5127 6.241855753864071 0.8638756923361359 0
5128 1.243470711142077 1.771165354467759 0
5129 9.764611803729224 0.9806595872814765 0
5130 9.865758517872923 0.9680061702278342 0
5131 9.225068504316496 0.2553647811293679 0
5132 0.454956028212657 1.731104771529722 0
5133 0.5017593576545864 1.750363991998821 0
5134 1.406930319233926 1.548493499961232 0
5135 1.368092323161796 1.544676500491097 0
5136 4.850822098417734 0.5111038139015315 0
5137 9.5223547755288 1.758533103316714 0
5138 9.563811269879237 1.678708406262104 0
5139 10.22030215843254 1.027860785100771 0
5140 10.16967687353616 0.9723826164292462 0
5141 10.2574920967714 0.9530019745403936 0
5142 9.440226091470805 1.636450053861728 0
5143 9.448364431304562 1.727151469624815 0
5144 3.953239690770481 0.7619033624647227 0
5145 7.821086284852081 0.1584387538482406 0
5146 1.06920665684613 1.101997446288088 0
5147 2.414033445397403 1.296421464337322 0
5148 2.392485480273479 1.32063565955717 0
5149 2.371123340051773 1.285886615539891 0
5150 12.02299724891504 1.086987835175118 0
5151 9.930825737869997 0.9125293550329714 0
5152 9.999969913327139 0.8482995809574183 0
5153 1.758338603299557 1.272123304932948 0
5154 0.8388180176417392 1.364090703143001 0
5155 0.8749165914736192 1.352683281362563 0
5156 9.385806624543264 1.111591843476313 0
5157 11.99432610088088 0.5087752788045432 0
5158 2.035668511171203 0.9401234707419354 0
5159 2.040543691922315 0.9215796081709472 0
5160 12.63935202495529 0.6855712157148268 0
5161 12.68183605311374 0.773651520583209 0
5162 12.60540781084999 0.7661071209102651 0
5163 0.2898878029105237 1.138478237220236 0
5164 0.2454313155612253 1.118830181951915 0
5165 2.525731487062697 1.494614784923997 0
5166 2.508148534297956 1.45684862100454 0
5167 1.968083673939379 1.135088194191632 0
5168 9.584411117881693 0.9417826661726246 0
5169 4.157519938634467 0.08446723311313234 0
5170 0.1295394256175265 1.032527083279025 0
5171 0.09883293155126971 1.050859077018986 0
5172 11.7876427006466 1.612863224325584 0
5173 0.4946041570381229 1.580044497329759 0
5174 12.50567159597373 0.7464536391254939 0
5175 12.54815562413218 0.8345339439938759 0
5176 0.5325940903806659 1.674019600744156 0
5177 1.98316184949524 1.154276105182789 0
5178 12.83015144026812 0.6075012274989412 0
5179 12.79135648844512 0.6950183921982317 0
5180 12.92708577923986 1.344719325405986 0
5181 7.679971691640922 1.660654533695697 0
5182 4.791905652495196 0.8107426473053807 0
5183 1.159676046073056 1.438612224223987 0
5184 2.071952590231251 0.4604256365828978 0
5185 2.024951198035232 0.4845019177352707 0
5186 3.214071743557435 1.716586521210316 0
5187 1.926570503020939 1.102485359735383 0
5188 1.936389970358205 1.092953835382947 0
5189 2.268986953098136 1.005697178143559 0
5190 2.270061283173413 1.033380241281589 0
5191 2.238550788737573 1.015995089751643 0
5192 8.977622059981874 1.530136671941898 0
5193 9.010399567777382 1.603506363989871 0
5194 2.053214615134192 1.108321664372234 0
5195 1.25959903207697 1.208227834967636 0
5196 7.556885311661938 1.79467847801346 0
5197 7.554418514719883 1.707354922126489 0
5198 0.9461801403309444 1.198518472068668 0
5199 0.9807891152377071 1.210443761987752 0
5200 0.1815817972332188 1.527841121205391 0
5201 8.293166534705552 1.757251731335295 0
5202 11.20208465588504 1.36450856782233 0
5203 10.5781136314391 1.572960228695002 0
5204 10.49548514184842 1.614272625243943 0
5205 1.558786182136091 1.121162777958609 0
5206 1.566825565470204 1.104214321339683 0
5207 0.03783281186371509 1.187648567930688 0
5208 1.859696927507735 1.340095115263587 0
5209 1.868150157818138 1.363090663074433 0
5210 12.9334663548356 0.6484605845036128 0
5211 10.10117345335265 1.331335331111668 0
5212 2.010636596128021 0.9470158654477494 0
5213 2.031728771705113 1.234563211193691 0
5214 2.056142751060553 1.240474226250729 0
5215 2.018927680871483 0.8322724747575554 0
5216 9.158699496304653 1.599908743440286 0
5217 9.17104996147286 1.510199904825035 0
5218 9.133519952854226 0.2663524699221424 0
5219 2.064479554367116 1.212371380082427 0
5220 1.829715303950854 1.070050502707741 0
5221 3.167839453428005 1.958344261464602 0
5222 3.161874845564287 1.891195847760222 0
5223 3.207506070732678 1.93285158629562 0
5224 6.255950066529908 0.557780497213789 0
5225 6.233251903795365 0.4749655181360489 0
5226 2.090841604916964 1.41891872189277 0
5227 2.121418316831069 1.41989965915923 0
5228 2.109579434153385 1.450929694027515 0
5229 7.633161599989962 1.130430057524416 0
5230 7.61082541951486 1.220666606391099 0
5231 11.55452132154262 0.5399953996156848 0
5232 11.61984694324354 0.5903127615777748 0
5233 11.68883288957794 0.6271878934022542 0
5234 2.247460743042603 0.8400904191761176 0
5235 1.511246547809234 1.308527419936921 0
5236 0.9334845921091188 1.942462551024138 0
5237 0.9760220544865932 1.906967164955732 0
5238 0.9649837249427938 1.964504613931594 0
5239 6.956774165884943 0.1779274032896398 0
5240 6.946208491909513 0.0652450604568546 0
5241 4.188339672057619 0.6981624028406679 0
5242 7.897917886418043 0.5628014250574756 0
5243 6.564247949579152 0.7224838188452243 0
5244 8.8048272061631 1.048632674735415 0
5245 8.744461395230175 0.9674858296815609 0
5246 8.846441462585478 0.9754748764270791 0
5247 7.16702783137842 1.944845374729643 0
5248 7.163357276583335 1.840661732747326 0
5249 2.15714547614654 0.9965459481732919 0
5250 2.13958943491046 1.003188998286481 0
5251 6.879090664836213 1.869049366286774 0
5252 10.57991705775311 1.746503689532762 0
5253 10.62544823904574 1.658491650063277 0
5254 1.940821646972009 1.141101637112916 0
5255 2.253243211409048 1.713237935592224 0
5256 2.834636871259892 1.426735871131049 0
5257 2.810996352210409 1.468950500328698 0
5258 2.783690558913411 1.414602509241729 0
5259 4.882189061890843 0.7985723702328018 0
5260 8.74942384004509 1.112183020623305 0
5261 7.171277925736401 0.83177367729295 0
5262 10.09777988435506 0.817405145472615 0
5263 10.02667985653743 0.7646231897368383 0
5264 0.5541312958205859 1.90592030261325 0
5265 0.5116818729196641 1.936443192506753 0
5266 2.130861922701953 1.789540649150049 0
5267 1.443749104748162 1.624935266436856 0
5268 8.691054304298742 0.8836314634010697 0
5269 10.50231539918812 1.714923501318875 0
5270 2.100238035793979 1.024547578147585 0
5271 2.106939231159452 1.038701304716645 0
5272 1.774206175907817 1.113328372871227 0
5273 8.140177371709712 1.100169113840637 0
5274 7.849999999980438 0.05661018035466375 0
5275 0.1821100457849164 1.296726341155575 0
5276 2.064327491222885 0.06112267599008493 0
5277 2.064327491222885 0.1513017491357623 0
5278 2.87165857171385 1.385823190645118 0
5279 2.898964365010847 1.440171181732088 0
5280 8.762021920534492 0.08900309579372043 0
5281 8.662021920534112 0.08900309579372043 0
5282 2.226105033876148 0.2806933228398663 0
5283 2.28937187401952 0.3326285461660955 0
5284 0.482640298964281 1.173808229980343 0
5285 11.27011134375367 1.307696320383902 0
5286 11.26794327107277 1.415512509327381 0
5287 4.191534791459682 0.6033053026799983 0
5288 0.7850528696466165 1.248756909209726 0
5289 2.829275898892157 0.7955311491798631 0
5290 2.823851305793869 0.7265252735106971 0
5291 4.824408790200394 1.701578826065239 0
5292 4.882679883176742 1.652140713867009 0
5293 1.525822392917559 1.362924082615119 0
5294 2.139458499245347 1.394529177294508 0
5295 3.895233686904024 1.656681522176193 0
5296 3.835388397592332 1.605287118542627 0
5297 9.114132354335288 1.464584489859248 0
5298 5.298447574816611 1.583277924736463 0
5299 1.23090933464244 1.590165813923598 0
5300 3.006183921782193 0.9000260949863628 0
5301 2.048177156700034 1.066360096838747 0
5302 1.60024009774405 1.099599080042972 0
5303 1.597707522436067 1.084254060360137 0
5304 1.614689919400562 1.094164396948734 0
5305 12.74233354846384 1.65128624758788 0
5306 1.463356537390316 1.786034935818255 0
5307 1.41971585696967 1.828285971298865 0
5308 9.690503231353574 0.9651134319925012 0
5309 9.624396048471205 1.031517153131709 0
5310 7.870044197081223 0.8484011634078319 0
5311 7.770933863082791 0.8422127298419799 0
5312 2.219960681481468 1.958375347656289 0
5313 2.148227846103504 1.179817138099776 0
5314 2.166447327106866 1.190510932034921 0
5315 2.150427748225827 1.208993496031416 0
5316 7.072187846724622 0.8218658570904207 0
5317 1.8969332231011 1.352760403510448 0
5318 2.064745266876198 1.280889368598345 0
5319 2.040602752536043 1.293553979962571 0
5320 6.869719753250273 0.7298169821806853 0
5321 6.974072160264755 0.7014249475036455 0
5322 1.65367237659127 1.346325950078218 0
5323 10.28500788405564 1.21390083600876 0
5324 9.837090667045334 0.2991362712744399 0
5325 9.890987452124158 0.2505046953062666 0
5326 2.857856326448902 1.767776120426096 0
5327 3.919315062838871 1.70195874508557 0
5328 1.501057356724273 1.339509468529607 0
5329 10.65272735742487 1.569001405412531 0
5330 2.088246870838794 0.5075470914463258 0
5331 2.110297064999583 0.4569671053025765 0
5332 11.16748827242294 0.6272486082801252 0
5333 2.087126138344707 1.012303876413482 0
5334 7.635996166096927 1.005276373603998 0
5335 7.726956380510378 0.9998879012242704 0
5336 7.667722204539825 1.066655541534529 0
5337 2.182143294667576 1.018955969634522 0
5338 2.17138489117838 1.003658246681355 0
5339 1.15796916981428 1.182918172612447 0
5340 1.182618859388732 1.190618908068729 0
5341 7.046694108340748 1.228341823879806 0
5342 7.078143746906534 1.169051263393436 0
5343 7.135080918411751 1.202598708449044 0
5344 1.206990656809803 1.198950460228659 0
5345 5.807500934208136 0.3179783778134541 0
5346 0.504843907184694 1.032317087471031 0
5347 2.042602962528068 1.080625475810679 0
5348 2.038519265916836 1.097234909450867 0
5349 2.028758578332916 1.086214708523203 0
5350 2.265109715170769 1.486638773872392 0
5351 2.26413709101552 1.446123401229378 0
5352 2.301832579861917 1.468768898714169 0
5353 2.010715463366416 1.238509548985245 0
5354 1.005158246533611 1.152401096496382 0
5355 7.888489420245491 1.940985482980882 0
5356 7.968187865873698 1.940985482980882 0
5357 1.464279858639728 1.170092250890836 0
5358 1.489740631527163 1.158427515690393 0
5359 10.6420122579999 0.144622058247032 0
5360 1.718127362081923 1.265630187195671 0
5361 1.711590390558418 1.296028345052948 0
5362 1.737226679629757 1.435293238719301 0
5363 6.863413106965645 0.2981879301928375 0
5364 1.128969525510092 1.796197435989992 0
5365 1.177484436160094 1.797208548662885 0
5366 9.114658711752099 1.952368249647217 0
5367 1.523116860096897 1.144540806434394 0
5368 1.548678028765774 1.138983683964075 0
5369 8.168456502241536 1.187326048811688 0
5370 8.263246003796617 1.169623440478089 0
5371 8.215000384346379 1.24557625538731 0
5372 3.275831985294994 1.036593668025358 0
5373 3.313458283438188 1.10806961459247 0
5374 1.582146943892735 1.10508677402254 0
5375 1.59912934085723 1.114997110611137 0
5376 12.2371043446603 0.07229961809657691 0
5377 12.18391184555103 0.1608798772677774 0
5378 1.008509821531828 1.02192685222603 0
5379 7.762801196501085 0.9250938935236615 0
5380 9.839792780598046 0.17499408869992 0
5381 2.747740505423784 1.135201796045467 0
5382 2.784523740060097 1.195601928029119 0
5383 11.28286756729954 1.480831410798661 0
5384 11.33678879285321 1.57411749014362 0
5385 12.74223037345921 0.3484821832644629 0
5386 1.908193282530844 1.009586751711305 0
5387 1.896482808605583 1.009586751711305 0
5388 5.94748782630656 1.231455442566724 0
5389 5.986230775283779 1.298255282735041 0
5390 5.920923833031971 1.308379642965957 0
5391 8.00702181734153 1.891683482177843 0
5392 8.045093880111509 1.950697999196962 0
5393 6.06236675264019 1.277567391871748 0
5394 2.190623252676136 1.20761055792717 0
5395 0.8524258603875384 1.396488549690168 0
5396 1.808199771007623 1.116977631726785 0
5397 2.248109563096212 0.5454090477335942 0
5398 12.29747045336503 1.036267404567409 0
5399 0.08467909891327904 1.915230647486526 0
5400 0.02961454490992046 1.920263867446567 0
5401 9.313319222091852 1.871288401656491 0
5402 9.367325937914979 1.952095752995593 0
5403 0.4352578572470487 1.964119287695028 0
5404 0.4864949501117339 1.964119287695028 0
5405 3.472869657680985 1.01393489104209 0
5406 3.518686363200982 0.9316636689837795 0
5407 12.24581674458485 0.9749971001281301 0
5408 5.051041669511491 0.07513467430743756 0
5409 12.25488986621691 1.926409770172051 0
5410 1.404820372644435 1.154132312836498 0
5411 1.386476909016789 1.135315028722154 0
5412 1.406453191767467 1.128702850520406 0
5413 2.049919467972228 1.31996834333161 0
5414 9.84229178162904 0.5570215600750276 0
5415 9.826113728459244 0.4458906473998648 0
5416 6.986040014914648 0.3907406526916467 0
5417 6.972941425288301 0.2854497025418569 0
5418 8.923308133931124 0.7213797189625626 0
5419 8.906490402082923 0.8223733087180074 0
5420 1.618807646796561 1.291201280761871 0
5421 9.143711116803223 1.118036175006128 0
5422 9.157017383606174 1.042787726804442 0
5423 4.340200369209162 1.89097790806616 0
5424 1.150553393523155 1.155281288166585 0
5425 1.139333104418077 1.128262951883071 0
5426 9.744562586751592 1.585258022951699 0
5427 9.726676336698581 1.492613500308418 0
5428 1.447290187760955 1.148567152236631 0
5429 2.864080056755391 1.543128570688639 0
5430 2.921022094346851 1.496843594205124 0
5431 3.993768428911573 1.85553356489956 0
5432 0.07621716319808083 1.076954796692556 0
5433 0.07361949115893653 1.02609571967357 0
5434 8.776686665429027 1.809342330714109 0
5435 0.6777824758736043 1.922675654219873 0
5436 1.089005089379004 1.122405663716516 0
5437 9.655134139002989 1.230432464484181 0
5438 9.702093642259976 1.169364796524607 0
5439 9.749741252018469 1.247606781081788 0
5440 3.734017038338987 1.943495566354871 0
5441 3.797919430595477 1.943495566354871 0
5442 1.611096758195681 1.50359989870199 0
5443 1.579413017726534 1.494933859793894 0
5444 1.614890090245719 1.477667303427569 0
5445 9.288082350044903 1.079406724108951 0
5446 2.447844264291666 1.283576221549131 0
5447 2.487813084497244 1.274338182611281 0
5448 9.668987345593791 1.103519199439293 0
5449 3.01692228534889 1.852800728881419 0
5450 2.980423433893988 1.812393391719986 0
5451 3.517436522780667 0.8602624529726777 0
5452 4.287283773346831 1.073515197347125 0
5453 1.844888710505803 1.068463874820234 0
5454 2.955679201763717 1.751316477320938 0
5455 2.323233179990373 1.209021102356318 0
5456 2.298858867117508 1.233678985595782 0
5457 2.291389151250007 1.199388429602853 0
5458 8.57398939253704 0.07665868473208419 0
5459 6.028138139012881 0.9269063960815476 0
5460 10.27181374985299 0.8534465291590361 0
5461 10.16567831972019 0.8156262800604521 0
5462 1.48424986112481 1.097969899164041 0
5463 1.914301317140205 1.020243647833092 0
5464 11.7416498524058 1.150035818528718 0
5465 11.66671641160282 1.157689345464213 0
5466 2.703850161584313 1.659071913458015 0
5467 0.8522466306244499 1.696332215981874 0
5468 0.8094410542306578 1.713693908011513 0
5469 5.388480447569378 1.163545531482433 0
5470 5.363575841209663 1.086750999903178 0
5471 1.29978711603875 1.597539140325113 0
5472 1.264354472152951 1.58877015222106 0
5473 1.28638568696626 1.568225025478728 0
5474 6.894653910129125 0.5834416924859983 0
5475 6.842713844906223 0.6575225253716475 0
5476 1.936499086895235 1.443548502006964 0
5477 8.44959870793604 1.954143536989507 0
5478 9.407393018038221 1.840077002775117 0
5479 10.76070632512615 0.07330242727071637 0
5480 10.66070632512578 0.07330242727071637 0
5481 6.865896291870186 1.566440448306881 0
5482 6.781442701460978 1.586921969894908 0
5483 3.646635485508575 1.575791024571506 0
5484 3.599672227000077 1.553565474897252 0
5485 0.6638692855701798 1.091010584912336 0
5486 12.16687112395745 0.2461529144538344 0
5487 8.697573190761247 1.934593670571944 0
5488 6.847245847562286 0.1906656309406205 0
5489 6.908584243241143 0.2380124201659263 0
5490 3.141066326669576 1.847442470626523 0
5491 2.583530963616249 1.099431951661531 0
5492 2.591273211071078 1.05125688588873 0
5493 1.423866592257407 1.320096312312796 0
5494 5.569347960003681 1.738274151514796 0
5495 5.576159474591197 1.808265501887395 0
5496 1.974777630623545 1.0086820186399 0
5497 1.964368117816603 1.0086820186399 0
5498 4.474048994889097 1.64936532320973 0
5499 4.489934579545478 1.601640527425298 0
5500 1.392790697051186 1.181523817275269 0
5501 2.14331085981358 0.2040368748771096 0
5502 10.92701519883761 0.7074216491205069 0
5503 10.1281867761182 1.249388037309437 0
5504 10.15883589606414 1.170292209459465 0
5505 10.21327864688735 1.232936115201023 0
5506 1.332328863722433 1.015323451946151 0
5507 1.335589047433678 1.042021294908713 0
5508 1.317417491998624 1.026697842962562 0
5509 11.15632397148629 1.018613605840716 0
5510 9.928329744291345 0.5607430153660965 0
5511 8.636011313087863 0.1656617805258046 0
5512 12.08139185338421 0.2708128583635938 0
5513 2.026678896910131 0.7087070351939057 0
5514 2.056943820641298 0.7244903927467661 0
5515 1.725863327710025 1.246594214497013 0
5516 1.913868051679273 1.287866402480044 0
5517 1.894027233256503 1.284261145026815 0
5518 2.006847899813849 0.9719371075347378 0
5519 2.017167708393189 0.9770533470404482 0
5520 4.980642379027454 0.07314261342434553 0
5521 5.789504455406358 1.683975045260025 0
5522 5.785825080410016 1.768101314827279 0
5523 1.178790940233315 1.015567520432095 0
5524 2.570813952699897 1.283725893526638 0
5525 2.60504882049008 1.250681807817581 0
5526 3.9144063958984 1.156903265413169 0
5527 3.85482441606651 1.218005166720126 0
5528 5.582607043495909 0.901868053564008 0
5529 5.612775593807832 1.500689171781215 0
5530 9.027804298233361 0.9231123400322638 0
5531 11.32919486397438 1.04756285521914 0
5532 11.23071051486213 1.016224578901065 0
5533 1.946957339576896 1.059216224511459 0
5534 1.935579468037821 1.057483504472545 0
5535 2.705051007505424 1.561630813774553 0
5536 2.7301670154384 1.521282688039582 0
5537 3.106325002229183 1.958344261464602 0
5538 7.0195016366166 1.126183242725497 0
5539 1.890863306989207 1.174961492916297 0
5540 11.55802447170869 1.545775907381397 0
5541 11.63818669460356 1.596976156332501 0
5542 1.675552020530364 1.011312486028693 0
5543 1.669306077159029 1.030219342749261 0
5544 0.3896368667798199 1.962562588547784 0
5545 6.330549401969063 1.88299807664592 0
5546 6.353902527761876 1.947518963165646 0
5547 5.324255232465263 1.027432125401675 0
5548 5.279922027997728 1.098778224072347 0
5549 2.072811682440637 0.8416458181944915 0
5550 2.049385026607145 0.8454579928585926 0
5551 12.279363639305 1.58056140795338 0
5552 3.677106652009453 1.529412645435832 0
5553 11.49272359025884 1.478384195023538 0
5554 11.42483005973545 1.534760679826048 0
5555 11.43371208191833 1.432961580029003 0
5556 2.6395567874216 0.6848982178523801 0
5557 2.697876272988362 0.6620594580326515 0
5558 1.096448338828464 1.223301245254597 0
5559 11.69420973518904 1.759237554881493 0
5560 11.6728018985839 1.849416879645281 0
5561 12.050550504267 0.9469938732319561 0
5562 12.16043392635894 0.9781235753930417 0
5563 12.09801403193249 1.048727664573434 0
5564 3.974995664353358 1.205666128704421 0
5565 5.334149676226375 1.898323540779742 0
5566 0.5374073730781832 1.743224069963828 0
5567 6.71041425692868 0.6900667481471883 0
5568 6.803436208355739 0.7294655603003575 0
5569 12.20620221963941 1.841044434001493 0
5570 2.242654087523731 0.07252010791772265 0
5571 6.1123131886821 1.514138882527822 0
5572 2.654440510919391 1.558609199948008 0
5573 2.683917600901759 1.609948440295559 0
5574 6.139847808570881 0.07027395242786477 0
5575 6.039847808571309 0.07027395242786477 0
5576 2.573731448734244 1.205929022177106 0
5577 0.9541500711008661 1.117875737441189 0
5578 0.9463842268623985 1.092727239467512 0
5579 4.326028290958102 1.942296079920836 0
5580 10.53139794388127 1.798976717505889 0
5581 0.2179511226555236 1.161090654310736 0
5582 0.8961079767254269 1.304687179708624 0
5583 2.118850667522534 0.8833798167821427 0
5584 2.212535687855015 1.301871041883096 0
5585 0.1758048079878432 1.032527083279025 0
5586 3.755290090391569 0.259358537206663 0
5587 2.26610075239774 0.9703309334920232 0
5588 2.29761124683358 0.9877160850219696 0
5589 11.04888617899602 0.5149227372112044 0
5590 8.267007121715658 1.439494112148025 0
5591 6.792403398296678 1.178767012717429 0
5592 6.812747645187659 1.108604363917667 0
5593 6.87603621001659 1.164675934698899 0
5594 6.723338883997649 1.609980038619595 0
5595 0.924974421296346 1.025206151790597 0
5596 0.8937297686491721 1.025206151790597 0
5597 11.01292615209716 0.7146285908272241 0
5598 11.1140419248915 0.6825961688644793 0
5599 1.912771212384223 1.785997665241321 0
5600 1.876854241224201 1.812873862842946 0
5601 1.879294750708052 1.762868082018805 0
5602 10.18820735101529 1.100540857170337 0
5603 1.917834269562309 1.109829417052984 0
5604 1.917104936406385 1.095513164836452 0
5605 6.139776723536278 1.263887838332103 0
5606 1.675253969503306 1.186747118959381 0
5607 1.698925396576744 1.187020718726677 0
5608 3.328993675594916 0.9847760319902279 0
5609 6.846208491909939 0.0652450604568546 0
5610 6.790809498732966 0.147314171836208 0
5611 6.744601006805121 0.08206911137935338 0
5612 2.359523242470746 1.959912312730919 0
5613 9.480226805626266 1.807344133250947 0
5614 5.852043561689939 1.933883844490919 0
5615 9.836223151972529 1.266674265546144 0
5616 9.789263648715542 1.327741933505718 0
5617 10.80983566228976 0.1319753333881417 0
5618 12.49047179885787 0.6382947374872058 0
5619 11.30608576527897 1.223279245035206 0
5620 11.3719443804667 1.274283186540256 0
5621 1.874197871513938 1.008507033055552 0
5622 1.871654246768983 1.022450041683598 0
5623 2.268130803492563 1.534971221868627 0
5624 11.5295202795741 0.4399516257170468 0
5625 1.737595933419478 1.011650174310686 0
5626 8.940578398904787 1.4471395637895 0
5627 9.044298253527886 1.460334412794796 0
5628 1.441988231428281 1.110679435274359 0
5629 1.425700863407991 1.092277994296384 0
5630 0.4582701063696702 1.327067301339709 0
5631 1.299550653696615 1.056997543602149 0
5632 1.308003742279727 1.074890795233374 0
5633 11.41878778569156 1.367642678557723 0
5634 11.45476220721686 1.283225603209026 0
5635 2.012267965942924 0.8748306288686263 0
5636 2.027779742822055 0.8841926522678105 0
5637 2.26201339829409 1.194257528756473 0
5638 2.286387711166955 1.16959964551701 0
5639 1.970872179494838 1.049255473087317 0
5640 1.981954391874642 1.04575013965782 0
5641 11.62568287936646 1.931471221125184 0
5642 1.92750646670922 1.302375392995478 0
5643 1.938621782127718 1.280167125548311 0
5644 1.92777876666206 1.346302287465028 0
5645 1.958088596340918 1.343123321238376 0
5646 2.080059648953182 1.308185108985286 0
5647 2.164327491222862 0.06112267599008493 0
5648 4.525067594355141 1.537766335708588 0
5649 1.943040680351408 1.006946548068045 0
5650 7.501181315542576 0.9482505530663479 0
5651 7.569778020726716 0.9816011468016537 0
5652 2.86883069864174 1.133837105295716 0
5653 2.920815187881255 1.09021096509579 0
5654 2.915952406505078 1.15477503329384 0
5655 2.321207885695971 0.9303146642818465 0
5656 2.291015813898961 0.9211069199919661 0
5657 2.096622312249821 0.8389167441303052 0
5658 6.174382583760483 0.5910707110239561 0
5659 1.405962936645888 1.869074079669301 0
5660 3.826316423830717 0.2546777200022049 0
5661 3.788800515113148 0.3502310560776162 0
5662 8.888838129265929 0.1831499255326929 0
5663 8.982550893452515 0.1447397011239781 0
5664 1.173281248232561 1.869823068930151 0
5665 1.144095410352636 1.908044637057166 0
5666 1.126633423538441 1.870690156858808 0
5667 2.660204829875217 0.9322227522554594 0
5668 5.625917811637411 1.606836970464839 0
5669 1.409705453318193 1.016237064407898 0
5670 2.456833029246237 0.9573268373355577 0
5671 0.8508977653128793 1.463256034283049 0
5672 0.8813488852683357 1.486397911164959 0
5673 1.791911972059101 1.160084265367129 0
5674 1.774743339362081 1.157055134656426 0
5675 1.779567728375036 1.142832952996944 0
5676 5.730159235719055 0.6980473653724686 0
5677 5.795522103570546 0.6433695525534513 0
5678 5.824563552841269 0.7152274312108101 0
5679 0.6257594058301133 1.40267432456557 0
5680 11.30894318660761 1.929790826351923 0
5681 1.302119345962106 1.305903236093002 0
5682 1.653554017538641 1.40009806938677 0
5683 0.7815738484780812 1.454000505173183 0
5684 0.2015096663481458 1.641076231510191 0
5685 0.2272992429117317 1.677775157145082 0
5686 5.663308325735956 0.5395115292794271 0
5687 5.62949467437103 0.6145045270570387 0
5688 3.299352606458426 1.222999734440155 0
5689 3.254858625983335 1.295599521654472 0
5690 1.961061455703799 1.054596029938826 0
5691 6.909667671020408 1.62269796700975 0
5692 7.353184683121409 1.945206856460565 0
5693 3.914924817570022 0.3851104475921811 0
5694 3.909600685428254 0.2922784954670761 0
5695 1.882846965563221 1.300375039484899 0
5696 1.874121462558948 1.274561514584502 0
5697 1.865636109988872 1.727613825135157 0
5698 1.841138519229866 1.692571501552445 0
5699 1.890714131109067 1.700949560834468 0
5700 6.220079122410073 0.07086183738479233 0
5701 1.31636952752616 1.09705836108494 0
5702 12.72154439978477 1.72868859755825 0
5703 3.242471062796082 1.964686325182181 0
5704 5.816306741256788 1.639924834918286 0
5705 2.894771560183381 0.8143737108438576 0
5706 2.832821595593783 0.8522416745237822 0
5707 1.984937720783091 1.816072474552126 0
5708 1.335264055169992 1.542100266087369 0
5709 1.354646598843863 1.579570247986509 0
5710 1.981771444284114 1.034972681962509 0
5711 1.442029511358548 1.129162789243209 0
5712 1.46452304372439 1.13020980684509 0
5713 9.863802665512434 0.8509944404165044 0
5714 9.774877367322507 0.8417709798086293 0
5715 3.358247091375205 1.219941668253524 0
5716 2.172698150148941 0.9830608281616041 0
5717 2.803407800203885 0.5301397174414616 0
5718 2.730427640707029 0.4874262524515573 0
5719 2.788232787409545 0.448030680789448 0
5720 6.385502866030557 1.833061649604303 0
5721 6.326173031195529 1.821021799918932 0
5722 5.982238536194839 0.849216857907523 0
5723 10.58130593286501 0.07131963097631558 0
5724 5.917589550379433 1.943335826986822 0
5725 0.7586361734594593 1.299227466998946 0
5726 1.261349616079612 1.328682806035497 0
5727 1.293242110967978 1.335760482997695 0
5728 4.64156166107014 0.9675162746442357 0
5729 2.9482842743469 0.9283391933442073 0
5730 2.956216904320301 0.8427711378299321 0
5731 8.125401695356633 1.950697999196962 0
5732 0.02550186140287383 1.07609571967357 0
5733 2.257183975851196 1.06353565278714 0
5734 2.406180867954877 1.959421484875986 0
5735 2.464947251890299 1.959421484875986 0
5736 1.355152840151521 1.015323451946151 0
5737 0.9048729790546439 1.903178252866062 0
5738 2.196854399387918 1.036246192256694 0
5739 3.580962164504298 1.812501855668328 0
5740 6.427755768304893 1.947518963165646 0
5741 6.451685619954071 1.86409197907494 0
5742 2.778227329775758 1.838177197342721 0
5743 2.735740719966777 1.859224201804877 0
5744 1.476232280834374 1.114638173214661 0
5745 5.556709169986632 1.68431360618209 0
5746 5.749053493273142 0.5692808575956224 0
5747 0.8559573488124983 1.067953121812526 0
5748 0.8790103632154291 1.046693637138747 0
5749 0.887753944521873 1.071671788254974 0
5750 8.645841316934439 1.864567189753763 0
5751 8.949999999984616 0.0548771589580949 0
5752 0.5280238236624614 1.138814471685267 0
5753 7.807316194800947 1.938675637888925 0
5754 2.390780540356425 1.058391869788 0
5755 2.379174405521892 1.092208424799396 0
5756 11.09470291371008 0.584061261414459 0
5757 10.99543983146458 0.5702702977955586 0
5758 2.935972385913355 1.027433593799152 0
5759 2.852963820999523 1.01593166656447 0
5760 2.915242726894961 0.9740922232659566 0
5761 1.020733003660916 1.540201776676043 0
5762 0.9246461565656869 1.311313655018294 0
5763 2.000896542506371 1.016791739726192 0
5764 1.995119242086103 1.006626730353248 0
5765 5.711244032560765 0.4826029001599398 0
5766 1.163453922205491 1.953588774564255 0
5767 1.898016657284613 1.661984571481525 0
5768 0.4288551616641157 1.401630111361395 0
5769 0.4637820396707226 1.417224829384068 0
5770 3.570309131954629 1.949566277455828 0
5771 12.58103338985978 0.6020370222227545 0
5772 5.519695486896149 1.644416018110256 0
5773 4.378108455728601 1.948681828145323 0
5774 1.254337785720078 1.018734883768064 0
5775 1.229649701942914 1.018734883768064 0
5776 10.13896837650989 0.8993026712810321 0
5777 5.297721916779329 1.946650219731991 0
5778 1.189105724482087 1.832190178528477 0
5779 1.206567711296282 1.869544658726836 0
5780 2.11009728530626 1.133392935090749 0
5781 2.108606824733895 1.10923128414571 0
5782 1.365173371421223 1.172875401983663 0
5783 11.93254174148407 0.7446013528809024 0
5784 11.86777839753197 0.7974663914032669 0
5785 8.951978698913946 1.926774829996876 0
5786 2.424560177483036 1.109693968591091 0
5787 12.18832932970595 1.749000445283375 0
5788 11.23406046440624 1.176588807121936 0
5789 11.33589350111928 1.14317567327829 0
5790 0.5298409324743546 1.972323904811725 0
5791 2.576169512790118 1.507544833667532 0
5792 2.534038599384317 1.532132035672738 0
5793 2.715346232893494 1.422432856147506 0
5794 12.01174661022447 0.7672266671099738 0
5795 12.00321010324217 0.6705633815321365 0
5796 12.10058954434507 1.745134594754574 0
5797 1.371014968911399 1.124924307527131 0
5798 0.9337403361943171 1.131129059470362 0
5799 0.9616170441442871 1.140438425591768 0
5800 2.139259658986291 1.910842017326063 0
5801 2.127617519782174 1.863222083072046 0
5802 2.041867269332927 0.9514737477570532 0
5803 2.027471950417764 0.9526156388799835 0
5804 5.351318861630039 1.951673321047751 0
5805 2.255326801997945 0.880614120241616 0
5806 1.96901483971533 1.303402546018011 0
5807 1.9632326973712 1.3205081238747 0
5808 1.946478054813535 1.311781693920434 0
5809 2.393313097538924 0.8843352251087662 0
5810 1.970409180138748 1.279715491617288 0
5811 1.987163822696414 1.288441921571554 0
5812 2.205998169750616 1.533107333057054 0
5813 2.191995321471821 1.559482957469276 0
5814 2.164537088254477 1.531932118146258 0
5815 1.567936322357024 1.088816290771517 0
5816 7.913868519973555 1.374944499287282 0
5817 1.4064119118372 1.110219496551556 0
5818 2.55570245054426 0.1739592547570016 0
5819 2.603481648488049 0.1173141521727873 0
5820 2.651333100072923 0.1782446952790844 0
5821 0.5745533378462369 1.026855438733858 0
5822 0.5365329985068733 1.026855438733858 0
5823 3.05984053428052 1.878150010543371 0
5824 2.996171629159218 1.901768970762985 0
5825 1.857495625476039 1.169853651514504 0
5826 1.842138460223382 1.181978965878348 0
5827 1.837109239711697 1.165438406164905 0
5828 9.635436427963651 0.1320125258837585 0
5829 9.737674836335 0.1617567110018509 0
5830 0.1783369799656001 1.455786499840815 0
5831 10.75114030695028 0.9302291294812715 0
5832 0.7539896639991566 1.269553979660021 0
5833 0.2649308696191746 1.179546319561117 0
5834 4.604830015286192 0.8971943817517649 0
5835 1.697726103260498 1.736422773472541 0
5836 1.397753632153898 1.290246946524692 0
5837 1.397212938137537 1.31521186404312 0
5838 1.371097429257875 1.309862093573319 0
5839 2.210625783011471 1.229747794398661 0
5840 1.769893021234461 1.172123531923444 0
5841 1.884193046059751 1.027897589529084 0
5842 8.812021920534679 0.1438802547518153 0
5843 8.342387145663437 1.173794502860117 0
5844 8.42798235017418 1.152142260361699 0
5845 2.326079541356358 0.9636478643400355 0
5846 2.230435314646166 1.512325724383836 0
5847 12.72138624942693 0.2720194093248546 0
5848 0.6917401261677778 1.791514592740584 0
5849 1.27231446290134 1.5412562305063 0
5850 1.307747106787138 1.550025218610353 0
5851 1.891401890954819 1.961682170188791 0
5852 8.935354686870575 0.9659372142153517 0
5853 3.101399709364903 1.872935145795504 0
5854 2.274806842054174 1.415343493975231 0
5855 2.82392690001301 1.825320293905773 0
5856 3.865274484321268 1.936969016651882 0
5857 2.230646024715483 0.9004897753444123 0
5858 2.20946001397243 0.9207094289522655 0
5859 2.357396271625779 1.343956561434226 0
5860 1.715784019322709 1.04764603602059 0
5861 8.747172144179135 0.8149019743098274 0
5862 1.633304378728623 1.18310710218982 0
5863 1.614115648732891 1.173803532768221 0
5864 1.595020772028902 1.136691989904333 0
5865 1.594181958299847 1.171321180237758 0
5866 9.825181366108406 1.393283193774935 0
5867 8.87498887593765 0.8847903691614976 0
5868 2.334194448998791 1.444256309724417 0
5869 6.956510601471927 0.6215972164846764 0
5870 10.84912933715525 0.0586729061174253 0
5871 2.107396103527802 1.069579961425712 0
5872 2.102758052316271 1.089874395534801 0
5873 0.829437634934155 1.02148748534815 0
5874 0.8230576479507575 1.057441284625044 0
5875 8.477042286862909 0.5615665570452419 0
5876 9.580425960690345 1.222113709740756 0
5877 8.711173506186594 1.180914003346757 0
5878 5.990335354815831 0.1349898529923638 0
5879 5.950487546230036 0.06471590056449905 0
5880 1.736792231223904 1.172198200351415 0
5881 1.720190522332053 1.159073437599789 0
5882 1.89627418720506 1.047676278014165 0
5883 1.894025713342903 1.062714470749278 0
5884 2.111370469832882 1.054453587425342 0
5885 2.122310123287473 1.036057364515459 0
5886 1.59005341351183 1.013342517319063 0
5887 1.572018960499998 1.013342517319063 0
5888 0.8223148621727685 1.44708867603565 0
5889 2.136855550895011 1.018724224249902 0
5890 2.120612768629492 1.004769855843341 0
5891 5.861566776763134 1.447743832468945 0
5892 1.362638664184168 1.044450802307355 0
5893 1.636791971086111 1.511445278757805 0
5894 1.601314898566927 1.52871183512413 0
5895 11.88605646535157 0.9845300563312645 0
5896 11.86253028466448 0.8963633943544603 0
5897 11.96460442915346 0.9294313004355438 0
5898 1.932451741116614 1.066920824085853 0
5899 1.92579903766959 1.055668283721523 0
5900 8.849999999984236 0.0548771589580949 0
5901 9.083928423116397 1.606859062663184 0
5902 9.012986076288806 1.667033905705861 0
5903 1.792733559612002 1.130098041789696 0
5904 1.812202572467677 1.132741673644737 0
5905 0.8938346495108447 1.960715701841924 0
5906 9.993653345921407 1.636420255124845 0
5907 9.93419376100052 1.567836149390616 0
5908 3.553791841304791 1.487126507972957 0
5909 3.518696621339736 1.417898993057364 0
5910 3.581752126597102 1.434198009544409 0
5911 0.4821086543571282 1.093938293225109 0
5912 1.934142364307432 1.961033264599168 0
5913 5.786142767256242 0.8297174997443674 0
5914 5.737008733231711 0.902795582537273 0
5915 6.644601006805548 0.08206911137935338 0
5916 1.89087878080413 1.325939086897587 0
5917 1.870973010106575 1.316239456455275 0
5918 1.369382149788367 1.150353769843223 0
5919 8.817577177797828 0.8319109709297348 0
5920 8.778673670324411 0.7524849138663372 0
5921 2.239807057250113 1.209790069365048 0
5922 2.237833564138501 1.24400403787593 0
5923 4.228908803352604 0.07035896806081138 0
5924 3.169333197797616 0.07995901361784526 0
5925 2.02177851158206 1.644087419044327 0
5926 2.061073876614739 1.644557334746854 0
5927 5.572552434195476 1.617039481512507 0
5928 1.703430562035259 1.056205703710164 0
5929 1.698212041325495 1.072203530042726 0
5930 1.830755384717014 1.823548286174304 0
5931 1.864231846393185 1.84667786939682 0
5932 3.683356563271735 1.96346940475004 0
5933 1.765759245449614 1.187562956766813 0
5934 1.782953807261299 1.18974587186998 0
5935 1.58214248058693 1.697128006187678 0
5936 2.042725311678585 0.8661525701074049 0
5937 6.095490356066782 1.590692976223834 0
5938 9.45267956898944 1.952095752995593 0
5939 9.481383362262459 1.871458636467015 0
5940 5.89577426750214 1.379287122794294 0
5941 2.968293732699987 1.161100809735495 0
5942 2.916309243460472 1.204726949935421 0
5943 2.24775837008698 0.4938103915459288 0
5944 0.5759006435889166 1.066180281394916 0
5945 0.9842047591483385 1.01653488152394 0
5946 1.24431076371493 1.619479928769983 0
5947 10.50353301312836 1.948829114152756 0
5948 10.53362515686136 1.864107567012644 0
5949 3.193195653407257 1.662114159107111 0
5950 4.394146859986595 0.394937048614125 0
5951 0.8619331729397974 1.02148748534815 0
5952 0.9541628421613718 1.01653488152394 0
5953 0.9399953797898297 1.041741033314537 0
5954 5.909525927672509 1.706652370846417 0
5955 1.424755375464847 1.1290367806659 0
5956 10.74950657081977 1.583221850980007 0
5957 2.192908475954963 1.12890450278573 0
5958 2.212247406007801 1.113852553502622 0
5959 2.816723049584816 1.228100393639821 0
5960 2.831768607740844 1.165902707883065 0
5961 11.70033802948517 1.528778439032192 0
5962 11.7063173487473 1.614386075422482 0
5963 1.761040344670851 1.126063284078476 0
5964 1.397210389361385 1.339711459361423 0
5965 7.175375708587651 1.265536091899641 0
5966 6.037355476151324 0.1981660870690682 0
5967 5.947995213810051 0.1926080352057024 0
5968 6.209181107506288 1.254147030930201 0
5969 4.886018334182239 0.5804282211606149 0
5970 4.87224744718786 0.6525651112717051 0
5971 7.734241716082842 1.716499728301945 0
5972 2.531108494223028 1.887559322122581 0
5973 2.491360426777787 1.926531775904925 0
5974 1.891289468466043 1.018093784766858 0
5975 1.886377177059887 1.008507033055552 0
5976 11.81176820209599 1.022220484454282 0
5977 6.893176438606126 1.363445705934692 0
5978 0.1818585172573158 1.925085575550414 0
5979 0.1298038976991456 1.919629700798244 0
5980 2.465928452377325 0.9231596864692007 0
5981 3.228649825324014 1.349898484049226 0
5982 3.235050274740994 1.419036503323066 0
5983 6.678662964958149 1.174413192882341 0
5984 6.581203311957861 1.168411516516098 0
5985 2.816504181455094 0.5937939793867262 0
5986 1.92172432436509 1.319480970852167 0
5987 5.038602911644251 0.981008350420123 0
5988 7.848942577659177 1.879661120869807 0
5989 10.45602349829636 1.832527378798756 0
5990 7.637144863278977 0.8319523428097139 0
5991 7.550252912311378 0.8175169816397565 0
5992 2.679991759482025 1.852537079642479 0
5993 2.630532445814054 1.84548599711776 0
5994 2.671089282788285 1.799949104898434 0
5995 2.782774608419303 1.08700187386121 0
5996 3.598960104910674 0.8377257700428209 0
5997 1.305548621828943 1.04128148791079 0
5998 1.302288438117699 1.014583644948228 0
5999 2.552367328207543 1.317991611998771 0
6000 2.045441544147017 0.9636338950369899 0
6001 1.870511591065605 1.156651279171027 0
6002 1.875540811577291 1.173191838884469 0
6003 0.1969979471242817 1.488843301935846 0
6004 2.01667046323335 1.615264024161464 0
6005 1.992480998153838 1.646916992128243 0
6006 2.340139135392861 1.276706234554493 0
6007 2.361687100516786 1.252492039334646 0
6008 1.218028158886647 1.054249911228684 0
6009 1.243906522651981 1.062131726075358 0
6010 1.219940937707132 1.078911869767914 0
6011 2.012267965942924 0.8529670520063676 0
6012 2.51557286851792 1.967110291028939 0
6013 2.832869944811602 0.06342422914942003 0
6014 11.77553508708834 1.757714703784594 0
6015 10.70217196321313 1.497690429611732 0
6016 5.544622642658356 1.265470159331584 0
6017 5.484538614714509 1.246267604599999 0
6018 4.491654163520677 1.704009016557665 0
6019 1.90957585125528 1.595020024990798 0
6020 1.936482774835396 1.624985057819917 0
6021 1.902909850639049 1.628096872882175 0
6022 4.025840953756297 1.258525337213695 0
6023 2.579832933774223 1.869486017024545 0
6024 9.724626873139711 0.8909251003223921 0
6025 1.216811462002575 1.034302404200159 0
6026 3.693433558097273 0.4296671108738139 0
6027 2.248221957759354 1.315339772483017 0
6028 2.244338559804199 1.277430493509464 0
6029 1.284421599815689 1.044883345587814 0
6030 1.9566115654683 1.143256462531155 0
6031 1.943396337537913 1.153554713862264 0
6032 2.649556149007768 0.06079979634743501 0
6033 2.553925499479106 0.05651435582535224 0
6034 8.22933135914894 0.07619378538197986 0
6035 2.162082761352393 1.958375347656289 0
6036 1.857459324081295 1.067338297124166 0
6037 1.847803035823996 1.080602076768885 0
6038 1.601212375976284 1.452022548438761 0
6039 9.222588251822955 1.048761564474285 0
6040 3.142687541683504 1.494126924414867 0
6041 3.081587712623443 1.479215181208468 0
6042 1.339208494666129 1.346816309112526 0
6043 1.372688010415839 1.362630448516796 0
6044 1.341339769840453 1.374619746537575 0
6045 7.480448262342582 1.817972933416112 0
6046 0.6946785768995913 1.27350537874298 0
6047 0.6677387101824168 1.261772317077112 0
6048 0.699642368220232 1.238181423411028 0
6049 1.096816557004542 1.275387577932277 0
6050 2.006847899813849 0.9590856621701336 0
6051 12.85136552732809 0.7777758619644404 0
6052 12.77578930610202 0.7758730851539792 0
6053 4.551850212028231 0.08085783783796796 0
6054 2.552201317668531 1.166000418776859 0
6055 2.530696343949259 1.204234390134386 0
6056 1.980905903768637 1.024147055360897 0
6057 1.979905679196139 1.015308748993147 0
6058 1.991238708744704 1.022091767074245 0
6059 3.788274508763337 1.553139737311142 0
6060 1.894298677605447 1.028977308184837 0
6061 3.191812115764642 0.8409861353301569 0
6062 5.449523364312649 1.297905302630738 0
6063 5.422703007994766 1.220631662421756 0
6064 10.76692158344588 1.437504004461058 0
6065 7.62901219669727 0.9148335064913955 0
6066 6.795280750537745 1.249534402723051 0
6067 6.731992185708814 1.193462831941819 0
6068 1.851665112266825 1.314531067850899 0
6069 11.35089425516817 1.424019163360233 0
6070 1.91797345339174 1.029468733093682 0
6071 1.905067236263274 1.028398588683201 0
6072 12.9334663548356 0.7484605845033212 0
6073 2.791187761380938 0.3813510844700389 0
6074 1.260208687757428 1.049034584407651 0
6075 1.266206655889757 1.033318528716292 0
6076 2.819836699320199 1.054936271273861 0
6077 2.836631389117021 1.101338639685014 0
6078 2.751039700803676 0.6324613253125134 0
6079 2.692439225686054 0.5991334218237091 0
6080 2.865275709433068 0.9168372661095259 0
6081 1.710486741592951 1.783981298284988 0
6082 2.017484495941869 0.9533351585872498 0
6083 7.803245600154671 1.816740848789297 0
6084 1.905091146947961 1.068419794602199 0
6085 2.031195646814407 0.8435130905639194 0
6086 1.278550697778339 1.014583644948228 0
6087 1.960350953162772 1.034901470820052 0
6088 1.961493231459987 1.044355847334534 0
6089 2.394077184666036 1.919333797606905 0
6090 7.416600394451788 1.938751101386727 0
6091 2.2175805108432 0.942076373302482 0
6092 2.237710742881054 0.9589636682163518 0
6093 1.954742284677675 1.271763685522086 0
6094 1.972891267658759 1.256803061075629 0
6095 10.38095676249945 1.875631709255353 0
6096 10.41418803182813 1.948829114152756 0
6097 1.634957665281358 1.833183316933055 0
6098 1.668683254443854 1.806354865563393 0
6099 1.959071693916636 1.015628566707945 0
6100 1.953866937513168 1.006946548068045 0
6101 6.918444596058229 1.293165699086353 0
6102 6.830423805673506 1.305118590347 0
6103 0.9386510247493523 1.063650205598218 0
6104 1.421774001125085 1.24672476258714 0
6105 1.934134269825882 1.8790349876319 0
6106 1.958988874473645 1.838814691595327 0
6107 8.994010305432447 1.879143079644094 0
6108 9.030595498715121 1.952368249647217 0
6109 3.099830795448784 0.6258480282546449 0
6110 1.655481674646722 1.189384956109982 0
6111 2.958043794800809 1.455930913719194 0
6112 3.002366585801382 1.41001200855248 0
6113 3.024424315137385 1.466684421025517 0
6114 1.750602637671455 1.291159277631606 0
6115 1.738998667075313 1.266305692236672 0
6116 2.072480671371975 1.394518344665531 0
6117 12.37245262972083 1.535142832928619 0
6118 2.533779850522618 1.278428712006767 0
6119 1.970594830440734 1.098545170325533 0
6120 2.647401097400574 1.74903589758382 0
6121 2.20698157874664 0.1336427839078076 0
6122 2.22163745611445 0.2154343068047473 0
6123 2.823351388955317 1.50667883243509 0
6124 2.167774118714098 1.589099308423472 0
6125 2.27351983404284 1.257472768475851 0
6126 2.305363862783206 1.267105441229316 0
6127 1.250424603262787 1.854746881577574 0
6128 0.9185401610378501 1.079489337450489 0
6129 0.8954871466349192 1.100748822124268 0
6130 7.793515239683341 0.3754238382940525 0
6131 8.122488743739964 0.3430288094357097 0
6132 8.061839506032234 0.2546299697801224 0
6133 6.41067886816646 0.7435356883088979 0
6134 0.642568435291345 1.230510554001318 0
6135 6.922724449980571 1.21481648116143 0
6136 6.985477082913191 1.273143596749121 0
6137 1.232740013186919 1.202801787274613 0
6138 1.87784734139964 1.188163865259775 0
6139 1.958594862012147 1.638077751478337 0
6140 1.823203990274364 1.163326880216785 0
6141 1.891393796473269 1.879683893221522 0
6142 2.10476698716477 1.00806138007266 0
6143 7.703363008649188 0.8556275696120579 0
6144 1.392612457153349 1.011898993694747 0
6145 1.204467420113993 1.015567520432095 0
6146 2.877915710637214 1.246338717062056 0
6147 1.985110435599613 1.006626730353248 0
6148 3.59857419343845 1.380930777366788 0
6149 3.633669413403506 1.450158292282381 0
6150 1.871150237098208 1.568064790497945 0
6151 1.904079853905833 1.565789394186232 0
6152 7.993549080132947 0.2947570060536287 0
6153 2.435880494262849 0.8893593727556324 0
6154 5.959776370970539 0.3227749446848358 0
6155 6.064835189426312 0.2966918637916448 0
6156 1.701007718795282 1.085110413147472 0
6157 2.244034443378238 1.085920435712957 0
6158 2.226475586339892 1.06606293581549 0
6159 1.001901104082213 1.18155189230473 0
6160 0.9787696365994385 1.156335899370943 0
6161 2.414342739714613 0.6453606571760966 0
6162 2.452081226093829 0.6936808492680363 0
6163 1.918833068552804 1.041927319026002 0
6164 1.046197045750537 1.507634984708743 0
6165 1.604490657527508 1.867607437929761 0
6166 1.399341664535709 1.367514896786472 0
6167 7.484542867266537 0.8692656571742716 0
6168 9.802117944250531 0.1145897592414076 0
6169 2.060641788694292 1.425548379533815 0
6170 1.581962630237623 1.075781805954858 0
6171 8.921993730333313 1.365051578670431 0
6172 1.845889921177051 1.274283380999985 0
6173 1.837644128356625 1.297664040194182 0
6174 10.04673070252943 1.26869142537011 0
6175 9.975319166283732 1.288905023585651 0
6176 3.20062056585958 0.7637911129857506 0
6177 9.852117944250711 0.06391356846973834 0
6178 9.749999999987665 0.05067619077166928 0
6179 10.24572411990455 0.07239347910723566 0
6180 1.155883144395023 1.387111044563628 0
6181 1.123132868481053 1.384493891262933 0
6182 1.810696133580871 1.147476061806234 0
6183 1.809244217765548 1.161712902118198 0
6184 1.748614974758339 1.185020048052085 0
6185 1.559446201037064 1.845398958314524 0
6186 1.567567538679699 1.891524905973181 0
6187 5.782624222150833 0.4394479140278573 0
6188 5.846398325499624 0.3781446098334222 0
6189 1.618475534672188 1.561132726191755 0
6190 1.651458041504203 1.544939020646089 0
6191 11.18948165687071 1.098874262304671 0
6192 1.607957895180353 1.011500843157295 0
6193 1.570089219906543 1.172934900929596 0
6194 2.160405629501607 0.4799649324921805 0
6195 1.831831180067586 1.197814942137965 0
6196 1.852217565831928 1.202230187487565 0
6197 2.749556149007568 0.06079979634743501 0
6198 2.821941228757402 0.6567200155956686 0
6199 2.095664256474609 1.47703535830247 0
6200 2.080357003614312 1.504097031646824 0
6201 2.063695469378984 1.477010430105408 0
6202 2.131154976140839 0.8636969337776963 0
6203 6.56868443119822 1.255219774844434 0
6204 6.790531468951627 1.655831857027645 0
6205 0.929027547875793 1.182620998289493 0
6206 0.9030328284904614 1.181020465587949 0
6207 0.9152125898524064 1.152091214919397 0
6208 0.9583599016928894 1.169589221400116 0
6209 3.559028806928928 1.537407101618744 0
6210 0.4959660228910421 1.388696689993934 0
6211 5.294279520337762 1.215753348747014 0
6212 5.353465197167518 1.215183229513172 0
6213 1.793512325865556 1.20947404031565 0
6214 1.936279549209818 1.813261229022261 0
6215 0.02550186140287383 1.02609571967357 0
6216 11.72549136576498 1.681060941625892 0
6217 3.003718137865684 1.963559126212468 0
6218 8.595224906294636 1.724954122682188 0
6219 8.611488989936083 1.809155892735314 0
6220 5.266354216740703 1.694845704684383 0
6221 1.553574347380502 1.011206939059966 0
6222 1.38465093710505 1.268246826531301 0
6223 1.113677310856691 1.125961943055905 0
6224 10.72469583774191 0.8324863548175835 0
6225 1.914008714979675 1.060838523208049 0
6226 1.913753742716669 1.072686874728981 0
6227 9.903333250736594 1.286990372984518 0
6228 4.845268861125595 0.7248146728156282 0
6229 5.885640015504047 0.3295993880672967 0
6230 1.869909271418066 1.202946758343021 0
6231 0.2201944513515892 1.601158495718913 0
6232 11.77568672501173 1.097371118359524 0
6233 6.642192622467324 1.294109243553505 0
6234 1.675652996744247 1.389040427735989 0
6235 2.027155162869084 0.9763338273331819 0
6236 2.023683254103593 0.9646854356023676 0
6237 3.54145606663201 0.06446021032457336 0
6238 9.657932814200665 1.612273201935333 0
6239 7.74077896578377 1.822653922592278 0
6240 1.08801664358556 1.386004606054108 0
6241 9.700113262515579 0.6612162011750249 0
6242 2.224039745486012 1.032223362732837 0
6243 1.763339431774676 1.444064398871686 0
6244 2.035115126969351 1.480260826248423 0
6245 2.050422379829648 1.453199152904069 0
6246 2.590710482956601 1.916147276959842 0
6247 0.7312287443977095 1.279587972415821 0
6248 0.6993250863598942 1.303178866081905 0
6249 8.436467837428069 1.07432011847083 0
6250 2.746137152993475 0.1883697594505092 0
6251 0.02961454490992046 1.970263867446567 0
6252 9.871114192155098 1.627872930408088 0
6253 9.931114717410704 1.689665827401508 0
6254 1.410432474606052 1.425276324931312 0
6255 1.441316445790418 1.427201803205851 0
6256 1.908807178557746 1.336895986540073 0
6257 2.132729650038299 0.7949953043614684 0
6258 2.108719161724125 0.8175476989712316 0
6259 5.520140714232752 0.9420772530369845 0
6260 1.400828616798565 1.393684339484149 0
6261 2.529089023104725 1.136736803046377 0
6262 2.57212412788971 1.138431435089097 0
6263 2.799107040301805 1.001594900740666 0
6264 1.857144028799328 1.090912957227203 0
6265 1.868854963322707 1.101768344362582 0
6266 0.07931410948322007 1.970263867446567 0
6267 1.501449868637147 1.142855882059965 0
6268 1.970438414735549 1.028189663881412 0
6269 1.061959679120415 1.881668998903787 0
6270 1.016996479951291 1.89171775034247 0
6271 10.98003221781812 1.371733975152684 0
6272 0.6918646390761725 1.200735538828158 0
6273 8.409735762924695 1.017114075315888 0
6274 8.348252330922044 1.062509315511581 0
6275 2.717811978693492 1.483554355933191 0
6276 2.772405076608837 1.49454547054577 0
6277 1.490961472550346 1.972224786609173 0
6278 1.546253795563635 1.972224786609173 0
6279 1.649390861000025 1.373228482450295 0
6280 4.560854022488224 0.8536912988741594 0
6281 4.49340378499885 0.8125534068923348 0
6282 1.93403667067493 1.078452576177863 0
6283 2.849597290985879 1.333332070337213 0
6284 2.574788581422295 1.967110291028939 0
6285 0.8721960525929464 1.173963224483654 0
6286 4.073029090457577 1.217907320037772 0
6287 1.99407914944778 1.24623322913908 0
6288 12.8505841516184 1.851271679647465 0
6289 12.85174301428735 1.95025433592944 0
6290 4.689790980862529 0.2540538673007434 0
6291 4.65267662320945 0.3276160490309028 0
6292 1.954024560061575 1.168233000180483 0
6293 1.938234641565284 1.166078174762244 0
6294 3.080649053175231 1.92190338767707 0
6295 6.467948240745129 0.9146124357607365 0
6296 6.447088078139684 0.9977296628493206 0
6297 6.405844812937764 0.9547996327100946 0
6298 1.804419828752593 1.175935083777679 0
6299 2.830670842956467 1.27603793720811 0
6300 2.005465942053752 1.27560681343826 0
6301 2.032061446284659 1.42879877567683 0
6302 2.506259708989598 1.240072464139147 0
6303 2.889315786445287 0.6878579275849099 0
6304 2.957443616268921 0.7145280961454983 0
6305 1.520768412720022 1.906882999788145 0
6306 1.477042165634954 1.928792959346299 0
6307 1.478796835104188 1.891226385916098 0
6308 1.37066707004076 1.011898993694747 0
6309 4.803684958424586 1.251819608411695 0
6310 0.5967603481298851 1.933874384674634 0
6311 0.5167617542619252 1.059172526204888 0
6312 1.481492957236782 1.134042536208084 0
6313 12.02702432357991 0.8588272112551518 0
6314 4.503409949393431 1.755011179160184 0
6315 4.520889350188066 1.80686527390221 0
6316 0.5814698025785744 1.972323904811725 0
6317 2.212439772714756 1.04770098241353 0
6318 3.541853687366847 1.587547052055994 0
6319 2.289775752809208 0.2102992318705643 0
6320 12.95038786098429 1.95025433592944 0
6321 12.95038786098429 1.850254335929177 0
6322 4.651463694732946 1.498541092581617 0
6323 4.658867168924074 1.426298632461076 0
6324 3.32602831129108 1.164055323108659 0
6325 0.6799602674748437 1.178221000052528 0
6326 0.653971285698605 1.151250438695168 0
6327 6.96572895099777 1.668479340924245 0
6328 6.904696566392317 1.678555162217452 0
6329 8.833395056529923 0.6990560334502612 0
6330 8.907624486517944 0.6509418419265793 0
6331 5.821029052033335 1.136061089062917 0
6332 5.892695862427823 1.174462245303225 0
6333 3.619939052859696 1.96346940475004 0
6334 1.703906704890776 1.170343211821253 0
6335 3.30445585025636 1.964686325182181 0
6336 1.707216135777949 1.103758413100127 0
6337 2.782426093820746 0.1242240254968551 0
6338 1.966528045051531 1.174967834422293 0
6339 1.959485412647295 1.024075844218439 0
6340 5.797721960660382 0.9550042550030098 0
6341 1.49236809546346 1.814916857893355 0
6342 1.331127720198784 1.610480662671761 0
6343 0.1244389082690867 1.974662920758285 0
6344 0.1745184665140616 1.974662920758285 0
6345 5.59846628767756 0.9562706090886151 0
6346 3.243076358510628 1.466549196356098 0
6347 3.203914524250843 1.50678642815961 0
6348 0.5242619585976941 1.708295865215663 0
6349 10.64316717852512 0.8114211117091175 0
6350 3.0647658271448 1.963559126212468 0
6351 3.547789287258486 0.168043982175841 0
6352 1.25509199946407 1.806146984333351 0
6353 9.649999999987287 0.05067619077166928 0
6354 2.121822023627735 1.335183513770203 0
6355 0.8769594002930085 1.121710977573302 0
6356 0.8601607347646405 1.144629683973995 0
6357 9.588562593165154 1.616565597771982 0
6358 9.609365268814443 1.549762426873689 0
6359 2.333038562015189 1.403032919089934 0
6360 1.584912618658585 1.154512895909799 0
6361 1.570928033635598 1.138305710596171 0
6362 0.5130752205152589 1.087431756548443 0
6363 0.5447643118374381 1.08197010781127 0
6364 8.964746426971733 0.5967854900226861 0
6365 6.963819478821143 0.4724780118425858 0
6366 0.8989671679071951 1.331884895190464 0
6367 2.630025271317397 1.527676828921638 0
6368 2.356556270202456 1.218882614075558 0
6369 9.906147185006841 1.425890935400744 0
6370 1.210770899223815 1.79693013845957 0
6371 2.262625804382275 0.9097396547162948 0
6372 1.924256240306699 1.076637355426841 0
6373 1.915338672274985 1.084218626820991 0
6374 6.336572140520357 0.9762586759552427 0
6375 6.357432303125802 0.8931414488666587 0
6376 0.4062855392476029 1.376414887147988 0
6377 2.230298738154101 1.130252953982315 0
6378 2.253220338185286 1.142858632185661 0
6379 8.551602325377298 0.5883799962320165 0
6380 8.492538201277698 0.6512158539081756 0
6381 0.6172745950500214 1.171478839149287 0
6382 0.6306640636900163 1.207996015225689 0
6383 2.143251825615143 0.8423278886186225 0
6384 2.157214276510554 0.817143253856498 0
6385 1.91519736339878 1.922715434787959 0
6386 2.356586294851768 0.2520858932858673 0
6387 5.877757017948333 0.9094179138706124 0
6388 1.971689741024161 1.162444373522313 0
6389 1.859601991262269 1.218782734602639 0
6390 8.617622191107285 0.6138645254543306 0
6391 4.043333074646245 1.842367379158466 0
6392 3.169635888157173 1.606869007107023 0
6393 1.4488235083429 1.872348237103816 0
6394 6.901144768989801 1.808496174403058 0
6395 2.088100080475948 1.866422983144228 0
6396 1.970658364505284 1.14754127094098 0
6397 2.122518510514084 1.371267348406886 0
6398 1.321192831105072 1.515131471114941 0
6399 1.29143900182681 1.495930621608698 0
6400 1.0036457006684 1.790297661697685 0
6401 1.032609960594948 1.821587028585376 0
6402 1.565812869210466 1.929091479403382 0
6403 1.687443531334419 1.528837161942839 0
6404 3.683035475979902 1.471323398805345 0
6405 3.743294781427198 1.497310519781175 0
6406 10.95534561291909 0.6322018802920959 0
6407 3.7661398465281 0.4192634238811557 0
6408 3.741799222951372 0.4940186614728954 0
6409 2.317485297619069 1.119559170270515 0
6410 2.282818410285513 1.107034373413794 0
6411 8.996831417212032 0.5180736469243241 0
6412 3.30536258588323 1.333185041979774 0
6413 2.124641401768366 1.101419283835806 0
6414 1.091931373127492 1.869211562375606 0
6415 1.121117211007416 1.83098999424859 0
6416 0.5101112119326412 1.116735874831491 0
6417 1.091236198261135 1.640707033365741 0
6418 2.122133660814522 1.824711726876726 0
6419 1.559264541072556 1.809877538662217 0
6420 1.661239901132957 1.519827084223949 0
6421 2.952671207618674 0.7860606124860129 0
6422 9.198616034457576 1.268590105053498 0
6423 9.172328698262001 1.181438792375024 0
6424 1.934475672050092 1.180931484635687 0
6425 0.480839728786183 1.352282525553116 0
6426 5.914815367506448 0.86434365791299 0
6427 5.954624717327326 0.7842544435381956 0
6428 1.86109915294592 1.26979568965446 0
6429 1.872279420639202 1.253681795196376 0
6430 12.36125942318787 1.456784962927455 0
6431 1.056443466589391 1.84196883629357 0
6432 9.645488594097282 1.483899103065414 0
6433 1.492549755427969 1.850438277545662 0
6434 2.147368799585266 1.141055373274998 0
6435 2.142521974402335 1.163801686153809 0
6436 2.125643349003059 1.143522485325525 0
6437 2.262085775524538 1.102320836192649 0
6438 2.231377386013233 1.104848119221 0
6439 2.120632800563995 0.8412702791146318 0
6440 1.054553409987802 1.634423018369479 0
6441 1.026974962126708 1.65939559600324 0
6442 5.636541201894668 0.6876525010816663 0
6443 1.316737489084871 1.328948360228612 0
6444 1.348085729660257 1.316959062207833 0
6445 9.826076382822777 0.3853786701169357 0
6446 2.286732647295351 1.323318982712915 0
6447 2.254929775346168 1.347759531086546 0
6448 2.0191897050161 1.502306185608818 0
6449 2.266335036616499 0.9409825750947625 0
6450 6.312709840864342 0.8398333119211057 0
6451 1.775564926914982 1.127068911078992 0
6452 6.381982513281749 0.8183742686759574 0
6453 8.762990022911231 0.682047036830354 0
6454 3.837166179967247 0.4145826066766977 0
6455 9.947731464216741 1.348724068571207 0
6456 3.399774679593799 1.001008482612324 0
6457 2.271097096641923 1.379086101597876 0
6458 1.875770484906924 1.114287010211941 0
6459 5.655822548860968 1.825228147443176 0
6460 5.246062885387441 1.1670284964739 0
6461 7.912350124746158 0.9136504140842655 0
6462 2.152569183973623 1.119663894877119 0
6463 2.169447809372899 1.139943095705402 0
6464 8.688207389564102 0.6425878375300704 0
6465 2.194571106405321 0.507439961006022 0
6466 2.122766995655822 1.066936021224526 0
6467 3.33952637117776 1.400303295113013 0
6468 1.715904694711 1.191133290787975 0
6469 1.075104691140175 1.256617031699563 0
6470 5.920878979679051 0.2626087126648677 0
6471 2.688412385326321 0.5398765437741899 0
6472 2.673237372531981 0.4577675071221762 0
6473 5.888563984665847 0.7299654309677277 0
6474 5.823201116814357 0.7846432437867449 0
6475 1.883908133466649 1.127623359456548 0
6476 1.891933167005971 1.114523622588184 0
6477 6.84431883142496 1.693337587970455 0
6478 6.900380111402321 1.739118961884951 0
6479 6.961522503957158 1.793713748650055 0
6480 5.431087095556083 0.5849175674244259 0
6481 5.355161773869467 0.6443905119718763 0
6482 1.81497834735685 1.19566325222335 0
6483 2.799780048141844 0.8979947044455314 0
6484 7.005153907179991 1.759131446909146 0
6485 2.340442655452407 0.3139299054366014 0
6486 2.136400593485447 1.082502314103638 0
6487 3.155655301676267 1.550324350302875 0
6488 1.410766445984712 1.273596597001101 0
6489 5.958002804679634 1.164337885072309 0
6490 7.420636498068517 1.83021792428514 0
6491 7.393892314384091 1.883957957847291 0
6492 2.026470368254511 1.531268046396671 0
6493 8.704665408238766 1.81377604412544 0
6494 1.0704339691047 1.774337033798596 0
6495 1.02687878005378 1.755546829825267 0
6496 4.564547972348732 1.83624234193703 0
6497 2.465320025917838 1.705569946453573 0
6498 0.9077456168089855 1.129528526768818 0
6499 3.855675111049587 1.704971751784009 0
6500 1.843827411364611 1.55365874936226 0
6501 6.455401330427922 0.796843825254451 0
6502 1.522341422224748 1.833795006705636 0
6503 7.025676170163945 0.5106335358412638 0
6504 6.942167121800295 0.5471649617186994 0
6505 1.42475372760169 1.586708641546029 0
6506 2.314800102318193 1.300500017434562 0
6507 8.742334338430672 1.75393103369566 0
6508 7.390206833603347 1.646270671960215 0
6509 7.422601907158376 1.71376832267902 0
6510 8.295843263558595 1.115544296284495 0
6511 1.265083092875911 1.507667466154932 0
6512 4.581238834848725 1.514560205705205 0
6513 3.602017887160651 1.913035682205869 0
6514 2.037798126248918 0.973384236005721 0
6515 8.697851763301895 1.690006642296356 0
6516 7.027065038288516 1.707020556205836 0
6517 2.303328725902178 1.152703070253185 0
6518 0.4587710775027788 1.691729416687477 0
6519 1.917136441900882 1.05140120359474 0
6520 1.907042745862888 1.047097558512528 0
6521 1.076296001902814 1.350958341094461 0
6522 2.772659800144966 0.9507806870605469 0
6523 7.44377673469663 1.770688654927798 0
6524 1.904219759256725 1.115358596993422 0
6525 6.513144218639549 0.7817176385388955 0
6526 2.049568961816448 0.9730522151476095 0
6527 1.87815111426723 1.143688106810649 0
6528 1.225376945638475 1.103576400245038 0
6529 2.864167920877794 0.4240645494599432 0
6530 4.470554193598623 0.4179407517697064 0
6531 0.6607981299017287 1.20393382296953 0
6532 7.482413671432441 1.701523331809991 0
6533 5.855973561168268 1.691453547426506 0
6534 2.490209084128991 0.6027086350605839 0
6535 2.439654708620161 0.6055473170327387 0
6536 1.897970813856982 1.038202393445427 0
6537 1.713702292122776 1.116870582624717 0
6538 2.739532678465642 0.9897852917699372 0
6539 6.695521843217988 1.313158882612983 0
6540 6.770012593085642 1.31981440957139 0
6541 0.5986018112679218 1.380678723776241 0
6542 0.564936088655468 1.403855201165329 0
6543 1.094267475099143 1.79471884150679 0
6544 2.065501625878864 1.529490100692426 0
6545 2.097470412974489 1.529515028889488 0
6546 3.545658155483696 1.844801518275921 0
6547 2.635248957511006 0.569474676494328 0
6548 2.579705370885429 0.5956722648132686 0
6549 0.1043538886057075 1.944926788204851 0
6550 7.776255213723808 1.762043495603724 0
6551 1.406470243982139 1.620373107281063 0
6552 3.587691975276186 1.866832892304064 0
6553 1.736994449848943 1.307584822559753 0
6554 6.484447863754838 0.856556218905955 0
6555 1.906602438816355 1.091562684138592 0
6556 1.363955988190588 1.613056897075488 0
6557 2.501331885975551 0.6681876584940609 0
6558 0.4970572575043308 1.145321008361933 0
6559 11.98550062687212 0.5992539137938229 0
6560 0.8540304290348844 1.429036314783403 0
6561 3.287179868993542 1.43499669740756 0
6562 2.48270162588548 0.8871000144336381 0
6563 2.142249365903071 1.101859202714546 0
6564 1.732708746559468 1.187277631583222 0
6565 6.525691128956757 0.8994862490451809 0
6566 1.160238932575751 1.411790921776497 0
6567 6.943068696871552 1.144653832361668 0
6568 2.145432863621605 1.504839226788961 0
6569 2.126240968388713 1.478016295568931 0
6570 2.273952972946261 1.147572169406806 0
6571 2.025260248325953 1.585449220210565 0
6572 2.321507919905007 1.332919776038092 0
6573 2.297150210294416 1.3919961336938 0
6574 2.329328816602938 1.366775526712579 0
6575 2.531257745746677 0.6280919985161672 0
6576 1.797646101650403 1.194034615472281 0
6577 1.86827540393729 1.234207637862214 0
6578 5.85014319908082 0.844455499501285 0
6579 9.288342330899486 1.013564808089109 0
6580 0.4391487102323748 1.35843950880637 0
6581 1.896082110697 1.102022247748814 0
6582 2.590828172731988 0.6611512882467456 0
6583 2.064291505950306 1.583671274506319 0
6584 2.043583777614689 1.556686043639335 0
6585 6.681540317199216 1.245180582887963 0
6586 9.515243724493015 1.616197631200461 0
6587 2.131430015342809 1.531214851201183 0
6588 2.005194477038467 1.257031187016995 0
6589 2.116574637607362 1.556607920246785 0
6590 2.687247856272349 0.9811702746044 0
6591 2.634367247838763 0.9744219487700406 0
6592 5.588904128546926 1.566939382393005 0
6593 0.4969460749570691 1.681159522779148 0
6594 11.80551721072347 1.145643518827576 0
6595 2.270161352920509 1.125962056921837 0
6596 2.612953301235728 1.018093579465997 0
6597 1.062581654602024 1.809129592057194 0
6598 2.099987999742467 1.587918449427354 0
6599 2.081664470453731 1.616681625998583 0
6600 1.366014649046725 1.027222445640898 0
6601 2.133947602110786 1.589618271739049 0
$EndNodes
$Elements
3410
1 8 2 100 1 1 7 16
2 8 2 100 1 7 8 17
3 8 2 100 1 8 9 18
4 8 2 100 1 9 10 19
5 8 2 100 1 10 11 20
6 8 2 100 1 11 12 21
7 8 2 100 1 12 13 22
8 8 2 100 1 13 14 23
9 8 2 100 1 14 15 24
10 8 2 100 1 15 2 25
11 8 2 200 2 2 26 66
12 8 2 200 2 26 27 67
13 8 2 200 2 27 28 68
14 8 2 200 2 28 29 69
15 8 2 200 2 29 30 70
16 8 2 200 2 30 31 71
17 8 2 200 2 31 32 72
18 8 2 200 2 32 33 73
19 8 2 200 2 33 34 74
20 8 2 200 2 34 35 75
21 8 2 200 2 35 36 76
22 8 2 200 2 36 37 77
23 8 2 200 2 37 38 78
24 8 2 200 2 38 39 79
25 8 2 200 2 39 40 80
26 8 2 200 2 40 41 81
27 8 2 200 2 41 42 82
28 8 2 200 2 42 43 83
29 8 2 200 2 43 44 84
30 8 2 200 2 44 45 85
31 8 2 200 2 45 46 86
32 8 2 200 2 46 47 87
33 8 2 200 2 47 48 88
34 8 2 200 2 48 49 89
35 8 2 200 2 49 50 90
36 8 2 200 2 50 51 91
37 8 2 200 2 51 52 92
38 8 2 200 2 52 53 93
39 8 2 200 2 53 54 94
40 8 2 200 2 54 55 95
41 8 2 200 2 55 56 96
42 8 2 200 2 56 57 97
43 8 2 200 2 57 58 98
44 8 2 200 2 58 59 99
45 8 2 200 2 59 60 100
46 8 2 200 2 60 61 101
47 8 2 200 2 61 62 102
48 8 2 200 2 62 63 103
49 8 2 200 2 63 64 104
50 8 2 200 2 64 65 105
51 8 2 200 2 65 3 106
52 8 2 200 3 3 107 119
53 8 2 200 3 107 108 120
54 8 2 200 3 108 109 121
55 8 2 200 3 109 110 122
56 8 2 200 3 110 111 123
57 8 2 200 3 111 112 124
58 8 2 200 3 112 113 125
59 8 2 200 3 113 114 126
60 8 2 200 3 114 115 127
61 8 2 200 3 115 116 128
62 8 2 200 3 116 117 129
63 8 2 200 3 117 118 130
64 8 2 200 3 118 4 131
65 8 2 200 4 4 132 186
66 8 2 200 4 132 133 187
67 8 2 200 4 133 134 188
68 8 2 200 4 134 135 189
69 8 2 200 4 135 136 190
70 8 2 200 4 136 137 191
71 8 2 200 4 137 138 192
72 8 2 200 4 138 139 193
73 8 2 200 4 139 140 194
74 8 2 200 4 140 141 195
75 8 2 200 4 141 142 196
76 8 2 200 4 142 143 197
77 8 2 200 4 143 144 198
78 8 2 200 4 144 145 199
79 8 2 200 4 145 146 200
80 8 2 200 4 146 147 201
81 8 2 200 4 147 148 202
82 8 2 200 4 148 149 203
83 8 2 200 4 149 150 204
84 8 2 200 4 150 151 205
85 8 2 200 4 151 152 206
86 8 2 200 4 152 153 207
87 8 2 200 4 153 154 208
88 8 2 200 4 154 155 209
89 8 2 200 4 155 156 210
90 8 2 200 4 156 157 211
91 8 2 200 4 157 158 212
92 8 2 200 4 158 159 213
93 8 2 200 4 159 160 214
94 8 2 200 4 160 161 215
95 8 2 200 4 161 162 216
96 8 2 200 4 162 163 217
97 8 2 200 4 163 164 218
98 8 2 200 4 164 165 219
99 8 2 200 4 165 166 220
100 8 2 200 4 166 167 221
101 8 2 200 4 167 168 222
102 8 2 200 4 168 169 223
103 8 2 200 4 169 170 224
104 8 2 200 4 170 171 225
105 8 2 200 4 171 172 226
106 8 2 200 4 172 173 227
107 8 2 200 4 173 174 228
108 8 2 200 4 174 175 229
109 8 2 200 4 175 176 230
110 8 2 200 4 176 177 231
111 8 2 200 4 177 178 232
112 8 2 200 4 178 179 233
113 8 2 200 4 179 180 234
114 8 2 200 4 180 181 235
115 8 2 200 4 181 182 236
116 8 2 200 4 182 183 237
117 8 2 200 4 183 184 238
118 8 2 200 4 184 185 239
119 8 2 200 4 185 5 240
120 8 2 300 5 5 241 250
121 8 2 300 5 241 242 251
122 8 2 300 5 242 243 252
123 8 2 300 5 243 244 253
124 8 2 300 5 244 245 254
125 8 2 300 5 245 246 255
126 8 2 300 5 246 247 256
127 8 2 300 5 247 248 257
128 8 2 300 5 248 249 258
129 8 2 300 5 249 6 259
130 8 2 200 6 6 260 350
131 8 2 200 6 260 261 351
132 8 2 200 6 261 262 352
133 8 2 200 6 262 263 353
134 8 2 200 6 263 264 354
135 8 2 200 6 264 265 355
136 8 2 200 6 265 266 356
137 8 2 200 6 266 267 357
138 8 2 200 6 267 268 358
139 8 2 200 6 268 269 359
140 8 2 200 6 269 270 360
141 8 2 200 6 270 271 361
142 8 2 200 6 271 272 362
143 8 2 200 6 272 273 363
144 8 2 200 6 273 274 364
145 8 2 200 6 274 275 365
146 8 2 200 6 275 276 366
147 8 2 200 6 276 277 367
148 8 2 200 6 277 278 368
149 8 2 200 6 278 279 369
150 8 2 200 6 279 280 370
151 8 2 200 6 280 281 371
152 8 2 200 6 281 282 372
153 8 2 200 6 282 283 373
154 8 2 200 6 283 284 374
155 8 2 200 6 284 285 375
156 8 2 200 6 285 286 376
157 8 2 200 6 286 287 377
158 8 2 200 6 287 288 378
159 8 2 200 6 288 289 379
160 8 2 200 6 289 290 380
161 8 2 200 6 290 291 381
162 8 2 200 6 291 292 382
163 8 2 200 6 292 293 383
164 8 2 200 6 293 294 384
165 8 2 200 6 294 295 385
166 8 2 200 6 295 296 386
167 8 2 200 6 296 297 387
168 8 2 200 6 297 298 388
169 8 2 200 6 298 299 389
170 8 2 200 6 299 300 390
171 8 2 200 6 300 301 391
172 8 2 200 6 301 302 392
173 8 2 200 6 302 303 393
174 8 2 200 6 303 304 394
175 8 2 200 6 304 305 395
176 8 2 200 6 305 306 396
177 8 2 200 6 306 307 397
178 8 2 200 6 307 308 398
179 8 2 200 6 308 309 399
180 8 2 200 6 309 310 400
181 8 2 200 6 310 311 401
182 8 2 200 6 311 312 402
183 8 2 200 6 312 313 403
184 8 2 200 6 313 314 404
185 8 2 200 6 314 315 405
186 8 2 200 6 315 316 406
187 8 2 200 6 316 317 407
188 8 2 200 6 317 318 408
189 8 2 200 6 318 319 409
190 8 2 200 6 319 320 410
191 8 2 200 6 320 321 411
192 8 2 200 6 321 322 412
193 8 2 200 6 322 323 413
194 8 2 200 6 323 324 414
195 8 2 200 6 324 325 415
196 8 2 200 6 325 326 416
197 8 2 200 6 326 327 417
198 8 2 200 6 327 328 418
199 8 2 200 6 328 329 419
200 8 2 200 6 329 330 420
201 8 2 200 6 330 331 421
202 8 2 200 6 331 332 422
203 8 2 200 6 332 333 423
204 8 2 200 6 333 334 424
205 8 2 200 6 334 335 425
206 8 2 200 6 335 336 426
207 8 2 200 6 336 337 427
208 8 2 200 6 337 338 428
209 8 2 200 6 338 339 429
210 8 2 200 6 339 340 430
211 8 2 200 6 340 341 431
212 8 2 200 6 341 342 432
213 8 2 200 6 342 343 433
214 8 2 200 6 343 344 434
215 8 2 200 6 344 345 435
216 8 2 200 6 345 346 436
217 8 2 200 6 346 347 437
218 8 2 200 6 347 348 438
219 8 2 200 6 348 349 439
220 8 2 200 6 349 1 440
221 9 2 10 12 982 1357 695 1927 1928 1929
222 9 2 10 12 812 1357 982 1930 1927 1931
223 9 2 10 12 1782 1125 888 1932 1933 1934
224 9 2 10 12 933 1919 443 1935 1936 1937
225 9 2 10 12 443 1919 884 1936 1938 1939
226 9 2 10 12 556 1782 888 1940 1934 1941
227 9 2 10 12 1487 1029 497 1942 1943 1944
228 9 2 10 12 843 1029 1487 1945 1942 1946
229 9 2 10 12 1496 1241 655 1947 1948 1949
230 9 2 10 12 1592 1126 931 1950 1951 1952
231 9 2 10 12 1356 1116 932 1953 1954 1955
232 9 2 10 12 942 1902 772 1956 1957 1958
233 9 2 10 12 1457 307 1357 1959 1960 1961
234 9 2 10 12 838 1563 1131 1962 1963 1964
235 9 2 10 12 1486 568 1029 1965 1966 1967
236 9 2 10 12 836 1126 1404 1968 1969 1970
237 9 2 10 12 1563 714 1131 1971 1972 1963
238 9 2 10 12 1760 1496 655 1973 1949 1974
239 9 2 10 12 812 1457 1357 1975 1961 1930
240 9 2 10 12 666 1288 1186 1976 1977 1978
241 9 2 10 12 5 241 1166 250 1979 1980
242 9 2 10 12 5 1166 185 1980 1981 240
243 9 2 10 12 534 961 833 1982 1983 1984
244 9 2 10 12 324 1070 1130 1985 1986 1987
245 9 2 10 12 897 1286 1425 1988 1989 1990
246 9 2 10 12 632 1167 831 1991 1992 1993
247 9 2 10 12 582 787 1449 1994 1995 1996
248 9 2 10 12 487 1103 901 1997 1998 1999
249 9 2 10 12 475 1026 1161 2000 2001 2002
250 9 2 10 12 443 1851 869 2003 2004 2005
251 9 2 10 12 670 1545 824 2006 2007 2008
252 9 2 10 12 729 1824 823 2009 2010 2011
253 9 2 10 12 601 978 807 2012 2013 2014
254 9 2 10 12 1126 695 1404 2015 2016 1969
255 9 2 10 12 444 892 1112 2017 2018 2019
256 9 2 10 12 660 1143 896 2020 2021 2022
257 9 2 10 12 310 836 1404 2023 1970 2024
258 9 2 10 12 1096 927 1735 2025 2026 2027
259 9 2 10 12 504 1361 993 2028 2029 2030
260 9 2 10 12 691 891 975 2031 2032 2033
261 9 2 10 12 602 997 808 2034 2035 2036
262 9 2 10 12 569 945 739 2037 2038 2039
263 9 2 10 12 1022 1287 1570 2040 2041 2042
264 9 2 10 12 666 919 1288 2043 2044 1976
265 9 2 10 12 323 324 1130 414 1987 2045
266 9 2 10 12 56 57 1017 97 2046 2047
267 9 2 10 12 470 1816 941 2048 2049 2050
268 9 2 10 12 1678 622 788 2051 2052 2053
269 9 2 10 12 599 847 1905 2054 2055 2056
270 9 2 10 12 843 1486 1029 2057 1967 1945
271 9 2 10 12 870 1851 443 2058 2003 2059
272 9 2 10 12 452 939 1010 2060 2061 2062
273 9 2 10 12 470 851 1816 2063 2064 2048
274 9 2 10 12 831 1587 1246 2065 2066 2067
275 9 2 10 12 638 824 1250 2068 2069 2070
276 9 2 10 12 442 1567 1069 2071 2072 2073
277 9 2 10 12 711 1413 957 2074 2075 2076
278 9 2 10 12 626 929 1479 2077 2078 2079
279 9 2 10 12 264 265 850 355 2080 2081
280 9 2 10 12 578 1115 1282 2082 2083 2084
281 9 2 10 12 788 622 1314 2052 2085 2086
282 9 2 10 12 347 1206 830 2087 2088 2089
283 9 2 10 12 744 1455 1080 2090 2091 2092
284 9 2 10 12 578 1515 800 2093 2094 2095
285 9 2 10 12 158 1034 1369 2096 2097 2098
286 9 2 10 12 634 1702 841 2099 2100 2101
287 9 2 10 12 852 1663 908 2102 2103 2104
288 9 2 10 12 547 750 1536 2105 2106 2107
289 9 2 10 12 57 1566 1017 2108 2109 2046
290 9 2 10 12 613 795 1574 2110 2111 2112
291 9 2 10 12 613 1139 795 2113 2114 2110
292 9 2 10 12 581 1511 805 2115 2116 2117
293 9 2 10 12 626 1479 933 2079 2118 2119
294 9 2 10 12 585 1663 852 2120 2102 2121
295 9 2 10 12 530 1698 823 2122 2123 2124
296 9 2 10 12 262 919 1395 2125 2126 2127
297 9 2 10 12 471 842 1134 2128 2129 2130
298 9 2 10 12 970 1184 1441 2131 2132 2133
299 9 2 10 12 499 1592 931 2134 1952 2135
300 9 2 10 12 641 799 1272 2136 2137 2138
301 9 2 10 12 611 1119 1203 2139 2140 2141
302 9 2 10 12 659 1058 998 2142 2143 2144
303 9 2 10 12 183 1447 947 2145 2146 2147
304 9 2 10 12 1321 1902 942 2148 1956 2149
305 9 2 10 12 645 901 1103 2150 1998 2151
306 9 2 10 12 454 1250 824 2152 2069 2153
307 9 2 10 12 892 1442 1112 2154 2155 2018
308 9 2 10 12 566 975 840 2156 2157 2158
309 9 2 10 12 3 1072 1209 2159 2160 2161
310 9 2 10 12 479 821 1274 2162 2163 2164
311 9 2 10 12 183 184 1447 238 2165 2145
312 9 2 10 12 615 1193 810 2166 2167 2168
313 9 2 10 12 674 1205 1322 2169 2170 2171
314 9 2 10 12 527 754 1161 2172 2173 2174
315 9 2 10 12 927 663 1735 2175 2176 2026
316 9 2 10 12 1246 1587 171 2066 2177 2178
317 9 2 10 12 764 1203 1119 2179 2140 2180
318 9 2 10 12 547 1453 750 2181 2182 2105
319 9 2 10 12 492 1097 956 2183 2184 2185
320 9 2 10 12 911 1137 1434 2186 2187 2188
321 9 2 10 12 631 1046 900 2189 2190 2191
322 9 2 10 12 636 1180 799 2192 2193 2194
323 9 2 10 12 58 59 986 99 2195 2196
324 9 2 10 12 493 998 1058 2197 2143 2198
325 9 2 10 12 310 1513 836 2199 2200 2023
326 9 2 10 12 628 1010 939 2201 2061 2202
327 9 2 10 12 473 917 929 2203 2204 2205
328 9 2 10 12 848 1399 1416 2206 2207 2208
329 9 2 10 12 471 972 1511 2209 2210 2211
330 9 2 10 12 599 1905 966 2056 2212 2213
331 9 2 10 12 677 1356 932 2214 1955 2215
332 9 2 10 12 521 783 1141 2216 2217 2218
333 9 2 10 12 33 34 1485 74 2219 2220
334 9 2 10 12 59 1105 986 2221 2222 2195
335 9 2 10 12 595 887 1670 2223 2224 2225
336 9 2 10 12 812 1789 920 2226 2227 2228
337 9 2 10 12 459 1042 1077 2229 2230 2231
338 9 2 10 12 636 799 1214 2194 2232 2233
339 9 2 10 12 593 1104 1378 2234 2235 2236
340 9 2 10 12 509 991 1261 2237 2238 2239
341 9 2 10 12 704 1137 911 2240 2186 2241
342 9 2 10 12 145 795 1187 2242 2243 2244
343 9 2 10 12 571 845 1056 2245 2246 2247
344 9 2 10 12 565 899 1300 2248 2249 2250
345 9 2 10 12 938 1841 1641 2251 2252 2253
346 9 2 10 12 845 1412 1056 2254 2255 2246
347 9 2 10 12 582 1038 787 2256 2257 1994
348 9 2 10 12 34 999 1485 2258 2259 2219
349 9 2 10 12 696 1300 899 2260 2249 2261
350 9 2 10 12 179 1344 984 2262 2263 2264
351 9 2 10 12 684 1558 1301 2265 2266 2267
352 9 2 10 12 750 1632 1170 2268 2269 2270
353 9 2 10 12 1671 887 595 2271 2223 2272
354 9 2 10 12 141 873 1523 2273 2274 2275
355 9 2 10 12 157 158 1369 212 2098 2276
356 9 2 10 12 501 909 1300 2277 2278 2279
357 9 2 10 12 52 1080 1822 2280 2281 2282
358 9 2 10 12 823 1698 996 2123 2283 2284
359 9 2 10 12 683 1077 1042 2285 2230 2286
360 9 2 10 12 261 262 1395 352 2127 2287
361 9 2 10 12 531 1286 897 2288 1988 2289
362 9 2 10 12 891 1886 975 2290 2291 2032
363 9 2 10 12 494 1430 819 2292 2293 2294
364 9 2 10 12 650 1132 1297 2295 2296 2297
365 9 2 10 12 479 1062 821 2298 2299 2162
366 9 2 10 12 521 1215 783 2300 2301 2216
367 9 2 10 12 574 1147 999 2302 2303 2304
368 9 2 10 12 664 956 1097 2305 2184 2306
369 9 2 10 12 597 1114 826 2307 2308 2309
370 9 2 10 12 515 1407 1433 2310 2311 2312
371 9 2 10 12 674 1322 947 2171 2313 2314
372 9 2 10 12 684 1301 1054 2267 2315 2316
373 9 2 10 12 496 1388 1692 2317 2318 2319
374 9 2 10 12 514 1061 1287 2320 2321 2322
375 9 2 10 12 441 1109 1283 2323 2324 2325
376 9 2 10 12 492 952 1097 2326 2327 2183
377 9 2 10 12 487 975 1886 2328 2291 2329
378 9 2 10 12 588 1048 1329 2330 2331 2332
379 9 2 10 12 648 928 1122 2333 2334 2335
380 9 2 10 12 480 797 1260 2336 2337 2338
381 9 2 10 12 615 810 1060 2168 2339 2340
382 9 2 10 12 673 1059 1348 2341 2342 2343
383 9 2 10 12 472 1145 1037 2344 2345 2346
384 9 2 10 12 465 820 1113 2347 2348 2349
385 9 2 10 12 605 802 1788 2350 2351 2352
386 9 2 10 12 577 991 1036 2353 2354 2355
387 9 2 10 12 487 840 975 2356 2157 2328
388 9 2 10 12 686 970 1441 2357 2133 2358
389 9 2 10 12 499 852 982 2359 2360 2361
390 9 2 10 12 11 915 1011 2362 2363 2364
391 9 2 10 12 476 1021 858 2365 2366 2367
392 9 2 10 12 842 1511 1655 2368 2369 2370
393 9 2 10 12 849 1802 1099 2371 2372 2373
394 9 2 10 12 474 823 996 2374 2284 2375
395 9 2 10 12 573 1105 765 2376 2377 2378
396 9 2 10 12 809 1888 1176 2379 2380 2381
397 9 2 10 12 517 747 1424 2382 2383 2384
398 9 2 10 12 639 1326 1092 2385 2386 2387
399 9 2 10 12 577 1245 969 2388 2389 2390
400 9 2 10 12 59 60 1105 100 2391 2221
401 9 2 10 12 634 961 1702 2392 2393 2099
402 9 2 10 12 444 1089 892 2394 2395 2017
403 9 2 10 12 641 1258 799 2396 2397 2136
404 9 2 10 12 465 1309 820 2398 2399 2347
405 9 2 10 12 563 968 998 2400 2401 2402
406 9 2 10 12 673 837 1059 2403 2404 2341
407 9 2 10 12 54 1120 1512 2405 2406 2407
408 9 2 10 12 705 1037 1145 2408 2345 2409
409 9 2 10 12 805 1511 972 2116 2210 2410
410 9 2 10 12 456 1003 1379 2411 2412 2413
411 9 2 10 12 752 1225 1445 2414 2415 2416
412 9 2 10 12 569 739 1249 2039 2417 2418
413 9 2 10 12 575 1107 1439 2419 2420 2421
414 9 2 10 12 657 1097 952 2422 2327 2423
415 9 2 10 12 990 1562 1561 2424 2425 2426
416 9 2 10 12 180 181 882 235 2427 2428
417 9 2 10 12 150 1729 1051 2429 2430 2431
418 9 2 10 12 589 944 949 2432 2433 2434
419 9 2 10 12 582 1449 1633 1996 2435 2436
420 9 2 10 12 441 1283 930 2325 2437 2438
421 9 2 10 12 465 1888 809 2439 2379 2440
422 9 2 10 12 561 1080 1455 2441 2091 2442
423 9 2 10 12 852 908 1861 2104 2443 2444
424 9 2 10 12 52 53 1080 93 2445 2280
425 9 2 10 12 514 1287 1022 2322 2040 2446
426 9 2 10 12 601 807 1099 2014 2447 2448
427 9 2 10 12 476 1117 1021 2449 2450 2365
428 9 2 10 12 780 1286 1209 2451 2452 2453
429 9 2 10 12 560 1627 838 2454 2455 2456
430 9 2 10 12 456 832 1003 2457 2458 2411
431 9 2 10 12 567 1152 1687 2459 2460 2461
432 9 2 10 12 578 829 923 2462 2463 2464
433 9 2 10 12 764 1378 1104 2465 2235 2466
434 9 2 10 12 581 805 1389 2117 2467 2468
435 9 2 10 12 933 1479 1083 2118 2469 2470
436 9 2 10 12 460 837 1440 2471 2472 2473
437 9 2 10 12 701 999 1147 2474 2303 2475
438 9 2 10 12 313 314 898 404 2476 2477
439 9 2 10 12 542 819 1446 2478 2479 2480
440 9 2 10 12 600 1146 814 2481 2482 2483
441 9 2 10 12 703 1570 1287 2484 2041 2485
442 9 2 10 12 742 1022 980 2486 2487 2488
443 9 2 10 12 768 1282 1115 2489 2083 2490
444 9 2 10 12 602 808 1202 2036 2491 2492
445 9 2 10 12 147 148 900 202 2493 2494
446 9 2 10 12 515 1433 872 2312 2495 2496
447 9 2 10 12 471 960 1486 2497 2498 2499
448 9 2 10 12 660 1420 1143 2500 2501 2020
449 9 2 10 12 991 1576 1261 2502 2503 2238
450 9 2 10 12 54 55 1120 95 2504 2405
451 9 2 10 12 551 1435 1061 2505 2506 2507
452 9 2 10 12 557 920 1789 2508 2227 2509
453 9 2 10 12 575 950 1107 2510 2511 2419
454 9 2 10 12 553 1495 823 2512 2513 2514
455 9 2 10 12 492 1056 1412 2515 2255 2516
456 9 2 10 12 624 1036 991 2517 2354 2518
457 9 2 10 12 460 957 1413 2519 2075 2520
458 9 2 10 12 578 800 1115 2095 2521 2082
459 9 2 10 12 929 1135 1479 2522 2523 2078
460 9 2 10 12 546 868 1730 2524 2525 2526
461 9 2 10 12 501 1300 1517 2279 2527 2528
462 9 2 10 12 720 1171 1488 2529 2530 2531
463 9 2 10 12 549 930 1123 2532 2533 2534
464 9 2 10 12 1553 993 1693 2535 2536 2537
465 9 2 10 12 1889 1126 558 2538 2539 2540
466 9 2 10 12 659 998 968 2144 2401 2541
467 9 2 10 12 935 1871 1193 2542 2543 2544
468 9 2 10 12 178 179 984 233 2264 2545
469 9 2 10 12 454 824 1081 2153 2546 2547
470 9 2 10 12 553 823 1342 2514 2548 2549
471 9 2 10 12 712 1227 1262 2550 2551 2552
472 9 2 10 12 295 296 950 386 2553 2554
473 9 2 10 12 667 878 1240 2555 2556 2557
474 9 2 10 12 631 1051 1219 2558 2559 2560
475 9 2 10 12 805 1438 1389 2561 2562 2467
476 9 2 10 12 1871 810 1193 2563 2167 2543
477 9 2 10 12 11 12 915 21 2564 2362
478 9 2 10 12 652 857 1078 2565 2566 2567
479 9 2 10 12 670 824 1310 2008 2568 2569
480 9 2 10 12 603 875 1108 2570 2571 2572
481 9 2 10 12 567 886 1152 2573 2574 2459
482 9 2 10 12 828 1359 1204 2575 2576 2577
483 9 2 10 12 593 1398 885 2578 2579 2580
484 9 2 10 12 993 576 1693 2581 2582 2536
485 9 2 10 12 608 1043 873 2583 2584 2585
486 9 2 10 12 673 1440 837 2586 2472 2403
487 9 2 10 12 505 1562 990 2587 2424 2588
488 9 2 10 12 593 885 1628 2580 2589 2590
489 9 2 10 12 528 918 1540 2591 2592 2593
490 9 2 10 12 584 1057 1696 2594 2595 2596
491 9 2 10 12 608 853 1067 2597 2598 2599
492 9 2 10 12 308 309 1404 399 2600 2601
493 9 2 10 12 299 300 899 390 2602 2603
494 9 2 10 12 491 863 1057 2604 2605 2606
495 9 2 10 12 707 969 1245 2607 2389 2608
496 9 2 10 12 608 1704 853 2609 2610 2597
497 9 2 10 12 34 1106 999 2611 2612 2258
498 9 2 10 12 449 1823 822 2613 2614 2615
499 9 2 10 12 858 1687 1152 2616 2460 2617
500 9 2 10 12 1655 1511 581 2369 2115 2618
501 9 2 10 12 798 1633 1449 2619 2435 2620
502 9 2 10 12 761 1092 1326 2621 2386 2622
503 9 2 10 12 145 1574 795 2623 2111 2242
504 9 2 10 12 1069 1567 1843 2072 2624 2625
505 9 2 10 12 469 860 1331 2626 2627 2628
506 9 2 10 12 861 1759 1241 2629 2630 2631
507 9 2 10 12 616 1516 1605 2632 2633 2634
508 9 2 10 12 636 830 1136 2635 2636 2637
509 9 2 10 12 863 1696 1057 2638 2595 2605
510 9 2 10 12 449 846 1284 2639 2640 2641
511 9 2 10 12 931 1126 1889 1951 2538 2642
512 9 2 10 12 651 828 1392 2643 2644 2645
513 9 2 10 12 791 1051 1729 2646 2430 2647
514 9 2 10 12 447 1170 1632 2648 2269 2649
515 9 2 10 12 762 993 1361 2650 2029 2651
516 9 2 10 12 540 1399 848 2652 2206 2653
517 9 2 10 12 682 1101 1005 2654 2655 2656
518 9 2 10 12 1160 591 1456 2657 2658 2659
519 9 2 10 12 303 304 912 394 2660 2661
520 9 2 10 12 532 825 1394 2662 2663 2664
521 9 2 10 12 245 246 965 255 2665 2666
522 9 2 10 12 1532 789 624 2667 2668 2669
523 9 2 10 12 625 844 1094 2670 2671 2672
524 9 2 10 12 494 819 1466 2294 2673 2674
525 9 2 10 12 1286 658 1209 2675 2676 2452
526 9 2 10 12 246 1502 965 2677 2678 2665
527 9 2 10 12 601 1099 1802 2448 2372 2679
528 9 2 10 12 776 1061 1435 2680 2506 2681
529 9 2 10 12 1051 1557 1219 2682 2683 2559
530 9 2 10 12 308 1404 1357 2601 2684 2685
531 9 2 10 12 629 1064 909 2686 2687 2688
532 9 2 10 12 614 1005 1101 2689 2655 2690
533 9 2 10 12 484 1223 841 2691 2692 2693
534 9 2 10 12 690 1086 940 2694 2695 2696
535 9 2 10 12 499 1221 1278 2697 2698 2699
536 9 2 10 12 598 929 917 2700 2204 2701
537 9 2 10 12 662 983 1477 2702 2703 2704
538 9 2 10 12 585 852 1278 2121 2705 2706
539 9 2 10 12 117 118 888 130 2707 2708
540 9 2 10 12 936 1647 1829 2709 2710 2711
541 9 2 10 12 681 1416 1399 2712 2207 2713
542 9 2 10 12 471 1486 1197 2499 2714 2715
543 9 2 10 12 465 809 1522 2440 2716 2717
544 9 2 10 12 462 1066 1726 2718 2719 2720
545 9 2 10 12 501 1039 1168 2721 2722 2723
546 9 2 10 12 625 1815 844 2724 2725 2670
547 9 2 10 12 756 1379 1003 2726 2412 2727
548 9 2 10 12 760 1656 1123 2728 2729 2730
549 9 2 10 12 636 1521 830 2731 2732 2635
550 9 2 10 12 936 1692 1388 2733 2318 2734
551 9 2 10 12 156 1369 963 2735 2736 2737
552 9 2 10 12 566 840 1642 2158 2738 2739
553 9 2 10 12 319 1364 913 2740 2741 2742
554 9 2 10 12 538 1059 837 2743 2404 2744
555 9 2 10 12 1059 1681 1348 2745 2746 2342
556 9 2 10 12 471 1134 960 2130 2747 2497
557 9 2 10 12 140 141 1523 195 2275 2748
558 9 2 10 12 607 1165 856 2749 2750 2751
559 9 2 10 12 523 1371 1637 2752 2753 2754
560 9 2 10 12 660 1358 816 2755 2756 2757
561 9 2 10 12 688 1351 935 2758 2759 2760
562 9 2 10 12 599 1129 847 2761 2762 2054
563 9 2 10 12 537 822 1389 2763 2764 2765
564 9 2 10 12 638 1244 824 2766 2767 2068
565 9 2 10 12 676 1228 989 2768 2769 2770
566 9 2 10 12 670 1021 1117 2771 2450 2772
567 9 2 10 12 480 1237 797 2773 2774 2336
568 9 2 10 12 567 1926 886 2775 2776 2573
569 9 2 10 12 517 1188 747 2777 2778 2382
570 9 2 10 12 743 1726 1066 2779 2719 2780
571 9 2 10 12 532 1397 825 2781 2782 2662
572 9 2 10 12 693 960 1134 2783 2747 2784
573 9 2 10 12 618 939 1111 2785 2786 2787
574 9 2 10 12 309 310 1404 400 2024 2600
575 9 2 10 12 711 957 1163 2076 2788 2789
576 9 2 10 12 892 1089 1633 2395 2790 2791
577 9 2 10 12 331 1445 1225 2792 2415 2793
578 9 2 10 12 34 35 1106 75 2794 2611
579 9 2 10 12 598 1154 1304 2795 2796 2797
580 9 2 10 12 605 1112 802 2798 2799 2350
581 9 2 10 12 663 1233 825 2800 2801 2802
582 9 2 10 12 535 857 1272 2803 2804 2805
583 9 2 10 12 520 869 1381 2806 2807 2808
584 9 2 10 12 1438 537 1389 2809 2765 2562
585 9 2 10 12 663 825 1397 2802 2782 2810
586 9 2 10 12 650 1297 1082 2297 2811 2812
587 9 2 10 12 605 1539 1714 2813 2814 2815
588 9 2 10 12 634 841 1223 2101 2692 2816
589 9 2 10 12 542 1311 819 2817 2818 2478
590 9 2 10 12 643 1123 930 2819 2533 2820
591 9 2 10 12 613 900 1046 2821 2190 2822
592 9 2 10 12 651 1217 828 2823 2824 2643
593 9 2 10 12 687 859 1382 2825 2826 2827
594 9 2 10 12 338 875 1626 2828 2829 2830
595 9 2 10 12 591 1113 1456 2831 2832 2658
596 9 2 10 12 293 1384 1686 2833 2834 2835
597 9 2 10 12 535 1078 857 2836 2566 2803
598 9 2 10 12 726 1273 1363 2837 2838 2839
599 9 2 10 12 921 1064 1870 2840 2841 2842
600 9 2 10 12 546 1541 868 2843 2844 2524
601 9 2 10 12 659 1169 1058 2845 2846 2142
602 9 2 10 12 470 908 1663 2847 2103 2848
603 9 2 10 12 597 826 1148 2309 2849 2850
604 9 2 10 12 573 765 1191 2378 2851 2852
605 9 2 10 12 47 48 946 88 2853 2854
606 9 2 10 12 725 826 1316 2855 2856 2857
607 9 2 10 12 527 1161 1616 2174 2858 2859
608 9 2 10 12 736 1794 903 2860 2861 2862
609 9 2 10 12 564 1021 990 2863 2864 2865
610 9 2 10 12 820 1456 1113 2866 2832 2348
611 9 2 10 12 700 1488 955 2867 2868 2869
612 9 2 10 12 444 855 1089 2870 2871 2394
613 9 2 10 12 655 1241 1759 1948 2630 2872
614 9 2 10 12 470 1663 910 2848 2873 2874
615 9 2 10 12 468 1319 945 2875 2876 2877
616 9 2 10 12 477 1449 1076 2878 2879 2880
617 9 2 10 12 775 1625 1337 2881 2882 2883
618 9 2 10 12 526 828 1204 2884 2577 2885
619 9 2 10 12 824 1545 1081 2007 2886 2546
620 9 2 10 12 624 789 1327 2668 2887 2888
621 9 2 10 12 776 1287 1061 2889 2321 2680
622 9 2 10 12 604 1841 938 2890 2251 2891
623 9 2 10 12 822 1823 1346 2614 2892 2893
624 9 2 10 12 526 1392 828 2894 2644 2884
625 9 2 10 12 484 894 1376 2895 2896 2897
626 9 2 10 12 585 846 1476 2898 2899 2900
627 9 2 10 12 605 1714 1112 2815 2901 2798
628 9 2 10 12 1003 1638 1463 2902 2903 2904
629 9 2 10 12 1012 1460 1353 2905 2906 2907
630 9 2 10 12 660 816 1420 2757 2908 2500
631 9 2 10 12 452 1111 939 2909 2786 2060
632 9 2 10 12 725 1562 826 2910 2911 2855
633 9 2 10 12 513 955 1488 2912 2868 2913
634 9 2 10 12 159 160 985 214 2914 2915
635 9 2 10 12 617 1204 1359 2916 2576 2917
636 9 2 10 12 488 1084 1245 2918 2919 2920
637 9 2 10 12 848 1160 1456 2921 2659 2922
638 9 2 10 12 561 1455 932 2442 2923 2924
639 9 2 10 12 543 1317 854 2925 2926 2927
640 9 2 10 12 758 792 1602 2928 2929 2930
641 9 2 10 12 894 1055 1910 2931 2932 2933
642 9 2 10 12 274 275 987 365 2934 2935
643 9 2 10 12 983 1436 1477 2936 2937 2703
644 9 2 10 12 1910 1055 559 2932 2938 2939
645 9 2 10 12 265 1158 850 2940 2941 2080
646 9 2 10 12 460 1313 837 2942 2943 2471
647 9 2 10 12 644 748 1138 2944 2945 2946
648 9 2 10 12 481 1636 834 2947 2948 2949
649 9 2 10 12 550 1302 890 2950 2951 2952
650 9 2 10 12 481 834 1631 2949 2953 2954
651 9 2 10 12 671 1167 1045 2955 2956 2957
652 9 2 10 12 593 953 1398 2958 2959 2578
653 9 2 10 12 1871 1351 488 2960 2961 2962
654 9 2 10 12 58 986 1566 2196 2963 2964
655 9 2 10 12 459 1153 1042 2965 2966 2229
656 9 2 10 12 296 1107 950 2967 2511 2553
657 9 2 10 12 1249 1860 1326 2968 2969 2970
658 9 2 10 12 829 1909 923 2971 2972 2463
659 9 2 10 12 831 1167 1817 1992 2973 2974
660 9 2 10 12 750 1170 1536 2270 2975 2106
661 9 2 10 12 585 1278 1284 2706 2976 2977
662 9 2 10 12 616 1661 844 2978 2979 2980
663 9 2 10 12 720 884 1171 2981 2982 2529
664 9 2 10 12 690 940 1341 2696 2983 2984
665 9 2 10 12 39 40 954 80 2985 2986
666 9 2 10 12 720 1611 884 2987 2988 2981
667 9 2 10 12 475 1329 1048 2989 2331 2990
668 9 2 10 12 29 30 969 70 2991 2992
669 9 2 10 12 679 1460 1012 2993 2905 2994
670 9 2 10 12 685 1042 1153 2995 2966 2996
671 9 2 10 12 1039 1677 1168 2997 2998 2722
672 9 2 10 12 751 1433 1407 2999 2311 3000
673 9 2 10 12 632 831 1246 1993 2067 3001
674 9 2 10 12 478 828 1217 3002 2824 3003
675 9 2 10 12 678 845 1899 3004 3005 3006
676 9 2 10 12 1870 1064 472 2841 3007 3008
677 9 2 10 12 546 1003 1463 3009 2904 3010
678 9 2 10 12 775 1337 1078 2883 3011 3012
679 9 2 10 12 597 867 1405 3013 3014 3015
680 9 2 10 12 530 823 1824 2124 2010 3016
681 9 2 10 12 852 1789 982 3017 3018 2360
682 9 2 10 12 443 884 1611 1939 2988 3019
683 9 2 10 12 536 1480 876 3020 3021 3022
684 9 2 10 12 676 1294 1228 3023 3024 2768
685 9 2 10 12 502 886 1088 3025 3026 3027
686 9 2 10 12 771 1637 1371 3028 2753 3029
687 9 2 10 12 561 925 1080 3030 3031 2441
688 9 2 10 12 540 1456 820 3032 2866 3033
689 9 2 10 12 694 984 1344 3034 2263 3035
690 9 2 10 12 731 1156 1182 3036 3037 3038
691 9 2 10 12 565 1621 899 3039 3040 2248
692 9 2 10 12 506 1181 1619 3041 3042 3043
693 9 2 10 12 149 150 1051 204 2431 3044
694 9 2 10 12 768 885 1818 3045 3046 3047
695 9 2 10 12 838 1627 1312 2455 3048 3049
696 9 2 10 12 153 1177 844 3050 3051 3052
697 9 2 10 12 616 844 1177 2980 3051 3053
698 9 2 10 12 472 895 1145 3054 3055 2344
699 9 2 10 12 585 1284 846 2977 2640 2898
700 9 2 10 12 603 949 944 3056 2433 3057
701 9 2 10 12 334 1363 1273 3058 2838 3059
702 9 2 10 12 540 820 1795 3033 3060 3061
703 9 2 10 12 910 1663 1476 2873 3062 3063
704 9 2 10 12 648 1122 1551 2335 3064 3065
705 9 2 10 12 302 1426 1497 3066 3067 3068
706 9 2 10 12 705 1068 1037 3069 3070 2408
707 9 2 10 12 887 1671 1901 2271 3071 3072
708 9 2 10 12 579 1026 745 3073 3074 3075
709 9 2 10 12 640 1380 879 3076 3077 3078
710 9 2 10 12 579 745 967 3075 3079 3080
711 9 2 10 12 534 833 1243 1984 3081 3082
712 9 2 10 12 597 1148 867 2850 3083 3013
713 9 2 10 12 114 115 967 127 3084 3085
714 9 2 10 12 670 990 1021 3086 2864 2771
715 9 2 10 12 560 838 1459 2456 3087 3088
716 9 2 10 12 739 1049 1249 3089 3090 2417
717 9 2 10 12 740 1089 1796 3091 3092 3093
718 9 2 10 12 260 1395 1150 3094 3095 3096
719 9 2 10 12 528 758 1506 3097 3098 3099
720 9 2 10 12 689 1434 1137 3100 2187 3101
721 9 2 10 12 478 1359 828 3102 2575 3002
722 9 2 10 12 886 1926 1088 2776 3103 3026
723 9 2 10 12 605 1788 1063 2352 3104 3105
724 9 2 10 12 925 1822 1080 3106 2281 3031
725 9 2 10 12 652 1391 857 3107 3108 2565
726 9 2 10 12 347 830 1521 2089 2732 3109
727 9 2 10 12 537 1269 822 3110 3111 2763
728 9 2 10 12 646 1034 1103 3112 3113 3114
729 9 2 10 12 591 877 1289 3115 3116 3117
730 9 2 10 12 299 899 1118 2603 3118 3119
731 9 2 10 12 264 850 1164 2081 3120 3121
732 9 2 10 12 671 1045 1057 2957 3122 3123
733 9 2 10 12 260 261 1395 351 2287 3094
734 9 2 10 12 592 1117 914 3124 3125 3126
735 9 2 10 12 513 1788 955 3127 3128 2912
736 9 2 10 12 1090 1434 1430 3129 3130 3131
737 9 2 10 12 645 1103 1034 2151 3113 3132
738 9 2 10 12 935 1351 1871 2759 2960 2542
739 9 2 10 12 569 1249 1326 2418 2970 3133
740 9 2 10 12 1154 1535 1304 3134 3135 2796
741 9 2 10 12 484 841 1441 2693 3136 3137
742 9 2 10 12 566 914 1530 3138 3139 3140
743 9 2 10 12 727 1439 1107 3141 2420 3142
744 9 2 10 12 156 157 1369 211 2276 2735
745 9 2 10 12 1663 585 1476 2120 2900 3062
746 9 2 10 12 564 1648 1021 3143 3144 2863
747 9 2 10 12 289 290 951 380 3145 3146
748 9 2 10 12 852 1861 1789 2444 3147 3017
749 9 2 10 12 448 883 1156 3148 3149 3150
750 9 2 10 12 772 1804 942 3151 3152 1958
751 9 2 10 12 958 1397 1468 3153 3154 3155
752 9 2 10 12 543 854 1179 2927 3156 3157
753 9 2 10 12 455 1308 839 3158 3159 3160
754 9 2 10 12 616 1087 1024 3161 3162 3163
755 9 2 10 12 713 962 1432 3164 3165 3166
756 9 2 10 12 148 1320 900 3167 3168 2493
757 9 2 10 12 471 1511 842 2211 2368 2128
758 9 2 10 12 558 1126 1864 2539 3169 3170
759 9 2 10 12 858 1021 1648 2366 3144 3171
760 9 2 10 12 449 822 1290 2615 3172 3173
761 9 2 10 12 448 1160 848 3174 2921 3175
762 9 2 10 12 491 1057 1045 2606 3122 3176
763 9 2 10 12 505 1244 867 3177 3178 3179
764 9 2 10 12 462 1715 1066 3180 3181 2718
765 9 2 10 12 800 1285 1635 3182 3183 3184
766 9 2 10 12 766 1248 1292 3185 3186 3187
767 9 2 10 12 505 867 1148 3179 3083 3188
768 9 2 10 12 498 911 1110 3189 3190 3191
769 9 2 10 12 117 888 1125 2708 1933 3192
770 9 2 10 12 773 1380 1277 3193 3194 3195
771 9 2 10 12 542 850 1597 3196 3197 3198
772 9 2 10 12 543 1179 1091 3157 3199 3200
773 9 2 10 12 276 277 1013 367 3201 3202
774 9 2 10 12 640 879 1454 3078 3203 3204
775 9 2 10 12 500 953 1672 3205 3206 3207
776 9 2 10 12 275 1675 987 3208 3209 2934
777 9 2 10 12 583 940 1086 3210 2695 3211
778 9 2 10 12 8 9 1005 18 3212 3213
779 9 2 10 12 549 1123 1656 2534 2729 3214
780 9 2 10 12 590 1434 1090 3215 3129 3216
781 9 2 10 12 1565 596 1172 3217 3218 3219
782 9 2 10 12 635 1578 896 3220 3221 3222
783 9 2 10 12 469 1331 1038 2628 3223 3224
784 9 2 10 12 635 896 1143 3222 2021 3225
785 9 2 10 12 1226 1779 466 3226 3227 3228
786 9 2 10 12 593 1628 1104 2590 3229 2234
787 9 2 10 12 453 1482 948 3230 3231 3232
788 9 2 10 12 678 1402 952 3233 3234 3235
789 9 2 10 12 1266 1856 1537 3236 3237 3238
790 9 2 10 12 654 1264 781 3239 3240 3241
791 9 2 10 12 648 1292 1248 3242 3186 3243
792 9 2 10 12 293 294 1384 384 3244 2833
793 9 2 10 12 270 271 1018 361 3245 3246
794 9 2 10 12 996 1777 1651 3247 3248 3249
795 9 2 10 12 623 1266 1537 3250 3238 3251
796 9 2 10 12 521 1141 1499 2218 3252 3253
797 9 2 10 12 561 932 1116 2924 1954 3254
798 9 2 10 12 737 1840 906 3255 3256 3257
799 9 2 10 12 347 348 1206 438 3258 2087
800 9 2 10 12 455 839 1510 3160 3259 3260
801 9 2 10 12 540 848 1456 2653 2922 3032
802 9 2 10 12 787 1076 1449 3261 2879 1995
803 9 2 10 12 27 28 1027 68 3262 3263
804 9 2 10 12 307 308 1357 398 2685 1960
805 9 2 10 12 637 1262 1227 3264 2551 3265
806 9 2 10 12 688 935 1526 2760 3266 3267
807 9 2 10 12 932 1779 1226 3268 3226 3269
808 9 2 10 12 632 1644 927 3270 3271 3272
809 9 2 10 12 1065 1498 1423 3273 3274 3275
810 9 2 10 12 483 1236 1256 3276 3277 3278
811 9 2 10 12 548 1481 976 3279 3280 3281
812 9 2 10 12 953 1415 1672 3282 3283 3206
813 9 2 10 12 660 1195 1358 3284 3285 2755
814 9 2 10 12 513 1488 1171 2913 2530 3286
815 9 2 10 12 556 923 971 3287 3288 3289
816 9 2 10 12 572 980 1022 3290 2487 3291
817 9 2 10 12 490 1606 1101 3292 3293 3294
818 9 2 10 12 489 1600 857 3295 3296 3297
819 9 2 10 12 681 874 1494 3298 3299 3300
820 9 2 10 12 839 1716 1508 3301 3302 3303
821 9 2 10 12 521 1499 1534 3253 3304 3305
822 9 2 10 12 723 1218 862 3306 3307 3308
823 9 2 10 12 658 1124 854 3309 3310 3311
824 9 2 10 12 489 857 1391 3297 3108 3312
825 9 2 10 12 596 977 1172 3313 3314 3218
826 9 2 10 12 830 1206 1606 2088 3315 3316
827 9 2 10 12 659 1353 1169 3317 3318 2845
828 9 2 10 12 484 1055 894 3319 2931 2895
829 9 2 10 12 619 1182 1156 3320 3037 3321
830 9 2 10 12 524 1358 1230 3322 3323 3324
831 9 2 10 12 528 1409 918 3325 3326 2591
832 9 2 10 12 580 1128 1267 3327 3328 3329
833 9 2 10 12 482 1002 1378 3330 3331 3332
834 9 2 10 12 571 1581 845 3333 3334 2245
835 9 2 10 12 490 1136 1606 3335 3336 3292
836 9 2 10 12 603 1108 949 2572 3337 3056
837 9 2 10 12 618 1145 895 3338 3055 3339
838 9 2 10 12 589 1083 944 3340 3341 2432
839 9 2 10 12 499 931 1221 2135 3342 2697
840 9 2 10 12 470 1216 851 3343 3344 2063
841 9 2 10 12 686 1469 881 3345 3346 3347
842 9 2 10 12 553 780 1819 3348 3349 3350
843 9 2 10 12 716 965 1502 3351 2678 3352
844 9 2 10 12 537 1182 889 3353 3354 3355
845 9 2 10 12 519 879 1380 3356 3077 3357
846 9 2 10 12 616 1177 1516 3053 3358 2632
847 9 2 10 12 735 1647 936 3359 2709 3360
848 9 2 10 12 621 1197 843 3361 3362 3363
849 9 2 10 12 622 1168 851 3364 3365 3366
850 9 2 10 12 487 1208 840 3367 3368 2356
851 9 2 10 12 506 1619 981 3043 3369 3370
852 9 2 10 12 790 1358 1195 3371 3285 3372
853 9 2 10 12 590 1110 911 3373 3190 3374
854 9 2 10 12 608 873 1198 2585 3375 3376
855 9 2 10 12 566 1642 914 2739 3377 3138
856 9 2 10 12 711 1163 1431 2789 3378 3379
857 9 2 10 12 499 1278 852 2699 2705 2359
858 9 2 10 12 645 1318 901 3380 3381 2150
859 9 2 10 12 502 1259 886 3382 3383 3025
860 9 2 10 12 476 914 1117 3384 3125 2449
861 9 2 10 12 490 880 1623 3385 3386 3387
862 9 2 10 12 614 1606 1206 3388 3315 3389
863 9 2 10 12 736 903 1722 2862 3390 3391
864 9 2 10 12 495 1054 1053 3392 3393 3394
865 9 2 10 12 538 837 1805 2744 3395 3396
866 9 2 10 12 790 1230 1358 3397 3323 3371
867 9 2 10 12 488 1245 1036 2920 3398 3399
868 9 2 10 12 638 867 1244 3400 3178 2766
869 9 2 10 12 445 1660 1133 3401 3402 3403
870 9 2 10 12 541 934 1307 3404 3405 3406
871 9 2 10 12 511 1004 1322 3407 3408 3409
872 9 2 10 12 697 1498 1065 3410 3273 3411
873 9 2 10 12 658 854 1317 3311 2926 3412
874 9 2 10 12 966 1905 1405 2212 3413 3414
875 9 2 10 12 669 1015 1265 3415 3416 3417
876 9 2 10 12 749 1278 1221 3418 2698 3419
877 9 2 10 12 476 858 1152 2367 2617 3420
878 9 2 10 12 600 814 1610 2483 3421 3422
879 9 2 10 12 903 1794 1234 2861 3423 3424
880 9 2 10 12 528 1540 758 2593 3425 3097
881 9 2 10 12 708 1322 1004 3426 3408 3427
882 9 2 10 12 617 1783 1462 3428 3429 3430
883 9 2 10 12 181 1157 882 3431 3432 2427
884 9 2 10 12 729 823 1495 2011 2513 3433
885 9 2 10 12 443 1095 933 3434 3435 1937
886 9 2 10 12 758 959 1506 3436 3437 3098
887 9 2 10 12 632 927 1096 3272 2025 3438
888 9 2 10 12 608 1198 1704 3376 3439 2609
889 9 2 10 12 476 1152 1201 3420 3440 3441
890 9 2 10 12 642 1121 995 3442 3443 3444
891 9 2 10 12 247 248 1023 257 3445 3446
892 9 2 10 12 619 1156 883 3321 3149 3447
893 9 2 10 12 705 1372 1068 3448 3449 3069
894 9 2 10 12 447 1162 1050 3450 3451 3452
895 9 2 10 12 139 1523 1203 3453 3454 3455
896 9 2 10 12 882 1483 1344 3456 3457 3458
897 9 2 10 12 180 882 1344 2428 3458 3459
898 9 2 10 12 633 1696 863 3460 2638 3461
899 9 2 10 12 776 1429 1573 3462 3463 3464
900 9 2 10 12 319 320 1364 410 3465 2740
901 9 2 10 12 537 889 1891 3355 3466 3467
902 9 2 10 12 806 1427 1474 3468 3469 3470
903 9 2 10 12 242 243 1031 252 3471 3472
904 9 2 10 12 515 872 1338 2496 3473 3474
905 9 2 10 12 687 1444 859 3475 3476 2825
906 9 2 10 12 849 1099 1741 2373 3477 3478
907 9 2 10 12 578 923 1515 2464 3479 2093
908 9 2 10 12 640 1277 1380 3480 3194 3076
909 9 2 10 12 793 1161 1026 3481 2001 3482
910 9 2 10 12 812 920 1457 2228 3483 1975
911 9 2 10 12 621 843 1487 3363 1946 3484
912 9 2 10 12 1905 597 1405 3485 3015 3413
913 9 2 10 12 905 1565 1172 3486 3219 3487
914 9 2 10 12 750 1453 893 2182 3488 3489
915 9 2 10 12 898 1505 1281 3490 3491 3492
916 9 2 10 12 610 1703 1027 3493 3494 3495
917 9 2 10 12 141 1198 873 3496 3375 2273
918 9 2 10 12 1133 1660 1753 3402 3497 3498
919 9 2 10 12 590 1077 1110 3499 3500 3373
920 9 2 10 12 672 995 1121 3501 3443 3502
921 9 2 10 12 819 964 1446 3503 3504 2479
922 9 2 10 12 542 1373 850 3505 3506 3196
923 9 2 10 12 962 1880 1432 3507 3508 3165
924 9 2 10 12 171 172 1246 226 3509 2178
925 9 2 10 12 747 1017 1566 3510 2109 3511
926 9 2 10 12 901 1318 1460 3381 3512 3513
927 9 2 10 12 448 1416 883 3514 3515 3148
928 9 2 10 12 631 1291 1046 3516 3517 2189
929 9 2 10 12 631 900 1320 2191 3168 3518
930 9 2 10 12 619 889 1182 3519 3354 3320
931 9 2 10 12 678 1412 845 3520 2254 3004
932 9 2 10 12 641 1122 928 3521 2334 3522
933 9 2 10 12 185 1166 1447 1981 3523 3524
934 9 2 10 12 681 1296 874 3525 3526 3298
935 9 2 10 12 591 1160 877 2657 3527 3115
936 9 2 10 12 603 1626 875 3528 2829 2570
937 9 2 10 12 683 1110 1077 3529 3500 2285
938 9 2 10 12 622 851 1216 3366 3344 3530
939 9 2 10 12 861 1241 1740 2631 3531 3532
940 9 2 10 12 615 1060 1625 2340 3533 3534
941 9 2 10 12 342 1712 928 3535 3536 3537
942 9 2 10 12 482 1778 874 3538 3539 3540
943 9 2 10 12 737 906 1695 3257 3541 3542
944 9 2 10 12 534 881 1469 3543 3346 3544
945 9 2 10 12 153 844 1815 3052 2725 3545
946 9 2 10 12 449 1335 846 3546 3547 2639
947 9 2 10 12 784 1808 1052 3548 3549 3550
948 9 2 10 12 482 874 1296 3540 3526 3551
949 9 2 10 12 856 1165 1599 2750 3552 3553
950 9 2 10 12 652 905 1307 3554 3555 3556
951 9 2 10 12 815 1605 1516 3557 2633 3558
952 9 2 10 12 32 33 1485 73 2220 3559
953 9 2 10 12 711 1053 1413 3560 3561 2074
954 9 2 10 12 656 1338 872 3562 3473 3563
955 9 2 10 12 159 985 1370 2915 3564 3565
956 9 2 10 12 579 967 1733 3080 3566 3567
957 9 2 10 12 536 874 1340 3568 3569 3570
958 9 2 10 12 1015 1809 1265 3571 3572 3416
959 9 2 10 12 548 976 1483 3281 3573 3574
960 9 2 10 12 520 1354 869 3575 3576 2806
961 9 2 10 12 469 1220 860 3577 3578 2626
962 9 2 10 12 517 1473 1671 3579 3580 3581
963 9 2 10 12 295 950 1507 2554 3582 3583
964 9 2 10 12 536 1494 874 3584 3299 3568
965 9 2 10 12 899 1621 1118 3040 3585 3118
966 9 2 10 12 447 1632 1162 2649 3586 3450
967 9 2 10 12 490 1190 880 3587 3588 3385
968 9 2 10 12 633 863 1607 3461 3589 3590
969 9 2 10 12 644 1355 748 3591 3592 2944
970 9 2 10 12 671 1423 1167 3593 3594 2955
971 9 2 10 12 472 1419 895 3595 3596 3054
972 9 2 10 12 639 1092 1085 2387 3597 3598
973 9 2 10 12 694 1344 1483 3035 3457 3599
974 9 2 10 12 458 1894 904 3600 3601 3602
975 9 2 10 12 793 1616 1161 3603 2858 3481
976 9 2 10 12 940 1833 1341 3604 3605 2983
977 9 2 10 12 575 1037 1068 3606 3070 3607
978 9 2 10 12 637 864 1524 3608 3609 3610
979 9 2 10 12 811 1497 1426 3611 3067 3612
980 9 2 10 12 139 140 1523 194 2748 3453
981 9 2 10 12 1152 1746 1201 3613 3614 3440
982 9 2 10 12 444 1277 855 3615 3616 2870
983 9 2 10 12 473 1450 917 3617 3618 2203
984 9 2 10 12 733 1508 1716 3619 3302 3620
985 9 2 10 12 595 1528 1017 3621 3622 3623
986 9 2 10 12 625 1254 1815 3624 3625 2724
987 9 2 10 12 667 1529 878 3626 3627 2555
988 9 2 10 12 713 1432 925 3166 3628 3629
989 9 2 10 12 548 882 1465 3630 3631 3632
990 9 2 10 12 184 185 1447 239 3524 2165
991 9 2 10 12 610 1040 1703 3633 3634 3493
992 9 2 10 12 859 1803 1382 3635 3636 2826
993 9 2 10 12 686 881 1315 3347 3637 3638
994 9 2 10 12 679 1208 901 3639 3640 3641
995 9 2 10 12 621 1487 877 3484 3642 3643
996 9 2 10 12 548 1483 882 3574 3456 3630
997 9 2 10 12 468 1179 854 3644 3156 3645
998 9 2 10 12 458 904 1836 3602 3646 3647
999 9 2 10 12 780 1209 1072 2453 2160 3648
1000 9 2 10 12 270 1018 1756 3246 3649 3650
1001 9 2 10 12 623 1127 1720 3651 3652 3653
1002 9 2 10 12 313 898 1281 2477 3492 3654
1003 9 2 10 12 693 1281 1505 3655 3491 3656
1004 9 2 10 12 481 924 1636 3657 3658 2947
1005 9 2 10 12 836 1864 1126 3659 3169 1968
1006 9 2 10 12 523 1098 1400 3660 3661 3662
1007 9 2 10 12 594 988 1332 3663 3664 3665
1008 9 2 10 12 623 1720 1266 3653 3666 3250
1009 9 2 10 12 855 1796 1089 3667 3092 2871
1010 9 2 10 12 613 1213 900 3668 3669 2821
1011 9 2 10 12 821 1809 1274 3670 3671 2163
1012 9 2 10 12 735 936 1388 3360 2734 3672
1013 9 2 10 12 802 955 1788 3673 3128 2351
1014 9 2 10 12 552 1458 1176 3674 3675 3676
1015 9 2 10 12 337 338 1626 428 2830 3677
1016 9 2 10 12 1364 1844 680 3678 3679 3680
1017 9 2 10 12 300 1323 899 3681 3682 2602
1018 9 2 10 12 482 1378 1119 3332 3683 3684
1019 9 2 10 12 562 1589 866 3685 3686 3687
1020 9 2 10 12 536 1043 1480 3688 3689 3020
1021 9 2 10 12 733 1256 1236 3690 3277 3691
1022 9 2 10 12 656 872 1274 3563 3692 3693
1023 9 2 10 12 487 901 1208 1999 3640 3367
1024 9 2 10 12 744 1512 1120 3694 2406 3695
1025 9 2 10 12 28 1503 1027 3696 3697 3262
1026 9 2 10 12 448 848 1416 3175 2208 3514
1027 9 2 10 12 480 949 1108 3698 3337 3699
1028 9 2 10 12 276 1013 1675 3202 3700 3701
1029 9 2 10 12 463 1616 793 3702 3603 3703
1030 9 2 10 12 296 297 1107 387 3704 2967
1031 9 2 10 12 774 1901 1671 3705 3071 3706
1032 9 2 10 12 914 1201 1530 3707 3708 3139
1033 9 2 10 12 168 1421 1006 3709 3710 3711
1034 9 2 10 12 143 1462 853 3712 3713 3714
1035 9 2 10 12 491 1428 863 3715 3716 2604
1036 9 2 10 12 503 944 1083 3717 3341 3718
1037 9 2 10 12 753 1400 1098 3719 3661 3720
1038 9 2 10 12 792 1660 1602 3721 3722 2929
1039 9 2 10 12 694 1132 984 3723 3724 3034
1040 9 2 10 12 685 958 1468 3725 3155 3726
1041 9 2 10 12 176 177 1014 231 3727 3728
1042 9 2 10 12 476 1201 914 3441 3707 3384
1043 9 2 10 12 657 1006 1097 3729 3730 2422
1044 9 2 10 12 681 883 1416 3731 3515 2712
1045 9 2 10 12 740 1583 1089 3732 3733 3091
1046 9 2 10 12 13 14 992 23 3734 3735
1047 9 2 10 12 819 1430 1847 2293 3736 3737
1048 9 2 10 12 737 1127 1840 3738 3739 3255
1049 9 2 10 12 664 1097 1006 2306 3730 3740
1050 9 2 10 12 245 965 1183 2666 3741 3742
1051 9 2 10 12 598 1135 929 3743 2522 2700
1052 9 2 10 12 809 1176 1458 2381 3675 3744
1053 9 2 10 12 1704 143 853 3745 3714 2610
1054 9 2 10 12 574 1220 1147 3746 3747 2302
1055 9 2 10 12 768 1493 885 3748 3749 3045
1056 9 2 10 12 304 1350 912 3750 3751 2660
1057 9 2 10 12 703 902 1570 3752 3753 2484
1058 9 2 10 12 501 1178 909 3754 3755 2277
1059 9 2 10 12 536 876 1418 3022 3756 3757
1060 9 2 10 12 519 1292 879 3758 3759 3356
1061 9 2 10 12 638 1519 867 3760 3761 3400
1062 9 2 10 12 691 1761 891 3762 3763 2031
1063 9 2 10 12 1828 1197 621 3764 3361 3765
1064 9 2 10 12 608 1067 1666 2599 3766 3767
1065 9 2 10 12 482 903 1234 3768 3424 3769
1066 9 2 10 12 486 1661 1024 3770 3771 3772
1067 9 2 10 12 565 1914 921 3773 3774 3775
1068 9 2 10 12 453 948 1232 3232 3776 3777
1069 9 2 10 12 615 1625 1766 3534 3778 3779
1070 9 2 10 12 10 11 1011 20 2364 3780
1071 9 2 10 12 615 1190 926 3781 3782 3783
1072 9 2 10 12 731 1438 972 3784 3785 3786
1073 9 2 10 12 660 896 1533 2022 3787 3788
1074 9 2 10 12 972 1197 1828 3789 3764 3790
1075 9 2 10 12 667 1075 1076 3791 3792 3793
1076 9 2 10 12 628 1024 1087 3794 3162 3795
1077 9 2 10 12 325 326 1189 416 3796 3797
1078 9 2 10 12 868 1199 1730 3798 3799 2525
1079 9 2 10 12 534 1702 961 3800 2393 1982
1080 9 2 10 12 769 1604 1273 3801 3802 3803
1081 9 2 10 12 743 1066 1155 2780 3804 3805
1082 9 2 10 12 719 1474 1427 3806 3469 3807
1083 9 2 10 12 646 1334 963 3808 3809 3810
1084 9 2 10 12 908 1224 1861 3811 3812 2443
1085 9 2 10 12 613 1574 1213 2112 3813 3668
1086 9 2 10 12 814 1146 1652 2482 3814 3815
1087 9 2 10 12 1139 1631 1925 3816 3817 3818
1088 9 2 10 12 885 1398 1818 2579 3819 3046
1089 9 2 10 12 618 895 1211 3339 3820 3821
1090 9 2 10 12 40 1146 954 3822 3823 2985
1091 9 2 10 12 693 1134 1544 2784 3824 3825
1092 9 2 10 12 470 910 1665 2874 3826 3827
1093 9 2 10 12 608 1666 1480 3767 3828 3829
1094 9 2 10 12 757 987 1675 3830 3209 3831
1095 9 2 10 12 533 1436 1658 3832 3833 3834
1096 9 2 10 12 759 1032 1687 3835 3836 3837
1097 9 2 10 12 703 1691 902 3838 3839 3752
1098 9 2 10 12 549 1489 930 3840 3841 2532
1099 9 2 10 12 32 1485 1231 3559 3842 3843
1100 9 2 10 12 602 989 1228 3844 2769 3845
1101 9 2 10 12 654 781 1276 3241 3846 3847
1102 9 2 10 12 484 1376 1223 2897 3848 2691
1103 9 2 10 12 550 890 1352 2952 3849 3850
1104 9 2 10 12 606 1140 1013 3851 3852 3853
1105 9 2 10 12 786 1029 1747 3854 3855 3856
1106 9 2 10 12 575 1439 1037 2421 3857 3606
1107 9 2 10 12 550 1211 895 3858 3820 3859
1108 9 2 10 12 517 1155 1066 3860 3804 3861
1109 9 2 10 12 757 1013 1140 3862 3852 3863
1110 9 2 10 12 580 1749 1362 3864 3865 3866
1111 9 2 10 12 1844 1071 680 3867 3868 3679
1112 9 2 10 12 538 1805 955 3396 3869 3870
1113 9 2 10 12 602 1228 997 3845 3871 2034
1114 9 2 10 12 615 926 1193 3783 3872 2166
1115 9 2 10 12 727 1621 921 3873 3874 3875
1116 9 2 10 12 477 1075 1689 3876 3877 3878
1117 9 2 10 12 539 1724 1835 3879 3880 3881
1118 9 2 10 12 646 1886 891 3882 2290 3883
1119 9 2 10 12 474 1342 823 3884 2548 2374
1120 9 2 10 12 713 1128 962 3885 3886 3164
1121 9 2 10 12 864 1025 1524 3887 3888 3609
1122 9 2 10 12 285 286 1114 376 3889 3890
1123 9 2 10 12 680 1458 913 3891 3892 3893
1124 9 2 10 12 574 999 1106 2304 2612 3894
1125 9 2 10 12 451 905 1337 3895 3896 3897
1126 9 2 10 12 582 1633 1089 2436 2790 3898
1127 9 2 10 12 702 912 1350 3899 3751 3900
1128 9 2 10 12 632 1246 1644 3001 3901 3270
1129 9 2 10 12 557 1861 1224 3902 3812 3903
1130 9 2 10 12 626 933 1095 2119 3435 3904
1131 9 2 10 12 532 1468 1397 3905 3154 2781
1132 9 2 10 12 696 899 1323 2261 3682 3906
1133 9 2 10 12 627 1263 916 3907 3908 3909
1134 9 2 10 12 943 1279 1755 3910 3911 3912
1135 9 2 10 12 477 1076 1075 2880 3792 3876
1136 9 2 10 12 566 937 1549 3913 3914 3915
1137 9 2 10 12 834 1636 1471 2948 3916 3917
1138 9 2 10 12 657 952 1763 2423 3918 3919
1139 9 2 10 12 163 1533 896 3920 3787 3921
1140 9 2 10 12 886 1259 1746 3383 3922 3923
1141 9 2 10 12 627 916 1279 3909 3924 3925
1142 9 2 10 12 460 1413 1708 2520 3926 3927
1143 9 2 10 12 846 1377 1476 3928 3929 2899
1144 9 2 10 12 709 1243 988 3930 3931 3932
1145 9 2 10 12 314 1366 898 3933 3934 2476
1146 9 2 10 12 480 1525 949 3935 3936 3698
1147 9 2 10 12 565 921 1621 3775 3874 3039
1148 9 2 10 12 959 1603 527 3937 3938 3939
1149 9 2 10 12 1348 477 1689 3940 3878 3941
1150 9 2 10 12 529 1817 1167 3942 2973 3943
1151 9 2 10 12 630 1044 1247 3944 3945 3946
1152 9 2 10 12 678 1899 1100 3006 3947 3948
1153 9 2 10 12 719 1427 1035 3807 3949 3950
1154 9 2 10 12 580 1267 1451 3329 3951 3952
1155 9 2 10 12 606 1013 1174 3853 3953 3954
1156 9 2 10 12 319 913 1569 2742 3955 3956
1157 9 2 10 12 751 1407 1343 3000 3957 3958
1158 9 2 10 12 675 924 1377 3959 3960 3961
1159 9 2 10 12 708 1004 1465 3427 3962 3963
1160 9 2 10 12 530 1824 827 3016 3964 3965
1161 9 2 10 12 620 917 1450 3966 3618 3967
1162 9 2 10 12 456 1558 832 3968 3969 2457
1163 9 2 10 12 948 1482 1693 3231 3970 3971
1164 9 2 10 12 679 901 1460 3641 3513 2993
1165 9 2 10 12 550 895 1302 3859 3972 2950
1166 9 2 10 12 482 1296 903 3551 3973 3768
1167 9 2 10 12 166 167 1093 221 3974 3975
1168 9 2 10 12 946 1362 1749 3976 3865 3977
1169 9 2 10 12 849 1343 1407 3978 3957 3979
1170 9 2 10 12 553 1425 780 3980 3981 3348
1171 9 2 10 12 511 1035 1427 3982 3949 3983
1172 9 2 10 12 1616 959 527 3984 3939 2859
1173 9 2 10 12 478 1217 889 3003 3985 3986
1174 9 2 10 12 147 900 1213 2494 3669 3987
1175 9 2 10 12 481 1631 1046 2954 3988 3989
1176 9 2 10 12 490 926 1190 3990 3782 3587
1177 9 2 10 12 870 1658 1436 3991 3833 3992
1178 9 2 10 12 855 1277 1437 3616 3993 3994
1179 9 2 10 12 539 1163 957 3995 2788 3996
1180 9 2 10 12 613 1631 1139 3997 3816 2113
1181 9 2 10 12 285 1114 1842 3890 3998 3999
1182 9 2 10 12 545 1829 1647 4000 2710 4001
1183 9 2 10 12 619 1492 889 4002 4003 3519
1184 9 2 10 12 580 1362 962 3866 4004 4005
1185 9 2 10 12 583 1102 940 4006 4007 3210
1186 9 2 10 12 3 107 1072 119 4008 2159
1187 9 2 10 12 890 1302 1590 2951 4009 4010
1188 9 2 10 12 629 909 1178 2688 3755 4011
1189 9 2 10 12 818 1686 1384 4012 2834 4013
1190 9 2 10 12 662 1053 1054 4014 3393 4015
1191 9 2 10 12 925 1432 1822 3628 4016 3106
1192 9 2 10 12 797 1539 1260 4017 4018 2337
1193 9 2 10 12 486 1094 1661 4019 4020 3770
1194 9 2 10 12 1635 1285 133 3183 4021 4022
1195 9 2 10 12 634 1653 961 4023 4024 2392
1196 9 2 10 12 602 1202 987 2492 4025 4026
1197 9 2 10 12 491 1045 1096 3176 4027 4028
1198 9 2 10 12 534 1547 881 4029 4030 3543
1199 9 2 10 12 693 922 1694 4031 4032 4033
1200 9 2 10 12 274 987 1202 2935 4025 4034
1201 9 2 10 12 262 1365 919 4035 4036 2125
1202 9 2 10 12 306 1457 920 4037 3483 4038
1203 9 2 10 12 652 1337 905 4039 3896 3554
1204 9 2 10 12 595 1120 1528 4040 4041 3621
1205 9 2 10 12 8 1005 1568 3213 4042 4043
1206 9 2 10 12 803 1733 967 4044 3566 4045
1207 9 2 10 12 516 989 1173 4046 4047 4048
1208 9 2 10 12 451 1917 905 4049 4050 3895
1209 9 2 10 12 749 1284 1278 4051 2976 3418
1210 9 2 10 12 682 1011 1385 4052 4053 4054
1211 9 2 10 12 716 1023 1186 4055 4056 4057
1212 9 2 10 12 503 1135 1560 4058 4059 4060
1213 9 2 10 12 594 1332 1098 3665 4061 4062
1214 9 2 10 12 650 984 1132 4063 3724 2295
1215 9 2 10 12 648 1551 879 3065 4064 4065
1216 9 2 10 12 811 1784 1039 4066 4067 4068
1217 9 2 10 12 688 915 1255 4069 4070 4071
1218 9 2 10 12 1755 1279 486 3911 4072 4073
1219 9 2 10 12 739 945 1319 2038 2876 4074
1220 9 2 10 12 497 1289 1487 4075 4076 1944
1221 9 2 10 12 677 932 1226 2215 3269 4077
1222 9 2 10 12 568 1747 1029 4078 3855 1966
1223 9 2 10 12 664 1387 956 4079 4080 2305
1224 9 2 10 12 617 1462 1187 3430 4081 4082
1225 9 2 10 12 621 877 1596 3643 4083 4084
1226 9 2 10 12 114 967 1464 3085 4085 4086
1227 9 2 10 12 544 1476 1377 4087 3929 4088
1228 9 2 10 12 942 1748 1321 4089 4090 2149
1229 9 2 10 12 508 1186 1288 4091 1977 4092
1230 9 2 10 12 483 978 1236 4093 4094 3276
1231 9 2 10 12 445 1602 1660 4095 3722 3401
1232 9 2 10 12 552 979 1759 4096 4097 4098
1233 9 2 10 12 306 920 1771 4038 4099 4100
1234 9 2 10 12 721 1091 1179 4101 3199 4102
1235 9 2 10 12 518 916 1263 4103 3908 4104
1236 9 2 10 12 29 969 1503 2992 4105 4106
1237 9 2 10 12 30 1212 969 4107 4108 2991
1238 9 2 10 12 661 1184 970 4109 2131 4110
1239 9 2 10 12 311 1694 922 4111 4032 4112
1240 9 2 10 12 109 110 1030 122 4113 4114
1241 9 2 10 12 555 1193 926 4115 3872 4116
1242 9 2 10 12 523 1637 1098 2754 4117 3660
1243 9 2 10 12 442 1573 1429 4118 3463 4119
1244 9 2 10 12 268 269 1074 359 4120 4121
1245 9 2 10 12 787 1038 1331 2257 3223 4122
1246 9 2 10 12 609 1018 1175 4123 4124 4125
1247 9 2 10 12 756 1199 1381 4126 4127 4128
1248 9 2 10 12 560 1594 965 4129 4130 4131
1249 9 2 10 12 805 972 1438 2410 3785 2561
1250 9 2 10 12 878 1780 1240 4132 4133 2556
1251 9 2 10 12 632 1096 1045 3438 4027 4134
1252 9 2 10 12 663 927 1731 2175 4135 4136
1253 9 2 10 12 716 1186 1312 4057 4137 4138
1254 9 2 10 12 112 1044 1368 4139 4140 4141
1255 9 2 10 12 503 1560 1410 4060 4142 4143
1256 9 2 10 12 655 979 1452 4144 4145 4146
1257 9 2 10 12 702 1224 941 4147 4148 4149
1258 9 2 10 12 573 986 1105 4150 2222 2376
1259 9 2 10 12 466 1901 1764 4151 4152 4153
1260 9 2 10 12 648 879 1292 4065 3759 3242
1261 9 2 10 12 1053 1676 1413 4154 4155 3561
1262 9 2 10 12 934 1391 1307 4156 4157 3405
1263 9 2 10 12 522 1605 1598 4158 4159 4160
1264 9 2 10 12 333 1273 1604 4161 3802 4162
1265 9 2 10 12 607 856 1690 2751 4163 4164
1266 9 2 10 12 311 922 1513 4112 4165 4166
1267 9 2 10 12 277 1174 1013 4167 3953 3201
1268 9 2 10 12 602 1173 989 4168 4047 3844
1269 9 2 10 12 1360 1610 539 4169 4170 4171
1270 9 2 10 12 718 1205 1031 4172 4173 4174
1271 9 2 10 12 633 1153 1299 4175 4176 4177
1272 9 2 10 12 646 891 1334 3883 4178 3808
1273 9 2 10 12 640 1437 1277 4179 3993 3480
1274 9 2 10 12 570 1039 1784 4180 4067 4181
1275 9 2 10 12 109 1030 1367 4114 4182 4183
1276 9 2 10 12 639 835 1723 4184 4185 4186
1277 9 2 10 12 1092 1776 1295 4187 4188 4189
1278 9 2 10 12 734 1147 1220 4190 3747 4191
1279 9 2 10 12 816 1358 1674 2756 4192 4193
1280 9 2 10 12 502 1068 1372 4194 3449 4195
1281 9 2 10 12 559 1386 981 4196 4197 4198
1282 9 2 10 12 562 866 1306 3687 4199 4200
1283 9 2 10 12 441 930 1750 2438 4201 4202
1284 9 2 10 12 112 113 1044 125 4203 4139
1285 9 2 10 12 479 1406 966 4204 4205 4206
1286 9 2 10 12 478 889 1492 3986 4003 4207
1287 9 2 10 12 857 1600 1272 3296 4208 2804
1288 9 2 10 12 1004 1827 1465 4209 4210 3962
1289 9 2 10 12 681 1494 883 3300 4211 3731
1290 9 2 10 12 496 1092 1295 4212 4189 4213
1291 9 2 10 12 602 987 1173 4026 4214 4168
1292 9 2 10 12 688 1526 915 3267 4215 4069
1293 9 2 10 12 509 1151 1532 4216 4217 4218
1294 9 2 10 12 485 1159 997 4219 4220 4221
1295 9 2 10 12 271 1175 1018 4222 4124 3245
1296 9 2 10 12 761 1326 1860 2622 2969 4223
1297 9 2 10 12 614 1206 1028 3389 4224 4225
1298 9 2 10 12 730 868 1556 4226 4227 4228
1299 9 2 10 12 783 1756 1018 4229 3649 4230
1300 9 2 10 12 590 911 1434 3374 2188 3215
1301 9 2 10 12 619 883 1418 3447 4231 4232
1302 9 2 10 12 625 916 1403 4233 4234 4235
1303 9 2 10 12 783 1018 1141 4230 4236 2217
1304 9 2 10 12 680 913 1364 3893 2741 3680
1305 9 2 10 12 701 1261 1231 4237 4238 4239
1306 9 2 10 12 952 1402 1763 3234 4240 3918
1307 9 2 10 12 7 1568 1028 4241 4242 4243
1308 9 2 10 12 634 1232 948 4244 3776 4245
1309 9 2 10 12 653 1746 1259 4246 3922 4247
1310 9 2 10 12 797 1257 1751 4248 4249 4250
1311 9 2 10 12 634 865 1232 4251 4252 4244
1312 9 2 10 12 658 1286 1124 2675 4253 3309
1313 9 2 10 12 342 343 1712 433 4254 3535
1314 9 2 10 12 825 1014 1394 4255 4256 2663
1315 9 2 10 12 498 1297 1132 4257 2296 4258
1316 9 2 10 12 707 1027 1503 4259 3697 4260
1317 9 2 10 12 699 1288 919 4261 2044 4262
1318 9 2 10 12 563 1518 968 4263 4264 2400
1319 9 2 10 12 473 929 1271 2205 4265 4266
1320 9 2 10 12 598 917 1154 2701 4267 2795
1321 9 2 10 12 163 896 1578 3921 3221 4268
1322 9 2 10 12 707 1245 1084 2608 2919 4269
1323 9 2 10 12 168 1006 1470 3711 4270 4271
1324 9 2 10 12 338 1414 875 4272 4273 2828
1325 9 2 10 12 648 1490 928 4274 4275 2333
1326 9 2 10 12 730 1630 868 4276 4277 4226
1327 9 2 10 12 700 955 1805 2869 3869 4278
1328 9 2 10 12 541 1437 934 4279 4280 3404
1329 9 2 10 12 158 1370 1034 4281 4282 2096
1330 9 2 10 12 538 1772 1059 4283 4284 2743
1331 9 2 10 12 544 1377 1720 4088 4285 4286
1332 9 2 10 12 450 906 1238 4287 4288 4289
1333 9 2 10 12 714 1618 1131 4290 4291 1972
1334 9 2 10 12 39 954 1240 2986 4292 4293
1335 9 2 10 12 704 976 1481 4294 3280 4295
1336 9 2 10 12 466 1764 1047 4153 4296 4297
1337 9 2 10 12 136 1628 885 4298 2589 4299
1338 9 2 10 12 605 1260 1539 4300 4018 2813
1339 9 2 10 12 527 1586 754 4301 4302 2172
1340 9 2 10 12 289 951 1333 3146 4303 4304
1341 9 2 10 12 786 1496 1760 4305 1973 4306
1342 9 2 10 12 806 1004 1427 4307 4308 3468
1343 9 2 10 12 609 1141 1018 4309 4236 4123
1344 9 2 10 12 473 902 1450 4310 4311 3617
1345 9 2 10 12 136 885 1493 4299 3749 4312
1346 9 2 10 12 324 1564 1070 4313 4314 1985
1347 9 2 10 12 809 1242 1613 4315 4316 4317
1348 9 2 10 12 168 169 1421 223 4318 3709
1349 9 2 10 12 635 1143 1058 3225 4319 4320
1350 9 2 10 12 618 1667 939 4321 4322 2785
1351 9 2 10 12 626 1271 929 4323 4265 2077
1352 9 2 10 12 482 1234 1002 3769 4324 3330
1353 9 2 10 12 719 1035 1459 3950 4325 4326
1354 9 2 10 12 819 1847 964 3737 4327 3503
1355 9 2 10 12 470 1634 908 4328 4329 2847
1356 9 2 10 12 290 1475 951 4330 4331 3145
1357 9 2 10 12 458 1041 1894 4332 4333 3600
1358 9 2 10 12 1339 1878 452 4334 4335 4336
1359 9 2 10 12 627 1279 943 3925 3910 4337
1360 9 2 10 12 555 935 1193 4338 2544 4115
1361 9 2 10 12 789 1151 1565 4339 4340 4341
1362 9 2 10 12 303 912 1426 2661 4342 4343
1363 9 2 10 12 449 1284 1823 2641 4344 2613
1364 9 2 10 12 572 1570 1559 4345 4346 4347
1365 9 2 10 12 977 1555 1172 4348 4349 3314
1366 9 2 10 12 937 1878 1339 4350 4334 4351
1367 9 2 10 12 757 1675 1013 3831 3700 3862
1368 9 2 10 12 298 299 1118 389 3119 4352
1369 9 2 10 12 452 1010 1339 2062 4353 4336
1370 9 2 10 12 593 1911 953 4354 4355 2958
1371 9 2 10 12 511 1322 1205 3409 2170 4356
1372 9 2 10 12 498 1546 911 4357 4358 3189
1373 9 2 10 12 560 1459 1035 3088 4325 4359
1374 9 2 10 12 468 945 1478 2877 4360 4361
1375 9 2 10 12 475 1247 1026 4362 4363 2000
1376 9 2 10 12 137 138 1104 192 4364 4365
1377 9 2 10 12 704 911 1546 2241 4358 4366
1378 9 2 10 12 880 1766 1744 4367 4368 4369
1379 9 2 10 12 596 1565 1151 3217 4340 4370
1380 9 2 10 12 531 1577 1049 4371 4372 4373
1381 9 2 10 12 1921 697 1411 4374 4375 4376
1382 9 2 10 12 789 1532 1151 2667 4217 4339
1383 9 2 10 12 458 1836 1020 3647 4377 4378
1384 9 2 10 12 924 1720 1377 4379 4285 3960
1385 9 2 10 12 538 955 1867 3870 4380 4381
1386 9 2 10 12 47 946 1341 2854 4382 4383
1387 9 2 10 12 699 919 1365 4262 4036 4384
1388 9 2 10 12 756 1381 1379 4128 4385 2726
1389 9 2 10 12 877 1487 1289 3642 4076 3116
1390 9 2 10 12 721 1007 1306 4386 4387 4388
1391 9 2 10 12 641 928 1712 3522 3536 4389
1392 9 2 10 12 758 1540 792 3425 4390 2928
1393 9 2 10 12 782 1641 1841 4391 2252 4392
1394 9 2 10 12 736 1283 1109 4393 2324 4394
1395 9 2 10 12 586 1052 1808 4395 3549 4396
1396 9 2 10 12 525 1460 1318 4397 3512 4398
1397 9 2 10 12 553 1342 1425 2549 4399 3980
1398 9 2 10 12 144 145 1187 199 2244 4400
1399 9 2 10 12 161 1207 1725 4401 4402 4403
1400 9 2 10 12 562 1752 1589 4404 4405 3685
1401 9 2 10 12 664 1421 1000 4406 4407 4408
1402 9 2 10 12 12 1255 915 4409 4070 2564
1403 9 2 10 12 592 914 1642 3126 3377 4410
1404 9 2 10 12 48 1362 946 4411 3976 2853
1405 9 2 10 12 539 1835 1163 3881 4412 3995
1406 9 2 10 12 552 1759 1908 4098 4413 4414
1407 9 2 10 12 635 1207 1578 4415 4416 3220
1408 9 2 10 12 450 1314 906 4417 4418 4287
1409 9 2 10 12 620 1734 917 4419 4420 3966
1410 9 2 10 12 567 1687 1032 2461 3836 4421
1411 9 2 10 12 745 1464 967 4422 4085 3079
1412 9 2 10 12 727 921 1439 3875 4423 3141
1413 9 2 10 12 757 1173 987 4424 4214 3830
1414 9 2 10 12 471 1197 972 2715 3789 2209
1415 9 2 10 12 517 1671 1188 3581 4425 2777
1416 9 2 10 12 841 1469 1441 4426 4427 3136
1417 9 2 10 12 468 854 1319 3645 4428 2875
1418 9 2 10 12 604 938 1133 2891 4429 4430
1419 9 2 10 12 627 943 1352 4337 4431 4432
1420 9 2 10 12 525 1850 1169 4433 4434 4435
1421 9 2 10 12 862 1559 1732 4436 4437 4438
1422 9 2 10 12 640 934 1437 4439 4280 4179
1423 9 2 10 12 784 1052 1235 3550 4440 4441
1424 9 2 10 12 138 1659 1104 4442 4443 4364
1425 9 2 10 12 678 952 1412 3235 4444 3520
1426 9 2 10 12 688 1255 992 4071 4445 4446
1427 9 2 10 12 932 1455 1779 2923 4447 3268
1428 9 2 10 12 488 1036 1640 3399 4448 4449
1429 9 2 10 12 658 804 1209 4450 4451 2676
1430 9 2 10 12 702 1575 912 4452 4453 3899
1431 9 2 10 12 730 980 1657 4454 4455 4456
1432 9 2 10 12 643 930 1283 2820 2437 4457
1433 9 2 10 12 536 1340 1043 3570 4458 3688
1434 9 2 10 12 325 1189 1564 3797 4459 4460
1435 9 2 10 12 717 1162 1632 4461 3586 4462
1436 9 2 10 12 561 1305 925 4463 4464 3030
1437 9 2 10 12 531 897 1577 2289 4465 4371
1438 9 2 10 12 702 941 1575 4149 4466 4452
1439 9 2 10 12 481 1266 924 4467 4468 3657
1440 9 2 10 12 463 793 1390 3703 4469 4470
1441 9 2 10 12 616 1605 1087 2634 4471 3161
1442 9 2 10 12 457 871 1777 4472 4473 4474
1443 9 2 10 12 518 1403 916 4475 4234 4103
1444 9 2 10 12 675 1636 924 4476 3658 3959
1445 9 2 10 12 726 1304 1273 4477 4478 2837
1446 9 2 10 12 578 1800 829 4479 4480 2462
1447 9 2 10 12 493 1058 1143 2198 4319 4481
1448 9 2 10 12 339 340 1239 430 4482 4483
1449 9 2 10 12 773 1714 1539 4484 2814 4485
1450 9 2 10 12 698 950 1472 4486 4487 4488
1451 9 2 10 12 1056 1921 1411 4489 4376 4490
1452 9 2 10 12 459 1382 1803 4491 3636 4492
1453 9 2 10 12 675 1471 1636 4493 3916 4476
1454 9 2 10 12 510 1262 1641 4494 4495 4496
1455 9 2 10 12 755 1231 1261 4497 4238 4498
1456 9 2 10 12 682 1396 1011 4499 4500 4052
1457 9 2 10 12 1355 1629 1810 4501 4502 4503
1458 9 2 10 12 680 1242 1458 4504 4505 3891
1459 9 2 10 12 724 1299 1534 4506 4507 4508
1460 9 2 10 12 631 1219 1291 2560 4509 3516
1461 9 2 10 12 582 1089 1583 3898 3733 4510
1462 9 2 10 12 629 1419 1064 4511 4512 2686
1463 9 2 10 12 551 1061 1707 2507 4513 4514
1464 9 2 10 12 1169 1850 1882 4434 4515 4516
1465 9 2 10 12 809 1613 1522 4317 4517 2716
1466 9 2 10 12 853 1462 1783 3713 3429 4518
1467 9 2 10 12 173 1731 927 4519 4135 4520
1468 9 2 10 12 1748 446 1321 4521 4522 4090
1469 9 2 10 12 575 1472 950 4523 4487 2510
1470 9 2 10 12 747 1566 986 3511 2963 4524
1471 9 2 10 12 580 962 1128 4005 3886 3327
1472 9 2 10 12 832 1638 1003 4525 2902 2458
1473 9 2 10 12 769 1273 1304 3803 4478 4526
1474 9 2 10 12 473 1559 902 4527 4528 4310
1475 9 2 10 12 994 1610 1360 4529 4169 4530
1476 9 2 10 12 717 945 1162 4531 4532 4461
1477 9 2 10 12 492 1412 952 2516 4444 2326
1478 9 2 10 12 483 973 1812 4533 4534 4535
1479 9 2 10 12 173 927 1644 4520 3271 4536
1480 9 2 10 12 637 1227 864 3265 4537 3608
1481 9 2 10 12 750 1229 1632 4538 4539 2268
1482 9 2 10 12 485 1270 1159 4540 4541 4219
1483 9 2 10 12 691 1339 1010 4542 4353 4543
1484 9 2 10 12 634 1223 865 2816 4544 4251
1485 9 2 10 12 324 325 1564 415 4460 4313
1486 9 2 10 12 666 1395 919 4545 2126 2043
1487 9 2 10 12 473 1732 1559 4546 4437 4527
1488 9 2 10 12 956 1387 1498 4080 4547 4548
1489 9 2 10 12 714 1563 1073 1971 4549 4550
1490 9 2 10 12 750 893 1752 3489 4551 4552
1491 9 2 10 12 10 1011 1396 3780 4500 4553
1492 9 2 10 12 451 1337 1625 3897 2882 4554
1493 9 2 10 12 665 1379 1381 4555 4385 4556
1494 9 2 10 12 783 1215 1074 2301 4557 4558
1495 9 2 10 12 599 1406 1433 4559 4560 4561
1496 9 2 10 12 798 1059 1772 4562 4284 4563
1497 9 2 10 12 610 992 1579 4564 4565 4566
1498 9 2 10 12 859 1534 1299 4567 4507 4568
1499 9 2 10 12 593 1002 1911 4569 4570 4354
1500 9 2 10 12 724 1159 1270 4571 4541 4572
1501 9 2 10 12 279 280 1099 370 4573 4574
1502 9 2 10 12 642 995 1538 3444 4575 4576
1503 9 2 10 12 614 1568 1005 4577 4042 2689
1504 9 2 10 12 921 1914 1064 3774 4578 2840
1505 9 2 10 12 490 1623 1136 3387 4579 3335
1506 9 2 10 12 686 1441 1469 2358 4427 3345
1507 9 2 10 12 708 947 1322 4580 2313 3426
1508 9 2 10 12 443 869 1757 2005 4581 4582
1509 9 2 10 12 492 956 1921 2185 4583 4584
1510 9 2 10 12 521 1001 1215 4585 4586 2300
1511 9 2 10 12 463 971 1909 4587 4588 4589
1512 9 2 10 12 847 1842 1114 4590 3998 4591
1513 9 2 10 12 504 1235 1052 4592 4440 4593
1514 9 2 10 12 666 1186 1023 1978 4056 4594
1515 9 2 10 12 449 974 1335 4595 4596 3546
1516 9 2 10 12 817 1725 1207 4597 4402 4598
1517 9 2 10 12 869 1851 1381 2004 4599 2807
1518 9 2 10 12 625 1614 916 4600 4601 4233
1519 9 2 10 12 520 1381 1199 2808 4127 4602
1520 9 2 10 12 642 1215 1001 4603 4586 4604
1521 9 2 10 12 456 983 1301 4605 4606 4607
1522 9 2 10 12 723 862 1732 3308 4438 4608
1523 9 2 10 12 581 1389 1346 2468 4609 4610
1524 9 2 10 12 522 1087 1605 4611 4471 4158
1525 9 2 10 12 770 1291 1219 4612 4509 4613
1526 9 2 10 12 818 1926 1032 4614 4615 4616
1527 9 2 10 12 633 1270 1019 4617 4618 4619
1528 9 2 10 12 248 1531 1023 4620 4621 3445
1529 9 2 10 12 336 337 1251 427 4622 4623
1530 9 2 10 12 731 972 1828 3786 3790 4624
1531 9 2 10 12 594 1130 1070 4625 1986 4626
1532 9 2 10 12 902 1559 1570 4528 4346 3753
1533 9 2 10 12 508 1312 1186 4627 4137 4091
1534 9 2 10 12 905 1172 1307 3487 4628 3555
1535 9 2 10 12 176 1014 1849 3728 4629 4630
1536 9 2 10 12 505 990 1310 2588 4631 4632
1537 9 2 10 12 588 1777 996 4633 3247 4634
1538 9 2 10 12 747 1188 1017 2778 4635 3510
1539 9 2 10 12 13 992 1255 3735 4445 4636
1540 9 2 10 12 244 245 1183 254 3742 4637
1541 9 2 10 12 483 1812 978 4535 4638 4093
1542 9 2 10 12 707 1503 969 4260 4105 2607
1543 9 2 10 12 642 1074 1215 4639 4557 4603
1544 9 2 10 12 826 1114 1668 2308 4640 4641
1545 9 2 10 12 964 1618 1446 4642 4643 3504
1546 9 2 10 12 614 1028 1568 4225 4242 4577
1547 9 2 10 12 457 1799 871 4644 4645 4472
1548 9 2 10 12 693 1544 922 3825 4646 4031
1549 9 2 10 12 584 1019 1701 4647 4648 4649
1550 9 2 10 12 589 949 1525 2434 3936 4650
1551 9 2 10 12 489 1122 1600 4651 4652 3295
1552 9 2 10 12 482 1119 1778 3684 4653 3538
1553 9 2 10 12 661 970 1467 4110 4654 4655
1554 9 2 10 12 764 1104 1659 2466 4443 4656
1555 9 2 10 12 825 1849 1014 4657 4629 4255
1556 9 2 10 12 516 1140 1268 4658 4659 4660
1557 9 2 10 12 759 1601 1032 4661 4662 3835
1558 9 2 10 12 178 984 1324 2545 4663 4664
1559 9 2 10 12 632 1045 1167 4134 2956 1991
1560 9 2 10 12 801 1708 1413 4665 3926 4666
1561 9 2 10 12 1618 714 1446 4290 4667 4643
1562 9 2 10 12 446 1748 980 4521 4668 4669
1563 9 2 10 12 115 1896 967 4670 4671 3084
1564 9 2 10 12 954 1146 1865 3823 4672 4673
1565 9 2 10 12 183 947 1393 2147 4674 4675
1566 9 2 10 12 601 1236 978 4676 4094 2012
1567 9 2 10 12 1191 1639 1608 4677 4678 4679
1568 9 2 10 12 799 1180 1272 2193 4680 2137
1569 9 2 10 12 483 1336 973 4681 4682 4533
1570 9 2 10 12 555 926 1385 4116 4683 4684
1571 9 2 10 12 552 1913 979 4685 4686 4096
1572 9 2 10 12 872 1433 1406 2495 4560 4687
1573 9 2 10 12 657 1763 1230 3919 4688 4689
1574 9 2 10 12 242 1031 1550 3472 4690 4691
1575 9 2 10 12 576 993 1253 2581 4692 4693
1576 9 2 10 12 496 1085 1092 4694 3597 4212
1577 9 2 10 12 633 1299 1270 4177 4695 4617
1578 9 2 10 12 821 1265 1809 4696 3572 3670
1579 9 2 10 12 650 1394 1014 4697 4256 4698
1580 9 2 10 12 715 1693 1482 4699 3970 4700
1581 9 2 10 12 670 1310 990 2569 4631 3086
1582 9 2 10 12 579 1390 1026 4701 4702 3073
1583 9 2 10 12 713 925 1305 3629 4464 4703
1584 9 2 10 12 752 981 1876 4704 4705 4706
1585 9 2 10 12 793 1026 1390 3482 4702 4469
1586 9 2 10 12 557 1915 920 4707 4708 2508
1587 9 2 10 12 1728 468 1478 4709 4361 4710
1588 9 2 10 12 703 1069 1691 4711 4712 3838
1589 9 2 10 12 551 1707 835 4514 4713 4714
1590 9 2 10 12 519 1751 1257 4715 4249 4716
1591 9 2 10 12 777 1541 1463 4717 4718 4719
1592 9 2 10 12 913 1458 1908 3892 4720 4721
1593 9 2 10 12 624 991 1532 2518 4722 2669
1594 9 2 10 12 600 1865 1146 4723 4672 2481
1595 9 2 10 12 610 1579 1040 4566 4724 3633
1596 9 2 10 12 758 1603 959 4725 3937 3436
1597 9 2 10 12 674 1031 1205 4726 4173 2169
1598 9 2 10 12 600 1610 994 3422 4529 4727
1599 9 2 10 12 559 981 1619 4198 3369 4728
1600 9 2 10 12 708 1393 947 4729 4674 4580
1601 9 2 10 12 612 1911 1234 4730 4731 4732
1602 9 2 10 12 7 8 1568 17 4043 4241
1603 9 2 10 12 569 1162 945 4733 4532 2037
1604 9 2 10 12 486 1024 1408 3772 4734 4735
1605 9 2 10 12 449 1290 974 3173 4736 4595
1606 9 2 10 12 15 1040 1579 4737 4724 4738
1607 9 2 10 12 579 1733 1390 3567 4739 4701
1608 9 2 10 12 463 1390 971 4470 4740 4587
1609 9 2 10 12 1852 694 1483 4741 3599 4742
1610 9 2 10 12 723 1354 1218 4743 4744 3306
1611 9 2 10 12 498 1110 1297 3191 4745 4257
1612 9 2 10 12 1139 1204 1916 4746 4747 4748
1613 9 2 10 12 1153 1803 1299 4749 4750 4176
1614 9 2 10 12 794 1843 1567 4751 2624 4752
1615 9 2 10 12 504 1052 1361 4593 4753 2028
1616 9 2 10 12 730 1556 980 4228 4754 4454
1617 9 2 10 12 976 1852 1483 4755 4742 3573
1618 9 2 10 12 567 1032 1926 4421 4615 2775
1619 9 2 10 12 659 968 1884 2541 4756 4757
1620 9 2 10 12 478 1067 1359 4758 4759 3102
1621 9 2 10 12 479 1519 1062 4760 4761 2298
1622 9 2 10 12 655 1759 979 2872 4097 4144
1623 9 2 10 12 490 1501 926 4762 4763 3990
1624 9 2 10 12 668 973 1336 4764 4682 4765
1625 9 2 10 12 343 344 1258 434 4766 4767
1626 9 2 10 12 49 1880 1362 4768 4769 4770
1627 9 2 10 12 531 1049 1649 4373 4771 4772
1628 9 2 10 12 742 980 1748 2488 4668 4773
1629 9 2 10 12 559 1055 1386 2938 4774 4196
1630 9 2 10 12 591 1289 1793 3117 4775 4776
1631 9 2 10 12 685 1428 958 4777 4778 3725
1632 9 2 10 12 622 1678 1168 2051 4779 3364
1633 9 2 10 12 283 284 1129 374 4780 4781
1634 9 2 10 12 693 1505 960 3656 4782 2783
1635 9 2 10 12 595 1017 1188 3623 4635 4783
1636 9 2 10 12 633 1019 1696 4619 4784 3460
1637 9 2 10 12 640 1454 934 3204 4785 4439
1638 9 2 10 12 813 1835 1724 4786 3880 4787
1639 9 2 10 12 537 1891 1269 3467 4788 3110
1640 9 2 10 12 645 1370 985 4789 3564 4790
1641 9 2 10 12 610 1084 1662 4791 4792 4793
1642 9 2 10 12 480 1859 1525 4794 4795 3935
1643 9 2 10 12 491 958 1428 4796 4778 3715
1644 9 2 10 12 269 1756 1074 4797 4798 4120
1645 9 2 10 12 646 963 1369 3810 2736 4799
1646 9 2 10 12 564 1787 951 4800 4801 4802
1647 9 2 10 12 680 1071 1371 3868 4803 4804
1648 9 2 10 12 635 1058 1169 4320 2846 4805
1649 9 2 10 12 483 1256 1009 3278 4806 4807
1650 9 2 10 12 315 1496 1366 4808 4809 4810
1651 9 2 10 12 539 957 1360 3996 4811 4171
1652 9 2 10 12 158 159 1370 213 3565 4281
1653 9 2 10 12 668 1268 973 4812 4813 4764
1654 9 2 10 12 485 997 1228 4221 3871 4814
1655 9 2 10 12 636 1214 1521 2233 4815 2731
1656 9 2 10 12 809 1458 1242 3744 4505 4315
1657 9 2 10 12 587 1008 1791 4816 4817 4818
1658 9 2 10 12 612 1109 1682 4819 4820 4821
1659 9 2 10 12 674 947 1447 2314 2146 4822
1660 9 2 10 12 491 1735 958 4823 4824 4796
1661 9 2 10 12 507 1639 1191 4825 4677 4826
1662 9 2 10 12 745 1026 1247 3074 4363 4827
1663 9 2 10 12 661 1055 1184 4828 4829 4109
1664 9 2 10 12 667 1240 954 2557 4292 4830
1665 9 2 10 12 770 1537 1856 4831 3237 4832
1666 9 2 10 12 161 162 1207 216 4833 4401
1667 9 2 10 12 568 960 1505 4834 4782 4835
1668 9 2 10 12 566 1530 937 3140 4836 3913
1669 9 2 10 12 581 1346 1221 4610 4837 4838
1670 9 2 10 12 731 1194 1156 4839 4840 3036
1671 9 2 10 12 628 939 1781 2202 4841 4842
1672 9 2 10 12 644 1629 1355 4843 4501 3591
1673 9 2 10 12 669 1265 1806 3417 4844 4845
1674 9 2 10 12 593 1378 1002 2236 3331 4569
1675 9 2 10 12 645 985 1318 4790 4846 3380
1676 9 2 10 12 577 1036 1245 2355 3398 2388
1677 9 2 10 12 446 980 1556 4669 4754 4847
1678 9 2 10 12 753 1098 1332 3720 4061 4848
1679 9 2 10 12 822 1346 1389 2893 4609 2764
1680 9 2 10 12 273 274 1202 364 4034 4849
1681 9 2 10 12 448 1156 1194 3150 4840 4850
1682 9 2 10 12 40 41 1146 81 4851 3822
1683 9 2 10 12 649 1009 1256 4852 4806 4853
1684 9 2 10 12 658 1317 804 3412 4854 4450
1685 9 2 10 12 844 1661 1094 2979 4020 2671
1686 9 2 10 12 500 1398 953 4855 2959 3205
1687 9 2 10 12 795 1139 1916 2114 4748 4856
1688 9 2 10 12 489 934 1454 4857 4785 4858
1689 9 2 10 12 675 1335 974 4859 4596 4860
1690 9 2 10 12 720 1488 1192 2531 4861 4862
1691 9 2 10 12 780 1072 1819 3648 4863 3349
1692 9 2 10 12 167 168 1470 222 4271 4864
1693 9 2 10 12 725 1561 1562 4865 2425 2910
1694 9 2 10 12 294 295 1507 385 3583 4866
1695 9 2 10 12 277 278 1174 368 4867 4167
1696 9 2 10 12 749 1221 1346 3419 4837 4868
1697 9 2 10 12 1037 1439 1870 3857 4869 4870
1698 9 2 10 12 271 272 1175 362 4871 4222
1699 9 2 10 12 504 993 1553 2030 2535 4872
1700 9 2 10 12 988 1858 1332 4873 4874 3664
1701 9 2 10 12 650 1324 984 4875 4663 4063
1702 9 2 10 12 62 63 1165 103 4876 4877
1703 9 2 10 12 651 974 1290 4878 4736 4879
1704 9 2 10 12 485 1019 1270 4880 4618 4540
1705 9 2 10 12 524 1674 1358 4881 4192 3322
1706 9 2 10 12 656 1274 1809 3693 3671 4882
1707 9 2 10 12 587 1321 1008 4883 4884 4816
1708 9 2 10 12 451 1060 1327 4885 4886 4887
1709 9 2 10 12 646 1369 1034 4799 2097 3112
1710 9 2 10 12 834 1471 1925 3917 4888 4889
1711 9 2 10 12 443 1611 870 3019 4890 2059
1712 9 2 10 12 890 1775 1210 4891 4892 4893
1713 9 2 10 12 672 1685 995 4894 4895 3501
1714 9 2 10 12 981 1386 1876 4197 4896 4705
1715 9 2 10 12 730 1657 1218 4456 4897 4898
1716 9 2 10 12 1002 1234 1911 4324 4731 4570
1717 9 2 10 12 662 1301 983 4899 4606 2702
1718 9 2 10 12 330 331 1225 421 2793 4900
1719 9 2 10 12 249 1150 1531 4901 4902 4903
1720 9 2 10 12 342 928 1490 3537 4275 4904
1721 9 2 10 12 880 1190 1766 3588 4905 4367
1722 9 2 10 12 456 1379 983 2413 4906 4605
1723 9 2 10 12 454 1884 1250 4907 4908 2152
1724 9 2 10 12 450 1210 1775 4909 4892 4910
1725 9 2 10 12 153 154 1177 208 4911 3050
1726 9 2 10 12 267 995 1685 4912 4895 4913
1727 9 2 10 12 839 1308 1716 3159 4914 3301
1728 9 2 10 12 549 1650 1489 4915 4916 3840
1729 9 2 10 12 267 1538 995 4917 4575 4912
1730 9 2 10 12 263 264 1164 354 3121 4918
1731 9 2 10 12 469 1717 977 4919 4920 4921
1732 9 2 10 12 542 1446 1073 2480 4922 4923
1733 9 2 10 12 489 1391 934 3312 4156 4857
1734 9 2 10 12 669 1806 1330 4845 4924 4925
1735 9 2 10 12 573 1424 986 4926 4927 4150
1736 9 2 10 12 698 1507 950 4928 3582 4486
1737 9 2 10 12 485 1294 1019 4929 4930 4880
1738 9 2 10 12 721 1728 1007 4931 4932 4386
1739 9 2 10 12 445 1133 1524 3403 4933 4934
1740 9 2 10 12 329 970 1790 4935 4936 4937
1741 9 2 10 12 669 1330 1737 4925 4938 4939
1742 9 2 10 12 933 1083 1919 2470 4940 1935
1743 9 2 10 12 659 1884 1012 4757 4941 4942
1744 9 2 10 12 965 1594 1183 4130 4943 3741
1745 9 2 10 12 470 941 1634 2050 4944 4328
1746 9 2 10 12 642 1538 1074 4576 4945 4639
1747 9 2 10 12 340 1875 1239 4946 4947 4482
1748 9 2 10 12 915 1837 1011 4948 4949 2363
1749 9 2 10 12 116 117 1125 129 3192 4950
1750 9 2 10 12 474 996 1651 2375 3249 4951
1751 9 2 10 12 569 1050 1162 4952 3451 4733
1752 9 2 10 12 181 182 1157 236 4953 3431
1753 9 2 10 12 248 249 1531 258 4903 4620
1754 9 2 10 12 550 1352 1697 3850 4954 4955
1755 9 2 10 12 682 1005 1396 2656 4956 4499
1756 9 2 10 12 898 1747 1505 4957 4958 3490
1757 9 2 10 12 556 1515 923 4959 3479 3287
1758 9 2 10 12 650 1014 1324 4698 4960 4875
1759 9 2 10 12 669 1737 1509 4939 4961 4962
1760 9 2 10 12 745 1247 1044 4827 3945 4963
1761 9 2 10 12 968 1250 1884 4964 4908 4756
1762 9 2 10 12 870 1436 1851 3992 4965 2058
1763 9 2 10 12 577 969 1813 2390 4966 4967
1764 9 2 10 12 938 1641 1262 2253 4495 4968
1765 9 2 10 12 454 1081 1711 2547 4969 4970
1766 9 2 10 12 282 1383 1343 4971 4972 4973
1767 9 2 10 12 833 961 1922 1983 4974 4975
1768 9 2 10 12 656 1510 1338 4976 4977 3562
1769 9 2 10 12 918 1897 1540 4978 4979 2592
1770 9 2 10 12 1332 1858 467 4874 4980 4981
1771 9 2 10 12 777 1791 1008 4982 4817 4983
1772 9 2 10 12 714 1073 1446 4550 4922 4667
1773 9 2 10 12 583 1431 1163 4984 3378 4985
1774 9 2 10 12 337 1626 1251 3677 4986 4622
1775 9 2 10 12 483 1009 1336 4807 4987 4681
1776 9 2 10 12 479 1274 1406 2164 4988 4204
1777 9 2 10 12 619 1418 1492 4232 4989 4002
1778 9 2 10 12 783 1074 1756 4558 4798 4229
1779 9 2 10 12 802 1867 955 4990 4380 3673
1780 9 2 10 12 463 959 1616 4991 3984 3702
1781 9 2 10 12 636 1623 1180 4992 4993 2192
1782 9 2 10 12 149 1051 1320 3044 4994 4995
1783 9 2 10 12 827 1824 1030 3964 4996 4997
1784 9 2 10 12 724 1270 1299 4572 4695 4506
1785 9 2 10 12 568 1486 960 1965 2498 4834
1786 9 2 10 12 241 1550 1166 4998 4999 1979
1787 9 2 10 12 571 1552 1009 5000 5001 5002
1788 9 2 10 12 599 966 1406 2213 4205 4559
1789 9 2 10 12 530 827 1401 3965 5003 5004
1790 9 2 10 12 241 242 1550 251 4691 4998
1791 9 2 10 12 790 1093 1230 5005 5006 3397
1792 9 2 10 12 508 1563 1312 5007 5008 4627
1793 9 2 10 12 797 1237 1257 2774 5009 4248
1794 9 2 10 12 481 1046 1291 3989 3517 5010
1795 9 2 10 12 775 1078 1744 3012 5011 5012
1796 9 2 10 12 838 1312 1563 3049 5008 1962
1797 9 2 10 12 596 1798 977 5013 5014 3313
1798 9 2 10 12 690 1341 946 2984 4382 5015
1799 9 2 10 12 812 982 1789 1931 3018 2226
1800 9 2 10 12 847 1129 1842 2762 5016 4590
1801 9 2 10 12 839 1338 1510 5017 4977 3259
1802 9 2 10 12 696 1323 1497 3906 5018 5019
1803 9 2 10 12 860 1220 1727 3578 5020 5021
1804 9 2 10 12 864 1586 1025 5022 5023 3887
1805 9 2 10 12 56 1017 1528 2047 3622 5024
1806 9 2 10 12 546 1730 1003 2526 5025 3009
1807 9 2 10 12 690 946 1749 5015 3977 5026
1808 9 2 10 12 612 1682 1415 4821 5027 5028
1809 9 2 10 12 696 1497 1869 5019 5029 5030
1810 9 2 10 12 826 1562 1148 2911 5031 2849
1811 9 2 10 12 167 1470 1093 4864 5032 3974
1812 9 2 10 12 683 1297 1110 5033 4745 3529
1813 9 2 10 12 630 1368 1044 5034 4140 3944
1814 9 2 10 12 703 1573 1069 5035 5036 4711
1815 9 2 10 12 549 1222 1650 5037 5038 4915
1816 9 2 10 12 506 981 1786 3370 5039 5040
1817 9 2 10 12 488 1640 1871 4449 5041 2962
1818 9 2 10 12 690 1749 1033 5026 5042 5043
1819 9 2 10 12 542 1073 1373 4923 5044 3505
1820 9 2 10 12 763 1727 1106 5045 5046 5047
1821 9 2 10 12 678 1491 1402 5048 5049 3233
1822 9 2 10 12 469 977 1514 4921 5050 5051
1823 9 2 10 12 563 998 1806 2402 5052 5053
1824 9 2 10 12 937 1339 1549 4351 5054 3914
1825 9 2 10 12 686 1790 970 5055 4936 2357
1826 9 2 10 12 522 1699 1087 5056 5057 4611
1827 9 2 10 12 455 1100 1308 5058 5059 3158
1828 9 2 10 12 555 1526 935 5060 3266 4338
1829 9 2 10 12 958 1735 1397 4824 5061 3153
1830 9 2 10 12 478 1492 1666 4207 5062 5063
1831 9 2 10 12 622 1695 1314 5064 5065 2085
1832 9 2 10 12 560 965 1627 4131 5066 2454
1833 9 2 10 12 1133 1898 1524 5067 5068 4933
1834 9 2 10 12 292 1032 1601 5069 4662 5070
1835 9 2 10 12 461 964 1774 5071 5072 5073
1836 9 2 10 12 551 1085 1200 5074 5075 5076
1837 9 2 10 12 716 1627 965 5077 5066 3351
1838 9 2 10 12 699 1373 1073 5078 5044 5079
1839 9 2 10 12 664 1000 1387 4408 5080 4079
1840 9 2 10 12 979 1654 1452 5081 5082 4145
1841 9 2 10 12 516 1375 989 5083 5084 4046
1842 9 2 10 12 806 1827 1004 5085 4209 4307
1843 9 2 10 12 493 1330 998 5086 5087 2197
1844 9 2 10 12 817 1850 985 5088 5089 5090
1845 9 2 10 12 572 1657 980 5091 4455 3290
1846 9 2 10 12 540 1795 1303 3061 5092 5093
1847 9 2 10 12 177 1324 1014 5094 4960 3727
1848 9 2 10 12 574 1106 1727 3894 5046 5095
1849 9 2 10 12 9 1396 1005 5096 4956 3212
1850 9 2 10 12 265 266 1158 356 5097 2940
1851 9 2 10 12 1073 1563 1839 4549 5098 5099
1852 9 2 10 12 650 1082 1394 2812 5100 4697
1853 9 2 10 12 521 1444 1001 5101 5102 4585
1854 9 2 10 12 702 1771 1915 5103 5104 5105
1855 9 2 10 12 588 1698 1048 5106 5107 2330
1856 9 2 10 12 48 49 1362 89 4770 4411
1857 9 2 10 12 574 1727 1220 5095 5020 3746
1858 9 2 10 12 610 1662 992 4793 5108 4564
1859 9 2 10 12 479 966 1405 4206 3414 5109
1860 9 2 10 12 1084 1351 1662 5110 5111 4792
1861 9 2 10 12 634 948 1653 4245 5112 4023
1862 9 2 10 12 503 1588 944 5113 5114 3717
1863 9 2 10 12 334 335 1363 425 5115 3058
1864 9 2 10 12 684 1745 1558 5116 5117 2265
1865 9 2 10 12 646 1103 1886 3114 5118 3882
1866 9 2 10 12 746 1238 1537 5119 5120 5121
1867 9 2 10 12 716 1502 1023 3352 5122 4055
1868 9 2 10 12 709 988 1643 3932 5123 5124
1869 9 2 10 12 458 1293 1041 5125 5126 4332
1870 9 2 10 12 943 1697 1352 5127 4954 4431
1871 9 2 10 12 480 1108 1237 3699 5128 2773
1872 9 2 10 12 458 1020 1612 4378 5129 5130
1873 9 2 10 12 657 1470 1006 5131 4270 3729
1874 9 2 10 12 1180 1623 1893 4993 5132 5133
1875 9 2 10 12 884 1684 1171 5134 5135 2982
1876 9 2 10 12 526 1204 1139 2885 4746 5136
1877 9 2 10 12 606 1174 1743 3954 5137 5138
1878 9 2 10 12 584 1041 1709 5139 5140 5141
1879 9 2 10 12 663 1397 1735 2810 5061 2176
1880 9 2 10 12 807 978 1743 2013 5142 5143
1881 9 2 10 12 536 1418 1494 3757 5144 3584
1882 9 2 10 12 817 985 1725 5090 5145 4597
1883 9 2 10 12 667 954 1865 4830 4673 5146
1884 9 2 10 12 782 1482 1767 5147 5148 5149
1885 9 2 10 12 461 1618 964 5150 4642 5071
1886 9 2 10 12 458 1065 1293 5151 5152 5125
1887 9 2 10 12 446 1008 1321 5153 4884 4522
1888 9 2 10 12 740 977 1717 5154 4920 5155
1889 9 2 10 12 571 1009 1581 5002 5156 3333
1890 9 2 10 12 548 1465 1827 3632 4210 5157
1891 9 2 10 12 729 1367 1030 5158 4182 5159
1892 9 2 10 12 492 1921 1056 4584 4489 2515
1893 9 2 10 12 1801 718 1594 5160 5161 5162
1894 9 2 10 12 707 1868 1027 5163 5164 4259
1895 9 2 10 12 576 1653 948 5165 5112 5166
1896 9 2 10 12 1007 1728 1478 4932 4710 5167
1897 9 2 10 12 571 1056 1411 2247 4490 5168
1898 9 2 10 12 141 142 1198 196 5169 3496
1899 9 2 10 12 26 1703 1040 5170 3634 5171
1900 9 2 10 12 542 1597 1311 3198 5172 2817
1901 9 2 10 12 775 1744 1766 5012 4368 5173
1902 9 2 10 12 652 1307 1391 3556 4157 3107
1903 9 2 10 12 1035 1801 1594 5174 5162 5175
1904 9 2 10 12 535 1744 1078 5176 5011 2836
1905 9 2 10 12 509 1532 991 4218 4722 2237
1906 9 2 10 12 717 1478 945 5177 4360 4531
1907 9 2 10 12 718 1031 1504 4174 5178 5179
1908 9 2 10 12 247 1023 1502 3446 5122 5180
1909 9 2 10 12 564 990 1561 2865 2426 5181
1910 9 2 10 12 651 1392 974 2645 5182 4878
1911 9 2 10 12 802 1112 1442 2799 2155 5183
1912 9 2 10 12 116 1125 1896 4950 5184 5185
1913 9 2 10 12 680 1371 1242 4804 5186 4504
1914 9 2 10 12 721 1306 1645 4388 5187 5188
1915 9 2 10 12 457 1227 1252 5189 5190 5191
1916 9 2 10 12 515 1144 1407 5192 5193 2310
1917 9 2 10 12 739 1649 1049 5194 4771 3089
1918 9 2 10 12 631 1320 1051 3518 4994 2558
1919 9 2 10 12 460 1440 957 2473 5195 2519
1920 9 2 10 12 564 951 1881 4802 5196 5197
1921 9 2 10 12 787 1331 1825 4122 5198 5199
1922 9 2 10 12 442 1069 1573 2073 5036 4118
1923 9 2 10 12 1011 1837 1385 4949 5200 4053
1924 9 2 10 12 847 1114 1905 4591 5201 2055
1925 9 2 10 12 687 1001 1444 5202 5102 3475
1926 9 2 10 12 997 1159 1754 4220 5203 5204
1927 9 2 10 12 512 1267 1128 5205 3328 5206
1928 9 2 10 12 14 1579 992 5207 4565 3734
1929 9 2 10 12 742 1862 1022 5208 5209 2486
1930 9 2 10 12 243 1504 1031 5210 5178 3471
1931 9 2 10 12 883 1494 1418 4211 5144 4231
1932 9 2 10 12 676 989 1375 2770 5084 5211
1933 9 2 10 12 108 109 1367 121 4183 5212
1934 9 2 10 12 639 1723 1050 4186 5213 5214
1935 9 2 10 12 485 1228 1294 4814 3024 4929
1936 9 2 10 12 111 112 1368 124 4141 5215
1937 9 2 10 12 601 1144 1236 5216 5217 4676
1938 9 2 10 12 657 1230 1093 4689 5006 5218
1939 9 2 10 12 569 1326 1050 3133 5219 4952
1940 9 2 10 12 517 1424 1155 2384 5220 3860
1941 9 2 10 12 321 1664 1071 5221 5222 5223
1942 9 2 10 12 486 1614 1094 5224 5225 4019
1943 9 2 10 12 722 1200 1829 5226 5227 5228
1944 9 2 10 12 597 1905 1114 3485 5201 2307
1945 9 2 10 12 592 1545 1117 5229 5230 3124
1946 9 2 10 12 498 1852 976 5231 4755 5232
1947 9 2 10 12 498 976 1546 5232 5233 4357
1948 9 2 10 12 475 1161 1329 2002 5234 2989
1949 9 2 10 12 665 983 1379 5235 4906 4555
1950 9 2 10 12 341 1248 1875 5236 5237 5238
1951 9 2 10 12 156 963 1572 2737 5239 5240
1952 9 2 10 12 876 1492 1418 5241 4989 3756
1953 9 2 10 12 568 1505 1747 4835 4958 4078
1954 9 2 10 12 525 1353 1460 5242 2906 4397
1955 9 2 10 12 628 1408 1024 5243 4734 3794
1956 9 2 10 12 704 1546 976 4366 5233 4294
1957 9 2 10 12 664 1006 1421 3740 3710 4406
1958 9 2 10 12 455 1015 1374 5244 5245 5246
1959 9 2 10 12 552 1908 1458 4414 4720 3674
1960 9 2 10 12 292 1686 1032 5247 5248 5069
1961 9 2 10 12 474 1651 1138 4951 5249 5250
1962 9 2 10 12 294 1507 1384 4866 5251 3244
1963 9 2 10 12 609 1175 1754 4125 5252 5253
1964 9 2 10 12 659 1012 1353 4942 2907 3317
1965 9 2 10 12 562 1306 1007 4200 4387 5254
1966 9 2 10 12 484 1184 1055 5255 4829 3319
1967 9 2 10 12 762 1584 1683 5256 5257 5258
1968 9 2 10 12 645 1034 1370 3132 4282 4789
1969 9 2 10 12 906 1314 1695 4418 5065 3541
1970 9 2 10 12 675 974 1471 4860 5259 4493
1971 9 2 10 12 455 1510 1015 3260 5260 5244
1972 9 2 10 12 566 1549 975 3915 5261 2156
1973 9 2 10 12 511 1427 1004 3983 4308 3407
1974 9 2 10 12 340 341 1875 431 5238 4946
1975 9 2 10 12 671 1293 1065 5262 5152 5263
1976 9 2 10 12 799 1830 1214 5264 5265 2232
1977 9 2 10 12 661 1386 1055 5266 4774 4828
1978 9 2 10 12 472 1064 1419 3007 4512 3595
1979 9 2 10 12 589 1919 1083 5267 4940 3340
1980 9 2 10 12 314 315 1366 405 4810 3933
1981 9 2 10 12 669 1374 1015 5268 5245 3415
1982 9 2 10 12 808 997 1754 2035 5204 5269
1983 9 2 10 12 897 1595 1577 5270 5271 4465
1984 9 2 10 12 14 15 1579 24 4738 5207
1985 9 2 10 12 774 1671 1473 3706 3580 5272
1986 9 2 10 12 968 1518 1250 4264 5273 4964
1987 9 2 10 12 160 1725 985 5274 5145 2914
1988 9 2 10 12 688 992 1662 4446 5108 5275
1989 9 2 10 12 4 1527 118 5276 5277 131
1990 9 2 10 12 762 1222 1584 5278 5279 5256
1991 9 2 10 12 164 165 1195 219 5280 5281
1992 9 2 10 12 556 888 1620 1941 5282 5283
1993 9 2 10 12 577 1576 991 5284 2502 2353
1994 9 2 10 12 687 1422 1001 5285 5286 5202
1995 9 2 10 12 876 1666 1492 5287 5062 5241
1996 9 2 10 12 469 1514 1220 5051 5288 3577
1997 9 2 10 12 706 918 1409 5289 3326 5290
1998 9 2 10 12 695 1592 982 5291 5292 1929
1999 9 2 10 12 665 1381 1851 4556 4599 5293
2000 9 2 10 12 936 1829 1200 2711 5227 5294
2001 9 2 10 12 497 1029 1452 1943 5295 5296
2002 9 2 10 12 733 1236 1144 3691 5217 5297
2003 9 2 10 12 576 948 1693 5166 3971 2582
2004 9 2 10 12 908 1634 1224 4329 5298 3811
2005 9 2 10 12 605 1063 1260 3105 5299 4300
2006 9 2 10 12 441 1682 1109 5300 4820 2323
2007 9 2 10 12 531 1124 1286 5301 4253 2288
2008 9 2 10 12 1116 1768 1305 5302 5303 5304
2009 9 2 10 12 666 1023 1531 4594 4621 5305
2010 9 2 10 12 603 944 1832 3057 5306 5307
2011 9 2 10 12 571 1411 1020 5168 5308 5309
2012 9 2 10 12 679 1012 1711 2994 5310 5311
2013 9 2 10 12 639 1050 1326 5214 5219 2385
2014 9 2 10 12 557 1789 1861 2509 3147 3902
2015 9 2 10 12 329 1467 970 5312 4654 4935
2016 9 2 10 12 761 1264 1776 5313 5314 5315
2017 9 2 10 12 691 975 1549 2033 5261 5316
2018 9 2 10 12 514 1022 1862 2446 5209 5317
2019 9 2 10 12 639 1609 835 5318 5319 4184
2020 9 2 10 12 691 1010 1417 4543 5320 5321
2021 9 2 10 12 868 1630 1199 4277 5322 3798
2022 9 2 10 12 472 1037 1870 2346 4870 3008
2023 9 2 10 12 1019 1294 1701 4930 5323 4648
2024 9 2 10 12 831 1817 1000 2974 5324 5325
2025 9 2 10 12 594 1643 988 5326 5123 3663
2026 9 2 10 12 786 1760 1029 4306 5327 3854
2027 9 2 10 12 665 1851 1436 5293 4965 5328
2028 9 2 10 12 609 1754 1159 5253 5203 5329
2029 9 2 10 12 561 1116 1305 3254 5304 4463
2030 9 2 10 12 803 1896 1125 5330 5184 5331
2031 9 2 10 12 683 1082 1297 5332 2811 5033
2032 9 2 10 12 897 1425 1342 1990 4399 5333
2033 9 2 10 12 592 1298 1081 5334 5335 5336
2034 9 2 10 12 871 1799 1138 4645 5337 5338
2035 9 2 10 12 673 1348 994 2343 5339 5340
2036 9 2 10 12 653 1718 1530 5341 5342 5343
2037 9 2 10 12 652 1078 1337 2567 3011 4039
2038 9 2 10 12 302 303 1426 393 4343 3066
2039 9 2 10 12 962 1362 1880 4004 4769 3507
2040 9 2 10 12 673 994 1360 5340 4530 5344
2041 9 2 10 12 923 1909 971 2972 4588 3288
2042 9 2 10 12 791 1557 1051 5345 2682 2646
2043 9 2 10 12 30 31 1212 71 5346 4107
2044 9 2 10 12 1124 1649 1319 5347 5348 5349
2045 9 2 10 12 865 1647 1797 5350 5351 5352
2046 9 2 10 12 447 1050 1723 3452 5213 5353
2047 9 2 10 12 667 1076 1529 3793 5354 3626
2048 9 2 10 12 560 1035 1594 4359 5175 4129
2049 9 2 10 12 287 288 1316 378 5355 5356
2050 9 2 10 12 684 1054 1500 2316 5357 5358
2051 9 2 10 12 663 1731 1233 4136 5359 2800
2052 9 2 10 12 868 1541 1874 2844 5360 5361
2053 9 2 10 12 862 1218 1657 3307 4897 5362
2054 9 2 10 12 815 1598 1605 5363 4159 3557
2055 9 2 10 12 647 1257 1237 5364 5009 5365
2056 9 2 10 12 280 1741 1099 5366 3477 4573
2057 9 2 10 12 684 1267 1745 5367 5368 5116
2058 9 2 10 12 638 1518 1062 5369 5370 5371
2059 9 2 10 12 643 1283 1303 4457 5372 5373
2060 9 2 10 12 512 1768 1116 5374 5302 5375
2061 9 2 10 12 182 1393 1157 5376 5377 4953
2062 9 2 10 12 38 39 1240 79 4293 5378
2063 9 2 10 12 1081 1298 1711 5335 5379 4969
2064 9 2 10 12 854 1124 1319 3310 5349 4428
2065 9 2 10 12 831 1000 1587 5325 5380 2065
2066 9 2 10 12 1052 1920 1361 5381 5382 4753
2067 9 2 10 12 642 1001 1679 4604 5383 5384
2068 9 2 10 12 674 1550 1031 5385 4690 4726
2069 9 2 10 12 61 62 1185 102 5386 5387
2070 9 2 10 12 788 1590 1178 5388 5389 5390
2071 9 2 10 12 287 1316 1668 5356 5391 5392
2072 9 2 10 12 629 1178 1590 4011 5389 5393
2073 9 2 10 12 654 1776 1264 5394 5314 3239
2074 9 2 10 12 740 1555 977 5395 4348 5154
2075 9 2 10 12 517 1066 1473 3861 5396 3579
2076 9 2 10 12 971 1390 1733 4740 4739 5397
2077 9 2 10 12 838 1131 1459 1964 5398 3087
2078 9 2 10 12 7 1028 1863 4243 5399 5400
2079 9 2 10 12 279 1099 1826 4574 5401 5402
2080 9 2 10 12 345 346 1214 436 5403 5404
2081 9 2 10 12 803 967 1896 4045 4671 5330
2082 9 2 10 12 540 1722 1399 5405 5406 2652
2083 9 2 10 12 719 1459 1131 4326 5398 5407
2084 9 2 10 12 146 147 1213 201 3987 5408
2085 9 2 10 12 177 178 1324 232 4664 5094
2086 9 2 10 12 262 263 1365 353 5409 4035
2087 9 2 10 12 495 1673 1086 5410 5411 5412
2088 9 2 10 12 551 835 1609 4714 5319 5413
2089 9 2 10 12 529 1498 1387 5414 4547 5415
2090 9 2 10 12 963 1334 1598 3809 5416 5417
2091 9 2 10 12 785 1402 1491 5418 5049 5419
2092 9 2 10 12 756 1003 1730 2727 5025 5420
2093 9 2 10 12 649 1308 1100 5421 5059 5422
2094 9 2 10 12 693 1694 1281 4033 5423 3655
2095 9 2 10 12 600 994 1689 4727 5424 5425
2096 9 2 10 12 1140 1769 1268 5426 5427 4659
2097 9 2 10 12 495 1500 1054 5428 5357 3392
2098 9 2 10 12 753 1332 1584 4848 5429 5430
2099 9 2 10 12 786 1366 1496 5431 4809 4305
2100 9 2 10 12 499 982 1592 2361 5292 2134
2101 9 2 10 12 26 1040 1820 5171 5432 5433
2102 9 2 10 12 751 1343 1383 3958 4972 5434
2103 9 2 10 12 148 149 1320 203 4995 3167
2104 9 2 10 12 343 1258 1712 4767 5435 4254
2105 9 2 10 12 667 1865 1075 5146 5436 3791
2106 9 2 10 12 668 1552 1836 5437 5438 5439
2107 9 2 10 12 316 317 1241 407 5440 5441
2108 9 2 10 12 723 1095 1757 5442 5443 5444
2109 9 2 10 12 649 1581 1009 5445 5156 4852
2110 9 2 10 12 715 1482 1841 4700 5446 5447
2111 9 2 10 12 571 1020 1552 5309 5448 5000
2112 9 2 10 12 771 1130 1637 5449 5450 3028
2113 9 2 10 12 903 1399 1722 5451 5406 3390
2114 9 2 10 12 747 986 1424 4524 4927 2383
2115 9 2 10 12 731 1182 1438 3038 5452 3784
2116 9 2 10 12 573 1155 1424 5453 5220 4926
2117 9 2 10 12 594 1637 1130 5454 5450 4625
2118 9 2 10 12 510 1325 1349 5455 5456 5457
2119 9 2 10 12 163 164 1533 218 5458 3920
2120 9 2 10 12 890 1210 1352 4893 5459 3849
2121 9 2 10 12 671 1057 1709 3123 5460 5461
2122 9 2 10 12 580 1451 1749 3952 5462 3864
2123 9 2 10 12 62 1165 1185 4877 5463 5386
2124 9 2 10 12 689 1847 1430 5464 3736 5465
2125 9 2 10 12 988 1243 1858 3931 5466 4873
2126 9 2 10 12 456 1301 1558 4607 2266 3968
2127 9 2 10 12 489 1454 1551 4858 5467 5468
2128 9 2 10 12 737 1624 1127 5469 5470 3738
2129 9 2 10 12 767 1859 1063 5471 5472 5473
2130 9 2 10 12 522 1417 1699 5474 5475 5056
2131 9 2 10 12 776 1573 1287 3464 5476 2889
2132 9 2 10 12 284 1842 1129 5477 5016 4780
2133 9 2 10 12 807 1826 1099 5478 5401 2447
2134 9 2 10 12 174 175 1233 229 5479 5480
2135 9 2 10 12 502 1580 1068 5481 5482 4194
2136 9 2 10 12 732 979 1913 5483 4686 5484
2137 9 2 10 12 701 1485 999 5485 2259 2474
2138 9 2 10 12 708 1157 1393 5486 5377 4729
2139 9 2 10 12 282 283 1383 373 5487 4971
2140 9 2 10 12 546 1463 1541 3010 4718 2843
2141 9 2 10 12 815 1572 1598 5488 5489 5363
2142 9 2 10 12 771 1371 1071 3029 4803 5490
2143 9 2 10 12 784 1753 1660 5491 3497 5492
2144 9 2 10 12 533 1477 1436 5493 2937 3832
2145 9 2 10 12 912 1575 1784 4453 5494 5495
2146 9 2 10 12 64 65 1280 105 5496 5497
2147 9 2 10 12 558 1134 1889 5498 5499 2540
2148 9 2 10 12 495 1053 1673 3394 5500 5410
2149 9 2 10 12 818 1032 1686 4616 5248 4012
2150 9 2 10 12 118 1527 888 5277 5501 2707
2151 9 2 10 12 685 1468 1042 3726 5502 2995
2152 9 2 10 12 676 1894 1701 5503 5504 5505
2153 9 2 10 12 44 1918 1102 5506 5507 5508
2154 9 2 10 12 459 1077 1382 2231 5509 4491
2155 9 2 10 12 529 1423 1498 5510 3274 5414
2156 9 2 10 12 660 1533 1195 3788 5511 3284
2157 9 2 10 12 882 1157 1465 3432 5512 3631
2158 9 2 10 12 662 1054 1301 4015 2315 4899
2159 9 2 10 12 113 1464 1044 5513 5514 4203
2160 9 2 10 12 963 1598 1572 5417 5489 5239
2161 9 2 10 12 608 1480 1043 3829 3689 2583
2162 9 2 10 12 777 1008 1541 4983 5515 4717
2163 9 2 10 12 547 1536 1079 2107 5516 5517
2164 9 2 10 12 107 1857 1072 5518 5519 4008
2165 9 2 10 12 145 146 1574 200 5520 2623
2166 9 2 10 12 811 1039 1869 4068 5521 5522
2167 9 2 10 12 584 1696 1019 2596 4784 4647
2168 9 2 10 12 588 996 1698 4634 2283 5106
2169 9 2 10 12 41 1652 1146 5523 3814 4851
2170 9 2 10 12 504 1553 1448 4872 5524 5525
2171 9 2 10 12 448 1596 1160 5526 5527 3174
2172 9 2 10 12 623 1537 1238 3251 5120 5528
2173 9 2 10 12 851 1168 1677 3365 2998 5529
2174 9 2 10 12 678 1100 1491 3948 5530 5048
2175 9 2 10 12 590 1700 1077 5531 5532 3499
2176 9 2 10 12 1020 1836 1552 4377 5438 5448
2177 9 2 10 12 537 1438 1182 2809 5452 3353
2178 9 2 10 12 607 1690 1091 4164 5533 5534
2179 9 2 10 12 488 1351 1084 2961 5110 2918
2180 9 2 10 12 467 1858 1253 4980 5535 5536
2181 9 2 10 12 443 1757 1095 4582 5443 3434
2182 9 2 10 12 321 322 1664 412 5537 5221
2183 9 2 10 12 937 1530 1718 4836 5342 5538
2184 9 2 10 12 893 1589 1752 5539 4405 4551
2185 9 2 10 12 672 1121 1466 3502 5540 5541
2186 9 2 10 12 491 1096 1735 4028 2027 4823
2187 9 2 10 12 53 1512 1080 5542 5543 2445
2188 9 2 10 12 346 347 1521 437 3109 5544
2189 9 2 10 12 298 1118 1484 4352 5545 5546
2190 9 2 10 12 544 1127 1624 5547 5470 5548
2191 9 2 10 12 630 827 1368 5549 5550 5034
2192 9 2 10 12 699 1073 1839 5079 5099 5551
2193 9 2 10 12 732 1654 979 5552 5081 5483
2194 9 2 10 12 657 1093 1470 5218 5032 5131
2195 9 2 10 12 494 1121 1679 5553 5554 5555
2196 9 2 10 12 528 1845 1409 5556 5557 3325
2197 9 2 10 12 477 1348 1681 3940 2746 5558
2198 9 2 10 12 672 1158 1685 5559 5560 4894
2199 9 2 10 12 461 1474 1131 5561 5562 5563
2200 9 2 10 12 448 1194 1596 4850 5564 5526
2201 9 2 10 12 702 1350 1771 3900 5565 5103
2202 9 2 10 12 535 1272 1180 2805 4680 5566
2203 9 2 10 12 628 1699 1010 5567 5568 2201
2204 9 2 10 12 665 1436 983 5328 2936 5235
2205 9 2 10 12 263 1164 1365 4918 5569 5409
2206 9 2 10 12 132 133 1285 187 4021 5570
2207 9 2 10 12 909 1064 1914 2687 4578 5571
2208 9 2 10 12 833 1253 1858 5572 5535 5573
2209 9 2 10 12 151 152 1254 206 5574 5575
2210 9 2 10 12 504 1448 1235 5525 5576 4592
2211 9 2 10 12 878 1529 1582 3627 5577 5578
2212 9 2 10 12 12 13 1255 22 4636 4409
2213 9 2 10 12 312 313 1281 403 3654 5579
2214 9 2 10 12 808 1754 1175 5269 5252 5580
2215 9 2 10 12 610 1027 1868 3495 5164 5581
2216 9 2 10 12 671 1065 1423 5263 3275 3593
2217 9 2 10 12 469 1038 1717 3224 5582 4919
2218 9 2 10 12 530 1401 1698 5004 5583 2122
2219 9 2 10 12 496 1295 1388 4213 5584 2317
2220 9 2 10 12 27 1027 1703 3263 3494 5585
2221 9 2 10 12 611 1203 1523 2141 3454 5586
2222 9 2 10 12 457 1721 1227 5587 5588 5189
2223 9 2 10 12 695 1357 1404 1928 2684 2016
2224 9 2 10 12 532 1394 1082 2664 5100 5589
2225 9 2 10 12 719 1131 1474 5407 5562 3806
2226 9 2 10 12 479 1405 1519 5109 5590 4760
2227 9 2 10 12 796 1111 1878 5591 5592 5593
2228 9 2 10 12 575 1068 1472 3607 5594 4523
2229 9 2 10 12 36 37 1275 77 5595 5596
2230 9 2 10 12 683 1042 1542 2286 5597 5598
2231 9 2 10 12 506 1149 1535 5599 5600 5601
2232 9 2 10 12 1041 1701 1894 5602 5504 4333
2233 9 2 10 12 1306 1923 1645 5603 5604 5187
2234 9 2 10 12 629 1590 1302 5393 4009 5605
2235 9 2 10 12 777 1463 1226 4719 5606 5607
2236 9 2 10 12 736 1303 1283 5608 5372 4393
2237 9 2 10 12 155 1572 1516 5609 5610 5611
2238 9 2 10 12 328 329 1790 419 4937 5612
2239 9 2 10 12 807 1743 1174 5143 5137 5613
2240 9 2 10 12 478 1666 1067 5063 3766 4758
2241 9 2 10 12 301 302 1497 392 3068 5614
2242 9 2 10 12 668 1836 1785 5439 5615 5616
2243 9 2 10 12 825 1233 1849 2801 5617 4657
2244 9 2 10 12 511 1801 1035 5618 5174 3982
2245 9 2 10 12 689 1430 1434 5465 3130 3100
2246 9 2 10 12 687 1090 1422 5619 5620 5285
2247 9 2 10 12 60 1548 1105 5621 5622 2391
2248 9 2 10 12 865 1223 1376 4544 3848 5623
2249 9 2 10 12 694 1852 1132 4741 5624 3723
2250 9 2 10 12 55 1528 1120 5625 4041 2504
2251 9 2 10 12 515 1508 1144 5626 5627 5192
2252 9 2 10 12 690 1033 1713 5043 5628 5629
2253 9 2 10 12 638 1062 1519 5371 4761 3760
2254 9 2 10 12 624 1640 1036 5630 4448 2517
2255 9 2 10 12 813 1102 1835 5631 5632 4786
2256 9 2 10 12 494 1422 1090 5633 5620 5634
2257 9 2 10 12 920 1915 1771 4708 5104 4099
2258 9 2 10 12 110 1906 1030 5635 5636 4113
2259 9 2 10 12 510 1349 1276 5457 5637 5638
2260 9 2 10 12 543 1622 1317 5639 5640 2925
2261 9 2 10 12 266 267 1685 357 4913 5641
2262 9 2 10 12 710 1079 1536 5642 5516 5643
2263 9 2 10 12 514 1773 1061 5644 5645 2320
2264 9 2 10 12 639 1085 1609 3598 5646 5318
2265 9 2 10 12 4 132 1527 186 5647 5276
2266 9 2 10 12 842 1889 1134 5648 5499 2129
2267 9 2 10 12 63 1599 1165 5649 3552 4876
2268 9 2 10 12 592 1642 1646 4410 5650 5651
2269 9 2 10 12 592 1081 1545 5336 2886 5229
2270 9 2 10 12 692 1196 1750 5652 5653 5654
2271 9 2 10 12 613 1046 1631 2822 3988 3997
2272 9 2 10 12 754 1586 1721 4302 5655 5656
2273 9 2 10 12 630 1401 827 5657 5003 5549
2274 9 2 10 12 486 1279 1614 4072 5658 5224
2275 9 2 10 12 603 1251 1626 5659 4986 3528
2276 9 2 10 12 611 1523 1854 5586 5660 5661
2277 9 2 10 12 790 1762 1093 5662 5663 5005
2278 9 2 10 12 647 1414 1239 5664 5665 5666
2279 9 2 10 12 792 1540 1897 4390 4979 5667
2280 9 2 10 12 570 1677 1039 5668 2997 4180
2281 9 2 10 12 46 47 1341 87 4383 5669
2282 9 2 10 12 445 1524 1025 4934 3888 5670
2283 9 2 10 12 541 1796 1437 5671 5672 4279
2284 9 2 10 12 728 1834 1764 5673 5674 5675
2285 9 2 10 12 746 1543 1263 5676 5677 5678
2286 9 2 10 12 905 1917 1565 4050 5679 3486
2287 9 2 10 12 267 268 1538 358 5680 4917
2288 9 2 10 12 584 1701 1041 4649 5602 5139
2289 9 2 10 12 460 1708 1313 3927 5681 2942
2290 9 2 10 12 520 1218 1354 5682 4744 3575
2291 9 2 10 12 541 1307 1172 3406 4628 5683
2292 9 2 10 12 682 1501 1101 5684 5685 2654
2293 9 2 10 12 770 1219 1543 4613 5686 5687
2294 9 2 10 12 643 1309 1123 5688 5689 2819
2295 9 2 10 12 543 1091 1690 3200 5533 5690
2296 9 2 10 12 502 1088 1580 3027 5691 5481
2297 9 2 10 12 879 1551 1454 4064 5467 3203
2298 9 2 10 12 616 1024 1661 3163 3771 2978
2299 9 2 10 12 291 292 1601 382 5070 5692
2300 9 2 10 12 494 1090 1430 5634 3131 2292
2301 9 2 10 12 873 1043 1854 2584 5693 5694
2302 9 2 10 12 826 1668 1316 4641 5391 2856
2303 9 2 10 12 547 1079 1680 5517 5695 5696
2304 9 2 10 12 26 27 1703 67 5585 5170
2305 9 2 10 12 506 1154 1734 5697 5698 5699
2306 9 2 10 12 152 153 1815 207 3545 5700
2307 9 2 10 12 583 1835 1102 5701 5632 4006
2308 9 2 10 12 666 1150 1395 5702 3095 4545
2309 9 2 10 12 321 1071 1844 5223 3867 5703
2310 9 2 10 12 501 1517 1039 2528 5704 2721
2311 9 2 10 12 706 1461 918 5705 5706 5289
2312 9 2 10 12 733 1144 1508 5297 5627 3619
2313 9 2 10 12 752 1786 981 5707 5039 4704
2314 9 2 10 12 767 1171 1684 5708 5135 5709
2315 9 2 10 12 804 1317 1622 4854 5640 5710
2316 9 2 10 12 495 1033 1500 5711 5712 5428
2317 9 2 10 12 451 1625 1060 4554 3533 4885
2318 9 2 10 12 697 1065 1612 3411 5713 5714
2319 9 2 10 12 820 1309 1795 2399 5715 3060
2320 9 2 10 12 871 1651 1777 5716 3248 4473
2321 9 2 10 12 782 1841 1482 4392 5446 5147
2322 9 2 10 12 500 1016 1282 5717 5718 5719
2323 9 2 10 12 727 1484 1118 5720 5545 5721
2324 9 2 10 12 744 1080 1512 2092 5543 3694
2325 9 2 10 12 113 114 1464 126 4086 5513
2326 9 2 10 12 627 1352 1210 4432 5459 5722
2327 9 2 10 12 173 174 1731 228 5723 4519
2328 9 2 10 12 300 301 1323 391 5724 3681
2329 9 2 10 12 977 1798 1514 5014 5725 5050
2330 9 2 10 12 700 1805 1313 4278 5726 5727
2331 9 2 10 12 452 1878 1111 4335 5592 2909
2332 9 2 10 12 822 1269 1290 3111 5728 3172
2333 9 2 10 12 441 1461 1682 5729 5730 5300
2334 9 2 10 12 286 1668 1114 5731 4640 3889
2335 9 2 10 12 15 1820 1040 5732 5432 4737
2336 9 2 10 12 712 1252 1227 5733 5190 2550
2337 9 2 10 12 327 328 1315 418 5734 5735
2338 9 2 10 12 44 45 1918 85 5736 5506
2339 9 2 10 12 648 1248 1490 3243 5737 4274
2340 9 2 10 12 584 1709 1057 5141 5460 2594
2341 9 2 10 12 644 1138 1799 2946 5337 5738
2342 9 2 10 12 861 1908 1759 5739 4413 2629
2343 9 2 10 12 297 1484 1107 5740 5741 3704
2344 9 2 10 12 709 1070 1564 5742 4314 5743
2345 9 2 10 12 1033 1749 1451 5042 5462 5744
2346 9 2 10 12 570 1784 1575 4181 5494 5745
2347 9 2 10 12 518 1263 1543 4104 5677 5746
2348 9 2 10 12 763 1554 1275 5747 5748 5749
2349 9 2 10 12 283 1129 1383 4781 5750 5487
2350 9 2 10 12 166 1093 1762 3975 5663 5751
2351 9 2 10 12 755 1261 1576 4498 2503 5752
2352 9 2 10 12 288 289 1333 379 4304 5753
2353 9 2 10 12 637 1898 1262 5754 5755 3264
2354 9 2 10 12 815 1516 1572 3558 5610 5488
2355 9 2 10 12 532 1082 1542 5589 5756 5757
2356 9 2 10 12 625 1094 1614 2672 5225 4600
2357 9 2 10 12 441 1196 1758 5758 5759 5760
2358 9 2 10 12 773 1277 1714 3195 5761 4484
2359 9 2 10 12 582 1583 1038 4510 5762 2256
2360 9 2 10 12 3 1209 1719 2161 5763 5764
2361 9 2 10 12 518 1543 1219 5746 5686 5765
2362 9 2 10 12 338 339 1414 429 5766 4272
2363 9 2 10 12 917 1734 1154 4420 5698 4267
2364 9 2 10 12 506 1734 1181 5699 5767 3041
2365 9 2 10 12 810 1765 1060 5768 5769 2339
2366 9 2 10 12 318 319 1569 409 3956 5770
2367 9 2 10 12 718 1801 1205 5160 5771 4172
2368 9 2 10 12 855 1437 1796 3994 5672 3667
2369 9 2 10 12 941 1816 1575 2049 5772 4466
2370 9 2 10 12 458 1612 1065 5130 5713 5151
2371 9 2 10 12 311 312 1694 402 5773 4111
2372 9 2 10 12 42 43 1345 83 5774 5775
2373 9 2 10 12 1041 1293 1709 5126 5776 5140
2374 9 2 10 12 305 306 1771 396 4100 5777
2375 9 2 10 12 647 1853 1414 5778 5779 5664
2376 9 2 10 12 333 334 1273 424 3059 4161
2377 9 2 10 12 464 1249 1049 5780 3090 5781
2378 9 2 10 12 711 1673 1053 5782 5500 3560
2379 9 2 10 12 704 1481 1443 4295 5783 5784
2380 9 2 10 12 281 282 1343 372 4973 5785
2381 9 2 10 12 938 1898 1133 5786 5067 4429
2382 9 2 10 12 699 1365 1164 4384 5569 5787
2383 9 2 10 12 687 1700 1090 5788 5789 5619
2384 9 2 10 12 345 1214 1830 5404 5265 5790
2385 9 2 10 12 576 1922 1653 5791 5792 5165
2386 9 2 10 12 762 1683 993 5258 5793 2650
2387 9 2 10 12 268 1074 1538 4121 4945 5680
2388 9 2 10 12 806 1443 1481 5794 5783 5795
2389 9 2 10 12 850 1373 1164 3506 5796 3120
2390 9 2 10 12 583 1086 1431 3211 5797 4984
2391 9 2 10 12 764 1119 1378 2180 3683 2465
2392 9 2 10 12 554 1582 1529 5798 5577 5799
2393 9 2 10 12 661 1467 1225 4655 5800 5801
2394 9 2 10 12 729 907 1367 5802 5803 5158
2395 9 2 10 12 304 305 1350 395 5804 3750
2396 9 2 10 12 754 1329 1161 5805 5234 2173
2397 9 2 10 12 683 1542 1082 5598 5756 5332
2398 9 2 10 12 710 1707 1773 5806 5807 5808
2399 9 2 10 12 527 1025 1586 5809 5023 4301
2400 9 2 10 12 182 183 1393 237 4675 5376
2401 9 2 10 12 710 1688 1707 5810 5811 5806
2402 9 2 10 12 545 1376 1838 5812 5813 5814
2403 9 2 10 12 512 1128 1768 5206 5815 5374
2404 9 2 10 12 505 1310 1244 4632 5816 3177
2405 9 2 10 12 690 1713 1086 5629 5817 2694
2406 9 2 10 12 1115 1635 1591 5818 5819 5820
2407 9 2 10 12 31 32 1705 72 5821 5822
2408 9 2 10 12 179 180 1344 234 3459 2262
2409 9 2 10 12 771 1792 1130 5823 5824 5449
2410 9 2 10 12 462 1593 1142 5825 5826 5827
2411 9 2 10 12 1000 1421 1892 4407 5828 5829
2412 9 2 10 12 915 1526 1837 4215 5830 4948
2413 9 2 10 12 633 1607 1153 3590 5831 4175
2414 9 2 10 12 734 1220 1514 4191 5288 5832
2415 9 2 10 12 707 1084 1868 4269 5833 5163
2416 9 2 10 12 651 1290 1269 4879 5728 5834
2417 9 2 10 12 490 1101 1501 3294 5685 4762
2418 9 2 10 12 598 1560 1135 5835 4059 3743
2419 9 2 10 12 801 1477 1520 5836 5837 5838
2420 9 2 10 12 654 1295 1776 5839 4188 5394
2421 9 2 10 12 843 1197 1486 3362 2714 2057
2422 9 2 10 12 1047 1764 1834 4296 5674 5840
2423 9 2 10 12 765 1105 1548 2377 5622 5841
2424 9 2 10 12 790 1195 1762 3372 5842 5662
2425 9 2 10 12 699 1164 1373 5787 5796 5078
2426 9 2 10 12 821 1062 1924 2299 5843 5844
2427 9 2 10 12 641 1712 1258 4389 5435 2396
2428 9 2 10 12 864 1721 1586 5845 5655 5022
2429 9 2 10 12 745 1044 1464 4963 5514 4422
2430 9 2 10 12 545 1647 1376 4001 5846 5812
2431 9 2 10 12 674 1447 1166 4822 3523 5847
2432 9 2 10 12 641 1272 1600 2138 4208 5848
2433 9 2 10 12 727 1107 1484 3142 5741 5720
2434 9 2 10 12 594 1098 1637 4062 4117 5454
2435 9 2 10 12 767 1063 1885 5473 5849 5850
2436 9 2 10 12 332 333 1604 423 4162 5851
2437 9 2 10 12 455 1491 1100 5852 5530 5058
2438 9 2 10 12 771 1071 1664 5490 5222 5853
2439 9 2 10 12 735 1797 1647 5854 5351 3359
2440 9 2 10 12 709 1643 1070 5124 5855 5742
2441 9 2 10 12 316 1241 1496 5441 1947 5856
2442 9 2 10 12 588 1329 1328 2332 5857 5858
2443 9 2 10 12 453 1767 1482 5859 5148 3230
2444 9 2 10 12 595 1670 1120 2225 5860 4040
2445 9 2 10 12 292 293 1686 383 2835 5247
2446 9 2 10 12 669 1509 1374 4962 5861 5268
2447 9 2 10 12 525 1169 1353 4435 3318 5242
2448 9 2 10 12 529 1167 1423 3943 3594 5510
2449 9 2 10 12 677 1638 1356 5862 5863 2214
2450 9 2 10 12 512 1116 1356 5375 1953 5864
2451 9 2 10 12 832 1356 1638 5865 5863 4525
2452 9 2 10 12 834 1925 1631 4889 3817 2953
2453 9 2 10 12 668 1785 1268 5616 5866 4812
2454 9 2 10 12 455 1374 1491 5246 5867 5852
2455 9 2 10 12 865 1797 1232 5352 5868 4252
2456 9 2 10 12 691 1417 1761 5321 5869 3762
2457 9 2 10 12 310 311 1513 401 4166 2199
2458 9 2 10 12 175 1849 1233 5870 5617 5479
2459 9 2 10 12 1049 1577 1738 4372 5871 5872
2460 9 2 10 12 35 1554 1106 5873 5874 2794
2461 9 2 10 12 493 1143 1420 4481 2501 5875
2462 9 2 10 12 780 1425 1286 3981 1989 2451
2463 9 2 10 12 1009 1552 1336 5001 5876 4987
2464 9 2 10 12 656 1809 1510 4882 5877 4976
2465 9 2 10 12 151 1254 1729 5575 5878 5879
2466 9 2 10 12 466 1047 1736 4297 5880 5881
2467 9 2 10 12 765 1347 1191 5882 5883 2851
2468 9 2 10 12 830 1606 1136 3316 3336 2636
2469 9 2 10 12 748 1577 1595 5884 5271 5885
2470 9 2 10 12 50 51 1432 91 5886 5887
2471 9 2 10 12 541 1172 1555 5683 4349 5888
2472 9 2 10 12 474 1138 1595 5250 5889 5890
2473 9 2 10 12 501 1168 1678 2723 4779 5891
2474 9 2 10 12 940 1102 1918 4007 5507 5892
2475 9 2 10 12 723 1903 1095 5893 5894 5442
2476 9 2 10 12 461 1137 1443 5895 5896 5897
2477 9 2 10 12 489 1551 1122 5468 3064 4651
2478 9 2 10 12 607 1091 1907 5534 5898 5899
2479 9 2 10 12 165 1762 1195 5900 5842 5280
2480 9 2 10 12 1144 1802 1407 5901 5902 5193
2481 9 2 10 12 728 1473 1066 5903 5396 5904
2482 9 2 10 12 341 342 1490 432 4904 5905
2483 9 2 10 12 704 1443 1137 5784 5896 2240
2484 9 2 10 12 610 1868 1084 5581 5833 4791
2485 9 2 10 12 516 1173 1887 4048 5906 5907
2486 9 2 10 12 824 1244 1310 2767 5816 2568
2487 9 2 10 12 732 1888 1113 5908 5909 5910
2488 9 2 10 12 969 1212 1813 4108 5911 4966
2489 9 2 10 12 331 332 1445 422 5912 2792
2490 9 2 10 12 746 1710 1238 5913 5914 5119
2491 9 2 10 12 154 155 1516 209 5611 5915
2492 9 2 10 12 1079 1862 1680 5916 5917 5695
2493 9 2 10 12 1086 1673 1431 5411 5918 5797
2494 9 2 10 12 785 1374 1509 5919 5861 5920
2495 9 2 10 12 654 1349 1295 5921 5922 5839
2496 9 2 10 12 142 143 1704 197 3745 5923
2497 9 2 10 12 763 1106 1554 5047 5874 5747
2498 9 2 10 12 136 137 1628 191 5924 4298
2499 9 2 10 12 871 1138 1651 5338 5249 5716
2500 9 2 10 12 559 1619 1770 4728 5925 5926
2501 9 2 10 12 494 1466 1121 2674 5540 5553
2502 9 2 10 12 498 1132 1852 4258 5624 5231
2503 9 2 10 12 666 1531 1150 5305 4902 5702
2504 9 2 10 12 9 10 1396 19 4553 5096
2505 9 2 10 12 570 1575 1816 5745 5772 5927
2506 9 2 10 12 744 1670 1455 5928 5929 2090
2507 9 2 10 12 769 1535 1149 5930 5600 5931
2508 9 2 10 12 938 1262 1898 4968 5755 5786
2509 9 2 10 12 638 1250 1518 2070 5273 5369
2510 9 2 10 12 785 1491 1374 5419 5867 5919
2511 9 2 10 12 317 1740 1241 5932 3531 5440
2512 9 2 10 12 587 1047 1834 5933 5840 5934
2513 9 2 10 12 744 1120 1670 3695 5860 5928
2514 9 2 10 12 503 1083 1479 3718 2469 5935
2515 9 2 10 12 827 1030 1906 4997 5636 5936
2516 9 2 10 12 565 1300 1914 2250 5937 3773
2517 9 2 10 12 278 1826 1174 5938 5939 4867
2518 9 2 10 12 1015 1510 1809 5260 5877 3571
2519 9 2 10 12 501 1678 1178 5891 5940 3754
2520 9 2 10 12 692 1750 1489 5654 5941 5942
2521 9 2 10 12 556 971 1782 3289 5943 1940
2522 9 2 10 12 32 1231 1705 3843 5944 5821
2523 9 2 10 12 38 1240 1780 5378 4133 5945
2524 9 2 10 12 739 1319 1649 4074 5348 5194
2525 9 2 10 12 1063 1859 1260 5472 5946 5299
2526 9 2 10 12 115 116 1896 128 5185 4670
2527 9 2 10 12 272 1831 1175 5947 5948 4871
2528 9 2 10 12 523 1242 1371 5949 5186 2752
2529 9 2 10 12 853 1783 1067 4518 5950 2598
2530 9 2 10 12 36 1275 1554 5596 5748 5951
2531 9 2 10 12 37 1780 1275 5952 5953 5595
2532 9 2 10 12 696 1517 1300 5954 2527 2260
2533 9 2 10 12 628 1087 1699 3795 5057 5567
2534 9 2 10 12 487 1886 1103 2329 5118 1997
2535 9 2 10 12 495 1713 1033 5955 5628 5711
2536 9 2 10 12 609 1499 1141 5956 3252 4309
2537 9 2 10 12 781 1810 1629 5957 4502 5958
2538 9 2 10 12 692 1361 1920 5959 5382 5960
2539 9 2 10 12 672 1466 1311 5541 5961 5962
2540 9 2 10 12 774 1764 1901 5963 4152 3705
2541 9 2 10 12 533 1520 1477 5964 5837 5493
2542 9 2 10 12 653 1530 1201 5343 3708 5965
2543 9 2 10 12 594 1070 1643 4626 5855 5326
2544 9 2 10 12 339 1239 1414 4483 5665 5766
2545 9 2 10 12 1254 1848 1729 5966 5967 5878
2546 9 2 10 12 629 1302 1419 5605 5968 4511
2547 9 2 10 12 526 1925 1471 5969 4888 5970
2548 9 2 10 12 564 1561 1787 5181 5971 4800
2549 9 2 10 12 881 1904 1315 5972 5973 3637
2550 9 2 10 12 61 1185 1548 5387 5974 5975
2551 9 2 10 12 461 1774 1137 5073 5976 5895
2552 9 2 10 12 502 1372 1259 4195 5977 3382
2553 9 2 10 12 1028 1206 1890 4224 5978 5979
2554 9 2 10 12 445 1025 1602 5670 5980 4095
2555 9 2 10 12 760 1123 1814 2730 5981 5982
2556 9 2 10 12 551 1609 1085 5413 5646 5074
2557 9 2 10 12 618 1111 1669 2787 5983 5984
2558 9 2 10 12 500 1672 1016 3207 5985 5717
2559 9 2 10 12 807 1174 1826 5613 5939 5478
2560 9 2 10 12 710 1773 1079 5808 5986 5642
2561 9 2 10 12 654 1276 1349 3847 5637 5921
2562 9 2 10 12 846 1335 1377 3547 5987 3928
2563 9 2 10 12 288 1333 1316 5753 5988 5355
2564 9 2 10 12 808 1175 1831 5580 5948 5989
2565 9 2 10 12 872 1406 1274 4687 4988 3692
2566 9 2 10 12 679 1646 1208 5990 5991 3639
2567 9 2 10 12 709 1189 1547 5992 5993 5994
2568 9 2 10 12 586 1920 1052 5995 5381 4395
2569 9 2 10 12 833 1858 1243 5573 5466 3081
2570 9 2 10 12 903 1296 1399 3973 5996 5451
2571 9 2 10 12 44 1102 1617 5508 5997 5998
2572 9 2 10 12 715 1553 1693 5999 2537 4699
2573 9 2 10 12 729 1495 907 3433 6000 5802
2574 9 2 10 12 462 1589 1593 6001 6002 5825
2575 9 2 10 12 555 1837 1526 6003 5830 5060
2576 9 2 10 12 794 1770 1619 6004 5925 6005
2577 9 2 10 12 782 1767 1325 5149 6006 6007
2578 9 2 10 12 674 1166 1550 5847 4999 5385
2579 9 2 10 12 909 1914 1300 5571 5937 2278
2580 9 2 10 12 814 1345 1724 6008 6009 6010
2581 9 2 10 12 761 1776 1092 5315 4187 2621
2582 9 2 10 12 110 111 1906 123 6011 5635
2583 9 2 10 12 327 1315 1904 5735 5973 6012
2584 9 2 10 12 135 136 1493 190 4312 6013
2585 9 2 10 12 850 1158 1597 2941 6014 3197
2586 9 2 10 12 609 1159 1499 5329 6015 5956
2587 9 2 10 12 737 1695 1216 3542 6016 6017
2588 9 2 10 12 558 1544 1134 6018 3824 5498
2589 9 2 10 12 620 1843 1181 6019 6020 6021
2590 9 2 10 12 621 1596 1194 4084 5564 6022
2591 9 2 10 12 881 1547 1189 4030 5993 6023
2592 9 2 10 12 572 1022 1570 3291 2042 4345
2593 9 2 10 12 1020 1411 1612 5308 6024 5129
2594 9 2 10 12 814 1652 1345 3815 6025 6008
2595 9 2 10 12 670 1117 1545 2772 5230 2006
2596 9 2 10 12 642 1679 1121 5384 5554 3442
2597 9 2 10 12 611 1778 1119 6026 4653 2139
2598 9 2 10 12 738 1388 1295 6027 5584 6028
2599 9 2 10 12 306 307 1457 397 1959 4037
2600 9 2 10 12 813 1617 1102 6029 5997 5631
2601 9 2 10 12 562 1007 1807 5254 6030 6031
2602 9 2 10 12 134 1591 1635 6032 5819 6033
2603 9 2 10 12 162 163 1578 217 4268 6034
2604 9 2 10 12 329 330 1467 420 6035 5312
2605 9 2 10 12 573 1608 1155 6036 6037 5453
2606 9 2 10 12 723 1757 1354 5444 6038 4743
2607 9 2 10 12 649 1100 1899 5422 3947 6039
2608 9 2 10 12 760 1400 1656 6040 6041 2728
2609 9 2 10 12 708 1465 1157 3963 5512 5486
2610 9 2 10 12 700 1520 1192 6042 6043 6044
2611 9 2 10 12 951 1475 1881 4331 6045 5196
2612 9 2 10 12 734 1151 1615 6046 6047 6048
2613 9 2 10 12 798 1681 1059 6049 2745 4562
2614 9 2 10 12 107 108 1857 120 6050 5518
2615 9 2 10 12 718 1504 1183 5179 6051 6052
2616 9 2 10 12 143 144 1462 198 6053 3712
2617 9 2 10 12 604 1235 1448 6054 5576 6055
2618 9 2 10 12 804 1280 1719 6056 6057 6058
2619 9 2 10 12 590 1090 1700 3216 5789 5531
2620 9 2 10 12 497 1452 1654 5296 5082 6059
2621 9 2 10 12 765 1548 1185 5841 5974 6060
2622 9 2 10 12 736 1109 1794 4394 6061 2860
2623 9 2 10 12 737 1216 1665 6017 6062 6063
2624 9 2 10 12 724 1534 1499 4508 3304 6064
2625 9 2 10 12 592 1646 1298 5651 6065 5334
2626 9 2 10 12 796 1855 1111 6066 6067 5591
2627 9 2 10 12 28 29 1503 69 4106 3696
2628 9 2 10 12 742 1680 1862 6068 5917 5208
2629 9 2 10 12 494 1679 1422 5555 6069 5633
2630 9 2 10 12 1165 1846 1185 6070 6071 5463
2631 9 2 10 12 244 1183 1504 4637 6051 6072
2632 9 2 10 12 459 1803 1153 4492 4749 2965
2633 9 2 10 12 768 1818 1282 3047 6073 2489
2634 9 2 10 12 813 1345 1617 6074 6075 6029
2635 9 2 10 12 614 1101 1606 2690 3293 3388
2636 9 2 10 12 961 1653 1922 4024 5792 4974
2637 9 2 10 12 586 1196 1920 6076 6077 5995
2638 9 2 10 12 1016 1409 1845 6078 5557 6079
2639 9 2 10 12 441 1758 1461 5760 6080 5729
2640 9 2 10 12 598 1304 1560 2797 6081 5835
2641 9 2 10 12 108 1367 1857 5212 6082 6050
2642 9 2 10 12 461 1131 1618 5563 4291 5150
2643 9 2 10 12 725 1316 1333 2857 5988 6083
2644 9 2 10 12 507 1191 1347 4826 5883 6084
2645 9 2 10 12 503 1479 1135 5935 2523 4058
2646 9 2 10 12 111 1368 1906 5215 6085 6011
2647 9 2 10 12 43 1617 1345 6086 6075 5774
2648 9 2 10 12 856 1622 1690 6087 6088 4163
2649 9 2 10 12 686 1315 1790 3638 6089 5055
2650 9 2 10 12 290 291 1475 381 6090 4330
2651 9 2 10 12 457 1777 1328 4474 6091 6092
2652 9 2 10 12 53 54 1512 94 2407 5542
2653 9 2 10 12 710 1170 1688 6093 6094 5810
2654 9 2 10 12 465 1113 1888 2349 5909 2439
2655 9 2 10 12 273 1202 1831 4849 6095 6096
2656 9 2 10 12 726 1410 1560 6097 4142 6098
2657 9 2 10 12 1061 1773 1707 5645 5807 4513
2658 9 2 10 12 64 1280 1599 5497 6099 6100
2659 9 2 10 12 796 1259 1372 6101 5977 6102
2660 9 2 10 12 878 1275 1780 6103 5953 4132
2661 9 2 10 12 662 1676 1053 6104 4154 4014
2662 9 2 10 12 752 1445 1149 2416 6105 6106
2663 9 2 10 12 281 1343 1741 5785 6107 6108
2664 9 2 10 12 543 1690 1622 5690 6088 5639
2665 9 2 10 12 612 1415 1911 5028 6109 4730
2666 9 2 10 12 677 1463 1638 6110 2903 5862
2667 9 2 10 12 297 298 1484 388 5546 5740
2668 9 2 10 12 753 1222 1656 6111 6112 6113
2669 9 2 10 12 641 1600 1122 5848 4652 3521
2670 9 2 10 12 446 1874 1008 6114 6115 5153
2671 9 2 10 12 495 1086 1713 5412 5817 5955
2672 9 2 10 12 551 1200 1435 5076 6116 2505
2673 9 2 10 12 699 1839 1288 5551 6117 4261
2674 9 2 10 12 715 1448 1553 6118 5524 5999
2675 9 2 10 12 468 1728 1179 4709 6119 3644
2676 9 2 10 12 55 56 1528 96 5024 5625
2677 9 2 10 12 819 1311 1466 2818 5961 2673
2678 9 2 10 12 709 1547 1243 5994 6120 3930
2679 9 2 10 12 315 316 1496 406 5856 4808
2680 9 2 10 12 888 1527 1285 5501 6121 6122
2681 9 2 10 12 467 1584 1332 6123 5429 4981
2682 9 2 10 12 894 1838 1376 6124 5813 2896
2683 9 2 10 12 738 1349 1325 6125 5456 6126
2684 9 2 10 12 875 1414 1853 4273 5779 6127
2685 9 2 10 12 583 1163 1835 4985 4412 5701
2686 9 2 10 12 695 1126 1592 2015 1950 5291
2687 9 2 10 12 763 1275 1582 5749 6128 6129
2688 9 2 10 12 35 36 1554 76 5951 5873
2689 9 2 10 12 985 1850 1318 5089 6130 4846
2690 9 2 10 12 635 1882 1207 6131 6132 4415
2691 9 2 10 12 486 1408 1755 4735 6133 4073
2692 9 2 10 12 509 1615 1151 6134 6047 4216
2693 9 2 10 12 796 1718 1259 6135 6136 6101
2694 9 2 10 12 653 1259 1718 4247 6136 5341
2695 9 2 10 12 957 1440 1360 5195 6137 4811
2696 9 2 10 12 893 1593 1589 6138 6002 5539
2697 9 2 10 12 794 1181 1843 6139 6020 4751
2698 9 2 10 12 462 1142 1715 5827 6140 3180
2699 9 2 10 12 808 1831 1202 5989 6095 2491
2700 9 2 10 12 724 1499 1159 6064 6015 4571
2701 9 2 10 12 769 1149 1604 5931 6141 3801
2702 9 2 10 12 897 1342 1595 5333 6142 5270
2703 9 2 10 12 679 1298 1646 6143 6065 5990
2704 9 2 10 12 526 1139 1925 5136 3818 5969
2705 9 2 10 12 46 1341 1833 5669 3605 6144
2706 9 2 10 12 42 1345 1652 5775 6025 6145
2707 9 2 10 12 60 61 1548 101 5975 5621
2708 9 2 10 12 709 1564 1189 5743 4459 5992
2709 9 2 10 12 692 1489 1650 5942 4916 6146
2710 9 2 10 12 246 247 1502 256 5180 2677
2711 9 2 10 12 65 1719 1280 6147 6057 5496
2712 9 2 10 12 732 1113 1793 5910 6148 6149
2713 9 2 10 12 620 1691 1069 6150 4712 6151
2714 9 2 10 12 243 244 1504 253 6072 5210
2715 9 2 10 12 817 1207 1882 4598 6132 6152
2716 9 2 10 12 849 1741 1343 3478 6107 3978
2717 9 2 10 12 653 1201 1746 5965 3614 4246
2718 9 2 10 12 527 1603 1025 3938 6153 5809
2719 9 2 10 12 341 1490 1248 5905 5737 5236
2720 9 2 10 12 625 1403 1848 4235 6154 6155
2721 9 2 10 12 887 1455 1670 6156 5929 2224
2722 9 2 10 12 712 1629 1252 6157 6158 5733
2723 9 2 10 12 671 1709 1293 5461 5776 5262
2724 9 2 10 12 1076 1825 1529 6159 6160 5354
2725 9 2 10 12 865 1376 1647 5623 5846 5350
2726 9 2 10 12 57 58 1566 98 2964 2108
2727 9 2 10 12 463 1739 959 6161 6162 4991
2728 9 2 10 12 607 1846 1165 6163 6070 2749
2729 9 2 10 12 444 1714 1277 6164 5761 3615
2730 9 2 10 12 484 1441 1184 3137 2132 5255
2731 9 2 10 12 144 1187 1462 4400 4081 6053
2732 9 2 10 12 726 1363 1410 2839 6165 6097
2733 9 2 10 12 924 1266 1720 4468 3666 4379
2734 9 2 10 12 533 1192 1520 6166 6043 5964
2735 9 2 10 12 840 1646 1642 6167 5650 2738
2736 9 2 10 12 1000 1892 1587 5829 6168 5380
2737 9 2 10 12 769 1304 1535 4526 3135 5930
2738 9 2 10 12 722 1435 1200 6169 6116 5226
2739 9 2 10 12 713 1768 1128 6170 5815 3885
2740 9 2 10 12 515 1338 1508 3474 6171 5626
2741 9 2 10 12 700 1192 1488 6044 4861 2867
2742 9 2 10 12 942 1680 1748 6172 6173 4089
2743 9 2 10 12 904 1894 1375 3601 6174 6175
2744 9 2 10 12 681 1399 1296 2713 5996 3525
2745 9 2 10 12 612 1794 1109 6176 6061 4819
2746 9 2 10 12 164 1195 1533 5281 5511 5458
2747 9 2 10 12 953 1911 1415 4355 6109 3282
2748 9 2 10 12 505 1148 1562 3188 5031 2587
2749 9 2 10 12 155 156 1572 210 5240 5609
2750 9 2 10 12 701 1231 1485 4239 3842 5485
2751 9 2 10 12 170 1587 1892 6177 6168 6178
2752 9 2 10 12 172 173 1644 227 4536 6179
2753 9 2 10 12 727 1118 1621 5721 3585 3873
2754 9 2 10 12 538 1442 1772 6180 6181 4283
2755 9 2 10 12 728 1715 1142 6182 6140 6183
2756 9 2 10 12 587 1791 1047 4818 6184 5933
2757 9 2 10 12 778 1410 1363 6185 6165 6186
2758 9 2 10 12 518 1557 1403 6187 6188 4475
2759 9 2 10 12 636 1136 1623 2637 4579 4992
2760 9 2 10 12 813 1724 1345 4787 6009 6074
2761 9 2 10 12 676 1375 1894 5211 6174 5503
2762 9 2 10 12 626 1903 1271 6189 6190 4323
2763 9 2 10 12 1077 1700 1382 5532 6191 5509
2764 9 2 10 12 137 1104 1628 4365 3229 5924
2765 9 2 10 12 51 1822 1432 6192 4016 5886
2766 9 2 10 12 832 1558 1745 3969 5117 6193
2767 9 2 10 12 803 1125 1782 5331 1932 6194
2768 9 2 10 12 772 1142 1593 6195 5826 6196
2769 9 2 10 12 811 1869 1497 5522 5029 3611
2770 9 2 10 12 444 1112 1714 2019 2901 6164
2771 9 2 10 12 134 135 1591 189 6197 6032
2772 9 2 10 12 677 1226 1463 4077 5606 6110
2773 9 2 10 12 1016 1672 1409 5985 6198 6078
2774 9 2 10 12 748 1595 1138 5885 5889 2945
2775 9 2 10 12 722 1585 1742 6199 6200 6201
2776 9 2 10 12 895 1419 1302 3596 5968 3972
2777 9 2 10 12 1048 1698 1401 5107 5583 6202
2778 9 2 10 12 618 1669 1145 5984 6203 3338
2779 9 2 10 12 676 1701 1294 5505 5323 3023
2780 9 2 10 12 873 1854 1523 5694 5660 2274
2781 9 2 10 12 1068 1580 1472 5482 6204 5594
2782 9 2 10 12 554 1331 1873 6205 6206 6207
2783 9 2 10 12 544 1720 1127 4286 3652 5547
2784 9 2 10 12 554 1825 1331 6208 5198 6205
2785 9 2 10 12 732 1176 1888 6209 2380 5908
2786 9 2 10 12 839 1508 1338 3303 6171 5017
2787 9 2 10 12 728 1066 1715 5904 3181 6182
2788 9 2 10 12 877 1160 1596 3527 5527 4083
2789 9 2 10 12 1060 1765 1327 5769 6210 4886
2790 9 2 10 12 170 171 1587 225 2177 6177
2791 9 2 10 12 910 1624 1665 6211 6212 3826
2792 9 2 10 12 63 64 1599 104 6100 5649
2793 9 2 10 12 587 1902 1321 6213 2148 4883
2794 9 2 10 12 675 1377 1335 3961 5987 4859
2795 9 2 10 12 506 1786 1149 5040 6214 5599
2796 9 2 10 12 2 1820 15 6215 5732 25
2797 9 2 10 12 672 1597 1158 6216 6014 5559
2798 9 2 10 12 800 1635 1115 3184 5818 2521
2799 9 2 10 12 679 1711 1298 5311 5379 6143
2800 9 2 10 12 506 1535 1154 5601 3134 5697
2801 9 2 10 12 323 1130 1792 2045 5824 6217
2802 9 2 10 12 599 1811 1129 6218 6219 2761
2803 9 2 10 12 557 1224 1915 3903 6220 4707
2804 9 2 10 12 133 134 1635 188 6033 4022
2805 9 2 10 12 50 1432 1880 5887 3508 6221
2806 9 2 10 12 626 1095 1903 3904 5894 6189
2807 9 2 10 12 801 1413 1676 4666 4155 6222
2808 9 2 10 12 600 1689 1865 5425 6223 4723
2809 9 2 10 12 827 1906 1368 5936 6085 5550
2810 9 2 10 12 685 1153 1607 2996 5831 6224
2811 9 2 10 12 804 1719 1209 6058 5763 4451
2812 9 2 10 12 507 1347 1907 6084 6225 6226
2813 9 2 10 12 904 1785 1836 6227 5615 3646
2814 9 2 10 12 591 1793 1113 4776 6148 2831
2815 9 2 10 12 2 26 1820 66 5433 6215
2816 9 2 10 12 43 44 1617 84 5998 6086
2817 9 2 10 12 154 1516 1177 5915 3358 4911
2818 9 2 10 12 474 1595 1342 5890 6142 3884
2819 9 2 10 12 974 1392 1471 5182 6228 5259
2820 9 2 10 12 787 1825 1076 5199 6159 3261
2821 9 2 10 12 41 42 1652 82 6145 5523
2822 9 2 10 12 791 1403 1557 6229 6188 5345
2823 9 2 10 12 668 1336 1552 4765 5876 5437
2824 9 2 10 12 893 1453 1593 3488 6230 6138
2825 9 2 10 12 682 1385 1501 4054 6231 5684
2826 9 2 10 12 689 1137 1774 3101 5976 6232
2827 9 2 10 12 601 1802 1144 2679 5901 5216
2828 9 2 10 12 705 1145 1669 2409 6203 6233
2829 9 2 10 12 737 1665 1624 6063 6212 5469
2830 9 2 10 12 555 1385 1837 4684 5200 6003
2831 9 2 10 12 730 1218 1630 4898 6234 4276
2832 9 2 10 12 595 1188 1671 4783 4425 2272
2833 9 2 10 12 346 1521 1214 5544 4815 5403
2834 9 2 10 12 907 1072 1857 6235 5519 6236
2835 9 2 10 12 138 139 1659 193 6237 4442
2836 9 2 10 12 549 1656 1222 3214 6112 5037
2837 9 2 10 12 907 1857 1367 6236 6082 5803
2838 9 2 10 12 606 1769 1140 6238 5426 3851
2839 9 2 10 12 878 1582 1275 5578 6128 6103
2840 9 2 10 12 951 1787 1333 4801 6239 4303
2841 9 2 10 12 892 1772 1442 6240 6181 2154
2842 9 2 10 12 673 1360 1440 5344 6137 2586
2843 9 2 10 12 697 1921 1498 4374 6241 3410
2844 9 2 10 12 457 1252 1799 5191 6242 4644
2845 9 2 10 12 572 1559 1657 4347 6243 5091
2846 9 2 10 12 722 1742 1429 6201 6244 6245
2847 9 2 10 12 881 1189 1904 6023 6246 5972
2848 9 2 10 12 734 1798 1151 6247 6248 6046
2849 9 2 10 12 821 1924 1265 5844 6249 4696
2850 9 2 10 12 768 1115 1591 2490 5820 6250
2851 9 2 10 12 1 7 1863 16 5400 6251
2852 9 2 10 12 757 1140 1887 3863 6252 6253
2853 9 2 10 12 720 1658 1611 6254 6255 2987
2854 9 2 10 12 637 1524 1898 3610 5068 5754
2855 9 2 10 12 514 1079 1773 6256 5986 5644
2856 9 2 10 12 775 1766 1625 5173 3778 2881
2857 9 2 10 12 630 1247 1706 3946 6257 6258
2858 9 2 10 12 266 1685 1158 5641 5560 5097
2859 9 2 10 12 692 1920 1196 5960 6077 5652
2860 9 2 10 12 623 1840 1127 6259 3739 3651
2861 9 2 10 12 720 1192 1658 4862 6260 6254
2862 9 2 10 12 604 1753 1235 6261 6262 6054
2863 9 2 10 12 586 1758 1196 6263 5759 6076
2864 9 2 10 12 718 1183 1594 6052 4943 5161
2865 9 2 10 12 743 1608 1639 6264 4678 6265
2866 9 2 10 12 1 1863 349 6251 6266 440
2867 9 2 10 12 146 1213 1574 5408 3813 5520
2868 9 2 10 12 1008 1874 1541 6115 5360 5515
2869 9 2 10 12 684 1451 1267 6267 3951 5367
2870 9 2 10 12 534 1243 1547 3082 6120 4029
2871 9 2 10 12 804 1622 1280 5710 6268 6056
2872 9 2 10 12 766 1239 1875 6269 4947 6270
2873 9 2 10 12 521 1534 1444 3305 6271 5101
2874 9 2 10 12 956 1498 1921 4548 6241 4583
2875 9 2 10 12 330 1225 1467 4900 5800 6035
2876 9 2 10 12 734 1615 1147 6048 6272 4190
2877 9 2 10 12 275 276 1675 366 3701 3208
2878 9 2 10 12 286 287 1668 377 5392 5731
2879 9 2 10 12 563 1265 1924 6273 6249 6274
2880 9 2 10 12 794 1619 1181 6005 3042 6139
2881 9 2 10 12 467 1253 1683 5536 6275 6276
2882 9 2 10 12 335 336 1866 426 6277 6278
2883 9 2 10 12 886 1746 1152 3923 3613 2574
2884 9 2 10 12 518 1219 1557 5765 2683 6187
2885 9 2 10 12 533 1658 1192 3834 6260 6166
2886 9 2 10 12 37 38 1780 78 5945 5952
2887 9 2 10 12 520 1630 1218 6279 6234 5682
2888 9 2 10 12 651 1891 1217 6280 6281 2823
2889 9 2 10 12 743 1155 1608 3805 6037 6264
2890 9 2 10 12 721 1645 1091 5188 6282 4101
2891 9 2 10 12 762 1650 1222 6283 5038 5278
2892 9 2 10 12 326 1904 1189 6284 6246 3796
2893 9 2 10 12 860 1873 1331 6285 6206 2627
2894 9 2 10 12 516 1887 1140 5907 6252 4658
2895 9 2 10 12 731 1828 1194 4624 6286 4839
2896 9 2 10 12 447 1688 1170 6287 6094 2648
2897 9 2 10 12 260 1150 1912 3096 6288 6289
2898 9 2 10 12 859 1444 1534 3476 6271 4567
2899 9 2 10 12 467 1683 1584 6276 5257 6123
2900 9 2 10 12 753 1584 1222 5430 5279 6111
2901 9 2 10 12 738 1295 1349 6028 5922 6125
2902 9 2 10 12 742 1748 1680 4773 6173 6068
2903 9 2 10 12 620 1181 1734 6021 5767 4419
2904 9 2 10 12 172 1644 1246 6179 3901 3509
2905 9 2 10 12 617 1187 1916 4082 6290 6291
2906 9 2 10 12 562 1807 1229 6031 6292 6293
2907 9 2 10 12 771 1664 1792 5853 6294 5823
2908 9 2 10 12 301 1497 1323 5614 5018 5724
2909 9 2 10 12 160 161 1725 215 4403 5274
2910 9 2 10 12 741 1667 1211 6295 6296 6297
2911 9 2 10 12 728 1142 1834 6183 6298 5673
2912 9 2 10 12 150 151 1729 205 5879 2429
2913 9 2 10 12 1075 1865 1689 5436 6223 3877
2914 9 2 10 12 762 1361 1650 2651 6299 6283
2915 9 2 10 12 993 1683 1253 5793 6275 4692
2916 9 2 10 12 835 1707 1688 4713 5811 6300
2917 9 2 10 12 722 1429 1435 6245 6301 6169
2918 9 2 10 12 715 1841 1448 5447 6302 6118
2919 9 2 10 12 706 1672 1415 6303 3283 6304
2920 9 2 10 12 778 1866 1251 6305 6306 6307
2921 9 2 10 12 45 46 1833 86 6144 6308
2922 9 2 10 12 749 1823 1284 6309 4344 4051
2923 9 2 10 12 799 1258 1830 2397 6310 5264
2924 9 2 10 12 31 1705 1212 5822 6311 5346
2925 9 2 10 12 756 1730 1199 5420 3799 4126
2926 9 2 10 12 684 1500 1451 5358 6312 6267
2927 9 2 10 12 461 1443 1474 5897 6313 5561
2928 9 2 10 12 622 1216 1695 3530 6016 5064
2929 9 2 10 12 776 1435 1429 2681 6301 3462
2930 9 2 10 12 922 1544 1864 4646 6314 6315
2931 9 2 10 12 162 1578 1207 6034 4416 4833
2932 9 2 10 12 470 1665 1216 3827 6062 3343
2933 9 2 10 12 344 345 1830 435 5790 6316
2934 9 2 10 12 644 1252 1629 6317 6158 4843
2935 9 2 10 12 732 1913 1176 5484 6318 6209
2936 9 2 10 12 644 1799 1252 5738 6242 6317
2937 9 2 10 12 51 52 1822 92 2282 6192
2938 9 2 10 12 280 281 1741 371 6108 5366
2939 9 2 10 12 888 1285 1620 6122 6319 5282
2940 9 2 10 12 511 1205 1801 4356 5771 5618
2941 9 2 10 12 6 1912 249 6320 6321 259
2942 9 2 10 12 269 270 1756 360 3650 4797
2943 9 2 10 12 49 50 1880 90 6221 4768
2944 9 2 10 12 931 1655 1221 6322 6323 3342
2945 9 2 10 12 643 1795 1309 6324 5715 5688
2946 9 2 10 12 701 1147 1895 2475 6325 6326
2947 9 2 10 12 806 1474 1443 3470 6313 5794
2948 9 2 10 12 1088 1877 1580 6327 6328 5691
2949 9 2 10 12 165 166 1762 220 5751 5900
2950 9 2 10 12 785 1674 1402 6329 6330 5418
2951 9 2 10 12 620 1069 1843 6151 2625 6019
2952 9 2 10 12 926 1501 1385 4763 6231 4683
2953 9 2 10 12 788 1314 1775 2086 6331 6332
2954 9 2 10 12 317 318 1740 408 6333 5932
2955 9 2 10 12 729 1030 1824 5159 4996 2009
2956 9 2 10 12 466 1736 1226 5881 6334 3228
2957 9 2 10 12 249 1912 1150 6321 6288 4901
2958 9 2 10 12 320 321 1844 411 5703 6335
2959 9 2 10 12 887 1779 1455 6336 4447 6156
2960 9 2 10 12 795 1916 1187 4856 6290 2243
2961 9 2 10 12 768 1591 1493 6250 6337 3748
2962 9 2 10 12 840 1208 1646 3368 5991 6167
2963 9 2 10 12 717 1632 1229 4462 4539 6338
2964 9 2 10 12 687 1382 1700 2827 6191 5788
2965 9 2 10 12 326 327 1904 417 6012 6284
2966 9 2 10 12 856 1599 1280 3553 6099 6339
2967 9 2 10 12 864 1227 1721 4537 5588 5845
2968 9 2 10 12 752 1149 1786 6106 6214 5707
2969 9 2 10 12 450 1238 1710 4289 5914 6340
2970 9 2 10 12 944 1588 1832 5114 6341 5306
2971 9 2 10 12 767 1525 1859 6342 4795 5471
2972 9 2 10 12 348 349 1890 439 6343 6344
2973 9 2 10 12 618 1211 1667 3821 6296 4321
2974 9 2 10 12 906 1840 1238 3256 6345 4288
2975 9 2 10 12 760 1522 1613 6346 4517 6347
2976 9 2 10 12 514 1862 1079 5317 5916 6256
2977 9 2 10 12 535 1180 1893 5566 5133 6348
2978 9 2 10 12 272 273 1831 363 6096 5947
2979 9 2 10 12 863 1428 1607 3716 6349 3589
2980 9 2 10 12 322 323 1792 413 6217 6350
2981 9 2 10 12 278 279 1826 369 5402 5938
2982 9 2 10 12 764 1659 1203 4656 6351 2179
2983 9 2 10 12 875 1853 1108 6127 6352 2571
2984 9 2 10 12 169 170 1892 224 6178 6353
2985 9 2 10 12 496 1692 1085 2319 6354 4694
2986 9 2 10 12 175 176 1849 230 4630 5870
2987 9 2 10 12 615 1766 1190 3779 4905 3781
2988 9 2 10 12 862 1657 1559 5362 6243 4436
2989 9 2 10 12 284 285 1842 375 3999 5477
2990 9 2 10 12 3 1719 65 5764 6147 106
2991 9 2 10 12 6 260 1912 350 6289 6320
2992 9 2 10 12 763 1873 1727 6355 6356 5045
2993 9 2 10 12 710 1536 1170 5643 2975 6093
2994 9 2 10 12 573 1191 1608 2852 4679 6036
2995 9 2 10 12 685 1607 1428 6224 6349 4777
2996 9 2 10 12 596 1151 1798 4370 6248 5013
2997 9 2 10 12 606 1812 1769 6357 6358 6238
2998 9 2 10 12 453 1232 1797 3777 5868 6359
2999 9 2 10 12 512 1356 1745 5864 6360 6361
3000 9 2 10 12 755 1212 1705 6362 6311 6363
3001 9 2 10 12 788 1178 1678 5390 5940 2053
3002 9 2 10 12 524 1402 1674 6364 6330 4881
3003 9 2 10 12 621 1194 1828 6022 6286 3765
3004 9 2 10 12 870 1611 1658 4890 6255 3991
3005 9 2 10 12 522 1598 1334 4160 5416 6365
3006 9 2 10 12 1038 1583 1717 5762 6366 5582
3007 9 2 10 12 757 1887 1173 6253 5906 4424
3008 9 2 10 12 450 1775 1314 4910 6331 4417
3009 9 2 10 12 576 1253 1922 4693 6367 5791
3010 9 2 10 12 691 1549 1339 5316 5054 4542
3011 9 2 10 12 510 1641 1325 4496 6368 5455
3012 9 2 10 12 516 1268 1785 4660 5866 6369
3013 9 2 10 12 1108 1853 1237 6352 6370 5128
3014 9 2 10 12 344 1830 1258 6316 6310 4766
3015 9 2 10 12 692 1650 1361 6146 6299 5959
3016 9 2 10 12 139 1203 1659 3455 6351 6237
3017 9 2 10 12 832 1745 1356 6193 6360 5865
3018 9 2 10 12 754 1328 1329 6371 5857 5805
3019 9 2 10 12 507 1907 1645 6226 6372 6373
3020 9 2 10 12 558 1864 1544 3170 6314 6018
3021 9 2 10 12 921 1870 1439 2842 4869 4423
3022 9 2 10 12 741 1211 1697 6297 6374 6375
3023 9 2 10 12 810 1871 1640 2563 5041 6376
3024 9 2 10 12 651 1269 1891 5834 4788 6280
3025 9 2 10 12 781 1900 1276 6377 6378 3846
3026 9 2 10 12 493 1420 1737 5875 6379 6380
3027 9 2 10 12 509 1261 1895 2239 6381 6382
3028 9 2 10 12 475 1048 1706 2990 6383 6384
3029 9 2 10 12 1149 1445 1604 6105 6385 6141
3030 9 2 10 12 800 1620 1285 6386 6319 3182
3031 9 2 10 12 450 1710 1210 6340 6387 4909
3032 9 2 10 12 717 1229 1807 6338 6292 6388
3033 9 2 10 12 552 1176 1913 3676 6318 4685
3034 9 2 10 12 772 1593 1453 6196 6230 6389
3035 9 2 10 12 816 1737 1420 6390 6379 2908
3036 9 2 10 12 898 1366 1747 3934 6391 4957
3037 9 2 10 12 554 1529 1825 5799 6160 6208
3038 9 2 10 12 523 1613 1242 6392 4316 5949
3039 9 2 10 12 581 1221 1655 4838 6323 2618
3040 9 2 10 12 603 1832 1251 5307 6393 5659
3041 9 2 10 12 623 1238 1840 5528 6345 6259
3042 9 2 10 12 604 1133 1753 4430 3498 6261
3043 9 2 10 12 817 1882 1850 6152 4515 5088
3044 9 2 10 12 526 1471 1392 5970 6228 2894
3045 9 2 10 12 698 1384 1507 6394 5251 4928
3046 9 2 10 12 752 1876 1225 4706 6395 2414
3047 9 2 10 12 1007 1478 1807 5167 6396 6030
3048 9 2 10 12 936 1200 1692 5294 6397 2733
3049 9 2 10 12 513 1171 1885 3286 6398 6399
3050 9 2 10 12 766 1292 1821 3187 6400 6401
3051 9 2 10 12 778 1363 1866 6186 6402 6305
3052 9 2 10 12 635 1169 1882 4805 4516 6131
3053 9 2 10 12 941 1224 1634 4148 5298 4944
3054 9 2 10 12 473 1271 1732 4266 6403 4546
3055 9 2 10 12 732 1289 1654 6404 6405 5552
3056 9 2 10 12 520 1199 1630 4602 5322 6279
3057 9 2 10 12 532 1542 1468 5757 6406 3905
3058 9 2 10 12 611 1340 1778 6407 6408 6026
3059 9 2 10 12 712 1262 1879 2552 6409 6410
3060 9 2 10 12 524 1763 1402 6411 4240 6364
3061 9 2 10 12 1123 1309 1814 5689 6412 5981
3062 9 2 10 12 688 1662 1351 5275 5111 2758
3063 9 2 10 12 1085 1692 1200 6354 6397 5075
3064 9 2 10 12 464 1049 1738 5781 5872 6413
3065 9 2 10 12 647 1239 1883 5666 6414 6415
3066 9 2 10 12 348 1890 1206 6344 5978 3258
3067 9 2 10 12 755 1813 1212 6416 5911 6362
3068 9 2 10 12 797 1751 1539 4250 6417 4017
3069 9 2 10 12 697 1612 1411 5714 6024 4375
3070 9 2 10 12 867 1519 1405 3761 5590 3014
3071 9 2 10 12 661 1225 1876 5801 6395 6418
3072 9 2 10 12 503 1410 1588 4143 6419 5113
3073 9 2 10 12 723 1732 1271 4608 6403 6420
3074 9 2 10 12 726 1560 1304 6098 6081 4477
3075 9 2 10 12 672 1311 1597 5962 5172 6216
3076 9 2 10 12 550 1697 1211 4955 6374 3858
3077 9 2 10 12 706 1415 1682 6304 5027 6421
3078 9 2 10 12 649 1256 1716 4853 6422 6423
3079 9 2 10 12 876 1480 1666 3021 3828 5287
3080 9 2 10 12 750 1752 1229 4552 6424 4538
3081 9 2 10 12 562 1229 1752 6293 6424 4404
3082 9 2 10 12 142 1704 1198 5923 3439 5169
3083 9 2 10 12 624 1327 1765 2888 6210 6425
3084 9 2 10 12 627 1210 1872 5722 6426 6427
3085 9 2 10 12 916 1614 1279 4601 5658 3924
3086 9 2 10 12 942 1804 1680 3152 6428 6172
3087 9 2 10 12 1033 1451 1500 5744 6312 5712
3088 9 2 10 12 336 1251 1866 4623 6306 6277
3089 9 2 10 12 524 1230 1763 3324 4688 6411
3090 9 2 10 12 547 1680 1804 5696 6428 6429
3091 9 2 10 12 588 1328 1777 5858 6091 4633
3092 9 2 10 12 508 1839 1563 6430 5098 5007
3093 9 2 10 12 766 1883 1239 6431 6414 6269
3094 9 2 10 12 703 1287 1573 2485 5476 5035
3095 9 2 10 12 973 1769 1812 6432 6358 4534
3096 9 2 10 12 767 1885 1171 5850 6398 5708
3097 9 2 10 12 135 1493 1591 6013 6337 6197
3098 9 2 10 12 778 1251 1832 6307 6393 6433
3099 9 2 10 12 464 1264 1860 6434 6435 6436
3100 9 2 10 12 889 1217 1891 3985 6281 3466
3101 9 2 10 12 712 1900 1629 6437 6438 6157
3102 9 2 10 12 1048 1401 1706 6202 6439 6383
3103 9 2 10 12 773 1751 1380 6440 6441 3193
3104 9 2 10 12 497 1654 1289 6059 6405 4075
3105 9 2 10 12 174 1233 1731 5480 5359 5723
3106 9 2 10 12 746 1537 1543 5121 6442 5676
3107 9 2 10 12 700 1708 1520 6443 6444 6042
3108 9 2 10 12 612 1234 1794 4732 3423 6176
3109 9 2 10 12 1000 1817 1387 5324 6445 5080
3110 9 2 10 12 738 1571 1388 6446 6447 6027
3111 9 2 10 12 733 1716 1256 3620 6422 3690
3112 9 2 10 12 442 1429 1742 4119 6244 6448
3113 9 2 10 12 457 1328 1721 6092 6449 5587
3114 9 2 10 12 943 1755 1697 3912 6450 5127
3115 9 2 10 12 716 1312 1627 4138 3048 5077
3116 9 2 10 12 973 1268 1769 4813 5427 6432
3117 9 2 10 12 774 1473 1764 5272 6451 5963
3118 9 2 10 12 702 1915 1224 5105 6220 4147
3119 9 2 10 12 312 1281 1694 5579 5423 5773
3120 9 2 10 12 741 1697 1755 6375 6450 6452
3121 9 2 10 12 785 1509 1674 5920 6453 6329
3122 9 2 10 12 1043 1340 1854 4458 6454 5693
3123 9 2 10 12 531 1649 1124 4772 5347 5301
3124 9 2 10 12 516 1785 1375 6369 6455 5083
3125 9 2 10 12 784 1235 1753 4441 6262 5491
3126 9 2 10 12 625 1848 1254 6155 5966 3624
3127 9 2 10 12 647 1237 1853 5365 6370 5778
3128 9 2 10 12 736 1722 1303 3391 6456 5608
3129 9 2 10 12 735 1388 1571 3672 6447 6457
3130 9 2 10 12 743 1639 1726 6265 6458 2779
3131 9 2 10 12 755 1705 1231 6363 5944 4497
3132 9 2 10 12 833 1922 1253 4975 6367 5572
3133 9 2 10 12 770 1543 1537 5687 6442 4831
3134 9 2 10 12 912 1784 1426 5495 6459 4342
3135 9 2 10 12 910 1476 1624 3063 6460 6211
3136 9 2 10 12 454 1711 1884 4970 6461 4907
3137 9 2 10 12 464 1810 1264 6462 6463 6434
3138 9 2 10 12 816 1674 1509 4193 6453 6464
3139 9 2 10 12 1042 1468 1542 5502 6406 5597
3140 9 2 10 12 971 1733 1782 5397 6465 5943
3141 9 2 10 12 649 1716 1308 6423 4914 5421
3142 9 2 10 12 611 1854 1340 5661 6454 6407
3143 9 2 10 12 748 1738 1577 6466 5871 5884
3144 9 2 10 12 465 1814 1309 6467 6412 2398
3145 9 2 10 12 512 1745 1267 6361 5368 5205
3146 9 2 10 12 617 1916 1204 6291 4747 2916
3147 9 2 10 12 777 1226 1736 5607 6334 6468
3148 9 2 10 12 477 1681 1449 5558 6469 2878
3149 9 2 10 12 791 1848 1403 6470 6154 6229
3150 9 2 10 12 1016 1800 1282 6471 6472 5718
3151 9 2 10 12 723 1271 1903 6420 6190 5893
3152 9 2 10 12 700 1313 1708 5727 5681 6443
3153 9 2 10 12 701 1895 1261 6326 6381 4237
3154 9 2 10 12 746 1263 1872 5678 6473 6474
3155 9 2 10 12 630 1706 1401 6258 6439 5657
3156 9 2 10 12 717 1807 1478 6388 6396 5177
3157 9 2 10 12 866 1726 1639 6475 6458 6476
3158 9 2 10 12 643 1303 1795 5373 5092 6324
3159 9 2 10 12 132 1285 1527 5570 6121 5647
3160 9 2 10 12 698 1580 1877 6477 6328 6478
3161 9 2 10 12 1012 1884 1711 4941 6461 5310
3162 9 2 10 12 698 1877 1384 6478 6479 6394
3163 9 2 10 12 481 1291 1856 5010 6480 6481
3164 9 2 10 12 849 1407 1802 3979 5902 2371
3165 9 2 10 12 772 1902 1142 1957 6482 6195
3166 9 2 10 12 994 1348 1689 5339 3941 5424
3167 9 2 10 12 918 1461 1758 5706 6080 6483
3168 9 2 10 12 818 1384 1877 4013 6479 6484
3169 9 2 10 12 556 1620 1515 5283 6485 4959
3170 9 2 10 12 766 1875 1248 6270 5237 3185
3171 9 2 10 12 748 1355 1738 3592 6486 6466
3172 9 2 10 12 335 1866 1363 6278 6402 5115
3173 9 2 10 12 770 1856 1291 4832 6480 4612
3174 9 2 10 12 1010 1699 1417 5568 5475 5320
3175 9 2 10 12 698 1472 1580 4488 6204 6477
3176 9 2 10 12 721 1179 1728 4102 6119 4931
3177 9 2 10 12 540 1303 1722 5093 6456 5405
3178 9 2 10 12 728 1764 1473 5675 6451 5903
3179 9 2 10 12 523 1400 1613 3662 6487 6392
3180 9 2 10 12 662 1477 1676 2704 6488 6104
3181 9 2 10 12 475 1706 1247 6384 6257 4362
3182 9 2 10 12 152 1815 1254 5700 3625 5574
3183 9 2 10 12 788 1775 1590 6332 6489 5388
3184 9 2 10 12 627 1872 1263 6427 6473 3907
3185 9 2 10 12 759 1475 1601 6490 6491 4661
3186 9 2 10 12 563 1806 1265 5053 4844 6273
3187 9 2 10 12 578 1282 1800 2084 6472 4479
3188 9 2 10 12 519 1380 1751 3357 6441 4715
3189 9 2 10 12 442 1742 1567 6448 6492 2071
3190 9 2 10 12 544 1624 1476 5548 6460 4087
3191 9 2 10 12 1129 1811 1383 6219 6493 5750
3192 9 2 10 12 760 1613 1400 6347 6487 6040
3193 9 2 10 12 519 1257 1821 4716 6494 6495
3194 9 2 10 12 922 1864 1513 6315 6496 4165
3195 9 2 10 12 519 1821 1292 6495 6400 3758
3196 9 2 10 12 841 1702 1469 2100 6497 4426
3197 9 2 10 12 763 1582 1873 6129 6498 6355
3198 9 2 10 12 1029 1760 1452 5327 6499 5295
3199 9 2 10 12 902 1691 1450 3839 6500 4311
3200 9 2 10 12 741 1755 1408 6452 6133 6501
3201 9 2 10 12 778 1588 1410 6502 6419 6185
3202 9 2 10 12 711 1431 1673 3379 5918 5782
3203 9 2 10 12 522 1334 1761 6365 6503 6504
3204 9 2 10 12 884 1919 1684 1938 6505 5134
3205 9 2 10 12 732 1793 1289 6149 4775 6404
3206 9 2 10 12 738 1325 1767 6126 6006 6506
3207 9 2 10 12 753 1656 1400 6113 6041 3719
3208 9 2 10 12 761 1860 1264 4223 6435 5313
3209 9 2 10 12 620 1450 1691 3967 6500 6150
3210 9 2 10 12 836 1513 1864 2200 6496 3659
3211 9 2 10 12 751 1383 1811 5434 6493 6507
3212 9 2 10 12 754 1721 1328 5656 6449 6371
3213 9 2 10 12 759 1687 1648 3837 6508 6509
3214 9 2 10 12 874 1778 1340 3539 6408 3569
3215 9 2 10 12 1062 1518 1924 5370 6510 5843
3216 9 2 10 12 513 1885 1788 6399 6511 3127
3217 9 2 10 12 998 1330 1806 5087 4924 5052
3218 9 2 10 12 931 1889 1655 2642 6512 6322
3219 9 2 10 12 291 1601 1475 5692 6491 6090
3220 9 2 10 12 713 1305 1768 4703 5303 6170
3221 9 2 10 12 320 1844 1364 6335 3678 3465
3222 9 2 10 12 493 1737 1330 6380 4938 5086
3223 9 2 10 12 890 1590 1775 4010 6489 4891
3224 9 2 10 12 891 1761 1334 3763 6503 4178
3225 9 2 10 12 859 1299 1803 4568 4750 3635
3226 9 2 10 12 842 1655 1889 2370 6512 5648
3227 9 2 10 12 328 1790 1315 5612 6089 5734
3228 9 2 10 12 508 1288 1839 4092 6117 6430
3229 9 2 10 12 318 1569 1740 5770 6513 6333
3230 9 2 10 12 907 1819 1072 6514 4863 6235
3231 9 2 10 12 751 1811 1433 6507 6515 2999
3232 9 2 10 12 800 1515 1620 2094 6485 6386
3233 9 2 10 12 525 1318 1850 4398 6130 4433
3234 9 2 10 12 481 1856 1266 6481 3236 4467
3235 9 2 10 12 818 1877 1926 6484 6516 4614
3236 9 2 10 12 1001 1422 1679 5286 6069 5383
3237 9 2 10 12 510 1879 1262 6517 6409 4494
3238 9 2 10 12 563 1924 1518 6274 6510 4263
3239 9 2 10 12 858 1648 1687 3171 6508 2616
3240 9 2 10 12 791 1729 1848 2647 5967 6470
3241 9 2 10 12 856 1280 1622 6339 6268 6087
3242 9 2 10 12 880 1893 1623 6518 5132 3386
3243 9 2 10 12 305 1771 1350 5777 5565 5804
3244 9 2 10 12 607 1347 1846 6519 6520 6163
3245 9 2 10 12 798 1772 1633 4563 6521 2619
3246 9 2 10 12 782 1325 1641 6007 6368 4391
3247 9 2 10 12 918 1758 1897 6483 6522 4978
3248 9 2 10 12 759 1881 1475 6523 6045 6490
3249 9 2 10 12 866 1923 1306 6524 5603 4199
3250 9 2 10 12 798 1449 1681 2620 6469 6049
3251 9 2 10 12 628 1781 1408 4842 6525 5243
3252 9 2 10 12 907 1495 1819 6000 6526 6514
3253 9 2 10 12 866 1589 1726 3686 6527 6475
3254 9 2 10 12 814 1724 1610 6010 6528 3421
3255 9 2 10 12 500 1818 1398 6529 3819 4855
3256 9 2 10 12 617 1359 1783 2917 6530 3428
3257 9 2 10 12 869 1354 1757 3576 6038 4581
3258 9 2 10 12 1088 1926 1877 3103 6516 6327
3259 9 2 10 12 509 1895 1615 6382 6531 6134
3260 9 2 10 12 786 1747 1366 3856 6391 5431
3261 9 2 10 12 564 1881 1648 5197 6532 3143
3262 9 2 10 12 801 1676 1477 6222 6488 5836
3263 9 2 10 12 837 1313 1805 2943 5726 3395
3264 9 2 10 12 816 1509 1737 6464 4961 6390
3265 9 2 10 12 1039 1517 1869 5704 6533 5521
3266 9 2 10 12 829 1739 1909 6534 6535 2971
3267 9 2 10 12 441 1750 1196 4202 5653 5758
3268 9 2 10 12 765 1846 1347 6536 6520 5882
3269 9 2 10 12 887 1901 1779 3072 6537 6336
3270 9 2 10 12 480 1260 1859 2338 5946 4794
3271 9 2 10 12 586 1897 1758 6538 6522 6263
3272 9 2 10 12 705 1855 1372 6539 6540 3448
3273 9 2 10 12 1067 1783 1359 5950 6530 4759
3274 9 2 10 12 749 1346 1823 4868 2892 6309
3275 9 2 10 12 789 1917 1327 6541 6542 2887
3276 9 2 10 12 647 1883 1257 6415 6543 5364
3277 9 2 10 12 779 1742 1585 6544 6200 6545
3278 9 2 10 12 913 1908 1569 4721 6546 3955
3279 9 2 10 12 534 1469 1702 3544 6497 3800
3280 9 2 10 12 765 1185 1846 6060 6071 6536
3281 9 2 10 12 829 1800 1845 4480 6547 6548
3282 9 2 10 12 1028 1890 1863 5979 6549 5399
3283 9 2 10 12 725 1333 1787 6083 6239 6550
3284 9 2 10 12 904 1375 1785 6175 6455 6227
3285 9 2 10 12 589 1684 1919 6551 6505 5267
3286 9 2 10 12 861 1740 1569 3532 6513 6552
3287 9 2 10 12 446 1556 1874 4847 6553 6114
3288 9 2 10 12 522 1761 1417 6504 5869 5474
3289 9 2 10 12 349 1863 1890 6266 6549 6343
3290 9 2 10 12 332 1604 1445 5851 6385 5912
3291 9 2 10 12 741 1408 1781 6501 6525 6554
3292 9 2 10 12 861 1569 1908 6552 6546 5739
3293 9 2 10 12 553 1819 1495 3350 6526 2512
3294 9 2 10 12 539 1610 1724 4170 6528 3879
3295 9 2 10 12 1063 1788 1885 3104 6511 5849
3296 9 2 10 12 607 1907 1347 5899 6225 6519
3297 9 2 10 12 507 1645 1923 6373 5604 6555
3298 9 2 10 12 451 1327 1917 4887 6542 4049
3299 9 2 10 12 796 1372 1855 6102 6540 6066
3300 9 2 10 12 801 1520 1708 5838 6444 4665
3301 9 2 10 12 655 1452 1760 4146 6499 1974
3302 9 2 10 12 529 1387 1817 5415 6445 3942
3303 9 2 10 12 767 1684 1525 5709 6556 6342
3304 9 2 10 12 706 1409 1672 5290 6198 6303
3305 9 2 10 12 860 1727 1873 5021 6356 6285
3306 9 2 10 12 959 1739 1506 6162 6557 3437
3307 9 2 10 12 781 1264 1810 3240 6463 5957
3308 9 2 10 12 892 1633 1772 2791 6521 6240
3309 9 2 10 12 755 1576 1813 5752 6558 6416
3310 9 2 10 12 464 1860 1249 6436 2968 5780
3311 9 2 10 12 706 1682 1461 6421 5730 5705
3312 9 2 10 12 589 1525 1684 4650 6556 6551
3313 9 2 10 12 604 1448 1841 6055 6302 2890
3314 9 2 10 12 868 1874 1556 5361 6553 4227
3315 9 2 10 12 806 1481 1827 5795 6559 5085
3316 9 2 10 12 541 1555 1796 5888 6560 5671
3317 9 2 10 12 500 1282 1818 5719 6073 6529
3318 9 2 10 12 465 1522 1814 2717 6561 6467
3319 9 2 10 12 548 1827 1481 5157 6559 3279
3320 9 2 10 12 811 1426 1784 3612 6459 4066
3321 9 2 10 12 1025 1603 1602 6153 6562 5980
3322 9 2 10 12 464 1738 1355 6413 6486 6563
3323 9 2 10 12 599 1433 1811 4561 6515 6218
3324 9 2 10 12 169 1892 1421 6353 5828 4318
3325 9 2 10 12 661 1876 1386 6418 4896 5266
3326 9 2 10 12 1047 1791 1736 6184 6564 5880
3327 9 2 10 12 930 1489 1750 3841 5941 4201
3328 9 2 10 12 939 1667 1781 4322 6565 4841
3329 9 2 10 12 462 1726 1589 2720 6527 6001
3330 9 2 10 12 538 1867 1442 4381 6566 6180
3331 9 2 10 12 741 1781 1667 6554 6565 6295
3332 9 2 10 12 937 1718 1878 5538 6567 4350
3333 9 2 10 12 545 1585 1829 6568 6569 4000
3334 9 2 10 12 466 1779 1901 3227 6537 4151
3335 9 2 10 12 464 1355 1810 6563 4503 6462
3336 9 2 10 12 510 1276 1879 5638 6570 6517
3337 9 2 10 12 794 1567 1770 4752 6571 6004
3338 9 2 10 12 738 1767 1571 6506 6572 6446
3339 9 2 10 12 1016 1845 1800 6079 6547 6471
3340 9 2 10 12 773 1539 1751 4485 6417 6440
3341 9 2 10 12 453 1797 1571 6359 6573 6574
3342 9 2 10 12 829 1506 1739 6575 6557 6534
3343 9 2 10 12 1142 1902 1834 6482 6576 6298
3344 9 2 10 12 772 1453 1804 6389 6577 3151
3345 9 2 10 12 802 1442 1867 5183 6566 4990
3346 9 2 10 12 735 1571 1797 6457 6573 5854
3347 9 2 10 12 1210 1710 1872 6387 6578 6426
3348 9 2 10 12 734 1514 1798 5832 5725 6247
3349 9 2 10 12 649 1899 1581 6039 6579 5445
3350 9 2 10 12 760 1814 1522 5982 6561 6346
3351 9 2 10 12 810 1640 1765 6376 6580 5768
3352 9 2 10 12 507 1923 1639 6555 6581 4825
3353 9 2 10 12 740 1796 1555 3093 6560 5395
3354 9 2 10 12 528 1506 1845 3099 6582 5556
3355 9 2 10 12 740 1717 1583 5155 6366 3732
3356 9 2 10 12 779 1770 1567 6583 6571 6584
3357 9 2 10 12 845 1581 1899 3334 6579 3005
3358 9 2 10 12 696 1869 1517 5030 6533 5954
3359 9 2 10 12 1111 1855 1669 6067 6585 5983
3360 9 2 10 12 1091 1645 1907 6282 6372 5898
3361 9 2 10 12 606 1743 1812 5138 6586 6357
3362 9 2 10 12 1147 1615 1895 6272 6531 6325
3363 9 2 10 12 725 1787 1561 6550 5971 4865
3364 9 2 10 12 722 1829 1585 5228 6569 6199
3365 9 2 10 12 322 1792 1664 6350 6294 5537
3366 9 2 10 12 545 1838 1585 5814 6587 6568
3367 9 2 10 12 447 1723 1688 5353 6588 6287
3368 9 2 10 12 624 1765 1640 6425 6580 5630
3369 9 2 10 12 777 1736 1791 6468 6564 4982
3370 9 2 10 12 547 1804 1453 6429 6577 2181
3371 9 2 10 12 779 1567 1742 6584 6492 6544
3372 9 2 10 12 577 1813 1576 4967 6558 5284
3373 9 2 10 12 803 1782 1733 6194 6465 4044
3374 9 2 10 12 587 1834 1902 5934 6576 6213
3375 9 2 10 12 779 1585 1838 6545 6587 6589
3376 9 2 10 12 758 1602 1603 2930 6562 4725
3377 9 2 10 12 792 1897 1808 5667 6590 6591
3378 9 2 10 12 829 1845 1506 6548 6582 6575
3379 9 2 10 12 554 1873 1582 6207 6498 5798
3380 9 2 10 12 789 1565 1917 4341 5679 6541
3381 9 2 10 12 586 1808 1897 4396 6590 6538
3382 9 2 10 12 570 1816 1677 5927 6592 5668
3383 9 2 10 12 535 1893 1744 6348 6593 5176
3384 9 2 10 12 880 1744 1893 4369 6593 6518
3385 9 2 10 12 746 1872 1710 6474 6578 5913
3386 9 2 10 12 759 1648 1881 6509 6532 6523
3387 9 2 10 12 705 1669 1855 6233 6585 6539
3388 9 2 10 12 778 1832 1588 6433 6341 6502
3389 9 2 10 12 689 1774 1847 6232 6594 5464
3390 9 2 10 12 964 1847 1774 4327 6594 5072
3391 9 2 10 12 453 1571 1767 6574 6572 5859
3392 9 2 10 12 1276 1900 1879 6378 6595 6570
3393 9 2 10 12 978 1812 1743 4638 6586 5142
3394 9 2 10 12 851 1677 1816 5529 6592 2064
3395 9 2 10 12 866 1639 1923 6476 6581 6524
3396 9 2 10 12 784 1660 1808 5492 6596 3548
3397 9 2 10 12 796 1878 1718 5593 6567 6135
3398 9 2 10 12 1257 1883 1821 6543 6597 6494
3399 9 2 10 12 835 1688 1723 6300 6588 4185
3400 9 2 10 12 781 1629 1900 5958 6438 6377
3401 9 2 10 12 463 1909 1739 4589 6535 6161
3402 9 2 10 12 766 1821 1883 6401 6597 6431
3403 9 2 10 12 792 1808 1660 6591 6596 3721
3404 9 2 10 12 779 1910 1770 6598 6599 6583
3405 9 2 10 12 45 1833 1918 6308 6600 5736
3406 9 2 10 12 559 1770 1910 5926 6599 2939
3407 9 2 10 12 779 1838 1910 6589 6601 6598
3408 9 2 10 12 712 1879 1900 6410 6595 6437
3409 9 2 10 12 940 1918 1833 5892 6600 3604
3410 9 2 10 12 894 1910 1838 2933 6601 6124
$EndElements
