# vtk DataFile Version 3.0
    
ASCII
DATASET UNSTRUCTURED_GRID
POINTS 1190 float
0 2 0
0 1 0
2 1 0
2 0 0
13 0 0
13 2 0
0 1.66667 0
0 1.33333 0
0 1.83333 0
0 1.5 0
0 1.16667 0
0.315287 1 0
0.609272 1 0
0.883395 1 0
1.139 1 0
1.37733 1 0
1.59956 1 0
1.80678 1 0
0.157643 1 0
0.462279 1 0
0.746333 1 0
1.0112 1 0
1.25817 1 0
1.48845 1 0
1.70317 1 0
1.90339 1 0
2 0.799782 0
2 0.569499 0
2 0.304636 0
2 0.899891 0
2 0.684641 0
2 0.437068 0
2 0.152318 0
2.34375 0 0
2.6875 0 0
3.03125 0 0
3.375 0 0
3.71875 0 0
4.0625 0 0
4.40625 0 0
4.75 0 0
5.09375 0 0
5.4375 0 0
5.78125 0 0
6.125 0 0
6.46875 0 0
6.8125 0 0
7.15625 0 0
7.5 0 0
7.84375 0 0
8.1875 0 0
8.53125 0 0
8.875 0 0
9.21875 0 0
9.5625 0 0
9.90625 0 0
10.25 0 0
10.5937 0 0
10.9375 0 0
11.2812 0 0
11.625 0 0
11.9687 0 0
12.3125 0 0
12.6562 0 0
2.17187 0 0
2.51562 0 0
2.85937 0 0
3.20312 0 0
3.54687 0 0
3.89062 0 0
4.23437 0 0
4.57812 0 0
4.92187 0 0
5.26562 0 0
5.60937 0 0
5.95312 0 0
6.29687 0 0
6.64062 0 0
6.98437 0 0
7.32812 0 0
7.67187 0 0
8.01562 0 0
8.35937 0 0
8.70312 0 0
9.04687 0 0
9.39062 0 0
9.73437 0 0
10.0781 0 0
10.4219 0 0
10.7656 0 0
11.1094 0 0
11.4531 0 0
11.7969 0 0
12.1406 0 0
12.4844 0 0
12.8281 0 0
13 0.333333 0
13 0.666667 0
13 1 0
13 1.33333 0
13 1.66667 0
13 0.166667 0
13 0.5 0
13 0.833333 0
13 1.16667 0
13 1.5 0
13 1.83333 0
12.6579 2 0
12.3158 2 0
11.9737 2 0
11.6316 2 0
11.2895 2 0
10.9474 2 0
10.6053 2 0
10.2632 2 0
9.92105 2 0
9.57895 2 0
9.23684 2 0
8.89474 2 0
8.55263 2 0
8.21053 2 0
7.86842 2 0
7.52632 2 0
7.18421 2 0
6.84211 2 0
6.5 2 0
6.15789 2 0
5.81579 2 0
5.47368 2 0
5.13158 2 0
4.78947 2 0
4.44737 2 0
4.10526 2 0
3.76316 2 0
3.42105 2 0
3.07895 2 0
2.73684 2 0
2.39474 2 0
2.05263 2 0
1.71053 2 0
1.36842 2 0
1.02632 2 0
0.684211 2 0
0.342105 2 0
12.8289 2 0
12.4868 2 0
12.1447 2 0
11.8026 2 0
11.4605 2 0
11.1184 2 0
10.7763 2 0
10.4342 2 0
10.0921 2 0
9.75 2 0
9.40789 2 0
9.06579 2 0
8.72368 2 0
8.38158 2 0
8.03947 2 0
7.69737 2 0
7.35526 2 0
7.01316 2 0
6.67105 2 0
6.32895 2 0
5.98684 2 0
5.64474 2 0
5.30263 2 0
4.96053 2 0
4.61842 2 0
4.27632 2 0
3.93421 2 0
3.59211 2 0
3.25 2 0
2.90789 2 0
2.56579 2 0
2.22368 2 0
1.88158 2 0
1.53947 2 0
1.19737 2 0
0.855263 2 0
0.513158 2 0
0.171053 2 0
2.9348 0.930146 0
3.89626 0.973981 0
11.8026 1.00042 0
10.7809 1.02506 0
9.75557 0.96693 0
8.73137 0.997182 0
7.70507 0.997513 0
6.67877 0.99783 0
5.64474 1.00266 0
4.75987 1.09256 0
2.48164 1.42652 0
1.87935 1.48877 0
3.3665 1.35383 0
2.47001 0.684641 0
1.23268 1.46902 0
12.3775 1.37501 0
12.3763 0.625276 0
6.15749 0.636228 0
7.18264 0.635986 0
8.2089 0.635885 0
11.2896 1.36856 0
10.2633 1.36871 0
9.23671 0.632021 0
9.25542 1.40132 0
10.2757 0.599919 0
8.2291 1.40145 0
11.3046 0.600233 0
7.20278 1.40157 0
6.13182 1.39806 0
5.12505 0.610738 0
3.41529 0.645163 0
4.43138 0.60438 0
0.69917 1.46228 0
4.28899 1.44037 0
5.2545 1.4308 0
11.8027 1.50376 0
10.7724 1.5423 0
9.75 1.51525 0
8.70484 0.486518 0
8.72368 1.51545 0
9.7347 0.458723 0
7.69737 1.51564 0
10.7656 0.485709 0
6.67105 1.51582 0
7.67819 0.487485 0
11.7969 0.48546 0
6.65157 0.488426 0
5.64315 0.491818 0
2.84991 0.441314 0
3.92539 0.481955 0
2.93866 1.5505 0
2.36611 1.03772 0
3.82669 1.55324 0
1.5825 1.3546 0
5.74046 1.53254 0
2.14036 1.27447 0
2.24956 1.73508 0
4.7444 1.5991 0
12.5726 0.999984 0
0.393921 1.3925 0
4.75288 0.484385 0
0.99409 1.29553 0
4.3566 1.03646 0
2.29759 0.466051 0
5.19419 1.04023 0
3.29294 0.96567 0
1.93447 1.23646 0
1.56221 1.76712 0
6.01613 0.943211 0
7.04397 0.944925 0
8.07022 0.944794 0
9.09672 0.944022 0
10.1223 1.0498 0
11.1493 1.06008 0
12.1985 1 0
12.621 1.61995 0
12.6208 0.379352 0
12.1186 0.33116 0
12.1224 1.66862 0
2.81166 1.24925 0
3.18157 0.320476 0
6.95399 0.342418 0
7.98235 0.341968 0
9.01127 0.341141 0
10.0426 0.332647 0
2.57911 1.74549 0
11.0728 0.336668 0
5.92952 0.343942 0
11.0769 1.66277 0
10.0511 1.65897 0
11.4945 1.66944 0
2.22253 0.711393 0
9.02744 1.66369 0
10.4677 1.67447 0
8.00111 1.66378 0
9.44923 1.6609 0
6.97479 1.66385 0
8.42291 1.66102 0
7.39659 1.66113 0
3.2464 1.69026 0
6.37344 1.66559 0
0.470741 1.71798 0
11.4963 0.339982 0
1.25817 1.22663 0
10.4661 0.339739 0
9.42971 0.32652 0
4.20555 0.324959 0
4.84136 0.783567 0
8.38868 0.325094 0
7.36286 0.32644 0
6.33756 0.326183 0
0.999885 1.68361 0
2.19024 0.911061 0
2.55114 0.258559 0
5.33654 0.331117 0
3.0693 0.663348 0
3.6155 0.333742 0
3.59342 1.10825 0
1.70317 1.18075 0
5.05445 1.6821 0
5.98295 1.73082 0
6.35541 0.901666 0
7.37887 0.90285 0
8.40512 0.902838 0
11.5105 1.09357 0
9.43137 0.902795 0
10.4524 1.09065 0
2.62258 0.921364 0
0.745202 1.21825 0
12.0173 0.71026 0
9.54595 1.25823 0
8.51961 1.25852 0
8.91232 0.711088 0
7.49328 1.2588 0
6.46946 1.26154 0
7.88575 0.711809 0
6.85938 0.712111 0
11.6036 0.739127 0
9.95094 0.73189 0
12.6942 1.30472 0
10.5692 0.747452 0
12.032 1.28472 0
12.6942 0.695311 0
11.0031 0.732138 0
6.90217 1.27415 0
7.92811 1.27362 0
8.95445 1.27335 0
9.93529 1.28542 0
10.9489 1.31704 0
5.45657 0.724402 0
4.09626 0.708165 0
5.83018 0.71213 0
3.74109 0.687554 0
3.58543 1.67523 0
4.08987 1.62492 0
5.873 1.22607 0
5.42026 1.67906 0
3.11045 1.18751 0
2.74979 0.685019 0
3.95317 1.29971 0
4.94803 1.36869 0
5.52786 1.30502 0
1.48845 1.17237 0
4.44548 1.69831 0
1.89362 1.71826 0
5.04329 0.291572 0
4.55528 1.31652 0
4.50921 0.282745 0
2.17211 1.09578 0
1.25827 1.75682 0
2.54017 1.16921 0
10.5789 1.34971 0
11.5684 1.36343 0
0.757253 1.75637 0
2.21871 0.205165 0
5.62559 0.233376 0
6.64217 0.220403 0
7.67228 0.21809 0
11.8035 1.78058 0
10.7763 1.78769 0
9.75003 1.78023 0
8.70289 0.217496 0
8.7239 1.78067 0
7.69758 1.78076 0
9.58983 0.669813 0
6.6715 1.78117 0
9.73437 0.212594 0
10.766 0.217645 0
3.89823 0.220027 0
11.7969 0.212304 0
4.61043 0.812599 0
8.62795 0.747213 0
0.219182 1.54499 0
7.60174 0.747928 0
6.57556 0.748621 0
1.69026 1.54186 0
12.3915 0.251189 0
0.523999 1.20638 0
12.3939 1.7501 0
2.90789 1.80675 0
0.242065 1.2462 0
2.71435 1.51791 0
3.66504 1.39805 0
2.85961 0.18902 0
1.76264 1.35083 0
3.5878 0.876123 0
2.11658 1.48217 0
5.67828 1.78874 0
6.20782 1.13999 0
7.20421 1.15646 0
8.23043 1.15624 0
9.25678 1.15594 0
11.3793 0.869766 0
8.46011 0.594088 0
7.43385 0.594988 0
6.40804 0.59559 0
3.87408 1.77068 0
10.2741 0.843941 0
2.35183 1.2407 0
2.37496 0.848497 0
12.8069 1.77588 0
12.8066 0.223809 0
11.7433 1.24918 0
3.10949 1.41553 0
0.189076 1.81078 0
2.58369 0.507117 0
1.40544 1.33956 0
12.8282 1.5 0
12.8282 0.5 0
1.45523 1.53816 0
5.5863 1.15384 0
5.36102 1.17262 0
5.41946 1.02144 0
2.24609 1.25758 0
2.2342 1.36144 0
2.12847 1.37832 0
4.12643 1.00522 0
4.15489 1.16809 0
3.92472 1.13685 0
2.29911 1.45435 0
2.41673 1.33361 0
4.61748 1.84915 0
4.59494 1.6487 0
4.76694 1.79955 0
10.8649 1.17105 0
10.7639 1.33337 0
10.6799 1.18738 0
9.6727 0.818372 0
9.77039 0.700851 0
9.85326 0.84941 0
4.59213 0.544382 0
4.68165 0.648492 0
4.5209 0.708489 0
4.79712 0.633976 0
4.72589 0.798083 0
12.8471 1.15236 0
12.6334 1.15235 0
12.7863 0.999992 0
12.6334 0.847647 0
12.8471 0.847655 0
5.32538 0.882316 0
5.55065 0.863529 0
6.05739 1.56444 0
5.86171 1.63168 0
5.93614 1.4653 0
3.99626 0.841073 0
4.22643 0.872313 0
2.3656 1.5808 0
2.18307 1.60863 0
1.11628 1.57632 0
0.996988 1.48957 0
1.11339 1.38228 0
5.80673 1.3793 0
6.00241 1.31206 0
5.09301 1.84105 0
5.23735 1.68058 0
5.27592 1.83953 0
3.7733 1.20398 0
3.80911 1.34888 0
3.62923 1.25315 0
4.80061 0.938066 0
5.01777 0.911898 0
4.97703 1.0664 0
5.15962 0.825484 0
4.9832 0.697152 0
0.84663 1.37891 0
0.849528 1.57295 0
12.288 1.1875 0
12.3855 0.999993 0
12.4751 1.1875 0
12.4745 0.81263 0
12.2874 0.812639 0
1.06654 1.14777 0
0.938742 1.14777 0
3.74484 1.04111 0
3.49525 0.166871 0
3.39854 0.327109 0
3.27829 0.160238 0
4.89942 1.6406 0
4.92196 1.84105 0
2.08605 1.04789 0
2.05329 1.16612 0
1.96723 1.11823 0
1.87063 1.11823 0
4.44642 1.84915 0
5.22434 1.23551 0
5.39118 1.36791 0
4.09757 1.81246 0
4.26768 1.66161 0
4.27537 1.84915 0
4.12108 1.37004 0
4.3228 1.23841 0
4.06547 0.403457 0
4.1509 0.516562 0
4.01082 0.59506 0
4.26382 0.656272 0
4.31846 0.464669 0
10.6757 1.446 0
10.8607 1.42967 0
12.8471 1.31902 0
12.8471 0.680989 0
9.84282 0.595307 0
9.66226 0.564268 0
2.14879 0.385343 0
2.14879 0.517775 0
2.07159 1.72667 0
2.0051 1.60022 0
1.97313 1.85913 0
2.15109 1.86754 0
2.32215 1.86754 0
0.584955 1.59013 0
0.432331 1.55524 0
0.546546 1.42739 0
4.89665 0.145786 0
4.89809 0.387979 0
4.75144 0.242192 0
10.3709 0.469829 0
10.5176 0.543595 0
10.4224 0.673685 0
10.6674 0.61658 0
10.6158 0.412724 0
2.53038 1.586 0
2.41433 1.74028 0
5.44697 1.83953 0
11.7031 0.869772 0
11.8104 0.724694 0
11.9099 0.855338 0
11.4005 0.470107 0
11.55 0.539554 0
11.4541 0.66968 0
11.7003 0.612294 0
11.6466 0.412721 0
0.45896 1.29944 0
0.611585 1.33433 0
1.99796 1.48547 0
1.88649 1.60351 0
9.59961 1.58808 0
9.49759 1.45957 0
9.64797 1.38674 0
9.40068 1.32978 0
9.35232 1.53111 0
8.5733 1.58823 0
8.47126 1.45977 0
8.62165 1.38698 0
8.37436 1.32998 0
8.326 1.53123 0
7.54698 1.58838 0
7.44493 1.45996 0
7.59533 1.38722 0
7.34803 1.33018 0
7.29968 1.53135 0
6.52224 1.5907 0
6.42145 1.46356 0
6.57026 1.38868 0
3.29843 0.482819 0
3.5154 0.489453 0
6.30064 1.3298 0
6.25263 1.53182 0
5.10126 1.39975 0
5.07111 1.20446 0
4.85395 1.23063 0
4.93897 0.547561 0
3.00205 0.796747 0
3.18112 0.814509 0
3.11387 0.947908 0
3.47596 1.51453 0
3.41591 1.68274 0
3.30645 1.52204 0
4.39399 0.82042 0
5.29081 0.66757 0
10.358 0.169869 0
10.2543 0.336193 0
10.1463 0.166324 0
11.3888 0.169991 0
11.2846 0.338325 0
11.177 0.168334 0
9.32423 0.16326 0
9.22049 0.33383 0
9.11501 0.170571 0
11.1832 1.83138 0
11.2857 1.6661 0
11.392 1.83472 0
10.1571 1.82948 0
10.2594 1.66672 0
10.3654 1.83723 0
9.13214 1.83185 0
9.23833 1.6623 0
9.34303 1.83045 0
8.10582 1.83189 0
8.21201 1.6624 0
8.31672 1.83051 0
7.0795 1.83193 0
7.18569 1.66249 0
7.2904 1.83056 0
7.25956 0.16322 0
7.15843 0.334429 0
7.05512 0.171209 0
11.9071 0.59786 0
1.19858 1.11332 0
1.12613 1.26108 0
5.23079 0.470928 0
5.39656 0.52776 0
8.28809 0.162547 0
8.18552 0.333531 0
8.08493 0.170984 0
5.54986 0.60811 0
5.48985 0.411468 0
7.02101 0.674048 0
6.90669 0.527265 0
7.06831 0.489202 0
6.80278 0.415422 0
6.75547 0.600269 0
5.99383 0.674179 0
5.87985 0.528036 0
6.04351 0.490085 0
5.78634 0.41788 0
5.73666 0.601974 0
11.0129 1.4899 0
10.9247 1.60253 0
9.84264 1.40034 0
9.9932 1.47219 0
9.90056 1.58711 0
11.1833 1.51566 0
11.1192 1.3428 0
8.83907 1.3944 0
8.99094 1.46852 0
8.87556 1.58957 0
7.81274 1.39463 0
7.96461 1.4687 0
7.84924 1.58971 0
6.78661 1.39498 0
6.93848 1.469 0
6.82292 1.58984 0
10.1572 1.51384 0
10.0993 1.32706 0
9.14143 1.53251 0
9.10493 1.33733 0
8.11511 1.53261 0
8.0786 1.33753 0
7.08878 1.53271 0
7.05247 1.33786 0
8.04733 0.673847 0
7.93405 0.526888 0
8.09563 0.488926 0
7.83027 0.414726 0
7.78197 0.599647 0
9.07451 0.671555 0
8.96179 0.526115 0
9.12399 0.486581 0
8.85805 0.413829 0
8.80858 0.598803 0
11.1539 0.666185 0
11.0379 0.534403 0
11.1887 0.468451 0
10.9192 0.411188 0
10.8844 0.608923 0
10.1133 0.665904 0
9.99678 0.532269 0
10.1591 0.466283 0
9.88866 0.395685 0
2.48692 1.87275 0
3.6783 0.510648 0
3.57819 0.666359 0
3.35412 0.805417 0
3.2423 0.654256 0
3.2017 1.07659 0
3.02263 1.05883 0
3.51577 1.37594 0
3.62524 1.53664 0
12.5359 1.33986 0
6.23128 0.163091 0
6.13354 0.335063 0
6.02726 0.171971 0
9.59347 0.934863 0
9.5106 0.786304 0
4.4703 0.443562 0
4.63105 0.383565 0
12.5353 0.660293 0
3.83324 0.584755 0
3.77045 0.407849 0
2.26006 0.588722 0
2.11127 0.640446 0
1.90691 1.36261 0
2.02552 1.35931 0
10.5157 1.22018 0
10.6166 1.05785 0
2.03741 1.25546 0
12.25 1.52181 0
12.0772 1.47667 0
12.2048 1.32986 0
12.1968 0.667768 0
12.0679 0.52071 0
12.2474 0.478218 0
5.38702 0.165559 0
5.21515 0.165559 0
11.9174 1.39424 0
11.9626 1.58619 0
0.634601 1.21232 0
0.722186 1.34027 0
3.66713 0.166871 0
2.11127 0.755588 0
11.9577 0.40831 0
5.08417 0.451155 0
6.11198 1.0416 0
6.04041 1.18303 0
5.94456 1.08464 0
4.62961 0.141372 0
9.33321 0.47927 0
2.87323 1.0897 0
2.71712 1.08531 0
2.77869 0.925755 0
7.27275 0.481213 0
11.392 1.519 0
10.3655 1.52159 0
8.29879 0.48049 0
6.16982 1.26902 0
11.0762 0.896107 0
11.1912 0.800952 0
11.2643 0.964921 0
5.33738 1.55493 0
5.15447 1.55645 0
0.306552 1.46875 0
0.230623 1.3956 0
0.317993 1.31935 0
11.3419 0.735 0
2.25815 0.335608 0
2.38492 0.231862 0
2.42436 0.362305 0
0.869646 1.25689 0
0.814298 1.10913 0
12.0481 1.83431 0
12.2191 1.83431 0
9.84543 1.12617 0
9.74062 1.27183 0
9.65076 1.11258 0
12.2155 0.16558 0
12.0437 0.16558 0
8.84291 1.13527 0
8.73703 1.26593 0
8.62549 1.12785 0
7.81659 1.13557 0
7.7107 1.26621 0
7.59918 1.12816 0
6.79047 1.13599 0
6.68582 1.26784 0
6.57412 1.12968 0
3.32972 1.15975 0
3.44318 1.03696 0
3.47996 1.23104 0
10.675 0.886256 0
10.7861 0.739795 0
10.892 0.878599 0
2.87516 1.39988 0
2.96057 1.33239 0
3.02407 1.48302 0
12.4993 1.49748 0
12.5075 1.68503 0
12.3857 1.56255 0
10.0366 0.890844 0
10.1125 0.787916 0
10.1982 0.94687 0
10.2749 0.72193 0
2.44744 0.129279 0
2.28123 0.102582 0
6.40315 0.163091 0
5.64338 0.718266 0
5.73746 0.857393 0
12.3839 0.438233 0
12.5061 0.31527 0
12.4985 0.502314 0
7.20349 1.27901 0
7.05319 1.2153 0
8.22976 1.27885 0
8.07927 1.21493 0
7.12409 1.05069 0
6.97307 1.10954 0
9.2561 1.27863 0
9.10562 1.21465 0
8.15032 1.05052 0
7.99916 1.10921 0
12.1079 0.855131 0
12.0006 1.00021 0
9.17675 1.04998 0
9.02559 1.10869 0
2.96106 1.21838 0
3.10997 1.30152 0
12.1153 1.14236 0
11.9173 1.14257 0
5.06852 0.145786 0
3.10641 0.160238 0
4.48351 0.92453 0
6.24752 0.481205 0
7.43143 0.16322 0
9.97444 0.166324 0
4.45594 1.17649 0
4.42214 1.37844 0
8.94313 0.170571 0
4.65757 1.20454 0
4.55824 1.06451 0
11.0052 0.168334 0
4.68515 0.952582 0
11.563 1.83472 0
11.0121 1.83138 0
0.121032 1.28977 0
0.109591 1.43916 0
10.5365 1.83723 0
9.98609 1.82948 0
9.51409 1.83045 0
8.96109 1.83185 0
8.48777 1.83051 0
7.93477 1.83189 0
7.46145 1.83056 0
6.90845 1.83193 0
12.2582 1.70936 0
6.26567 1.83279 0
6.43672 1.83279 0
7.91305 0.170984 0
3.59061 0.992185 0
3.74203 0.925052 0
11.5607 0.169991 0
8.45996 0.162547 0
10.5299 0.169869 0
9.4961 0.16326 0
12.255 0.291174 0
6.88325 0.171209 0
3.81868 0.830768 0
3.66445 0.781839 0
2.15623 1.18513 0
5.85539 0.171971 0
1.24542 1.34783 0
1.31775 1.11332 0
2.61932 0.129279 0
3.01574 0.380895 0
3.12544 0.491912 0
2.95961 0.552331 0
1.46532 1.88356 0
1.63637 1.88356 0
2.84229 0.807583 0
2.90955 0.674184 0
1.81882 1.2086 0
1.75498 1.09037 0
5.58036 1.6058 0
5.47406 1.49204 0
5.63416 1.41878 0
2.79985 0.563167 0
2.67592 1.20923 0
2.58138 1.04529 0
0.406423 1.85899 0
0.577476 1.85899 0
4.64984 1.45781 0
4.75166 1.34261 0
4.84621 1.4839 0
11.2194 1.21432 0
11.3299 1.07682 0
11.4001 1.23107 0
10.1928 1.20925 0
10.2873 1.07022 0
10.3578 1.22968 0
6.25645 0.768947 0
6.18577 0.922439 0
6.08681 0.78972 0
7.28075 0.769418 0
7.21142 0.923887 0
7.1133 0.790455 0
8.30701 0.769362 0
8.23767 0.923816 0
8.13956 0.79034 0
9.33404 0.767408 0
9.26405 0.923409 0
9.16671 0.788022 0
5.18992 0.311345 0
2.85476 0.315167 0
3.02059 0.254748 0
3.88993 1.42648 0
4.02152 1.46231 0
3.95828 1.58908 0
3.16267 1.84513 0
3.33373 1.84513 0
6.76908 0.85497 0
6.95167 0.828518 0
6.86137 0.971377 0
7.79541 0.854661 0
7.97798 0.828302 0
7.88764 0.971153 0
8.82184 0.854135 0
9.00452 0.827555 0
8.91404 0.970602 0
9.93892 1.00836 0
3.23848 1.27067 0
10.9651 1.04257 0
3.74587 1.47565 0
4.18943 1.53264 0
5.92315 0.827671 0
5.83043 0.972933 0
12.6576 1.46233 0
11.0491 1.18856 0
10.0288 1.16761 0
12.6575 0.537331 0
1.72792 1.74269 0
1.80207 1.85913 0
6.17819 1.6982 0
1.62624 1.65449 0
1.79194 1.63006 0
4.3059 0.162479 0
4.13402 0.162479 0
2.34627 0.698017 0
2.3838 0.575346 0
6.07042 1.86541 0
2.94543 0.0945101 0
3.50155 0.760643 0
3.44037 0.920897 0
2.44064 0.486584 0
2.52685 0.595879 0
2.65798 1.87275 0
12.5259 1.87505 0
12.6395 1.80998 0
3.09253 1.62038 0
3.07715 1.7485 0
2.92328 1.67862 0
12.6385 0.189676 0
12.5239 0.125594 0
6.41244 1.0816 0
6.51709 0.949748 0
5.89937 1.86541 0
7.43607 1.08082 0
7.54197 0.950181 0
8.46236 1.08068 0
8.56824 0.95001 0
2.64673 1.6317 0
2.81112 1.66233 0
2.7435 1.77612 0
9.48866 1.08051 0
5.77756 0.288659 0
5.70342 0.116688 0
5.75887 1.11436 0
2.09512 0.855422 0
2.09512 0.95553 0
4.50038 1.50741 0
4.36724 1.56934 0
2.20639 0.811227 0
11.9577 0.271732 0
11.8828 0.106152 0
11.8886 1.89029 0
11.963 1.7246 0
11.7969 0.348882 0
4.35738 0.303852 0
11.8031 1.64217 0
11.6566 1.04699 0
11.5571 0.916348 0
2.99342 1.90337 0
0.891784 1.87819 0
0.878569 1.71999 0
1.0131 1.84181 0
3.91868 0.69786 0
10.5108 0.919051 0
5.63437 0.362597 0
12.714 1.69792 0
12.7324 1.88794 0
12.7314 0.111904 0
12.7137 0.30158 0
0.720732 1.87819 0
0.677237 1.10913 0
2.56741 0.382838 0
6.64687 0.354414 0
6.79808 0.281411 0
1.65137 1.09037 0
6.72734 0.110202 0
1.43289 1.08618 0
1.37331 1.1995 0
7.67524 0.352787 0
7.82732 0.280029 0
7.75802 0.109045 0
0.109591 1.60583 0
2.10935 0.102582 0
2.10935 0.2549 0
3.91181 0.350991 0
4.05189 0.272493 0
3.98037 0.110013 0
8.70386 0.352007 0
8.85708 0.279319 0
8.78894 0.108748 0
2.8265 1.53421 0
9.73454 0.335659 0
9.8885 0.272621 0
9.82031 0.106297 0
2.51091 1.29786 0
2.64665 1.33788 0
2.763 1.38358 0
2.59799 1.47221 0
3.50324 1.83761 0
3.67429 1.83761 0
10.7658 0.351677 0
10.9194 0.277156 0
10.8518 0.108822 0
12.352 0.125594 0
12.3548 1.87505 0
10.8618 1.89385 0
10.9266 1.72523 0
9.83554 1.89012 0
9.90057 1.7196 0
11.649 1.72501 0
11.7175 1.89029 0
8.80932 1.89033 0
8.87567 1.72218 0
10.622 1.73108 0
10.6908 1.89385 0
10.7744 1.66499 0
7.783 1.89038 0
7.84935 1.72227 0
9.59963 1.72057 0
9.66449 1.89012 0
6.7568 1.89059 0
6.82315 1.72251 0
9.75001 1.64774 0
8.5734 1.72084 0
8.63827 1.89033 0
11.6486 1.5866 0
8.72379 1.64806 0
7.54709 1.72095 0
7.61195 1.89038 0
10.62 1.60838 0
7.69748 1.6482 0
6.52247 1.72338 0
6.58575 1.89059 0
6.67128 1.6485 0
0.613997 1.73718 0
4.45773 0.141372 0
5.74704 1.89437 0
5.83062 1.75978 0
1.34395 1.50359 0
1.35675 1.64749 0
1.24548 1.61292 0
1.31335 1.87841 0
1.41024 1.76197 0
0.419643 1.10319 0
0.383032 1.22629 0
0.278676 1.1231 0
2.82237 1.90337 0
11.6466 0.276143 0
11.7109 0.106152 0
1.78481 1.51531 0
0.566636 1.10319 0
10.616 0.278692 0
10.6799 0.108822 0
1.50872 1.65264 0
3.70606 1.61423 0
9.5822 0.392621 0
9.58204 0.269557 0
9.64844 0.106297 0
11.5315 1.51643 0
11.6856 1.4336 0
11.429 1.36599 0
10.5233 1.51209 0
10.4211 1.35921 0
6.33864 1.20076 0
6.28162 1.02083 0
7.34875 1.20763 0
7.29154 1.02965 0
1.54401 1.08618 0
8.54676 0.405806 0
8.54578 0.271295 0
8.37502 1.20738 0
8.31777 1.02954 0
8.61707 0.108748 0
9.40136 1.20709 0
9.34407 1.02937 0
9.50977 0.498166 0
9.41327 0.650917 0
1.14229 1.87841 0
1.12908 1.72022 0
7.52053 0.406962 0
7.51757 0.272265 0
7.58614 0.109045 0
0.728211 1.60932 0
11.4449 0.981668 0
11.4914 0.804447 0
0.121032 1.1231 0
6.49456 0.407304 0
6.48987 0.273293 0
6.55546 0.110202 0
5.00124 1.5254 0
2.6099 0.68483 0
2.68619 0.803192 0
2.54629 0.803002 0
5.70937 1.66064 0
10.3632 0.967295 0
10.4216 0.795697 0
3.81862 1.88534 0
3.98967 1.88534 0
1.59581 1.17656 0
11.8876 1.26695 0
11.7729 1.1248 0
3.17794 1.55289 0
1.82099 1.4198 0
1.84855 1.29364 0
0.26559 1.90539 0
0.329908 1.76438 0
2.70053 0.349937 0
2.70537 0.22379 0
8.3345 0.614987 0
8.43261 0.748463 0
11.6269 1.17137 0
3.23799 1.38468 0
7.30824 0.615487 0
7.40636 0.748919 0
0.344961 1.63149 0
6.28277 0.615909 0
6.38173 0.748628 0
5.70043 1.26554 0
2.37053 0.943107 0
2.49877 0.88493 0
2.49435 0.97954 0
5.48107 0.282246 0
5.53155 0.116688 0
3.98198 1.6978 0
2.77355 0.0945101 0
2.18118 1.00342 0
2.7168 0.474216 0
8.58247 0.540303 0
8.42439 0.459591 0
12.9033 0.111904 0
2.42248 0.766569 0
12.9035 1.88794 0
7.55602 0.541236 0
7.39835 0.460714 0
6.5298 0.542008 0
6.3728 0.460886 0
3.75687 0.276884 0
6.62716 0.873225 0
6.71747 0.730366 0
2.45314 1.10346 0
7.65341 0.87272 0
7.74375 0.729869 0
8.67966 0.872198 0
8.77013 0.729151 0
3.80849 0.110013 0
5.57598 1.89437 0
12.9035 1.72127 0
12.9033 0.278571 0
8.66639 0.616865 0
11.5395 1.2285 0
7.63997 0.617706 0
1.3318 1.28309 0
1.31906 1.40429 0
6.61356 0.618523 0
0.0945379 1.90539 0
0.204129 1.67789 0
11.6559 1.3063 0
3.72976 1.72295 0
8.51653 0.825025 0
7.49031 0.825389 0
1.53547 1.26348 0
1.64284 1.26768 0
6.46548 0.825144 0
8.54403 0.67065 0
0.0945379 1.73872 0
12.9141 1.58333 0
12.9141 1.41667 0
12.9141 0.583333 0
12.9141 0.416667 0
7.51779 0.671458 0
6.4918 0.672106 0
2.29875 0.779945 0
2.2826 0.879779 0
5.54927 1.7339 0
3.85039 1.66196 0
11.773 1.37647 0
12.7612 1.40236 0
12.7612 0.597655 0
12.7246 1.55998 0
12.7245 0.439676 0
2.66674 0.596068 0
2.26911 1.06675 0
2.27818 0.974389 0
1.44694 1.25596 0
2.446 1.20496 0
2.35897 1.13921 0
2.26197 1.16824 0
1.73291 1.26579 0
12.8174 0.361904 0
12.8175 1.63794 0
1.72645 1.44635 0
1.67257 1.35272 0
1.63638 1.44823 0
1.57274 1.54001 0
1.51886 1.44638 0
1.43033 1.43886 0
1.49397 1.34708 0
CELLS 549 3843
6 190 343 246 412 413 414
6 237 400 388 415 416 417
6 183 244 341 418 419 420
6 192 388 400 421 416 422
6 130 345 239 423 424 425
6 185 330 353 426 427 428
6 186 366 320 429 430 431
6 213 242 372 432 433 434
6 242 289 372 435 436 433
6 98 321 240 437 438 439
6 98 240 324 439 440 441
6 190 246 331 414 442 443
6 210 302 236 444 445 446
6 183 332 244 447 448 418
6 192 238 388 449 450 421
6 196 293 243 451 452 453
6 210 236 337 446 454 455
6 129 301 338 456 457 458
6 299 341 384 459 460 461
6 191 289 246 462 463 464
6 211 246 289 465 463 466
6 214 243 293 467 452 468
6 197 256 240 469 470 471
6 198 240 256 472 470 473
6 13 14 243 21 474 475
6 183 341 299 420 459 476
6 36 298 262 477 478 479
6 130 239 301 425 480 481
6 2 350 248 482 483 484
6 2 248 17 484 485 25
6 130 131 345 168 486 423
6 216 246 343 487 413 488
6 132 336 345 489 490 491
6 215 341 244 492 419 493
6 231 288 332 494 495 496
6 213 332 288 497 495 498
6 131 132 345 169 491 486
6 218 353 330 499 427 500
6 98 99 321 104 501 437
6 97 98 324 103 441 502
6 222 320 366 503 430 504
6 27 28 245 31 505 506
6 238 346 388 507 508 450
6 138 346 238 509 507 510
6 137 138 238 175 510 511
6 214 283 241 512 513 514
6 40 347 242 515 516 517
6 206 286 322 518 519 520
6 224 322 286 521 519 522
6 192 267 238 523 524 449
6 128 129 338 166 458 525
6 184 319 311 526 527 528
6 208 284 319 529 530 531
6 227 319 284 532 530 533
6 214 241 379 514 534 535
6 193 388 346 536 508 537
6 219 277 312 538 539 540
6 205 312 277 541 539 542
6 221 279 313 543 544 545
6 207 313 279 546 544 547
6 223 280 315 548 549 550
6 209 315 280 551 549 552
6 225 282 316 553 554 555
6 212 262 298 556 478 557
6 210 316 282 558 554 559
6 216 342 246 560 561 487
6 191 246 342 464 561 562
6 211 289 242 466 435 563
6 182 297 247 564 565 566
6 194 335 281 567 568 569
6 213 244 332 570 448 497
6 211 331 246 571 442 465
6 56 286 266 572 573 574
6 59 284 268 575 576 577
6 53 287 265 578 579 580
6 111 270 272 581 582 583
6 114 271 275 584 585 586
6 117 274 277 587 588 589
6 120 276 279 590 591 592
6 123 278 280 593 594 595
6 47 291 263 596 597 598
6 227 311 319 599 527 532
6 14 285 243 600 601 474
6 211 296 331 602 603 571
6 50 290 264 604 605 606
6 229 331 296 607 603 608
6 200 318 263 609 610 611
6 228 263 318 612 610 613
6 199 333 269 614 615 616
6 229 269 333 617 615 618
6 218 330 270 500 619 620
6 219 329 271 621 622 623
6 202 270 330 624 619 625
6 221 328 274 626 627 628
6 223 327 276 629 630 631
6 225 326 278 632 633 634
6 203 271 329 635 622 636
6 205 274 328 637 627 638
6 207 276 327 639 630 640
6 209 278 326 641 633 642
6 201 317 264 643 644 645
6 226 264 317 646 644 647
6 204 314 265 648 649 650
6 220 265 314 651 649 652
6 208 325 268 653 654 655
6 224 268 325 656 654 657
6 206 320 266 658 659 660
6 222 266 320 661 659 503
6 137 238 267 511 524 662
6 212 298 334 557 663 664
6 212 247 297 665 565 666
6 182 247 339 566 667 668
6 194 384 335 669 670 567
6 197 240 321 471 438 671
6 44 292 269 672 673 674
6 186 307 366 675 676 429
6 213 349 242 677 678 432
6 198 324 240 679 440 472
6 231 334 298 680 663 681
6 27 245 273 506 682 683
6 193 248 388 684 685 536
6 185 353 308 428 686 687
6 237 388 248 417 685 688
6 197 260 323 689 690 691
6 198 311 259 692 693 694
6 41 42 296 73 695 696
6 217 323 260 697 690 698
6 214 379 310 535 699 700
6 36 37 298 68 701 477
6 26 27 273 30 683 702
6 227 259 311 703 693 599
6 211 242 347 563 516 704
6 250 390 337 705 706 707
6 40 242 349 517 678 708
6 206 266 286 660 573 518
6 208 268 284 655 576 529
6 204 265 287 650 579 709
6 182 261 309 710 711 712
6 200 263 291 611 597 713
6 202 272 270 714 582 624
6 203 275 271 715 585 635
6 205 277 274 542 588 637
6 207 279 276 547 591 639
6 209 280 278 552 594 641
6 201 264 290 645 605 716
6 390 210 337 717 455 706
6 255 325 394 718 719 720
6 216 338 301 721 457 722
6 241 374 382 723 724 725
6 394 325 208 719 653 726
6 245 356 295 727 728 729
6 13 243 310 475 730 731
6 108 109 260 146 732 733
6 186 329 312 734 735 736
6 61 62 259 93 737 738
6 187 328 313 739 740 741
6 188 327 315 742 743 744
6 189 326 316 745 746 747
6 194 247 299 748 749 750
6 185 322 325 751 752 753
6 129 130 301 167 481 456
6 232 261 405 754 755 756
6 197 257 380 757 758 759
6 254 320 399 760 761 762
6 399 320 206 761 658 763
6 33 295 356 764 728 765
6 219 312 329 540 735 621
6 221 313 328 545 740 626
6 223 315 327 550 743 629
6 225 316 326 555 746 632
6 44 45 292 76 766 672
6 190 331 333 443 767 768
6 198 378 258 769 770 771
6 391 209 326 772 642 773
6 224 325 322 657 752 521
6 392 207 327 774 640 775
6 251 391 326 776 773 777
6 393 205 328 778 638 779
6 252 392 327 780 775 781
6 184 311 256 528 782 783
6 253 393 328 784 779 785
6 261 339 405 786 787 755
6 184 256 323 783 788 789
6 40 41 347 72 790 515
6 35 36 262 67 479 791
6 213 372 244 434 792 570
6 199 269 292 616 673 793
6 182 339 261 668 786 710
6 47 48 291 79 794 596
6 55 56 266 87 574 795
6 215 244 348 493 796 797
6 52 53 265 84 580 798
6 191 348 244 799 796 800
6 58 59 268 90 577 801
6 191 244 372 800 792 802
6 110 111 272 148 583 803
6 111 112 270 149 804 581
6 7 382 374 805 724 806
6 113 114 275 151 586 807
6 114 115 271 152 808 584
6 116 117 277 154 589 809
6 117 118 274 155 810 587
6 119 120 279 157 592 811
6 120 121 276 158 812 590
6 122 123 280 160 595 813
6 123 124 278 161 814 593
6 197 380 260 759 815 689
6 125 126 282 163 816 817
6 49 50 264 81 606 818
6 183 299 387 476 819 820
6 59 60 284 91 821 575
6 50 51 290 82 822 604
6 56 57 286 88 823 572
6 53 54 287 85 824 578
6 198 259 378 694 825 769
6 46 47 263 78 598 826
6 334 183 387 827 820 828
6 237 248 350 688 483 829
6 43 44 269 75 674 830
6 196 243 285 453 601 831
6 229 333 331 618 767 607
6 14 15 285 22 832 600
6 33 34 295 65 833 764
6 230 262 297 834 835 836
6 139 140 249 177 837 838
6 182 340 297 839 840 564
6 17 248 300 485 841 842
6 236 338 343 843 844 845
6 230 297 340 836 840 846
6 216 343 338 488 844 721
6 261 352 309 847 848 711
6 142 143 283 180 849 850
6 239 348 342 851 852 853
6 202 255 306 854 855 856
6 203 254 308 857 858 859
6 199 303 250 860 861 862
6 191 342 348 562 852 799
6 200 304 251 863 864 865
6 201 305 252 866 867 868
6 204 307 253 869 870 871
6 41 296 347 696 872 790
6 230 385 262 873 874 834
6 234 341 336 875 876 877
6 134 135 281 172 878 879
6 189 318 251 880 881 882
6 188 317 252 883 884 885
6 187 314 253 886 887 888
6 186 320 254 431 760 889
6 194 339 247 890 667 748
6 185 325 255 753 718 891
6 212 297 262 666 835 556
6 234 384 341 892 460 875
6 215 336 341 893 876 492
6 190 333 250 768 894 895
6 197 321 257 671 896 757
6 185 255 330 891 897 426
6 186 254 329 889 898 734
6 187 253 328 888 785 739
6 188 252 327 885 781 742
6 189 251 326 882 777 745
6 214 310 243 700 730 467
6 198 258 324 771 899 679
6 198 256 311 473 782 692
6 139 249 346 838 900 901
6 204 253 314 871 887 648
6 201 252 317 868 884 643
6 200 251 318 865 881 609
6 197 323 256 691 788 469
6 210 282 302 559 902 444
6 249 377 346 903 904 900
6 38 39 288 70 905 906
6 195 273 245 907 682 908
6 126 302 282 909 902 816
6 203 329 254 636 898 857
6 202 330 255 625 897 854
6 35 262 385 791 874 910
6 199 250 333 862 894 614
6 212 387 247 911 912 665
6 195 245 407 908 913 914
6 136 137 267 174 662 915
6 107 380 257 916 758 917
6 232 281 381 918 919 920
6 63 258 378 921 770 922
6 189 316 303 747 923 924
6 126 127 302 164 925 909
6 188 315 304 744 926 927
6 187 313 305 741 928 929
6 267 383 381 930 931 932
6 186 312 307 736 933 675
6 43 269 357 830 934 935
6 190 250 337 895 707 936
6 2 26 294 29 937 938
6 239 345 348 424 939 851
6 215 348 345 797 939 940
6 26 273 294 702 941 937
6 61 259 371 738 942 943
6 109 360 260 944 945 732
6 227 371 259 946 942 703
6 213 288 349 498 947 677
6 217 260 360 698 945 948
6 184 306 319 949 950 526
6 135 381 281 951 919 878
6 141 355 293 952 953 954
6 231 332 334 496 955 680
6 185 308 322 687 956 751
6 183 334 332 827 955 447
6 229 357 269 957 934 617
6 107 257 402 917 958 959
6 63 403 258 960 961 921
6 141 142 355 179 962 952
6 12 13 310 20 731 963
6 245 295 407 729 964 913
6 228 358 263 965 966 612
6 16 17 300 24 842 967
6 46 263 358 826 966 968
6 15 344 285 969 970 832
6 226 359 264 971 972 646
6 49 264 359 818 972 973
6 6 7 374 9 806 974
6 3 356 28 975 976 32
6 231 370 288 977 978 494
6 38 288 370 906 978 979
6 220 363 265 980 981 651
6 52 265 363 798 981 982
6 232 381 383 920 931 983
6 222 368 266 984 985 661
6 55 266 368 795 985 986
6 192 352 261 987 847 988
6 192 261 383 988 989 990
6 133 134 335 171 991 992
6 224 369 268 993 994 656
6 58 268 369 801 994 995
6 134 281 335 879 568 991
6 211 347 296 704 872 602
6 62 63 378 94 922 996
6 191 372 289 802 436 462
6 107 108 380 145 997 916
6 112 361 270 998 999 804
6 115 362 271 1000 1001 808
6 110 272 360 803 1002 1003
6 118 364 274 1004 1005 810
6 113 275 361 807 1006 1007
6 218 270 361 620 999 1008
6 121 365 276 1009 1010 812
6 116 277 362 809 1011 1012
6 124 367 278 1013 1014 814
6 219 271 362 623 1001 1015
6 119 279 364 811 1016 1017
6 217 360 272 948 1002 1018
6 221 274 364 628 1005 1019
6 122 280 365 813 1020 1021
6 218 361 275 1008 1006 1022
6 223 276 365 631 1010 1023
6 125 282 367 817 1024 1025
6 219 362 277 1015 1011 538
6 225 278 367 634 1014 1026
6 221 364 279 1019 1016 543
6 223 365 280 1023 1020 548
6 225 367 282 1026 1024 553
6 142 283 355 850 1027 962
6 39 40 349 71 708 1028
6 127 389 302 1029 1030 925
6 196 411 351 1031 1032 1033
6 140 351 249 1034 1035 837
6 11 379 382 1036 1037 1038
6 215 345 336 940 490 893
6 136 267 381 915 932 1039
6 28 356 245 976 727 505
6 227 284 371 533 1040 946
6 60 371 284 1041 1040 821
6 193 346 377 537 904 1042
6 3 33 356 64 765 975
6 11 12 379 19 1043 1036
6 224 286 369 522 1044 993
6 57 369 286 1045 1044 823
6 249 351 411 1035 1032 1046
6 234 335 384 1047 670 892
6 222 287 368 1048 1049 984
6 108 260 380 733 815 997
6 54 368 287 1050 1049 824
6 62 378 259 996 825 737
6 217 272 354 1018 1051 1052
6 202 354 272 1053 1051 714
6 218 275 353 1022 1054 499
6 203 353 275 1055 1054 715
6 303 316 390 923 1056 1057
6 232 383 261 983 989 754
6 304 315 391 926 1058 1059
6 15 16 344 23 1060 969
6 220 290 363 1061 1062 980
6 305 313 392 928 1063 1064
6 51 363 290 1065 1062 822
6 307 312 393 933 1066 1067
6 204 287 366 709 1068 1069
6 222 366 287 504 1068 1048
6 140 141 351 178 1070 1034
6 141 293 351 954 1071 1070
6 226 291 359 1072 1073 971
6 48 359 291 1074 1073 794
6 214 355 283 1075 1027 512
6 306 394 319 1076 1077 950
6 1 11 382 18 1038 1078
6 228 292 358 1079 1080 965
6 45 358 292 1081 1080 766
6 239 342 301 853 1082 480
6 216 301 342 722 1082 560
6 195 340 309 1083 1084 1085
6 196 351 293 1033 1071 451
6 236 302 389 445 1030 1086
6 308 399 322 1087 1088 956
6 132 133 398 170 1089 1090
6 39 349 288 1028 947 905
6 16 300 344 967 1091 1060
6 184 323 404 789 1092 1093
6 1 382 7 1078 805 10
6 192 383 267 990 930 523
6 232 405 281 756 1094 918
6 193 386 248 1095 1096 684
6 143 406 283 1097 1098 849
6 230 295 385 1099 1100 873
6 138 139 346 176 901 509
6 201 395 305 1101 1102 866
6 184 404 306 1093 1103 949
6 194 281 405 569 1094 1104
6 200 396 304 1105 1106 863
6 241 283 374 513 1107 723
6 199 397 303 1108 1109 860
6 214 293 355 468 953 1075
6 236 343 337 845 1110 454
6 233 401 309 1111 1112 1113
6 229 296 357 608 1114 957
6 42 357 296 1115 1114 695
6 190 337 343 936 1110 412
6 132 398 336 1090 1116 489
6 34 385 295 1117 1100 833
6 2 294 350 938 1118 482
6 230 407 295 1119 964 1099
6 182 309 340 712 1084 839
6 220 395 290 1120 1121 1061
6 241 382 379 725 1037 534
6 4 403 63 1122 960 95
6 201 290 395 716 1121 1101
6 195 309 401 1085 1112 1123
6 5 107 402 144 959 1124
6 226 396 291 1125 1126 1072
6 200 291 396 713 1126 1105
6 228 397 292 1127 1128 1079
6 231 298 370 681 1129 977
6 199 292 397 793 1128 1108
6 189 376 318 1130 1131 880
6 233 309 352 1113 848 1132
6 188 375 317 1133 1134 883
6 42 43 357 74 935 1115
6 187 373 314 1135 1136 886
6 37 370 298 1137 1129 701
6 127 128 389 165 1138 1029
6 5 402 100 1124 1139 106
6 45 46 358 77 968 1081
6 4 96 403 101 1140 1122
6 48 49 359 80 973 1074
6 109 110 360 147 1003 944
6 112 113 361 150 1007 998
6 51 52 363 83 982 1065
6 115 116 362 153 1012 1000
6 118 119 364 156 1017 1004
6 121 122 365 159 1021 1009
6 37 38 370 69 979 1137
6 54 55 368 86 986 1050
6 124 125 367 162 1025 1013
6 57 58 369 89 995 1045
6 60 61 371 92 943 1041
6 220 314 373 652 1136 1141
6 135 136 381 173 1039 951
6 202 306 354 856 1142 1053
6 203 308 353 859 686 1055
6 226 317 375 647 1134 1143
6 196 285 408 831 1144 1145
6 228 318 376 613 1131 1146
6 0 406 143 1147 1097 181
6 34 35 385 66 910 1117
6 283 406 374 1098 1148 1107
6 204 366 307 1069 676 869
6 306 404 354 1103 1149 1142
6 133 335 398 992 1150 1089
6 187 305 373 929 1151 1135
6 188 304 375 927 1152 1133
6 235 344 300 1153 1091 1154
6 189 303 376 924 1155 1130
6 247 387 299 912 819 749
6 194 299 384 750 461 669
6 305 395 373 1102 1156 1151
6 0 6 406 8 1157 1147
6 99 100 409 105 1158 1159
6 96 97 410 102 1160 1161
6 304 396 375 1106 1162 1152
6 303 397 376 1109 1163 1155
6 195 401 273 1123 1164 907
6 273 401 294 1164 1165 941
6 250 303 390 861 1057 705
6 251 304 391 864 1059 776
6 252 305 392 867 1064 780
6 12 310 379 963 699 1043
6 253 307 393 870 1067 784
6 254 399 308 762 1087 858
6 255 394 306 720 1076 855
6 212 334 387 664 828 911
6 128 338 389 525 1166 1138
6 234 398 335 1167 1150 1047
6 217 404 323 1168 1092 697
6 205 393 312 778 1066 541
6 207 392 313 774 1063 546
6 209 391 315 772 1058 551
6 210 390 316 717 1056 558
6 208 319 394 531 1077 726
6 99 409 321 1159 1169 501
6 206 322 399 520 1088 763
6 97 324 410 502 1170 1160
6 257 321 409 896 1169 1171
6 258 410 324 1172 1170 899
6 230 340 407 846 1173 1119
6 233 350 294 1174 1118 1175
6 234 336 398 877 1116 1167
6 285 344 408 970 1176 1144
6 236 389 338 1086 1166 843
6 195 407 340 914 1173 1083
6 233 352 400 1132 1177 1178
6 233 400 350 1178 1179 1174
6 248 386 300 1096 1180 841
6 194 405 339 1104 787 890
6 96 410 403 1161 1181 1140
6 100 402 409 1139 1182 1158
6 237 350 400 829 1179 415
6 257 409 402 1171 1182 958
6 233 294 401 1175 1165 1111
6 258 403 410 961 1181 1172
6 193 377 386 1042 1183 1095
6 235 300 386 1154 1180 1184
6 217 354 404 1052 1149 1168
6 192 400 352 422 1177 987
6 235 377 411 1185 1186 1187
6 220 373 395 1141 1156 1120
6 226 375 396 1143 1162 1125
6 235 386 377 1184 1183 1185
6 228 376 397 1146 1163 1127
6 196 408 411 1145 1188 1031
6 235 408 344 1189 1176 1153
6 6 374 406 974 1148 1157
6 249 411 377 1046 1186 903
6 235 411 408 1187 1188 1189
CELL_TYPES 549
22
22
22
22
22
22
22
22
22
22
22
22
22
22
22
22
22
22
22
22
22
22
22
22
22
22
22
22
22
22
22
22
22
22
22
22
22
22
22
22
22
22
22
22
22
22
22
22
22
22
22
22
22
22
22
22
22
22
22
22
22
22
22
22
22
22
22
22
22
22
22
22
22
22
22
22
22
22
22
22
22
22
22
22
22
22
22
22
22
22
22
22
22
22
22
22
22
22
22
22
22
22
22
22
22
22
22
22
22
22
22
22
22
22
22
22
22
22
22
22
22
22
22
22
22
22
22
22
22
22
22
22
22
22
22
22
22
22
22
22
22
22
22
22
22
22
22
22
22
22
22
22
22
22
22
22
22
22
22
22
22
22
22
22
22
22
22
22
22
22
22
22
22
22
22
22
22
22
22
22
22
22
22
22
22
22
22
22
22
22
22
22
22
22
22
22
22
22
22
22
22
22
22
22
22
22
22
22
22
22
22
22
22
22
22
22
22
22
22
22
22
22
22
22
22
22
22
22
22
22
22
22
22
22
22
22
22
22
22
22
22
22
22
22
22
22
22
22
22
22
22
22
22
22
22
22
22
22
22
22
22
22
22
22
22
22
22
22
22
22
22
22
22
22
22
22
22
22
22
22
22
22
22
22
22
22
22
22
22
22
22
22
22
22
22
22
22
22
22
22
22
22
22
22
22
22
22
22
22
22
22
22
22
22
22
22
22
22
22
22
22
22
22
22
22
22
22
22
22
22
22
22
22
22
22
22
22
22
22
22
22
22
22
22
22
22
22
22
22
22
22
22
22
22
22
22
22
22
22
22
22
22
22
22
22
22
22
22
22
22
22
22
22
22
22
22
22
22
22
22
22
22
22
22
22
22
22
22
22
22
22
22
22
22
22
22
22
22
22
22
22
22
22
22
22
22
22
22
22
22
22
22
22
22
22
22
22
22
22
22
22
22
22
22
22
22
22
22
22
22
22
22
22
22
22
22
22
22
22
22
22
22
22
22
22
22
22
22
22
22
22
22
22
22
22
22
22
22
22
22
22
22
22
22
22
22
22
22
22
22
22
22
22
22
22
22
22
22
22
22
22
22
22
22
22
22
22
22
22
22
22
22
22
22
22
22
22
22
22
22
22
22
22
22
22
22
22
22
22
22
22
22
22
22
22
22
22
22
22
22
22
22
22
22
22
22
22
22
22
22
22
22
22
22
22
22
22
22
22
22
22
22
22
22
22
22
22
22
22
POINT_DATA 1190
VECTORS velocity double
-0.000001876357889 0.000000854006819 0.000000000000000
0.000001993929399 -0.000002431668006 0.000000000000000
0.000012044703494 -0.000006022338177 0.000000000000000
0.000000270638361 -0.000002072074130 0.000000000000000
0.000000335780845 0.000000253958278 0.000000000000000
0.000001463697479 -0.000000074763072 0.000000000000000
0.888887943170464 0.000000083740393 0.000000000000000
0.888888214351684 -0.000000519620042 0.000000000000000
0.555543197050312 -0.000000517874196 0.000000000000000
0.999988365140383 0.000000086117906 0.000000000000000
0.555541793082231 0.000001052702869 0.000000000000000
0.000001382644170 -0.000000338827028 0.000000000000000
0.000001421327315 0.000000307574566 0.000000000000000
0.000001642088583 0.000001166052812 0.000000000000000
0.000001412678721 0.000001397632325 0.000000000000000
0.000001156213799 0.000000956717903 0.000000000000000
0.000001605293365 -0.000000682648515 0.000000000000000
0.000002413962800 -0.000003248548275 0.000000000000000
0.000006475290316 -0.000009901246560 0.000000000000000
0.000006482705697 -0.000005617820955 0.000000000000000
0.000006305790446 -0.000000757091121 0.000000000000000
0.000005676253226 0.000003325270113 0.000000000000000
0.000004427817170 0.000005504082107 0.000000000000000
0.000002664366003 0.000004058764804 0.000000000000000
0.000003151013241 0.000000216226187 0.000000000000000
0.000010886511058 -0.000001624027515 0.000000000000000
0.000000348117864 -0.000000888367627 0.000000000000000
-0.000002028267168 -0.000000269466722 0.000000000000000
-0.000001810879540 -0.000000615831167 0.000000000000000
-0.000001444481388 0.000001939025711 0.000000000000000
-0.000007058638781 0.000002670358483 0.000000000000000
-0.000010573325880 0.000001516586018 0.000000000000000
-0.000012040632843 0.000000775249846 0.000000000000000
-0.000000055724434 -0.000001588644832 0.000000000000000
0.000000082029420 -0.000002184085358 0.000000000000000
0.000000435455176 -0.000002606539337 0.000000000000000
0.000000731734641 -0.000002743588184 0.000000000000000
0.000000750586598 -0.000002681067003 0.000000000000000
0.000000761440579 -0.000002575261486 0.000000000000000
0.000000824899950 -0.000002451197121 0.000000000000000
0.000000787569996 -0.000002339963723 0.000000000000000
0.000000571425147 -0.000002183767994 0.000000000000000
0.000000587533891 -0.000002048141572 0.000000000000000
0.000000670274443 -0.000001956051051 0.000000000000000
0.000000719952427 -0.000001860143225 0.000000000000000
0.000000631684409 -0.000001735993890 0.000000000000000
0.000000697206985 -0.000001655809999 0.000000000000000
0.000000731059252 -0.000001553114564 0.000000000000000
0.000000635254303 -0.000001431638360 0.000000000000000
0.000000698984793 -0.000001362005276 0.000000000000000
0.000000736835041 -0.000001259957870 0.000000000000000
0.000000642554667 -0.000001142033973 0.000000000000000
0.000000702032225 -0.000001072383075 0.000000000000000
0.000000735975973 -0.000000970577153 0.000000000000000
0.000000630415412 -0.000000852126567 0.000000000000000
0.000000695922521 -0.000000786518328 0.000000000000000
0.000000735032415 -0.000000676465569 0.000000000000000
0.000000628566573 -0.000000563951802 0.000000000000000
0.000000697642744 -0.000000495152482 0.000000000000000
0.000000737707732 -0.000000390209904 0.000000000000000
0.000000627314604 -0.000000274648275 0.000000000000000
0.000000682355919 -0.000000195083647 0.000000000000000
0.000000676488105 -0.000000081375507 0.000000000000000
0.000000561755332 0.000000032561518 0.000000000000000
-0.000000204696842 -0.000011254138991 0.000000000000000
-0.000000980197097 -0.000012325293879 0.000000000000000
-0.000000803400645 -0.000014767820682 0.000000000000000
-0.000000352075363 -0.000016849795093 0.000000000000000
0.000000316039635 -0.000018148334739 0.000000000000000
0.000000931230605 -0.000018538951502 0.000000000000000
0.000001184019983 -0.000018513173318 0.000000000000000
0.000001437184807 -0.000018055608580 0.000000000000000
0.000001791035988 -0.000017429757624 0.000000000000000
0.000001843264902 -0.000016648445473 0.000000000000000
0.000001801905154 -0.000015821499302 0.000000000000000
0.000001750222957 -0.000015094008140 0.000000000000000
0.000001842657725 -0.000014289380755 0.000000000000000
0.000001789882489 -0.000013500275311 0.000000000000000
0.000001758693585 -0.000012800072643 0.000000000000000
0.000001843198817 -0.000012004810422 0.000000000000000
0.000001779208064 -0.000011242150889 0.000000000000000
0.000001748430868 -0.000010581524727 0.000000000000000
0.000001829163957 -0.000009808182901 0.000000000000000
0.000001772304967 -0.000009064761964 0.000000000000000
0.000001744562356 -0.000008415168204 0.000000000000000
0.000001837784048 -0.000007650068388 0.000000000000000
0.000001774833370 -0.000006909225307 0.000000000000000
0.000001755271310 -0.000006264196763 0.000000000000000
0.000001838244688 -0.000005489632260 0.000000000000000
0.000001779590452 -0.000004759210373 0.000000000000000
0.000001747719911 -0.000004110430665 0.000000000000000
0.000001839328577 -0.000003346660755 0.000000000000000
0.000001791826235 -0.000002599480495 0.000000000000000
0.000001781469297 -0.000001930105170 0.000000000000000
0.000001795558112 -0.000001174570886 0.000000000000000
0.000001925604749 -0.000000503792047 0.000000000000000
0.325563581581219 0.002634500327773 0.000000000000000
0.426819195471686 0.001190399516934 0.000000000000000
0.439176185159253 0.000229257986471 0.000000000000000
0.426678139666904 -0.000884373082339 0.000000000000000
0.326741094016216 -0.000802366579539 0.000000000000000
0.180666035908747 0.001839215725085 0.000000000000000
0.393178285107117 0.001934913752115 0.000000000000000
0.436231898273706 0.000656901957899 0.000000000000000
0.437238979070520 -0.000214244834231 0.000000000000000
0.397335191111017 -0.000864888580349 0.000000000000000
0.182035193437732 -0.000914360324359 0.000000000000000
0.000000752621102 0.000000152058959 0.000000000000000
0.000000530474392 0.000000310721589 0.000000000000000
0.000000549301472 0.000000380256189 0.000000000000000
0.000000634492592 0.000000513199116 0.000000000000000
0.000000648682485 0.000000607800425 0.000000000000000
0.000000550322099 0.000000677697530 0.000000000000000
0.000000631703125 0.000000794607256 0.000000000000000
0.000000651762042 0.000000892674855 0.000000000000000
0.000000555887492 0.000000966222643 0.000000000000000
0.000000639300944 0.000001088296328 0.000000000000000
0.000000657183078 0.000001181740090 0.000000000000000
0.000000558565861 0.000001257878953 0.000000000000000
0.000000639883755 0.000001382220544 0.000000000000000
0.000000656083434 0.000001480400725 0.000000000000000
0.000000559139733 0.000001560066738 0.000000000000000
0.000000639365177 0.000001694217722 0.000000000000000
0.000000656526049 0.000001797637576 0.000000000000000
0.000000557724342 0.000001893775078 0.000000000000000
0.000000646798866 0.000002030395978 0.000000000000000
0.000000660181328 0.000002128839887 0.000000000000000
0.000000621653281 0.000002229416179 0.000000000000000
0.000000752541324 0.000002353369078 0.000000000000000
0.000000835173668 0.000002478087216 0.000000000000000
0.000000777707475 0.000002450798200 0.000000000000000
0.000000559567832 0.000002626545686 0.000000000000000
0.000000895917091 0.000002387593393 0.000000000000000
0.000000624903882 0.000002582372272 0.000000000000000
0.000000746036797 0.000002247163078 0.000000000000000
0.000000409519474 0.000001967974878 0.000000000000000
0.000000611711328 0.000001761392402 0.000000000000000
0.000000425490241 0.000001089235184 0.000000000000000
0.000000733657449 0.000000843878730 0.000000000000000
0.000001056478963 -0.000000865633705 0.000000000000000
0.000001930302223 -0.000002425506796 0.000000000000000
0.000002166750073 -0.000001456996950 0.000000000000000
0.000000996571874 0.000000882984145 0.000000000000000
0.000000100944511 0.000001447322736 0.000000000000000
0.000001653261947 0.000000379959821 0.000000000000000
0.000001919727312 0.000001056167671 0.000000000000000
0.000001868013782 0.000001783184422 0.000000000000000
0.000001821118942 0.000002470894486 0.000000000000000
0.000001806932280 0.000003249674322 0.000000000000000
0.000001857841812 0.000003960657397 0.000000000000000
0.000001803006126 0.000004633289679 0.000000000000000
0.000001803657478 0.000005381531650 0.000000000000000
0.000001858094189 0.000006096291369 0.000000000000000
0.000001813325482 0.000006781253498 0.000000000000000
0.000001799544533 0.000007537631469 0.000000000000000
0.000001860671038 0.000008251525664 0.000000000000000
0.000001819317052 0.000008946382390 0.000000000000000
0.000001811335071 0.000009720467902 0.000000000000000
0.000001877161893 0.000010457574471 0.000000000000000
0.000001842829674 0.000011190950140 0.000000000000000
0.000001845495315 0.000012005821984 0.000000000000000
0.000001926326743 0.000012811355680 0.000000000000000
0.000001890022964 0.000013595423732 0.000000000000000
0.000001889610283 0.000014467571543 0.000000000000000
0.000001925838594 0.000015270423555 0.000000000000000
0.000001875634286 0.000016061267875 0.000000000000000
0.000001853725909 0.000016868273724 0.000000000000000
0.000001804505086 0.000017558370152 0.000000000000000
0.000002134136882 0.000018077097285 0.000000000000000
0.000001524941239 0.000018294819919 0.000000000000000
0.000001758135763 0.000018241728563 0.000000000000000
0.000001377638144 0.000017702433412 0.000000000000000
0.000001232095122 0.000017027309634 0.000000000000000
0.000000919366241 0.000014849882129 0.000000000000000
0.000000423871381 0.000013125287332 0.000000000000000
0.000000394569624 0.000009555730281 0.000000000000000
-0.000000128883573 0.000005710158178 0.000000000000000
0.000001116615031 -0.000001350340246 0.000000000000000
0.000004744940560 -0.000005945413525 0.000000000000000
0.000007355996238 -0.000002471261937 0.000000000000000
0.000007321115712 0.000004097480954 0.000000000000000
0.000007478183256 0.000010129541222 0.000000000000000
0.583486772422922 -0.128658727551146 0.000000000000000
0.497426447529007 -0.047075973760982 0.000000000000000
0.436840314470979 0.000315001043957 0.000000000000000
0.437906731922509 -0.000023201240369 0.000000000000000
0.437454832586152 -0.000029183380008 0.000000000000000
0.437342666886553 -0.000251689841205 0.000000000000000
0.436025322649541 -0.001377901383757 0.000000000000000
0.432997387879032 -0.005587359128775 0.000000000000000
0.433320759639043 -0.015410523718520 0.000000000000000
0.467492704087749 -0.025628648876614 0.000000000000000
0.754518300674371 -0.078608664492129 0.000000000000000
1.092853270199283 -0.299596303855420 0.000000000000000
0.586478534813754 -0.013994435017661 0.000000000000000
0.147009507621239 -0.086899286463167 0.000000000000000
1.036604860708043 -0.012985574657973 0.000000000000000
0.419846430534297 0.000439394610816 0.000000000000000
0.418330444546115 0.001926883683494 0.000000000000000
0.406685585790170 -0.005322700735243 0.000000000000000
0.417236457788489 -0.001095963595651 0.000000000000000
0.420320024064100 -0.000026538864841 0.000000000000000
0.420244123476457 -0.000211829477803 0.000000000000000
0.420427839056082 -0.000266402202218 0.000000000000000
0.420373220733105 0.000234279165553 0.000000000000000
0.415495206801615 -0.000445509495351 0.000000000000000
0.415523962817743 0.000301619303588 0.000000000000000
0.415960882206034 -0.000949057585239 0.000000000000000
0.415640691426204 -0.000017129096205 0.000000000000000
0.418323981342372 -0.002776846062458 0.000000000000000
0.429198694555039 -0.006255501621790 0.000000000000000
0.370488820000977 -0.018209806504792 0.000000000000000
0.308335903121498 -0.079619923919153 0.000000000000000
0.336522279515008 -0.033994756824783 0.000000000000000
0.971247662897540 0.023030236875857 0.000000000000000
0.490947696586445 -0.005620827103252 0.000000000000000
0.445537956137740 -0.008842733679739 0.000000000000000
0.393001441965215 0.000937644486128 0.000000000000000
0.380537274893387 0.000236547795036 0.000000000000000
0.389373354964291 0.000076920306570 0.000000000000000
0.390412055248745 -0.000382233873640 0.000000000000000
0.389540273330200 -0.000020504452105 0.000000000000000
0.381718070636433 -0.000567150434791 0.000000000000000
0.391023360488726 -0.000871347283771 0.000000000000000
0.389810618764035 -0.000347492562406 0.000000000000000
0.397299577064176 -0.002751729672649 0.000000000000000
0.389834342999570 -0.000541921211509 0.000000000000000
0.390095530919015 -0.000623062823996 0.000000000000000
0.385327945157550 -0.001894320413243 0.000000000000000
0.369675824352163 -0.006036031358428 0.000000000000000
0.068135359591052 -0.064074166848232 0.000000000000000
0.258616163161139 -0.042387302708769 0.000000000000000
0.498741618745213 0.012664590566306 0.000000000000000
0.764803187078667 -0.268833102806342 0.000000000000000
0.448489641037302 0.003169892290599 0.000000000000000
1.078846570331808 -0.177718005953397 0.000000000000000
0.406340402051939 -0.004134424363703 0.000000000000000
1.082697312922214 -0.324840365132495 0.000000000000000
0.324039944876744 -0.001186759951549 0.000000000000000
0.408664631971267 -0.001929846277300 0.000000000000000
0.438509858850187 0.001110457579128 0.000000000000000
0.957181575518584 -0.004702393546217 0.000000000000000
0.326045248744988 -0.019993835233151 0.000000000000000
0.804452141409726 0.041572045446569 0.000000000000000
0.484034455793007 -0.032943237207381 0.000000000000000
-0.031065644259214 0.038887555166395 0.000000000000000
0.446275144716753 -0.021739849137062 0.000000000000000
0.563595267625990 -0.074234876768054 0.000000000000000
1.108906916465352 -0.353847091336327 0.000000000000000
0.611549046633556 -0.116705812278337 0.000000000000000
0.428733119242559 -0.010656420704165 0.000000000000000
0.433706956153944 -0.003365178104161 0.000000000000000
0.436680533715219 -0.000787759496266 0.000000000000000
0.437472016646626 -0.000120045726607 0.000000000000000
0.437794112777163 0.000216647547668 0.000000000000000
0.437806110701499 -0.000056789347829 0.000000000000000
0.436825765124371 0.001716105967790 0.000000000000000
0.353622647267084 -0.000060628951059 0.000000000000000
0.348687851500132 0.001944101074896 0.000000000000000
0.322792369412428 -0.000525220339655 0.000000000000000
0.325749802095863 0.000620121091540 0.000000000000000
0.744382426311896 -0.072906453397031 0.000000000000000
0.072950638246450 -0.042188471381736 0.000000000000000
0.327859728051254 -0.000923215911218 0.000000000000000
0.328677080462684 -0.000621789882516 0.000000000000000
0.328484495762855 -0.000616845806478 0.000000000000000
0.323550704711127 -0.000569143607767 0.000000000000000
0.232465362429439 0.003522782828845 0.000000000000000
0.326096212640453 -0.000640945455525 0.000000000000000
0.321566277191860 -0.002266419099492 0.000000000000000
0.328985420677163 0.000572548933152 0.000000000000000
0.331331965372644 0.000441157156362 0.000000000000000
0.321501609949091 -0.000236319536739 0.000000000000000
0.043197363299092 0.021789009155396 0.000000000000000
0.329344612082508 0.000397136815107 0.000000000000000
0.318825013721321 -0.000429212568303 0.000000000000000
0.330709770603583 0.000067314209815 0.000000000000000
0.328657036236870 -0.000449278651798 0.000000000000000
0.334684282373955 -0.000956766252480 0.000000000000000
0.329292590230440 -0.000684856125914 0.000000000000000
0.332358418761956 -0.001283627176614 0.000000000000000
0.318352775221732 0.006826533465338 0.000000000000000
0.337450807013156 -0.002327259449257 0.000000000000000
0.807753814108663 0.009377147907268 0.000000000000000
0.327698604712654 0.000450878344866 0.000000000000000
0.626672617227254 0.037650975358699 0.000000000000000
0.327740944389056 0.000719549716404 0.000000000000000
0.318384147951307 0.000537715507393 0.000000000000000
0.228840784645858 -0.019468092311859 0.000000000000000
0.397173235305784 -0.030614625300362 0.000000000000000
0.316661351380119 0.000547003572264 0.000000000000000
0.317047008458486 0.000518504271280 0.000000000000000
0.313547681318127 -0.000412801591525 0.000000000000000
0.924244811445245 0.004915992928768 0.000000000000000
0.244341808441547 -0.150777121136208 0.000000000000000
-0.048530244308606 -0.005524641702950 0.000000000000000
0.303063592102165 -0.003887416644847 0.000000000000000
0.296934187639442 -0.108586525728075 0.000000000000000
0.154097476378433 -0.033582610816005 0.000000000000000
0.574072912472143 -0.039772191659658 0.000000000000000
0.647267902528834 -0.111539051760304 0.000000000000000
0.341056450131901 -0.002055991208100 0.000000000000000
0.295115242940810 -0.000874861555326 0.000000000000000
0.428485363273027 -0.007427437906617 0.000000000000000
0.434034890725426 -0.002089584632426 0.000000000000000
0.436200163361896 -0.000509558837997 0.000000000000000
0.437424979311381 -0.000258706956905 0.000000000000000
0.437130911642392 -0.000317105634494 0.000000000000000
0.437444204879737 -0.000091447792350 0.000000000000000
0.587428238754931 -0.191058872204368 0.000000000000000
0.687400001173695 0.007459740709506 0.000000000000000
0.428077870971014 0.000600515258518 0.000000000000000
0.431378848987608 -0.000300818416477 0.000000000000000
0.431614689626025 -0.000713284342379 0.000000000000000
0.428837477641125 -0.000103957487173 0.000000000000000
0.432286088793706 -0.002328579099797 0.000000000000000
0.435865369547664 -0.006414915810726 0.000000000000000
0.427733082595472 -0.000512058154558 0.000000000000000
0.423063753310446 -0.002760979327749 0.000000000000000
0.431322866077803 -0.000489932226251 0.000000000000000
0.430849829320684 0.000047000837300 0.000000000000000
0.430160276716092 -0.000230613756937 0.000000000000000
0.431292099641280 -0.000035160225257 0.000000000000000
0.429798303404822 0.001045666885342 0.000000000000000
0.427447332121610 0.002197572370713 0.000000000000000
0.431024840663961 -0.000062635458848 0.000000000000000
0.434054745155116 -0.004004342032675 0.000000000000000
0.431421877902179 -0.001092674956158 0.000000000000000
0.431201829497476 -0.000163418636091 0.000000000000000
0.430304110945764 -0.000016949827803 0.000000000000000
0.427640904294901 -0.000116882155397 0.000000000000000
0.398245823960216 -0.015849975919451 0.000000000000000
0.359833777863686 -0.050150346311172 0.000000000000000
0.407538887198080 -0.009857449887227 0.000000000000000
0.348756160320577 -0.063159329742064 0.000000000000000
0.369684503349212 0.008209957266789 0.000000000000000
0.409038563338121 0.004262480599150 0.000000000000000
0.443384452354310 -0.010164984088483 0.000000000000000
0.341829745538216 -0.002059172813239 0.000000000000000
0.673442910364476 -0.043406467332498 0.000000000000000
0.249683589475497 -0.125496399801958 0.000000000000000
0.537441863411229 -0.014073567665597 0.000000000000000
0.472457709905868 -0.010781194665804 0.000000000000000
0.451789372687623 -0.010720385748593 0.000000000000000
0.478529547732744 -0.007557850236132 0.000000000000000
0.329100816738054 -0.000480442528627 0.000000000000000
0.442570327533807 -0.082884521596677 0.000000000000000
0.271647312150928 -0.005553751950313 0.000000000000000
0.494733882576395 -0.013810298982367 0.000000000000000
0.237136052287432 -0.009589506403219 0.000000000000000
0.896722742797629 -0.368763474162091 0.000000000000000
0.812492695729913 -0.070174488014446 0.000000000000000
0.870790582630378 -0.169530797144404 0.000000000000000
0.424751720883859 -0.000188942979541 0.000000000000000
0.422595642446977 0.000087672451685 0.000000000000000
0.754921036089528 0.014030974014314 0.000000000000000
-0.024250739696700 0.019455185988405 0.000000000000000
0.242660047735129 -0.000670058630923 0.000000000000000
0.236334967738230 -0.000233682456357 0.000000000000000
0.234924001167620 -0.000007335988239 0.000000000000000
0.236322054653350 0.000146578391762 0.000000000000000
0.229608161748573 0.000001246085105 0.000000000000000
0.236443027681832 -0.000151992754051 0.000000000000000
0.234357612776342 -0.000026559098376 0.000000000000000
0.236528490901330 -0.000150107831538 0.000000000000000
0.237827604422516 -0.000397154293328 0.000000000000000
0.426458742603465 -0.000142093821640 0.000000000000000
0.242732228650287 -0.000820360840631 0.000000000000000
0.230337268774988 -0.000055302449894 0.000000000000000
0.234459467826971 -0.000008893360899 0.000000000000000
0.153529775412384 -0.012835488302110 0.000000000000000
0.230201011734338 -0.000050756546676 0.000000000000000
0.400021344764352 -0.036687794643685 0.000000000000000
0.431413675115014 -0.000172116059912 0.000000000000000
0.997806419097630 -0.006239454924479 0.000000000000000
0.429629194874121 -0.001006189424213 0.000000000000000
0.422951581626824 -0.004505620183486 0.000000000000000
1.115725623867575 -0.267436142422722 0.000000000000000
0.262733396356252 0.000282644921910 0.000000000000000
0.660993055807339 -0.002454085623430 0.000000000000000
0.262410713896402 0.000126477130528 0.000000000000000
0.211859948160676 0.005966724137436 0.000000000000000
0.756662190872906 -0.003380713451572 0.000000000000000
0.532210661669884 -0.012241303648370 0.000000000000000
0.548468271130226 -0.005819164467317 0.000000000000000
-0.011463598134380 -0.016457009494427 0.000000000000000
1.204503415161043 -0.310222963908140 0.000000000000000
0.469869081911618 -0.065895725344308 0.000000000000000
0.839990968582875 -0.167800646895178 0.000000000000000
0.241504748285864 -0.000953565940234 0.000000000000000
0.437980589845445 -0.008781343641855 0.000000000000000
0.435213220061214 -0.003338454211138 0.000000000000000
0.435491758434642 -0.000899395513043 0.000000000000000
0.435831273011105 -0.000303057323543 0.000000000000000
0.436263341949476 -0.000303622303599 0.000000000000000
0.417353280116158 0.000000379826536 0.000000000000000
0.415648536953192 -0.000497251933852 0.000000000000000
0.407741894193157 -0.003498541710955 0.000000000000000
0.254109385361733 0.002670199656997 0.000000000000000
0.435935955352384 -0.000141525444056 0.000000000000000
0.970223670803269 -0.217333261527458 0.000000000000000
0.316129808794670 -0.164878319238685 0.000000000000000
0.241604072877111 -0.000407279939454 0.000000000000000
0.240734252783255 0.001659583049495 0.000000000000000
0.431030576506710 0.000738213055068 0.000000000000000
0.599247447343208 -0.002555686446373 0.000000000000000
0.608922961647818 -0.006211420706093 0.000000000000000
0.041196891220473 -0.051153335914348 0.000000000000000
0.934923065946700 -0.039434576316515 0.000000000000000
0.397911917294449 -0.000783518589273 0.000000000000000
0.395170070433909 0.002507308876300 0.000000000000000
1.170183562599120 -0.173418714201623 0.000000000000000
0.446109073205764 -0.013816159671685 0.000000000000000
0.452513900541419 -0.016015072863081 0.000000000000000
0.438062808929060 -0.018743689277976 0.000000000000000
1.028638775450223 -0.274327280791768 0.000000000000000
0.943599145195475 -0.198274843671812 0.000000000000000
1.013376281296340 -0.253345402853975 0.000000000000000
0.487927738901625 -0.038506055625728 0.000000000000000
0.511635588826631 -0.023735927775437 0.000000000000000
0.536956842492364 -0.032473138326495 0.000000000000000
0.766734607335572 -0.091993699330243 0.000000000000000
0.854201760726733 -0.125849842772572 0.000000000000000
0.184254046022906 0.000494236528494 0.000000000000000
0.372916634960068 -0.000676867561966 0.000000000000000
0.233640097337377 -0.000019780817136 0.000000000000000
0.436025335166407 -0.000154889489408 0.000000000000000
0.426314748794695 -0.000197339498073 0.000000000000000
0.435226026669752 -0.000157907310076 0.000000000000000
0.435436159516459 -0.000395424528198 0.000000000000000
0.429154203556311 -0.000447575391163 0.000000000000000
0.435925604507279 0.000055450488670 0.000000000000000
0.332983349770989 -0.027589535870497 0.000000000000000
0.360973568873766 -0.031261604684437 0.000000000000000
0.369018593835892 -0.037098636255617 0.000000000000000
0.362621679106795 -0.027569978051263 0.000000000000000
0.397998578650678 -0.033481537601982 0.000000000000000
0.436974047872289 0.000068047173875 0.000000000000000
0.436912300214848 0.000550848855663 0.000000000000000
0.438762560279687 0.000502414080627 0.000000000000000
0.435426280612299 0.001477372169695 0.000000000000000
0.436228590846140 0.000720164717249 0.000000000000000
0.420340906070414 -0.021797388877082 0.000000000000000
0.418926535159575 -0.017561230549349 0.000000000000000
0.393168582094981 -0.004084345902181 0.000000000000000
0.362705008421204 -0.002143723458781 0.000000000000000
0.421165867193952 -0.005467117326246 0.000000000000000
0.433138540362511 -0.052491841749933 0.000000000000000
0.430470840522396 -0.042873556225626 0.000000000000000
0.578848753369174 -0.032215329950700 0.000000000000000
0.536184293920768 -0.020666665734229 0.000000000000000
1.034706020353316 -0.004522832281708 0.000000000000000
0.981695180188181 0.045471405867773 0.000000000000000
0.919046496055391 0.048338701204212 0.000000000000000
0.438336920798854 -0.007454088765877 0.000000000000000
0.439506750561586 -0.007688846454877 0.000000000000000
0.185045006148767 0.000389911078484 0.000000000000000
0.337391514024048 -0.001462105064099 0.000000000000000
0.193905423241952 -0.000940356158961 0.000000000000000
0.562388768595928 -0.024767224114557 0.000000000000000
0.541555525633102 -0.011802647389470 0.000000000000000
0.580260591996868 -0.020293579292588 0.000000000000000
0.436128289539198 -0.031045200726107 0.000000000000000
0.423971831459190 -0.026664840969390 0.000000000000000
0.453552734608382 -0.022927760966397 0.000000000000000
0.407651528378657 -0.023565902584879 0.000000000000000
0.383482761165531 -0.024658071259755 0.000000000000000
0.920470099655254 0.034623130818784 0.000000000000000
0.966982266058620 0.038656747918124 0.000000000000000
0.434765372392797 0.001096284447378 0.000000000000000
0.436841405778351 0.001454691247373 0.000000000000000
0.434609991945592 0.000738107001286 0.000000000000000
0.433339729069454 0.001931652169610 0.000000000000000
0.433939688584661 0.001788660840179 0.000000000000000
0.463768249243993 0.018495061371832 0.000000000000000
0.478696826086914 0.012124490675647 0.000000000000000
0.533598645197666 -0.044790523648254 0.000000000000000
0.076039151981072 -0.010804332373546 0.000000000000000
0.125794208453496 -0.040567026985676 0.000000000000000
0.046871718853512 -0.012317517528882 0.000000000000000
0.375177275631281 -0.003025254919821 0.000000000000000
0.193076559764671 0.000724000603446 0.000000000000000
0.585061738338064 -0.279126647307635 0.000000000000000
1.018482774268866 -0.385657412621478 0.000000000000000
0.822833773790367 -0.278402537203412 0.000000000000000
0.608350643869820 -0.165568349150665 0.000000000000000
0.177142890265121 0.001148201809456 0.000000000000000
0.460416905412568 -0.015901542663421 0.000000000000000
0.449672792005417 -0.010029579420849 0.000000000000000
0.217003988837490 0.002512287720350 0.000000000000000
0.366671463889595 -0.000285276709611 0.000000000000000
0.179060111058036 0.001839307362305 0.000000000000000
0.513566821299605 -0.005102036632464 0.000000000000000
0.509108904414305 -0.016372170241549 0.000000000000000
0.248636199053740 -0.032379689721887 0.000000000000000
0.290541757928041 -0.039255082914165 0.000000000000000
0.303497146582508 -0.049599530240913 0.000000000000000
0.346617056249037 -0.040992277417177 0.000000000000000
0.290495715819393 -0.028497840207611 0.000000000000000
0.409230549692841 -0.000110677151980 0.000000000000000
0.409802332341311 -0.000093593744017 0.000000000000000
0.428647358653184 -0.000761951651273 0.000000000000000
0.426803801916480 0.001476182756580 0.000000000000000
0.414060213097815 -0.000354232797036 0.000000000000000
0.411866755855991 -0.000243025726030 0.000000000000000
-0.014818967253313 0.046344048752859 0.000000000000000
-0.012168778538525 0.065887482524143 0.000000000000000
0.349392463051350 -0.013693816495869 0.000000000000000
0.667178833514616 -0.122435971938668 0.000000000000000
0.124909123395140 -0.003381649680821 0.000000000000000
0.118572153025533 -0.006935615759181 0.000000000000000
0.092042167478507 -0.007023591402702 0.000000000000000
0.958782947777958 0.017659587761980 0.000000000000000
0.978982732159721 0.004680453806519 0.000000000000000
0.975590009106659 0.009198260604632 0.000000000000000
0.153093845370270 -0.002057451972524 0.000000000000000
0.310759944856865 -0.011156117477709 0.000000000000000
0.225282878560573 -0.005444617495885 0.000000000000000
0.389112516686949 0.000611623074053 0.000000000000000
0.406593950298407 0.000168576314294 0.000000000000000
0.424206728946147 -0.000089964018955 0.000000000000000
0.420595036676629 -0.000086523644768 0.000000000000000
0.365187984183147 -0.000014046079765 0.000000000000000
0.525597968868152 -0.036433762214981 0.000000000000000
0.276580229628074 -0.015172206658451 0.000000000000000
0.185528871508791 -0.001828471218120 0.000000000000000
0.436483353568542 -0.000500191564411 0.000000000000000
0.431030699737667 -0.000522128807396 0.000000000000000
0.435673597601343 0.000305815272602 0.000000000000000
0.389238885422380 0.000153690348493 0.000000000000000
0.405841105048735 -0.000011896349430 0.000000000000000
0.423960526652501 -0.000314908220680 0.000000000000000
0.420276931508678 -0.000373258096428 0.000000000000000
0.365285893108573 -0.000194362707765 0.000000000000000
0.848091156516586 -0.003215284586887 0.000000000000000
0.895293939768052 0.008129030808867 0.000000000000000
0.995694022460834 -0.265815617636021 0.000000000000000
0.804094720189281 -0.194276356287421 0.000000000000000
0.365096163281566 -0.000074837372237 0.000000000000000
0.405916229596320 -0.000330076913571 0.000000000000000
0.419743328754817 -0.000019153036821 0.000000000000000
0.424050159789193 -0.000471311465119 0.000000000000000
0.388668561384552 -0.000373900119175 0.000000000000000
0.365490252689685 -0.000301822095236 0.000000000000000
0.406374670801420 -0.000748344689359 0.000000000000000
0.420019562581044 -0.000300968789779 0.000000000000000
0.424337295810192 -0.000941022301946 0.000000000000000
0.389345340909505 -0.000788675121580 0.000000000000000
0.367643938389545 -0.001097009516526 0.000000000000000
0.408394094956572 -0.001898452487053 0.000000000000000
0.421224030908858 -0.001535148201611 0.000000000000000
0.425785378727941 -0.002640182059037 0.000000000000000
0.392047082376642 -0.001903186078343 0.000000000000000
0.373836811301936 -0.002665398928280 0.000000000000000
0.414863182797430 -0.004704642852911 0.000000000000000
0.426416961672844 -0.004079932202004 0.000000000000000
0.182212578777941 -0.072637502209482 0.000000000000000
0.217782965045157 -0.063155673131547 0.000000000000000
0.432705319347000 -0.006738030649136 0.000000000000000
0.402466481253503 -0.004728149362289 0.000000000000000
0.460166605326238 -0.011472442180815 0.000000000000000
0.464351562024230 -0.016791371541554 0.000000000000000
0.476126496404907 -0.016904971487137 0.000000000000000
0.352941164294031 -0.019666258559775 0.000000000000000
0.447852161382414 -0.127334335847136 0.000000000000000
0.457053522246229 -0.105196570857163 0.000000000000000
0.574189720005317 -0.094785108182225 0.000000000000000
0.489385480634928 0.006291584465078 0.000000000000000
0.344650616467164 0.011948169341965 0.000000000000000
0.484286077000829 -0.000888952056118 0.000000000000000
0.406860534004124 -0.040759831257385 0.000000000000000
0.385262870348934 -0.016687717193041 0.000000000000000
0.186636313115448 0.000474178840303 0.000000000000000
0.324902430815216 0.000361044781230 0.000000000000000
0.188340686537908 -0.000967895914278 0.000000000000000
0.186778814502329 0.000410622671996 0.000000000000000
0.326298792159294 -0.000004539045743 0.000000000000000
0.190214512429531 -0.000850102555116 0.000000000000000
0.179932708253346 0.000452252618477 0.000000000000000
0.323916646025327 -0.000017185007759 0.000000000000000
0.191952641463302 -0.000798297039852 0.000000000000000
0.182602558279721 0.000521958714339 0.000000000000000
0.322427410068119 0.000004615545842 0.000000000000000
0.183892720261268 -0.000143308722344 0.000000000000000
0.184604624087475 0.000520624461260 0.000000000000000
0.321942187248496 0.000150585675181 0.000000000000000
0.181652491527890 -0.000299780170557 0.000000000000000
0.182726271873063 0.000523649069761 0.000000000000000
0.324670294544650 -0.000022429536272 0.000000000000000
0.188355812467781 -0.000194281064137 0.000000000000000
0.183478674856221 0.000390685610369 0.000000000000000
0.325520814507011 -0.000308208154429 0.000000000000000
0.188873817952163 -0.000297386358822 0.000000000000000
0.186082235505279 0.000370200449416 0.000000000000000
0.328685848698348 -0.000911107938561 0.000000000000000
0.191213632117770 -0.000411832668725 0.000000000000000
0.179993916876843 0.000536890345421 0.000000000000000
0.323593756018185 -0.000297561655372 0.000000000000000
0.192537727679738 -0.000690320054710 0.000000000000000
0.414124278693756 -0.000324066392395 0.000000000000000
0.332022810549234 0.018310468459439 0.000000000000000
0.715750656484196 0.044060575386707 0.000000000000000
0.352437031122640 -0.010820232325699 0.000000000000000
0.371157616182120 -0.009215846694766 0.000000000000000
0.179185273599403 0.000505585604037 0.000000000000000
0.323827460137277 -0.000053038349452 0.000000000000000
0.192350672764575 -0.000769835214152 0.000000000000000
0.390362147077401 -0.009953841211019 0.000000000000000
0.343111517833274 -0.004724848662527 0.000000000000000
0.421513442161835 -0.001683896536184 0.000000000000000
0.397289023040111 -0.000911785785662 0.000000000000000
0.389924129246459 -0.000629108001515 0.000000000000000
0.365243135323688 -0.001304564814513 0.000000000000000
0.408307279778168 -0.002098316557963 0.000000000000000
0.408852571060671 -0.006950219554426 0.000000000000000
0.384217240605361 -0.005120959810080 0.000000000000000
0.380389265503777 -0.003439888640097 0.000000000000000
0.354165449391383 -0.003937380915052 0.000000000000000
0.391758179048741 -0.008194896495615 0.000000000000000
0.396670121056079 -0.000149258099716 0.000000000000000
0.359461062261744 0.000529488371895 0.000000000000000
0.415149680442422 -0.000136663903014 0.000000000000000
0.401616918364930 -0.000437756212421 0.000000000000000
0.366888331176020 0.000125085224009 0.000000000000000
0.392684739921099 -0.000150584360442 0.000000000000000
0.424201874790886 -0.000036651950477 0.000000000000000
0.416012978798939 -0.000190597169082 0.000000000000000
0.402750628682291 -0.000474684021022 0.000000000000000
0.366407912877651 0.000161980409050 0.000000000000000
0.416989843460845 -0.001187292674236 0.000000000000000
0.403689466064904 -0.001138314558167 0.000000000000000
0.367776548719182 -0.000414366134983 0.000000000000000
0.421730896051203 -0.003534280390050 0.000000000000000
0.407959076714521 -0.003355597509869 0.000000000000000
0.373248872607955 -0.002075620960292 0.000000000000000
0.392983138427830 -0.000143120789227 0.000000000000000
0.426311609554189 -0.000330177856259 0.000000000000000
0.387624684467944 -0.000328725332710 0.000000000000000
0.424967143241622 -0.000446162956428 0.000000000000000
0.388485680015427 -0.000791378498884 0.000000000000000
0.425303528800444 -0.001079850572231 0.000000000000000
0.391917322434374 -0.002399818050321 0.000000000000000
0.427873356288068 -0.003534064060836 0.000000000000000
0.425208851069281 -0.000104722050951 0.000000000000000
0.400553851514490 0.000194841834632 0.000000000000000
0.392041419291994 0.000189543241758 0.000000000000000
0.367956209943258 -0.000618800323416 0.000000000000000
0.413234051571369 -0.000392343561619 0.000000000000000
0.425816612124308 0.000134286566791 0.000000000000000
0.400999986566029 0.000305445242921 0.000000000000000
0.391775111658993 0.000299724713928 0.000000000000000
0.368060452215928 -0.000571262202807 0.000000000000000
0.414171161233654 -0.000116850069142 0.000000000000000
0.425522434291118 0.000026498388171 0.000000000000000
0.402842319227816 0.000241107325359 0.000000000000000
0.386027366435568 0.000224333373864 0.000000000000000
0.367066434561715 -0.000545565307416 0.000000000000000
0.415869164368388 -0.000148977598159 0.000000000000000
0.425199122515597 0.000290046962207 0.000000000000000
0.402007482486299 0.000304806284233 0.000000000000000
0.384996337228545 0.000745679328624 0.000000000000000
0.360365377182398 -0.000781136501979 0.000000000000000
0.078178341938336 0.004288814411003 0.000000000000000
0.244504141320710 -0.052909018294061 0.000000000000000
0.324148656744253 -0.069942314869038 0.000000000000000
0.429328290973195 -0.086674489858811 0.000000000000000
0.302070964564967 -0.093445962843593 0.000000000000000
0.616537905268055 -0.057348642743333 0.000000000000000
0.657618314073943 -0.088799736844912 0.000000000000000
0.563365155492102 -0.006716576621389 0.000000000000000
0.473665038522869 0.005825149152473 0.000000000000000
0.424519330909696 0.000296125561573 0.000000000000000
0.178630846171099 0.000307597597747 0.000000000000000
0.318799647821973 -0.001273054437673 0.000000000000000
0.191091870124124 -0.000834559297740 0.000000000000000
0.437714888043540 -0.000481630559917 0.000000000000000
0.433294400279997 -0.000130944969091 0.000000000000000
0.299322362085317 -0.022989907175580 0.000000000000000
0.290429933628221 -0.014452267583246 0.000000000000000
0.421917839850445 0.002599051885960 0.000000000000000
0.294519868616829 -0.053178108358051 0.000000000000000
0.212890296392184 -0.037916770441887 0.000000000000000
0.004807141495909 0.041031373733893 0.000000000000000
-0.005685256011016 0.073615335732352 0.000000000000000
1.235185532122810 -0.374059624846391 0.000000000000000
1.144023888515602 -0.341367121688499 0.000000000000000
0.433155263254763 -0.000074723397766 0.000000000000000
0.437784341449604 -0.000061681484432 0.000000000000000
1.130510768275551 -0.369796805880857 0.000000000000000
0.390328605020890 0.000199655328787 0.000000000000000
0.401317111537445 0.000138649568716 0.000000000000000
0.426330420156353 0.000632513139911 0.000000000000000
0.424897567237792 0.001524699008227 0.000000000000000
0.399822343166404 0.000386544254656 0.000000000000000
0.388246252106580 0.000919432398304 0.000000000000000
0.180789400189760 -0.000020311203201 0.000000000000000
0.175684691232305 -0.000740668533294 0.000000000000000
0.415711527510584 0.000792653291443 0.000000000000000
0.368082363882589 0.000676576443871 0.000000000000000
0.676666988914473 0.002782734306965 0.000000000000000
0.903190123658918 0.013848492570941 0.000000000000000
0.100165342672787 -0.010071539360341 0.000000000000000
0.005181588207958 0.049704990133138 0.000000000000000
0.366131434793079 -0.000779798155189 0.000000000000000
0.341793021895774 -0.012739139982198 0.000000000000000
0.433654852254506 -0.009873049391034 0.000000000000000
0.439923000637156 -0.009447558784673 0.000000000000000
0.436821365393985 -0.011317354292069 0.000000000000000
0.145003897765750 -0.002391161128869 0.000000000000000
0.391899311744976 0.000255280835713 0.000000000000000
0.711606427361985 -0.118762951934309 0.000000000000000
0.758245423435463 -0.153841248315832 0.000000000000000
0.592589661601575 -0.161730446873942 0.000000000000000
0.390060570642863 -0.000248894395911 0.000000000000000
0.391778588778446 -0.000214579648190 0.000000000000000
0.391103719710928 -0.000100541506015 0.000000000000000
0.391637612962758 0.000186201032648 0.000000000000000
0.438809341999085 -0.007811667185716 0.000000000000000
0.437191629764974 -0.000380018341801 0.000000000000000
0.434353577112967 -0.000515828389243 0.000000000000000
0.437751405184052 -0.000194942633815 0.000000000000000
0.411170871152722 -0.003608981144749 0.000000000000000
0.412329385524973 -0.005082577390216 0.000000000000000
1.003924325477668 -0.005443662140320 0.000000000000000
0.961066225677586 -0.010005361226607 0.000000000000000
0.884085039121010 -0.009664280554023 0.000000000000000
0.430957839409544 -0.000426163246952 0.000000000000000
-0.033374870024023 0.036432459272822 0.000000000000000
-0.044088366889075 0.012705527633607 0.000000000000000
-0.042373057980276 0.009508066067856 0.000000000000000
0.757184242253360 0.017852023832351 0.000000000000000
0.389746344613440 0.006060777018505 0.000000000000000
0.183169642518609 0.001011891273375 0.000000000000000
0.180703017013781 0.000448860931425 0.000000000000000
0.436446097865424 0.000369896025132 0.000000000000000
0.430999838729254 0.000159459654194 0.000000000000000
0.436603004685932 -0.000146955007324 0.000000000000000
0.187545355970146 -0.000543234523626 0.000000000000000
0.180760468509056 -0.000999354561724 0.000000000000000
0.436313374624274 -0.000109873354619 0.000000000000000
0.431298926819789 -0.000219091693510 0.000000000000000
0.436459666271826 -0.000539947531822 0.000000000000000
0.435754290537812 -0.001180141484469 0.000000000000000
0.431665363119413 -0.001467597525440 0.000000000000000
0.435841673101361 -0.001968463651128 0.000000000000000
0.435391348590563 -0.004904084483924 0.000000000000000
0.434461736446671 -0.004770783728178 0.000000000000000
0.435787057652383 -0.006649480874639 0.000000000000000
0.616652211373168 -0.040702576074931 0.000000000000000
0.570045571849130 -0.057401379111462 0.000000000000000
0.597976315093607 -0.027967927710108 0.000000000000000
0.436724762835318 0.000120465967881 0.000000000000000
0.431652217352175 -0.000017120741878 0.000000000000000
0.436929328021145 0.000042388806277 0.000000000000000
0.616176620339038 -0.000720160489819 0.000000000000000
0.656475084869927 -0.012590772658368 0.000000000000000
0.546476995184088 0.010435547061224 0.000000000000000
0.399586297375827 0.000164873441275 0.000000000000000
0.312368555838266 0.000154475844723 0.000000000000000
0.376785367341094 0.000260628897509 0.000000000000000
0.436601404431080 0.000280606684606 0.000000000000000
0.433717006517628 -0.000099805148933 0.000000000000000
0.437770786665370 0.000135173234825 0.000000000000000
0.430356692972178 -0.000253358150070 0.000000000000000
-0.036980435527528 0.002521672136477 0.000000000000000
-0.019985013843504 0.004950303094745 0.000000000000000
0.182708784011329 0.000787289779402 0.000000000000000
0.405779166855789 -0.012691647981451 0.000000000000000
0.420358974958556 -0.013920222012025 0.000000000000000
0.376317786544462 0.000986386448690 0.000000000000000
0.309837260425931 0.000635594139147 0.000000000000000
0.396780394516874 0.002166129384716 0.000000000000000
0.431459779833848 -0.003183621570217 0.000000000000000
0.434424009939179 -0.003523014476713 0.000000000000000
0.430287220657426 -0.000904081632458 0.000000000000000
0.433563790039930 -0.000802942400663 0.000000000000000
0.435019412534030 -0.003327628543610 0.000000000000000
0.435175434865607 -0.003600263863927 0.000000000000000
0.430218218786605 -0.000344956730833 0.000000000000000
0.433635420821450 -0.000040038456776 0.000000000000000
0.436852694853579 -0.000781362697883 0.000000000000000
0.436085303433356 -0.000639415836051 0.000000000000000
0.434369253080253 0.001448094796626 0.000000000000000
0.436788066432601 0.001429200067270 0.000000000000000
0.437429724372377 -0.000051534862382 0.000000000000000
0.436504042403544 0.000250978999307 0.000000000000000
0.700956728529037 -0.052623356355894 0.000000000000000
0.651279346413803 -0.019381016708492 0.000000000000000
0.435311819838906 0.001601890394530 0.000000000000000
0.435569945357078 0.001335301288507 0.000000000000000
0.157312810738652 -0.000944413293480 0.000000000000000
0.021301114992191 -0.013557802826824 0.000000000000000
0.439333156147538 -0.037331292905316 0.000000000000000
0.382352659754460 -0.002471721483406 0.000000000000000
0.183599003372247 0.001083475067644 0.000000000000000
0.181194801258058 -0.001230137945564 0.000000000000000
0.495968500563625 -0.023607106622294 0.000000000000000
0.493659547047570 -0.010578671541323 0.000000000000000
0.185245771966795 -0.001119880254371 0.000000000000000
0.485807002985478 -0.021949943280997 0.000000000000000
0.474232025684810 -0.030935597891136 0.000000000000000
0.183112206419479 -0.001143791107890 0.000000000000000
0.440808205684307 -0.032483424355119 0.000000000000000
0.178639270719585 -0.000699073496303 0.000000000000000
0.185691715482974 0.000989694906559 0.000000000000000
0.832031515311381 0.000284297434862 0.000000000000000
0.986056933621867 -0.004743075482355 0.000000000000000
0.175899760428118 -0.000982666884639 0.000000000000000
0.187518581780695 0.000894939049619 0.000000000000000
0.183136313827416 -0.000838660478339 0.000000000000000
0.185554614270781 0.000894771462713 0.000000000000000
0.183561953933987 -0.000878979355216 0.000000000000000
0.186570548126927 0.000808365470279 0.000000000000000
0.185260035773358 -0.001196581026005 0.000000000000000
0.189226917856422 0.000516485118277 0.000000000000000
0.294678132643407 0.000301959281042 0.000000000000000
0.192680940795509 -0.000065532284150 0.000000000000000
0.187007541377505 -0.000699038946331 0.000000000000000
0.185702005536395 -0.001100229799937 0.000000000000000
0.530736763070977 -0.054561334444795 0.000000000000000
0.486615555290524 -0.056137833319733 0.000000000000000
0.190550779768954 0.001034067301806 0.000000000000000
0.182858036097406 0.001083801970968 0.000000000000000
0.190212092454566 0.001146580241537 0.000000000000000
0.183626979308117 0.001043814413522 0.000000000000000
0.297132299035339 -0.000087297159296 0.000000000000000
0.186008455782195 -0.001045492000247 0.000000000000000
0.427202344895237 -0.060932432334032 0.000000000000000
0.404352348940271 -0.067041647641733 0.000000000000000
1.050009210713560 -0.367115620090516 0.000000000000000
0.184615557066652 -0.001158513830068 0.000000000000000
0.894036299413232 0.032573438775832 0.000000000000000
0.309414542991824 0.017559133100694 0.000000000000000
-0.038574903955778 -0.000535527269819 0.000000000000000
0.071042761196490 -0.055325587654078 0.000000000000000
0.153969771982600 -0.076821147253144 0.000000000000000
0.159464916882837 -0.089415245085533 0.000000000000000
0.256420905166559 -0.032886305876410 0.000000000000000
0.167091078728699 -0.022953112134754 0.000000000000000
0.438608175744228 -0.145756832970589 0.000000000000000
0.277788188106437 -0.119009235636782 0.000000000000000
0.893556623896030 -0.224014330616864 0.000000000000000
0.310786297628584 -0.048667721446535 0.000000000000000
0.381024377984916 -0.003104584893433 0.000000000000000
0.427267463747308 -0.005411611007178 0.000000000000000
0.438275456929534 -0.006967335259768 0.000000000000000
0.133907886158807 -0.089884256126944 0.000000000000000
0.807633099481532 -0.118629037833235 0.000000000000000
0.765023912168316 -0.194982589703695 0.000000000000000
0.483793451570064 0.006679848446117 0.000000000000000
0.484994857663477 0.007781234510218 0.000000000000000
0.461422886240229 -0.003638174960493 0.000000000000000
0.478366454746283 -0.010095065159056 0.000000000000000
0.450390682808366 -0.004699964333661 0.000000000000000
0.433397860325494 0.000069728564925 0.000000000000000
0.437319554400942 -0.000041284935677 0.000000000000000
0.432509435639210 -0.000333156724064 0.000000000000000
0.433991571745892 -0.000244490928847 0.000000000000000
0.437468953795936 -0.000095540876188 0.000000000000000
0.432454816481485 -0.000268790444939 0.000000000000000
0.419680031416570 -0.006843645232480 0.000000000000000
0.428519793055541 -0.008872353069919 0.000000000000000
0.419654577736699 -0.008448315530211 0.000000000000000
0.428293508040069 -0.001499483847001 0.000000000000000
0.433810304192797 -0.002634061729549 0.000000000000000
0.429162948806531 -0.002293422662531 0.000000000000000
0.431107646790660 -0.000197218897684 0.000000000000000
0.436380829911912 -0.000647584085684 0.000000000000000
0.432670353865280 -0.000522912418914 0.000000000000000
0.431575110723754 0.000185449452814 0.000000000000000
0.436999709815181 -0.000160886767646 0.000000000000000
0.433315073996201 -0.000151099722462 0.000000000000000
0.288358077192723 -0.005197159341150 0.000000000000000
0.018506067127625 -0.039496938747482 0.000000000000000
0.030733524962419 -0.028238719890996 0.000000000000000
0.504683848379735 -0.005062516139696 0.000000000000000
0.485380660982762 0.001651499531895 0.000000000000000
0.428714807374314 0.005964560784602 0.000000000000000
0.142649537259698 0.008383108486432 0.000000000000000
0.162206597954289 0.013166860902614 0.000000000000000
0.430237346829368 -0.004496153120434 0.000000000000000
0.430011090567013 -0.003522077247655 0.000000000000000
0.433207375095442 -0.004258458654769 0.000000000000000
0.434763791043713 -0.001027660204224 0.000000000000000
0.433946067016334 -0.000931888275535 0.000000000000000
0.436306867652408 -0.000910557241133 0.000000000000000
0.436078842061384 -0.000206309255643 0.000000000000000
0.434928045265517 -0.000394329550523 0.000000000000000
0.437338705882093 -0.000042788471441 0.000000000000000
0.437277338716500 0.000512348476234 0.000000000000000
0.635700057265881 -0.024293718188854 0.000000000000000
0.437736677343909 -0.000040564857983 0.000000000000000
0.501479664540936 -0.003023424618204 0.000000000000000
0.460189806687454 0.000386893737625 0.000000000000000
0.419630076718603 -0.010801588057179 0.000000000000000
0.429946104343994 -0.012968944736904 0.000000000000000
0.407137415654585 -0.000371768542994 0.000000000000000
0.434739106387869 0.000151964969581 0.000000000000000
0.435502436022903 0.000251213094178 0.000000000000000
0.403248486947904 0.003112316986879 0.000000000000000
0.544473812531944 -0.108929478503379 0.000000000000000
0.156992367108264 -0.013407452968207 0.000000000000000
0.314099827246297 -0.001852977800288 0.000000000000000
0.885761994341223 -0.189628958306964 0.000000000000000
0.810144419389262 -0.193411401568719 0.000000000000000
0.148935540108399 -0.004929210569583 0.000000000000000
0.133292036534925 -0.006117994269291 0.000000000000000
0.094018825738758 -0.046288146067037 0.000000000000000
0.028417147833476 -0.010585279413052 0.000000000000000
0.154207290871394 0.000359395575687 0.000000000000000
-0.008117137643739 -0.006047345597386 0.000000000000000
0.390110397153194 -0.075606009020989 0.000000000000000
0.514531740369357 -0.069160668705566 0.000000000000000
-0.006884489447966 -0.009088665163119 0.000000000000000
0.093014890102155 -0.064604098220911 0.000000000000000
0.098339888949271 0.011209348100311 0.000000000000000
0.141102914378149 0.000011754499841 0.000000000000000
0.203834452580920 0.000057013213473 0.000000000000000
0.427575802205711 0.000757054919949 0.000000000000000
0.270915676200187 0.002132734405106 0.000000000000000
0.377403613514497 0.010779483070729 0.000000000000000
0.205546500100310 0.000339451335681 0.000000000000000
0.147502070856927 0.000281736062636 0.000000000000000
0.435160301511858 -0.007911541578413 0.000000000000000
0.431664822015747 -0.006599235746947 0.000000000000000
0.159585829784045 0.000297933724628 0.000000000000000
0.436155951139437 -0.002649891242080 0.000000000000000
0.435603934252070 -0.001723236693221 0.000000000000000
0.437102651920784 -0.000809881973552 0.000000000000000
0.437225675850862 -0.000396725892851 0.000000000000000
0.386797110730051 0.002609238306302 0.000000000000000
0.366965276489617 0.023080402080682 0.000000000000000
0.221811966094825 0.021118000236740 0.000000000000000
0.437596605074078 -0.000555867932532 0.000000000000000
0.286519232607319 -0.001922756371024 0.000000000000000
0.133705295174063 0.000003514013560 0.000000000000000
0.440284624649814 -0.013001587660819 0.000000000000000
0.037728368646075 0.006393430322709 0.000000000000000
0.191655604840499 -0.121924171669188 0.000000000000000
0.451981817178749 -0.004623356063858 0.000000000000000
0.434521419789388 -0.004071218615320 0.000000000000000
0.099952040762409 -0.038612158063814 0.000000000000000
0.282127817831320 -0.001030738096786 0.000000000000000
0.123847234505817 0.000081717394173 0.000000000000000
0.120012677022096 0.000146946363515 0.000000000000000
0.283094192233274 0.001117274195456 0.000000000000000
0.336675591571055 -0.000844949485308 0.000000000000000
0.238977121110195 -0.013691367625269 0.000000000000000
0.340392823654351 0.000897622153602 0.000000000000000
0.437773603646851 -0.000184644469301 0.000000000000000
0.437515087675850 -0.000335816827245 0.000000000000000
0.074642772603993 -0.003490735120410 0.000000000000000
0.451989020578978 -0.003142587243582 0.000000000000000
0.841575438207806 0.011940489776230 0.000000000000000
0.562723325632108 -0.011427900552757 0.000000000000000
0.356164704185703 -0.057418491996970 0.000000000000000
0.437352913304522 -0.000046562490133 0.000000000000000
0.329120478885949 -0.003030368697535 0.000000000000000
0.302992432759488 -0.000104814876537 0.000000000000000
0.129366050634364 -0.000098168847460 0.000000000000000
0.130482967623090 0.000327803637372 0.000000000000000
0.300656561439894 0.001761986709561 0.000000000000000
0.441205144614387 0.004113726095801 0.000000000000000
0.378161329719678 0.003446559604392 0.000000000000000
-0.021009520075917 -0.023883926597777 0.000000000000000
0.336400279978629 -0.001366528095746 0.000000000000000
0.287717255285757 -0.001209635177207 0.000000000000000
0.243770979973314 -0.016390257044125 0.000000000000000
0.128254991920054 0.000046208749834 0.000000000000000
0.205065819507790 0.007399015887606 0.000000000000000
0.556203104565637 0.019263460565817 0.000000000000000
0.338227489661428 -0.000745063749456 0.000000000000000
0.287713273645851 -0.001023273186626 0.000000000000000
0.126793652904182 0.000099948324613 0.000000000000000
0.955042446176398 -0.004207215297756 0.000000000000000
-0.004990815219589 0.004305288185779 0.000000000000000
-0.007941129529135 0.019653342270420 0.000000000000000
0.215494246980877 -0.029017417060975 0.000000000000000
0.197176407570209 -0.016631095432694 0.000000000000000
0.088870739278988 -0.003270777970899 0.000000000000000
0.338175910224979 -0.000715209876128 0.000000000000000
0.287298316569465 -0.001028431375402 0.000000000000000
0.126405869774046 0.000071634334225 0.000000000000000
0.511229514600207 0.009761559698658 0.000000000000000
0.328790422660098 -0.000821467005640 0.000000000000000
0.282604914883902 -0.001114258413094 0.000000000000000
0.123720508916675 0.000115369138416 0.000000000000000
0.837128207056094 -0.113447313123848 0.000000000000000
0.760095492741078 -0.080274750819168 0.000000000000000
0.659783698158583 -0.038265085590270 0.000000000000000
0.659013946613589 -0.056399793903117 0.000000000000000
0.188563952648635 0.004815565062273 0.000000000000000
0.177270214493786 -0.003703592375547 0.000000000000000
0.337644225340233 -0.000625435632650 0.000000000000000
0.285594308410546 -0.000994136011045 0.000000000000000
0.126570915146375 0.000012197901394 0.000000000000000
0.139810772877856 0.000343203355028 0.000000000000000
0.141835649746937 -0.000010143248690 0.000000000000000
0.115837873763545 0.000072000863638 0.000000000000000
0.282486907235267 0.001012078203061 0.000000000000000
0.120193391197606 0.000033338123190 0.000000000000000
0.286600261416980 0.000720877176815 0.000000000000000
0.279266518229925 -0.000234088627141 0.000000000000000
0.126355817918648 -0.000852738378049 0.000000000000000
0.120184652024930 0.000031823703615 0.000000000000000
0.284996855740801 0.000741526254363 0.000000000000000
0.274174784698920 -0.000511965496785 0.000000000000000
0.121821293400346 -0.000975809479491 0.000000000000000
0.326966493459523 0.000610540097480 0.000000000000000
0.121048394431173 0.000007183338209 0.000000000000000
0.286285188871638 0.000499187572526 0.000000000000000
0.282944115232959 -0.000535945130781 0.000000000000000
0.126426105339957 -0.000920285558714 0.000000000000000
0.123143198497814 -0.000239411194434 0.000000000000000
0.290673994202912 -0.000353709120557 0.000000000000000
0.337111760486857 0.000305751351851 0.000000000000000
0.283270958461376 -0.000607293141058 0.000000000000000
0.126533601323357 -0.000925717286002 0.000000000000000
0.365580438761134 0.000552634018449 0.000000000000000
0.337288634886836 0.000271182774231 0.000000000000000
0.285251423687841 -0.001082878950296 0.000000000000000
0.127476319120844 -0.001081565976370 0.000000000000000
0.355544335319422 -0.000018742945201 0.000000000000000
0.338877392193001 -0.000250671636271 0.000000000000000
0.289895546716338 -0.001520579277698 0.000000000000000
0.130317258752218 -0.000938396981218 0.000000000000000
0.345155677176404 -0.001489166820285 0.000000000000000
0.775768026080834 0.014657575424660 0.000000000000000
0.133345549858679 -0.002210239124448 0.000000000000000
0.120960305660150 -0.000188555424592 0.000000000000000
0.267770964729248 -0.000330961605685 0.000000000000000
1.101209516971384 -0.085395027315118 0.000000000000000
1.033621320913720 -0.128769162373538 0.000000000000000
1.049981955345513 -0.065959344188891 0.000000000000000
0.345160578289838 -0.036862380999289 0.000000000000000
0.708440053679938 -0.109614113609911 0.000000000000000
0.363094591672422 -0.003729907361989 0.000000000000000
0.713897441848976 -0.006232969412555 0.000000000000000
0.434502250387257 0.001186530863064 0.000000000000000
0.091800680838028 -0.000798983998846 0.000000000000000
0.283644280051128 0.000354488507421 0.000000000000000
0.118564749484768 0.000832061478297 0.000000000000000
1.111316834609058 -0.289922799924779 0.000000000000000
0.371438063163125 -0.002300087830316 0.000000000000000
0.285345557480451 0.000507387056077 0.000000000000000
0.121173821460362 0.000845851283024 0.000000000000000
0.972541807092895 -0.185321520104469 0.000000000000000
0.413851420780745 0.007131900214094 0.000000000000000
0.355774919983359 -0.000051455055339 0.000000000000000
0.278068464600672 0.000389251881708 0.000000000000000
0.118203212089048 0.000908401736921 0.000000000000000
0.391042325900435 0.000084037337115 0.000000000000000
0.411161699763271 0.000821507515349 0.000000000000000
0.421013608910544 -0.000333520413006 0.000000000000000
0.392889996684449 -0.000281655342732 0.000000000000000
0.421862951123060 -0.000216424253678 0.000000000000000
0.437574815367147 -0.007810368796481 0.000000000000000
0.433574310863563 -0.008512212996392 0.000000000000000
0.434454821665977 -0.003012721947973 0.000000000000000
0.435757015788969 -0.003017187014444 0.000000000000000
0.211726795798894 0.001350253140581 0.000000000000000
0.362244135215373 -0.000073923800329 0.000000000000000
0.279137625947025 0.000445630939042 0.000000000000000
0.434203878605413 -0.000943018969219 0.000000000000000
0.437235498048252 -0.000896517589388 0.000000000000000
0.120739092888840 0.000866409241615 0.000000000000000
0.434314102435053 -0.000526267557412 0.000000000000000
0.437808090152419 -0.000475739924404 0.000000000000000
0.395461652975060 0.000227317974526 0.000000000000000
0.422466261143549 0.000245254787547 0.000000000000000
0.436158665950103 -0.028194335217958 0.000000000000000
0.859444669982355 -0.033503189596272 0.000000000000000
0.362037003308921 -0.000081839535539 0.000000000000000
0.279718262928431 0.000430038468079 0.000000000000000
0.121261737475713 0.000875853945687 0.000000000000000
0.949333403249438 0.028212443792224 0.000000000000000
0.437741735341589 -0.000096630439192 0.000000000000000
0.434551042310188 -0.000376228023626 0.000000000000000
0.420971029741750 0.006335471301306 0.000000000000000
0.358052631992007 -0.001390348001618 0.000000000000000
0.278695889453802 -0.000124070484746 0.000000000000000
0.122564707414570 0.000740865526406 0.000000000000000
0.428815410365620 -0.006943122239978 0.000000000000000
0.207222834998991 -0.117328563871537 0.000000000000000
0.396894487981977 -0.158971891757221 0.000000000000000
0.340916211190652 -0.159181586246653 0.000000000000000
0.349527261205916 -0.001713852543537 0.000000000000000
0.437677762730126 -0.000021918059597 0.000000000000000
0.434146922081982 -0.000148600720227 0.000000000000000
0.126231289992497 -0.002663863232935 0.000000000000000
0.133329954286184 0.001396514590026 0.000000000000000
0.550100270510219 -0.051068584084269 0.000000000000000
0.430628499599426 0.001208517570358 0.000000000000000
0.435749556228684 0.000560888194032 0.000000000000000
0.479108546497817 -0.003907509070658 0.000000000000000
1.223694930107680 -0.346181374776776 0.000000000000000
1.151553920246616 -0.330850402733635 0.000000000000000
0.335127930002727 0.000474526068188 0.000000000000000
0.717534686949769 0.001395924002425 0.000000000000000
-0.003488525169077 -0.036554320466774 0.000000000000000
-0.029637188757989 -0.015315146737100 0.000000000000000
0.418874778503797 -0.000039380366298 0.000000000000000
0.430598274756581 -0.000144142854303 0.000000000000000
0.435016713702512 -0.000110877435964 0.000000000000000
0.591661976802534 -0.012827611950351 0.000000000000000
0.416482520999743 -0.000766830521735 0.000000000000000
0.428389015724614 -0.001231547009458 0.000000000000000
0.923230769082728 0.000701292037127 0.000000000000000
0.407319180002757 -0.004374953494760 0.000000000000000
0.420309197806338 -0.005668835947837 0.000000000000000
0.446123743393168 -0.010693665259195 0.000000000000000
0.543205305680776 -0.238190952559771 0.000000000000000
0.474502154433679 -0.195561482415091 0.000000000000000
0.666995492079975 -0.223878466374576 0.000000000000000
0.276645529614552 -0.001487480232705 0.000000000000000
0.128287749850208 0.000551882565182 0.000000000000000
0.341144435900633 0.004627326313571 0.000000000000000
-0.023442951679434 -0.003532550023791 0.000000000000000
0.538803685288905 -0.293312464302492 0.000000000000000
0.053113542785618 -0.063189743146993 0.000000000000000
0.406233526829594 -0.000075254196050 0.000000000000000
0.383110940915480 0.000183284101809 0.000000000000000
0.124301489162650 0.001131375901815 0.000000000000000
0.211717946746551 -0.119906634165420 0.000000000000000
0.124711567518490 -0.000594813109498 0.000000000000000
0.405135046995275 -0.000320749211259 0.000000000000000
0.382221677162193 0.000082180020931 0.000000000000000
0.399141129827098 -0.002424577312298 0.000000000000000
0.376253629662031 -0.001884451698910 0.000000000000000
0.162745060292074 -0.021010817013955 0.000000000000000
0.429487119591508 -0.005303311419623 0.000000000000000
0.424029670799349 -0.003715975842615 0.000000000000000
0.855577476782023 -0.229099734124616 0.000000000000000
0.434513502431588 -0.001210276860126 0.000000000000000
0.429411235949689 -0.000896018631189 0.000000000000000
0.436128558082513 -0.000211021761911 0.000000000000000
0.430724174656218 -0.000269742403498 0.000000000000000
0.075939562491808 -0.003718401239773 0.000000000000000
0.129748737073065 -0.001214308195208 0.000000000000000
0.288014912364620 -0.000762099177473 0.000000000000000
0.285741352251716 0.002495037402393 0.000000000000000
0.419749169694594 -0.000176195751667 0.000000000000000
0.432666071741755 -0.000344195070868 0.000000000000000
0.418419512894822 -0.000631766431167 0.000000000000000
0.764212165498283 0.023641828304622 0.000000000000000
1.010253062158943 -0.023496234399000 0.000000000000000
0.412268516453446 -0.002911212002365 0.000000000000000
0.332046940628461 -0.006268569581253 0.000000000000000
0.874562794951915 -0.006232968210191 0.000000000000000
0.427425115817228 0.000411527692346 0.000000000000000
0.305754283869209 0.002879865720413 0.000000000000000
0.434516110839741 -0.000241957502666 0.000000000000000
0.432486897409100 -0.001391315949266 0.000000000000000
0.821615301626919 -0.079365381653908 0.000000000000000
0.921899085475453 -0.154591577689023 0.000000000000000
0.425983964995813 -0.005880833180548 0.000000000000000
0.425721728990945 -0.000070498305641 0.000000000000000
0.779176083333522 -0.009698109393708 0.000000000000000
0.365730938242245 -0.000707228143758 0.000000000000000
0.416463511135602 -0.000966977617328 0.000000000000000
0.414516892626823 0.001623496802717 0.000000000000000
0.363295025626751 0.002478389120881 0.000000000000000
0.423966466842673 -0.000831117458786 0.000000000000000
0.416647624646159 -0.004098907147073 0.000000000000000
0.139089634693161 -0.068841112061749 0.000000000000000
0.285516105930459 -0.158274730507093 0.000000000000000
0.291133318176983 -0.001954747009361 0.000000000000000
0.370630353902795 0.007656897718832 0.000000000000000
0.420115420018321 0.001117539861910 0.000000000000000
0.418407126922582 -0.000814837817491 0.000000000000000
0.415864179111433 0.002446180496379 0.000000000000000
0.377184314838750 -0.000395586562686 0.000000000000000
0.372953320386552 0.002817436457474 0.000000000000000
0.132903317361770 -0.091340100653814 0.000000000000000
0.833851111953111 -0.322419466694163 0.000000000000000
0.555394861987902 -0.272930813965248 0.000000000000000
0.731356338332059 -0.017853346569886 0.000000000000000
0.909408477080862 -0.186952927075589 0.000000000000000
0.929802535513745 -0.263115367432936 0.000000000000000
0.993960867961511 -0.311979156893321 0.000000000000000
0.992648207534002 -0.224711476287530 0.000000000000000
0.337157889245096 0.002610245953404 0.000000000000000
0.340260914531836 -0.000402079244788 0.000000000000000
1.214013844488208 -0.308700335377996 0.000000000000000
1.140929582424897 -0.244113568737737 0.000000000000000
1.214347373528914 -0.263611178247478 0.000000000000000
1.147808699897616 -0.233822276926142 0.000000000000000
1.172858266160113 -0.188380248145446 0.000000000000000
1.107459968570286 -0.117691576316936 0.000000000000000
1.010391796875872 -0.109096024956289 0.000000000000000
