$MeshFormat
2.2 0 8
$EndMeshFormat
$Nodes
2373
1 0 2 0
2 0 1 0
3 2 1 0
4 2 0 0
5 13 0 0
6 13 2 0
7 0 1.75 0
8 0 1.5 0
9 0 1.25 0
10 0 1.875 0
11 0 1.625 0
12 0 1.374999999999966 0
13 0 1.125000000000122 0
14 0.2268574965617354 1 0
15 0.438275728944664 1 0
16 0.6353053936424183 1 0
17 0.8189257721431767 1 0
18 0.9900494678563363 1 0
19 1.14952696404611 1 0
20 1.298150835091024 1 0
21 1.436659777807476 1 0
22 1.565742177291037 1 0
23 1.686039599860639 1 0
24 1.798149877711112 1 0
25 1.902630251989342 1 0
26 0.1134287482808422 1 0
27 0.3325666127532157 1 0
28 0.5367905612935412 1 0
29 0.7271155828927975 1 0
30 0.9044876199997566 1 0
31 1.069788215951199 1 0
32 1.223838899568567 1 0
33 1.36740530644925 1 0
34 1.501200977549257 1 0
35 1.625890888575838 1 0
36 1.742094738785876 1 0
37 1.850390064850227 1 0
38 1.951315125994671 1 0
39 2 0.9067651417294449 0
40 2 0.800491178252264 0
41 2 0.679354540996016 0
42 2 0.5412766934162505 0
43 2 0.3838883542334047 0
44 2 0.2044888844904477 0
45 2 0.9533825708647274 0
46 2 0.8536281599908759 0
47 2 0.7399228596241014 0
48 2 0.6103156172061406 0
49 2 0.4625825238249344 0
50 2 0.2941886193619262 0
51 2 0.1022444422452239 0
52 2.249999999999941 0 0
53 2.49999999999925 0 0
54 2.749999999998458 0 0
55 2.999999999998265 0 0
56 3.249999999997259 0 0
57 3.49999999999619 0 0
58 3.749999999995122 0 0
59 3.999999999994053 0 0
60 4.249999999992985 0 0
61 4.499999999991918 0 0
62 4.749999999990849 0 0
63 4.999999999989781 0 0
64 5.249999999988713 0 0
65 5.499999999987645 0 0
66 5.749999999986577 0 0
67 5.999999999985509 0 0
68 6.249999999984441 0 0
69 6.499999999983373 0 0
70 6.749999999982306 0 0
71 6.999999999981237 0 0
72 7.24999999998017 0 0
73 7.499999999979274 0 0
74 7.749999999980052 0 0
75 7.999999999981001 0 0
76 8.249999999981952 0 0
77 8.499999999982901 0 0
78 8.749999999983851 0 0
79 8.999999999984802 0 0
80 9.249999999985752 0 0
81 9.499999999986702 0 0
82 9.749999999987651 0 0
83 9.999999999988601 0 0
84 10.24999999998955 0 0
85 10.4999999999905 0 0
86 10.74999999999145 0 0
87 10.9999999999924 0 0
88 11.24999999999335 0 0
89 11.4999999999943 0 0
90 11.74999999999525 0 0
91 11.9999999999962 0 0
92 12.24999999999715 0 0
93 12.4999999999981 0 0
94 12.74999999999905 0 0
95 2.124999999999991 0 0
96 2.374999999999604 0 0
97 2.624999999998819 0 0
98 2.874999999998391 0 0
99 3.124999999997699 0 0
100 3.37499999999688 0 0
101 3.624999999995606 0 0
102 3.874999999994641 0 0
103 4.124999999993502 0 0
104 4.374999999992511 0 0
105 4.624999999991381 0 0
106 4.87499999999029 0 0
107 5.124999999989113 0 0
108 5.374999999988185 0 0
109 5.624999999987159 0 0
110 5.874999999986004 0 0
111 6.124999999984906 0 0
112 6.37499999998387 0 0
113 6.624999999982855 0 0
114 6.874999999981809 0 0
115 7.124999999980703 0 0
116 7.374999999979733 0 0
117 7.624999999979663 0 0
118 7.874999999980537 0 0
119 8.124999999981419 0 0
120 8.37499999998251 0 0
121 8.624999999983251 0 0
122 8.874999999984325 0 0
123 9.124999999985331 0 0
124 9.37499999998639 0 0
125 9.624999999987054 0 0
126 9.874999999988184 0 0
127 10.12499999998915 0 0
128 10.37499999999003 0 0
129 10.62499999999098 0 0
130 10.87499999999186 0 0
131 11.12499999999295 0 0
132 11.37499999999383 0 0
133 11.62499999999472 0 0
134 11.87499999999578 0 0
135 12.12499999999675 0 0
136 12.37499999999763 0 0
137 12.62499999999858 0 0
138 12.87499999999953 0 0
139 13 0.2499999999995476 0
140 13 0.4999999999988241 0
141 13 0.7499999999980952 0
142 13 0.999999999997388 0
143 13 1.249999999998025 0
144 13 1.499999999998683 0
145 13 1.749999999999342 0
146 13 0.1249999999997412 0
147 13 0.3749999999991859 0
148 13 0.6249999999984597 0
149 13 0.8749999999977416 0
150 13 1.124999999997707 0
151 13 1.374999999998354 0
152 13 1.624999999999012 0
153 13 1.874999999999671 0
154 12.75000000000152 2 0
155 12.50000000000303 2 0
156 12.25000000000454 2 0
157 12.00000000000606 2 0
158 11.75000000000757 2 0
159 11.50000000000909 2 0
160 11.2500000000106 2 0
161 11.00000000001212 2 0
162 10.75000000001363 2 0
163 10.50000000001515 2 0
164 10.25000000001666 2 0
165 10.00000000001818 2 0
166 9.750000000019693 2 0
167 9.500000000021206 2 0
168 9.250000000022723 2 0
169 9.000000000024237 2 0
170 8.75000000002575 2 0
171 8.500000000027264 2 0
172 8.250000000028777 2 0
173 8.00000000003029 2 0
174 7.750000000031805 2 0
175 7.500000000033318 2 0
176 7.250000000034832 2 0
177 7.000000000036347 2 0
178 6.75000000003786 2 0
179 6.500000000039201 2 0
180 6.25000000003918 2 0
181 6.000000000038987 2 0
182 5.750000000038792 2 0
183 5.5000000000386 2 0
184 5.250000000038406 2 0
185 5.000000000037945 2 0
186 4.750000000036124 2 0
187 4.500000000034222 2 0
188 4.250000000032323 2 0
189 4.000000000030418 2 0
190 3.750000000028519 2 0
191 3.500000000026617 2 0
192 3.250000000024716 2 0
193 3.000000000022814 2 0
194 2.750000000020913 2 0
195 2.500000000019011 2 0
196 2.250000000017112 2 0
197 2.000000000015207 2 0
198 1.750000000013309 2 0
199 1.500000000011406 2 0
200 1.250000000009505 2 0
201 1.000000000007606 2 0
202 0.7500000000057021 2 0
203 0.5000000000038032 2 0
204 0.2500000000019007 2 0
205 12.87500000000087 2 0
206 12.62500000000236 2 0
207 12.37500000000366 2 0
208 12.12500000000513 2 0
209 11.87500000000695 2 0
210 11.62500000000839 2 0
211 11.3750000000096 2 0
212 11.12500000001138 2 0
213 10.87500000001295 2 0
214 10.62500000001431 2 0
215 10.37500000001584 2 0
216 10.12500000001732 2 0
217 9.87500000001898 2 0
218 9.625000000020366 2 0
219 9.375000000021997 2 0
220 9.125000000023494 2 0
221 8.875000000024883 2 0
222 8.625000000026436 2 0
223 8.37500000002802 2 0
224 8.125000000029537 2 0
225 7.87500000003107 2 0
226 7.62500000003253 2 0
227 7.375000000034052 2 0
228 7.125000000035605 2 0
229 6.875000000037096 2 0
230 6.625000000038453 2 0
231 6.375000000039199 2 0
232 6.125000000039083 2 0
233 5.875000000038932 2 0
234 5.625000000038606 2 0
235 5.375000000038503 2 0
236 5.125000000038106 2 0
237 4.875000000037117 2 0
238 4.625000000035126 2 0
239 4.375000000033346 2 0
240 4.125000000031356 2 0
241 3.87500000002947 2 0
242 3.625000000027567 2 0
243 3.375000000025668 2 0
244 3.125000000023764 2 0
245 2.875000000021998 2 0
246 2.625000000019929 2 0
247 2.375000000018149 2 0
248 2.125000000016089 2 0
249 1.875000000014259 2 0
250 1.625000000012429 2 0
251 1.375000000010431 2 0
252 1.125000000008676 2 0
253 0.8750000000066542 2 0
254 0.6250000000047997 2 0
255 0.3750000000028511 2 0
256 0.1250000000008722 2 0
257 2.953382570864639 0.953382570864722 0
258 3.960587996044562 0.9923168279823691 0
259 11.84828563261964 0.9971543049223235 0
260 7.125000000035596 1.000000000003417 0
261 10.63539083745867 1.016779502813528 0
262 9.399840149836345 0.9844033601852674 0
263 5.381615128189951 0.9822766615746605 0
264 8.35971142449872 0.9895600331682897 0
265 6.282978443134786 0.8404253452260082 0
266 1.953456137939846 1.485978866200257 0
267 2.448670732427239 1.279857168670072 0
268 2.4459629462586 0.8536281599908544 0
269 1.491985281102331 1.458550252740014 0
270 4.664191285425967 0.7489429466003744 0
271 11.28457836980276 1.308620442834921 0
272 10.00635230167729 1.311110105396816 0
273 7.722156426979625 1.304315299549259 0
274 1.069788215951223 1.424646555105205 0
275 7.679789949294039 0.6637564841449815 0
276 10.06656282401515 0.665657575165213 0
277 11.31875000000501 0.6523437500004153 0
278 4.807261461932467 1.329383052826663 0
279 3.4544052811916 1.369029251623173 0
280 2.387483836462114 0.4625825238248276 0
281 12.38449171061248 1.351197215541836 0
282 12.31864443564541 0.6220006873874966 0
283 8.871527777800727 0.6193576388844622 0
284 8.871527777797006 1.380642361109767 0
285 6.589585085420714 1.43410243407307 0
286 5.887549059574289 1.35380343730799 0
287 3.472352609861937 0.6090004253120177 0
288 0.5712480145372697 1.52174091772929 0
289 6.696827426721024 0.610128751990052 0
290 5.753467233085577 0.5662860677695247 0
291 4.293344284654882 1.443152380083671 0
292 1.744673610174739 1.290594679085277 0
293 5.073715501557057 0.4673375914103694 0
294 2.875329071565607 0.4717349898526833 0
295 4.182567413127488 0.51958077976386 0
296 2.951878791785698 1.501023297896202 0
297 9.566502571719809 0.5161253214609278 0
298 10.81650257171321 0.5161253214614974 0
299 8.183114805971085 0.5148647258418919 0
300 11.72675748753134 1.489282185940893 0
301 10.77324251249062 1.489282185941169 0
302 9.523242512498578 1.489282185941498 0
303 8.22340870952991 1.489892193328344 0
304 7.262928548820892 1.457482953379705 0
305 5.36376151134852 1.4143896184139 0
306 11.87499999999573 0.4921875000002409 0
307 2.163409673367577 1.271417932683954 0
308 2.25957405589941 1.608027899442051 0
309 2.219087162346312 0.9442002666299614 0
310 7.190962251643052 0.5000426019468651 0
311 1.931048528335842 1.210612419115646 0
312 3.87264781335147 1.606426958039832 0
313 6.34660120331676 0.4310651091898 0
314 2.188507475315608 0.7377884019671444 0
315 10.34312007764259 1.589946329246129 0
316 12.58518653219768 0.989039173730506 0
317 6.247098893285617 1.607846851724108 0
318 10.41144668145848 0.3972604580021978 0
319 1.327908045360911 1.239015279754864 0
320 4.40215570883694 1.001225582137897 0
321 9.784846359712052 0.9775163275766698 0
322 11.03484635970451 0.9775163275767478 0
323 7.960898370963845 0.9788251218517778 0
324 6.710462648455685 1.000536434938958 0
325 5.809687262994395 0.9894534700391447 0
326 3.796122790465245 0.3698750777404385 0
327 3.352827130020077 0.9844603305300821 0
328 4.978465191833802 0.9909226246168906 0
329 8.763681041987569 0.9999999999965902 0
330 9.176957858254051 0.3775601215367772 0
331 8.549778704850352 0.3771804114212342 0
332 1.69211661643823 1.671427357800685 0
333 0.8151760235531288 1.293746446191101 0
334 1.272443061918323 1.675213368266627 0
335 10.22017956553405 1.014386516558583 0
336 11.44073941235266 0.9862992017042842 0
337 7.521727241811268 1.005501327084762 0
338 4.668110553021264 0.3603574411451282 0
339 12.14377129907831 1.628540007854919 0
340 9.159956727758436 1.637126828103181 0
341 8.585877039536321 1.637277951381217 0
342 0.8535640533336794 1.68101437023866 0
343 6.906033654576913 1.639955545379306 0
344 0.3325666127531997 1.295833073627025 0
345 12.61982988613306 1.620052555083589 0
346 12.58693766790919 0.3494976860295161 0
347 2.646072042858763 1.6161689691993 0
348 4.603898561312318 1.644670906934554 0
349 11.10814693575935 1.646284221281497 0
350 9.86528807426027 1.661278162003834 0
351 7.889329346274809 1.647553912060519 0
352 3.259915331022597 0.3444045883879234 0
353 11.50470332888725 0.381150491057244 0
354 5.472822305092118 0.3405538239504761 0
355 11.14804638844388 0.341554404026339 0
356 9.883299201268796 0.3420936358299049 0
357 7.87085062473388 0.3287862504499651 0
358 2.628418039965033 0.6264473627510933 0
359 2.678686800245633 1.058689424536391 0
360 12.23047983659918 0.9383360002580091 0
361 5.01844499489582 1.649109908558475 0
362 6.311978512222832 1.229352884041483 0
363 3.246266395589766 1.654065782203654 0
364 1.559718206204593 1.19587429094402 0
365 12.17899527543346 0.3298585805268782 0
366 5.688349391385702 1.664327361010786 0
367 7.493966831804087 0.3494691788864702 0
368 3.134904032120483 0.6802847123858072 0
369 8.544900635819579 1.289378872463443 0
370 12.04327103307162 1.299673909872769 0
371 9.197822586626167 1.288939298403877 0
372 6.932596605365681 1.278673688758741 0
373 7.547523827985373 1.677934838514148 0
374 11.45669176826507 1.687500627039073 0
375 3.107025089770881 1.235475193761484 0
376 5.967897241608004 0.319627010952431 0
377 2.674351338906646 0.2715173062756154 0
378 8.55384237667689 0.7224482876127362 0
379 0.3077974474707316 1.647932440441758 0
380 9.188252250556944 0.7237192989103068 0
381 2.222985256356421 0.2900450913960161 0
382 3.571285855634539 1.130140550714788 0
383 3.785132223405671 0.7474618511300939 0
384 1.069676770242289 1.228720471966477 0
385 2.411978150326353 1.093483529746834 0
386 10.43161621095319 0.7362046628167055 0
387 5.182058788830225 1.264498117548252 0
388 2.165365260799959 1.114915529051725 0
389 6.944822936528976 0.33540871209959 0
390 5.458976687817216 0.7371834375034128 0
391 10.43209067825116 1.184809862749459 0
392 11.63717919685204 0.7122489818680275 0
393 5.545154156397633 1.266345107489541 0
394 8.871302117321685 0.3162950212546166 0
395 4.683492473899202 1.120341087234145 0
396 6.643455726891446 1.714085317099094 0
397 12.68610412892249 1.296749641600808 0
398 12.68998129849983 0.7207892794803636 0
399 3.545952391767147 1.733260023318221 0
400 4.143617878073926 1.713660609899783 0
401 2.225269806738857 0.5201097662759603 0
402 6.550083833626955 0.2890280872872025 0
403 2.053348186692949 1.740895247357782 0
404 4.898477877172875 0.3283475801322699 0
405 6.074261858678286 0.6567328671924462 0
406 4.021684615517818 1.299578486361873 0
407 7.006368462663435 0.7051943602811654 0
408 8.873399670660012 1.690135732155768 0
409 3.497899597150023 0.3481359654074315 0
410 9.046654363415449 1.008165688500503 0
411 1.742718853432749 1.130737715513644 0
412 9.659412367185414 1.234525955976348 0
413 10.92043096710486 1.237878541061003 0
414 2.755905632473753 1.267226015493475 0
415 8.064470106511971 1.235511983015175 0
416 0.5549453596984953 1.23243069626795 0
417 6.002801713112501 1.699283786707177 0
418 1.292065177076222 1.425222462504917 0
419 2.128005739422802 0.8515182418732334 0
420 7.327810461428149 0.7311319773228933 0
421 12.29458243134709 1.764992310753399 0
422 4.438538931560604 0.2981402770261363 0
423 10.59554631733866 1.724598718128605 0
424 6.461608364277989 0.6728978479443735 0
425 4.177090561323074 0.8149829431504263 0
426 12.09623470997988 0.6791104408690299 0
427 2.404947785951379 0.6607218367045946 0
428 1.750433691983221 1.486116528484939 0
429 10.63339016552973 0.2715682810509097 0
430 10.15339813572769 0.2685404704524195 0
431 0.6203523066773695 1.761076191393539 0
432 7.33838684210232 1.187200713835477 0
433 11.53337369846941 1.280775205386296 0
434 4.568257592998635 1.418744951349663 0
435 2.868630642593364 1.725808822575204 0
436 10.09503734607139 1.735954158242651 0
437 4.016450233827212 0.2952061478996174 0
438 4.919949794428487 0.7371860825502761 0
439 8.183929685054395 0.7923727949736495 0
440 9.558680585693256 0.7928623470766559 0
441 10.80868058568606 0.7928623470767785 0
442 9.395238011033484 0.2668936805804882 0
443 8.109579335490471 0.259563615306674 0
444 6.026416714762793 1.158085717058289 0
445 11.8472204505745 1.737353518924603 0
446 9.375791708687922 1.742666016910949 0
447 2.859836957571052 0.7213938461889609 0
448 2.148531794267481 1.466865548811227 0
449 5.740967956692266 0.3238122711588042 0
450 5.190519198759808 0.7845294313785565 0
451 2.649202254662572 0.8421978110427437 0
452 4.452958796908666 0.5765690579840201 0
453 8.331809928293723 1.739988360475275 0
454 7.146629071145968 1.733888938544629 0
455 9.822855103648948 0.6749875961778086 0
456 11.04877838436083 0.6673303955032724 0
457 7.9327112149457 0.6690121676971905 0
458 10.88209785055173 1.746045903569069 0
459 1.214905219326589 1.142643432499686 0
460 1.48818479781909 1.657046103756747 0
461 5.238060507270359 0.270408950382715 0
462 2.889851000748936 0.2265565729179229 0
463 5.372979126691758 1.828186893912184 0
464 11.88615758997573 0.2401668465527569 0
465 4.424072383750362 1.797848464006855 0
466 1.850390064850227 1.10139569319594 0
467 0.9207310601263902 1.152567582442738 0
468 3.561471894425256 0.8203286178200844 0
469 2.019989422113403 1.323164167990643 0
470 5.609593466045308 0.8893207651602014 0
471 11.81730194657849 1.244398379849762 0
472 7.503110074115647 1.426671503187366 0
473 10.68818789773929 1.246276783170665 0
474 6.463409986110301 1.023456868425446 0
475 2.095644567443702 0.9553358914200121 0
476 9.415166525673492 1.232736826142107 0
477 12.37144708397708 0.2031884315443926 0
478 3.681233691989498 1.320775427084093 0
479 1.875805749424468 1.343074611348825 0
480 1.036423971425146 1.641760027614793 0
481 8.324286480341444 1.233710997321675 0
482 2.417091666593312 0.2951632604895577 0
483 7.295159888774123 0.2434081543948766 0
484 4.844536445264599 1.79120622801549 0
485 2.297993513039569 1.379184373334168 0
486 8.392322598965547 0.2016304473119847 0
487 10.92492555291966 0.2507370578812356 0
488 2.46767103439849 1.71863996274914 0
489 6.374501894718527 1.789557568946572 0
490 1.967468406665665 1.083896966580241 0
491 0.8726940998917436 1.469180234323416 0
492 12.35812253480363 1.103918102018008 0
493 11.24919340678008 1.075281154082914 0
494 10.00266538770149 1.061291896374336 0
495 9.661469121198053 1.742658839660254 0
496 7.485603355817576 0.5811342823025172 0
497 2.288455780354855 1.17978576889546 0
498 7.744237544855445 1.065206611417059 0
499 8.075117438059344 1.802322558453413 0
500 3.883742227248914 1.812151223001567 0
501 11.36122639371563 0.2146972769341659 0
502 6.36605671593555 0.2017229840934081 0
503 11.83614670278011 0.7380998872838059 0
504 4.810337619991563 0.534685261177246 0
505 9.674511361252073 0.2501462909290088 0
506 1.833273389559345 1.813208061055516 0
507 10.13495151171706 1.501229267958217 0
508 4.430417582416034 0.7900173996717333 0
509 3.178241248247836 1.444492340377774 0
510 0.2015345835167851 1.443458255925541 0
511 10.57520680615439 0.5792088299708172 0
512 3.903105737875775 0.5461617590401708 0
513 0.7299247155913509 1.159102966800736 0
514 1.604565110652594 1.341684166705576 0
515 10.36834575373346 1.806181737174989 0
516 6.104019392857889 1.43490491277963 0
517 1.625514971918719 1.104430438146344 0
518 1.195180159768247 1.298512463156083 0
519 12.78182249853616 1.092307293380568 0
520 10.5363688623253 1.452380697543515 0
521 2.288654901596928 0.8057789008250649 0
522 4.148720197548592 1.113860414130476 0
523 2.908521755806112 1.120719230934996 0
524 1.445206977351637 1.155709276556557 0
525 9.331199841815295 0.5769021352191301 0
526 1.135098251443566 1.82989404251948 0
527 11.63500925771587 1.811295109930859 0
528 3.109399359864911 1.796534537277791 0
529 8.965730754613922 0.8129299187199497 0
530 10.37499999999005 0.1873920355306091 0
531 10.20035852686729 1.207577748996821 0
532 7.364652748679511 1.808621304601543 0
533 2.08458699666014 0.7373044347701425 0
534 8.406221447494113 0.59439422001553 0
535 2.119109374478291 0.6168056759943923 0
536 12.42939101293632 0.8110348045267122 0
537 10.83916698397453 1.054605482001932 0
538 9.579845633267189 1.050889549563649 0
539 6.93098781019703 1.094328893670292 0
540 6.411742316321321 1.426008172025161 0
541 8.163889365203783 1.053310724407697 0
542 8.984323698484943 1.204497336787539 0
543 9.124999999985265 0.1809824053551385 0
544 1.390192461273383 1.835691525983986 0
545 9.75834809765535 1.454017455986872 0
546 11.02280782601307 1.453652081891846 0
547 6.040428650404222 0.9136044277250464 0
548 8.624999999983357 0.1805244262469381 0
549 5.764738632614259 1.199391617201232 0
550 10.27488476597434 0.5549961668743286 0
551 2.464406894354411 1.497467890498357 0
552 7.936607589147489 1.425079383314592 0
553 6.806063204310279 0.7768723941856907 0
554 3.32597558610667 0.7611597767893179 0
555 11.28104125512973 1.540778798047481 0
556 12.81139806584674 0.9104271493173842 0
557 2.561706254545124 0.4576771383563408 0
558 3.845436960268848 0.1681911056597062 0
559 7.71617311563098 1.529811618273167 0
560 9.997912061679386 0.8555670189792111 0
561 11.24134535541881 0.8535144701905011 0
562 7.755235455812859 0.8548817120861599 0
563 6.747033144291625 1.232463384295299 0
564 5.66607670405108 1.450066819454646 0
565 11.33448862030456 0.4374003675499792 0
566 7.663474387576467 0.2076396608352053 0
567 3.112068676922926 0.2004674602557618 0
568 1.60896121085246 1.829562174766156 0
569 5.365576733241197 1.19444204977698 0
570 6.136095905223139 0.2255713791180647 0
571 6.174880500238963 1.819337641475571 0
572 11.9503250414889 1.471874512294579 0
573 12.79349130263415 0.5000828699305576 0
574 12.79500187367989 1.499244970667676 0
575 3.142069629421436 0.8830529661416551 0
576 9.295692650368034 1.472062249825449 0
577 3.360317285543353 1.798076476159026 0
578 1.891597260288267 1.631752278999678 0
579 4.381704889311854 1.235707061942354 0
580 4.063895219892588 1.470196569702916 0
581 1.826666309353967 1.211310768688971 0
582 2.251525653683982 1.804054111891449 0
583 7.558504658614961 1.207364580714613 0
584 11.26679291316398 1.787963379987781 0
585 7.729847262432354 1.788270245797915 0
586 8.552835976074299 1.090298393233015 0
587 8.441596335952317 1.471984404619567 0
588 2.054216291677064 1.173856998203183 0
589 0.9543855882457807 1.314741645677523 0
590 3.854582360904257 1.172734180323922 0
591 11.62885445027756 0.2134590192952797 0
592 12.78400819452477 1.779649595793294 0
593 12.78875943569778 0.2109560977499597 0
594 3.3239767210178 0.1786016028102234 0
595 2.360237339348838 0.9553258896395215 0
596 5.042626471182249 1.440924211351264 0
597 10.23045556153641 0.7909687381433643 0
598 7.032333747862429 1.458990827788737 0
599 11.65498082632994 0.8980689029717202 0
600 3.292582396580862 1.20357264470618 0
601 8.620631332721755 1.826843909456815 0
602 12.1071148362021 1.826177167506584 0
603 12.07510811407246 1.091714285830192 0
604 9.126777806512243 1.82722121870853 0
605 7.526170625484151 0.7915299279512776 0
606 0.1915646894168679 1.189433021024768 0
607 3.666969316614614 0.5559767426628237 0
608 6.875000000037101 1.833597976314711 0
609 5.842537221298766 0.7675581751504987 0
610 5.176933085654779 1.068763936946623 0
611 4.767353784573485 0.9045326400059941 0
612 9.068163935066732 0.5553819473306654 0
613 2.122403199390609 0.4450934129586334 0
614 7.094826899316274 0.1834197588076715 0
615 1.60706249051314 1.548600831765399 0
616 8.675290779986035 0.5556682405163349 0
617 3.964298200720849 0.7710212322582113 0
618 2.661469748739367 1.798881822297703 0
619 12.19553411743831 1.428433215724209 0
620 4.97847291222212 1.202472171753973 0
621 9.066086477847829 1.446557464395616 0
622 1.471361122533822 1.301268639875796 0
623 6.771809415750633 0.2041686707330433 0
624 8.672640651149957 1.444866719297029 0
625 6.559374535391399 0.4846969300155558 0
626 6.808506327401467 1.459711866232374 0
627 10.02430164589469 0.4733087734027353 0
628 6.926109581061732 0.5323930175752061 0
629 4.646329896910991 0.1574812077765423 0
630 4.807096818187862 1.549911239504806 0
631 6.269724711374142 0.6403856185856675 0
632 11.50067384645755 0.5615842447148656 0
633 3.782893088522522 0.939000543371578 0
634 10.43049098946931 0.9352760294765693 0
635 7.732383671358545 0.4675377425814744 0
636 11.49542235959199 1.487904456617538 0
637 5.122160457347443 1.824333941419724 0
638 3.071189337502611 0.4903014831392941 0
639 3.283458582360314 0.5470144444657279 0
640 11.46277515187796 0.7840245216729511 0
641 2.531289479194253 0.9825325066652102 0
642 6.531638392473161 1.222706217879688 0
643 12.52925245308094 0.5715874923460402 0
644 12.56998815050523 1.437029853396019 0
645 5.342736476083894 0.519905653101072 0
646 2.149746714889428 0.1494001473596504 0
647 5.404308703947375 0.164117514163086 0
648 4.624501478079525 1.84674511979138 0
649 12.04229767205773 0.8741869265015306 0
650 9.875000000018954 1.844827564256641 0
651 0.7288755580050845 1.564717334063133 0
652 5.812434226814541 1.811751878845048 0
653 0.4424163672717206 1.449888518096997 0
654 2.532132756709395 0.7457487926223215 0
655 3.418738124341274 1.572368433457851 0
656 5.900320368638495 0.1676712374118797 0
657 3.674097557428663 0.1768501077320752 0
658 1.339266868299462 1.108830794794382 0
659 6.56773223977389 0.8475349494731976 0
660 7.331383765115598 0.923337138452192 0
661 12.12499999999665 0.150687096992622 0
662 5.568244770244445 0.5333728607886783 0
663 0.1801522243940485 1.819925923871955 0
664 1.371967805563804 1.549623664792112 0
665 8.727683689498894 0.7796996965820032 0
666 12.3419634229865 0.4276746690411684 0
667 8.731651630218892 1.23494728048123 0
668 12.51619199461816 1.817256357565761 0
669 7.113464323305461 1.221181030255113 0
670 10.58706320621428 0.8101222505981653 0
671 12.6001999249814 0.1565648966291632 0
672 2.772941109436531 1.48850663416028 0
673 8.392756170243736 0.8027870697779407 0
674 9.338094449538643 0.7960061369200743 0
675 9.879488166287803 0.1545174578765685 0
676 11.12499999999288 0.1483101726957739 0
677 11.68105866561966 0.4903239398326016 0
678 0.4197188101379322 1.160172006062583 0
679 5.603875938147593 1.823843669450556 0
680 0.3894132071242087 1.812187256170194 0
681 0.6506452887281637 1.363635261373496 0
682 7.87986192716339 0.1502033451630594 0
683 11.62288670511508 1.10089399687322 0
684 0.8750000000066542 1.864278632444117 0
685 4.406638140158024 1.603615462454905 0
686 6.225042461326988 1.032985048495254 0
687 12.06650362187295 0.4899151364126866 0
688 2.075348447165147 1.051519713470094 0
689 2.061301487017591 1.586703968162199 0
690 4.589522167030325 0.9130119311300287 0
691 2.607200917730756 1.384776127279703 0
692 11.01690058833377 0.4660911489253078 0
693 9.762669022158349 0.4707632151123674 0
694 10.28122547522765 1.379297264381802 0
695 5.840548540725876 1.569953540593207 0
696 5.236577574230325 1.632623409431811 0
697 7.888858809365721 1.847629343262369 0
698 6.448152563409781 1.602550874795033 0
699 11.10140753989956 1.836058700967669 0
700 0.46624546861626 1.638565064766356 0
701 7.98769407118423 0.4638505493448981 0
702 2.572288618732998 1.177760795398614 0
703 1.18066678440712 1.537036402239762 0
704 6.741504621513451 0.4093040282834415 0
705 8.084475855130906 1.612796799603168 0
706 6.954681590915688 0.900265161265808 0
707 1.66722162350272 1.21131076868897 0
708 5.57939422991379 1.086871611873626 0
709 9.971995466276272 1.532717829917678 0
710 4.648899563836865 0.5551386767266922 0
711 4.30638155309461 0.6746663634244778 0
712 12.2113055019997 1.254987345797403 0
713 2.271288886505678 0.6376437933609513 0
714 2.9697916194625 1.334009567382347 0
715 5.058541733257276 0.1867711278274967 0
716 5.646563875698263 0.6987442612744632 0
717 6.121434837449744 0.463465052741774 0
718 0.1378968510763131 1.632263324047851 0
719 3.694408135413584 1.825417249859491 0
720 9.209384457304626 1.103481008871384 0
721 5.934028104498138 0.5074083314122349 0
722 11.17339279628961 0.5129440132010628 0
723 1.069209416214309 1.099675365843118 0
724 2.78936677326877 0.9435154502655079 0
725 2.162965146086946 1.024453184536488 0
726 8.325738857111439 0.3903802688130627 0
727 5.582229240934856 0.1631747355105931 0
728 12.5464181764405 1.180005827585995 0
729 2.261627927483925 1.055183745170313 0
730 3.670792834221509 1.544134013095825 0
731 12.24539038266531 0.7696079792560289 0
732 4.19173251955452 1.30009863951352 0
733 3.070883287616315 1.624384956066125 0
734 5.488603374309163 1.635572961945647 0
735 2.30796472756767 0.1469216998490448 0
736 1.530326758479561 1.089321803803782 0
737 8.558418446496685 0.8974655800617626 0
738 2.719928332510692 0.5097541286849386 0
739 9.191326070877654 0.9047842353512474 0
740 7.440520221622825 0.1601033988233104 0
741 12.38919851281895 1.578214502274247 0
742 2.091684419443593 0.2941886193619262 0
743 4.874999999990317 0.1289083207114469 0
744 11.39843927922036 1.172016768473001 0
745 11.11106348722089 1.196367541754353 0
746 9.850265718978093 1.200223901243641 0
747 7.375429568154597 1.628585214112344 0
748 3.126068095410667 1.063443822823186 0
749 7.876200177322303 1.18479231008441 0
750 3.860806089312856 1.402307605768077 0
751 4.231259429749043 0.185487867448269 0
752 2.265038750018453 0.4157441465432759 0
753 11.63222026473575 1.642667179690593 0
754 7.156034421966919 0.7933285398787234 0
755 5.155888004413708 0.3688732708965422 0
756 5.066128617407166 0.327054359618933 0
757 5.148301120263818 0.2285900391051058 0
758 3.000953293496244 0.802223406165308 0
759 3.047726100143037 0.9182177685031885 0
760 2.906609764217845 0.8373882085268414 0
761 4.123854831788128 0.2403470076739432 0
762 4.206913421438266 0.3525343236060645 0
763 4.09950882347735 0.4073934638317387 0
764 4.986096689364966 0.3978425857713196 0
765 4.978509805215076 0.2575593539798833 0
766 3.13848683077096 0.7816688392637312 0
767 2.997370494845768 0.7008392792873841 0
768 4.36562971487048 0.09274393372413448 0
769 4.240629714871014 0.09274393372413448 0
770 4.334899180654824 0.2418140722372026 0
771 4.310553172344045 0.4088605283949981 0
772 12.38309599731135 1.908628178782881 0
773 12.5080959973106 1.908628178782881 0
774 8.87246372422851 1.535389046632767 0
775 8.773020160904984 1.567501225726398 0
776 8.77208421447348 1.412754540203398 0
777 8.968807127822418 1.413599912752692 0
778 8.96974307425392 1.568346598275692 0
779 6.571727863465323 1.857042658549547 0
780 6.696727863464654 1.857042658549547 0
781 5.203193991265385 1.427656914882582 0
782 5.112342630006237 1.352711164449758 0
783 5.272910150089373 1.339443867981076 0
784 2.516682912958206 0.643584599727844 0
785 2.483327020248251 0.5591994875304678 0
786 2.595062147255078 0.542062250553717 0
787 1.399634583947366 1.27014195981533 0
788 1.381713149805022 1.363245551190357 0
789 1.309986611218567 1.332118871129891 0
790 2.474595045503619 0.4601298310905842 0
791 2.396215811206746 0.5616521802647111 0
792 9.322619005509619 0.1334468402902441 0
793 9.260119005509374 0.2239380429678134 0
794 9.187499999985509 0.09049120267756924 0
795 8.935651058653242 0.1581475106273083 0
796 8.810651058652768 0.1581475106273083 0
797 3.462056492827308 1.057300440622435 0
798 3.4319341261077 1.166856597710484 0
799 3.322704763300469 1.094016487618131 0
800 2.712175669452552 0.1357586531378077 0
801 2.587175669452948 0.1357586531378077 0
802 3.373493838886231 1.286300948164677 0
803 3.51284556841307 1.24958490116898 0
804 1.77043436557193 1.065368857756822 0
805 1.714379226646694 1.065368857756822 0
806 3.377905596111125 0.5780074348888729 0
807 3.390679089755168 0.4475752049365797 0
808 3.48512610350598 0.4785681953597246 0
809 4.042836575501632 0.5328712694020155 0
810 4.073432806924169 0.6453010060110356 0
811 3.933701969298312 0.6585914956491911 0
812 1.992632410006453 1.192234708659415 0
813 2.037102856895233 1.248510583096913 0
814 1.975518975224623 1.266888293553145 0
815 2.064002869711401 0.8260047100627488 0
816 2.064002869711401 0.8791416918013392 0
817 8.710540411086019 0.3467377163379254 0
818 8.773296448653859 0.4359816308854758 0
819 8.612534742418195 0.4664243259687845 0
820 0.09578234470843397 1.219716510512384 0
821 0.1965496364668265 1.316445638475154 0
822 0.1007672917583925 1.34672912796277 0
823 4.542824091368071 1.060783334686021 0
824 4.532598681605528 1.178024074588249 0
825 4.391930299074398 1.118466322040125 0
826 12.27229121567582 1.8824961553767 0
827 12.40538721298263 1.79112433415958 0
828 3.000959838835931 0.2135120165868424 0
829 3.091629007212769 0.345384471697528 0
830 2.980520169125774 0.3584290280286085 0
831 4.760664948450653 0.1431947642439946 0
832 4.77155527650579 0.2446328809282875 0
833 4.657220224966127 0.2589193244608352 0
834 4.469269465776261 0.1490701385130681 0
835 7.067892594086014 0.4177256570232275 0
836 7.019824917922625 0.2594142354536307 0
837 7.142894575479663 0.3417311803772683 0
838 6.635904707867003 0.1020843353665217 0
839 6.660946624688794 0.2465983790101229 0
840 6.525041916805164 0.1445140436436013 0
841 2.882590036157271 0.3491457813853031 0
842 2.973259204534109 0.4810182364959887 0
843 3.37890746408631 0.3462702768976775 0
844 3.271686956691456 0.4457095164268257 0
845 12.89674565131708 0.3750414349650526 0
846 12.79112536916597 0.3555194838402587 0
847 12.89437971784889 0.2304780488747537 0
848 12.89200409726239 1.764824797896318 0
849 12.78950503410233 1.639447283230485 0
850 12.89750093683994 1.624622485333509 0
851 4.94202656077431 0.5010114262938077 0
852 4.854407748582219 0.4315164206547579 0
853 11.38339645658653 1.893981689993891 0
854 11.36174234071453 1.737732003513427 0
855 11.47834588413708 1.843750313519537 0
856 4.179828987225281 0.6672818614571432 0
857 4.070694381021962 0.7930020877043188 0
858 4.886738938581596 0.2286279504218584 0
859 4.783294215097069 0.344352510638699 0
860 7.523761914009345 1.838967419257074 0
861 7.638685545208864 1.733102542156031 0
862 7.614923631232836 1.894135122898957 0
863 9.122560896660392 0.4664710344337213 0
864 8.969733026194209 0.435838484292641 0
865 9.024129987787868 0.3469275713956969 0
866 0.6027953242133295 1.298032978820723 0
867 0.5465308279999421 1.406761889735246 0
868 0.498680863485108 1.341159607182473 0
869 0.5275121018901753 1.080086003031291 0
870 0.4289972695412981 1.080086003031291 0
871 4.071808939052172 1.856830304949892 0
872 4.196808939053124 1.856830304949892 0
873 9.640795305076964 1.471649820964185 0
874 9.709908609426702 1.598338147823563 0
875 9.592355816848315 1.615970512800876 0
876 7.173498336804986 0.6466855709127943 0
877 7.081201442315177 0.7492614500799444 0
878 7.098665357153243 0.6026184811140153 0
879 2.09169954774049 1.297291050337298 0
880 2.10881298252232 1.222637465443568 0
881 2.545721502749979 0.2833402833825865 0
882 2.458545833296281 0.1475816302447788 0
883 4.687759527465551 1.374064002088163 0
884 4.625875033448919 1.269543019291904 0
885 4.745376967915835 1.224862070030404 0
886 6.774744690734179 1.6770204312392 0
887 6.725981027146457 1.586898591665734 0
888 6.85726999098919 1.54983370580584 0
889 6.69904570641109 1.446907150152722 0
890 6.61652040615608 1.574093875586082 0
891 4.445748864234635 0.4373546675050782 0
892 4.317763105018077 0.54807491887394 0
893 4.560534674964965 0.4684632495645742 0
894 4.553324742290934 0.3292488590856322 0
895 8.773409278893382 0.5875129397003985 0
896 8.871414947561206 0.4678263300695394 0
897 7.2593863565356 0.6155872896348792 0
898 7.241922441697534 0.7622302586008083 0
899 6.76090470786647 0.1020843353665217 0
900 7.243061070208587 0.3717253781708709 0
901 7.394563360289105 0.2964386666406734 0
902 7.34246454172357 0.4247558904166677 0
903 0.5951253766704568 1.116215348133975 0
904 0.4873320849182138 1.196301351165266 0
905 6.124950303199059 1.653565319215642 0
906 6.053410552985195 1.567094349743404 0
907 6.175559143071753 1.521375882251869 0
908 8.629258845343138 1.541072335339123 0
909 8.729638355098167 1.663706841768492 0
910 1.392025229089276 1.441886357622465 0
911 1.481673201818076 1.379909446307905 0
912 2.026674093354078 1.870447623678891 0
913 2.152436920188466 1.772474679624616 0
914 2.125762826849595 1.902027055945725 0
915 12.19257402875918 0.5559579119000916 0
916 12.20423352242973 0.4587949027269275 0
917 12.33030392931596 0.5248376782143325 0
918 12.89674565131708 0.5000414349646909 0
919 12.89750093683994 1.499622485333179 0
920 7.489785093810832 0.4653017305944937 0
921 7.338282803730314 0.5405884421246912 0
922 2.797628702038149 0.4907445592688109 0
923 2.697139835708669 0.390635717480277 0
924 2.774840205236126 0.3716261480641493 0
925 9.016678199209224 1.663631280129474 0
926 9.113021602803133 1.541842146249398 0
927 9.792762062903648 0.572875405645088 0
928 9.893485334026519 0.4720359942575513 0
929 9.923578374771818 0.5741481847902719 0
930 8.969845856433729 0.5873697931075638 0
931 10.32533527750168 0.9748312730175763 0
932 10.43129083386024 1.060042946113014 0
933 10.32613512189261 1.099598189654021 0
934 10.53374075785491 1.100794682781493 0
935 10.53294091346399 0.9760277661450485 0
936 12.20743957281264 0.6505555641282632 0
937 12.08136916592641 0.5845127886408583 0
938 5.286067163474879 0.8834030464766085 0
939 5.324747943288513 0.7608564344409846 0
940 5.420295908003584 0.8597300495390366 0
941 12.1227494486532 0.4098868584697824 0
942 11.97633060592434 0.3650409914827217 0
943 12.0325764327046 0.2850127135398176 0
944 5.921675126919189 1.634618663650192 0
945 5.972283966791883 1.502429226686419 0
946 5.300169542789423 1.523506513922856 0
947 5.139602022706287 1.536773810391537 0
948 9.447619005510093 0.1334468402902441 0
949 3.569660963238276 0.5824885839874208 0
950 3.614220605519935 0.688152680241454 0
951 3.516912252143596 0.714664521566051 0
952 4.474981241155245 1.327226006646008 0
953 7.432326374356414 1.904310652300772 0
954 7.456088288332442 1.743278071557845 0
955 3.673302058915463 0.7838952344750891 0
956 3.726050770010143 0.6517192968964588 0
957 11.54585051299047 1.749397868484966 0
958 11.56750462886248 1.90564755496543 0
959 12.29236631512863 1.503323858999228 0
960 12.26648490594863 1.603377255064583 0
961 12.16965270825831 1.528486611789564 0
962 12.34189047208302 1.671603406513823 0
963 12.2191768652127 1.696766159304159 0
964 3.457149512222666 0.9023944741750832 0
965 3.566378875029898 0.975234584267436 0
966 12.89750093683994 1.37462248533285 0
967 12.74055300130119 1.397997306134242 0
968 12.84305206446124 1.273374820799417 0
969 12.84499064924992 0.7353946397392295 0
970 12.74173630056699 0.6104360747054607 0
971 12.89674565131708 0.6250414349643264 0
972 4.996832647992772 0.6022618369803228 0
973 4.865143707210025 0.635935671863761 0
974 8.811699835342882 1.845067866077884 0
975 8.936699835342125 1.845067866077884 0
976 9.944708963832049 0.6703225856715107 0
977 10.04543223495492 0.5694831742839741 0
978 6.759227863464274 1.773841646706902 0
979 6.812500000037481 1.916798988157356 0
980 2.782101169827791 0.2490369395967692 0
981 1.74755365107898 1.388355603785108 0
982 1.677499401317908 1.413900347595257 0
983 1.674619360413667 1.316139422895426 0
984 11.56442722513593 0.1067295096476399 0
985 11.49504042199659 0.2140781481147228 0
986 11.43061319685496 0.1073486384670829 0
987 9.131954532236998 1.367748381399747 0
988 9.025205088166386 1.325527400591577 0
989 9.091073142555555 1.246718317595708 0
990 12.47932173300863 0.6913111484363762 0
991 12.37401772429086 0.7165177459571044 0
992 12.42394844436317 0.5967940898667684 0
993 10.34316572371641 0.4761283124382633 0
994 10.21414145085101 0.411768318663374 0
995 10.28242240859309 0.3329004642273087 0
996 2.368563256391047 1.229821468782766 0
997 2.350216965340604 1.136634649321147 0
998 2.430324441376796 1.186670349208453 0
999 8.587389352416855 0.2788524188340861 0
1000 8.748151058652521 0.2484097237507774 0
1001 2.580275398337214 0.6860980776867074 0
1002 2.468540271330387 0.703235314663458 0
1003 10.5477731586769 1.862299359064303 0
1004 10.67277315867614 1.862299359064303 0
1005 3.626259773812019 1.22545798889944 0
1006 3.567819486590549 1.344902339353633 0
1007 2.373332122733404 1.32952077100212 0
1008 2.293224646697212 1.279485071114814 0
1009 4.349991212406453 1.523383921269288 0
1010 4.275128009115974 1.658638036177344 0
1011 4.218481081364404 1.578406494991727 0
1012 0.2670505981349924 1.369645664776283 0
1013 0.2620656510850338 1.242633047325896 0
1014 7.047413449648756 0.09170987940383574 0
1015 6.933318157533454 0.1937942147703574 0
1016 6.885904707865935 0.1020843353665217 0
1017 10.69169508276059 0.1357841405254549 0
1018 10.56669508276011 0.1357841405254549 0
1019 7.832547443152123 0.5682749551393325 0
1020 7.860038871271387 0.4656941459631863 0
1021 7.960202643064965 0.5664313585210443 0
1022 5.27381776103571 1.229470083662616 0
1023 5.364669122294858 1.30441583409544 0
1024 12.55968615571807 0.7659120420035379 0
1025 12.60961687579038 0.6461883859132019 0
1026 8.998151058653475 0.2486387133048776 0
1027 9.150978929119658 0.2792712634459579 0
1028 10.50419508275989 0.2294801582907594 0
1029 10.43749999999028 0.09369601776530455 0
1030 6.858316176139804 0.2697886914163167 0
1031 10.05347348899667 1.516973548937948 0
1032 10.11499442889423 1.618591713100434 0
1033 10.03351640617383 1.634335994080165 0
1034 1.810239679799604 1.316834645217051 0
1035 1.813119720703845 1.414595569916882 0
1036 5.454457833873077 1.34036736295172 0
1037 5.605615430224356 1.358205963472093 0
1038 5.5149191076998 1.432228218934273 0
1039 7.14763114834166 1.458236890584221 0
1040 7.072899035583945 1.340085929021925 0
1041 7.188196436063176 1.339331991817409 0
1042 10.73882208394519 1.735322310848837 0
1043 10.81604892528268 1.873022951784534 0
1044 11.78360812779769 0.3652453931926793 0
1045 11.65495655794861 0.3518914795639407 0
1046 11.75750602012664 0.2268129329240183 0
1047 10.20169906785862 0.1342702352262097 0
1048 10.07669906785815 0.1342702352262097 0
1049 2.173546450884556 0.8978592542515974 0
1050 2.208330320509865 0.8286485713491492 0
1051 2.25387103197162 0.8749895837275131 0
1052 6.632279833247457 0.7288318507316248 0
1053 6.514670302025939 0.7602163987087856 0
1054 6.579217895499506 0.6415132999672127 0
1055 2.819925500373697 0.1132782864589615 0
1056 9.286097934643767 0.3222269010586327 0
1057 5.455365444819415 1.23039357863326 0
1058 10.14959320593451 0.5141524701385319 0
1059 10.08884989081119 0.3709246219275774 0
1060 1.762695002998788 1.7423177094281 0
1061 1.721117300205903 1.821385117910836 0
1062 1.650538913645345 1.75049476628342 0
1063 5.534285076931262 0.813252101331807 0
1064 5.495604297117629 0.935798713367431 0
1065 9.096854077894784 1.153989172829461 0
1066 9.203603521965396 1.196210153637631 0
1067 7.194993394045198 0.2134139566012741 0
1068 9.128019410360038 1.055823348685944 0
1069 9.015489030950196 1.106331512644021 0
1070 4.949207493131144 0.8640543535835834 0
1071 5.055234496594148 0.7608577569644163 0
1072 5.084492195296805 0.8877260279977235 0
1073 10.66178936759898 1.131528142992096 0
1074 10.56013928799522 1.215543322960062 0
1075 11.65911893123585 0.6012864608503146 0
1076 11.75860268419989 0.6142119135582038 0
1077 11.73666294981608 0.7251744345759168 0
1078 11.77802933280769 0.4912557199164213 0
1079 11.85557335138792 0.6151436936420234 0
1080 0.5068321909044952 1.485814717913143 0
1081 0.6109466516327167 1.442688089551393 0
1082 7.225925582703891 1.204190872045295 0
1083 7.300657695461606 1.322341833607591 0
1084 0.1007672917583925 1.47172912796277 0
1085 12.507288772567 0.9000369891286091 0
1086 12.63758391534876 0.8549142266054348 0
1087 7.058535916352392 0.5162178097610356 0
1088 6.935466258795354 0.433900864837398 0
1089 3.179699679944814 1.898267268638895 0
1090 3.234858322704132 1.797305506718408 0
1091 3.305158642784035 1.899038238079513 0
1092 4.573164948451455 0.07874060388827114 0
1093 4.542434414235798 0.2278107424013393 0
1094 2.965513147536832 0.6058476646641275 0
1095 3.103046684811547 0.5852930977625507 0
1096 1.085761111434356 1.735827035067137 0
1097 1.00504912572511 1.847086337481799 0
1098 0.9557119857159002 1.753019330029455 0
1099 2.229898180910643 0.6877160976640478 0
1100 2.279971894051303 0.7217113470930081 0
1101 2.238581188456268 0.7717836513961046 0
1102 11.40897603413609 1.294697824110608 0
1103 11.5143980290307 1.384339831001917 0
1104 11.39000036469737 1.39826244972623 0
1105 0.4437559862258476 1.264131884947487 0
1106 0.3874914900124601 1.372860795862011 0
1107 2.375762826851496 1.902027055945725 0
1108 2.359598344041236 1.761347037320295 0
1109 2.483835517208751 1.85931998137457 0
1110 4.978469052027961 1.096697398185432 0
1111 4.830982693060661 1.161406629494059 0
1112 4.830978832866502 1.055631855925518 0
1113 4.892867187077293 1.265927612290318 0
1114 10.01644315100775 0.211528964164494 0
1115 9.939744083138201 0.07725872893828424 0
1116 2.867583014568329 0.5965644180208221 0
1117 8.294668126732599 0.5546294729287109 0
1118 8.295075566274253 0.6933835074945898 0
1119 8.183522245512741 0.6536187604077708 0
1120 6.751445315515651 0.6935005730878714 0
1121 6.686897722042085 0.8122036718294441 0
1122 7.706086810326292 0.5656471133632279 0
1123 7.806250582119869 0.666384325921086 0
1124 9.763378597729162 1.701968500832044 0
1125 9.81181808595781 1.557647808995353 0
1126 6.890516827307007 1.736776760847008 0
1127 10.89802516925185 1.471467133916508 0
1128 10.9524528382824 1.599848992730458 0
1129 10.82767018152117 1.617664044755119 0
1130 7.946804792954772 0.8239186447744842 0
1131 8.058320450000046 0.7306924813354201 0
1132 8.072414028009121 0.8855989584127137 0
1133 0.9449940123794127 1.661387198926726 0
1134 0.8642820266701667 1.772646501341388 0
1135 8.415904964160493 1.869994180237637 0
1136 8.47622063050774 1.783416134966045 0
1137 8.56031566637451 1.913421954728408 0
1138 2.793604278025873 1.089704327735693 0
1139 2.832213694139933 1.193972623214235 0
1140 2.717296216359693 1.162957720014933 0
1141 10.81259157869964 0.654493834269138 0
1142 10.69194369592022 0.6860355885237979 0
1143 10.6958546889338 0.5476670757161573 0
1144 4.283845130912144 1.755754536953319 0
1145 4.337036191891342 1.898924232003427 0
1146 9.918641770268271 1.596997995960756 0
1147 9.98016271016583 1.698616160123242 0
1148 11.38823180736086 1.51434162733251 0
1149 11.28280981246624 1.424699620441201 0
1150 9.062499999985032 0.09049120267756924 0
1151 8.687499999983604 0.09026221312346906 0
1152 11.93028648982505 1.272036144861266 0
1153 11.94620503032548 1.168056332839977 0
1154 12.05918957357204 1.195694097851481 0
1155 9.518630414942987 1.742662428285601 0
1156 9.44951711059325 1.615974101426223 0
1157 11.43296486130144 0.297923883995705 0
1158 11.5667788895824 0.2973047551762619 0
1159 3.906286512146228 0.332540612820028 0
1160 3.959777985851493 0.4206839534698941 0
1161 3.84961426417051 0.4580184183903047 0
1162 3.582434456882319 0.4520563540351276 0
1163 3.303291840566559 1.72607112918134 0
1164 3.177832877727338 1.725300159740722 0
1165 9.076991502585432 0.7683246088151283 0
1166 9.016947344840327 0.6841559330253075 0
1167 9.128208092811839 0.6395506231204862 0
1168 8.927925738140974 1.292569848948653 0
1169 12.00557879498619 0.1954269717726895 0
1170 12.15199763771506 0.2402728387597501 0
1171 2.250762826850547 1.902027055945725 0
1172 6.937500000036724 1.916798988157356 0
1173 7.010814535591535 1.78374345742967 0
1174 7.073314535591157 1.866944469272315 0
1175 10.99512239315554 1.696165062425283 0
1176 11.06547738088621 1.549968151586671 0
1177 11.96169687334605 1.044434295376258 0
1178 11.83279378959907 1.120776342386043 0
1179 10.68439441491464 1.606940452034887 0
1180 9.562591578706533 0.6544938342687918 0
1181 9.444940213754276 0.684882241147893 0
1182 9.448851206767552 0.546513728340029 0
1183 9.188388903267484 1.913610609354265 0
1184 9.251284757600082 1.78494361780974 0
1185 9.312895854355322 1.871333008455475 0
1186 10.31622460255923 1.19619380587314 0
1187 10.21026904620067 1.110982132777702 0
1188 11.92361022529028 1.868676759462302 0
1189 11.9771676433883 1.781765343215594 0
1190 12.05355741810408 1.913088583753292 0
1191 8.080008149338699 1.457485788321468 0
1192 8.000538847829731 1.330295683164884 0
1193 8.143939408020941 1.36270208817176 0
1194 8.29090496416125 1.869994180237637 0
1195 11.88057879498573 0.3661771732764989 0
1196 5.925057956699309 0.9515289488820955 0
1197 6.033422682583508 1.035845072391668 0
1198 5.918051988878594 1.073769593548717 0
1199 4.008132845712698 1.660043783969808 0
1200 4.01368005266142 1.762905916450675 0
1201 3.878195020300193 1.7092890905207 0
1202 6.372293403706387 0.7566615965851908 0
1203 6.425355341454338 0.8439801473496029 0
1204 3.941871113639667 1.906075611500784 0
1205 9.671763472702654 0.8851893373266628 0
1206 9.690767844671102 0.7339249716272323 0
1207 9.8038507316805 0.8262519618772393 0
1208 10.92176347269529 0.8851893373267632 0
1209 10.92872948502344 0.7300963712900255 0
1210 11.04181237203267 0.8224233615400101 0
1211 10.72494636862147 0.3938468012562035 0
1212 10.77915785922469 0.2611526694660726 0
1213 10.87071406231643 0.3834311896713665 0
1214 8.399488808868924 0.6985906448967354 0
1215 8.288342927649065 0.7975799323757951 0
1216 12.75068968217328 0.8156082143988739 0
1217 12.69829229902221 0.9497331615239451 0
1218 9.437895854354565 1.871333008455475 0
1219 1.678748091248181 1.517358680125169 0
1220 1.605813800582867 1.445142499235487 0
1221 12.73396331372932 1.194528467490688 0
1222 12.89091124926808 1.171153646689297 0
1223 11.79861022529104 1.868676759462302 0
1224 2.225932726861216 1.225601850789707 0
1225 2.230701593203573 1.325301153009061 0
1226 5.747217594888921 0.4450491694641645 0
1227 5.837498030595202 0.4156103012855195 0
1228 5.843747668791858 0.5368471995908798 0
1229 2.158256607369205 0.7946533219201889 0
1230 6.545804145150614 1.658318095947064 0
1231 6.518868824415247 1.518326654434052 0
1232 4.725423129236344 1.012436863620069 0
1233 4.872909488203644 0.9477276323114423 0
1234 7.1983145355904 1.866944469272315 0
1235 11.1519245405714 1.497215439969664 0
1236 11.15369309790792 1.381136262363384 0
1237 9.480870291376647 0.391509501020708 0
1238 9.534874686142778 0.2585199857547485 0
1239 9.620506966485941 0.3831358061949683 0
1240 11.97075181093434 0.4910513182064638 0
1241 6.437250947378864 1.894778784473286 0
1242 6.508978810804987 1.751821443022833 0
1243 4.415355261954193 1.70073196323088 0
1244 6.132735555865605 0.9732947381101503 0
1245 6.125729588044891 1.095535382776772 0
1246 4.922268222651272 1.895603114007745 0
1247 4.983348451306021 1.807770084717607 0
1248 5.061080228692694 1.912166970709862 0
1249 5.787212947804328 1.094422543620189 0
1250 5.672066431264025 1.143131614537429 0
1251 5.694540746454093 1.038162540956386 0
1252 1.851944914961533 1.486047697342598 0
1253 1.914630943682157 1.414526738774541 0
1254 10.73071520511495 1.367779484555917 0
1255 10.80430943242207 1.242077662115834 0
1256 10.84683673979774 1.363580363501086 0
1257 8.918629266207326 0.7161437788022059 0
1258 2.361990475126911 1.552747894970204 0
1259 2.466038964376451 1.608053926623748 0
1260 2.36362254514895 1.663333931095595 0
1261 0.7476761533420119 1.812677411918828 0
1262 0.7369581800055245 1.721045280816099 0
1263 1.82426997128067 1.05069784659797 0
1264 1.796554459141488 1.116066704354792 0
1265 4.068839278683818 0.9036498855663977 0
1266 4.162905379435832 0.9644216786404514 0
1267 4.054654096796577 1.053088621056423 0
1268 4.275437953192766 1.057542998134187 0
1269 4.289623135080007 0.9081042626441617 0
1270 10.69787189595017 0.801492298837472 0
1271 10.58113500618434 0.6946655402844912 0
1272 10.60429848584206 0.4253885555108635 0
1273 10.5224184234941 0.3344143695265538 0
1274 10.49332674380644 0.4882346439865075 0
1275 5.660856001665011 0.5498294642791015 0
1276 5.654606363468355 0.4285925659737412 0
1277 4.586078077155477 1.531707929142109 0
1278 4.687677205593248 1.484328095427234 0
1279 4.70549768975009 1.59729107321968 0
1280 11.06693565661698 1.3250098118231 0
1281 11.19782092851183 1.252493992294637 0
1282 9.88235019966632 1.382563780691844 0
1283 9.804306908316722 1.327120678615257 0
1284 9.928309010327691 1.255667003320229 0
1285 7.420748458108983 1.306936108511421 0
1286 7.383019311468269 1.442077228283536 0
1287 10.39322334072427 0.2923262467664035 0
1288 3.73154605353993 0.4629259102016311 0
1289 3.647011193807634 0.3590055215739351 0
1290 5.995784226216089 1.39435417504381 0
1291 5.864048800150082 1.461878488950598 0
1292 2.111825153433252 0.9034270666466228 0
1293 2.047822283721851 0.9310505165747285 0
1294 4.495838937933632 0.9571187566339628 0
1295 4.636507320464764 1.016676509182087 0
1296 3.522976195896882 1.86663001165911 0
1297 3.430158642784985 1.899038238079513 0
1298 3.45313483865525 1.765668249738623 0
1299 5.594493847979549 0.9880961885169139 0
1300 5.709640364519851 0.9393871175996731 0
1301 6.515571112942096 0.9354959089493218 0
1302 6.373194214622544 0.9319411068257271 0
1303 12.90569903292337 0.8302135746577397 0
1304 6.966239021862584 0.6187936889281858 0
1305 5.132117350158433 0.6259335113944629 0
1306 3.968271516622029 1.538311763871374 0
1307 4.103756548983257 1.59192858980135 0
1308 0.8439350617224362 1.381463340257259 0
1309 0.7616696943099537 1.416407747848456 0
1310 0.7329106561406462 1.328690853782298 0
1311 9.881393683778299 0.2483055468532367 0
1312 10.01834866849825 0.3053170531411622 0
1313 9.469204519086034 1.361009506041802 0
1314 9.537289446429453 1.233631391059228 0
1315 9.591327439841997 1.361904070958923 0
1316 9.448387517615949 0.7944342419983651 0
1317 9.334647145676968 0.6864541360696022 0
1318 9.36321892642439 0.4218979078998092 0
1319 9.254078850034674 0.4772311283779537 0
1320 6.458070274781253 0.2453755356903053 0
1321 6.433028357959461 0.100861492046704 0
1322 12.31072354198712 0.1015942157721963 0
1323 12.24822354198687 0.1769377642685073 0
1324 12.1874999999969 0.07534354849631098 0
1325 8.434593558080511 1.261544934892559 0
1326 8.43856122820787 1.162004695277345 0
1327 8.54886830594694 1.189838632848229 0
1328 8.456273700286509 1.039929213200653 0
1329 8.341998952420081 1.111635515244982 0
1330 3.783527974382527 1.715922103949662 0
1331 3.682600484817546 1.684775631477658 0
1332 3.771720323786489 1.575280485567828 0
1333 1.679480605432884 1.914781087383078 0
1334 1.791636694786327 1.906604030527758 0
1335 8.194378293426707 1.234611490168425 0
1336 8.273847594935678 1.361801595325009 0
1337 2.664097125603375 1.222493405446044 0
1338 2.625487709489315 1.118225109967502 0
1339 3.316323264719718 1.406760796000473 0
1340 3.235411822414349 1.324032492541977 0
1341 10.83746277645555 0.1253685289406178 0
1342 2.037674223582574 1.025759856735047 0
1343 2.021408426915406 1.067708340025168 0
1344 1.983734203332833 1.041948483290121 0
1345 9.000088738586127 1.758678475432149 0
1346 9.06338890326824 1.913610609354265 0
1347 11.25839645658729 1.893981689993891 0
1348 4.178619752273735 1.456674474893294 0
1349 6.356328959626155 0.316394046641604 0
1350 6.448342518471858 0.3600465982385013 0
1351 9.694678837684378 0.5955564588193683 0
1352 10.93264047803702 0.5917278584823849 0
1353 3.5972040677201 1.912708624929746 0
1354 3.620180263590366 1.779338636588856 0
1355 4.807179140060164 1.439647146165734 0
1356 6.361860414272076 1.327680528033322 0
1357 6.257880854589605 1.430456542402395 0
1358 6.207998952540361 1.332128898410557 0
1359 9.953800423581741 0.4077012046163201 0
1360 9.822984111713573 0.4064284254711361 0
1361 10.04751867304479 1.867977079121326 0
1362 10.17251867304403 1.867977079121326 0
1363 0.6826150546168845 1.079551483400368 0
1364 0.6424350376449231 1.195766831534343 0
1365 9.143367267135339 1.732174023405856 0
1366 1.972472723490608 1.68632376317873 0
1367 1.976449373652929 1.609228123580939 0
1368 2.05732483685527 1.66379960775999 0
1369 2.15646112129618 1.674461573399916 0
1370 2.160437771458501 1.597365933802125 0
1371 7.929272347959055 0.3963183998974316 0
1372 7.801617148046212 0.3981619965157198 0
1373 8.057913010458393 0.5919384467695412 0
1374 0.6851761533415358 1.88053809569677 0
1375 0.8125000000061782 1.932139316222058 0
1376 3.789075181331249 1.818784236430529 0
1377 8.603254186129039 1.732060930419016 0
1378 8.458843483915022 1.688633155928246 0
1379 2.809315321307139 1.862904411287602 0
1380 2.934315321308089 1.862904411287602 0
1381 5.950962673053071 0.413517671182333 0
1382 5.854432599150135 0.3217196410556176 0
1383 8.685315666373754 1.913421954728408 0
1384 8.747015501690884 1.758489820806291 0
1385 7.739923631232079 1.894135122898957 0
1386 2.109790776238511 1.144386263627454 0
1387 2.164387467083768 1.19316673086784 0
1388 9.989173883976781 1.421913967657247 0
1389 9.865171781965811 1.493367642952275 0
1390 3.938133488211038 1.236156333342897 0
1391 4.001651279226424 1.143297297227199 0
1392 4.085202406533204 1.206719450246174 0
1393 3.90758517847441 1.082525504153145 0
1394 4.739224086506413 0.4475213511611871 0
1395 0.5601761533405864 1.88053809569677 0
1396 1.243622668422234 1.3618674628305 0
1397 1.261544102564579 1.268763871455473 0
1398 6.554729184509177 0.3868625086513792 0
1399 6.452987869354079 0.4578810196026779 0
1400 11.01574722716287 1.217123041407678 0
1401 10.97161939655896 1.345765311476425 0
1402 9.754839043081754 1.217374928609995 0
1403 9.708880232420382 1.34427170598161 0
1404 10.35325048846377 0.645600414845517 0
1405 10.42504578606436 0.567102498422573 0
1406 10.50341150855379 0.6577067463937614 0
1407 7.026331362861441 1.686922241961967 0
1408 9.267874218223179 1.689896422507065 0
1409 5.183726142207293 0.9266466841625898 0
1410 5.077699138744291 1.029843280781757 0
1411 12.1254430676402 1.727358587680751 0
1412 11.9954958748264 1.682946763389761 0
1413 6.621050520464423 1.111621326409323 0
1414 6.497524189291731 1.123081543152567 0
1415 6.586936317282993 1.011996651682202 0
1416 9.718590191705211 0.3604547530206881 0
1417 9.664585796939079 0.4934442682866476 0
1418 2.744127498768043 0.673920604470027 0
1419 2.754519606116812 0.7817958286158523 0
1420 2.638810147313802 0.7343225868969185 0
1421 2.346801343774153 0.7332503687648297 0
1422 2.338118336228528 0.649182815032773 0
1423 9.587255680619387 0.1250731454645044 0
1424 7.858066913388353 0.9168534169689688 0
1425 7.84397333537928 0.7619469398916752 0
1426 2.734026786757201 1.001102437400949 0
1427 2.848944264537441 1.032117340600252 0
1428 4.797268222650361 1.895603114007745 0
1429 2.367308923927764 0.8297035304079596 0
1430 2.425455366104989 0.7571749983477245 0
1431 6.728747896373655 1.116499909617129 0
1432 6.639335768382393 1.227584801087494 0
1433 4.737264452708764 0.6418141038888102 0
1434 4.792070539927227 0.7430645145753252 0
1435 1.053106093688185 1.533203291359999 0
1436 0.9545590356584449 1.555470130969105 0
1437 0.9712411579214835 1.446913394714311 0
1438 2.556871538628627 1.66740446597422 0
1439 2.555239468606587 1.556818429848828 0
1440 6.329420604803469 1.516927511874634 0
1441 10.10904581360672 0.9349767677688972 0
1442 10.1141838116079 0.8232678785612877 0
1443 10.22531756353523 0.9026776273509738 0
1444 5.070302726121631 1.736721924989099 0
1445 4.931490720080209 1.720158068286982 0
1446 5.266627837421851 0.6522175422398142 0
1447 5.400856581950555 0.6285445453022424 0
1448 3.199803743175871 1.219523919233832 0
1449 3.142633169009358 1.339983767069629 0
1450 1.256528027208807 1.071321716249843 0
1451 1.18221609168635 1.071321716249843 0
1452 5.208225988820475 0.4936216222557207 0
1453 11.9856173549878 0.5856489704346355 0
1454 11.96619070638 0.7086051640764179 0
1455 12.43572354198759 0.1015942157721963 0
1456 1.943310788126147 1.777051654206649 0
1457 1.862435324923806 1.722480170027597 0
1458 1.548275195877463 1.400117209722795 0
1459 1.549523885807735 1.503575542252706 0
1460 10.24079200104747 1.293437506689311 0
1461 10.14378888845247 1.345203684889309 0
1462 10.10335541427229 1.259343927196819 0
1463 7.406706908622862 0.6561331298127052 0
1464 8.179789667736213 0.129781807653337 0
1465 8.054789667735737 0.129781807653337 0
1466 6.178620150906536 0.7485791062092272 0
1467 6.171993285026214 0.6485592428890568 0
1468 6.276351577254464 0.7404054819058379 0
1469 0.8007848289484141 1.516948784193275 0
1470 0.6897604233666241 1.464176297718314 0
1471 1.684116912675734 1.117584076829994 0
1472 1.655777285889679 1.052215219073172 0
1473 0.3232881533498338 1.080086003031291 0
1474 0.3056417497774001 1.174802513543675 0
1475 0.2092110929893017 1.094716510512384 0
1476 6.161703546769504 0.8770148864755273 0
1477 6.057345254541254 0.7851686474587463 0
1478 10.43974446998395 1.521163513394822 0
1479 10.56595758983198 1.58848970783606 0
1480 10.46933319749062 1.657272523687367 0
1481 10.65480568740796 1.470831441742342 0
1482 3.585998577289343 0.2624930365697534 0
1483 3.735110173946954 0.2733625927362569 0
1484 10.20808849347236 1.440263266170009 0
1485 10.07065190669718 1.406169686677517 0
1486 2.709506576147647 1.55233780167979 0
1487 2.820785876014948 1.607157728367742 0
1488 2.757351342726063 1.670988895887252 0
1489 9.1897891607173 0.8142517671307772 0
1490 9.078528412745788 0.8588570770355986 0
1491 10.94104892528192 1.873022951784534 0
1492 12.68784855180348 0.2802268918897379 0
1493 12.69021448527167 0.4247902779800369 0
1494 12.70741587990647 1.559648762875632 0
1495 12.70191904032891 1.699851075438441 0
1496 11.63006559300038 1.385028695663594 0
1497 11.67533782252395 1.262586792618029 0
1498 11.77202971705492 1.366840282895327 0
1499 3.498949798573107 0.1740679827037158 0
1500 3.410938159083911 0.2633687841088275 0
1501 3.411988360506995 0.08930080140511168 0
1502 11.34496640956637 1.030790177893599 0
1503 11.24526938109945 0.9643978121367075 0
1504 11.34104238388574 0.9199068359473926 0
1505 10.11142247661777 1.03783920646646 0
1506 10.00028872469044 0.9584294576767737 0
1507 12.2943011857014 1.021127051138008 0
1508 12.21661532443804 1.0978161939241 0
1509 12.15279397533582 1.015025143044101 0
1510 3.291946026020199 0.2615030955990734 0
1511 8.277609318911816 1.614940276901809 0
1512 8.208142891712313 1.676392580039221 0
1513 8.153942282330409 1.551344496465756 0
1514 12.27522117970527 0.2665235060356355 0
1515 2.681553275102254 1.326001071386589 0
1516 2.589744768231877 1.281268461339158 0
1517 8.864705898300745 0.9064649593582699 0
1518 9.006192559014686 0.9105478036102265 0
1519 8.905167702701508 1.004082844248547 0
1520 5.606895130892192 0.3321830475546401 0
1521 5.520533537668282 0.4369633423695772 0
1522 2.674173186237863 0.5681007457180159 0
1523 2.789882645040872 0.6155739874369497 0
1524 2.910254717189531 1.613416060235703 0
1525 2.862409950611115 1.494764966028241 0
1526 4.303754071869554 0.8025001714110798 0
1527 4.416286645626487 0.8956214909048152 0
1528 12.28471401840166 1.179452723907705 0
1529 12.14320680803608 1.173350815813798 0
1530 1.890719296593035 1.156004056155793 0
1531 1.908929235757946 1.09264632988809 0
1532 1.949258467500754 1.147254692847944 0
1533 12.47165453350065 1.046478637874257 0
1534 12.39375677386997 0.95747645327236 0
1535 12.32993542476775 0.8746854023923607 0
1536 8.874002370236255 1.102248668392064 0
1537 8.010541722139198 1.51893809145888 0
1538 6.001400856575744 1.849641893353589 0
1539 6.088841106675732 1.759310714091374 0
1540 6.087440250138975 1.909668820737786 0
1541 5.906217113426764 1.905875939422524 0
1542 5.907617969963521 1.755517832776113 0
1543 2.329386361483896 0.5501131585928895 0
1544 2.248279346622268 0.5788767798184558 0
1545 2.306376821600486 0.4913461450503939 0
1546 11.35206025364839 0.8187694959317261 0
1547 11.45175728211531 0.8851618616886177 0
1548 3.587048778712426 0.08842505386603759 0
1549 3.165552334262604 0.4173530357636088 0
1550 3.185992003972762 0.2724360243218427 0
1551 11.83854126451012 1.480578349117736 0
1552 11.8987727460317 1.604614015609591 0
1553 11.78698896905292 1.613317852432748 0
1554 12.0470481702836 1.550207260074749 0
1555 2.157365864895007 0.9497680790249867 0
1556 9.227824689063235 1.554594538964315 0
1557 9.335742179527978 1.607364133368199 0
1558 9.409467581433306 1.480672217883473 0
1559 2.155970733817529 1.369141740747591 0
1560 2.084260608190442 1.395014858400935 0
1561 9.58073456060963 1.871329419830127 0
1562 9.722129363448733 1.106021141776509 0
1563 9.619629000226301 1.142707752769999 0
1564 9.68234599648962 1.01420293857016 0
1565 10.97763866340468 1.107697434318876 0
1566 10.87979897553969 1.146242011531468 0
1567 10.93700667183952 1.01606090478934 0
1568 8.162558719044061 1.901161279226706 0
1569 8.203463683176533 1.771155459464344 0
1570 1.069732493096756 1.326683513535841 0
1571 1.132428465005268 1.26361646756128 0
1572 1.132484187859735 1.361579509130644 0
1573 6.21098969676229 1.713592246599839 0
1574 7.523948933647709 0.8985156275180199 0
1575 7.640703040648505 0.8232058200187188 0
1576 7.638481348812064 0.9301915195854611 0
1577 9.817556039345073 1.088870114410156 0
1578 11.0729549234627 1.08694193466555 0
1579 2.223262653653525 1.423024961072698 0
1580 8.386703132123021 1.605986382547421 0
1581 8.51373668774432 1.554631178000392 0
1582 8.332502522741113 1.480938298973956 0
1583 8.062393868083813 1.016067923129737 0
1584 8.114179735857878 1.144411353711436 0
1585 8.012684238737908 1.107168552433476 0
1586 8.079796646595124 1.70755967902829 0
1587 7.749736500334152 0.9600441617516093 0
1588 7.632982393333357 1.03535396925091 0
1589 12.26047934920998 0.3787666247840233 0
1590 7.970335141917136 1.210152146549792 0
1591 7.918549274143073 1.081808715968094 0
1592 10.96246277645603 0.1253685289406178 0
1593 10.23169154990243 1.77106794770882 0
1594 10.30917287687506 1.903090868587495 0
1595 10.97091307062672 0.3584141034032717 0
1596 10.91670158002349 0.4911082351934026 0
1597 6.969183701219672 1.549473186584021 0
1598 7.089481409504199 1.596439883166683 0
1599 7.20477880998343 1.595685945962167 0
1600 2.04229349833007 0.7688978065112033 0
1601 2.106296368041471 0.794411338321688 0
1602 12.17855741810332 1.913088583753292 0
1603 12.20084863377459 1.795584739129992 0
1604 4.912770906541841 1.59951057403164 0
1605 4.924861644685056 1.495417725428035 0
1606 5.030535733039034 1.545017059954869 0
1607 9.712255680619862 0.1250731454645044 0
1608 4.505268350735172 1.62414318469473 0
1609 4.48744786657833 1.511180206902284 0
1610 2.510479675580118 1.228808982034343 0
1611 2.527935825078997 1.332316647974888 0
1612 6.234018020383251 0.447265080965787 0
1613 6.128765371336442 0.3445182159299193 0
1614 6.241348554269949 0.3283182441539324 0
1615 9.910383582664167 0.7652773075785098 0
1616 9.891379210695719 0.9165416732779405 0
1617 11.14506186988982 0.7604224328468867 0
1618 11.13809585756166 0.9155153988836244 0
1619 10.35573291568803 1.698064033210559 0
1620 10.21907871185699 1.66295024374439 0
1621 2.402287751527713 0.3788728921571926 0
1622 2.489398960569218 0.3764201994229492 0
1623 11.19459409544454 1.593531509664489 0
1624 3.436571702766437 1.470698842540512 0
1625 3.298489686294555 1.508430386917812 0
1626 10.4341728768743 1.903090868587495 0
1627 10.48194603553606 1.765390227651797 0
1628 1.876510158419785 1.05069784659797 0
1629 0.6500617862711771 1.543229125896212 0
1630 0.674613932341227 1.662896762728336 0
1631 0.5958001606073196 1.641408554561415 0
1632 3.562599057706555 1.456581632359499 0
1633 3.544765479281391 1.558251223276838 0
1634 6.065218053810341 1.29649531491896 0
1635 6.169197613492813 1.193719300549886 0
1636 8.321161299473751 0.1008152236559923 0
1637 8.250950967228009 0.2305970313093294 0
1638 12.76700409726314 1.889824797896647 0
1639 12.89200409726239 1.889824797896647 0
1640 12.89437971784889 0.1054780488749799 0
1641 12.76937971784841 0.1054780488749799 0
1642 1.986722780026624 1.40457151709545 0
1643 2.050993966103664 1.476422207505742 0
1644 2.362528197080491 0.2210424801693012 0
1645 2.40398236378346 0.07346084992452241 0
1646 2.007378812478718 1.536341417181228 0
1647 1.922526699114056 1.558865572599967 0
1648 4.244474483111048 0.597123571594169 0
1649 4.241736057208842 0.7448246532874521 0
1650 6.251076310579345 0.2136471816057364 0
1651 12.28201740915536 0.6958043333217627 0
1652 12.1708125463226 0.7243592100625294 0
1653 1.205042689547418 1.220577947827884 0
1654 1.27140663234375 1.190829356127275 0
1655 2.226910520577407 1.147350648973593 0
1656 12.46445054544784 0.3885861775353423 0
1657 12.35670525348179 0.3154315502927805 0
1658 12.47919237594313 0.2763430587869544 0
1659 3.676013263105504 1.432454720089959 0
1660 5.311489563365083 1.914093446956092 0
1661 5.436489563365179 1.914093446956092 0
1662 11.94307879498597 0.1200834232763785 0
1663 11.81807879498549 0.1200834232763785 0
1664 0.09578234470843397 1.094716510512384 0
1665 5.577340039180122 1.542819890700146 0
1666 5.426182442828841 1.524981290179774 0
1667 8.173909525129089 0.9228417596906731 0
1668 8.261800394851251 1.021435378787993 0
1669 8.271820554776557 0.8909664140709697 0
1670 3.443723740265963 0.7907441973047011 0
1671 3.399164097984304 0.6850801010506677 0
1672 2.255549854791696 1.70604100566675 0
1673 11.99679803728026 1.385774211083674 0
1674 11.8838134940337 1.35813644607217 0
1675 0.791219805669382 1.622865852150897 0
1676 0.8631290766127115 1.575097302281038 0
1677 4.462036191892292 1.898924232003427 0
1678 9.118990217146552 0.9564749619258753 0
1679 11.59288099725345 0.4357372154449228 0
1680 0.6902850021597573 1.261369114087116 0
1681 0.7725503695722398 1.226424706495918 0
1682 1.916636694787276 1.906604030527758 0
1683 9.479260367764802 0.8886328536309617 0
1684 9.569263109480222 0.9218759483201526 0
1685 9.489842891551767 1.017646454874458 0
1686 10.72203571157236 0.9048209249451531 0
1687 10.82392378483029 0.9237339145393555 0
1688 10.7372789107166 1.03569249240773 0
1689 12.55809506049506 0.4605425891877782 0
1690 12.43560793803372 0.4996310806936043 0
1691 2.204052925083446 1.537446724126639 0
1692 2.27878378446949 1.49360613638811 0
1693 5.290398491677126 0.3951573017418935 0
1694 5.407779390588006 0.4302297385257741 0
1695 5.355441406181239 0.3054813871665956 0
1696 7.70673719377826 0.1038198304176026 0
1697 7.581737193777871 0.1038198304176026 0
1698 4.430800938826758 1.430948665716667 0
1699 3.785037527245195 0.5510692508514973 0
1700 3.844118980640723 0.6468118050851324 0
1701 3.209325245995764 1.133508233764683 0
1702 3.239447612715372 1.023952076676634 0
1703 1.012086902098502 1.369694100391364 0
1704 1.012031179244035 1.271731058822 0
1705 6.365666537826066 0.6566417332650205 0
1706 6.510491449834694 0.5787973889799647 0
1707 6.404104783797374 0.5519814785670867 0
1708 8.037558719044817 1.901161279226706 0
1709 3.011381039701006 1.562704126981164 0
1710 2.969756965104839 1.675096889320664 0
1711 11.30561319685449 0.1073486384670829 0
1712 12.63309599730984 1.908628178782881 0
1713 12.65010009457147 1.798452976679527 0
1714 9.705734560608873 1.871329419830127 0
1715 2.9449255003736 0.1132782864589615 0
1716 11.34150882451156 1.240318605653961 0
1717 11.46590648884489 1.226395986929648 0
1718 9.937500000018567 1.922413782128321 0
1719 9.985018673045172 1.790390861249646 0
1720 9.870144037139612 1.753052863130237 0
1721 5.279274106922365 1.025520299260642 0
1722 0.9553902639913632 1.076283791221369 0
1723 0.8698284161347835 1.076283791221369 0
1724 10.23903579467983 1.545587798602173 0
1725 2.047822283721851 0.977667945710006 0
1726 2.989015001229137 1.761171679926497 0
1727 3.054699679943862 1.898267268638895 0
1728 0.5432988876468148 1.699820628079948 0
1729 0.5187467415767648 1.580152991247823 0
1730 5.895577673688527 1.178738667129761 0
1731 5.826143846094274 1.276597527254611 0
1732 5.956982887168541 1.255944577183139 0
1733 1.947897585768936 1.333119389669734 0
1734 1.903427138880155 1.276843515232236 0
1735 7.717512702553449 0.7593190981155706 0
1736 6.429947439865551 1.514279523410097 0
1737 6.500663700871018 1.430055303049115 0
1738 5.654946394505946 1.232868362345386 0
1739 5.71540766833267 1.324729218327939 0
1740 5.776812881812685 1.401935128381318 0
1741 10.26419906785887 0.2279662529915143 0
1742 10.3124999999898 0.09369601776530455 0
1743 2.326261293240284 0.4391633351840517 0
1744 2.341065208305883 0.3554537035164168 0
1745 4.843651789500986 0.8208593612781351 0
1746 4.715772534999726 0.8267377933031843 0
1747 2.320038461474867 0.2926041759427869 0
1748 2.244012003187437 0.352894618969646 0
1749 2.104916640642536 1.526784758486713 0
1750 1.180926696513723 1.424934508805061 0
1751 6.30816295734545 0.5357253638877337 0
1752 6.628100981056211 0.5474128410028039 0
1753 7.448445750358641 1.197282647275045 0
1754 7.530807366365304 1.31701804195099 0
1755 7.540115950213115 1.106432953899688 0
1756 7.430057041956794 1.096351020460119 0
1757 12.46545494352649 1.265601521563915 0
1758 12.55820316347286 1.308517840491007 0
1759 12.47723993055886 1.394113534468927 0
1760 2.064782369421105 1.112688355836638 0
1761 2.010842349171364 1.128876982391712 0
1762 3.962443098382706 0.8816690301202902 0
1763 6.811468503891378 0.571260884782629 0
1764 6.866086392686006 0.6546327058804484 0
1765 6.906215833486857 0.7410333772334281 0
1766 1.878857418844905 1.210961593902308 0
1767 1.838528187102097 1.156353230942455 0
1768 10.03223744284727 0.760612297072212 0
1769 11.28004767771191 0.7529291100954583 0
1770 11.18376419218292 0.6598370727518439 0
1771 3.608372612994328 1.638697018207023 0
1772 3.339401358063374 0.8728100536597 0
1773 2.38120020369699 1.438326131916262 0
1774 4.115629714871548 0.09274393372413448 0
1775 4.008225116910633 0.1476030739498087 0
1776 12.89091124926808 1.046153646688978 0
1777 2.862848625968126 1.300617791437911 0
1778 2.871366364449516 1.411258100771313 0
1779 2.764423370955142 1.377866324826877 0
1780 2.580734874379189 1.899440911148851 0
1781 2.70573487438014 1.899440911148851 0
1782 7.875356275948635 0.2394947978065123 0
1783 7.99472063132693 0.2048834802348667 0
1784 7.990214980112175 0.2941749328783196 0
1785 8.446161299474223 0.1008152236559923 0
1786 4.547304433921001 0.7694801731360539 0
1787 4.44168818966235 0.6832932288278768 0
1788 4.558575041167316 0.6627560022921972 0
1789 7.939930963572195 0.07510167258152969 0
1790 4.82581663172623 1.670558733760148 0
1791 7.228191882575597 0.9616685692278046 0
1792 7.334885303608959 1.055268926143834 0
1793 7.231693421068957 1.093600356919447 0
1794 7.426555503463433 0.9644192327684771 0
1795 7.551997304599646 0.1838715298292579 0
1796 7.47026011080105 0.08005169941165521 0
1797 3.93094359704803 0.2316986267796618 0
1798 3.922718480131451 0.08409555282985309 0
1799 2.15380842489695 0.6772970389807683 0
1800 2.195199130491985 0.6272247346776718 0
1801 8.382941408146881 1.352847700970621 0
1802 2.172694227873515 0.3675692521773247 0
1803 2.107043809417101 0.3696410161602798 0
1804 2.157334837900007 0.2921168553789711 0
1805 2.618028796725885 0.3645972223159781 0
1806 7.023030464335571 1.249927359506927 0
1807 6.982465176614054 1.368832258273739 0
1808 1.331317761595853 1.755452447125306 0
1809 1.262645356358474 1.832792784251733 0
1810 1.203770656680945 1.752553705393054 0
1811 12.56801094037561 1.718654456324675 0
1812 12.45269525371855 1.697735429920004 0
1813 12.504514199476 1.599133528678918 0
1814 8.048636703337351 0.3617070823257861 0
1815 2.547582600460586 0.8479129855167991 0
1816 2.590245866928412 0.912365158853977 0
1817 2.488626212726426 0.9180803333280323 0
1818 6.312250947378853 1.894778784473286 0
1819 10.6122783800323 1.34932874035709 0
1820 10.48422977028823 1.318595280146487 0
1821 8.085404438577658 0.489357637593395 0
1822 8.146347070730778 0.387214170574283 0
1823 0.3761427114455659 1.228002539844804 0
1824 5.958399539988526 0.7121455211714725 0
1825 5.888282662898452 0.6374832532813668 0
1826 6.004144981588212 0.5820705993023405 0
1827 9.355429588020762 1.352399537983778 0
1828 12.79661028219145 1.001367221348976 0
1829 12.68350451536692 1.040673233555537 0
1830 4.337524586983369 1.339429721013012 0
1831 2.489047851483997 0.7996884763065879 0
1832 2.590667505685984 0.7939733018325326 0
1833 8.493248485885948 1.380681638541505 0
1834 7.119232161670528 1.110590515129265 0
1835 11.69250462886172 1.90564755496543 0
1836 11.74111485414518 1.774324314427731 0
1837 1.821015476135744 1.558934403742309 0
1838 1.387963323053469 1.054415397397191 0
1839 1.318708851695243 1.054415397397191 0
1840 1.851236029389217 1.277192690018898 0
1841 1.935049329327503 1.041948483290121 0
1842 9.306494556149829 1.260838062272992 0
1843 9.246757618497099 1.380500774114663 0
1844 3.820779875367047 0.2690330917000724 0
1845 5.726065343672037 0.8284394701553501 0
1846 5.82611224214658 0.8785058225948217 0
1847 3.212253821918801 1.549279061290714 0
1848 3.33250225996552 1.613217107830753 0
1849 2.136547235987874 0.7375464183686434 0
1850 2.101848185569216 0.6770550553822674 0
1851 4.656545424631416 0.6520408116635332 0
1852 4.729618591914214 0.544911968951969 0
1853 1.431976543333067 1.504086958766063 0
1854 1.332016491320013 1.487423063648514 0
1855 11.61108992356166 1.488593321279215 0
1856 10.76367744085691 1.150441132586299 0
1857 1.515539664369208 1.248571465409908 0
1858 1.458284049942729 1.228488958216177 0
1859 1.502462591778115 1.175791783750289 0
1860 2.193720974704531 0.4304187797509547 0
1861 7.25564090991274 1.771255121573086 0
1862 7.307326374357171 1.904310652300772 0
1863 2.960835205624099 1.417516432639275 0
1864 2.074873357444714 0.07470007367982519 0
1865 2.074873357444714 0.176944515925049 0
1866 6.308028357959996 0.100861492046704 0
1867 2.492133384529675 1.135622162572724 0
1868 10.00450884468939 1.186201000885576 0
1869 10.10151195728439 1.134434822685579 0
1870 5.186080228692925 1.912166970709862 0
1871 5.247569792019601 1.826260417665954 0
1872 2.199873357444684 0.07470007367982519 0
1873 2.765050195666365 1.762345322436453 0
1874 2.653770895799065 1.707525395748501 0
1875 1.595628574604878 1.052215219073172 0
1876 12.06249999999643 0.07534354849631098 0
1877 2.059554687239146 0.5790411847053214 0
1878 2.059554687239146 0.6480801084952041 0
1879 10.99175269522564 1.791052302268369 0
1880 11.05070376995584 1.918029350483835 0
1881 2.278982363783805 0.07346084992452241 0
1882 3.816871113638717 1.906075611500784 0
1883 2.564570391568929 1.758760892523421 0
1884 1.142057317770449 1.121159399171402 0
1885 1.10936819013021 1.049837682921559 0
1886 5.488427532419676 1.82601528168137 0
1887 5.551937969093096 1.911921834725278 0
1888 4.924943966557358 1.385153632088963 0
1889 9.199681888441013 0.5661420412748978 0
1890 9.25972604618612 0.6503107170647184 0
1891 8.562499999983128 0.09026221312346906 0
1892 8.508661299474452 0.1910774367794614 0
1893 8.217659096300956 0.3249719420598684 0
1894 8.254426831541263 0.4526224973274773 0
1895 0.8253278878588706 1.155835274621737 0
1896 0.7744252438672639 1.079551483400368 0
1897 4.614200019695922 1.745708013362967 0
1898 4.524286930914943 1.822296791899117 0
1899 4.51398547253134 1.721259685470705 0
1900 2.04229349833007 0.7083294878830793 0
1901 4.562250739056873 1.92337255989569 0
1902 3.116546592590774 1.149459508292335 0
1903 7.613175251581316 0.4085034607339723 0
1904 7.608993513588061 0.5243360124419958 0
1905 7.582696652555807 0.6224453832237493 0
1906 8.47105065190795 0.2894054293666094 0
1907 5.244030253629536 0.1352044751913575 0
1908 5.154270866622994 0.09338556391374835 0
1909 5.781217113426667 1.905875939422524 0
1910 6.254010452230887 0.9367051968606313 0
1911 5.127511284563072 1.640866658995143 0
1912 1.029629442035323 1.049837682921559 0
1913 0.9949702381703496 1.126121474142928 0
1914 3.28698836050753 0.08930080140511168 0
1915 3.218022698970363 0.1895345315329926 0
1916 3.181034338460093 0.1002337301278809 0
1917 6.212440250139071 1.909668820737786 0
1918 12.62804613971386 1.366889747498413 0
1919 12.61626115268149 1.238377734593402 0
1920 11.6894272251364 0.1067295096476399 0
1921 0.2150761121979746 1.909962961935978 0
1922 0.2847827157591286 1.816056590021075 0
1923 0.3197066035630547 1.906093628085097 0
1924 7.345260110801497 0.08005169941165521 0
1925 7.367840055198474 0.2017557766090935 0
1926 7.272579944377146 0.1217040771974383 0
1927 6.344226223718644 1.02822095846035 0
1928 6.268510486774909 1.131168966268369 0
1929 6.387694249166566 1.126404876233464 0
1930 1.276317294985462 1.543330033515937 0
1931 1.236365980741671 1.48112943237234 0
1932 11.73972035765513 1.690010349307598 0
1933 11.67948887613355 1.565974682815743 0
1934 3.056034338460596 0.1002337301278809 0
1935 1.192549125726536 1.91494702125974 0
1936 1.320096230641444 1.917845762991993 0
1937 1.440933377579557 1.077854638278279 0
1938 1.392236922825549 1.132270035675469 0
1939 8.376233797371228 0.8961735514731152 0
1940 1.547623644166115 1.602823467761073 0
1941 1.49008503946071 1.55779817824838 0
1942 8.480031912085501 0.6584212538141331 0
1943 8.540756113740073 0.5750312302659324 0
1944 8.614566578331463 0.6390582640645355 0
1945 8.478000076172233 0.4857873157183821 0
1946 11.53181305873387 1.043596599288752 0
1947 11.51066299216772 1.13645538267311 0
1948 11.41958934578651 1.079157985088643 0
1949 2.245154278378656 0.4679269564096181 0
1950 1.125227500179172 1.480841478672484 0
1951 9.368967299687494 0.8902047485526708 0
1952 10.61122702183647 0.9134508767058466 0
1953 7.319179058487745 1.543034083746025 0
1954 7.261029319650282 1.681237076328487 0
1955 5.745483978339422 0.1619061355794021 0
1956 5.661598598813561 0.2434935033346987 0
1957 5.666114620460716 0.08158736775529657 0
1958 2.824601865419911 0.8324546482272344 0
1959 2.719284513965671 0.8928566306541258 0
1960 11.57813020179225 1.190834601129758 0
1961 6.068047952604324 0.1127856895590324 0
1962 6.018208136930817 0.1966213082649722 0
1963 5.950160184312002 0.08383561870593985 0
1964 1.277086043813025 1.125737113647034 0
1965 1.554480605431933 1.914781087383078 0
1966 0.9375000000071303 1.932139316222058 0
1967 1.067549125725586 1.91494702125974 0
1968 5.825160184312535 0.08383561870593985 0
1969 5.82064416266538 0.245741754285342 0
1970 2.930952163335375 1.037050900899859 0
1971 2.871374672066704 0.9484490105651149 0
1972 4.265212543430224 1.174783738036415 0
1973 5.798002227192171 0.6669221214600117 0
1974 9.312275491489059 1.168108917506745 0
1975 9.407503337754918 1.108570093163687 0
1976 9.304612303570487 1.043942184528326 0
1977 11.27391708414685 1.664371089017632 0
1978 11.3688665116974 1.614139712543278 0
1979 11.18746992446167 1.717123800634639 0
1980 11.08247348838883 0.4038227764758234 0
1981 11.03648597068177 0.2961457309537873 0
1982 5.527525773013487 0.2518642797305346 0
1983 1.785669959764353 1.250952723887124 0
1984 9.497506079470341 1.141813187852878 0
1985 3.090141323740613 1.710459746671958 0
1986 6.19304795260379 0.1127856895590324 0
1987 3.712934108269399 1.151437365519355 0
1988 3.767908026446878 1.246754803704007 0
1989 2.191026154216629 0.9843267255832244 0
1990 2.129304856765324 0.9898945379782498 0
1991 0.8679535418397595 1.223157014316919 0
1992 1.386557511356274 1.197362278155711 0
1993 5.327154351968044 0.08205875708154298 0
1994 5.321184605608867 0.2172632322729005 0
1995 7.631848471808176 1.603873228393657 0
1996 7.723010189031667 1.659040932035541 0
1997 7.809588304353581 1.717912078929217 0
1998 7.802751230952895 1.588682765166843 0
1999 3.722204067721052 1.912708624929746 0
2000 6.870551466383574 1.369192777495558 0
2001 6.777769735846546 1.346087625263837 0
2002 6.839814874828653 1.25556853652702 0
2003 11.10477723782945 1.741171461124583 0
2004 1.142290994784439 1.185681952233082 0
2005 1.430076301691447 1.603334884274429 0
2006 11.72009432584678 1.172646188361491 0
2007 11.73558616886736 1.049024150897772 0
2008 4.379670175001638 0.625617710704249 0
2009 7.42699054345615 0.7613309526370855 0
2010 7.428777195299874 0.8574335332017349 0
2011 7.329597113271873 0.8272345578875426 0
2012 4.550929180372766 0.5658538673553561 0
2013 3.87471521206326 0.7592415416941526 0
2014 3.873595644621686 0.8550108878148947 0
2015 3.784012655964097 0.843231197250836 0
2016 5.934108805123249 0.2436491241821553 0
2017 2.061201599695305 0.4931850531874419 0
2018 2.120756286934451 0.5309495444765129 0
2019 4.127813869723554 1.385147604608218 0
2020 4.242538402104701 1.371625509798595 0
2021 8.244087922772614 1.143510860864686 0
2022 11.11108559032522 0.5901372043521675 0
2023 11.24607139814731 0.5826438816007391 0
2024 4.658505058429064 0.4577480589359102 0
2025 7.461476698069985 1.653260026313246 0
2026 7.439269821135122 1.527628358649855 0
2027 7.52531695105051 1.552303170850757 0
2028 0.4447066035640059 1.906093628085097 0
2029 8.799605733649811 0.6995286677332326 0
2030 8.701487234742466 0.6676839685491691 0
2031 6.310800394002072 1.69870221033534 0
2032 6.274691197478745 1.804447605211072 0
2033 0.09007611219702424 1.909962961935978 0
2034 0.09007611219702424 1.784962961935978 0
2035 11.0328394863473 0.5667107722142901 0
2036 1.548034467885299 1.044660901901891 0
2037 1.483493268143519 1.044660901901891 0
2038 1.226554923162722 1.606124885253194 0
2039 1.322205433741064 1.612418516529369 0
2040 9.778905281260435 0.2961199633794568 0
2041 5.029270866623529 0.09338556391374835 0
2042 5.430791250500461 1.731879927928915 0
2043 5.546239656228378 1.729708315698102 0
2044 1.154433516671735 1.65848669794071 0
2045 0.9952039151843397 1.190644027204607 0
2046 1.069443093228299 1.164197918904798 0
2047 1.333587456830186 1.173923037274623 0
2048 6.051996573415572 0.2725991950352479 0
2049 6.044666039528874 0.3915460318471025 0
2050 12.37130712270806 1.227557658779922 0
2051 12.45227035562206 1.141961964802001 0
2052 0.5048827569007891 1.786631723781867 0
2053 7.172413449648222 0.09170987940383574 0
2054 0.2546660154937583 1.54569534818365 0
2055 0.3219754753942528 1.446673387011269 0
2056 0.3751069073712261 1.548910479269377 0
2057 3.797718480131985 0.08409555282985309 0
2058 7.609641594873313 1.478241560730267 0
2059 7.719164771305302 1.417063458911213 0
2060 7.612633250547637 1.365493401368312 0
2061 1.791856938363249 1.651589818400181 0
2062 1.743696231803744 1.210666197299461 0
2063 1.784692581393358 1.171024242101307 0
2064 5.941482935851494 0.8405813014377725 0
2065 1.380313929868707 1.666129736011687 0
2066 1.439188629546236 1.746368814870366 0
2067 6.66830911485617 1.333282909184185 0
2068 0.8847808058994547 1.304244045934312 0
2069 0.9135398440687621 1.39196094000047 0
2070 10.14850919277578 0.7283131566542886 0
2071 11.75163322947479 0.9476116039470218 0
2072 11.74556376455503 0.818084395127763 0
2073 11.84221616769988 0.8676270961030648 0
2074 11.64608001159099 0.8051589424198739 0
2075 0.9375583241860854 1.233654614060131 0
2076 5.438565504519747 0.2523356690567811 0
2077 8.702146140684423 1.33990699988913 0
2078 8.801589704007949 1.307794820795499 0
2079 3.672182491473889 0.8796645805958312 0
2080 3.134068862416052 0.9732483944824207 0
2081 3.247448379720757 0.9337566483358686 0
2082 5.179369015788884 1.728478675425767 0
2083 5.304778350461042 1.730405151671997 0
2084 1.721275154210725 1.578771943142812 0
2085 3.712048778711893 0.08842505386603759 0
2086 1.649589553475685 1.610014094783042 0
2087 3.759767258848756 0.1725206066958907 0
2088 3.871740542283542 0.9656586856769736 0
2089 10.31217277643512 1.484621796813966 0
2090 10.40879716877648 1.415838980962658 0
2091 10.35665807673941 1.28205356356563 0
2092 5.628078670871785 0.7940325132173323 0
2093 5.744550548498514 0.733151218212481 0
2094 7.640330542797293 1.255839940131936 0
2095 2.604988139719943 1.0206109656008 0
2096 2.663944527454103 0.9504436177895671 0
2097 0.3486053272974702 1.730059848305976 0
2098 0.2439748359323901 1.733929182156857 0
2099 12.90569903292337 0.9552135746573861 0
2100 1.445096230642394 1.917845762991993 0
2101 0.4543309179439903 1.544226791431676 0
2102 0.3870214580434959 1.643248752604057 0
2103 4.106708567536169 1.299838562937696 0
2104 4.042789917705203 1.384887528032394 0
2105 7.651371101735203 1.136285596065836 0
2106 7.733196985917536 1.184760955483159 0
2107 10.17072379499474 0.6103268710197708 0
2108 8.359030728038494 0.2960053580625237 0
2109 2.061201599695305 0.414490883596019 0
2110 5.562274193155711 1.176608359681584 0
2111 1.59015070712866 1.664236730778716 0
2112 4.286718704433188 1.267902850727937 0
2113 4.170226358551556 1.206979526821998 0
2114 1.548573004335775 1.743304139261451 0
2115 12.66412033748833 1.136156560483282 0
2116 12.56580235431909 1.08452250065825 0
2117 4.509969874723179 0.8515146654008809 0
2118 5.010549691702185 1.321698191552618 0
2119 5.080265850526173 1.233485144651112 0
2120 5.45215435196751 0.08205875708154298 0
2121 1.70594761683873 1.250952723887124 0
2122 1.704970238467734 1.171024242101307 0
2123 3.389527704942314 1.685222454808439 0
2124 7.505886990650863 0.6863321051268974 0
2125 7.602980287389095 0.7276432060481295 0
2126 2.640817293527908 0.4837156335206397 0
2127 11.17570376995508 1.918029350483835 0
2128 3.482345258054211 1.652814228388036 0
2129 11.02496277645627 0.1995236152885047 0
2130 11.13652319421838 0.2449322883610564 0
2131 11.06249999999264 0.07415508634788694 0
2132 2.172189590608574 0.5684577211351762 0
2133 8.473299273460313 0.7626176786953385 0
2134 3.677089472078531 1.034570547043183 0
2135 7.819429404698763 1.923814671631185 0
2136 7.944429404698006 1.923814671631185 0
2137 8.437758780980897 0.3837803401171485 0
2138 9.89375587370677 1.019404111975503 0
2139 9.926465553339789 1.130757898808989 0
2140 11.1420198832423 1.026398740829831 0
2141 11.18012844700049 1.135824347918633 0
2142 8.661049744242128 0.9487327900291764 0
2143 8.643051067997789 0.8385826383218829 0
2144 8.745682365743232 0.8898498482892967 0
2145 5.541114620461251 0.08158736775529657 0
2146 10.50933970858374 0.7731634567074355 0
2147 11.55887798910395 0.8410467123223356 0
2148 11.5478601193413 0.9421840523380022 0
2149 11.549977174365 0.7481367517704893 0
2150 6.832572119685686 0.9504007981023832 0
2151 6.942834700556359 0.9972970274680497 0
2152 6.820725229326357 1.047432664304625 0
2153 8.640763033087893 0.7510739920973697 0
2154 11.25463639107975 0.2781258404802524 0
2155 11.34785750701009 0.3260488222420725 0
2156 11.24126750437422 0.3894773857881591 0
2157 1.108545377916133 1.589398214927277 0
2158 4.724217503288459 1.717938567475022 0
2159 4.734518961672062 1.818975673903435 0
2160 4.687250739057824 1.92337255989569 0
2161 5.07770299893845 1.135618054350298 0
2162 5.179495937242502 1.166631027247438 0
2163 9.768234560608503 1.793743201958448 0
2164 9.812500000019323 1.922413782128321 0
2165 6.758262926382982 0.8887044145623244 0
2166 6.880372397612984 0.8385687777257493 0
2167 4.368399567755322 0.7323418815481055 0
2168 12.67509996249023 0.07828244831458162 0
2169 12.55009996248975 0.07828244831458162 0
2170 9.263173350047794 0.7598627179151906 0
2171 3.81873772471339 1.05586736184775 0
2172 10.33047327550286 0.8631223838099669 0
2173 10.43105360021125 0.8357403461466374 0
2174 10.3310358862448 0.763586700480035 0
2175 7.810218861088874 1.124999460750734 0
2176 7.852567957909646 1.022015866634418 0
2177 6.421808452347996 1.226029550960585 0
2178 1.613469914853657 1.203592529816495 0
2179 1.635893367077657 1.276497467697273 0
2180 1.582141658428594 1.268779228824798 0
2181 2.336803038905138 1.074333637458574 0
2182 2.310932633416381 1.005254817404917 0
2183 2.386107744837595 1.024404709693178 0
2184 2.045842209721797 0.2493387519261869 0
2185 2.045842209721797 0.3390384867976655 0
2186 5.271254909447988 1.131602993361801 0
2187 5.373595930715574 1.08835935567582 0
2188 11.4195959745959 0.4092754293036116 0
2189 12.0729295794636 1.450153864009394 0
2190 12.11940257525496 1.364053562798489 0
2191 5.362590474269744 1.634098185688729 0
2192 1.487766867915599 1.12251554018017 0
2193 6.839010477244328 1.163396138982796 0
2194 6.931792207781355 1.186501291214516 0
2195 9.180889564107932 1.459309857110533 0
2196 2.456538813390825 1.388662529584214 0
2197 6.639097444114787 0.924035692206078 0
2198 4.69816494845092 0.07874060388827114 0
2199 12.48582350447924 0.1798766640867779 0
2200 12.59356879644529 0.2530312913293397 0
2201 7.799178302150963 1.244553804816834 0
2202 7.906403883234896 1.304935846699501 0
2203 7.829382008063558 1.364697341431925 0
2204 11.63893376572251 0.99948144992247 0
2205 11.24311319685425 0.1815037248149699 0
2206 11.18749999999311 0.07415508634788694 0
2207 5.588476382847432 1.649950161478216 0
2208 5.677213047718391 1.557197090232716 0
2209 11.47605706392853 1.587702541828306 0
2210 8.658258509030933 1.045149196614803 0
2211 8.555627211285492 0.9938819866473889 0
2212 8.557118493551137 1.458425561958298 0
2213 8.608770643484768 1.367122795880236 0
2214 12.38684511171572 1.464705858908041 0
2215 12.2900129140254 1.389815215633022 0
2216 7.826390352389234 1.47744550079388 0
2217 7.912968467711149 1.536316647687555 0
2218 2.939156687634306 1.227364399158672 0
2219 5.480504679051871 1.034574136724143 0
2220 2.445763409271545 0.9689291981523658 0
2221 2.403100142803718 0.9044770248151879 0
2222 7.578720609690278 0.2785544198608377 0
2223 7.697929029467506 0.3375887017083399 0
2224 7.767162506155174 0.2682129556425852 0
2225 12.14384402736152 0.8218974528787797 0
2226 12.0692661910188 0.7766486836852803 0
2227 5.55277028175774 0.717963849388938 0
2228 8.638276133019236 1.262163076472337 0
2229 2.213496594141942 1.085049637111019 0
2230 2.27504185391939 1.117484757032886 0
2231 3.074016433855168 1.389250953880061 0
2232 3.065060020016767 1.472757819136988 0
2233 3.771019890651177 1.361541516426085 0
2234 3.765799461767182 1.473220809431951 0
2235 3.866726951332163 1.504367281903954 0
2236 0.06894842553815653 1.566131662023925 0
2237 0.06894842553815653 1.691131662023925 0
2238 12.13638875432845 0.9062614633797699 0
2239 12.23793510963225 0.8539719897570191 0
2240 2.085496507304424 1.003427802445053 0
2241 8.846707222056409 0.7963148076509765 0
2242 6.645794227570203 0.3491660577853221 0
2243 6.650439578452425 0.4470004791494987 0
2244 4.812499999990584 0.06445416035572343 0
2245 7.022226066751245 1.157754961962702 0
2246 7.027993905116313 1.047164446836854 0
2247 2.324446120472883 0.8805523952322931 0
2248 2.289662250847575 0.9497630781347415 0
2249 2.173836503064734 0.4826015896172968 0
2250 12.12728826753566 1.277330627835086 0
2251 7.814930963571721 0.07510167258152969 0
2252 6.920420037631948 1.459351347010555 0
2253 5.676937969093192 1.911921834725278 0
2254 9.814744083137727 0.07725872893828424 0
2255 3.03840835461669 1.284742380571916 0
2256 11.39076257594149 0.7181841358366832 0
2257 2.471633814760303 1.038008018206022 0
2258 3.209181307240399 0.6136495784257676 0
2259 3.304717084233492 0.6540871106275229 0
2260 3.230439809113577 0.7207222445875625 0
2261 8.857987664351917 1.219722308634384 0
2262 11.48172449916775 0.6728043831939083 0
2263 11.56892652165479 0.6369166132914466 0
2264 11.40971192323128 0.6069639973576404 0
2265 11.63361476122581 1.726981144810726 0
2266 3.234022607764053 0.8221063714654865 0
2267 7.370041158417054 1.718603259356944 0
2268 6.471690354397241 1.324357194952424 0
2269 6.560611738946937 1.328404325976379 0
2270 7.467243526713457 0.2547862888548903 0
2271 11.93922218741892 0.8061434068926683 0
2272 6.719166024117238 0.5097163901367467 0
2273 9.776999763769938 0.2023318744027886 0
2274 8.365980152302775 0.4923872444142964 0
2275 11.32381634300023 1.123648961277957 0
2276 1.646368297710719 1.157870603417657 0
2277 6.347625728347699 1.605198863259571 0
2278 6.411327229064154 1.696054221870803 0
2279 4.937499999990049 0.06445416035572343 0
2280 1.537963116593208 1.321476403290686 0
2281 11.94529165233869 0.935670615711927 0
2282 5.826491383770208 1.690852709719128 0
2283 5.764448966055789 1.617140450801996 0
2284 5.750391809100122 1.738039619927917 0
2285 12.47959333166209 1.507622177835133 0
2286 12.59490901831914 1.528541204239803 0
2287 5.646112664766648 1.744085515230671 0
2288 11.18410022653177 1.812011040477725 0
2289 10.25267016375537 0.6729824525088465 0
2290 2.265474991962045 0.2184833956225304 0
2291 2.240357544915118 0.9996920059001372 0
2292 3.857694225108557 1.287520893045999 0
2293 12.29789860630609 1.303092280669619 0
2294 5.472485481577493 1.140656830825303 0
2295 12.66137187785754 0.5358351811382989 0
2296 12.68249501209256 1.468137412031847 0
2297 1.499576836062921 1.832626850375071 0
2298 7.809353035899037 1.817949794530142 0
2299 7.981988123712533 1.824975950857891 0
2300 7.982223392167077 1.724938235256966 0
2301 7.889094077820265 1.747591627661444 0
2302 3.962350654602722 1.436252087735496 0
2303 3.941245352415337 1.350943046064975 0
2304 7.986902600702857 1.630175355831844 0
2305 11.26688588829142 1.191950798458918 0
2306 3.177323959931463 0.5186579638025111 0
2307 12.69447968033959 0.1837604971895615 0
2308 2.551789048963626 1.080146651031912 0
2309 4.626856726228146 0.8309774388652016 0
2310 5.455490623164169 0.5266392569448751 0
2311 5.51361072903083 0.6352781491460455 0
2312 2.535803906042584 1.44112200888903 0
2313 2.62663648029476 1.500472548239502 0
2314 10.5087770978418 0.8726991400373674 0
2315 11.5908662560386 0.5259540922737336 0
2316 3.124562267932075 1.534438648221949 0
2317 11.32661931015479 0.5448720587751973 0
2318 11.41758123338105 0.4994923061324224 0
2319 11.5026885876724 0.4713673678860548 0
2320 0.1697157172965491 1.537860789986696 0
2321 6.195579774411943 0.5519253356637207 0
2322 6.097848348064015 0.56009895996711 0
2323 8.747666336103229 1.11747364023891 0
2324 3.007773422788497 1.17809721234824 0
2325 3.01729492560839 1.092081526879091 0
2326 2.120356853982553 1.08321762126091 0
2327 1.545022482342077 1.142598047373901 0
2328 3.039725333137653 1.008413196843954 0
2329 5.493268972441116 0.1636461248368396 0
2330 0.2228471492735223 1.640097882244805 0
2331 5.753312622388478 1.510010180023926 0
2332 3.15857484160304 1.63922536913489 0
2333 2.120715567166511 0.2217943833607883 0
2334 12.05870289306509 0.9829506061658613 0
2335 8.642243803146595 1.162622836857123 0
2336 7.039840795475642 0.9501325806346126 0
2337 1.57792086519914 1.096876120975063 0
2338 1.592616589061656 1.150152364545182 0
2339 2.690071013583644 1.436641380719991 0
2340 7.771668157369929 0.1789215029991323 0
2341 6.833807101287592 0.4708485229293238 0
2342 6.843163779021213 0.3723563701915157 0
2343 11.25394070829709 0.4751721903755209 0
2344 11.16071959236674 0.4272492086137009 0
2345 5.70001555439192 0.632515164521994 0
2346 7.140517211001257 0.8966642699410703 0
2347 7.243709093541259 0.8583328391654577 0
2348 8.556130411586787 0.8099569338372494 0
2349 11.54445601650041 1.665083903364833 0
2350 12.33739069780081 0.7903213918913705 0
2351 6.980525026789561 0.8027297607734867 0
2352 2.186365985622925 0.2197226193778332 0
2353 2.164165203443452 1.069684356794106 0
2354 2.212296536785435 1.0398184648534 0
2355 4.678437975801906 0.9087722855680114 0
2356 6.756657018632042 0.3067363495082425 0
2357 7.055358006441304 0.8467968505722657 0
2358 8.459064935497702 0.9435128066150261 0
2359 5.708155082481067 1.817797774147802 0
2360 0.4278293378702344 1.725376160468275 0
2361 12.20341980971901 1.341710280760806 0
2362 9.20035526409114 1.004132622111316 0
2363 9.295583110357001 0.9445937977682575 0
2364 5.607404322971354 0.6160585610315708 0
2365 0.1590245377351808 1.726094623959903 0
2366 6.027731470973941 0.4854366920770044 0
2367 11.09514669231169 0.4895175810631853 0
2368 8.47558730837021 0.8501263249198516 0
2369 11.56382131216387 1.565285818154066 0
2370 9.264710260208148 0.8503951861356609 0
2371 2.228855721228549 0.1481609236043476 0
2372 2.119156796626046 1.037986449003291 0
2373 4.966770866623797 0.1578397242694718 0
$EndNodes
$Elements
1250
1 8 2 100 1 1 7 10
2 8 2 100 1 7 8 11
3 8 2 100 1 8 9 12
4 8 2 100 1 9 2 13
5 8 2 200 2 2 14 26
6 8 2 200 2 14 15 27
7 8 2 200 2 15 16 28
8 8 2 200 2 16 17 29
9 8 2 200 2 17 18 30
10 8 2 200 2 18 19 31
11 8 2 200 2 19 20 32
12 8 2 200 2 20 21 33
13 8 2 200 2 21 22 34
14 8 2 200 2 22 23 35
15 8 2 200 2 23 24 36
16 8 2 200 2 24 25 37
17 8 2 200 2 25 3 38
18 8 2 200 3 3 39 45
19 8 2 200 3 39 40 46
20 8 2 200 3 40 41 47
21 8 2 200 3 41 42 48
22 8 2 200 3 42 43 49
23 8 2 200 3 43 44 50
24 8 2 200 3 44 4 51
25 8 2 200 4 4 52 95
26 8 2 200 4 52 53 96
27 8 2 200 4 53 54 97
28 8 2 200 4 54 55 98
29 8 2 200 4 55 56 99
30 8 2 200 4 56 57 100
31 8 2 200 4 57 58 101
32 8 2 200 4 58 59 102
33 8 2 200 4 59 60 103
34 8 2 200 4 60 61 104
35 8 2 200 4 61 62 105
36 8 2 200 4 62 63 106
37 8 2 200 4 63 64 107
38 8 2 200 4 64 65 108
39 8 2 200 4 65 66 109
40 8 2 200 4 66 67 110
41 8 2 200 4 67 68 111
42 8 2 200 4 68 69 112
43 8 2 200 4 69 70 113
44 8 2 200 4 70 71 114
45 8 2 200 4 71 72 115
46 8 2 200 4 72 73 116
47 8 2 200 4 73 74 117
48 8 2 200 4 74 75 118
49 8 2 200 4 75 76 119
50 8 2 200 4 76 77 120
51 8 2 200 4 77 78 121
52 8 2 200 4 78 79 122
53 8 2 200 4 79 80 123
54 8 2 200 4 80 81 124
55 8 2 200 4 81 82 125
56 8 2 200 4 82 83 126
57 8 2 200 4 83 84 127
58 8 2 200 4 84 85 128
59 8 2 200 4 85 86 129
60 8 2 200 4 86 87 130
61 8 2 200 4 87 88 131
62 8 2 200 4 88 89 132
63 8 2 200 4 89 90 133
64 8 2 200 4 90 91 134
65 8 2 200 4 91 92 135
66 8 2 200 4 92 93 136
67 8 2 200 4 93 94 137
68 8 2 200 4 94 5 138
69 8 2 300 5 5 139 146
70 8 2 300 5 139 140 147
71 8 2 300 5 140 141 148
72 8 2 300 5 141 142 149
73 8 2 300 5 142 143 150
74 8 2 300 5 143 144 151
75 8 2 300 5 144 145 152
76 8 2 300 5 145 6 153
77 8 2 200 6 6 154 205
78 8 2 200 6 154 155 206
79 8 2 200 6 155 156 207
80 8 2 200 6 156 157 208
81 8 2 200 6 157 158 209
82 8 2 200 6 158 159 210
83 8 2 200 6 159 160 211
84 8 2 200 6 160 161 212
85 8 2 200 6 161 162 213
86 8 2 200 6 162 163 214
87 8 2 200 6 163 164 215
88 8 2 200 6 164 165 216
89 8 2 200 6 165 166 217
90 8 2 200 6 166 167 218
91 8 2 200 6 167 168 219
92 8 2 200 6 168 169 220
93 8 2 200 6 169 170 221
94 8 2 200 6 170 171 222
95 8 2 200 6 171 172 223
96 8 2 200 6 172 173 224
97 8 2 200 6 173 174 225
98 8 2 200 6 174 175 226
99 8 2 200 6 175 176 227
100 8 2 200 6 176 177 228
101 8 2 200 6 177 178 229
102 8 2 200 6 178 179 230
103 8 2 200 6 179 180 231
104 8 2 200 6 180 181 232
105 8 2 200 6 181 182 233
106 8 2 200 6 182 183 234
107 8 2 200 6 183 184 235
108 8 2 200 6 184 185 236
109 8 2 200 6 185 186 237
110 8 2 200 6 186 187 238
111 8 2 200 6 187 188 239
112 8 2 200 6 188 189 240
113 8 2 200 6 189 190 241
114 8 2 200 6 190 191 242
115 8 2 200 6 191 192 243
116 8 2 200 6 192 193 244
117 8 2 200 6 193 194 245
118 8 2 200 6 194 195 246
119 8 2 200 6 195 196 247
120 8 2 200 6 196 197 248
121 8 2 200 6 197 198 249
122 8 2 200 6 198 199 250
123 8 2 200 6 199 200 251
124 8 2 200 6 200 201 252
125 8 2 200 6 201 202 253
126 8 2 200 6 202 203 254
127 8 2 200 6 203 204 255
128 8 2 200 6 204 1 256
129 9 2 10 12 461 293 715 755 756 757
130 9 2 10 12 447 575 257 758 759 760
131 9 2 10 12 437 751 295 761 762 763
132 9 2 10 12 715 293 404 756 764 765
133 9 2 10 12 368 575 447 766 758 767
134 9 2 10 12 61 751 60 768 769 104
135 9 2 10 12 751 422 295 770 771 762
136 9 2 10 12 155 156 668 207 772 773
137 9 2 10 12 284 408 624 774 775 776
138 9 2 10 12 284 621 408 777 778 774
139 9 2 10 12 178 179 396 230 779 780
140 9 2 10 12 305 596 387 781 782 783
141 9 2 10 12 358 427 557 784 785 786
142 9 2 10 12 319 622 418 787 788 789
143 9 2 10 12 280 557 427 790 785 791
144 9 2 10 12 80 442 543 792 793 794
145 9 2 10 12 78 79 394 122 795 796
146 9 2 10 12 327 382 600 797 798 799
147 9 2 10 12 53 54 377 97 800 801
148 9 2 10 12 279 600 382 802 798 803
149 9 2 10 12 23 24 411 36 804 805
150 9 2 10 12 287 639 409 806 807 808
151 9 2 10 12 512 295 617 809 810 811
152 9 2 10 12 311 588 469 812 813 814
153 9 2 10 12 39 40 419 46 815 816
154 9 2 10 12 331 394 616 817 818 819
155 9 2 10 12 9 606 510 820 821 822
156 9 2 10 12 320 395 579 823 824 825
157 9 2 10 12 668 156 421 772 826 827
158 9 2 10 12 462 567 638 828 829 830
159 9 2 10 12 629 743 338 831 832 833
160 9 2 10 12 422 751 61 770 768 834
161 9 2 10 12 310 389 614 835 836 837
162 9 2 10 12 69 623 402 838 839 840
163 9 2 10 12 294 462 638 841 830 842
164 9 2 10 12 352 409 639 843 807 844
165 9 2 10 12 139 573 593 845 846 847
166 9 2 10 12 145 592 574 848 849 850
167 9 2 10 12 293 504 404 851 852 764
168 9 2 10 12 159 584 374 853 854 855
169 9 2 10 12 617 295 425 810 856 857
170 9 2 10 12 743 404 338 858 859 832
171 9 2 10 12 175 373 585 860 861 862
172 9 2 10 12 330 612 394 863 864 865
173 9 2 10 12 416 681 653 866 867 868
174 9 2 10 12 15 16 678 28 869 870
175 9 2 10 12 188 189 400 240 871 872
176 9 2 10 12 302 545 495 873 874 875
177 9 2 10 12 310 754 407 876 877 878
178 9 2 10 12 307 469 588 879 813 880
179 9 2 10 12 53 377 482 801 881 882
180 9 2 10 12 278 434 395 883 884 885
181 9 2 10 12 343 396 626 886 887 888
182 9 2 10 12 285 626 396 889 887 890
183 9 2 10 12 295 422 452 771 891 892
184 9 2 10 12 338 452 422 893 891 894
185 9 2 10 12 283 616 394 895 818 896
186 9 2 10 12 310 420 754 897 898 876
187 9 2 10 12 69 70 623 113 899 838
188 9 2 10 12 310 483 367 900 901 902
189 9 2 10 12 16 416 678 903 904 869
190 9 2 10 12 317 417 516 905 906 907
191 9 2 10 12 341 624 408 908 775 909
192 9 2 10 12 269 418 622 910 788 911
193 9 2 10 12 197 403 582 912 913 914
194 9 2 10 12 282 687 666 915 916 917
195 9 2 10 12 139 140 573 147 918 845
196 9 2 10 12 144 145 574 152 850 919
197 9 2 10 12 310 367 496 902 920 921
198 9 2 10 12 294 738 377 922 923 924
199 9 2 10 12 340 408 621 925 778 926
200 9 2 10 12 455 693 627 927 928 929
201 9 2 10 12 283 394 612 896 864 930
202 9 2 10 12 335 634 391 931 932 933
203 9 2 10 12 261 391 634 934 932 935
204 9 2 10 12 282 426 687 936 937 915
205 9 2 10 12 263 450 390 938 939 940
206 9 2 10 12 365 687 464 941 942 943
207 9 2 10 12 417 695 516 944 945 906
208 9 2 10 12 305 696 596 946 947 781
209 9 2 10 12 80 81 442 124 948 792
210 9 2 10 12 287 607 468 949 950 951
211 9 2 10 12 395 434 579 884 952 824
212 9 2 10 12 175 532 373 953 954 860
213 9 2 10 12 383 468 607 955 950 956
214 9 2 10 12 159 374 527 855 957 958
215 9 2 10 12 619 741 339 959 960 961
216 9 2 10 12 741 421 339 962 963 960
217 9 2 10 12 327 468 382 964 965 797
218 9 2 10 12 143 574 397 966 967 968
219 9 2 10 12 141 398 573 969 970 971
220 9 2 10 12 293 438 504 972 973 851
221 9 2 10 12 169 170 408 221 974 975
222 9 2 10 12 276 455 627 976 929 977
223 9 2 10 12 178 396 608 780 978 979
224 9 2 10 12 294 377 462 924 980 841
225 9 2 10 12 292 428 514 981 982 983
226 9 2 10 12 89 591 501 984 985 986
227 9 2 10 12 371 621 542 987 988 989
228 9 2 10 12 643 536 282 990 991 992
229 9 2 10 12 318 550 430 993 994 995
230 9 2 10 12 267 497 385 996 997 998
231 9 2 10 12 331 548 394 999 1000 817
232 9 2 10 12 358 654 427 1001 1002 784
233 9 2 10 12 162 163 423 214 1003 1004
234 9 2 10 12 279 382 478 803 1005 1006
235 9 2 10 12 267 485 497 1007 1008 996
236 9 2 10 12 291 685 400 1009 1010 1011
237 9 2 10 12 344 510 606 1012 821 1013
238 9 2 10 12 71 614 623 1014 1015 1016
239 9 2 10 12 85 86 429 129 1017 1018
240 9 2 10 12 457 635 701 1019 1020 1021
241 9 2 10 12 305 387 569 783 1022 1023
242 9 2 10 12 398 536 643 1024 990 1025
243 9 2 10 12 330 394 543 865 1026 1027
244 9 2 10 12 85 429 530 1018 1028 1029
245 9 2 10 12 389 623 614 1030 1015 836
246 9 2 10 12 709 507 436 1031 1032 1033
247 9 2 10 12 292 479 428 1034 1035 981
248 9 2 10 12 305 393 564 1036 1037 1038
249 9 2 10 12 304 598 669 1039 1040 1041
250 9 2 10 12 162 423 458 1004 1042 1043
251 9 2 10 12 464 677 591 1044 1045 1046
252 9 2 10 12 83 84 430 127 1047 1048
253 9 2 10 12 309 419 521 1049 1050 1051
254 9 2 10 12 289 659 424 1052 1053 1054
255 9 2 10 12 54 462 377 1055 980 800
256 9 2 10 12 330 543 442 1027 793 1056
257 9 2 10 12 305 569 393 1023 1057 1036
258 9 2 10 12 430 550 627 994 1058 1059
259 9 2 10 12 332 506 568 1060 1061 1062
260 9 2 10 12 263 390 470 940 1063 1064
261 9 2 10 12 371 542 720 989 1065 1066
262 9 2 10 12 310 614 483 837 1067 900
263 9 2 10 12 410 720 542 1068 1065 1069
264 9 2 10 12 328 438 450 1070 1071 1072
265 9 2 10 12 261 473 391 1073 1074 934
266 9 2 10 12 392 677 503 1075 1076 1077
267 9 2 10 12 677 306 503 1078 1079 1076
268 9 2 10 12 288 653 681 1080 867 1081
269 9 2 10 12 304 669 432 1041 1082 1083
270 9 2 10 12 8 9 510 12 822 1084
271 9 2 10 12 316 536 398 1085 1024 1086
272 9 2 10 12 310 628 389 1087 1088 835
273 9 2 10 12 192 528 577 1089 1090 1091
274 9 2 10 12 61 629 422 1092 1093 834
275 9 2 10 12 368 447 638 767 1094 1095
276 9 2 10 12 480 526 684 1096 1097 1098
277 9 2 10 12 314 713 521 1099 1100 1101
278 9 2 10 12 271 433 636 1102 1103 1104
279 9 2 10 12 344 416 653 1105 868 1106
280 9 2 10 12 195 582 488 1107 1108 1109
281 9 2 10 12 328 620 395 1110 1111 1112
282 9 2 10 12 278 395 620 885 1111 1113
283 9 2 10 12 83 430 675 1048 1114 1115
284 9 2 10 12 294 638 447 842 1094 1116
285 9 2 10 12 299 534 439 1117 1118 1119
286 9 2 10 12 289 553 659 1120 1121 1052
287 9 2 10 12 275 635 457 1122 1019 1123
288 9 2 10 12 350 495 545 1124 874 1125
289 9 2 10 12 343 608 396 1126 978 886
290 9 2 10 12 301 546 458 1127 1128 1129
291 9 2 10 12 323 457 439 1130 1131 1132
292 9 2 10 12 342 480 684 1133 1098 1134
293 9 2 10 12 171 453 601 1135 1136 1137
294 9 2 10 12 359 523 414 1138 1139 1140
295 9 2 10 12 298 441 511 1141 1142 1143
296 9 2 10 12 188 400 465 872 1144 1145
297 9 2 10 12 350 709 436 1146 1033 1147
298 9 2 10 12 271 636 555 1104 1148 1149
299 9 2 10 12 79 543 394 1150 1026 795
300 9 2 10 12 78 394 548 796 1000 1151
301 9 2 10 12 370 471 603 1152 1153 1154
302 9 2 10 12 302 495 446 875 1155 1156
303 9 2 10 12 353 501 591 1157 985 1158
304 9 2 10 12 326 437 512 1159 1160 1161
305 9 2 10 12 287 409 607 808 1162 949
306 9 2 10 12 295 512 437 809 1160 763
307 9 2 10 12 363 577 528 1163 1090 1164
308 9 2 10 12 380 529 612 1165 1166 1167
309 9 2 10 12 284 542 621 1168 988 777
310 9 2 10 12 365 464 661 943 1169 1170
311 9 2 10 12 196 197 582 248 914 1171
312 9 2 10 12 177 608 454 1172 1173 1174
313 9 2 10 12 349 458 546 1175 1128 1176
314 9 2 10 12 259 603 471 1177 1153 1178
315 9 2 10 12 301 458 423 1129 1042 1179
316 9 2 10 12 297 440 525 1180 1181 1182
317 9 2 10 12 168 604 446 1183 1184 1185
318 9 2 10 12 335 391 531 933 1186 1187
319 9 2 10 12 157 445 602 1188 1189 1190
320 9 2 10 12 303 552 415 1191 1192 1193
321 9 2 10 12 171 172 453 223 1194 1135
322 9 2 10 12 306 677 464 1078 1044 1195
323 9 2 10 12 325 547 444 1196 1197 1198
324 9 2 10 12 312 400 500 1199 1200 1201
325 9 2 10 12 265 424 659 1202 1053 1203
326 9 2 10 12 189 500 400 1204 1200 871
327 9 2 10 12 321 440 455 1205 1206 1207
328 9 2 10 12 322 441 456 1208 1209 1210
329 9 2 10 12 298 429 487 1211 1212 1213
330 9 2 10 12 439 534 673 1118 1214 1215
331 9 2 10 12 316 398 556 1086 1216 1217
332 9 2 10 12 167 168 446 219 1185 1218
333 9 2 10 12 428 615 514 1219 1220 982
334 9 2 10 12 143 397 519 968 1221 1222
335 9 2 10 12 157 158 445 209 1223 1188
336 9 2 10 12 307 497 485 1224 1008 1225
337 9 2 10 12 290 449 721 1226 1227 1228
338 9 2 10 12 314 521 419 1101 1050 1229
339 9 2 10 12 285 396 698 890 1230 1231
340 9 2 10 12 328 395 611 1112 1232 1233
341 9 2 10 12 195 196 582 247 1171 1107
342 9 2 10 12 176 177 454 228 1174 1234
343 9 2 10 12 271 555 546 1149 1235 1236
344 9 2 10 12 297 442 505 1237 1238 1239
345 9 2 10 12 306 464 687 1195 942 1240
346 9 2 10 12 179 489 396 1241 1242 779
347 9 2 10 12 400 685 465 1010 1243 1144
348 9 2 10 12 444 547 686 1197 1244 1245
349 9 2 10 12 185 484 637 1246 1247 1248
350 9 2 10 12 325 549 708 1249 1250 1251
351 9 2 10 12 266 428 479 1252 1035 1253
352 9 2 10 12 301 473 413 1254 1255 1256
353 9 2 10 12 283 612 529 930 1166 1257
354 9 2 10 12 308 551 488 1258 1259 1260
355 9 2 10 12 342 684 431 1134 1261 1262
356 9 2 10 12 24 466 411 1263 1264 804
357 9 2 10 12 258 425 522 1265 1266 1267
358 9 2 10 12 320 522 425 1268 1266 1269
359 9 2 10 12 441 670 511 1270 1271 1142
360 9 2 10 12 298 511 429 1143 1272 1211
361 9 2 10 12 318 429 511 1273 1272 1274
362 9 2 10 12 290 662 449 1275 1276 1226
363 9 2 10 12 348 434 630 1277 1278 1279
364 9 2 10 12 271 546 745 1236 1280 1281
365 9 2 10 12 272 545 746 1282 1283 1284
366 9 2 10 12 304 432 472 1083 1285 1286
367 9 2 10 12 318 530 429 1287 1028 1273
368 9 2 10 12 326 607 409 1288 1162 1289
369 9 2 10 12 286 516 695 1290 945 1291
370 9 2 10 12 39 419 475 816 1292 1293
371 9 2 10 12 338 422 629 894 1093 833
372 9 2 10 12 320 690 395 1294 1295 823
373 9 2 10 12 399 191 577 1296 1297 1298
374 9 2 10 12 143 144 574 151 919 966
375 9 2 10 12 140 141 573 148 971 918
376 9 2 10 12 325 708 470 1251 1299 1300
377 9 2 10 12 265 659 474 1203 1301 1302
378 9 2 10 12 141 556 398 1303 1216 969
379 9 2 10 12 310 407 628 878 1304 1087
380 9 2 10 12 293 450 438 1305 1071 972
381 9 2 10 12 312 580 400 1306 1307 1199
382 9 2 10 12 333 491 681 1308 1309 1310
383 9 2 10 12 356 675 430 1311 1114 1312
384 9 2 10 12 302 476 412 1313 1314 1315
385 9 2 10 12 440 674 525 1316 1317 1181
386 9 2 10 12 297 525 442 1182 1318 1237
387 9 2 10 12 330 442 525 1056 1318 1319
388 9 2 10 12 69 402 502 840 1320 1321
389 9 2 10 12 92 477 661 1322 1323 1324
390 9 2 10 12 369 481 586 1325 1326 1327
391 9 2 10 12 264 586 481 1328 1326 1329
392 9 2 10 12 312 719 730 1330 1331 1332
393 9 2 10 12 198 568 506 1333 1061 1334
394 9 2 10 12 303 415 481 1193 1335 1336
395 9 2 10 12 359 414 702 1140 1337 1338
396 9 2 10 12 279 509 600 1339 1340 802
397 9 2 10 12 86 487 429 1341 1212 1017
398 9 2 10 12 3 688 490 1342 1343 1344
399 9 2 10 12 169 408 604 975 1345 1346
400 9 2 10 12 159 160 584 211 1347 853
401 9 2 10 12 291 400 580 1011 1307 1348
402 9 2 10 12 313 502 402 1349 1320 1350
403 9 2 10 12 297 455 440 1351 1206 1180
404 9 2 10 12 298 456 441 1352 1209 1141
405 9 2 10 12 719 191 399 1353 1296 1354
406 9 2 10 12 278 630 434 1355 1278 883
407 9 2 10 12 362 540 516 1356 1357 1358
408 9 2 10 12 356 627 693 1359 928 1360
409 9 2 10 12 164 165 436 216 1361 1362
410 9 2 10 12 16 513 416 1363 1364 903
411 9 2 10 12 340 604 408 1365 1345 925
412 9 2 10 12 403 578 689 1366 1367 1368
413 9 2 10 12 308 403 689 1369 1368 1370
414 9 2 10 12 357 701 635 1371 1020 1372
415 9 2 10 12 299 439 457 1119 1131 1373
416 9 2 10 12 202 431 684 1374 1261 1375
417 9 2 10 12 312 500 719 1201 1376 1330
418 9 2 10 12 341 601 453 1377 1136 1378
419 9 2 10 12 193 194 435 245 1379 1380
420 9 2 10 12 376 721 449 1381 1227 1382
421 9 2 10 12 170 601 408 1383 1384 974
422 9 2 10 12 341 408 601 909 1384 1377
423 9 2 10 12 174 175 585 226 862 1385
424 9 2 10 12 307 588 388 880 1386 1387
425 9 2 10 12 272 709 545 1388 1389 1282
426 9 2 10 12 406 590 522 1390 1391 1392
427 9 2 10 12 590 258 522 1393 1267 1391
428 9 2 10 12 338 404 504 859 852 1394
429 9 2 10 12 202 203 431 254 1395 1374
430 9 2 10 12 319 418 518 789 1396 1397
431 9 2 10 12 313 402 625 1350 1398 1399
432 9 2 10 12 413 745 546 1400 1280 1401
433 9 2 10 12 412 746 545 1402 1283 1403
434 9 2 10 12 386 550 511 1404 1405 1406
435 9 2 10 12 318 511 550 1274 1405 993
436 9 2 10 12 343 454 608 1407 1173 1126
437 9 2 10 12 340 446 604 1408 1184 1365
438 9 2 10 12 328 450 610 1072 1409 1410
439 9 2 10 12 339 602 445 1411 1189 1412
440 9 2 10 12 324 642 474 1413 1414 1415
441 9 2 10 12 297 505 693 1239 1416 1417
442 9 2 10 12 358 447 451 1418 1419 1420
443 9 2 10 12 427 521 713 1421 1100 1422
444 9 2 10 12 81 505 442 1423 1238 948
445 9 2 10 12 323 562 457 1424 1425 1130
446 9 2 10 12 359 724 523 1426 1427 1138
447 9 2 10 12 185 186 484 237 1428 1246
448 9 2 10 12 268 521 427 1429 1421 1430
449 9 2 10 12 324 563 642 1431 1432 1413
450 9 2 10 12 270 504 438 1433 973 1434
451 9 2 10 12 274 480 491 1435 1436 1437
452 9 2 10 12 347 488 551 1438 1259 1439
453 9 2 10 12 317 516 540 907 1357 1440
454 9 2 10 12 335 560 597 1441 1442 1443
455 9 2 10 12 361 637 484 1444 1247 1445
456 9 2 10 12 390 450 645 939 1446 1447
457 9 2 10 12 375 600 509 1448 1340 1449
458 9 2 10 12 19 20 459 32 1450 1451
459 9 2 10 12 293 645 450 1452 1446 1305
460 9 2 10 12 306 426 503 1453 1454 1079
461 9 2 10 12 92 93 477 136 1455 1322
462 9 2 10 12 403 506 578 1456 1457 1366
463 9 2 10 12 269 514 615 1458 1220 1459
464 9 2 10 12 531 694 272 1460 1461 1462
465 9 2 10 12 310 496 420 921 1463 897
466 9 2 10 12 75 76 443 119 1464 1465
467 9 2 10 12 265 405 631 1466 1467 1468
468 9 2 10 12 491 651 681 1469 1470 1309
469 9 2 10 12 23 411 517 805 1471 1472
470 9 2 10 12 14 678 606 1473 1474 1475
471 9 2 10 12 265 547 405 1476 1477 1466
472 9 2 10 12 315 520 423 1478 1479 1480
473 9 2 10 12 301 423 520 1179 1479 1481
474 9 2 10 12 326 409 657 1289 1482 1483
475 9 2 10 12 694 507 272 1484 1485 1461
476 9 2 10 12 347 672 435 1486 1487 1488
477 9 2 10 12 380 739 529 1489 1490 1165
478 9 2 10 12 161 162 458 213 1043 1491
479 9 2 10 12 346 593 573 1492 846 1493
480 9 2 10 12 345 574 592 1494 849 1495
481 9 2 10 12 70 71 623 114 1016 899
482 9 2 10 12 300 433 471 1496 1497 1498
483 9 2 10 12 57 409 594 1499 1500 1501
484 9 2 10 12 336 493 561 1502 1503 1504
485 9 2 10 12 335 494 560 1505 1506 1441
486 9 2 10 12 360 492 603 1507 1508 1509
487 9 2 10 12 352 594 409 1510 1500 843
488 9 2 10 12 303 453 705 1511 1512 1513
489 9 2 10 12 365 661 477 1170 1323 1514
490 9 2 10 12 414 691 702 1515 1516 1337
491 9 2 10 12 329 529 410 1517 1518 1519
492 9 2 10 12 14 15 678 27 870 1473
493 9 2 10 12 354 449 662 1520 1276 1521
494 9 2 10 12 358 738 447 1522 1523 1418
495 9 2 10 12 296 435 672 1524 1487 1525
496 9 2 10 12 320 425 508 1269 1526 1527
497 9 2 10 12 492 712 603 1528 1529 1508
498 9 2 10 12 311 466 490 1530 1531 1532
499 9 2 10 12 316 492 536 1533 1534 1085
500 9 2 10 12 360 536 492 1535 1534 1507
501 9 2 10 12 329 410 542 1519 1069 1536
502 9 2 10 12 303 705 552 1513 1537 1191
503 9 2 10 12 181 417 571 1538 1539 1540
504 9 2 10 12 181 652 417 1541 1542 1538
505 9 2 10 12 280 713 401 1543 1544 1545
506 9 2 10 12 336 561 640 1504 1546 1547
507 9 2 10 12 57 657 409 1548 1482 1499
508 9 2 10 12 352 638 567 1549 829 1550
509 9 2 10 12 300 572 445 1551 1552 1553
510 9 2 10 12 339 445 572 1412 1552 1554
511 9 2 10 12 309 475 419 1555 1292 1049
512 9 2 10 12 340 576 446 1556 1557 1408
513 9 2 10 12 302 446 576 1156 1557 1558
514 9 2 10 12 307 448 469 1559 1560 879
515 9 2 10 12 167 446 495 1218 1155 1561
516 9 2 10 12 321 412 538 1562 1563 1564
517 9 2 10 12 322 413 537 1565 1566 1567
518 9 2 10 12 172 499 453 1568 1569 1194
519 9 2 10 12 302 412 545 1315 1403 873
520 9 2 10 12 301 413 546 1256 1401 1127
521 9 2 10 12 274 384 518 1570 1571 1572
522 9 2 10 12 317 571 417 1573 1539 905
523 9 2 10 12 337 605 562 1574 1575 1576
524 9 2 10 12 321 746 412 1577 1402 1562
525 9 2 10 12 322 745 413 1578 1400 1565
526 9 2 10 12 307 485 448 1225 1579 1559
527 9 2 10 12 341 453 587 1378 1580 1581
528 9 2 10 12 303 587 453 1582 1580 1511
529 9 2 10 12 323 541 415 1583 1584 1585
530 9 2 10 12 453 499 705 1569 1586 1512
531 9 2 10 12 337 562 498 1576 1587 1588
532 9 2 10 12 365 666 687 1589 916 941
533 9 2 10 12 323 415 749 1585 1590 1591
534 9 2 10 12 86 87 487 130 1592 1341
535 9 2 10 12 164 436 515 1362 1593 1594
536 9 2 10 12 298 487 692 1213 1595 1596
537 9 2 10 12 343 598 454 1597 1598 1407
538 9 2 10 12 304 454 598 1599 1598 1039
539 9 2 10 12 40 533 419 1600 1601 815
540 9 2 10 12 156 602 421 1602 1603 826
541 9 2 10 12 339 421 602 963 1603 1411
542 9 2 10 12 361 630 596 1604 1605 1606
543 9 2 10 12 81 82 505 125 1607 1423
544 9 2 10 12 348 685 434 1608 1609 1277
545 9 2 10 12 267 702 691 1610 1516 1611
546 9 2 10 12 313 717 570 1612 1613 1614
547 9 2 10 12 321 455 560 1207 1615 1616
548 9 2 10 12 322 456 561 1210 1617 1618
549 9 2 10 12 315 515 436 1619 1593 1620
550 9 2 10 12 280 482 557 1621 1622 790
551 9 2 10 12 349 546 555 1176 1235 1623
552 9 2 10 12 279 655 509 1624 1625 1339
553 9 2 10 12 163 515 423 1626 1627 1003
554 9 2 10 12 315 423 515 1480 1627 1619
555 9 2 10 12 24 25 466 37 1628 1263
556 9 2 10 12 288 651 431 1629 1630 1631
557 9 2 10 12 279 730 655 1632 1633 1624
558 9 2 10 12 362 516 444 1358 1634 1635
559 9 2 10 12 76 486 443 1636 1637 1464
560 9 2 10 12 6 154 592 205 1638 1639
561 9 2 10 12 6 592 145 1639 848 153
562 9 2 10 12 5 139 593 146 847 1640
563 9 2 10 12 5 593 94 1640 1641 138
564 9 2 10 12 266 469 448 1642 1560 1643
565 9 2 10 12 53 482 735 882 1644 1645
566 9 2 10 12 266 689 578 1646 1367 1647
567 9 2 10 12 295 711 425 1648 1649 856
568 9 2 10 12 313 570 502 1614 1650 1349
569 9 2 10 12 282 731 426 1651 1652 936
570 9 2 10 12 319 518 459 1397 1653 1654
571 9 2 10 12 307 388 497 1387 1655 1224
572 9 2 10 12 346 666 477 1656 1657 1658
573 9 2 10 12 279 478 730 1006 1659 1632
574 9 2 10 12 183 184 463 235 1660 1661
575 9 2 10 12 90 91 464 134 1662 1663
576 9 2 10 12 2 14 606 26 1475 1664
577 9 2 10 12 305 564 734 1038 1665 1666
578 9 2 10 12 323 439 541 1132 1667 1583
579 9 2 10 12 264 541 439 1668 1667 1669
580 9 2 10 12 287 468 554 951 1670 1671
581 9 2 10 12 308 582 403 1672 913 1369
582 9 2 10 12 370 572 471 1673 1674 1152
583 9 2 10 12 342 431 651 1262 1630 1675
584 9 2 10 12 342 491 480 1676 1436 1133
585 9 2 10 12 187 188 465 239 1145 1677
586 9 2 10 12 410 529 739 1518 1490 1678
587 9 2 10 12 353 591 677 1158 1045 1679
588 9 2 10 12 333 681 513 1310 1680 1681
589 9 2 10 12 197 506 403 1682 1456 912
590 9 2 10 12 262 440 538 1683 1684 1685
591 9 2 10 12 321 538 440 1564 1684 1205
592 9 2 10 12 261 441 537 1686 1687 1688
593 9 2 10 12 322 537 441 1567 1687 1208
594 9 2 10 12 280 427 713 791 1422 1543
595 9 2 10 12 346 643 666 1689 1690 1656
596 9 2 10 12 308 448 485 1691 1579 1692
597 9 2 10 12 293 461 645 755 1693 1452
598 9 2 10 12 354 645 461 1694 1693 1695
599 9 2 10 12 73 74 566 117 1696 1697
600 9 2 10 12 291 434 685 1698 1609 1009
601 9 2 10 12 383 607 512 956 1699 1700
602 9 2 10 12 327 600 748 799 1701 1702
603 9 2 10 12 326 512 607 1161 1699 1288
604 9 2 10 12 274 589 384 1703 1704 1570
605 9 2 10 12 265 631 424 1468 1705 1202
606 9 2 10 12 313 625 424 1399 1706 1707
607 9 2 10 12 172 173 499 224 1708 1568
608 9 2 10 12 296 733 435 1709 1710 1524
609 9 2 10 12 88 89 501 132 986 1711
610 9 2 10 12 154 668 592 1712 1713 1638
611 9 2 10 12 166 167 495 218 1561 1714
612 9 2 10 12 54 55 462 98 1715 1055
613 9 2 10 12 271 744 433 1716 1717 1102
614 9 2 10 12 165 650 436 1718 1719 1361
615 9 2 10 12 350 436 650 1147 1719 1720
616 9 2 10 12 263 610 450 1721 1409 938
617 9 2 10 12 17 18 467 30 1722 1723
618 9 2 10 12 315 436 507 1620 1032 1724
619 9 2 10 12 3 39 475 45 1293 1725
620 9 2 10 12 193 435 528 1380 1726 1727
621 9 2 10 12 288 431 700 1631 1728 1729
622 9 2 10 12 325 444 549 1198 1730 1249
623 9 2 10 12 286 549 444 1731 1730 1732
624 9 2 10 12 311 469 479 814 1733 1734
625 9 2 10 12 275 457 562 1123 1425 1735
626 9 2 10 12 285 698 540 1231 1736 1737
627 9 2 10 12 416 513 681 1364 1680 866
628 9 2 10 12 393 549 564 1738 1739 1037
629 9 2 10 12 286 564 549 1740 1739 1731
630 9 2 10 12 318 430 530 995 1741 1287
631 9 2 10 12 84 530 430 1742 1741 1047
632 9 2 10 12 306 687 426 1240 937 1453
633 9 2 10 12 280 752 482 1743 1744 1621
634 9 2 10 12 270 438 611 1434 1745 1746
635 9 2 10 12 328 611 438 1233 1745 1070
636 9 2 10 12 381 482 752 1747 1744 1748
637 9 2 10 12 308 689 448 1370 1749 1691
638 9 2 10 12 294 447 738 1116 1523 922
639 9 2 10 12 274 518 418 1572 1396 1750
640 9 2 10 12 313 424 631 1707 1705 1751
641 9 2 10 12 289 424 625 1054 1706 1752
642 9 2 10 12 432 583 472 1753 1754 1285
643 9 2 10 12 337 583 432 1755 1753 1756
644 9 2 10 12 300 471 572 1498 1674 1551
645 9 2 10 12 281 728 644 1757 1758 1759
646 9 2 10 12 490 688 588 1343 1760 1761
647 9 2 10 12 258 617 425 1762 857 1265
648 9 2 10 12 192 193 528 244 1727 1089
649 9 2 10 12 289 628 553 1763 1764 1120
650 9 2 10 12 407 553 628 1765 1764 1304
651 9 2 10 12 154 155 668 206 773 1712
652 9 2 10 12 311 581 466 1766 1767 1530
653 9 2 10 12 2 606 9 1664 820 13
654 9 2 10 12 276 560 455 1768 1615 976
655 9 2 10 12 277 561 456 1769 1617 1770
656 9 2 10 12 399 730 719 1771 1331 1354
657 9 2 10 12 327 554 468 1772 1670 964
658 9 2 10 12 308 485 551 1692 1773 1258
659 9 2 10 12 59 751 437 1774 761 1775
660 9 2 10 12 142 143 519 150 1222 1776
661 9 2 10 12 414 714 672 1777 1778 1779
662 9 2 10 12 194 195 618 246 1780 1781
663 9 2 10 12 357 682 443 1782 1783 1784
664 9 2 10 12 76 77 486 120 1785 1636
665 9 2 10 12 270 508 452 1786 1787 1788
666 9 2 10 12 75 443 682 1465 1783 1789
667 9 2 10 12 361 484 630 1445 1790 1604
668 9 2 10 12 260 660 432 1791 1792 1793
669 9 2 10 12 337 432 660 1756 1792 1794
670 9 2 10 12 73 566 740 1697 1795 1796
671 9 2 10 12 59 437 558 1775 1797 1798
672 9 2 10 12 314 535 713 1799 1800 1099
673 9 2 10 12 286 444 516 1732 1634 1290
674 9 2 10 12 303 481 587 1336 1801 1582
675 9 2 10 12 381 613 742 1802 1803 1804
676 9 2 10 12 377 557 482 1805 1622 881
677 9 2 10 12 372 669 598 1806 1040 1807
678 9 2 10 12 334 544 526 1808 1809 1810
679 9 2 10 12 345 668 741 1811 1812 1813
680 9 2 10 12 357 443 701 1784 1814 1371
681 9 2 10 12 268 451 641 1815 1816 1817
682 9 2 10 12 179 180 489 231 1818 1241
683 9 2 10 12 301 520 473 1481 1819 1254
684 9 2 10 12 391 473 520 1074 1819 1820
685 9 2 10 12 299 701 443 1821 1814 1822
686 9 2 10 12 344 678 416 1823 904 1105
687 9 2 10 12 405 609 721 1824 1825 1826
688 9 2 10 12 356 430 627 1312 1059 1359
689 9 2 10 12 302 576 476 1558 1827 1313
690 9 2 10 12 316 556 519 1217 1828 1829
691 9 2 10 12 291 579 434 1830 952 1698
692 9 2 10 12 268 654 451 1831 1832 1815
693 9 2 10 12 369 587 481 1833 1801 1325
694 9 2 10 12 260 432 669 1793 1082 1834
695 9 2 10 12 158 527 445 1835 1836 1223
696 9 2 10 12 266 578 428 1647 1837 1252
697 9 2 10 12 20 21 658 33 1838 1839
698 9 2 10 12 311 479 581 1734 1840 1766
699 9 2 10 12 3 490 25 1344 1841 38
700 9 2 10 12 371 476 576 1842 1827 1843
701 9 2 10 12 326 558 437 1844 1797 1159
702 9 2 10 12 325 470 609 1300 1845 1846
703 9 2 10 12 363 509 655 1847 1625 1848
704 9 2 10 12 314 533 535 1849 1850 1799
705 9 2 10 12 270 710 504 1851 1852 1433
706 9 2 10 12 269 664 418 1853 1854 910
707 9 2 10 12 300 636 433 1855 1103 1496
708 9 2 10 12 413 473 537 1255 1856 1566
709 9 2 10 12 364 622 524 1857 1858 1859
710 9 2 10 12 381 752 613 1748 1860 1802
711 9 2 10 12 176 454 532 1234 1861 1862
712 9 2 10 12 296 672 714 1525 1778 1863
713 9 2 10 12 4 646 44 1864 1865 51
714 9 2 10 12 421 741 668 962 1812 827
715 9 2 10 12 68 69 502 112 1321 1866
716 9 2 10 12 267 385 702 998 1867 1610
717 9 2 10 12 272 494 531 1868 1869 1462
718 9 2 10 12 335 531 494 1187 1869 1505
719 9 2 10 12 184 637 463 1870 1871 1660
720 9 2 10 12 4 52 646 95 1872 1864
721 9 2 10 12 347 435 618 1488 1873 1874
722 9 2 10 12 22 23 517 35 1472 1875
723 9 2 10 12 91 661 464 1876 1169 1662
724 9 2 10 12 41 42 535 48 1877 1878
725 9 2 10 12 161 458 699 1491 1879 1880
726 9 2 10 12 52 53 735 96 1645 1881
727 9 2 10 12 189 190 500 241 1882 1204
728 9 2 10 12 195 488 618 1109 1883 1780
729 9 2 10 12 19 459 723 1451 1884 1885
730 9 2 10 12 183 463 679 1661 1886 1887
731 9 2 10 12 278 596 630 1888 1605 1355
732 9 2 10 12 380 612 525 1167 1889 1890
733 9 2 10 12 330 525 612 1319 1889 863
734 9 2 10 12 77 548 486 1891 1892 1785
735 9 2 10 12 266 479 469 1253 1733 1642
736 9 2 10 12 299 443 726 1822 1893 1894
737 9 2 10 12 17 467 513 1723 1895 1896
738 9 2 10 12 348 648 465 1897 1898 1899
739 9 2 10 12 40 41 533 47 1900 1600
740 9 2 10 12 187 465 648 1677 1898 1901
741 9 2 10 12 375 748 600 1902 1701 1448
742 9 2 10 12 367 635 496 1903 1904 920
743 9 2 10 12 275 496 635 1905 1904 1122
744 9 2 10 12 331 486 548 1906 1892 999
745 9 2 10 12 64 461 715 1907 757 1908
746 9 2 10 12 181 182 652 233 1909 1541
747 9 2 10 12 265 686 547 1910 1244 1476
748 9 2 10 12 16 17 513 29 1896 1363
749 9 2 10 12 261 537 473 1688 1856 1073
750 9 2 10 12 361 596 696 1606 947 1911
751 9 2 10 12 18 723 467 1912 1913 1722
752 9 2 10 12 194 618 435 1781 1873 1379
753 9 2 10 12 56 594 567 1914 1915 1916
754 9 2 10 12 180 181 571 232 1540 1917
755 9 2 10 12 397 644 728 1918 1758 1919
756 9 2 10 12 89 90 591 133 1920 984
757 9 2 10 12 25 490 466 1841 1531 1628
758 9 2 10 12 204 663 680 1921 1922 1923
759 9 2 10 12 72 740 483 1924 1925 1926
760 9 2 10 12 265 474 686 1302 1927 1910
761 9 2 10 12 362 686 474 1928 1927 1929
762 9 2 10 12 418 664 703 1854 1930 1931
763 9 2 10 12 300 445 753 1553 1932 1933
764 9 2 10 12 72 73 740 116 1796 1924
765 9 2 10 12 55 56 567 99 1916 1934
766 9 2 10 12 200 526 544 1935 1809 1936
767 9 2 10 12 21 524 658 1937 1938 1838
768 9 2 10 12 264 439 673 1669 1215 1939
769 9 2 10 12 269 615 460 1459 1940 1941
770 9 2 10 12 378 534 616 1942 1943 1944
771 9 2 10 12 331 616 534 819 1943 1945
772 9 2 10 12 268 427 654 1430 1002 1831
773 9 2 10 12 336 683 744 1946 1947 1948
774 9 2 10 12 280 401 752 1545 1949 1743
775 9 2 10 12 274 418 703 1750 1931 1950
776 9 2 10 12 262 674 440 1951 1316 1683
777 9 2 10 12 261 670 441 1952 1270 1686
778 9 2 10 12 304 747 454 1953 1954 1599
779 9 2 10 12 66 449 727 1955 1956 1957
780 9 2 10 12 447 724 451 1958 1959 1419
781 9 2 10 12 433 744 683 1717 1947 1960
782 9 2 10 12 67 570 656 1961 1962 1963
783 9 2 10 12 20 658 459 1839 1964 1450
784 9 2 10 12 198 199 568 250 1965 1333
785 9 2 10 12 201 684 526 1966 1097 1967
786 9 2 10 12 66 656 449 1968 1969 1955
787 9 2 10 12 257 523 724 1970 1427 1971
788 9 2 10 12 320 579 522 825 1972 1268
789 9 2 10 12 290 721 609 1228 1825 1973
790 9 2 10 12 371 720 476 1066 1974 1842
791 9 2 10 12 262 476 720 1975 1974 1976
792 9 2 10 12 163 164 515 215 1594 1626
793 9 2 10 12 374 584 555 854 1977 1978
794 9 2 10 12 349 555 584 1623 1977 1979
795 9 2 10 12 355 692 487 1980 1595 1981
796 9 2 10 12 354 727 449 1982 1956 1520
797 9 2 10 12 257 724 447 1971 1958 760
798 9 2 10 12 292 581 479 1983 1840 1034
799 9 2 10 12 344 606 678 1013 1474 1823
800 9 2 10 12 59 60 751 103 769 1774
801 9 2 10 12 412 476 538 1314 1984 1563
802 9 2 10 12 262 538 476 1685 1984 1975
803 9 2 10 12 435 733 528 1710 1985 1726
804 9 2 10 12 67 68 570 111 1986 1961
805 9 2 10 12 382 590 478 1987 1988 1005
806 9 2 10 12 56 57 594 100 1501 1914
807 9 2 10 12 309 725 475 1989 1990 1555
808 9 2 10 12 333 513 467 1681 1895 1991
809 9 2 10 12 319 524 622 1992 1858 787
810 9 2 10 12 64 647 461 1993 1994 1907
811 9 2 10 12 373 559 585 1995 1996 861
812 9 2 10 12 351 585 559 1997 1996 1998
813 9 2 10 12 190 191 719 242 1353 1999
814 9 2 10 12 372 626 563 2000 2001 2002
815 9 2 10 12 362 444 686 1635 1245 1928
816 9 2 10 12 349 699 458 2003 1879 1175
817 9 2 10 12 384 459 518 2004 1653 1571
818 9 2 10 12 269 460 664 1941 2005 1853
819 9 2 10 12 259 471 683 1178 2006 2007
820 9 2 10 12 308 488 582 1260 1108 1672
821 9 2 10 12 295 452 711 892 2008 1648
822 9 2 10 12 420 605 660 2009 2010 2011
823 9 2 10 12 337 660 605 1794 2010 1574
824 9 2 10 12 270 452 710 1788 2012 1851
825 9 2 10 12 197 198 506 249 1334 1682
826 9 2 10 12 383 617 633 2013 2014 2015
827 9 2 10 12 266 448 689 1643 1749 1646
828 9 2 10 12 376 449 656 1382 1969 2016
829 9 2 10 12 42 613 535 2017 2018 1877
830 9 2 10 12 291 580 732 1348 2019 2020
831 9 2 10 12 415 541 481 1584 2021 1335
832 9 2 10 12 264 481 541 1329 2021 1668
833 9 2 10 12 277 456 722 1770 2022 2023
834 9 2 10 12 158 159 527 210 958 1835
835 9 2 10 12 338 710 452 2024 2012 893
836 9 2 10 12 373 747 472 2025 2026 2027
837 9 2 10 12 304 472 747 1286 2026 1953
838 9 2 10 12 203 204 680 255 1923 2028
839 9 2 10 12 283 665 616 2029 2030 895
840 9 2 10 12 317 489 571 2031 2032 1573
841 9 2 10 12 1 663 204 2033 1921 256
842 9 2 10 12 1 7 663 10 2034 2033
843 9 2 10 12 297 693 455 1417 927 1351
844 9 2 10 12 298 692 456 1596 2035 1352
845 9 2 10 12 21 22 736 34 2036 2037
846 9 2 10 12 175 176 532 227 1862 953
847 9 2 10 12 334 703 664 2038 1930 2039
848 9 2 10 12 356 693 505 1360 1416 2040
849 9 2 10 12 63 64 715 107 1908 2041
850 9 2 10 12 463 734 679 2042 2043 1886
851 9 2 10 12 334 526 480 1810 1096 2044
852 9 2 10 12 384 467 723 2045 1913 2046
853 9 2 10 12 319 459 658 1654 1964 2047
854 9 2 10 12 376 570 717 2048 1613 2049
855 9 2 10 12 281 492 728 2050 2051 1757
856 9 2 10 12 314 419 533 1229 1601 1849
857 9 2 10 12 203 680 431 2028 2052 1395
858 9 2 10 12 72 483 614 1926 1067 2053
859 9 2 10 12 379 510 653 2054 2055 2056
860 9 2 10 12 58 59 558 102 1798 2057
861 9 2 10 12 373 472 559 2027 2058 1995
862 9 2 10 12 273 559 472 2059 2058 2060
863 9 2 10 12 84 85 530 128 1029 1742
864 9 2 10 12 191 192 577 243 1091 1297
865 9 2 10 12 71 72 614 115 2053 1014
866 9 2 10 12 332 578 506 2061 1457 1060
867 9 2 10 12 292 411 581 2062 2063 1983
868 9 2 10 12 358 451 654 1420 1832 1001
869 9 2 10 12 299 457 701 1373 1021 1821
870 9 2 10 12 405 547 609 1477 2064 1824
871 9 2 10 12 334 460 544 2065 2066 1808
872 9 2 10 12 90 464 591 1663 1046 1920
873 9 2 10 12 285 563 626 2067 2001 889
874 9 2 10 12 333 589 491 2068 2069 1308
875 9 2 10 12 276 597 560 2070 1442 1768
876 9 2 10 12 259 599 503 2071 2072 2073
877 9 2 10 12 392 503 599 1077 2072 2074
878 9 2 10 12 384 589 467 1704 2075 2045
879 9 2 10 12 274 491 589 1437 2069 1703
880 9 2 10 12 354 461 647 1695 1994 2076
881 9 2 10 12 284 624 667 776 2077 2078
882 9 2 10 12 383 633 468 2015 2079 955
883 9 2 10 12 327 748 575 1702 2080 2081
884 9 2 10 12 463 637 696 1871 2082 2083
885 9 2 10 12 332 428 578 2084 1837 2061
886 9 2 10 12 57 58 657 101 2085 1548
887 9 2 10 12 200 201 526 252 1967 1935
888 9 2 10 12 332 615 428 2086 1219 2084
889 9 2 10 12 326 657 558 1483 2087 1844
890 9 2 10 12 258 633 617 2088 2014 1762
891 9 2 10 12 79 80 543 123 794 1150
892 9 2 10 12 55 567 462 1934 828 1715
893 9 2 10 12 315 694 520 2089 2090 1478
894 9 2 10 12 391 520 694 1820 2090 2091
895 9 2 10 12 470 716 609 2092 2093 1845
896 9 2 10 12 384 723 459 2046 1884 2004
897 9 2 10 12 77 78 548 121 1151 1891
898 9 2 10 12 376 656 570 2016 1962 2048
899 9 2 10 12 352 567 594 1550 1915 1510
900 9 2 10 12 273 472 583 2060 1754 2094
901 9 2 10 12 359 641 451 2095 1816 2096
902 9 2 10 12 379 680 663 2097 1922 2098
903 9 2 10 12 141 142 556 149 2099 1303
904 9 2 10 12 199 200 544 251 1936 2100
905 9 2 10 12 379 653 700 2056 2101 2102
906 9 2 10 12 406 732 580 2103 2019 2104
907 9 2 10 12 273 583 498 2094 2105 2106
908 9 2 10 12 337 498 583 1588 2105 1755
909 9 2 10 12 333 467 589 1991 2075 2068
910 9 2 10 12 276 627 550 977 1058 2107
911 9 2 10 12 443 486 726 1637 2108 1893
912 9 2 10 12 42 43 613 49 2109 2017
913 9 2 10 12 393 708 549 2110 1250 1738
914 9 2 10 12 332 460 615 2111 1940 2086
915 9 2 10 12 522 579 732 1972 2112 2113
916 9 2 10 12 332 568 460 1062 2114 2111
917 9 2 10 12 316 519 728 1829 2115 2116
918 9 2 10 12 397 728 519 1919 2115 1221
919 9 2 10 12 320 508 690 1527 2117 1294
920 9 2 10 12 278 620 596 1113 2118 1888
921 9 2 10 12 387 596 620 782 2118 2119
922 9 2 10 12 64 65 647 108 2120 1993
923 9 2 10 12 292 707 411 2121 2122 2062
924 9 2 10 12 363 655 577 1848 2123 1163
925 9 2 10 12 420 496 605 1463 2124 2009
926 9 2 10 12 275 605 496 2125 2124 1905
927 9 2 10 12 377 738 557 923 2126 1805
928 9 2 10 12 275 562 605 1735 1575 2125
929 9 2 10 12 41 535 533 1878 1850 1900
930 9 2 10 12 160 161 699 212 1880 2127
931 9 2 10 12 399 577 655 1298 2123 2128
932 9 2 10 12 355 487 676 1981 2129 2130
933 9 2 10 12 87 676 487 2131 2129 1592
934 9 2 10 12 401 713 535 1544 1800 2132
935 9 2 10 12 378 673 534 2133 1214 1942
936 9 2 10 12 382 468 633 965 2079 2134
937 9 2 10 12 180 571 489 1917 2032 1818
938 9 2 10 12 173 174 697 225 2135 2136
939 9 2 10 12 331 726 486 2137 2108 1906
940 9 2 10 12 321 494 746 2138 2139 1577
941 9 2 10 12 322 493 745 2140 2141 1578
942 9 2 10 12 329 737 665 2142 2143 2144
943 9 2 10 12 65 66 727 109 1957 2145
944 9 2 10 12 386 511 670 1406 1271 2146
945 9 2 10 12 336 640 599 1547 2147 2148
946 9 2 10 12 392 599 640 2074 2147 2149
947 9 2 10 12 324 706 539 2150 2151 2152
948 9 2 10 12 378 616 665 1944 2030 2153
949 9 2 10 12 355 501 565 2154 2155 2156
950 9 2 10 12 274 703 480 1950 2157 1435
951 9 2 10 12 348 484 648 2158 2159 1897
952 9 2 10 12 186 648 484 2160 2159 1428
953 9 2 10 12 321 560 494 1616 1506 2138
954 9 2 10 12 322 561 493 1618 1503 2140
955 9 2 10 12 334 664 460 2039 2005 2065
956 9 2 10 12 328 610 620 1410 2161 1110
957 9 2 10 12 387 620 610 2119 2161 2162
958 9 2 10 12 166 495 650 1714 2163 2164
959 9 2 10 12 350 650 495 1720 2163 1124
960 9 2 10 12 324 553 706 2165 2166 2150
961 9 2 10 12 170 171 601 222 1137 1383
962 9 2 10 12 425 711 508 1649 2167 1526
963 9 2 10 12 156 157 602 208 1190 1602
964 9 2 10 12 93 94 671 137 2168 2169
965 9 2 10 12 168 169 604 220 1346 1183
966 9 2 10 12 380 525 674 1890 1317 2170
967 9 2 10 12 382 633 590 2134 2171 1987
968 9 2 10 12 335 597 634 1443 2172 931
969 9 2 10 12 386 634 597 2173 2172 2174
970 9 2 10 12 323 749 498 1591 2175 2176
971 9 2 10 12 323 498 562 2176 1587 1424
972 9 2 10 12 362 474 642 1929 1414 2177
973 9 2 10 12 345 592 668 1495 1713 1811
974 9 2 10 12 433 683 471 1960 2006 1497
975 9 2 10 12 66 67 656 110 1963 1968
976 9 2 10 12 258 590 633 1393 2171 2088
977 9 2 10 12 348 465 685 1899 1243 1608
978 9 2 10 12 177 178 608 229 979 1172
979 9 2 10 12 364 707 514 2178 2179 2180
980 9 2 10 12 385 729 595 2181 2182 2183
981 9 2 10 12 43 44 742 50 2184 2185
982 9 2 10 12 387 610 569 2162 2186 1022
983 9 2 10 12 263 569 610 2187 2186 1721
984 9 2 10 12 353 565 501 2188 2155 1157
985 9 2 10 12 339 572 619 1554 2189 961
986 9 2 10 12 370 619 572 2190 2189 1673
987 9 2 10 12 305 734 696 1666 2191 946
988 9 2 10 12 463 696 734 2083 2191 2042
989 9 2 10 12 21 736 524 2037 2192 1937
990 9 2 10 12 292 514 707 983 2179 2121
991 9 2 10 12 372 563 539 2002 2193 2194
992 9 2 10 12 348 630 484 1279 1790 2158
993 9 2 10 12 340 621 576 926 2195 1556
994 9 2 10 12 371 576 621 1843 2195 987
995 9 2 10 12 267 551 485 2196 1773 1007
996 9 2 10 12 324 659 553 2197 1121 2165
997 9 2 10 12 324 474 659 1415 1301 2197
998 9 2 10 12 68 502 570 1866 1650 1986
999 9 2 10 12 61 62 629 105 2198 1092
1000 9 2 10 12 346 477 671 1658 2199 2200
1001 9 2 10 12 93 671 477 2169 2199 1455
1002 9 2 10 12 273 749 552 2201 2202 2203
1003 9 2 10 12 415 552 749 1192 2202 1590
1004 9 2 10 12 259 683 599 2007 2204 2071
1005 9 2 10 12 184 185 637 236 1248 1870
1006 9 2 10 12 355 676 501 2130 2205 2154
1007 9 2 10 12 88 501 676 1711 2205 2206
1008 9 2 10 12 142 519 556 1776 1828 2099
1009 9 2 10 12 365 477 666 1514 1657 1589
1010 9 2 10 12 366 734 564 2207 1665 2208
1011 9 2 10 12 347 618 488 1874 1883 1438
1012 9 2 10 12 374 555 636 1978 1148 2209
1013 9 2 10 12 329 586 737 2210 2211 2142
1014 9 2 10 12 341 587 624 1581 2212 908
1015 9 2 10 12 369 624 587 2213 2212 1833
1016 9 2 10 12 281 741 619 2214 959 2215
1017 9 2 10 12 351 559 552 1998 2216 2217
1018 9 2 10 12 273 552 559 2203 2216 2059
1019 9 2 10 12 414 523 714 1139 2218 1777
1020 9 2 10 12 311 490 588 1532 1761 812
1021 9 2 10 12 263 470 708 1064 1299 2219
1022 9 2 10 12 268 641 595 1817 2220 2221
1023 9 2 10 12 367 566 635 2222 2223 1903
1024 9 2 10 12 357 635 566 1372 2223 2224
1025 9 2 10 12 426 731 649 1652 2225 2226
1026 9 2 10 12 390 716 470 2227 2092 1063
1027 9 2 10 12 369 667 624 2228 2077 2213
1028 9 2 10 12 186 187 648 238 1901 2160
1029 9 2 10 12 383 512 617 1700 811 2013
1030 9 2 10 12 334 480 703 2044 2157 2038
1031 9 2 10 12 388 729 497 2229 2230 1655
1032 9 2 10 12 165 166 650 217 2164 1718
1033 9 2 10 12 288 681 651 1081 1470 1629
1034 9 2 10 12 296 714 509 1863 2231 2232
1035 9 2 10 12 478 750 730 2233 2234 1659
1036 9 2 10 12 43 742 613 2185 1803 2109
1037 9 2 10 12 750 312 730 2235 1332 2234
1038 9 2 10 12 18 19 723 31 1885 1912
1039 9 2 10 12 7 8 718 11 2236 2237
1040 9 2 10 12 360 649 731 2238 2225 2239
1041 9 2 10 12 3 475 688 1725 2240 1342
1042 9 2 10 12 283 529 665 1257 2241 2029
1043 9 2 10 12 201 202 684 253 1375 1966
1044 9 2 10 12 402 704 625 2242 2243 1398
1045 9 2 10 12 62 743 629 2244 831 2198
1046 9 2 10 12 372 539 669 2194 2245 1806
1047 9 2 10 12 260 669 539 1834 2245 2246
1048 9 2 10 12 309 521 595 1051 2247 2248
1049 9 2 10 12 91 92 661 135 1324 1876
1050 9 2 10 12 401 535 613 2132 2018 2249
1051 9 2 10 12 370 603 712 1154 1529 2250
1052 9 2 10 12 74 75 682 118 1789 2251
1053 9 2 10 12 411 466 581 1264 1767 2063
1054 9 2 10 12 343 626 598 888 2252 1597
1055 9 2 10 12 372 598 626 1807 2252 2000
1056 9 2 10 12 182 183 679 234 1887 2253
1057 9 2 10 12 82 83 675 126 1115 2254
1058 9 2 10 12 87 88 676 131 2206 2131
1059 9 2 10 12 375 509 714 1449 2231 2255
1060 9 2 10 12 277 640 561 2256 1546 1769
1061 9 2 10 12 385 595 641 2183 2220 2257
1062 9 2 10 12 368 639 554 2258 2259 2260
1063 9 2 10 12 284 667 542 2078 2261 1168
1064 9 2 10 12 392 640 632 2149 2262 2263
1065 9 2 10 12 277 632 640 2264 2262 2256
1066 9 2 10 12 445 527 753 1836 2265 1932
1067 9 2 10 12 368 554 575 2260 2266 766
1068 9 2 10 12 454 747 532 1954 2267 1861
1069 9 2 10 12 287 554 639 1671 2259 806
1070 9 2 10 12 285 540 642 1737 2268 2269
1071 9 2 10 12 362 642 540 2177 2268 1356
1072 9 2 10 12 367 740 566 2270 1795 2222
1073 9 2 10 12 426 649 503 2226 2271 1454
1074 9 2 10 12 289 625 704 1752 2243 2272
1075 9 2 10 12 367 483 740 901 1925 2270
1076 9 2 10 12 356 505 675 2040 2273 1311
1077 9 2 10 12 82 675 505 2254 2273 1607
1078 9 2 10 12 399 655 730 2128 1633 1771
1079 9 2 10 12 324 539 563 2152 2193 1431
1080 9 2 10 12 385 497 729 997 2230 2181
1081 9 2 10 12 331 534 726 1945 2274 2137
1082 9 2 10 12 336 744 493 1948 2275 1502
1083 9 2 10 12 411 707 517 2122 2276 1471
1084 9 2 10 12 317 698 489 2277 2278 2031
1085 9 2 10 12 62 63 743 106 2279 2244
1086 9 2 10 12 364 514 622 2180 2280 1857
1087 9 2 10 12 259 503 649 2073 2271 2281
1088 9 2 10 12 359 451 724 2096 1959 1426
1089 9 2 10 12 285 642 563 2269 1432 2067
1090 9 2 10 12 344 653 510 1106 2055 1012
1091 9 2 10 12 315 507 694 1724 1484 2089
1092 9 2 10 12 417 652 695 1542 2282 944
1093 9 2 10 12 366 695 652 2283 2282 2284
1094 9 2 10 12 396 489 698 1242 2278 1230
1095 9 2 10 12 345 741 644 1813 2285 2286
1096 9 2 10 12 282 666 643 917 1690 992
1097 9 2 10 12 366 679 734 2287 2043 2207
1098 9 2 10 12 160 699 584 2127 2288 1347
1099 9 2 10 12 327 575 554 2081 2266 1772
1100 9 2 10 12 401 613 752 2249 1860 1949
1101 9 2 10 12 386 597 550 2174 2289 1404
1102 9 2 10 12 276 550 597 2107 2289 2070
1103 9 2 10 12 381 735 482 2290 1644 1747
1104 9 2 10 12 309 595 729 2248 2182 2291
1105 9 2 10 12 478 590 750 1988 2292 2233
1106 9 2 10 12 281 712 492 2293 1528 2050
1107 9 2 10 12 263 708 569 2219 2294 2187
1108 9 2 10 12 393 569 708 1057 2294 2110
1109 9 2 10 12 398 643 573 1025 2295 970
1110 9 2 10 12 345 644 574 2286 2296 1494
1111 9 2 10 12 346 573 643 1493 2295 1689
1112 9 2 10 12 397 574 644 967 2296 1918
1113 9 2 10 12 460 568 544 2114 2297 2066
1114 9 2 10 12 338 504 710 1394 1852 2024
1115 9 2 10 12 174 585 697 1385 2298 2135
1116 9 2 10 12 316 728 492 2116 2051 1533
1117 9 2 10 12 173 697 499 2136 2299 1708
1118 9 2 10 12 351 499 697 2300 2299 2301
1119 9 2 10 12 312 750 580 2235 2302 1306
1120 9 2 10 12 406 580 750 2104 2302 2303
1121 9 2 10 12 342 651 491 1675 1469 1676
1122 9 2 10 12 325 609 547 1846 2064 1196
1123 9 2 10 12 351 705 499 2304 1586 2300
1124 9 2 10 12 271 493 744 2305 2275 1716
1125 9 2 10 12 271 745 493 1281 2141 2305
1126 9 2 10 12 272 746 494 1284 2139 1868
1127 9 2 10 12 368 638 639 1095 2306 2258
1128 9 2 10 12 190 719 500 1999 1376 1882
1129 9 2 10 12 269 622 514 911 2280 1458
1130 9 2 10 12 94 593 671 1641 2307 2168
1131 9 2 10 12 352 639 638 844 2306 1549
1132 9 2 10 12 385 641 702 2257 2308 1867
1133 9 2 10 12 361 696 637 1911 2082 1444
1134 9 2 10 12 452 508 711 1787 2167 2008
1135 9 2 10 12 270 690 508 2309 2117 1786
1136 9 2 10 12 354 662 645 1521 2310 1694
1137 9 2 10 12 390 645 662 1447 2310 2311
1138 9 2 10 12 273 498 749 2106 2175 2201
1139 9 2 10 12 319 658 524 2047 1938 1992
1140 9 2 10 12 347 551 691 1439 2312 2313
1141 9 2 10 12 261 634 670 935 2314 1952
1142 9 2 10 12 386 670 634 2146 2314 2173
1143 9 2 10 12 392 632 677 2263 2315 1075
1144 9 2 10 12 296 509 733 2232 2316 1709
1145 9 2 10 12 277 565 632 2317 2318 2264
1146 9 2 10 12 353 632 565 2319 2318 2188
1147 9 2 10 12 8 510 718 1084 2320 2236
1148 9 2 10 12 272 507 709 1485 1031 1388
1149 9 2 10 12 313 631 717 1751 2321 1612
1150 9 2 10 12 405 717 631 2322 2321 1467
1151 9 2 10 12 351 552 705 2217 1537 2304
1152 9 2 10 12 329 542 667 1536 2261 2323
1153 9 2 10 12 329 665 529 2144 2241 1517
1154 9 2 10 12 375 523 748 2324 2325 1902
1155 9 2 10 12 388 588 688 1386 1760 2326
1156 9 2 10 12 364 524 736 1859 2192 2327
1157 9 2 10 12 257 748 523 2328 2325 1970
1158 9 2 10 12 354 647 727 2076 2329 1982
1159 9 2 10 12 379 718 510 2330 2320 2054
1160 9 2 10 12 286 695 564 1291 2331 1740
1161 9 2 10 12 366 564 695 2208 2331 2283
1162 9 2 10 12 288 700 653 1729 2101 1080
1163 9 2 10 12 363 733 509 2332 2316 1847
1164 9 2 10 12 44 646 742 1865 2333 2184
1165 9 2 10 12 268 595 521 2221 2247 1429
1166 9 2 10 12 259 649 603 2281 2334 1177
1167 9 2 10 12 360 603 649 1509 2334 2238
1168 9 2 10 12 329 667 586 2323 2335 2210
1169 9 2 10 12 260 539 706 2246 2151 2336
1170 9 2 10 12 22 517 736 1875 2337 2036
1171 9 2 10 12 58 558 657 2057 2087 2085
1172 9 2 10 12 364 517 707 2338 2276 2178
1173 9 2 10 12 391 694 531 2091 1460 1186
1174 9 2 10 12 347 691 672 2313 2339 1486
1175 9 2 10 12 317 540 698 1440 1736 2277
1176 9 2 10 12 74 682 566 2251 2340 1696
1177 9 2 10 12 289 704 628 2272 2341 1763
1178 9 2 10 12 389 628 704 1088 2341 2342
1179 9 2 10 12 355 565 722 2156 2343 2344
1180 9 2 10 12 406 522 732 1392 2113 2103
1181 9 2 10 12 199 544 568 2100 2297 1965
1182 9 2 10 12 375 714 523 2255 2218 2324
1183 9 2 10 12 369 586 667 1327 2335 2228
1184 9 2 10 12 350 545 709 1125 1389 1146
1185 9 2 10 12 290 609 716 1973 2093 2345
1186 9 2 10 12 267 691 551 1611 2312 2196
1187 9 2 10 12 357 566 682 2224 2340 1782
1188 9 2 10 12 346 671 593 2200 2307 1492
1189 9 2 10 12 260 754 660 2346 2347 1791
1190 9 2 10 12 420 660 754 2011 2347 898
1191 9 2 10 12 363 528 733 1164 1985 2332
1192 9 2 10 12 364 736 517 2327 2337 2338
1193 9 2 10 12 299 726 534 1894 2274 1117
1194 9 2 10 12 378 665 737 2153 2143 2348
1195 9 2 10 12 374 753 527 2349 2265 957
1196 9 2 10 12 359 702 641 1338 2308 2095
1197 9 2 10 12 282 536 731 991 2350 1651
1198 9 2 10 12 407 706 553 2351 2166 1765
1199 9 2 10 12 373 532 747 954 2267 2025
1200 9 2 10 12 381 742 646 1804 2333 2352
1201 9 2 10 12 336 599 683 2148 2204 1946
1202 9 2 10 12 388 725 729 2353 2354 2229
1203 9 2 10 12 360 731 536 2239 2350 1535
1204 9 2 10 12 270 611 690 1746 2355 2309
1205 9 2 10 12 395 690 611 1295 2355 1232
1206 9 2 10 12 402 623 704 839 2356 2242
1207 9 2 10 12 351 697 585 2301 2298 1997
1208 9 2 10 12 406 750 590 2303 2292 1390
1209 9 2 10 12 349 584 699 1979 2288 2003
1210 9 2 10 12 353 677 632 1679 2315 2319
1211 9 2 10 12 277 722 565 2023 2343 2317
1212 9 2 10 12 358 557 738 786 2126 1522
1213 9 2 10 12 260 706 754 2336 2357 2346
1214 9 2 10 12 264 737 586 2358 2211 1328
1215 9 2 10 12 182 679 652 2253 2359 1909
1216 9 2 10 12 366 652 679 2284 2359 2287
1217 9 2 10 12 431 680 700 2052 2360 1728
1218 9 2 10 12 379 700 680 2102 2360 2097
1219 9 2 10 12 370 712 619 2250 2361 2190
1220 9 2 10 12 281 619 712 2215 2361 2293
1221 9 2 10 12 291 732 579 2020 2112 1830
1222 9 2 10 12 262 720 739 1976 2362 2363
1223 9 2 10 12 389 704 623 2342 2356 1030
1224 9 2 10 12 257 575 748 759 2080 2328
1225 9 2 10 12 390 662 716 2311 2364 2227
1226 9 2 10 12 290 716 662 2345 2364 1275
1227 9 2 10 12 414 672 691 1779 2339 1515
1228 9 2 10 12 407 754 706 877 2357 2351
1229 9 2 10 12 410 739 720 1678 2362 1068
1230 9 2 10 12 379 663 718 2098 2365 2330
1231 9 2 10 12 376 717 721 2049 2366 1381
1232 9 2 10 12 405 721 717 1826 2366 2322
1233 9 2 10 12 65 727 647 2145 2329 2120
1234 9 2 10 12 355 722 692 2344 2367 1980
1235 9 2 10 12 264 673 737 1939 2368 2358
1236 9 2 10 12 374 636 753 2209 2369 2349
1237 9 2 10 12 262 739 674 2363 2370 1951
1238 9 2 10 12 281 644 741 1759 2285 2214
1239 9 2 10 12 300 753 636 1933 2369 1855
1240 9 2 10 12 7 718 663 2237 2365 2034
1241 9 2 10 12 381 646 735 2352 2371 2290
1242 9 2 10 12 475 725 688 1990 2372 2240
1243 9 2 10 12 456 692 722 2035 2367 2022
1244 9 2 10 12 404 743 715 858 2373 765
1245 9 2 10 12 63 715 743 2041 2373 2279
1246 9 2 10 12 378 737 673 2348 2368 2133
1247 9 2 10 12 380 674 739 2170 2370 1489
1248 9 2 10 12 52 735 646 1881 2371 1872
1249 9 2 10 12 309 729 725 2291 2354 1989
1250 9 2 10 12 388 688 725 2326 2372 2353
$EndElements
