$MeshFormat
2.2 0 8
$EndMeshFormat
$Nodes
4195
1 0 2 0
2 0 1 0
3 2 1 0
4 2 0 0
5 13 0 0
6 13 2 0
7 0 1.800000000000001 0
8 0 1.6 0
9 0 1.4 0
10 0 1.2 0
11 0 1.899999999999962 0
12 0 1.699999999999857 0
13 0 1.500000000000297 0
14 0 1.300000000000016 0
15 0 1.099999999999959 0
16 0.1883392979142569 1 0
17 0.3607163450105092 1 0
18 0.5184839770858001 1 0
19 0.6628803645718855 1 0
20 0.7950387820698078 1 0
21 0.9159964265310472 1 0
22 1.026702556186089 1 0
23 1.128026063900125 1 0
24 1.220762141731437 1 0
25 1.305638579100538 1 0
26 1.383321508024829 1 0
27 1.454420593874668 1 0
28 1.519493848589203 1 0
29 1.5790519652581 1 0
30 1.63356237714724 1 0
31 1.683452882768741 1 0
32 1.729115033877658 1 0
33 1.770907192231617 1 0
34 1.809157353546947 1 0
35 1.844165711153373 1 0
36 1.876207019267666 1 0
37 1.905532737452959 1 0
38 1.932373024996865 1 0
39 1.956938521983584 1 0
40 1.979422029758083 1 0
41 0.09416964895711766 1 0
42 0.2745278214624218 1 0
43 0.4396001610481546 1 0
44 0.5906821708288428 1 0
45 0.7289595733208467 1 0
46 0.8555176043004275 1 0
47 0.9713494913584911 1 0
48 1.077364310043107 1 0
49 1.174394102815781 1 0
50 1.263200360415987 1 0
51 1.344480043562684 1 0
52 1.418871050949748 1 0
53 1.486957221231935 1 0
54 1.549272906923652 1 0
55 1.60630717120267 1 0
56 1.658507629957991 1 0
57 1.7062839583232 1 0
58 1.750011113054638 1 0
59 1.790032272889282 1 0
60 1.82666153235016 1 0
61 1.860186365210519 1 0
62 1.890869878360312 1 0
63 1.918952881224912 1 0
64 1.944655773490224 1 0
65 1.968180275870834 1 0
66 1.989711014879042 1 0
67 2 0.9784692597598418 0
68 2 0.9527663690306333 0
69 2 0.9220828555263273 0
70 2 0.8854535899245207 0
71 2 0.8417264362000034 0
72 2 0.7895259828142637 0
73 2 0.7272102963194109 0
74 2 0.6528192871168432 0
75 2 0.5640130327094 0
76 2 0.4579982127438943 0
77 2 0.3314401799569637 0
78 2 0.1803581462913547 0
79 2 0.9892346298799282 0
80 2 0.9656178143952349 0
81 2 0.9374246122784897 0
82 2 0.9037682227254202 0
83 2 0.8635900130622682 0
84 2 0.8156262095071747 0
85 2 0.758368139566845 0
86 2 0.6900147917181151 0
87 2 0.6084161599131155 0
88 2 0.5110056227267608 0
89 2 0.3947191963504291 0
90 2 0.2558991631241592 0
91 2 0.09017907314567741 0
92 2.199999999999953 0 0
93 2.399999999999649 0 0
94 2.599999999998825 0 0
95 2.799999999998424 0 0
96 2.999999999998267 0 0
97 3.199999999997476 0 0
98 3.399999999996621 0 0
99 3.599999999995767 0 0
100 3.799999999994912 0 0
101 3.999999999994058 0 0
102 4.199999999993203 0 0
103 4.39999999999235 0 0
104 4.599999999991494 0 0
105 4.799999999990641 0 0
106 4.999999999989786 0 0
107 5.199999999988932 0 0
108 5.399999999988077 0 0
109 5.599999999987222 0 0
110 5.799999999986368 0 0
111 5.999999999985514 0 0
112 6.199999999984659 0 0
113 6.399999999983804 0 0
114 6.59999999998295 0 0
115 6.799999999982096 0 0
116 6.999999999981242 0 0
117 7.199999999980388 0 0
118 7.399999999979533 0 0
119 7.599999999979486 0 0
120 7.799999999980247 0 0
121 7.999999999981008 0 0
122 8.19999999998177 0 0
123 8.39999999998253 0 0
124 8.59999999998329 0 0
125 8.799999999984049 0 0
126 8.99999999998481 0 0
127 9.199999999985568 0 0
128 9.399999999986328 0 0
129 9.599999999987087 0 0
130 9.799999999987847 0 0
131 9.999999999988606 0 0
132 10.19999999998937 0 0
133 10.39999999999013 0 0
134 10.59999999999089 0 0
135 10.79999999999165 0 0
136 10.9999999999924 0 0
137 11.19999999999316 0 0
138 11.39999999999392 0 0
139 11.59999999999469 0 0
140 11.79999999999544 0 0
141 11.9999999999962 0 0
142 12.19999999999696 0 0
143 12.39999999999772 0 0
144 12.59999999999848 0 0
145 12.79999999999924 0 0
146 2.099999999999963 0 0
147 2.299999999999854 0 0
148 2.499999999999224 0 0
149 2.699999999998609 0 0
150 2.89999999999831 0 0
151 3.099999999997874 0 0
152 3.299999999997036 0 0
153 3.499999999996212 0 0
154 3.699999999995315 0 0
155 3.899999999994513 0 0
156 4.09999999999371 0 0
157 4.299999999992714 0 0
158 4.499999999991875 0 0
159 4.699999999991137 0 0
160 4.899999999990189 0 0
161 5.099999999989393 0 0
162 5.299999999988458 0 0
163 5.499999999987692 0 0
164 5.699999999986765 0 0
165 5.899999999985985 0 0
166 6.09999999998518 0 0
167 6.29999999998424 0 0
168 6.499999999983356 0 0
169 6.699999999982504 0 0
170 6.899999999981684 0 0
171 7.099999999980802 0 0
172 7.299999999979918 0 0
173 7.499999999979276 0 0
174 7.699999999979822 0 0
175 7.899999999980727 0 0
176 8.09999999998136 0 0
177 8.299999999982164 0 0
178 8.499999999982911 0 0
179 8.699999999983628 0 0
180 8.899999999984395 0 0
181 9.099999999985206 0 0
182 9.299999999985946 0 0
183 9.499999999986796 0 0
184 9.699999999987586 0 0
185 9.899999999988271 0 0
186 10.09999999998896 0 0
187 10.29999999998965 0 0
188 10.49999999999046 0 0
189 10.69999999999125 0 0
190 10.89999999999203 0 0
191 11.0999999999929 0 0
192 11.29999999999347 0 0
193 11.49999999999424 0 0
194 11.69999999999505 0 0
195 11.89999999999579 0 0
196 12.0999999999966 0 0
197 12.29999999999734 0 0
198 12.49999999999792 0 0
199 12.69999999999888 0 0
200 12.89999999999962 0 0
201 13 0.1999999999996293 0
202 13 0.3999999999991157 0
203 13 0.5999999999985328 0
204 13 0.7999999999979498 0
205 13 0.9999999999973885 0
206 13 1.199999999997894 0
207 13 1.39999999999842 0
208 13 1.599999999998947 0
209 13 1.799999999999474 0
210 13 0.09999999999979854 0
211 13 0.2999999999994072 0
212 13 0.4999999999988242 0
213 13 0.6999999999982414 0
214 13 0.8999999999976692 0
215 13 1.099999999997641 0
216 13 1.299999999998157 0
217 13 1.499999999998683 0
218 13 1.69999999999921 0
219 13 1.899999999999737 0
220 12.80000000000121 2 0
221 12.60000000000242 2 0
222 12.40000000000364 2 0
223 12.20000000000485 2 0
224 12.00000000000606 2 0
225 11.80000000000727 2 0
226 11.60000000000849 2 0
227 11.4000000000097 2 0
228 11.20000000001091 2 0
229 11.00000000001212 2 0
230 10.80000000001333 2 0
231 10.60000000001454 2 0
232 10.40000000001576 2 0
233 10.20000000001697 2 0
234 10.00000000001818 2 0
235 9.800000000019393 2 0
236 9.600000000020605 2 0
237 9.400000000021816 2 0
238 9.200000000023028 2 0
239 9.00000000002424 2 0
240 8.800000000025452 2 0
241 8.600000000026665 2 0
242 8.400000000027877 2 0
243 8.200000000029089 2 0
244 8.000000000030301 2 0
245 7.800000000031512 2 0
246 7.600000000032724 2 0
247 7.400000000033937 2 0
248 7.200000000035149 2 0
249 7.00000000003636 2 0
250 6.800000000037572 2 0
251 6.600000000038782 2 0
252 6.400000000039309 2 0
253 6.200000000039161 2 0
254 6.000000000039005 2 0
255 5.800000000038851 2 0
256 5.600000000038698 2 0
257 5.400000000038544 2 0
258 5.20000000003839 2 0
259 5.00000000003797 2 0
260 4.800000000036528 2 0
261 4.600000000035006 2 0
262 4.400000000033485 2 0
263 4.200000000031963 2 0
264 4.000000000030441 2 0
265 3.800000000028918 2 0
266 3.600000000027395 2 0
267 3.400000000025873 2 0
268 3.200000000024353 2 0
269 3.000000000022832 2 0
270 2.800000000021308 2 0
271 2.600000000019785 2 0
272 2.400000000018263 2 0
273 2.20000000001674 2 0
274 2.000000000015218 2 0
275 1.800000000013698 2 0
276 1.600000000012177 2 0
277 1.400000000010653 2 0
278 1.20000000000913 2 0
279 1.000000000007608 2 0
280 0.8000000000060865 2 0
281 0.6000000000045649 2 0
282 0.4000000000030433 2 0
283 0.2000000000015199 2 0
284 12.90000000000061 2 0
285 12.70000000000182 2 0
286 12.50000000000303 2 0
287 12.30000000000424 2 0
288 12.10000000000541 2 0
289 11.90000000000658 2 0
290 11.70000000000788 2 0
291 11.50000000000909 2 0
292 11.30000000001029 2 0
293 11.10000000001153 2 0
294 10.90000000001279 2 0
295 10.70000000001393 2 0
296 10.50000000001523 2 0
297 10.30000000001641 2 0
298 10.10000000001755 2 0
299 9.900000000018757 2 0
300 9.700000000019978 2 0
301 9.500000000021283 2 0
302 9.3000000000225 2 0
303 9.100000000023552 2 0
304 8.900000000024845 2 0
305 8.700000000026122 2 0
306 8.500000000027274 2 0
307 8.300000000028623 2 0
308 8.10000000002978 2 0
309 7.900000000030859 2 0
310 7.7000000000321 2 0
311 7.500000000033306 2 0
312 7.300000000034533 2 0
313 7.100000000035753 2 0
314 6.900000000036926 2 0
315 6.700000000038158 2 0
316 6.500000000039375 2 0
317 6.300000000039235 2 0
318 6.10000000003904 2 0
319 5.900000000039007 2 0
320 5.70000000003872 2 0
321 5.500000000038573 2 0
322 5.300000000038516 2 0
323 5.100000000038218 2 0
324 4.900000000037151 2 0
325 4.700000000035795 2 0
326 4.500000000034294 2 0
327 4.300000000032673 2 0
328 4.100000000031201 2 0
329 3.90000000002968 2 0
330 3.700000000028203 2 0
331 3.500000000026596 2 0
332 3.30000000002515 2 0
333 3.100000000023565 2 0
334 2.900000000022072 2 0
335 2.700000000020593 2 0
336 2.500000000019069 2 0
337 2.300000000017455 2 0
338 2.100000000015978 2 0
339 1.900000000014508 2 0
340 1.700000000012945 2 0
341 1.500000000011402 2 0
342 1.300000000009804 2 0
343 1.100000000008357 2 0
344 0.9000000000068358 2 0
345 0.7000000000053621 2 0
346 0.5000000000038138 2 0
347 0.3000000000022354 2 0
348 0.1000000000007102 2 0
349 3.015719526736402 0.9969805767206962 0
350 1.982806167686314 1.507441799282896 0
351 1.486870378091684 1.506751597893299 0
352 2.494558737737779 0.9892346298799204 0
353 7.30000000003455 1.00000000000272 0
354 11.89722366414786 1.003407334670946 0
355 10.71451820196409 1.024234589867617 0
356 9.500000000021213 1.000000000001677 0
357 5.304044177157872 0.9954992565199193 0
358 4.076188197655247 0.9708239775635037 0
359 8.4947739018834 1.023216996753527 0
360 6.288943180951019 0.984157939118653 0
361 1.989711014879041 1.249894136785259 0
362 1.713622912347173 1.292711521487279 0
363 2.247162200588381 0.9892346298799205 0
364 2.370576342752524 1.375676485150758 0
365 2.475657901622159 0.5110056227266471 0
366 1.067053840082524 1.398628356648635 0
367 2.222852772213679 0.7545584496420119 0
368 1.859726257446912 1.161198699485559 0
369 2.136482165935361 1.135708928230482 0
370 0.5906821708288427 1.486508464353644 0
371 1.987212130096411 1.128164022517512 0
372 2.123346652644941 0.9892346298799203 0
373 11.30000000001032 1.325000000002469 0
374 10.1105198368257 1.319775784314621 0
375 4.722192100346765 0.6855962674043116 0
376 7.919757947444066 0.6794211482520294 0
377 7.858714433169863 1.351714023426935 0
378 10.10424771844516 0.6324242041542523 0
379 11.30692617423169 0.6329785805443153 0
380 4.695752281573989 1.367575795845494 0
381 3.534028458602073 1.354405208319341 0
382 3.551989245639823 0.6660347411185639 0
383 1.485937652253268 1.230481846335561 0
384 9.003355790390396 1.378734319219133 0
385 8.977647575501132 0.6183937247605303 0
386 6.798117207014393 1.374058603490944 0
387 5.801882793006719 1.37405860348987 0
388 6.802289270324168 0.6171514690167942 0
389 5.792107144012172 0.6298777290762702 0
390 12.38020184372856 1.396524033290151 0
391 12.3833333333354 0.6166666666647063 0
392 2.122246394027113 0.8651317745059951 0
393 2.890956809788148 1.486959492830361 0
394 2.970607005636466 0.4943560221601787 0
395 1.924033888558701 1.092110008117759 0
396 1.279981116219712 1.212470383314585 0
397 1.749472915285066 1.114349725629567 0
398 11.76640004391924 1.498221091503536 0
399 10.82053792946654 1.486628571912702 0
400 9.587435086133866 1.524739808996622 0
401 5.219849797466736 0.4939679789295554 0
402 4.19112328061786 0.5260595048373414 0
403 6.295270642429405 1.495405619000701 0
404 8.376732542004469 0.5067767697525049 0
405 7.378422392556045 0.4935246770389244 0
406 7.373619157052514 1.507625398140942 0
407 4.205730001475232 1.485937907275949 0
408 10.60352158556664 0.5228507855825207 0
409 11.78355918864229 0.5066440811368722 0
410 9.61644081134572 0.5066440811327165 0
411 5.229715115751787 1.508561183967946 0
412 8.408646086389163 1.504944962020185 0
413 6.299999999984249 0.4924748743849309 0
414 1.7368958786261 1.561509944186287 0
415 2.326668728695537 1.189191533294765 0
416 2.176726913051756 1.335260064384323 0
417 2.72277497085373 0.7495575073551846 0
418 1.985885131166989 1.06336348897798 0
419 2.062233700608923 1.0520488347691 0
420 2.312475926849514 1.713529971318217 0
421 2.077601196911063 0.9345588558952194 0
422 1.622231940514704 1.135439754280588 0
423 0.8576936428779203 1.252683771983914 0
424 2.227660314656371 0.5312227288922896 0
425 2.688976097874686 1.2664034982528 0
426 12.57252252252185 1.000000000000154 0
427 1.857516118349711 1.302580012040496 0
428 10.41896304475906 1.587405313449318 0
429 10.97902439789997 0.407229647169224 0
430 2.469152160128295 0.7507507546261371 0
431 1.826311896173544 1.085372842429794 0
432 1.201271776172753 1.691710660620544 0
433 3.247270684370072 1.608493013091083 0
434 3.837871563155368 1.606658145036547 0
435 2.050660526842298 0.9900461487663137 0
436 3.840696450557004 0.3770829227393902 0
437 4.538057775264361 0.994478514895532 0
438 10.28850643400981 0.9857489435847177 0
439 11.4967012664775 1.004186163369407 0
440 11.10039797113501 1.000138280278555 0
441 9.908747468677388 0.9983878206102899 0
442 4.897446844687165 1.00730495051061 0
443 0.8826631581963546 1.651180904982252 0
444 7.700988349076724 1.000915890062166 0
445 2.576512302048604 1.612832259341865 0
446 8.08987689241042 1.017971364194912 0
447 6.909372558614823 0.9996094116241847 0
448 5.900511348562983 1.005524098940192 0
449 9.109722079412537 1.000000000000391 0
450 3.395413153432598 0.9654872170061228 0
451 1.094635414891255 1.166380588691649 0
452 9.271618261159585 1.631123609088119 0
453 8.687517717855 0.3529022098717622 0
454 5.526070234547409 0.3669572072990644 0
455 9.301276860170431 0.3802600242785922 0
456 7.06466211197569 1.644148245446738 0
457 5.535387674546723 1.644178805759658 0
458 7.046663025414862 0.3512737070712329 0
459 8.738506832722358 1.619510074502002 0
460 3.282451833834295 0.3769935711054273 0
461 12.0688492864467 1.667397660029076 0
462 2.102682752900104 0.7583681395668372 0
463 0.3241745879742273 1.321110044965194 0
464 12.12058554459095 0.3591952885454698 0
465 1.904676774584503 1.730585834749032 0
466 3.737546491680544 1.038509008580522 0
467 12.62996568083672 1.668800302174295 0
468 12.67484390498652 0.331683011902596 0
469 11.44015278878301 1.649667667046921 0
470 9.939750053910117 1.656541848347917 0
471 4.85142202760259 0.3455295660071035 0
472 7.732060464461314 0.3731453177227183 0
473 7.730720598476323 1.661498135606907 0
474 10.27034107266499 0.3387378807405728 0
475 4.530271422685139 1.661562619203302 0
476 11.4624936159459 0.336839321748388 0
477 2.247845775061295 0.2688965876155285 0
478 0.3129523332433881 1.684776080460932 0
479 9.920855655496109 0.3301280284476002 0
480 4.879130713214803 1.669874642066207 0
481 8.078193092290521 1.672016844846739 0
482 2.727193427139784 0.3066649090550828 0
483 2.350200732985309 0.8749654862444825 0
484 12.23626126126428 1.072395221313139 0
485 3.176923703807554 1.274416440861808 0
486 3.856798873931526 0.7534098697546774 0
487 5.994438648768027 1.657436412405326 0
488 6.60556135129071 1.657436412417216 0
489 6.618347117557413 0.3359186175630287 0
490 5.977747496493969 0.3494892352738453 0
491 11.10536156220494 1.69164184157122 0
492 4.507903721507343 0.3071692221052791 0
493 8.08265622697334 0.3319721242617207 0
494 8.629458682703053 1.322108564750299 0
495 9.33809490707262 0.7152322843360081 0
496 5.461576019779823 1.275659089372835 0
497 7.134513404905693 1.290626028968829 0
498 8.655908452180208 0.7259578287269833 0
499 7.138832349137378 0.7153867171935652 0
500 9.366309955136028 1.306155235669305 0
501 5.431946773950793 0.701371928001338 0
502 1.57859018081124 1.714127937199952 0
503 1.298648491445543 1.414096408113507 0
504 12.04867519793249 0.6926081709913241 0
505 0.6140962801965612 1.247563777789089 0
506 10.53034008936845 1.293078607469848 0
507 10.89065222279586 0.7276870706052044 0
508 3.17373965630614 0.7136430560229382 0
509 3.947993452398182 1.294280187151466 0
510 1.415215644397563 1.118886518589143 0
511 6.6030835089959 1.120282399357033 0
512 2.741504957083532 1.013027449932807 0
513 6.510893624082049 0.7422728624032446 0
514 12.69043706102062 0.6982046510798279 0
515 12.69298620810469 1.3055260016869 0
516 6.092369072239202 0.7171608076477132 0
517 6.118518878716393 1.254027471813906 0
518 12.03448844364865 1.329525462271483 0
519 2.144668481593772 0.6170476724082149 0
520 1.945044886090718 1.042785147185438 0
521 2.182325185572334 0.9322470549849103 0
522 2.057751702077903 1.185779680799245 0
523 2.185254426616662 1.057300257946903 0
524 1.567090400150441 1.363330991248399 0
525 3.552396940085589 1.698286550389976 0
526 8.806071880488302 1.037111593507767 0
527 5.608137408056212 0.9615916449096557 0
528 2.174890530671239 1.502164292694259 0
529 2.042972783320587 1.383179690118311 0
530 1.776229226728212 1.212802878151897 0
531 2.512364690723481 1.167623213960996 0
532 1.936749125831344 1.187314694527053 0
533 2.045742044006305 1.095793607406725 0
534 2.37086046916308 1.045737736092053 0
535 1.656413839957089 1.076515603294242 0
536 7.502109031242533 0.7936818191843458 0
537 4.413323408970471 0.7290679604763503 0
538 11.59339975917978 1.287769975094711 0
539 11.01398204332661 1.271118304301296 0
540 9.822780921987343 1.276197254963122 0
541 5.09871816838754 0.7969909056412716 0
542 8.296103690397423 0.7870848428582068 0
543 1.885761736733867 1.042679140993556 0
544 2.054313121425642 1.691855791428223 0
545 8.202757275867555 1.300974090053284 0
546 2.344320602690889 0.643589846312882 0
547 5.10992417744799 1.224578339342809 0
548 9.684932099820667 0.7774072969863507 0
549 11.70816236630532 0.7848580936450088 0
550 10.4967360725524 0.7897651326042154 0
551 4.296844537895932 1.213233225873411 0
552 7.491798659056685 1.215118844140131 0
553 0.6076916771476397 1.76582812167069 0
554 9.013591392774089 0.2965442888759182 0
555 8.984238720297128 1.70353735246921 0
556 2.901561814737964 1.224438683368974 0
557 2.484215687795094 0.27716684337813 0
558 3.58599279078922 0.2807651759009984 0
559 10.66369280299422 1.726038332347112 0
560 10.74664650755605 0.2589894635669096 0
561 4.090055718669158 0.2624706541229656 0
562 4.060501933169892 1.792118038867874 0
563 1.518526449162659 1.098247614997407 0
564 0.8568268942781572 1.484001188764323 0
565 1.684930237421194 1.184401628862334 0
566 1.584097479118475 1.263763331407077 0
567 12.39187066313564 1.722845271096503 0
568 3.013303253878764 1.73310434355748 0
569 2.066438666315438 0.871001191791803 0
570 12.38031641106205 0.2729628434601183 0
571 2.023612369068221 1.035748248172998 0
572 1.745263754628417 1.40391529645407 0
573 2.978634567071814 0.7417350086767484 0
574 1.409172675186222 1.361748565339291 0
575 9.555663388595384 1.728679509743717 0
576 9.514779593011211 0.2563542338382721 0
577 7.315094088981391 1.743617443171771 0
578 5.285006168305266 1.743652718297191 0
579 2.703868687938154 0.5049363295108724 0
580 8.479449017737647 0.2575702339839556 0
581 8.483389420417588 1.743774575124965 0
582 5.279951910829221 0.2573045432211178 0
583 7.318578489793344 0.2568028751610205 0
584 11.21582962687427 0.2682061590943541 0
585 11.66974690787045 1.79297799317622 0
586 6.530668348568067 1.375321871229624 0
587 11.87467539871801 0.2560120439314466 0
588 10.18711899923042 1.735903530256742 0
589 3.097759511057407 0.2607910722520727 0
590 2.222481070257431 1.202743198606896 0
591 2.612037390287016 0.851706872951687 0
592 2.096550782024441 1.283687685937837 0
593 1.992163922472352 1.032069191915288 0
594 2.1344664451479 0.3964176529911265 0
595 2.289061040042406 1.082647332373521 0
596 1.742649956627434 1.059249562241122 0
597 6.300000000036533 1.80167440326568 0
598 6.299999999987947 0.1808337763177709 0
599 1.938669650646486 1.355841243470573 0
600 5.77343796450239 0.2493664641795763 0
601 6.845464306118096 0.250771794151737 0
602 1.305150964065182 1.113882106409744 0
603 4.141935094929298 0.7424519476734968 0
604 6.822972382316854 1.751266507621879 0
605 5.777066920089219 1.75129111663764 0
606 10.74274518707568 1.235538225117844 0
607 8.088905569568471 0.5472405308470061 0
608 1.174023692701761 1.118797061550367 0
609 7.661877651958032 1.40877708875742 0
610 4.455552705434999 1.408832563671731 0
611 10.34444729458462 0.591167436315328 0
612 11.54444729458568 0.5911674363063461 0
613 9.853018382709657 0.6135245912329377 0
614 4.947621480944482 1.377679151925033 0
615 4.880774135211664 0.5581513990604833 0
616 7.659265150788389 0.5912555720944819 0
617 2.563907735212689 1.432476985243299 0
618 2.049343136485873 0.8145024379783631 0
619 1.052924122978137 1.610692519838544 0
620 2.764980185515741 1.762128147887788 0
621 10.45288169092255 0.2340761256200261 0
622 12.38302295955183 0.8157039188328163 0
623 8.407779048312156 1.21221002320848 0
624 9.517209669980151 1.201358501018822 0
625 2.21092839592743 0.8287913326797057 0
626 2.274627423061645 0.8954582029270146 0
627 0.4525603088148444 1.168078685919622 0
628 11.80652389107628 1.208923871367904 0
629 1.895906678898507 1.453541658714646 0
630 1.86529720705202 1.576099741318812 0
631 10.89238137922179 1.794530494455893 0
632 6.718836189341148 0.8509945017071565 0
633 4.353283221041211 1.767463881400332 0
634 1.412745818899242 1.698464394772063 0
635 2.446131401484919 1.783829146237261 0
636 6.327053812147861 1.235517424053345 0
637 2.124410424121487 1.047200548269309 0
638 0.9378581808928833 1.143285634985164 0
639 2.097359235442644 0.5248981490917937 0
640 1.382263487247975 1.217611598742848 0
641 2.026095865298645 0.9627264747230179 0
642 2.318571668056272 1.533939886503149 0
643 1.586295595823368 1.075627132082285 0
644 2.12846226608542 0.9323788684507104 0
645 9.754391809037676 1.785169980996449 0
646 0.7312975256083637 1.136568247643107 0
647 2.346651101053796 0.3870214069149551 0
648 1.885593333240145 1.22301922014056 0
649 1.08221852916285 1.846644888272126 0
650 5.026726420431874 0.23439878107715 0
651 7.569622737010517 0.2371889554949481 0
652 4.715122602017745 0.8998053499457176 0
653 10.11321537459194 1.096859681300808 0
654 11.30000000001005 1.093764435286687 0
655 1.937459571831449 1.133255573592612 0
656 11.94807831747959 1.798166114505113 0
657 12.78370751341416 0.8865662151285865 0
658 4.293592279634969 0.1974319906867271 0
659 7.878565824203719 1.116659330955717 0
660 3.584928393817261 0.8929781592406578 0
661 0.1921071564361924 1.49255949731988 0
662 7.505343658557151 1.796539137255111 0
663 1.10569014372157 1.283422454100903 0
664 1.74273692222368 1.681480104537148 0
665 5.762817769220561 1.161199818639088 0
666 1.846971630337662 1.047266361352123 0
667 1.876718531698265 1.081810051613225 0
668 8.969389319944856 0.8318673985302574 0
669 0.7339497069450739 1.376029777144154 0
670 11.68573063271112 0.1764481581807189 0
671 11.08092892447315 0.6077455995262888 0
672 1.965095467778537 1.096321498905541 0
673 2.100353543950605 1.092589985365927 0
674 4.701551609280262 1.794423824674643 0
675 10.09851781049731 0.2056156874061665 0
676 7.901224674711534 1.792815993406153 0
677 9.713378841697903 0.1775502446848574 0
678 5.099493107303385 1.799204019155551 0
679 10.31366621360359 1.390339226365564 0
680 8.298972277927661 1.799569486970657 0
681 7.906170884102922 0.2092055198938652 0
682 11.28661012770107 1.811640674167363 0
683 4.685091551901566 0.187894550064978 0
684 10.61877050379946 1.467014636559918 0
685 2.342946475121396 0.9651229942160632 0
686 3.762339576618511 1.448426359464179 0
687 1.917701581189906 1.025697212400549 0
688 2.071253999915643 0.6902749980450591 0
689 3.969197254154019 0.5977439018530042 0
690 1.805035592812639 1.044284943074444 0
691 2.610218286739293 1.072632776384931 0
692 8.28672256306475 0.1767498907857657 0
693 12.42759592109476 1.171444983958994 0
694 7.895362832133779 0.8992789123115751 0
695 12.80042321934963 1.481530556227031 0
696 12.802326058483 0.5113858010623612 0
697 0.3953807387137139 1.497578169568097 0
698 10.1125106951363 0.88001021352517 0
699 11.3183519335954 0.8789093989847403 0
700 4.686545528331932 1.120776017888673 0
701 0.9880154065049914 1.300703499346872 0
702 1.804311560724337 1.138353276673154 0
703 1.675502442638981 1.467586687380459 0
704 1.612384053298785 1.569326603191836 0
705 10.78965318713123 0.5255287413863838 0
706 2.192514684466858 0.9903278904339177 0
707 1.996948054886277 1.184560992435626 0
708 3.102739775177386 1.465604027666013 0
709 10.90296957023457 1.098367952063178 0
710 4.2838103116933 0.8955734266310076 0
711 8.115701124818488 0.7846103943948242 0
712 2.34150028768103 0.7534126000456836 0
713 2.596430189364729 0.65169364743874 0
714 3.51552477998314 1.113881978918008 0
715 3.722149586986631 1.799236078410295 0
716 3.307840388278067 1.41556380235233 0
717 2.472912774795497 0.8709453887163438 0
718 8.973018072457126 1.153648453035114 0
719 4.538127656399371 0.5370586732154759 0
720 11.1352193156018 1.463971608459292 0
721 5.793500294578029 0.8462151339413402 0
722 2.208642848076514 1.124290330012775 0
723 2.133754706376534 1.210383152739859 0
724 7.104772522303883 0.9135531014212778 0
725 12.08648531250922 0.909691721292252 0
726 3.353199813738518 1.792713221937357 0
727 10.49974455882057 1.797514422582599 0
728 6.947846568282146 1.235958944627356 0
729 2.860660456609779 0.8790294890891569 0
730 6.605334049187065 0.5404490452674763 0
731 9.311413567154986 0.9094535552519552 0
732 4.893895950831167 0.7913665489939481 0
733 6.103901191336457 1.464443815050356 0
734 2.044935636397566 0.9336063102013432 0
735 3.201232191318876 0.9273566700615512 0
736 6.939160183730056 0.7822135802170958 0
737 10.93106058024021 0.2320119486938992 0
738 10.1338076145558 1.523671303459489 0
739 12.7942675519568 1.785681762774027 0
740 12.78903947930079 0.2109605206992916 0
741 2.907276477810705 0.1693466874650506 0
742 6.110057191359677 0.5206996018296723 0
743 3.737806873662525 0.5749954744815824 0
744 7.922285708473815 0.449908711902058 0
745 12.78738209580711 1.122285058892671 0
746 9.697766552235382 1.070803102796751 0
747 3.923544948666638 0.1861746352214878 0
748 4.84310481784581 1.200814727245979 0
749 9.958073262258168 0.7987218218914411 0
750 2.163012225728046 1.825518812802644 0
751 11.69543294019456 1.039358482692616 0
752 2.41768138838427 1.254121576344472 0
753 6.307780451094843 0.787170254726757 0
754 2.277579720457746 1.291060147906461 0
755 1.168258766558391 1.514480108106972 0
756 8.300877124531771 1.070929757072638 0
757 2.246839234254543 1.412195497800777 0
758 4.01201435608306 1.491601803625998 0
759 1.340328006737943 1.831453454160231 0
760 9.415006467017062 1.482837168970996 0
761 7.701976961067452 1.217568190195434 0
762 9.149280251870403 0.7718262696437408 0
763 3.174113269494818 0.507071526710263 0
764 10.48915132897873 1.069486643956045 0
765 8.070302387230464 1.456522545597259 0
766 10.09620032905693 0.4131608994646461 0
767 4.703911051592272 1.586896214291453 0
768 8.579525318248642 0.5385014511374018 0
769 11.57377529903246 1.478020680529159 0
770 9.813419098298908 1.477562520034274 0
771 1.339111464779686 1.296439406874728 0
772 2.236810840245164 0.6550928779314472 0
773 9.412401620255848 0.528215913535693 0
774 7.184197244872031 1.473112397753587 0
775 5.399154346217944 0.524249347166313 0
776 5.415730523921347 1.470778505519737 0
777 1.69746973564568 1.042829378276662 0
778 7.184768692988961 0.5276121120136872 0
779 1.96818027587083 1.020656633264139 0
780 8.769775940945582 0.560573092679997 0
781 8.607572341161088 1.483772405067465 0
782 9.212404423911558 1.434197568520773 0
783 8.797786605576697 1.439233237773157 0
784 9.203755126685106 0.578172611678063 0
785 6.975011008281432 1.45761456663656 0
786 5.621964299078434 1.461405210689286 0
787 0.2745278214623831 1.142951394148796 0
788 11.30289231234031 0.4456279611845739 0
789 5.61225616980798 0.5373782144334838 0
790 6.993423872948098 0.5543768951560228 0
791 0.7387487505039936 1.556254713001644 0
792 12.18570141011125 0.5594295359688747 0
793 11.98467644588251 0.5271137990892305 0
794 6.095511691728669 1.048259297851905 0
795 3.360569019457449 0.5723196399706111 0
796 7.702064423346062 0.7772300491192004 0
797 3.909516554105637 0.9321289064889533 0
798 11.5271393813969 0.7751174319822641 0
799 10.32350236332655 0.7736338396146486 0
800 4.474695767446007 1.219678124325406 0
801 10.3075665462297 1.192548147831934 0
802 0.4882517872837021 1.352543605777572 0
803 2.01931903884117 0.988762063428688 0
804 10.65933388039596 0.7097121346887931 0
805 6.515717643937819 0.9432699769866108 0
806 6.496438759450212 0.1770543580035187 0
807 6.10792602126459 0.1782215742741686 0
808 6.103737395169379 1.820940721165823 0
809 6.496265032004212 1.820939237222639 0
810 2.843537232567328 0.6102411640366985 0
811 1.719368855431162 1.841039351632601 0
812 8.439579785810786 0.6724791971306054 0
813 11.12127009542846 0.7952980990983741 0
814 9.325664987609294 1.821968047052967 0
815 3.363715753977454 1.252555458482678 0
816 9.311331034593941 0.1726184278059739 0
817 7.135460691858574 1.825217086312451 0
818 5.464566235528762 1.825233574101845 0
819 5.248208181115276 0.6658761696958184 0
820 12.5747157969669 1.451675655250055 0
821 12.56888731016896 0.5458873101655939 0
822 8.656973485367773 0.1465343794329349 0
823 12.16038080400765 1.462265125102451 0
824 7.337435918673382 0.6975598213787705 0
825 2.084320845346475 1.011067157852436 0
826 8.679690846896037 1.803360393075658 0
827 12.04882658213754 1.131436085405431 0
828 5.464437362905321 0.1766746106238187 0
829 7.132329829956155 0.1749276314690458 0
830 2.714264021739959 1.409722524145611 0
831 9.16727332939104 1.229410046747226 0
832 5.110273625965434 0.999925666445586 0
833 2.155296656222458 0.7130432739632941 0
834 7.496494870367485 0.9844946868670504 0
835 3.377978609995357 0.789636580570074 0
836 9.535679882566033 0.6657966556887924 0
837 7.33636466494908 1.302451931635508 0
838 5.2617075242192 1.334271397692607 0
839 7.898499922311349 1.574496010847509 0
840 0.4465078495921946 1.818317310406795 0
841 0.8894715711829209 1.823103580003853 0
842 3.289209481816818 0.1698956214549298 0
843 11.97337009782878 1.508796828749503 0
844 1.358593491831728 1.545660283006114 0
845 2.153511090466387 0.8029175061861943 0
846 1.94434551049847 1.01892691525836 0
847 12.06014930774 0.146269472075198 0
848 5.82300903109253 1.566813249459739 0
849 6.776984323017934 1.566808733530353 0
850 4.730654492483271 0.4940132670228636 0
851 11.36089377166901 1.490202283582287 0
852 12.51973878403054 1.843829471460676 0
853 6.760191806605583 0.4322350888106767 0
854 5.794558868680146 0.4487091502763131 0
855 12.54731469199843 0.1869149431560241 0
856 11.50047929216258 1.824056877903363 0
857 7.097348857016482 1.10633545447663 0
858 2.106073783506438 0.2603681945548089 0
859 5.446491406571571 1.069242096058586 0
860 8.640837361519605 0.9347684013543725 0
861 12.22746028365631 1.263612297525492 0
862 0.1880891365263118 1.811910863473779 0
863 2.028443646137154 1.137269034315548 0
864 9.331561877760549 1.106585312902632 0
865 11.89796376302575 0.8265647799334649 0
866 12.20668714399444 1.809054554064485 0
867 1.098373038778694 1.068784449315307 0
868 2.591941280936575 0.4033741866648611 0
869 2.553211597034402 1.291894090694402 0
870 3.530806040501066 0.4601716640011748 0
871 4.148481767795262 1.303007582542642 0
872 2.087183262509929 0.9717827031280538 0
873 10.28434811481287 0.1556859387533531 0
874 4.517021250615021 1.844690065055656 0
875 3.604829602084147 1.52699448398315 0
876 3.900125991047885 1.805246232762564 0
877 2.136652708258013 1.412732766325785 0
878 3.154412532497912 1.812289522987464 0
879 10.0408667328355 1.851107615412209 0
880 3.143589186452148 1.092001573581211 0
881 3.719991717309538 1.224881931690764 0
882 2.093844722283428 0.9022020958090715 0
883 5.931822296446565 0.155415454745518 0
884 0.498310720056412 1.634704748993898 0
885 2.271953928133943 0.8154904780431515 0
886 12.5505836607976 0.8238116031399494 0
887 11.36482790907967 0.1584371932148847 0
888 1.782156691632008 1.288453273742686 0
889 1.54196406156154 1.170658684486831 0
890 6.672050036618154 0.1527489539436568 0
891 6.664959753137627 1.845928431452347 0
892 5.935048592820896 1.845933650041758 0
893 1.926989230329828 1.278754817334745 0
894 5.937124819093949 1.19520280664789 0
895 1.783745150588092 1.081444209717819 0
896 8.635778529623297 1.133860749771259 0
897 1.692412501777782 1.126304696704719 0
898 0.595863691255491 1.110442142270363 0
899 2.414043187323036 1.133361152552008 0
900 4.872647999983291 0.1535645794298463 0
901 7.707457786361847 1.850170653253634 0
902 5.446536309286515 0.8828742634414751 0
903 7.721570817106898 0.1639079586223063 0
904 2.047302823035379 0.7606377387493343 0
905 3.909618554499624 1.10454939576768 0
906 2.610850667019911 0.1930147340265023 0
907 12.22091172451341 0.7536945892144127 0
908 10.91693134004653 0.9155678635092351 0
909 0.1553398388456684 1.27519876795665 0
910 1.969359706496947 1.045314219636552 0
911 3.699512934610169 0.7559601305193892 0
912 2.743835432985957 1.157352258694454 0
913 9.906550461533556 0.1426587921077248 0
914 4.896035085974589 1.85270049717928 0
915 8.095678008997821 1.85288046504471 0
916 6.424418635444026 0.3710800264680931 0
917 6.203358224089076 0.3487998480914135 0
918 11.09687061383016 1.859562602038895 0
919 4.497317510605543 0.1384991525713969 0
920 6.203965877875287 1.645297031426587 0
921 6.393638431870248 1.652359261033352 0
922 5.03445994325693 0.4219235636246561 0
923 7.556871826255105 0.4268146555474114 0
924 1.891013557345791 1.12438354052804 0
925 11.67111328862371 0.4240325434676457 0
926 8.095109934820759 0.1435855069882703 0
927 2.364541180696017 0.507126816798212 0
928 7.564271050834905 1.556514202651189 0
929 2.3753480224589 0.1749192522240725 0
930 1.461393936644347 1.070633075805985 0
931 3.708813761799687 0.1803287800857514 0
932 4.375969023968747 1.550133317006136 0
933 10.42788184954547 0.4512672205172862 0
934 2.063677495876843 0.6137645187935861 0
935 1.364480169949685 1.070836821162641 0
936 2.827412868791156 0.4322662535873535 0
937 12.31091508724182 0.4400319181637458 0
938 6.772081102298936 1.183718954643976 0
939 8.915412669054424 1.571900860394877 0
940 5.04145873868127 1.554288686564567 0
941 9.730895059254769 0.4152060360147851 0
942 2.480802838785293 0.6250698304876289 0
943 8.248150566732898 1.603422452514001 0
944 9.089978781380419 0.1551016613229298 0
945 9.043829545240218 0.4551074535138138 0
946 3.422997748410155 1.569925789018367 0
947 12.45003044337642 1.569303825313726 0
948 8.876004186760705 1.840823585840456 0
949 2.745493315443975 1.577426771396927 0
950 1.657468361303413 1.353001792412665 0
951 9.113980662678518 1.810702921760698 0
952 8.283786717463544 0.4014605756266726 0
953 5.921935065527113 0.7426287173918513 0
954 8.876293404327891 0.1939342366010299 0
955 4.348918624444137 0.3945513491679244 0
956 10.95215288087971 1.592854909345829 0
957 1.498475368213718 1.863289956106701 0
958 2.612772643150476 1.832710316792589 0
959 2.017632652540426 1.011401987114078 0
960 0.8555176043004277 1.082538126765903 0
961 8.825483523450329 1.26294980606344 0
962 5.620821527310906 0.7496564412003332 0
963 2.00777121461393 1.827341266031033 0
964 2.029999785653537 0.9033578788887434 0
965 2.599950402560498 0.9649731630625449 0
966 2.910085115658461 1.852848903459821 0
967 11.44511127042837 1.203338257092683 0
968 11.17266764058477 1.209382217644734 0
969 9.97266764059197 1.209382217645013 0
970 4.572667640566015 0.7906177823562108 0
971 2.02075694992209 1.067087710250845 0
972 2.005522561517914 1.097999893729025 0
973 11.0821276324026 0.157366375374401 0
974 3.482750163879192 0.1551261117650683 0
975 1.70768378985861 1.083849793229262 0
976 2.406295837960612 0.9492012470297726 0
977 9.488101113840525 0.8336721858513122 0
978 4.061721235252391 1.160560573049586 0
979 8.034892266109596 1.227571841890649 0
980 0.737515489895256 1.851326701947266 0
981 7.256414685497906 1.162958698840538 0
982 7.255712816099902 0.8363464486953756 0
983 2.02046000307355 1.311435290277771 0
984 2.134653958996117 0.1400673169730171 0
985 2.41988313126629 1.622153547756489 0
986 12.85529412658356 0.6992313334534517 0
987 12.85823297247401 1.301334516685604 0
988 6.161417319907203 0.8884802218175767 0
989 2.154642064758152 1.01812343012111 0
990 1.494494306482055 1.317495803061815 0
991 2.449790438217741 1.480419345852698 0
992 1.85161636067777 1.118223682145954 0
993 10.75639975497793 0.8565083601956651 0
994 2.07516020627827 1.563872874754 0
995 1.97645069540535 1.613971208306593 0
996 2.047961695679898 1.019887223145083 0
997 1.188872399388004 1.205098735476696 0
998 10.32535225225858 1.85054171121428 0
999 3.506596617496942 1.860641869117907 0
1000 6.728264954448915 1.018182049534224 0
1001 2.304323910819496 1.864575586071624 0
1002 1.657156510272733 1.031800374172557 0
1003 8.834426032389436 0.7200154553169664 0
1004 1.261209303052849 1.060733195614353 0
1005 6.426001274050758 0.5911085691147769 0
1006 11.85270473259863 0.6615444106465784 0
1007 1.902108369139128 1.165834345654765 0
1008 5.649868982735918 1.282444593226226 0
1009 1.54927290692365 1.039404164797832 0
1010 12.23221025267754 0.1556855208161572 0
1011 6.420453113348681 1.104322714238945 0
1012 12.59989228305093 1.175642246304185 0
1013 5.966893574697277 1.357250936750752 0
1014 1.984593145847237 1.431547873966728 0
1015 1.830321675656233 1.199912097267489 0
1016 9.096828310570569 1.590357491177667 0
1017 8.885992452949097 0.4064571167036642 0
1018 0.1501505065633877 1.65615658086205 0
1019 2.712600040627686 0.8919574219688551 0
1020 11.83407974179922 1.669656340073851 0
1021 1.180800137811436 1.394318277213936 0
1022 6.241437687714182 0.6267961165209013 0
1023 9.975915040854709 1.426842663467961 0
1024 1.830426951612959 1.023080666083622 0
1025 6.234444838496722 1.358666391141024 0
1026 1.738263771731387 1.167733306419641 0
1027 9.73179162988637 1.619682246534742 0
1028 5.26820855994087 1.154735014704758 0
1029 1.476116319179082 1.150354312702781 0
1030 5.250924452599344 0.8454551583763378 0
1031 8.43801048482435 0.8777802443556767 0
1032 6.639637602844823 1.463436458599398 0
1033 8.242848865492704 1.441169453645725 0
1034 2.02915631769097 0.8632083069566868 0
1035 2.154002354245149 0.9633348653154408 0
1036 10.95975964437613 1.426550680116747 0
1037 4.352889443399381 0.573935013947251 0
1038 11.45463602006399 1.356866239260262 0
1039 11.13962666864083 0.4515253147568689 0
1040 0.9885574504509607 1.503339482634034 0
1041 3.046291082296789 0.6142402508869398 0
1042 3.6808231834619 0.3746688034417794 0
1043 1.890016311464003 1.018420551639504 0
1044 2.066179257010276 1.46682321619033 0
1045 2.082863707694338 1.137784243503723 0
1046 2.104830831853474 0.8166675636640383 0
1047 2.940499395403224 0.332426826621175 0
1048 6.661799191738356 0.6981250831724575 0
1049 1.919673031204397 1.054583488839209 0
1050 2.480409074337334 1.081717901773982 0
1051 4.364293088975299 1.053530547856199 0
1052 2.295281561793803 1.013364421759401 0
1053 1.895074963898713 1.882351176394743 0
1054 12.27446910146862 1.605905356518477 0
1055 12.53507841058917 1.300162584098057 0
1056 1.823330681314825 1.375258721758777 0
1057 5.939385333077921 0.5523129471982178 0
1058 10.63991228375701 0.361891514019174 0
1059 12.48207425193795 0.3944997141749086 0
1060 10.62704262477169 0.1558249793409609 0
1061 2.81784257059845 1.320452480845754 0
1062 12.84770369430726 1.642274899899344 0
1063 12.8477036943082 0.3577251000993191 0
1064 1.863541617413359 1.022798538412964 0
1065 12.40137307647843 0.9685705414635928 0
1066 1.614883715844915 1.039656889291882 0
1067 1.96459222066137 1.158323820768201 0
1068 9.88822886324758 1.861442257674655 0
1069 10.61918870184674 1.155584516602839 0
1070 10.70000000001395 1.878864060678021 0
1071 4.168010992912497 1.652540160759499 0
1072 11.86081007352759 1.37865987157377 0
1073 0.736806301908729 1.255969108885385 0
1074 8.266801571677195 0.6166087184349699 0
1075 2.886623220116768 1.078834294225844 0
1076 6.009003083222511 0.8784424743924533 0
1077 2.045012063407418 1.241862450299273 0
1078 2.574893696041057 0.7553195403189249 0
1079 2.246940245848033 0.4123526395303752 0
1080 10.78122341177282 1.634291518285439 0
1081 11.72018181334707 1.370319098013816 0
1082 0.9924564021771559 1.077952475481639 0
1083 2.183070613168163 1.638480271583415 0
1084 9.660321560604158 1.321672382365423 0
1085 4.012862349833546 0.3871489710960965 0
1086 1.954480750400837 1.067188950399498 0
1087 7.509725294435183 0.6325636014741494 0
1088 5.062651029378218 0.621379427657622 0
1089 2.238965935140141 1.043966197899761 0
1090 11.50838067163853 0.1343423859450229 0
1091 1.61981182165464 1.199499321701233 0
1092 1.487835804240078 1.408355074980247 0
1093 1.402677997045916 1.453118728299639 0
1094 0.90960341529472 1.373729257237379 0
1095 8.949135350031522 0.9939711471310511 0
1096 8.245222210268139 0.9140608537232953 0
1097 9.636653345158006 0.9156006388297375 0
1098 10.26857639668868 1.594504072202153 0
1099 11.61476120320517 1.634322472928143 0
1100 5.118085407408946 1.399875751898593 0
1101 9.695270138106064 0.6132317192451178 0
1102 11.69006676566742 0.6295034815156861 0
1103 10.49319143380374 0.6314775390869052 0
1104 4.306808566213986 1.368522460908344 0
1105 7.514428579829136 1.368238193440911 0
1106 5.75590300773516 1.001318273018913 0
1107 1.205954578020669 1.842452250763225 0
1108 4.190589531534224 1.852690460472487 0
1109 12.07380099005803 1.857524747096212 0
1110 11.76419558689056 0.9112867005768992 0
1111 0.1236413916444617 1.123630032421089 0
1112 2.062564001512206 0.908945266517236 0
1113 3.691638811898543 1.64900150762699 0
1114 2.894787463963393 1.654966136695456 0
1115 5.677432754783237 0.3828791989493106 0
1116 2.172074542442073 0.8779257735777895 0
1117 1.422195917189841 1.284755444070849 0
1118 5.647051231254099 1.838178336323444 0
1119 8.47906381916329 1.374779688764748 0
1120 6.952965406924795 1.838172207576383 0
1121 2.0572952975919 0.9585440985427897 0
1122 6.909158048229434 0.4292708817211562 0
1123 1.799102107288421 1.478685176148432 0
1124 10.59016935560382 0.8924250448907145 0
1125 10.57263698964897 1.609098345030794 0
1126 6.96489143229049 0.1553946265384031 0
1127 5.646290993081108 0.1568072343645992 0
1128 6.918519046503342 1.651602052162383 0
1129 5.680895831212201 1.652373343773953 0
1130 2.991080301109412 1.329008072186981 0
1131 1.772473678116124 1.03253956778364 0
1132 0.6067449863135449 1.365661406266114 0
1133 6.393440543404166 1.363955633751102 0
1134 1.826486239979375 1.248878476397697 0
1135 3.990727194955145 0.7993117206667271 0
1136 4.099999999993631 0.1123739589174181 0
1137 1.021709831538603 1.724666510743464 0
1138 1.357196227440993 1.153374687579742 0
1139 1.991479776128338 1.012825562458701 0
1140 9.625245081728638 1.858687679816549 0
1141 9.509256547774253 1.367352619404234 0
1142 5.17169644956755 0.1548614883269124 0
1143 2.150821530684415 1.089761301619244 0
1144 3.081587412179988 1.619739414771072 0
1145 7.424850474796964 0.1529202763177432 0
1146 3.761765451116708 0.8833083298970638 0
1147 10.46317557297599 1.449370145902152 0
1148 5.174188695861604 0.3487484923397406 0
1149 10.82436101555619 0.3706354152053287 0
1150 0.7441647179850721 1.704467244657209 0
1151 8.499999999982903 0.1101927956264765 0
1152 1.581191906620564 1.444725457851151 0
1153 7.422957500366039 0.3490485212893723 0
1154 4.202354879135852 0.3597247468398659 0
1155 7.804163158292783 0.5584676304350085 0
1156 2.109576587589871 1.346380013085009 0
1157 0.3140516002399528 1.876768662849485 0
1158 11.88865076273607 0.1140265934938256 0
1159 1.489836784586536 1.606866163212653 0
1160 9.419951935501288 1.63108838321915 0
1161 4.565624220129728 1.508244547091877 0
1162 10.23437577988913 0.4917554529025456 0
1163 9.515158788807597 0.4173360577600118 0
1164 8.498024393257145 1.88526057324308 0
1165 7.304074230303751 1.884382625682017 0
1166 7.217092382999339 1.632687516125404 0
1167 5.375300757911353 1.634145934634799 0
1168 5.296287573728113 1.884597247991988 0
1169 9.499999999986686 0.1090988994782547 0
1170 2.650044343611306 1.508114635031925 0
1171 1.722226188451733 1.23018763249618 0
1172 1.741625443402374 1.341788537815661 0
1173 8.48140226266186 0.4114422480744594 0
1174 2.342701396947648 1.107883486672573 0
1175 5.378445302909555 0.3672693995233841 0
1176 2.851401806775662 0.7451407922894471 0
1177 3.051412862035711 0.8625948195747459 0
1178 11.58222938626686 1.134608232225974 0
1179 7.220028956985463 0.3665510782234999 0
1180 8.566147083249332 1.632940608226702 0
1181 1.500621547038906 1.041656971120245 0
1182 11.06788068798339 0.2985095690366072 0
1183 6.232880559895166 1.126154857380319 0
1184 11.88692197329149 0.414599551234133 0
1185 9.838210767526485 1.130037735952992 0
1186 3.099999999997871 0.1076148582643542 0
1187 10.93506468307505 0.5670477646717752 0
1188 8.196598481738736 1.157956928093152 0
1189 2.23403955710049 0.9402929543029684 0
1190 11.43688709100267 0.4909656301337549 0
1191 7.407085547369835 1.643908289478474 0
1192 2.254004195409019 0.1307809733764105 0
1193 4.981674189378175 1.162060567094003 0
1194 9.811842046322331 0.869262279934556 0
1195 4.274288817030447 0.6867568198940924 0
1196 3.078798877965404 0.3976644618775621 0
1197 11.26425009310238 1.63138045942368 0
1198 4.661717434245179 0.3593440142515339 0
1199 4.436769229210167 0.8822928146670623 0
1200 11.0434395665751 1.136791539940152 0
1201 2.45354814832949 0.3937853743013572 0
1202 2.408441488897532 0.8125185574081617 0
1203 11.80693995639819 1.853670856650648 0
1204 1.176478848032973 1.049662941296005 0
1205 10.42487689475382 0.9048434080319517 0
1206 1.233314956012107 1.299741907015861 0
1207 2.621721221071564 1.191181167597516 0
1208 2.740289065077878 0.1334296138927516 0
1209 12.34063022352989 1.866778332232098 0
1210 8.809294732758987 0.8739486374278995 0
1211 2.224324838706319 0.8817009660859233 0
1212 6.642670950153286 1.2903729869226 0
1213 11.63371742040334 0.9027566423073024 0
1214 2.49738256867504 0.1075085200463475 0
1215 6.493716822796693 1.241759541865209 0
1216 7.592773674454236 1.118302340908766 0
1217 5.000083647467826 0.8988970178978538 0
1218 3.991284366028689 1.659299235653403 0
1219 9.948863937348877 0.480304143136739 0
1220 4.851136062669714 1.519695856867199 0
1221 7.406594213267134 1.098023928496191 0
1222 7.382387763560745 0.8685270748901364 0
1223 10.33989770320919 1.719290603232057 0
1224 4.203506546651849 1.100805129832458 0
1225 2.005285038318195 1.048556599068689 0
1226 12.26561086686343 0.9040111984232425 0
1227 2.588171339224735 0.5477508169359631 0
1228 9.140076084280356 0.3029062141402718 0
1229 1.944576632169319 1.234391090767163 0
1230 10.80144393180915 0.1440235158017108 0
1231 8.850914633169809 1.701554582847188 0
1232 5.318594665604354 0.1186766102692358 0
1233 2.370593640176364 0.2834480616278693 0
1234 1.416653422112941 1.047363975030297 0
1235 5.614132432349874 1.125242585870883 0
1236 5.941531813486589 1.488581398642265 0
1237 9.485790882818989 1.881308346724972 0
1238 3.443844927861417 0.2959983787080049 0
1239 1.663692833382771 1.253927538061128 0
1240 0.6297799725516091 1.618223512390627 0
1241 12.6783680293976 1.880046363844976 0
1242 7.280119564617018 0.1187830567334378 0
1243 5.194158867361948 1.63947365594007 0
1244 10.87099246642457 1.318032235560679 0
1245 1.24441095078393 1.151063737457503 0
1246 2.17534019766146 1.168281402397503 0
1247 12.67926034933796 0.1191540377438076 0
1248 8.392297400029786 1.641778378032004 0
1249 1.564272069482387 1.117859594922779 0
1250 6.47636948673457 1.501319209338565 0
1251 12.51394444705526 0.6887084233910104 0
1252 7.600414168508201 0.8890806113081904 0
1253 10.72138261779955 1.378099034991726 0
1254 0.9940564560353591 1.211031289474529 0
1255 3.037473710580852 1.183692256158812 0
1256 12.88958081153855 0.1104191884609599 0
1257 12.88958081153906 1.889580811538303 0
1258 2.271122938929139 1.142833789066373 0
1259 3.299399794828628 1.104283223151896 0
1260 2.02020625746995 0.934907977674013 0
1261 2.290709658441837 0.9464064482216417 0
1262 2.171691109416713 1.261780671741452 0
1263 2.471033500320325 1.366917696657126 0
1264 8.348219019044974 1.366815643538484 0
1265 2.283449918124298 0.7102092020813139 0
1266 2.701327719127207 0.6281096560363551 0
1267 7.751844347989398 1.512408522201062 0
1268 1.03731697725837 1.667679515291004 0
1269 1.127097949575445 1.651201590229544 0
1270 1.111490803855678 1.708188585682004 0
1271 1.100162779306412 1.224901521396276 0
1272 1.049873299878464 1.247226871787716 0
1273 1.044345935463307 1.188705939083089 0
1274 1.902717383969132 1.048631314916383 0
1275 1.898195781451331 1.068196770226217 0
1276 1.881240134216066 1.06224459630339 0
1277 1.051964180350726 1.785655699507795 0
1278 1.141745152667801 1.769177774446335 0
1279 4.964647835161329 1.269869859509518 0
1280 4.895363149395147 1.289246939585506 0
1281 4.912389503611992 1.181437647169991 0
1282 9.832430214515995 0.7413934355837468 0
1283 9.905545822483912 0.7061232065621894 0
1284 9.88495765429025 0.8339920509129986 0
1285 1.921853459881549 1.073346748478484 0
1286 1.900376210128483 1.086960029865492 0
1287 11.63883116323071 1.086983357459295 0
1288 11.75097841563542 1.12414117703026 0
1289 11.69437663867157 1.171766051796939 0
1290 12.02110969213774 1.58809724438929 0
1291 11.95146451412296 1.668527000051464 0
1292 11.903724919814 1.589226584411677 0
1293 12.00846380196314 1.732781887267095 0
1294 11.8910790296394 1.733911227289482 0
1295 1.046852775113281 1.292062976723888 0
1296 0.9910359312701753 1.255867394410701 0
1297 2.63373780938718 1.350808307420007 0
1298 2.621093847454544 1.279148794473601 0
1299 2.701620059807323 1.338063011199205 0
1300 5.028772829196236 1.301128745633921 0
1301 5.045799183413083 1.193319453218406 0
1302 9.768975241265162 0.6954659441096442 0
1303 9.748387073071498 0.8233347884604534 0
1304 1.924051687369167 1.541770770300854 0
1305 1.880601942975264 1.514820700016729 0
1306 1.93935642329241 1.480491728998771 0
1307 0.8566056235891739 1.167610949374908 0
1308 0.8966878925966555 1.112911880875533 0
1309 0.8977759118854018 1.197984703484539 0
1310 11.28241395453641 0.07921859660744236 0
1311 11.29032876797697 0.2133216761546194 0
1312 11.20791481343372 0.134103079547177 0
1313 2.529452022317697 1.808269731514925 0
1314 2.50638632158437 1.916355158396295 0
1315 2.423065700751591 1.89191457311863 0
1316 12.47365734599807 0.09345747157801204 0
1317 12.46381555153024 0.2299388933080712 0
1318 12.39015820552989 0.1364814217300591 0
1319 11.58781457272332 1.211189103660342 0
1320 11.69996182512803 1.248346923231308 0
1321 9.607488111107767 1.136080801907786 0
1322 9.67904405641977 1.196237742581087 0
1323 9.588765615292154 1.261515441692123 0
1324 6.250000000037847 1.90083720163284 0
1325 6.350000000037921 1.90083720163284 0
1326 0.5232539247983797 1.909158655203397 0
1327 0.5270997633699172 1.792072716038742 0
1328 0.6038458385761023 1.882914060835345 0
1329 0.794495584243142 1.19462600981351 0
1330 0.7934075649543957 1.109553187204505 0
1331 2.06723322257395 0.3639289164740451 0
1332 2.06723322257395 0.4272079328675104 0
1333 1.445665981788323 1.134620415645962 0
1334 1.429189903213529 1.183982955722815 0
1335 1.398739565822769 1.168249058665996 0
1336 4.166529187773579 0.6342557262554192 0
1337 4.055566174541658 0.6700979247632505 0
1338 4.080160267385939 0.5619017033451728 0
1339 10.51352131238091 0.07791248967048045 0
1340 10.61352131238129 0.07791248967048045 0
1341 2.558559666123546 1.362185537968851 0
1342 2.639085878476324 1.421099754694455 0
1343 2.28599045867363 0.5874062876025858 0
1344 2.290565721468027 0.6493413621221646 0
1345 2.232235577450768 0.5931578034118684 0
1346 10.12043336642624 1.925553807706105 0
1347 10.11399286603296 1.793505572834476 0
1348 10.19355949962369 1.867951765128371 0
1349 2.955042557840646 1.92642445172991 0
1350 3.032248824078187 1.832569213223642 0
1351 3.077206266260372 1.906144761493732 0
1352 12.17639789863424 0.2574404046808135 0
1353 12.3062633318698 0.2143241821381378 0
1354 12.2504509778265 0.3160790660027941 0
1355 1.639322890235896 1.105977678787415 0
1356 1.674413170867435 1.101410149999481 0
1357 1.657322221146243 1.130872225492654 0
1358 1.184765271365572 1.603095384363758 0
1359 1.263426129195059 1.530070195556543 0
1360 1.27993263400224 1.618685471813329 0
1361 6.349999999985876 0.09041688815888545 0
1362 6.249999999986303 0.09041688815888545 0
1363 11.84432538136576 0.0570132967469128 0
1364 11.7871906977236 0.1452373758372723 0
1365 11.74286531635328 0.08822407909035947 0
1366 10.42644084545634 0.117038062810013 0
1367 10.53996215784712 0.1949505524804935 0
1368 9.760273737111362 1.173500178879937 0
1369 9.741551241295751 1.298934818664273 0
1370 4.066331144942222 0.7708818341701119 0
1371 3.979962224554582 0.6985278112598656 0
1372 8.583483367796323 0.3052362219278589 0
1373 8.568211251552711 0.2020523067084452 0
1374 8.672245601611387 0.2497182946523485 0
1375 4.030250966600167 1.896059019433937 0
1376 3.950062995539163 1.902623116381282 0
1377 3.980313962108888 1.798682135815219 0
1378 8.248737803135253 1.114443342582895 0
1379 8.354328086421964 1.141569890140559 0
1380 8.302188765025445 1.185083475650816 0
1381 4.095294765782333 1.926345230236243 0
1382 4.125545732352058 1.82240424967018 0
1383 2.432709603450429 1.017486182985987 0
1384 2.388578153561846 0.9974694915609127 0
1385 2.450427287849195 0.9692179384548465 0
1386 0.7631681538390858 1.068284123821553 0
1387 0.6970889450901245 1.068284123821553 0
1388 3.083857893188339 1.772696933272472 0
1389 2.961694184768613 1.79297662350865 0
1390 3.912998064042772 0.6755768858038408 0
1391 3.923763034443335 0.7763607952107022 0
1392 2.227153316754751 1.313160106145392 0
1393 2.262209477356144 1.351627822853619 0
1394 2.211783073653149 1.37372778109255 0
1395 9.348935916448289 1.206370274285968 0
1396 9.42438577387035 1.153971906960727 0
1397 9.44175981255809 1.253756868344063 0
1398 9.508604835000682 1.10067925051025 0
1399 9.415780938890881 1.053292656452155 0
1400 1.772182930958419 1.441300236301251 0
1401 1.737302274963701 1.473135931764445 0
1402 1.710383098633699 1.435750991917264 0
1403 11.99763047165448 0.3076036662384582 0
1404 11.96741235322901 0.2011407580033223 0
1405 12.09036742616547 0.2527323803103339 0
1406 7.989708883501027 1.732416419126446 0
1407 7.899862298511442 1.683656002126831 0
1408 7.988346507300935 1.623256427847124 0
1409 9.306303947382187 0.2764392260422831 0
1410 9.413055313802577 0.214486330822123 0
1411 9.408028226590821 0.3183071290584322 0
1412 12.51091817198618 1.695822786635399 0
1413 12.42095055325603 1.646074548205115 0
1414 12.53999806210657 1.619052063744011 0
1415 3.80010556988694 1.527542252250363 0
1416 3.887176966350785 1.470014081545089 0
1417 3.924942959619214 1.549129974331273 0
1418 3.980003904240621 1.392940995388732 0
1419 3.855166514508347 1.371353273307823 0
1420 9.659613358010118 1.572211027765682 0
1421 9.643727509240877 1.67418087813923 0
1422 9.571549237364625 1.626709659370169 0
1423 1.623895156250623 1.258845434734102 0
1424 1.660580597343092 1.303464665236896 0
1425 1.620782920210944 1.308382561909871 0
1426 2.053987872307614 1.073921221087912 0
1427 2.033249496964197 1.081440658828785 0
1428 2.041495325265506 1.059568272509973 0
1429 11.88079868600475 0.3353057975827898 0
1430 11.7790176309576 0.4193160473508893 0
1431 11.77289434367086 0.3400222936995461 0
1432 12.34561574915194 0.3564973808119321 0
1433 12.21575031591638 0.3996136033546078 0
1434 2.186164398125072 0.5741352006502523 0
1435 2.121013858518208 0.5709729107500043 0
1436 2.162509775049507 0.5280604389920416 0
1437 3.190105672445851 0.31889232167875 0
1438 3.193484496437112 0.2153433468535012 0
1439 3.285830657825557 0.2734445962801786 0
1440 7.352037115168844 1.942191312841009 0
1441 7.404708944430452 1.840460881468564 0
1442 7.452671829295544 1.898269568627556 0
1443 11.67842196066741 0.3002403508241823 0
1444 11.78020301571457 0.2162301010560828 0
1445 0.8697450262372559 1.567591046873287 0
1446 0.9226921723645589 1.493670335699178 0
1447 0.9356103043236577 1.577260193808143 0
1448 2.606386321585131 1.916355158396295 0
1449 8.199677878803145 1.229465509073218 0
1450 8.305268162089856 1.256592056630882 0
1451 9.085314559890719 1.304072182983179 0
1452 9.189838876651299 1.331803807634 0
1453 9.107880107150976 1.406465943869953 0
1454 7.92102182795894 0.5646649300770437 0
1455 8.005595639021143 0.498574621374532 0
1456 8.004331758506268 0.6133308395495177 0
1457 8.085780898270905 0.4396063275543634 0
1458 8.002470967723578 0.3909404180818893 0
1459 12.57485223243363 1.756314886817486 0
1460 12.45580472358309 1.783337371278589 0
1461 12.31610512633763 0.07784276040807861 0
1462 12.678115017968 0.9432831075643703 0
1463 12.78554480461063 1.004425637010629 0
1464 12.67995230916448 1.061142529446413 0
1465 11.14897862963843 0.2127862672343776 0
1466 11.14106381619788 0.07868318768720049 0
1467 11.63487345393947 1.89648899658811 0
1468 11.73834343213432 1.823324424913434 0
1469 11.70346997820334 1.926835428325324 0
1470 2.190739660919468 0.6360702751698311 0
1471 4.791996186509548 1.064040484199641 0
1472 4.700834065174838 1.010290683917195 0
1473 4.806284723352455 0.9535551502281636 0
1474 10.01062908190685 0.9391990170677299 0
1475 10.11286303486412 0.9884349474129888 0
1476 10.01098142163466 1.047623750955549 0
1477 11.20937495236521 0.9395238396316478 0
1478 11.30917596680272 0.9863369171357137 0
1479 11.20019898557253 1.046951357782621 0
1480 4.866098081407127 0.4518404825337934 0
1481 4.805714313847467 0.5260823330416735 0
1482 4.79103826004293 0.4197714165149836 0
1483 4.726423296415018 0.5898047672135875 0
1484 4.801483117779215 0.6218738332323974 0
1485 2.022184659495156 1.051417979211921 0
1486 2.042923034838572 1.043898541471049 0
1487 10.41895331779908 1.242813377650891 0
1488 10.39835893760422 1.131017395893989 0
1489 10.50974570917359 1.181282625712947 0
1490 1.861845081017963 1.064538206482674 0
1491 1.866366683535764 1.04497275117284 0
1492 7.819115674282118 0.2911754188082917 0
1493 7.914228296288369 0.3295571158979616 0
1494 7.827173086467564 0.4115270148123882 0
1495 7.994413555538131 0.2705888220777929 0
1496 11.55023964608553 1.912028438951681 0
1497 11.58511310001651 1.808517435539791 0
1498 1.73981640042489 1.621495024361718 0
1499 1.677560487761233 1.625403353864492 0
1500 1.674639965962443 1.565418273689061 0
1501 1.688671369599488 1.155353162783527 0
1502 1.653581088967949 1.159920691571461 0
1503 2.405326223904662 0.7520816773359103 0
1504 2.34291044518596 0.6985012231792828 0
1505 2.406736381409592 0.6971703004695096 0
1506 1.434100569750621 1.224046722539205 0
1507 1.481026985716175 1.190418079519171 0
1508 1.535017565685871 1.247122588871319 0
1509 1.539295892800265 1.290629567234446 0
1510 1.490215979367662 1.273988824698688 0
1511 10.71478273544412 0.443710127702779 0
1512 10.7321366496566 0.3662634646122513 0
1513 10.80700710134371 0.4480820782958563 0
1514 9.614079217354558 0.2169522392615648 0
1515 9.722136950476337 0.2963781403498212 0
1516 9.62283732613299 0.3357801349265286 0
1517 9.623026924031183 0.4162710468873985 0
1518 9.514969190909405 0.3368451457991419 0
1519 3.760759817009452 0.3758758630905849 0
1520 3.694818472630793 0.2774987917637655 0
1521 3.774755106178345 0.2787058514125708 0
1522 10.62171693466183 0.4423711498008474 0
1523 10.69658738634894 0.5241897634844523 0
1524 2.320455195713572 0.9106859672330621 0
1525 2.28266854075174 0.9209323255743281 0
1526 2.312414078023477 0.8852118445857485 0
1527 1.513950856907404 1.200570265411196 0
1528 1.563030770340007 1.217211007946954 0
1529 2.246731099363755 1.518052089598704 0
1530 2.250821140612218 1.586210079043282 0
1531 2.178980571919701 1.570322282138837 0
1532 10.03677883423296 1.590106575903703 0
1533 10.16046330689311 1.629787416858116 0
1534 10.06343452657027 1.696222689302329 0
1535 2.010103128734975 0.9284954166001702 0
1536 2.014999892826769 0.9127203672075354 0
1537 2.025103021561743 0.9191329282813783 0
1538 10.22434750651489 0.6117958202347902 0
1539 10.33397482895558 0.6824006379649883 0
1540 10.21387504088585 0.7030290218844504 0
1541 4.575652493504494 1.388204179758612 0
1542 4.465124236440503 1.314255343998569 0
1543 4.585224024509998 1.29362696008545 0
1544 11.42568673440868 0.6120730084253307 0
1545 11.53579333799129 0.6831424341443051 0
1546 11.41703277781429 0.7040480062632897 0
1547 9.487807662048336 1.679883946481433 0
1548 9.503693510817577 1.577914096107886 0
1549 7.984221358307069 1.067315347575314 0
1550 7.886964328168749 1.007969121633646 0
1551 7.992619862272099 0.9586251382532434 0
1552 10.2562356257445 1.793222620735511 0
1553 10.26267612613778 1.92527085560714 0
1554 9.408217824489014 0.398798041019302 0
1555 7.552671829294937 1.898269568627556 0
1556 2.013047932649323 0.9577464218768256 0
1557 2.013047932649323 0.9705978672414298 0
1558 3.490170773624929 0.9292326881233903 0
1559 3.5502265869002 1.003430069079333 0
1560 3.455468966707869 1.039684597962066 0
1561 3.242382046042811 1.344990121607069 0
1562 3.205290081727727 1.440583915009171 0
1563 3.13983173949247 1.370010234263911 0
1564 8.584459990258431 0.3821722289731108 0
1565 8.480425640199753 0.3345062410292075 0
1566 3.175005229773729 1.537048520378548 0
1567 3.277555536324069 1.512028407721706 0
1568 11.3826929641431 0.391233641466481 0
1569 11.25936096960729 0.356917060139464 0
1570 11.33916162141008 0.3025227404213711 0
1571 8.815777701969315 1.150030699785604 0
1572 8.730631026536813 1.19840527791735 0
1573 8.720925205055799 1.085486171639513 0
1574 3.626535635831842 1.076195493749265 0
1575 3.661237442748902 0.9657435839105899 0
1576 11.6428653163529 0.08822407909035947 0
1577 2.115912840295272 0.4606579010414601 0
1578 2.048679617721322 0.491448180917844 0
1579 5.527336858671363 0.9222329541755654 0
1580 5.53367891829871 0.8162653523209041 0
1581 5.614479467683559 0.8556240430549944 0
1582 9.690101118963366 0.6953195081157342 0
1583 9.77414426040786 0.6133781552390277 0
1584 5.114004792428468 1.312227045620701 0
1585 5.032853444176714 1.388777451911813 0
1586 3.797302873797025 0.6642026721181299 0
1587 3.853502063908272 0.5863696881672933 0
1588 3.904946852355511 0.4874134122961972 0
1589 3.789251662109764 0.4760391986104863 0
1590 1.812022815007833 1.785812593190816 0
1591 1.731052888827421 1.761259728084875 0
1592 1.823706848404092 1.70603296964309 0
1593 1.604263768169036 1.105533443181437 0
1594 1.621354717890228 1.076071367688264 0
1595 10.69999695778614 1.550653077422679 0
1596 10.6769302007109 1.621694931658116 0
1597 10.59570374672422 1.538056490795356 0
1598 1.750794355996891 1.01626978389182 0
1599 1.757561817371779 1.045894565012381 0
1600 1.735882495252546 1.029624781120561 0
1601 2.174209011234234 1.298520368062888 0
1602 2.22463541493723 1.276420409823957 0
1603 4.109061646292273 0.8566379626185002 0
1604 4.212872703311299 0.8190126871522522 0
1605 4.179999254674273 0.9331987020972556 0
1606 0.07766991942283417 1.337599383978325 0
1607 0.1737234976409304 1.383879132638265 0
1608 0.09605357821809622 1.44627974865994 0
1609 11.88166308072704 0.1850193187126361 0
1610 10.80088067061968 1.56046004509907 0
1611 10.719654216633 1.47682160423631 0
1612 0.2581408722052099 1.406834771142537 0
1613 0.2397572134099478 1.298154406460922 0
1614 2.103031731498241 0.9334688621729649 0
1615 2.107822764297674 0.952080785789382 0
1616 2.082392229710496 0.9531707795116367 0
1617 2.032570946933758 0.9342571439376781 0
1618 2.037467711025552 0.9184820945450434 0
1619 0.6726035835214479 1.808577411808978 0
1620 0.6687577449499105 1.925663350973633 0
1621 1.685545636825293 1.322856656949972 0
1622 1.688657872864972 1.273319529774203 0
1623 8.005531978476133 0.8419446533531996 0
1624 8.102789008614455 0.901290879294868 0
1625 2.073277272977699 1.031557996310768 0
1626 2.104365634733981 1.029133853060872 0
1627 2.093322062365205 1.049624691519205 0
1628 11.41366076251278 0.2476382574816364 0
1629 2.677026859862625 1.114992517539692 0
1630 2.68277832702876 1.174266713145985 0
1631 2.615969753905429 1.131906971991224 0
1632 2.250030395357588 1.246901673256679 0
1633 2.197086089837072 1.232261935174174 0
1634 8.397825513207586 1.047073376913082 0
1635 8.36944380467806 0.9743550007141573 0
1636 8.466392193353876 0.9504986205546018 0
1637 2.706386321585892 1.916355158396295 0
1638 2.688876414333109 1.797419232340189 0
1639 2.782490092768525 1.881064073943894 0
1640 7.814610260393836 1.617997073227208 0
1641 7.815972636593928 1.72715706450653 0
1642 8.273049667399956 0.9924953053979666 0
1643 8.341616347546244 0.8959205490394859 0
1644 2.005085508976295 1.280664713531515 0
1645 1.973724616701689 1.295095053806258 0
1646 1.958350122604434 1.264324477060002 0
1647 0.09404456826315588 1.80595543173689 0
1648 0.09404456826315588 1.90595543173689 0
1649 0.1940445682639158 1.90595543173689 0
1650 1.991821849300345 1.022447377186995 0
1651 2.004556214334382 1.01211377478639 0
1652 2.004898287506389 1.021735589514683 0
1653 3.18062535589985 0.3873290164914947 0
1654 3.088279194511405 0.3292277670648174 0
1655 1.911171229535744 1.205166957333807 0
1656 1.893850851189637 1.194426782897662 0
1657 1.919428747485236 1.176574520090909 0
1658 3.112576259170926 0.788118937798842 0
1659 3.015023714553763 0.8021649141257472 0
1660 3.076187111688977 0.7276890323498433 0
1661 2.105264957577435 0.9805086665039871 0
1662 2.125904459365181 0.9608067491653154 0
1663 12.00375375894122 0.3868974198898014 0
1664 1.020740786714549 1.557016001236289 0
1665 0.9677936405872456 1.630936712410398 0
1666 2.547533177407503 0.2350907887023161 0
1667 2.601395973978243 0.2981944603456817 0
1668 2.538078484365834 0.3402705150214955 0
1669 11.40052328022601 1.569934975314604 0
1670 11.46733453535073 1.484111482055723 0
1671 11.50696404390773 1.56384417378804 0
1672 1.88091731329302 1.163516522570162 0
1673 1.872659795343528 1.192108959813059 0
1674 8.781905561091445 0.273418223236396 0
1675 8.881142928638493 0.300195676652347 0
1676 8.786755085402049 0.3796796632877132 0
1677 9.192799461919051 1.720913265424408 0
1678 9.105404486624543 1.700530206469183 0
1679 9.184223285865077 1.610740550132893 0
1680 8.10230334719348 0.6659254626209151 0
1681 8.017729536131277 0.7320157713234268 0
1682 11.00596115911216 0.7614925848517893 0
1683 11.0191007177375 0.8554329813038046 0
1684 10.90379178142119 0.8216274670572198 0
1685 10.80874388609933 1.061301270965398 0
1686 10.82285737865512 1.166953088590511 0
1687 10.72863169451989 1.129886407492731 0
1688 10.98579057363451 0.6677163350657467 0
1689 11.10109950995081 0.7015218493123314 0
1690 1.996367345807163 1.113081958123268 0
1691 2.016983103827534 1.117634464022287 0
1692 2.007827888116783 1.13271652841653 0
1693 2.123878538383214 1.018217589074615 0
1694 2.103833748995708 1.000150893866178 0
1695 1.898092884498098 1.329210627755535 0
1696 1.881000165980655 1.365549982614675 0
1697 1.840423399832268 1.338919366899636 0
1698 6.723550571895031 0.9345882756206904 0
1699 6.621991299193367 0.9807260132604174 0
1700 6.617276916639483 0.8971322393468837 0
1701 8.518618865507605 1.26715929397939 0
1702 8.521778788967726 1.17303538648987 0
1703 8.632618606163174 1.227984657260779 0
1704 8.565276215753348 1.078538873262393 0
1705 8.451276475097778 1.117713509981004 0
1706 8.349486138977769 1.899784743485329 0
1707 8.398498335592404 1.842415030106869 0
1708 8.44901219664251 1.94263028662154 0
1709 7.410218873769271 1.770078290213441 0
1710 7.30958415964257 1.814000034426894 0
1711 9.990308393372811 1.753824731880063 0
1712 10.63654263822207 1.264308416293846 0
1713 10.5747643956076 1.224331562036343 0
1714 10.68096694446121 1.195561370860341 0
1715 6.946063665766479 0.301022750611485 0
1716 6.905177869204293 0.2030832103450701 0
1717 7.005777228852676 0.253334166804818 0
1718 4.887335043021416 0.6747589740272157 0
1719 4.808044025588966 0.7384814081991298 0
1720 10.625861353584 1.335588821230787 0
1721 10.73206390243762 1.306818630054786 0
1722 12.73707228721739 0.7923854331042072 0
1723 12.66714558710588 0.8551889091342679 0
1724 12.62051036090911 0.7610081271098886 0
1725 12.56155309165972 0.9119058015700517 0
1726 6.614864906711598 0.7966336820552006 0
1727 6.513305634009933 0.8427714196949276 0
1728 5.149746553670887 1.899602009577776 0
1729 5.197890340515749 1.84190063357377 0
1730 5.248143786883252 1.942298623995994 0
1731 2.07030770488612 1.161781962151484 0
1732 2.108309207035436 1.174083698121791 0
1733 2.095753204227218 1.198081416769552 0
1734 9.656689420842495 0.08877512234242869 0
1735 9.606689420842294 0.1433245720815561 0
1736 9.549999999986888 0.05454944973912736 0
1737 2.081293622279764 1.072319410067514 0
1738 2.073047793978455 1.094191796386326 0
1739 1.328620991638635 1.47987834555981 0
1740 1.233453629001967 1.464288258110239 0
1741 3.816179355233162 0.1832517076536196 0
1742 3.882120699611821 0.281628778980439 0
1743 10.38882888149427 1.027617793770381 0
1744 10.29803649011976 1.089148545708326 0
1745 11.4077648958665 1.423534261421275 0
1746 11.51420565954822 1.417443459894711 0
1747 11.92050616736246 1.269224666819694 0
1748 11.92767523660691 1.170179978386668 0
1749 12.04165751289309 1.230480773838457 0
1750 11.9730251231427 1.067421710038189 0
1751 11.85187377761207 1.106165603019425 0
1752 10.84619068961756 1.897265247227946 0
1753 10.94619068961696 1.897265247227946 0
1754 1.538532774512479 1.788708946653326 0
1755 1.45561059355648 1.780877175439382 0
1756 1.495667999855241 1.706296165986008 0
1757 7.760296042563947 1.380245556092177 0
1758 7.681927306512742 1.313172639476427 0
1759 7.780345697118657 1.284641106811185 0
1760 4.295294765783854 1.926345230236243 0
1761 4.271936376287718 1.810077170936409 0
1762 4.376641610537348 1.883731940700166 0
1763 0.4855221429503223 1.084039342959811 0
1764 0.4066383269126768 1.084039342959811 0
1765 1.595487117055013 1.641727270195894 0
1766 1.66066355151746 1.69780402086855 0
1767 2.986272110984068 1.553349453800717 0
1768 2.98818743807169 1.637352775733264 0
1769 2.89287213687577 1.570962814762908 0
1770 4.870275831266488 1.104059838878294 0
1771 4.764825173088871 1.160795372567326 0
1772 9.933410365467779 0.8985548212508655 0
1773 10.03529197869724 0.8393660177083056 0
1774 10.18327070086096 0.3759493901026094 0
1775 10.09735906977712 0.3093882934354063 0
1776 10.18442944158115 0.2721767840733697 0
1777 10.00968673299671 0.2678718579268834 0
1778 10.00852799227652 0.3716444639561232 0
1779 4.790341161247532 1.732149233370425 0
1780 4.702731330436267 1.690660019483048 0
1781 4.791520882403537 1.62838542817883 0
1782 4.617091237138705 1.624229416747378 0
1783 4.615911515982701 1.727993221938973 0
1784 2.670746243782173 1.687480203614826 0
1785 2.59464247259954 1.722771288067227 0
1786 3.407462287405884 1.109082601034952 0
1787 3.439620266980297 1.183218718700343 0
1788 3.331557774403041 1.178419340817287 0
1789 8.648372906849907 0.8303631150406778 0
1790 8.539423923171977 0.9062743228550245 0
1791 8.54695946850228 0.80186903654133 0
1792 2.034989782841734 0.9894041060975009 0
1793 2.034146589691362 1.000724067940196 0
1794 2.018475845690798 1.000082025271383 0
1795 1.944564678168619 1.09421575351165 0
1796 1.951277519804993 1.114788536249077 0
1797 1.930746730195075 1.112682790855186 0
1798 11.19392754935242 0.6203620900353021 0
1799 11.11027779655699 0.5296354571415789 0
1800 11.22327642143626 0.5422519476505922 0
1801 8.381617867600596 0.3295154048053141 0
1802 8.285254640264146 0.2891052332062192 0
1803 8.383085790401198 0.2171600623848606 0
1804 3.276599906881435 1.896356610968679 0
1805 3.376599906882195 1.896356610968679 0
1806 1.899875869241608 1.806468505571887 0
1807 1.807221909664937 1.861695264013672 0
1808 7.596887810062068 1.216343517167783 0
1809 7.608202770448294 1.292903191818173 0
1810 7.50311361944291 1.291678518790521 0
1811 2.181063379902136 0.4638201909417081 0
1812 0.5511740337401316 1.30005369178333 0
1813 0.4704060480492732 1.260311145848597 0
1814 0.5333282945057027 1.207821231854355 0
1815 2.483735756266638 0.9300900092981321 0
1816 2.536431588677997 0.9179592758894444 0
1817 2.547254570149138 0.9771038964712326 0
1818 3.012462824684302 0.6779876297818441 0
1819 3.110015369301465 0.6639416534549389 0
1820 9.756689420842875 0.08877512234242869 0
1821 5.049746553670677 1.899602009577776 0
1822 8.449999999982715 0.05509639781323825 0
1823 8.393361281523827 0.1434713432061211 0
1824 8.34336128152364 0.08837494539288286 0
1825 1.771690435173871 1.01626978389182 0
1826 2.996848292482767 1.476281760248187 0
1827 3.092163593678687 1.542671721218543 0
1828 8.249486138978375 1.899784743485329 0
1829 8.382594490062701 0.406451411850566 0
1830 7.588153115893584 1.388507641099166 0
1831 2.003885607314574 1.913670633015517 0
1832 2.085391720170988 1.826430039416839 0
1833 2.081506112871632 1.912759406401322 0
1834 4.996307059609354 0.7941787273176099 0
1835 4.978273490104693 0.706372988325785 0
1836 5.080684598882879 0.7091851666494469 0
1837 2.024671568242937 0.8020142103963134 0
1838 2.024671568242937 0.8281144370891833 0
1839 4.971712582294941 0.5897654133590526 0
1840 10.03116049035166 0.7155730130228467 0
1841 9.978633050577408 0.622974397693595 0
1842 4.769428549709899 1.284195261545736 0
1843 4.821686881259236 1.372627473885264 0
1844 11.22125949049057 0.4485766379707214 0
1845 11.304909243286 0.5393032708644446 0
1846 0.7977878223910754 1.520127950882983 0
1847 0.7363492287245337 1.466142245072899 0
1848 0.7953883006116156 1.430015482954238 0
1849 2.669022047079848 0.2498398215407925 0
1850 2.659567354038179 0.3550195478599719 0
1851 1.575593939634458 1.313547161327738 0
1852 1.612279380726927 1.358166391830532 0
1853 12.69363718942902 1.148963652598428 0
1854 12.58620740278639 1.08782112315217 0
1855 2.128989704561281 0.7357057067650656 0
1856 2.154403873344423 0.7579803900747442 0
1857 2.128096921683246 0.7806428228765158 0
1858 6.15186869760427 1.910470360582911 0
1859 6.201868697602956 1.811307562215752 0
1860 6.398132516020373 1.81130682024416 0
1861 6.448132516021761 1.91046961861132 0
1862 10.54987227941756 1.898757211291299 0
1863 10.59987227941726 1.83818924163031 0
1864 10.65000000001425 1.93943203033901 0
1865 0.9883286276886218 1.386178806943007 0
1866 0.9488094108998557 1.337216378292125 0
1867 1.027534623293757 1.349665927997753 0
1868 1.80109654283906 1.56880484275255 0
1869 1.80401706463785 1.62878992292798 0
1870 4.346796139813659 0.09871599534336356 0
1871 4.246796139814085 0.09871599534336356 0
1872 3.347406474130613 1.03488522007901 0
1873 1.917288164772496 1.40469145109261 0
1874 1.859618680106666 1.414400190236711 0
1875 4.195294765783094 1.926345230236243 0
1876 5.586180613814259 0.2618822208318318 0
1877 5.661861873932173 0.2698432166569549 0
1878 5.601751494665323 0.3749182031241874 0
1879 2.037092845071729 1.116531320861137 0
1880 2.02563230276211 1.096896750567875 0
1881 2.487483906037556 1.035476265826951 0
1882 2.425634771750207 1.063727818933017 0
1883 2.057890901400656 0.842751814885083 0
1884 2.077086984169674 0.8155850008212007 0
1885 2.085634749084457 0.8438343777279207 0
1886 2.302124224576642 1.240125840600613 0
1887 2.274574899476484 1.195967365950831 0
1888 6.814104373977985 0.9253019566656706 0
1889 6.828998186535602 0.8166040409621261 0
1890 6.92426637117244 0.8909114959206402 0
1891 6.870724727027112 0.6996825246169449 0
1892 6.760562729832659 0.7340729853619754 0
1893 4.090012674497778 1.572070982192749 0
1894 4.079647679470593 1.655919698206451 0
1895 4.001649361055874 1.575450519639701 0
1896 2.212110180878402 1.050633227923332 0
1897 2.223804391608327 1.084128263956268 0
1898 2.196948637346588 1.090795293979839 0
1899 3.83399258485386 1.259581059421115 0
1900 3.814805135904581 1.164715663729222 0
1901 3.928806003448903 1.199414791459573 0
1902 8.24336128152326 0.08837494539288286 0
1903 6.515667661618911 0.5657788071911266 0
1904 6.425209954747392 0.481094297791435 0
1905 6.514876342315546 0.4557645358677847 0
1906 12.89185375670708 0.9432831075629875 0
1907 12.89185375670708 0.8432831075632681 0
1908 0.3597776633439705 1.409344107266645 0
1909 0.2937439475749532 1.495068833443988 0
1910 6.448219379717008 0.08852717900175933 0
1911 6.39821937971908 0.1789440671606448 0
1912 6.203963010626269 0.1795276752959698 0
1913 6.153963010624624 0.0891107871370843 0
1914 3.46498392781759 0.7278356608443189 0
1915 3.369273814726403 0.6809781102703425 0
1916 3.456279132548636 0.6191771905445875 0
1917 8.183221472218442 0.3667163499441967 0
1918 8.186346143516008 0.4743505532368393 0
1919 3.741165646964025 1.336654145577472 0
1920 11.11083403328174 0.8977181896884647 0
1921 11.21981101451193 0.8371037490415572 0
1922 2.089383384891976 1.226122801519566 0
1923 2.05138188274266 1.213821065549259 0
1924 3.478513103506114 1.462165498668854 0
1925 3.365419068344111 1.492744795685348 0
1926 3.42093442344007 1.384984505335836 0
1927 10.21209302521464 1.355057505340093 0
1928 10.22373691407969 1.457005264912527 0
1929 10.12216372569075 1.421723543887055 0
1930 6.611840583372239 0.4381838314152525 0
1931 6.521382876500719 0.3534993220155609 0
1932 1.940563734994926 1.672278521527812 0
1933 2.015381908415496 1.652913499867408 0
1934 1.979494948005073 1.711220813088627 0
1935 2.742670195034744 1.08518985431363 0
1936 2.675861621911412 1.042830113158869 0
1937 1.530792353316248 1.340413397155107 0
1938 2.135118436155947 1.173046040485171 0
1939 2.109672936814849 1.136746585867103 0
1940 9.289357189523793 1.370176402095039 0
1941 9.266791642263534 1.267782641208265 0
1942 7.008813759450243 1.741160226511561 0
1943 6.935742226714068 1.744887129869383 0
1944 6.991590579239515 1.64787514880456 0
1945 8.438795135317568 0.7751297207431411 0
1946 8.547744118995496 0.6992185129287944 0
1947 5.608141752879462 1.648276074766806 0
1948 5.66397353123315 1.745275840048699 0
1949 5.591219452900411 1.741178571041551 0
1950 1.720059846136557 1.051039470258892 0
1951 1.713292384761669 1.021414689138331 0
1952 1.110591444768264 1.562586313972758 0
1953 0.3883674483945359 1.244594365442408 0
1954 0.4062131876289646 1.336826825371383 0
1955 5.439241541618654 0.7921230957214065 0
1956 5.348730380942929 0.8641647109089065 0
1957 5.341435613275069 0.7734135431888378 0
1958 1.767998992957261 1.520097560167359 0
1959 1.706199160632541 1.514548315783373 0
1960 9.598883276128298 1.035401551399214 0
1961 0.6635806084319273 1.123505194956735 0
1962 0.6293720279136883 1.055221071135182 0
1963 4.186870497193864 1.569239034017724 0
1964 4.108872178779146 1.488769855450974 0
1965 1.385669655365485 1.622062338889089 0
1966 1.307008797535997 1.695087527696304 0
1967 1.027805645266742 1.450983919641334 0
1968 0.9490804328728404 1.438534369935706 0
1969 5.865911148216467 0.07770772737275902 0
1970 5.852630130474478 0.2023909594625472 0
1971 5.786718982244379 0.1246832320897882 0
1972 1.96233585096393 1.130709798055062 0
1973 1.976153798937474 1.112242760711526 0
1974 3.56942903034311 1.440699846151246 0
1975 3.513913675247151 1.548460136500759 0
1976 2.118691867296903 1.665168031505819 0
1977 2.173041419448105 1.731999542193029 0
1978 2.108662673576844 1.758687302115433 0
1979 0.810705954350174 1.603717808991948 0
1980 12.89369104790356 1.06114252944503 0
1981 6.411749047516331 0.8652201158566839 0
1982 6.409337037588445 0.7647215585650008 0
1983 6.298361816022931 0.885664096922705 0
1984 6.402330412444419 0.9637139580526319 0
1985 8.177853570622833 0.5819246246409879 0
1986 8.191251348247842 0.7006095564148971 0
1987 3.177206266261133 1.906144761493732 0
1988 3.253806173118215 1.802501372462411 0
1989 8.205902407607955 0.7858476186265155 0
1990 8.281452631037309 0.7018467806465883 0
1991 4.232706048824154 0.6064081623657169 0
1992 4.208111955979873 0.7146043837837945 0
1993 9.743091719462022 1.702426113765595 0
1994 9.655027598816531 1.756924745370083 0
1995 6.55940057646686 1.031776188171822 0
1996 6.665674231722408 1.069232224445629 0
1997 5.24956631685731 0.7556656640360782 0
1998 5.340077477533034 0.6836240488485782 0
1999 6.822732153050096 0.1253858970758685 0
2000 6.758757171368125 0.2017603740476969 0
2001 6.736025018300126 0.07637447697182842 0
2002 2.125354330056267 0.8987553214783528 0
2003 2.111153494184424 0.917290482129891 0
2004 2.10804555815527 0.8836669351575333 0
2005 6.7324798765876 1.922964215726174 0
2006 6.74396606772724 1.798597469537113 0
2007 6.811486191177213 1.87563325381094 0
2008 5.788533460064035 1.87564555831882 0
2009 5.856057756455057 1.798612383339699 0
2010 5.867524296429874 1.922966825020879 0
2011 9.21056782328376 0.9547267776261729 0
2012 9.321487722457768 1.008019434077294 0
2013 9.220641978586542 1.053292656451512 0
2014 8.490706906837367 1.814517574184023 0
2015 8.391180849172624 1.771672031047811 0
2016 7.038996266433717 0.7488001487053304 0
2017 6.966292028339077 0.6682952376865593 0
2018 7.066128111042738 0.6348818061747941 0
2019 2.094342530171276 0.8680664831488991 0
2020 2.113538612940293 0.8408996690850167 0
2021 10.67007656079951 1.422556835775823 0
2022 10.57455529658396 1.380046622014883 0
2023 10.21800652923143 0.8268220265699093 0
2024 10.10837920679073 0.7562172088397111 0
2025 4.580620647888969 1.17022707110704 0
2026 4.691148904952961 1.244175906867083 0
2027 11.42274565749615 0.8270134154835023 0
2028 11.31263905391355 0.7559439897645278 0
2029 5.29064687101669 1.814124983144589 0
2030 5.192249637804325 1.771428368726371 0
2031 9.507389796498948 0.1827265666582634 0
2032 2.086968376407874 0.7243215688059481 0
2033 2.113275328069051 0.7016591360041766 0
2034 2.316828066781616 0.9557647212188525 0
2035 2.346573604053352 0.9200442402302729 0
2036 8.766633444847832 0.1702343080169824 0
2037 10.20086090430088 1.041304312442763 0
2038 10.20050856457306 0.9328795785549437 0
2039 11.39835063324377 1.048975299328047 0
2040 11.40752660003645 0.9415477811770736 0
2041 4.626590188641053 0.9471419324206247 0
2042 4.612301651798147 1.057627266392103 0
2043 7.798175590605252 0.9500974011868704 0
2044 7.789777086640221 1.058787610508941 0
2045 11.38241395453679 0.07921859660744236 0
2046 3.267154337881795 0.6429813479967746 0
2047 3.275859133150749 0.7516398182965061 0
2048 5.886153182587057 0.3990991927750792 0
2049 5.783998416591269 0.3490378072279447 0
2050 5.875592730498179 0.2994278497267108 0
2051 0.8836485290863201 1.313206514610646 0
2052 0.8217765611198969 1.374879517190766 0
2053 0.795821674911497 1.314356774564034 0
2054 3.553298308762168 1.930320934558954 0
2055 3.614373102241786 1.829938973764101 0
2056 3.661074793507013 1.899618039205147 0
2057 8.988186931423762 1.266191386127123 0
2058 9.070145700924083 1.19152924989117 0
2059 3.648234206991345 1.587997995805071 0
2060 3.683584589351329 1.487710421723665 0
2061 3.726989194258527 1.548713933545585 0
2062 5.364892289860347 1.215197052038796 0
2063 5.357349983256221 1.111988555381672 0
2064 5.454033713175697 1.17245059271571 0
2065 3.761074793507775 1.899618039205147 0
2066 9.900941160029266 0.5469143671848383 0
2067 10.02655582789702 0.5563641736454956 0
2068 4.899378771807099 1.448687504396116 0
2069 4.773444172121852 1.443635826356346 0
2070 10.44987227941816 1.898757211291299 0
2071 2.246802004593285 1.172788493836634 0
2072 2.298895833812338 1.166012661180569 0
2073 6.731905711837754 0.2933452058573828 0
2074 6.80282805636184 0.3415034414812069 0
2075 6.689269462081498 0.3840768531868527 0
2076 2.112381984036046 1.069895266817618 0
2077 6.977910536822148 0.3902722943961945 0
2078 6.877311177173765 0.3400213379364466 0
2079 6.691272837154322 1.612122572973785 0
2080 6.799978352667393 1.659037620576116 0
2081 6.714266866803782 1.704351460019548 0
2082 5.885752784428623 1.704363764521483 0
2083 5.800037975590874 1.659052183048689 0
2084 5.908723839930278 1.612124830932532 0
2085 3.764755187526956 1.627829826331769 0
2086 9.298641624384439 1.726545828070543 0
2087 9.219822825143906 1.816335484406833 0
2088 2.356903472142238 1.005430365154058 0
2089 2.374621156541004 0.9571621206229179 0
2090 8.889544976472713 1.09538002327144 0
2091 8.899250797953727 1.208299129549277 0
2092 11.79632830217121 1.021382908681781 0
2093 1.832199657170221 1.527392458733622 0
2094 1.847504393093464 1.466113417431539 0
2095 9.897724281289657 1.242789736304068 0
2096 9.97429134072334 1.318112440556487 0
2097 9.899347981421027 1.351519959215542 0
2098 1.086371991902047 1.341025405374769 0
2099 2.296100747676194 0.5191747728452508 0
2100 2.354430891693453 0.5753583315555471 0
2101 2.661002808746289 1.595129515369396 0
2102 2.755236750479858 1.669777459642357 0
2103 2.048679617721322 0.5444555909005968 0
2104 10.70786681768694 0.7831102474422291 0
2105 10.67328455529087 0.8744667025431898 0
2106 10.62475161799989 0.8010685897897538 0
2107 5.707160910944467 0.7979357875708366 0
2108 5.70081885131712 0.903903389425498 0
2109 1.419401687475831 1.847371705133466 0
2110 1.376536912818593 1.764958924466147 0
2111 6.007152068883157 0.7298947625197823 0
2112 5.930660199302517 0.6474708322950346 0
2113 6.015877202658562 0.6347368774229655 0
2114 10.02043336642684 1.925553807706105 0
2115 8.938002093392473 1.920411792920228 0
2116 8.994992424719612 1.825763253800577 0
2117 9.056990331351379 1.905351460880349 0
2118 1.369729857344484 1.185493143161295 0
2119 1.386205935919278 1.136130603084443 0
2120 6.928609563448484 1.117784178125771 0
2121 6.859963835290541 1.209838949635666 0
2122 6.840726830456879 1.09166418313408 0
2123 4.94294098542976 0.3837265648158797 0
2124 4.957617039234297 0.4900374813425696 0
2125 9.044989390682614 0.07755083066146488 0
2126 8.983136092854155 0.1745179489619798 0
2127 8.938146702156351 0.09696711830051494 0
2128 2.715531057538969 0.4058006192829776 0
2129 2.647904984437365 0.4541552580878667 0
2130 5.954784896470267 0.2524523450096817 0
2131 8.489724508860274 0.183881514805216 0
2132 9.249417603575795 1.167997679824929 0
2133 9.138497704401789 1.114705023373808 0
2134 6.897856571636133 0.5857641820864086 0
2135 1.7572464992298 1.190268092285769 0
2136 1.771287666227862 1.153043291546398 0
2137 1.790270393726275 1.175578077412526 0
2138 2.080518365659743 0.5693313339426899 0
2139 2.031838747938422 0.588888775751493 0
2140 4.804509276424456 0.8455859494698328 0
2141 4.718657351182255 0.7927008086750146 0
2142 6.362209317715987 0.275956901392932 0
2143 6.313888429766551 0.3599399372797533 0
2144 6.251679112038511 0.2648168122045922 0
2145 6.251679112036662 0.4206373612381722 0
2146 6.362209317714138 0.431777450426512 0
2147 7.695662807624851 0.4822004449086001 0
2148 7.608068488521747 0.5090351138209466 0
2149 7.64446614535821 0.3999799866350648 0
2150 5.495253798726365 0.2718159089614415 0
2151 5.555364177993214 0.1667409224942089 0
2152 10.66685345190541 1.089909553235228 0
2153 5.709864478791749 0.2030868492720878 0
2154 5.723145496533737 0.07840361718229962 0
2155 6.645198577087784 0.2443337857533428 0
2156 2.511321851766761 1.698330702789563 0
2157 1.817316618190285 1.169132686970321 0
2158 1.803275451192222 1.206357487709693 0
2159 1.335059374525112 1.035418410581321 0
2160 1.312844736501267 1.065785008388497 0
2161 1.283423941076694 1.030366597807177 0
2162 0.2525297448397902 1.588667788890406 0
2163 0.354166535978551 1.591177125014515 0
2164 7.80527939057963 1.432061272813999 0
2165 7.706860999973715 1.460592805479241 0
2166 10.81572477100531 0.9699012266884259 0
2167 10.90995045514055 1.006967907786207 0
2168 6.635260552214168 1.751682421934782 0
2169 5.964743620794462 1.751685031223542 0
2170 9.09070135109312 0.5982831682192966 0
2171 9.176517689277755 0.6749994406609019 0
2172 9.063463913685768 0.6951099972021355 0
2173 6.024721262218799 0.5365062745139451 0
2174 6.101213131799439 0.6189302047386928 0
2175 6.882445716136293 0.07769731326920157 0
2176 7.054762206593562 1.374120297802695 0
2177 6.961428788281789 1.346786755631958 0
2178 7.041179986593919 1.263292486798093 0
2179 6.872981887648269 1.30500877405915 0
2180 6.886564107647912 1.415836585063752 0
2181 10.42200315148602 1.341708916917706 0
2182 10.31061637991664 1.291443687098749 0
2183 2.039249727088421 0.838855372467525 0
2184 2.014578158845485 0.8524673715783451 0
2185 4.033457696305196 0.8850678491151154 0
2186 6.887968894620824 1.794719357599131 0
2187 6.876482703481184 1.919086103788192 0
2188 5.723525615646475 1.919089168161722 0
2189 5.712059075671659 1.794734726480542 0
2190 7.810911185395064 0.7283255986856149 0
2191 7.753113790819423 0.6678488397771044 0
2192 7.861960552868425 0.6189443893435189 0
2193 3.654406880897727 0.09016439004287571 0
2194 3.595781962839439 0.1677274459254099 0
2195 3.541375081937479 0.07756305588253415 0
2196 7.907560389788923 0.7893500302818022 0
2197 2.181506112872393 1.912759406401322 0
2198 7.048610631123323 0.1651611290037244 0
2199 7.089496427685509 0.2631006692701393 0
2200 2.188181931340033 0.778737977914103 0
2201 2.189074714218068 0.733800861802653 0
2202 11.37190663261718 0.5619721053390351 0
2203 11.49066719279417 0.5410665332200505 0
2204 7.790271392635585 1.167113760575575 0
2205 7.86864012868679 1.234186677191326 0
2206 4.1967961398143 0.1549029748020726 0
2207 4.149999999993417 0.05618697945870906 0
2208 4.630688250851859 1.437910171468686 0
2209 4.510588462782364 1.458538555381804 0
2210 10.16931174916714 0.562089828528399 0
2211 10.28941153723687 0.5414614446089368 0
2212 1.58088794160809 1.185079003094032 0
2213 1.601954650386557 1.231631326554155 0
2214 10.57803497647418 0.7497386336465043 0
2215 10.54345271407811 0.841095088747465 0
2216 8.275294144570371 0.5090346470308212 0
2217 3.991029801993783 0.4924464364745503 0
2218 4.101992815225703 0.456604237966719 0
2219 5.702181656910076 0.5836279717548769 0
2220 5.703407519244063 0.4930436823548984 0
2221 5.793333006346159 0.5392934396762916 0
2222 11.80346997820273 1.926835428325324 0
2223 10.27734459373893 0.2472119097469629 0
2224 10.36861490286771 0.1948810321866896 0
2225 10.36161138179377 0.2864070031802994 0
2226 10.3421740574015 0.07784296937667655 0
2227 0.8832151547864386 1.428865223000851 0
2228 7.100061401917133 1.734682665879594 0
2229 7.044213049391685 1.831694646944417 0
2230 5.55580873339143 1.831705955212645 0
2231 5.499976955037742 1.734706189930751 0
2232 8.377999033678565 1.289512833373482 0
2233 8.275488147456265 1.333894866795884 0
2234 12.44863889019533 0.6526875450278583 0
2235 12.44848370330355 0.7522061711119134 0
2236 12.38317814644362 0.7161852927487613 0
2237 4.895671397759166 0.8993357497522789 0
2238 11.21760965780606 1.394485804230881 0
2239 11.15394347809328 1.336676913052013 0
2240 11.23633382029754 1.267191108823602 0
2241 11.09332484195569 1.240250260973015 0
2242 11.0746006794642 1.367544956380294 0
2243 4.64742987045639 0.7381070248802613 0
2244 4.555397648482693 0.6638382277858433 0
2245 4.630159878373068 0.6113274703098937 0
2246 4.475725532684921 0.633063316845913 0
2247 4.492995524768243 0.7598428714162806 0
2248 2.210864882462891 1.457179895247518 0
2249 2.282705451155408 1.473067692151963 0
2250 10.11186760570882 1.208317732807714 0
2251 10.21039096041082 1.144703914566371 0
2252 10.2090431915277 1.256161966073278 0
2253 0.8168181445839965 1.763785412330531 0
2254 0.8134139380907133 1.677824074819731 0
2255 0.8860673646896378 1.737142242493053 0
2256 7.768111811377048 0.4658064740788634 0
2257 7.731714154540587 0.5748616012647452 0
2258 6.344454537149827 1.573882440017027 0
2259 6.298802154872767 1.64882814622997 0
2260 6.249618260152346 1.570351325213644 0
2261 6.25198293895591 1.723485717346134 0
2262 6.34681921595339 1.727016832149516 0
2263 6.875997665649683 1.512211650083457 0
2264 6.787550765016164 1.470433668510649 0
2265 5.812445912049625 1.470435926474804 0
2266 5.722486665085482 1.514109230074512 0
2267 5.711923546042577 1.417731907089578 0
2268 10.68184640150408 1.802451196512566 0
2269 10.5817186809074 1.761776377464855 0
2270 12.62966218559479 0.6220459806227109 0
2271 12.68560668432598 0.5286365556139776 0
2272 12.74638155975181 0.6047952260710945 0
2273 12.73858498173476 0.4215344064824786 0
2274 12.62186560757774 0.4387851610340949 0
2275 12.60234073890181 1.560237978712175 0
2276 12.68756950815827 1.466603105738543 0
2277 12.71519445009318 1.575165429200663 0
2278 12.74670471372716 1.393528278956965 0
2279 12.6338510025358 1.378600828468477 0
2280 1.790815515831535 1.01626978389182 0
2281 0.5571738341706456 1.055221071135182 0
2282 0.5242120000351678 1.139260414094993 0
2283 0.8252781931851178 1.041269063382951 0
2284 2.23774407628878 1.76952439206043 0
2285 2.247773270008838 1.676005121450816 0
2286 2.315523797452893 1.623734928910683 0
2287 1.961631398246861 1.39369455871865 0
2288 1.940249912372872 1.442544766340687 0
2289 2.344574005404398 1.454808185826953 0
2290 2.308707788503534 1.393935991475767 0
2291 12.14617978020877 0.1509774964456776 0
2292 1.802743686473416 1.331855997750731 0
2293 1.81983640499086 1.295516642891591 0
2294 1.117656303320457 1.456554232377803 0
2295 1.078408108504676 1.508909795370503 0
2296 2.379303664167216 1.748679558777739 0
2297 2.375227656152207 1.824202366154443 0
2298 2.308399918834505 1.789052778694921 0
2299 2.007888145770287 1.033908720044143 0
2300 2.020622510804324 1.023575117643538 0
2301 6.750173028373926 1.1009505020891 0
2302 6.818818756531869 1.008895730579205 0
2303 2.412561720738091 0.6343298384002554 0
2304 2.474977499456794 0.687910292556883 0
2305 5.526384150630849 0.7255141846008355 0
2306 1.041109264585229 1.923322444136063 0
2307 1.14110926458599 1.923322444136063 0
2308 7.680664787067226 0.6842428106068411 0
2309 3.647403276294454 0.2305469779933749 0
2310 3.63340798712556 0.3277169896713889 0
2311 2.513151370133172 1.546625802597281 0
2312 2.506849086715215 1.456448165547999 0
2313 2.570210018630646 1.522654622292582 0
2314 2.605993896423757 0.908340018007116 0
2315 2.542475082541256 0.8613261308340154 0
2316 2.047797492003204 0.867104749374245 0
2317 2.366179529057902 1.667841759537353 0
2318 2.433007266375604 1.702991346996875 0
2319 8.727471103076692 1.29252918540687 0
2320 9.243687579471512 0.7435292769898745 0
2321 9.270925016878863 0.6467024480070356 0
2322 4.107608614484699 0.3734368589679812 0
2323 4.196739079876856 0.4428921258386037 0
2324 5.361641771999512 1.304965243532721 0
2325 5.264958042080036 1.244503206198683 0
2326 12.81950081999886 0.7928987742910191 0
2327 12.92764706329178 0.7496156667257008 0
2328 3.289605400657116 0.8584966253158126 0
2329 3.187485923812508 0.8204998630422447 0
2330 2.147160468234593 0.8715287740418922 0
2331 2.150268404263747 0.9051523210142499 0
2332 1.643943247968883 1.518456645286147 0
2333 10.14925890524334 0.1028078437030833 0
2334 10.04925890524296 0.1028078437030833 0
2335 4.650775804657634 1.897211912337321 0
2336 4.750775804658395 1.897211912337321 0
2337 0.6623159388869583 1.431269120748899 0
2338 0.6647154606664181 1.521381588677644 0
2339 7.850612337371523 1.896407996703077 0
2340 7.950612337370917 1.896407996703077 0
2341 5.725435359642814 0.3161228315644434 0
2342 3.298322672375737 0.946421943533837 0
2343 3.386695881713977 0.8775618987880984 0
2344 11.24330506385599 1.905820337083681 0
2345 11.34330506385539 1.905820337083681 0
2346 4.742545775946104 0.09394727503248901 0
2347 4.64254577594653 0.09394727503248901 0
2348 5.079772073045108 1.47708221923158 0
2349 4.994540109812876 1.4659839192448 0
2350 1.652371029537917 1.191950475281784 0
2351 1.621021881084672 1.167469537990911 0
2352 9.713082598680416 0.5142188776299514 0
2353 9.791956720982213 0.5143653136238614 0
2354 3.541397643070444 0.5631032025598693 0
2355 3.634306457081795 0.5175835692413786 0
2356 3.644898059651174 0.6205151078000731 0
2357 3.026596618658627 1.090336416439754 0
2358 2.96204846534881 1.131263275192328 0
2359 2.951171373426585 1.03790743547327 0
2360 9.05933478590763 0.8018468340869991 0
2361 8.973518447722995 0.7251305616453938 0
2362 0.09605357821809622 1.54627974865994 0
2363 1.89225267433977 1.290667414687621 0
2364 1.932829440488157 1.317298030402659 0
2365 1.648979518121201 1.777583644416277 0
2366 1.60892211182244 1.852164653869651 0
2367 11.76335285221167 1.28962148469086 0
2368 11.65679078626342 1.329044536554264 0
2369 3.868998777101627 1.705952188899556 0
2370 3.811137789017258 1.802241155586429 0
2371 3.780010575071 1.702947111723421 0
2372 7.953085442041965 0.1046027599469326 0
2373 7.853085442041584 0.1046027599469326 0
2374 11.727336238633 0.465338312302259 0
2375 11.83524058096689 0.4606218161855026 0
2376 1.318879978112615 1.355267907494118 0
2377 1.374142069982954 1.32909398610701 0
2378 1.353910583315882 1.387922486726399 0
2379 2.008816326270213 1.005700993557039 0
2380 1.995739888064169 1.006412781229351 0
2381 7.798713627739921 0.8382544807153878 0
2382 8.321767056840832 0.5616927440937374 0
2383 8.330259629734005 0.4541186726895887 0
2384 1.836641763255603 1.066319601890958 0
2385 1.851515213935905 1.083591447021509 0
2386 12.36224977242252 1.587604590916102 0
2387 12.32733547259859 1.501214694904314 0
2388 12.41511614355249 1.482913929301939 0
2389 10.99462599652598 1.827046548247394 0
2390 11.04843530692114 1.929781301019447 0
2391 1.270799891455348 1.761582057390388 0
2392 11.10111608801755 1.775602221805057 0
2393 10.99887147071337 1.743086168013556 0
2394 2.911085899819571 0.6759880863567234 0
2395 2.944914157432058 0.6122407074618191 0
2396 2.149982568908115 0.6650454731857545 0
2397 2.107961240754708 0.6536613352266369 0
2398 1.884986990818262 1.653342788033922 0
2399 12.57365734599845 0.09345747157801204 0
2400 12.9011630292415 0.555692900530447 0
2401 12.9011630292415 0.4556929005307385 0
2402 12.90021160967482 1.540765278112989 0
2403 12.90021160967482 1.440765278112725 0
2404 9.040533515433848 1.646947421823438 0
2405 9.049109691487823 1.757120137114954 0
2406 11.90346997820213 1.926835428325324 0
2407 11.87750913693889 1.825918485577881 0
2408 11.97403915874282 1.899083057252557 0
2409 3.568458819728542 0.7795064501796108 0
2410 3.481453501906309 0.8413073699053659 0
2411 7.505917162838858 0.7131227103292476 0
2412 7.605894858890623 0.7048968252966749 0
2413 7.602086727294298 0.7854559341517731 0
2414 7.584495222611786 0.6119095867843156 0
2415 12.21742495273814 1.534085240810464 0
2416 12.2702913238681 1.429394579196301 0
2417 5.78235028111364 1.267629211064479 0
2418 5.849971294157255 1.178201312643489 0
2419 5.869503806050334 1.28463070506888 0
2420 9.039555699678697 0.915933699265324 0
2421 9.12950116564147 0.8859131348220657 0
2422 4.555362707915188 0.8925481486258714 0
2423 4.64389512129188 0.8452115661509643 0
2424 11.47090626845293 1.103762210231045 0
2425 11.37255563521921 1.148551346189685 0
2426 11.23633382029741 1.15157332646571 0
2427 11.13653280585989 1.104760248961644 0
2428 10.04294150759196 1.15312094947291 0
2429 9.940707554634679 1.103885019127652 0
2430 12.45986939201709 1.921914735730338 0
2431 12.55986939201648 1.921914735730338 0
2432 1.807096473179793 1.022142471537222 0
2433 1.788754635464381 1.038412255429043 0
2434 1.292566040142447 1.163176244862164 0
2435 1.331173595753088 1.133628396994743 0
2436 1.318588671830352 1.182922535447164 0
2437 2.667406180570373 0.8006321901534358 0
2438 2.593465543164037 0.8035132066353059 0
2439 2.648834333447394 0.7524385238370548 0
2440 10.44038177023401 0.3426716730686561 0
2441 10.34911146110523 0.3950025506289295 0
2442 0.4232539247976189 1.909158655203397 0
2443 3.406628937167681 0.4185826175533011 0
2444 3.445687529979257 0.5162456519858929 0
2445 3.321510426645872 0.4746566055380192 0
2446 0.2993512047183052 1.232030719556995 0
2447 0.3635440651386138 1.155515040034209 0
2448 8.873711758223358 0.5894834087202636 0
2449 8.827884196947339 0.4835151046918306 0
2450 8.931820014225114 0.5124254207320973 0
2451 1.925037303093386 1.012848606200274 0
2452 1.911617159321432 1.012848606200274 0
2453 12.43270379263667 0.5055831904198075 0
2454 12.52548078105345 0.4701935121702513 0
2455 12.47611032175218 0.5812769884151501 0
2456 2.18888455554176 1.02381407419041 0
2457 2.2157403098035 1.01714704416684 0
2458 8.062384579260009 1.12277160304278 0
2459 7.956729045156657 1.172115586423183 0
2460 2.014999892826769 0.8944057344066321 0
2461 8.949791922861593 0.3515007027897912 0
2462 8.944942398550989 0.2452392627384741 0
2463 7.701482655072088 1.1092420401288 0
2464 8.930121453528916 1.772180469154833 0
2465 0.6049799857260261 1.179002960029726 0
2466 9.154616367241063 1.51227752984922 0
2467 9.050092050480483 1.4845459051984 0
2468 10.75000000001364 1.93943203033901 0
2469 10.79619068961787 1.836697277566957 0
2470 10.778037091108 1.760284413401502 0
2471 9.051785087077253 0.225822975099424 0
2472 4.523015688953357 0.4221139476603775 0
2473 4.443523140421753 0.4658050111917002 0
2474 4.428411172975739 0.3508602856366018 0
2475 1.373900838987257 1.035418410581321 0
2476 12.30196734203262 0.7846992540236145 0
2477 12.3021225289244 0.6851806279395595 0
2478 4.095027859331394 0.1874223065201918 0
2479 4.191823999152064 0.2299513224048463 0
2480 6.870745714410098 1.701434279892131 0
2481 10.73545897847101 0.940371475031641 0
2482 10.83666554751223 0.8860381118524501 0
2483 2.77730314796547 0.3694655813212182 0
2484 2.765640778364655 0.468601291549113 0
2485 5.72898137565071 1.701832230205797 0
2486 7.12180243572063 0.8144699093074215 0
2487 7.021966353016969 0.8478833408191868 0
2488 9.513233108877202 1.284355560211528 0
2489 9.437783251455141 1.336753927536769 0
2490 1.7824780623586 1.358523629787219 0
2491 1.761891067517191 1.315120905779173 0
2492 5.644844462295609 0.4601287066913972 0
2493 5.735995811731692 0.4157941746128118 0
2494 12.89369104790356 1.161142529445282 0
2495 3.534371477334206 0.2179456438330333 0
2496 5.847005821570505 0.9258696164407658 0
2497 5.90125168890027 0.8623288041668967 0
2498 5.954757215892747 0.9419832866663224 0
2499 1.995703846342451 1.080681691353502 0
2500 1.985309014648225 1.097160696317283 0
2501 1.975490299472763 1.079842493941761 0
2502 11.02875722154232 1.642248375458524 0
2503 11.04368609824075 1.52841325890256 0
2504 11.12029043890337 1.577806725015256 0
2505 5.110098901706712 1.112252002894198 0
2506 5.189241092953152 1.077330340575172 0
2507 5.18906636869443 1.189656677023784 0
2508 9.242011342535571 1.532660588804446 0
2509 9.31370544546431 1.458517368745885 0
2510 9.343312364088323 1.556980389029557 0
2511 9.390658211076545 1.39449620232015 0
2512 12.34712421028861 0.528349292414226 0
2513 12.39649466958989 0.4172658161693272 0
2514 7.701526386211393 0.8890729695906829 0
2515 1.582098001038122 1.15304921938371 0
2516 10.7244935337636 0.6176204380375885 0
2517 10.6314277329813 0.616281460135657 0
2518 8.554261250933172 1.348444126757523 0
2519 8.443421433737722 1.293494855986614 0
2520 6.274609069404512 0.7069831856238291 0
2521 6.33371948088247 0.6089523428178392 0
2522 6.366890862572801 0.689139411920767 0
2523 8.964910999094657 0.430782285108739 0
2524 9.010738560370676 0.5367505891371721 0
2525 9.894667069576808 1.452202591751117 0
2526 9.818100010143127 1.376879887498698 0
2527 2.241441162030687 0.8221409053614286 0
2528 2.248139383420131 0.8485957220645374 0
2529 2.217626617316874 0.8552461493828145 0
2530 4.385770152670969 1.216455675099409 0
2531 4.390752166829996 1.294100292616875 0
2532 4.301826552054958 1.290877843390877 0
2533 10.41011921793947 0.781699486109432 0
2534 10.40834689856514 0.702555689350777 0
2535 10.49496375317807 0.7106213358455603 0
2536 11.61765087385111 0.7799877628136365 0
2537 11.60860307353216 0.7023104567489751 0
2538 11.69911456598637 0.7071807875803475 0
2539 5.37219463686727 0.2169895769224682 0
2540 5.421441332907438 0.2719720050736014 0
2541 5.329198606869388 0.3122869713722509 0
2542 10.41881936419418 0.6113224877011165 0
2543 4.381180635824492 1.388677512290037 0
2544 11.61725703012655 0.6103354589110162 0
2545 9.252515993427767 0.4792163179783276 0
2546 9.123792335962662 0.5166400325959384 0
2547 9.172553202705323 0.417683738896203 0
2548 8.617716885214424 0.6322296399321925 0
2549 8.674650629597112 0.5495372719086994 0
2550 8.712842196562896 0.6432654607034902 0
2551 8.72864682940029 0.4567376512758796 0
2552 8.633521518051822 0.445701830504582 0
2553 7.198674428525516 1.053167727239675 0
2554 7.101060689660182 1.009944277948954 0
2555 7.202386261169217 0.956776550711999 0
2556 10.96553029011631 0.1160059743469496 0
2557 10.86625225602468 0.188017732247805 0
2558 10.90072196590078 0.07201175790085539 0
2559 4.52364633665008 1.753126342129479 0
2560 4.435152235828117 1.806076973227994 0
2561 4.441777321863175 1.714513250301817 0
2562 4.458510625324253 1.922345032527828 0
2563 11.21409813483008 0.7141383398213448 0
2564 9.006120489812496 1.581129175786272 0
2565 8.95938422972241 1.475317589807005 0
2566 2.035626999957822 0.6715471425809512 0
2567 2.035626999957822 0.708742647182235 0
2568 2.24885194405946 1.103468831193148 0
2569 2.264013487591273 1.063306765136641 0
2570 12.77286559380209 0.6987179922666398 0
2571 2.817234952475245 0.2380057982600667 0
2572 2.923887936606965 0.2508867570431128 0
2573 2.833846411271504 0.3195458678381289 0
2574 2.012695850511715 1.160915013375587 0
2575 1.992080092491344 1.156362507476568 0
2576 9.712622540874015 1.929343839908274 0
2577 9.689818445383157 1.821928830406498 0
2578 9.777195904528535 1.892584990498224 0
2579 6.946765027392386 1.554608309399471 0
2580 6.847751684760638 1.609205392846368 0
2581 5.751952431152366 1.609593296616846 0
2582 5.651430065145318 1.55688927723162 0
2583 5.135586927216529 1.531424935266256 0
2584 5.173900261580367 1.454218467933269 0
2585 2.527848267413175 0.6901946854032769 0
2586 2.522022928084676 0.753035147472531 0
2587 9.673667935300244 0.4609250585737508 0
2588 9.655855474725893 0.5599379001889171 0
2589 1.920873951228685 1.595035474812702 0
2590 12.14254392170091 1.101915653359285 0
2591 12.06765594732338 1.020563903348842 0
2592 12.16137328688675 0.9910434713026955 0
2593 11.99185448832854 0.9565495279815991 0
2594 2.07078142271593 1.262775068118555 0
2595 2.115152744200488 1.247035419338848 0
2596 2.894092517427366 1.151636488797409 0
2597 2.969517762659408 1.204065469763893 0
2598 2.372175058539904 1.221656554819619 0
2599 2.347630554421008 1.272590862125467 0
2600 8.768146719149527 1.52937165613758 0
2601 8.856599637315561 1.505567049084017 0
2602 8.826959750888392 1.595705467448439 0
2603 12.33192859117952 1.121920102636067 0
2604 12.32752810237554 1.217528640742243 0
2605 12.23186077246029 1.168003759419316 0
2606 12.30383106369243 1.330068165407822 0
2607 12.40389888241166 1.283984508624573 0
2608 12.13479346122295 0.7231513801028684 0
2609 12.15369851851131 0.8316931552533323 0
2610 12.06758025522085 0.801149946141788 0
2611 2.104172988735308 0.6154060956009004 0
2612 0.3176220832364461 1.071475697074398 0
2613 2.022707452069907 0.9757442690758529 0
2614 2.009659519420585 0.9836156615942648 0
2615 2.837532650587101 1.807488525673804 0
2616 2.855042557839885 1.92642445172991 0
2617 5.569163202177695 0.4521677108662741 0
2618 5.505705258012962 0.5308137807998984 0
2619 5.462612290382676 0.4456032772326887 0
2620 5.415550560084369 0.6128106375838255 0
2621 5.522101471879386 0.6193750712174109 0
2622 12.67705212716224 0.2254185248232018 0
2623 12.73414991431937 0.1650572792215496 0
2624 12.73194169214365 0.2713217663009437 0
2625 3.63727326353611 1.748761314400135 0
2626 3.529496778791265 1.779464209753942 0
2627 9.308078373470476 0.553194262606878 0
2628 9.375248263664233 0.6217240989358506 0
2629 9.356839240213139 0.4542379689071426 0
2630 6.468447449066403 0.6666907157590107 0
2631 10.8007219659004 0.07201175790085539 0
2632 7.019836560128561 1.550881406041649 0
2633 7.079604126576731 1.465363482195074 0
2634 7.12442967842386 1.558630321600163 0
2635 7.159355324888862 1.381869213361208 0
2636 5.541770159429129 1.36853215003106 0
2637 5.518847411499891 1.466091858104512 0
2638 5.438653271850585 1.373218797446286 0
2639 5.475559099234035 1.557478655639697 0
2640 5.578675986812579 1.552792008224472 0
2641 7.269303723389404 0.3116769766922602 0
2642 7.176179393470809 0.2707393548462728 0
2643 7.225454159874749 0.2158652533150331 0
2644 9.440664188102339 1.775323778398342 0
2645 9.372808461555291 1.726528215136059 0
2646 2.247393010454664 0.3406246135729518 0
2647 2.190703345497966 0.4043851462607508 0
2648 2.191156110104597 0.3326571203033275 0
2649 7.584811368495002 0.1185944777474741 0
2650 7.497236605903741 0.1950546159063457 0
2651 7.512425237388225 0.07646013815887162 0
2652 7.007072540459353 0.9565812565227312 0
2653 12.37031511176676 1.933389166116049 0
2654 12.43018450378022 1.855303901846387 0
2655 8.530463790455251 0.4749718496059306 0
2656 5.857717680052571 0.7944219256665958 0
2657 5.965469074374813 0.8105355958921523 0
2658 5.19701924666417 0.421358235634648 0
2659 5.27631699938558 0.3580089459315624 0
2660 5.299147550188145 0.4306186892264697 0
2661 11.94764925858812 1.354092666922627 0
2662 11.83366698230193 1.293791871470837 0
2663 9.417479201259175 1.556962776095073 0
2664 9.501220776575464 1.503788488983809 0
2665 5.085848224778668 0.07743074416345619 0
2666 5.099211434999712 0.1946301347020312 0
2667 5.01336321021083 0.117199390538575 0
2668 12.71211661639676 1.727241032474161 0
2669 12.7363177906772 1.832864063309501 0
2670 12.65416685511716 1.774423333009636 0
2671 12.61107929849247 0.25929897752931 0
2672 12.61328752066819 0.1530344904499158 0
2673 7.089096282968529 0.540994503584855 0
2674 7.161800521063169 0.6214994146036261 0
2675 7.115715859201911 0.43944290954246 0
2676 7.02004344918148 0.4528253011136278 0
2677 9.913989458578849 1.758992053011286 0
2678 9.821310336142627 1.823306119335552 0
2679 9.847070931473898 1.720855914672183 0
2680 4.584810577876261 0.3332566181784065 0
2681 4.599922545322275 0.4482013437335048 0
2682 11.19973470435209 1.547676033941486 0
2683 11.18480582765366 1.66151115049745 0
2684 7.299225674770755 0.4300378776312122 0
2685 7.321493228675751 0.3577997997564361 0
2686 7.400689946461042 0.4212865991641484 0
2687 6.690317690539752 0.774559792439807 0
2688 6.732044231031262 0.6576382760946258 0
2689 2.249476130883982 0.888579584506469 0
2690 2.273290675597794 0.8554743404850831 0
2691 0.740840103940164 1.777896973302237 0
2692 0.8134935305390885 1.83721514097556 0
2693 1.979564826860018 1.333638266874172 0
2694 5.388799824563749 0.4457593733448486 0
2695 5.30950207184234 0.5091086630479342 0
2696 2.243064067864261 1.016600413889841 0
2697 2.219838442527619 0.9897812601569191 0
2698 6.855723659276801 0.5232111753689752 0
2699 6.951290960588766 0.4918238884385895 0
2700 9.463780204531723 0.4727759856478524 0
2701 9.586516606830596 0.8055397414188315 0
2702 9.511890498203279 0.7497344207700523 0
2703 9.61030599119335 0.7216019763375716 0
2704 7.295355770025926 1.570156457133173 0
2705 7.200644813935686 1.552899956939496 0
2706 7.278908200962272 1.490368897947265 0
2707 5.322722819836567 1.489669844743841 0
2708 5.395515640916351 1.552462220077268 0
2709 5.302507936831571 1.571353559301372 0
2710 1.815311728448941 1.111863059551474 0
2711 1.794028355656214 1.109898743195487 0
2712 1.805028523380818 1.083408526073807 0
2713 8.508109213775125 1.494358683543825 0
2714 8.586859712205211 1.558356506647083 0
2715 8.487396584819248 1.568942785123443 0
2716 7.281595542772503 0.5105683945263058 0
2717 7.202398824987212 0.4470815951185936 0
2718 2.717687505740708 0.8207574646620198 0
2719 2.662318715457351 0.8718321474602711 0
2720 11.60778029160469 0.5075999898869958 0
2721 11.68059002714556 0.5267680124916659 0
2722 11.97440003523803 0.1301480327845118 0
2723 8.673039586941723 1.551641239784734 0
2724 8.702679473368892 1.461502821420311 0
2725 8.713622644139875 1.380670901261728 0
2726 8.61851551193207 1.402940484908882 0
2727 2.324078031605135 1.333368316528609 0
2728 4.949687210207582 0.1939816802534982 0
2729 4.936323999986538 0.07678228971492317 0
2730 2.883956132097191 0.3823465401042643 0
2731 3.335134216390113 1.589209401054725 0
2732 3.388098781074336 1.681319505477862 0
2733 3.300235249054294 1.70060311751422 0
2734 9.230346909512694 0.840639912447848 0
2735 7.390352352211174 1.575766843809708 0
2736 7.312088965184588 1.638297902801939 0
2737 12.06687545091821 1.485530976925977 0
2738 12.11461504522717 1.564831392565763 0
2739 12.09743462382815 1.395895293686967 0
2740 12.00392927073871 1.419161145510493 0
2741 2.498197716657447 1.617492903549177 0
2742 2.434836784742015 1.551286446804594 0
2743 11.39354470993183 1.817848776035363 0
2744 11.45023964608614 1.912028438951681 0
2745 10.72245810738352 1.680164925316275 0
2746 10.83680239549731 1.714411006370666 0
2747 1.043545908534205 1.122166532086644 0
2748 1.045414720477925 1.073368462398473 0
2749 1.096504226834975 1.117582519003478 0
2750 2.953638238904486 0.08467334373252529 0
2751 2.853638238904565 0.08467334373252529 0
2752 12.59905340671407 1.861937917652826 0
2753 3.228282551664557 0.4420325489078452 0
2754 3.126456073730111 0.4523679942939125 0
2755 3.452798376912053 1.745499886163667 0
2756 3.487697344247872 1.634106169704172 0
2757 8.479222241639558 1.637359493129353 0
2758 8.400471743209476 1.573361670026094 0
2759 11.00866465559077 0.9578530718938951 0
2760 2.523903235418277 0.8131324645176343 0
2761 5.284729812636651 1.636809795287435 0
2762 5.211936991556868 1.574017419954008 0
2763 6.781240538464876 0.5246932789137355 0
2764 6.834674927417509 0.4307529852659164 0
2765 8.524768251833461 1.688357591675833 0
2766 8.622918965072685 1.71815050065118 0
2767 8.581540133656812 1.773567484100312 0
2768 9.660792722489337 0.8465039679080442 0
2769 9.562377229499266 0.8746364123405248 0
2770 7.984401154770907 1.515509278222384 0
2771 8.074247739760493 1.564269695221999 0
2772 2.053036891753219 0.2959041872558863 0
2773 2.120270114327169 0.3283929237729677 0
2774 8.159226476981681 1.52997249905563 0
2775 8.163171829511709 1.63771964868037 0
2776 3.448872106289763 1.303480333401009 0
2777 3.524776619292607 1.234143593618675 0
2778 1.959788109089687 1.08175522465252 0
2779 1.970182940783913 1.065276219688739 0
2780 1.144086553591759 1.844548569517676 0
2781 1.202977289014899 1.921226125381613 0
2782 12.07132513825236 1.762461203562644 0
2783 12.01093965376881 1.827845430800662 0
2784 3.33577807112776 1.334059630417503 0
2785 6.586346407910202 0.7201989727878511 0
2786 10.78550376155612 0.3148124393861191 0
2787 10.69327939565653 0.3104404887930418 0
2788 1.596787979959675 1.507026030521493 0
2789 1.628347174629772 1.456156072615805 0
2790 7.660785408543192 0.08195397931115317 0
2791 7.645596777058707 0.2005484570586272 0
2792 9.565799800076658 0.4619900694463642 0
2793 11.8975937135868 0.9149860573022055 0
2794 11.99222453776749 0.8681282506128585 0
2795 11.97331948047912 0.7595864754623944 0
2796 10.29112130514613 1.492421649283859 0
2797 10.20119200562224 1.559087687830821 0
2798 7.225277390419983 1.784417264742111 0
2799 7.176276537428956 1.728952301218927 0
2800 7.266093235990365 1.688152479648587 0
2801 4.364626122504979 1.658798599203234 0
2802 4.453120223326943 1.605847968104719 0
2803 5.33015346310831 1.688899326465995 0
2804 5.419933496720057 1.729689754368322 0
2805 5.374786201917014 1.784443146199518 0
2806 1.776892238004702 1.12635150115136 0
2807 1.743868343508227 1.141041516024604 0
2808 7.613074351396469 1.482645645704305 0
2809 7.53934981533202 1.46237619804605 0
2810 3.098879755527639 0.1842029652582135 0
2811 3.194604740907344 0.138755239859642 0
2812 1.940662879000332 1.210852892647108 0
2813 1.915084982704732 1.228705155453861 0
2814 9.091952814760287 0.3790068338270428 0
2815 9.220676472225392 0.341583119209432 0
2816 7.94680334963973 1.289642932658792 0
2817 8.05259732667003 1.342047193743954 0
2818 7.964508410200164 1.404118284512097 0
2819 8.136529831549009 1.378748317825271 0
2820 8.118824770988574 1.264272965971966 0
2821 1.600589655834141 1.057642010687084 0
2822 1.635648777901002 1.058086246293062 0
2823 0.7353780044269014 1.31599944301477 0
2824 0.7972499723933246 1.25432644043465 0
2825 10.92226713005075 1.693692701900861 0
2826 11.55762024768387 1.729189675415753 0
2827 11.64225405553781 1.713650233052181 0
2828 3.200841608433992 1.710391268039273 0
2829 3.046910038143399 1.397306049926497 0
2830 3.084002002458483 1.301712256524395 0
2831 0.9932564291062576 1.144491882478084 0
2832 3.126322526677294 0.8949757448181486 0
2833 3.049999999998069 0.05380742913217711 0
2834 3.003638238904288 0.1384807728647024 0
2835 2.085722959597245 0.9183804758521454 0
2836 2.471032467461896 0.8108480716712404 0
2837 2.370355958009287 1.161276342923387 0
2838 2.415862287853653 1.19374136444824 0
2839 4.696185963364225 0.4266786406371987 0
2840 4.634391074441321 0.5155359701191697 0
2841 11.24805654363541 1.477086946020789 0
2842 11.31257193238569 1.560791371502984 0
2843 2.031042168019786 1.759598528729628 0
2844 1.956223994599216 1.778963550390032 0
2845 2.049311111261098 1.004966685955699 0
2846 2.032797174110162 1.015644605129581 0
2847 11.4703160404728 1.736862272475142 0
2848 11.36338145824204 1.730654170607142 0
2849 10.24217405740112 0.07784296937667655 0
2850 10.19143296265509 0.1806508130797598 0
2851 4.558510625325013 1.922345032527828 0
2852 4.609286429947641 1.819556944865149 0
2853 0.9542264143541015 1.03897623774082 0
2854 0.9239870032387918 1.080245301123771 0
2855 0.8857570154157375 1.041269063382951 0
2856 2.176959779283866 0.2646323910851687 0
2857 3.363148380847856 0.3364959749067161 0
2858 3.487325484181241 0.3780850213545899 0
2859 3.961772474330348 0.09308731761074389 0
2860 3.861772474330775 0.09308731761074389 0
2861 9.835770841898244 1.63811204744133 0
2862 1.845023966551572 1.180555398376524 0
2863 1.832018909085625 1.149775988079357 0
2864 0.4930314547712783 1.492043316960871 0
2865 0.441816262998708 1.425060887672834 0
2866 0.5394669790562724 1.419526035065608 0
2867 1.270164003373536 1.915726727080116 0
2868 1.370164003374298 1.915726727080116 0
2869 1.136198365740228 1.093790755432837 0
2870 1.134329553796508 1.142588825121008 0
2871 9.324754237113803 0.8123429197939815 0
2872 4.279049564361873 0.7911651232625501 0
2873 8.883163651112117 1.636727721621033 0
2874 8.794710732946083 1.660532328674595 0
2875 7.003360707815652 1.052972433050407 0
2876 11.5119203239372 0.8896517976758356 0
2877 10.30600439866818 0.8796913915996831 0
2878 4.506376771355184 1.107078319610469 0
2879 6.703811659755617 0.5788002571421352 0
2880 6.682762927896324 0.4863420670390765 0
2881 12.24830824867653 0.4997307270663102 0
2882 12.1531434773511 0.4593124122571722 0
2883 3.605814611981483 0.4174202337214771 0
2884 3.709315028562212 0.4748321389616809 0
2885 4.445508549899376 0.5554968435813634 0
2886 4.35090403392176 0.4842431815575877 0
2887 1.331122301733843 1.215040991028717 0
2888 0.6726969029024624 1.192066012716098 0
2889 4.02589314959929 1.725708637260638 0
2890 4.114256463041194 1.722329099813686 0
2891 7.022597712649314 1.171147199551993 0
2892 2.059278411475511 0.7254563683971966 0
2893 2.023651411517689 0.7439240175343727 0
2894 1.91423656458862 1.128819557060326 0
2895 1.907523722952246 1.108246774322899 0
2896 12.13814343289693 1.197524191465462 0
2897 12.13097436365248 1.296568879898488 0
2898 8.578486742675338 0.1283635875297057 0
2899 2.191745971256278 1.412464132063281 0
2900 2.156689810654884 1.373996415355054 0
2901 4.415760864701873 1.479482940338933 0
2902 4.341388795091366 1.45932788895724 0
2903 7.606400722459499 1.823354895254373 0
2904 7.653728893197286 1.925085326626817 0
2905 9.767988659880935 1.100420419374872 0
2906 9.830495844756914 1.203117495458057 0
2907 6.280749325322292 1.297091907597185 0
2908 6.176481858606557 1.306346931477465 0
2909 6.222786345432127 1.244772447933626 0
2910 1.666485401971197 1.410294239896562 0
2911 1.701366057965915 1.378458544433368 0
2912 2.552388512238536 1.030933703132426 0
2913 2.545313680538313 1.077175339079456 0
2914 2.138994358701547 1.003679030000515 0
2915 2.13952624443982 1.032661989195209 0
2916 1.405925336116069 1.407433646819465 0
2917 1.350663244245729 1.433607568206573 0
2918 10.77499305159591 0.7186996026469987 0
2919 10.84015270496355 0.6266079059957941 0
2920 1.85525662387551 1.035032449882543 0
2921 1.874651677073613 1.03273883970326 0
2922 3.992903376077435 1.037686686665592 0
2923 3.90956755430263 1.018339151128317 0
2924 3.992852375880442 0.9514764420262285 0
2925 11.73681297715485 0.5680737813262792 0
2926 3.914577964592028 1.632978690344975 0
2927 3.945705178538287 1.732272734207983 0
2928 6.279967186021514 1.180836140716832 0
2929 6.175699719305779 1.190091164597112 0
2930 0.9659573184641213 1.177158462229847 0
2931 0.9258750494566397 1.231857530729222 0
2932 1.262196033501821 1.181767060386044 0
2933 1.274780957424556 1.132472921933624 0
2934 7.533298560345145 0.5296891285107803 0
2935 10.38616457206505 0.5212173284163071 0
2936 10.4605366416746 0.5413723798020957 0
2937 5.048555486317574 0.521651495641139 0
2938 10.95595626262792 1.509702794731288 0
2939 11.04748947998897 1.445261144288019 0
2940 2.169948245687407 1.037711844034006 0
2941 2.173578374612505 1.004225660277514 0
2942 0.9521864948674788 1.687923707862858 0
2943 3.17392646290048 0.6103572913666007 0
2944 3.267341144476134 0.5396955833404371 0
2945 12.51237312017166 1.510489740281891 0
2946 12.05263099523673 0.4431545438173502 0
2947 11.935799209587 0.4708566751616817 0
2948 3.627010087955806 1.289643570005053 0
2949 3.648184017610292 1.401415783891761 0
2950 3.008449043966627 0.5542981365235592 0
2951 2.907072119101897 0.5522985930984385 0
2952 1.360687476013831 1.257025502808788 0
2953 1.309546290499699 1.254454895094657 0
2954 4.448658755298947 0.06924957628569843 0
2955 4.395454895120256 0.167965571629062 0
2956 4.400748000571156 0.2523006063960032 0
2957 4.502610616056443 0.222834187338338 0
2958 1.857957504448189 1.211465658704025 0
2959 12.48694779950014 0.9842852707318734 0
2960 12.47597836863801 0.8961910723017711 0
2961 12.46680331017472 0.8197577609863829 0
2962 12.39219801801513 0.8921372301482046 0
2963 11.80023989285923 1.583938715788694 0
2964 11.72442047250219 1.651989406500997 0
2965 11.6905806235622 1.566271782215839 0
2966 7.444023868440825 1.437931795790926 0
2967 7.468945103943709 1.532069800396065 0
2968 2.080141694299433 0.8866016438004373 0
2969 9.59045423516201 1.793683594780133 0
2970 1.534031142356124 1.475738527872225 0
2971 1.549627215695235 1.538039100542568 0
2972 1.549237684112947 1.93164497805335 0
2973 1.659684427721669 1.920519675816301 0
2974 4.862035013792941 0.2495470727184749 0
2975 4.939074224017232 0.2899641735421268 0
2976 11.48543714379222 0.2355908538467055 0
2977 11.59705565217483 0.1553952720628709 0
2978 11.57411212432851 0.2566437399645535 0
2979 3.014277005845132 1.256350164172897 0
2980 3.107198707194203 1.22905434851031 0
2981 3.002517994434056 0.2150688798585616 0
2982 3.625751090124996 0.7109974358189766 0
2983 3.642220664213715 0.8244691448800234 0
2984 4.348566860331886 0.8123206935536789 0
2985 4.34380611300046 0.7079123901852213 0
2986 2.014448703693208 1.042152423620843 0
2987 1.998724480395274 1.040312895491988 0
2988 1.815673744493091 1.064828892752119 0
2989 1.82600361157515 1.045775652213283 0
2990 7.650841600735915 0.3051671366088332 0
2991 7.726815640784105 0.2685266381725123 0
2992 2.233668068273771 1.845047199437134 0
2993 10.88698101832957 1.208200093811929 0
2994 10.80686882675013 1.276785230339262 0
2995 10.94248725487559 1.294575269930987 0
2996 10.95847580678059 1.184743128182237 0
2997 1.451291301742889 1.652665278992358 0
2998 1.534213482698888 1.660497050206303 0
2999 2.009659519420585 0.994381031714344 0
3000 8.588857620076592 1.844310483159369 0
3001 2.216890584070555 0.7916748911608589 0
3002 2.182219743196908 0.81585441943295 0
3003 1.96684859035881 1.18593784348134 0
3004 1.970762343527798 1.209476041601394 0
3005 1.979628431545832 1.560706503794744 0
3006 2.655348659473125 1.228792332925158 0
3007 2.716405765430322 1.211877878473627 0
3008 12.0166758219075 0.6098609850402773 0
3009 12.08518892799688 0.5432716675290525 0
3010 12.11718830402187 0.6260188534800995 0
3011 3.270319728892504 1.263485949672243 0
3012 3.850062995538401 1.902623116381282 0
3013 5.286126368549371 1.075117135612339 0
3014 5.207158901561653 0.9977124614827526 0
3015 1.141753907139629 1.185739662084172 0
3016 1.147281271554787 1.244260594788799 0
3017 5.299273288216787 0.1879905767451768 0
3018 5.391516014254838 0.1476756104465272 0
3019 7.414081662002882 1.258785387887819 0
3020 7.371479439108107 1.200237930065849 0
3021 7.449196436161909 1.156571386318161 0
3022 10.0225321332029 0.4467325213006925 0
3023 10.10022402375104 0.5227925518094492 0
3024 4.777523557130992 1.553296035579326 0
3025 4.69983166658313 1.477236005068473 0
3026 10.71352131238167 0.07791248967048045 0
3027 2.091608625822471 1.115187114434825 0
3028 2.064302875850321 1.116788925455224 0
3029 12.53226405392643 0.7562600132654799 0
3030 5.998011520145826 1.026891698396048 0
3031 6.016318255411309 1.121731052249897 0
3032 5.918818083828466 1.100363452794041 0
3033 6.027821848905171 1.224615139230898 0
3034 6.107015285222531 1.151143384832905 0
3035 9.803257010456385 1.03459546170352 0
3036 9.754804299278856 0.9700326913656534 0
3037 9.86029475749986 0.9338250502724229 0
3038 1.273141292379306 1.836952852461728 0
3039 1.944695198294594 1.030856031221899 0
3040 1.95626289318465 1.01979177426125 0
3041 1.956612580980774 1.031720890224789 0
3042 7.219767461081163 1.854799855997234 0
3043 5.380426904628438 1.854915411046917 0
3044 0.4056315266499 1.659740414727415 0
3045 0.4724092848243033 1.726511029700346 0
3046 0.3797300914177914 1.751546695433863 0
3047 7.296389675223493 1.232705315238023 0
3048 7.331504449382519 1.130491313668365 0
3049 9.405665517290313 0.1408586636421143 0
3050 5.030593181844402 0.328161172350903 0
3051 3.617758248646339 1.169381955304386 0
3052 8.156575626361583 1.448845999621492 0
3053 8.2454997161128 1.522295953079863 0
3054 1.983699656766776 1.469494836624812 0
3055 1.283180133559016 1.087307651012048 0
3056 1.334815567007433 1.092359463786193 0
3057 9.041370075934832 1.076824226517752 0
3058 2.13787874224675 0.8340246403460947 0
3059 2.16279281645423 0.8404216398819919 0
3060 4.487413502237264 0.9383856647812972 0
3061 4.50471843488809 0.8364552985116366 0
3062 11.10805360357993 1.173086878792443 0
3063 11.07191876885506 1.068464910109354 0
3064 2.237300280252202 0.4717876842113324 0
3065 1.203613177096711 1.767081455691884 0
3066 7.563247281632811 0.3320018055211798 0
3067 4.256269283844609 1.427230184092146 0
3068 4.290849512721989 1.518035612141043 0
3069 11.52745699599409 1.641995069987532 0
3070 1.990821216983536 1.369510466794442 0
3071 2.031716393197069 1.347307490198041 0
3072 7.719089192419085 1.755834394430271 0
3073 7.618032128516737 1.729018636431009 0
3074 4.946297400675492 1.536992271715883 0
3075 9.839879498301823 0.447755089575762 0
3076 2.155393725828877 0.9323129617178103 0
3077 2.177199864007203 0.90508641428135 0
3078 5.141250413422477 0.5576737032935887 0
3079 5.127154870361833 0.4579457712771057 0
3080 9.612622540874622 1.929343839908274 0
3081 8.429067402333164 0.4591095089134821 0
3082 11.14843530692054 1.929781301019447 0
3083 11.19174037076562 1.835601638103129 0
3084 11.19598584495301 1.751641257869291 0
3085 4.591204531253554 0.1631968513181875 0
3086 4.548658755298519 0.06924957628569843 0
3087 4.596497636704454 0.2475318860851286 0
3088 7.467647109405576 0.4601696662931679 0
3089 7.444073843495614 0.5630441392565369 0
3090 7.206224697286586 0.1468553441012418 0
3091 7.299349027205182 0.1877929659472291 0
3092 10.0432174388402 1.373309223891291 0
3093 10.04159373870883 1.264579000979817 0
3094 3.968203649250092 0.2866618031587921 0
3095 3.926779400195275 0.3821159469177434 0
3096 2.076012944692988 0.7864352887726002 0
3097 2.048322979760626 0.7875700883638487 0
3098 2.074992787967741 0.7595029391580858 0
3099 7.412425237388248 0.07646013815887162 0
3100 4.051459034251352 0.324809812609531 0
3101 4.006800333667898 0.2243226446722267 0
3102 7.261102305831171 0.6125859666962288 0
3103 7.23813413390538 0.7064732692861678 0
3104 7.357929155614714 0.5955422492088475 0
3105 6.051868697604192 1.910470360582911 0
3106 6.548132516021497 1.91046961861132 0
3107 8.509552552029714 0.6054903241340036 0
3108 8.478128930126555 0.5226391104449533 0
3109 8.408156163907627 0.5896279834415552 0
3110 9.913703058514832 0.2363934102776625 0
3111 10.00253413601543 0.1741372397569457 0
3112 9.953275230761081 0.0713293960538624 0
3113 4.887582899594696 1.761287569622743 0
3114 4.798793347627425 1.823562160926961 0
3115 4.848017543005558 1.92635024858964 0
3116 10.6181648963216 1.667568338688953 0
3117 4.048237610096722 1.298643884847054 0
3118 4.080248061939161 1.39730469308432 0
3119 5.831664558891772 1.08336195878964 0
3120 2.585661942702893 0.7035065938788325 0
3121 2.538616514075011 0.6383817389631845 0
3122 4.177105884635246 1.394472744909296 0
3123 6.548219379716581 0.08852717900175933 0
3124 6.053963010625052 0.0891107871370843 0
3125 10.54835650968519 0.577164162334713 0
3126 10.51570171755606 0.4870590030499035 0
3127 7.75372889319668 1.925085326626817 0
3128 7.804341230536691 1.821493323329894 0
3129 5.32368126366661 0.5950627584310657 0
3130 5.234028989291006 0.5799220743126869 0
3131 2.829883824739567 1.708547142291622 0
3132 2.902436289810927 1.753907520077638 0
3133 7.998451341854677 1.822848229225431 0
3134 8.04783900451406 1.926440232522355 0
3135 8.086935550644171 1.762448654945724 0
3136 2.103756792376789 0.7875178516154378 0
3137 2.369227399661281 1.578046717129819 0
3138 9.520727135707187 1.804993928234344 0
3139 9.405727935214141 1.85163819688897 0
3140 2.802610415764053 1.448341008487986 0
3141 2.766053296169204 1.365087502495683 0
3142 2.854399690193299 1.403705986838058 0
3143 1.973801152814457 1.01032831663207 0
3144 1.962559398927207 1.01032831663207 0
3145 2.422672009740655 0.5660983236429205 0
3146 5.185848224778241 0.07743074416345619 0
3147 4.836323999986966 0.07678228971492317 0
3148 4.778869775942429 0.1707295647474122 0
3149 9.844114431633486 1.930721128837328 0
3150 9.905439204059228 1.169709976799003 0
3151 9.873479118101937 1.064212778281641 0
3152 1.265981723728825 1.356919157564684 0
3153 1.286213210395897 1.298090656945295 0
3154 1.676941787801384 1.059672490785452 0
3155 1.702576762752145 1.063339585752962 0
3156 1.682048814907849 1.080182698261752 0
3157 8.000640409461841 0.1763955134410677 0
3158 8.088883080897048 0.2377788156249955 0
3159 8.047554967400883 0.07179275349413515 0
3160 3.823582523090084 1.071529202174101 0
3161 3.728769104495041 1.131695470135643 0
3162 1.993329534882659 1.217227564610442 0
3163 2.020980059146847 1.21321172136745 0
3164 2.017361539143229 1.245878293542266 0
3165 7.54228616675546 1.166710592524448 0
3166 7.647375317760844 1.1679352655521 0
3167 2.010103128734975 0.9438371733523232 0
3168 2.023151061384297 0.9488172261985155 0
3169 12.03690049503204 1.928762373548106 0
3170 2.055653676915746 1.137526638909636 0
3171 12.24326129568842 0.8288528938188275 0
3172 12.17604808968633 0.9068514598577473 0
3173 11.53946532637218 1.06939719779769 0
3174 11.51367032834762 1.168973244659329 0
3175 2.904461435853931 1.324730276516368 0
3176 2.94101855544878 1.407983782508671 0
3177 10.71424327829042 0.1499242475713358 0
3178 1.690461309207211 1.021414689138331 0
3179 2.447226130830185 1.107539527162995 0
3180 2.392451828243058 1.08954944432203 0
3181 11.55400018981319 0.4574990868007003 0
3182 7.534807354696028 1.67652666995315 0
3183 7.647495824655614 1.609006169129048 0
3184 2.141232310165284 0.9478568668830756 0
3185 2.138674503445045 0.9762847475976806 0
3186 5.452257768728482 0.3671133034112243 0
3187 9.345785098330437 1.631105996153634 0
3188 10.34376972072387 1.590954692825735 0
3189 10.36631462918132 1.488872269907441 0
3190 11.33044688583967 1.407601141792378 0
3191 8.143237687074578 1.087964146144032 0
3192 8.115745373924167 1.1927643849919 0
3193 3.11799997233895 1.716014468879268 0
3194 3.16442904827503 1.614116213931077 0
3195 7.81387085060491 0.1865567392580858 0
3196 7.760785408543573 0.08195397931115317 0
3197 9.853275230760701 0.0713293960538624 0
3198 9.809964651615729 0.1601045183962911 0
3199 0.23143355968832 1.071475697074398 0
3200 4.948017543006279 1.92635024858964 0
3201 4.997764096638987 1.825952258167416 0
3202 4.321255452039553 0.2959916699273257 0
3203 2.053036891753219 0.2203631704230818 0
3204 2.179732189380465 1.107025815816009 0
3205 2.168037978650538 1.073530779783073 0
3206 1.766609032936579 1.097896967673693 0
3207 1.402229702218908 1.251183521406849 0
3208 1.380653690984764 1.290597425472789 0
3209 8.147839004513454 1.926440232522355 0
3210 8.197325143462741 1.826224976007683 0
3211 11.30000000001018 1.209382217644578 0
3212 11.37255563521934 1.264169128547577 0
3213 2.03578703237406 1.027817735659041 0
3214 2.055097698144411 1.035968028957092 0
3215 9.667209948696694 0.9932018708132442 0
3216 9.724247695740168 0.8924314593821467 0
3217 1.819792152579953 1.011540333041811 0
3218 1.817731272212799 1.033682804579033 0
3219 2.067490686094387 1.000556653309375 0
3220 2.066141270513187 1.01547719049876 0
3221 7.133345991200162 0.3589123926473664 0
3222 9.474040751410939 0.5970062846122427 0
3223 9.436887394819326 0.6905144700124002 0
3224 9.576060346955877 0.5862203684107545 0
3225 9.514421215800784 0.5174299973342047 0
3226 4.222663152845597 1.258120404208027 0
3227 4.175994157223555 1.20190635618755 0
3228 4.25017554227389 1.157019177852934 0
3229 5.338719024070274 1.402524951606172 0
3230 5.245711319985494 1.421416290830276 0
3231 5.725875887871318 1.328251598358048 0
3232 5.706343375978239 1.221822205932657 0
3233 7.260280954910556 1.387782164694547 0
3234 7.354991911000797 1.405038664888225 0
3235 7.235439034927387 1.296538980302168 0
3236 3.673346922466985 0.8881432445688609 0
3237 3.749655971398626 0.9609086692387929 0
3238 0.5444964454426273 1.560606606673771 0
3239 0.446845729385063 1.566141459280997 0
3240 5.527314407313892 1.015416870484121 0
3241 5.446513857929043 0.9760581797500305 0
3242 5.375290243222193 0.9391867599806972 0
3243 5.375267791864721 1.032370676289253 0
3244 4.049999999993844 0.05618697945870906 0
3245 4.011772474330134 0.1492742970694529 0
3246 4.105101501523826 1.231784077796114 0
3247 4.13261389095212 1.130682851441022 0
3248 1.699546902352893 1.347395165114163 0
3249 1.743444599015396 1.372851917134865 0
3250 12.8971337759784 1.79284088138675 0
3251 12.82098562313203 1.713978331336685 0
3252 12.92385184715363 1.721137449949409 0
3253 12.9238518471541 0.2788625500494742 0
3254 12.81837158680449 0.2843428103993053 0
3255 12.8945197396504 0.2054802603494604 0
3256 2.801082706846655 0.946028469510982 0
3257 2.873641838363274 0.9789318916575005 0
3258 2.81406408860015 1.045930872079325 0
3259 2.035515750848106 0.9481663924621806 0
3260 2.051115466994733 0.9460752043720664 0
3261 2.041695581445272 0.9606352866329038 0
3262 4.768256789752078 0.2667120580360408 0
3263 7.115931130961087 1.198480741722729 0
3264 8.638307945571452 1.034314575562816 0
3265 8.723454621003953 0.9859399974310696 0
3266 8.567805631701503 0.9789926990539497 0
3267 8.901907676167145 0.7759414269236119 0
3268 8.906036803945284 0.6692045900387484 0
3269 2.410183390485132 1.428047915501728 0
3270 2.384181053137007 1.507179616177924 0
3271 2.65960258010923 0.7006255773969623 0
3272 0.9228545246914559 1.276693635665393 0
3273 1.980770137773824 1.171442406601913 0
3274 1.975902175378891 1.143243921642856 0
3275 0.9447357855952645 1.911551790001927 0
3276 0.9858450501728853 1.83487423413799 0
3277 1.96714382352418 1.242142613776211 0
3278 2.067326979498059 0.07003365848650855 0
3279 2.067326979498059 0.1602127316321859 0
3280 1.75968442772243 1.920519675816301 0
3281 1.847537481956205 1.941175588197372 0
3282 10.57626265709985 0.6705948368878492 0
3283 0.5530011986020258 1.700266435332294 0
3284 7.140877247487515 1.638417880786071 0
3285 2.956036659322745 0.8708121543319514 0
3286 2.919647511840797 0.8103822488829526 0
3287 4.247973579385411 0.2785783687632966 0
3288 4.146205298902505 0.3110977004814157 0
3289 5.455344216229038 1.639162370197228 0
3290 1.938359267747667 1.00946345762918 0
3291 1.931023545844188 1.022312063829454 0
3292 2.606976039411998 1.470295810137612 0
3293 2.613278322829955 1.560473447186895 0
3294 8.709098839809197 1.71143523378883 0
3295 8.652326957985846 1.626225341364352 0
3296 1.74606143595625 1.086799643935344 0
3297 1.763197553607763 1.070346885979471 0
3298 0.9651572915350196 1.110619055233402 0
3299 9.817117248597006 0.2538391365662288 0
3300 4.989311910259094 1.734539330610879 0
3301 0.6740229935708175 1.311796777466622 0
3302 0.6754512910526451 1.251766443337237 0
3303 0.2315514199033879 1.670466330661491 0
3304 0.1711288314997901 1.574358039090965 0
3305 4.470796622049237 1.529188932049007 0
3306 2.305740713272025 0.4597397281642936 0
3307 7.878607177740606 1.463105017137222 0
3308 11.5668034522848 0.3804359326080169 0
3309 1.968769991183889 1.032985426450346 0
3310 1.957202296293832 1.044049683410995 0
3311 12.77560959028935 1.303430259186252 0
3312 12.82932809591182 1.391432536456318 0
3313 12.92911648623701 1.350667258342012 0
3314 12.92764706329178 0.6496156667259923 0
3315 12.82881009253328 0.6053085672579064 0
3316 5.045973907671804 1.080993116769795 0
3317 9.4057067835881 0.9547267776268162 0
3318 11.78043354945198 0.7232012521457936 0
3319 11.87533424781219 0.7440545952900217 0
3320 11.80306306466554 0.8057114367892369 0
3321 1.855671309062341 1.139711190815757 0
3322 1.87131495901178 1.121303611336997 0
3323 1.875369907396351 1.1427911200068 0
3324 1.574141153385502 1.404028224549775 0
3325 1.619330133961988 1.398863625131908 0
3326 12.82406345682844 1.561902728063187 0
3327 12.73883468757199 1.65553760103682 0
3328 12.76127379964736 0.3447040560009576 0
3329 12.8250148763956 0.4345554505808402 0
3330 2.496386882530407 1.124670557867489 0
3331 2.561291488731387 1.120127995172964 0
3332 5.952009196895613 1.276226871699321 0
3333 5.884388183851998 1.365654770120311 0
3334 2.196053748233811 0.6840680759473707 0
3335 2.229831806229422 0.7048256637867296 0
3336 2.208182371336412 0.9362700046439394 0
3337 2.213277120783673 0.965310422368443 0
3338 2.187419935019596 0.9612874727094141 0
3339 9.262832493816161 1.910984023526484 0
3340 9.362832493815555 1.910984023526484 0
3341 1.596967840551508 1.019828444645941 0
3342 1.582078311384283 1.039530527044857 0
3343 1.564162436090875 1.019702082398916 0
3344 8.18858268510909 1.735793165908698 0
3345 2.023651411517689 0.775081860781799 0
3346 9.355665517290134 0.08630921390298695 0
3347 9.255665517289755 0.08630921390298695 0
3348 6.632479876588205 1.922964215726174 0
3349 5.96752429642995 1.922966825020879 0
3350 2.143651848309888 1.112735114924863 0
3351 2.172562507005937 1.129999629121629 0
3352 7.067730345947467 1.912608543156225 0
3353 7.167730345946861 1.912608543156225 0
3354 5.432283117783653 1.912616787050923 0
3355 5.53228311778373 1.912616787050923 0
3356 7.278207342766228 1.081479349421629 0
3357 7.176881771257194 1.134647076658584 0
3358 10.3311288147173 0.4715113367099159 0
3359 5.96591114821604 0.07770772737275902 0
3360 2.954045358921078 1.694035240126468 0
3361 1.11319955133941 1.034392224657653 0
3362 1.062537797482392 1.034392224657653 0
3363 1.533899678043155 1.06882588989762 0
3364 1.567784251373509 1.057515648440059 0
3365 1.552411022493013 1.086937373539846 0
3366 8.728486742675912 0.07326718971646742 0
3367 8.628486742675531 0.07326718971646742 0
3368 6.636025018300552 0.07637447697182842 0
3369 12.13776821522057 1.738226107046781 0
3370 12.14024406702623 1.833289650580348 0
3371 7.361089818175612 1.693762866325123 0
3372 7.456214602963494 1.720223713366793 0
3373 8.639845423461351 1.901680196537829 0
3374 8.739845423460745 1.901680196537829 0
3375 5.532218681446272 0.08833730531190932 0
3376 5.432218681446699 0.08833730531190932 0
3377 7.166164914968272 0.08746381573452287 0
3378 7.066164914968699 0.08746381573452287 0
3379 1.871554725794928 1.262799616090528 0
3380 1.906291281784986 1.250887018737652 0
3381 10.53619077423477 1.703306383806696 0
3382 10.49580001720402 1.598251829240056 0
3383 10.45935380178981 1.692459868015958 0
3384 8.180461667543312 0.8493356240590597 0
3385 8.167549551339279 0.9660161089591035 0
3386 8.270662950332781 0.8505728482907511 0
3387 1.939257319479769 1.079649479258628 0
3388 2.02734987848209 1.185170336617435 0
3389 12.64643924557781 1.240584123995542 0
3390 12.7401841519559 1.213905530289785 0
3391 4.068954716453819 1.065692275306545 0
3392 3.985669894876008 1.132554984408633 0
3393 1.181448046044882 1.161947898513531 0
3394 2.835475050679242 0.521253708812026 0
3395 2.773702960252741 0.5575887467737855 0
3396 9.964547798041542 1.856274936543432 0
3397 7.825172135150373 1.543452266524286 0
3398 2.605084344649895 1.018802969723738 0
3399 6.363000637017503 0.5417917217498539 0
3400 9.825875357375438 0.3726670322311927 0
3401 2.791717713731755 0.8142934982221708 0
3402 2.786630248618732 0.8854934555290059 0
3403 4.960294725948037 1.612081664315387 0
3404 5.070475922992328 1.676746352860059 0
3405 8.190916248942754 0.160167698887018 0
3406 8.147554967401264 0.07179275349413515 0
3407 0.07766991942283417 1.237599383978325 0
3408 2.120363871251278 0.200217755763913 0
3409 2.191249867028706 0.2044819522942728 0
3410 3.250315993073752 1.015819946606724 0
3411 10.91285845293546 0.6473674176384898 0
3412 11.0079968037741 0.587396682099032 0
3413 5.759360388477861 1.081259045829 0
3414 5.828207178149071 1.003421185979552 0
3415 1.454066784721555 1.257618645203205 0
3416 0.7340519137585464 1.196268678264246 0
3417 8.273561422330278 1.701495969742329 0
3418 1.656785175114911 1.0541579887334 0
3419 1.677313122959206 1.03731487622461 0
3420 9.772605364092639 1.548622383284508 0
3421 9.876584576104513 1.567052184191095 0
3422 4.243658429172575 0.9981892782317327 0
3423 4.139847372153549 1.035814553697981 0
3424 11.00168377068479 1.049253116170867 0
3425 9.957832547382413 1.541692255907939 0
3426 10.05486132770525 1.475256983463725 0
3427 2.35216195541888 1.932287793035812 0
3428 12.92385184715363 1.621137449949146 0
3429 12.9238518471541 0.3788625500492174 0
3430 11.59426825111881 1.556171576728651 0
3431 11.67008767147585 1.488120886016348 0
3432 2.297248438057545 0.3279589972652418 0
3433 2.296795673450914 0.3996870232226651 0
3434 1.883866044522028 1.103096796070632 0
3435 1.864167446188018 1.10001686687959 0
3436 11.77138574913302 0.6455239460811323 0
3437 2.031838747938422 0.6332919029552147 0
3438 2.411556753890403 0.8729554374804132 0
3439 2.439604306378054 0.9100733178730582 0
3440 2.37824828547296 0.9120833666371275 0
3441 7.8632244333833 0.5041881711685332 0
3442 3.344604740906719 0.08494781072746491 0
3443 3.244604740907147 0.08494781072746491 0
3444 10.77096027363305 1.432363803452214 0
3445 2.067465747896243 0.6520197584193226 0
3446 8.184689395019046 0.2543610075237432 0
3447 2.311077330559626 0.8452279821438169 0
3448 1.23972431462849 1.404207342663721 0
3449 1.207057546911772 1.347030092114899 0
3450 6.043902343926822 0.4350944185517588 0
3451 5.958566414785945 0.4509010912360316 0
3452 3.108475859027639 0.9621686233911238 0
3453 3.172410688885512 1.009679121821381 0
3454 3.079654356594275 1.044491075150953 0
3455 9.02942871472203 0.9969855735657208 0
3456 8.959262334988189 0.9129192728306542 0
3457 2.240600878844435 0.9647637920914445 0
3458 2.306727107907487 0.7844515390444176 0
3459 2.345850510333169 0.814189043145083 0
3460 2.152722907896624 1.236081912240655 0
3461 2.134120945720577 1.272734178839645 0
3462 3.718659904136347 0.6654778025004857 0
3463 1.838964128425657 1.101798262287874 0
3464 1.827963960701054 1.128288479409554 0
3465 3.0905314485165 1.137846914870011 0
3466 12.19392054383198 1.362938711313972 0
3467 12.13007465386848 0.07313473603759899 0
3468 12.0300746538681 0.07313473603759899 0
3469 2.464603024975824 0.4523954985140021 0
3470 2.420099541159088 0.5090662197624296 0
3471 2.409044664512754 0.4504560955497846 0
3472 5.146825987332667 1.71933883754781 0
3473 5.239582517833608 1.69156318711863 0
3474 11.02997666118656 0.5074876233477564 0
3475 10.95704454048751 0.4871387059204996 0
3476 1.794390371700365 1.062864576396132 0
3477 1.778109414352108 1.05699188875073 0
3478 11.27543011040173 1.721510566795521 0
3479 11.35220144094269 1.640524063235301 0
3480 4.756569730923884 0.3524367901293187 0
3481 4.673404493073372 0.2736192821582559 0
3482 8.367057087610887 0.8324325436069417 0
3483 1.853853664283366 1.011399269206482 0
3484 1.846984284513159 1.022939602248293 0
3485 1.837296331383166 1.011540333041811 0
3486 8.345634838978723 1.720673932501331 0
3487 8.437843410223687 1.692776476578485 0
3488 8.914419656920362 1.320842062641287 0
3489 11.55419033581661 0.06717119297251147 0
3490 2.400099624691642 0.3904033906081561 0
3491 2.355596140874907 0.4470741118565835 0
3492 2.465023039553875 1.210872395152734 0
3493 2.463203939023258 1.150492183256502 0
3494 10.90169270672808 0.3889325311872763 0
3495 10.8777107978982 0.301323681949614 0
3496 10.95504248907009 0.3196207979315616 0
3497 10.83885354389813 0.2455007061304044 0
3498 2.532788143878941 1.229758652327699 0
3499 2.485446492709336 1.273007833519437 0
3500 1.949762818245778 1.054987048792468 0
3501 1.937076890802617 1.060886219619353 0
3502 1.932358958647558 1.048684318012323 0
3503 10.38842089328979 1.419854686133858 0
3504 10.44106930886753 1.518387729675735 0
3505 2.136638847538098 1.30947387516108 0
3506 2.394128865568397 1.314899030747615 0
3507 1.415684296188032 1.32325200470507 0
3508 1.48835358133911 1.556808880552976 0
3509 1.424215138209132 1.576263223109383 0
3510 1.422731934961706 1.526205940449707 0
3511 1.497321384170871 1.124300963850094 0
3512 1.468755127911715 1.110493694254383 0
3513 1.489960192903503 1.084440345401696 0
3514 11.36988970167149 0.4682967956591644 0
3515 11.0593255332704 0.4293774809630465 0
3516 6.019874158855577 0.1668185145098433 0
3517 2.670727679822015 0.9890003064976759 0
3518 5.7928037192951 0.7380464315088051 0
3519 5.706464335661538 0.6897670851383017 0
3520 1.137425943405834 1.059223695305656 0
3521 1.175251270367367 1.084230001423186 0
3522 10.16528805447303 0.4524581761835959 0
3523 4.634767635861 1.547570380691665 0
3524 10.49675783117222 1.371224376686 0
3525 7.658057699412151 1.534461362426126 0
3526 1.95102589624641 1.145789697180407 0
3527 0.07507525328169386 1.628078290431025 0
3528 6.584244398034183 0.1649016559735878 0
3529 6.580612392570919 1.833433834337493 0
3530 6.019392993995137 1.83343718560379 0
3531 4.330568813435615 1.133381886864805 0
3532 4.419494428210653 1.136604336090803 0
3533 6.153851636522333 1.733118876296205 0
3534 6.099202263321657 1.651366721915957 0
3535 6.049088021968703 1.739188566785574 0
3536 6.550913191647461 1.739187824819928 0
3537 6.444951731937231 1.736649249127996 0
3538 6.499599891580479 1.654897836725284 0
3539 11.75191332483484 1.731317166625036 0
3540 1.83869929097531 1.035173513717872 0
3541 12.31881716887135 1.020482881388366 0
3542 12.41448449878659 1.070007762711293 0
3543 6.153933534605873 1.554870423238472 0
3544 6.199585916882931 1.479924717025529 0
3545 6.049169920052242 1.560940113727841 0
3546 1.551110418942661 1.588096383202244 0
3547 2.247403350173811 0.7850244638425816 0
3548 0.07507525328169386 1.728078290431026 0
3549 4.451175432119831 1.024004531375865 0
3550 2.727052498855609 0.952492435950831 0
3551 11.44969035347429 0.4139024759410714 0
3552 2.329960754602743 1.064192534232787 0
3553 2.292171300918104 1.048005877066461 0
3554 2.333071015478442 1.029551078925727 0
3555 1.728578352571838 1.099099759429415 0
3556 1.725166873243022 1.071549677735192 0
3557 3.778155904270848 0.7546850001370333 0
3558 2.656275221594092 0.9284652925157 0
3559 9.462131507395657 1.425094894187615 0
3560 9.144989390682994 0.07755083066146488 0
3561 2.438796824512914 0.7816346560171494 0
3562 2.374970888289281 0.7829655787269226 0
3563 2.253151345168988 0.7323838258616628 0
3564 2.27770192312912 0.7628498400622327 0
3565 10.54097303838773 1.458192391231035 0
3566 8.838002093393079 1.920411792920228 0
3567 0.610420633255053 1.306612592027602 0
3568 0.6703473466293094 1.370845591705134 0
3569 11.4366042903591 0.1463897895799538 0
3570 0.7687577449506713 1.925663350973633 0
3571 9.156990331350773 1.905351460880349 0
3572 0.06182069582223083 1.061815016210545 0
3573 0.06182069582223083 1.161815016210545 0
3574 8.838146702155971 0.09696711830051494 0
3575 12.57845907846223 0.3630913630387523 0
3576 12.51469447196819 0.2907073286654663 0
3577 12.4311953315 0.3337312788175135 0
3578 6.460428697447119 0.2740671922358059 0
3579 6.557392938503813 0.2564864877832737 0
3580 6.155642122676833 0.263510711182791 0
3581 6.042836758879279 0.263855404774007 0
3582 6.090552860291522 0.3491445416826294 0
3583 6.205028595671963 0.5065872381073016 0
3584 6.156707707724376 0.4347497249605429 0
3585 2.068921894676113 0.9809144259471838 0
3586 2.085752053928202 0.9914249304902447 0
3587 2.013782964583912 1.407363782042519 0
3588 1.950642016241027 1.00946345762918 0
3589 4.547947821407433 1.58490358314759 0
3590 0.1559903447793593 1.061815016210545 0
3591 1.977622418831968 1.054338854307266 0
3592 1.98076181448465 1.03869170577592 0
3593 1.98902452681967 1.047716340446634 0
3594 3.7544068808973 0.09016439004287571 0
3595 12.36625044333276 1.7948118016643 0
3596 7.650701258792463 0.944998250685178 0
3597 7.651239295927132 0.8331553302136954 0
3598 2.167326979498035 0.07003365848650855 0
3599 2.15432220950165 0.9907291477182751 0
3600 3.441375081937907 0.07756305588253415 0
3601 0.2149338301540257 1.209075081052723 0
3602 10.25235842627706 0.4152466668215592 0
3603 6.785099154656664 1.27888877906746 0
3604 0.8447357855945037 1.911551790001927 0
3605 5.857021104769642 0.6862532232340608 0
3606 12.20330656731233 0.6565620625916437 0
3607 12.28451737172333 0.5880481013167904 0
3608 1.174529452184913 1.454399192660454 0
3609 1.715338136754585 1.14701900156218 0
3610 1.720942708531424 1.120327211167143 0
3611 3.221494490640388 1.098142398366553 0
3612 0.1691198215448497 1.734033722167915 0
3613 12.21610512633725 0.07784276040807861 0
3614 2.379321110941421 0.8437420218263221 0
3615 2.440677131846514 0.8417319730622528 0
3616 12.29927890356504 1.765949912580494 0
3617 12.24057812273153 1.707479955291481 0
3618 12.33316988230213 1.66437531380749 0
3619 12.17165919395766 1.636651508273777 0
3620 12.51374410207284 1.173543615131589 0
3621 12.5000592218083 1.085722491979574 0
3622 12.82280753414056 1.211809787789138 0
3623 12.92911648623701 1.250667258341749 0
3624 1.009579479181622 1.03897623774082 0
3625 7.197272582618639 0.7758665829444704 0
3626 7.180242669201892 0.8749497750583266 0
3627 1.903858946326955 1.022058882020026 0
3628 1.897774524458481 1.009210275819752 0
3629 9.413098010456572 0.7744522350936601 0
3630 9.399757340497756 0.8715628705516336 0
3631 11.17772814775755 0.3598657369256115 0
3632 2.938189991673091 0.9380050329049265 0
3633 3.033566194386057 0.9297876981477211 0
3634 2.103063684807156 1.315033849511423 0
3635 2.06501829533171 1.32890765168139 0
3636 2.058505392548995 1.297561488107804 0
3637 2.155771619464626 1.457448529510022 0
3638 6.54096541901264 1.579377810877891 0
3639 6.558003544789697 1.482377833968982 0
3640 6.622599477067767 1.560436435508307 0
3641 1.217616497877305 1.08976512858236 0
3642 1.252810126918389 1.105898466535928 0
3643 1.209217321742845 1.134930399503935 0
3644 3.82353152289309 0.9853189575347376 0
3645 10.86235893510314 0.5462882530290796 0
3646 10.8843387925156 0.4663791942778039 0
3647 11.37731801003715 1.340933119631366 0
3648 6.708310962931378 1.515122596064876 0
3649 6.718877404929608 1.418747531045171 0
3650 6.976482703480578 1.919086103788192 0
3651 5.623525615646399 1.919089168161722 0
3652 5.623145496534165 0.07840361718229962 0
3653 6.982445716135866 0.07769731326920157 0
3654 2.173258519356003 0.9768313778746792 0
3655 2.168163769908742 0.9477909601501755 0
3656 8.900571197983545 1.408983778496145 0
3657 8.811635064513514 1.351091521918299 0
3658 6.435003959302409 1.576839235185959 0
3659 2.327002097704334 0.06539048668820525 0
3660 2.227002097704486 0.06539048668820525 0
3661 1.152252455966549 1.024831470648003 0
3662 12.48133716584196 1.235803784028525 0
3663 12.45764012715886 1.348343308694104 0
3664 1.389847907173624 1.094861669875892 0
3665 1.390566796031313 1.05910039809647 0
3666 1.415934533255252 1.08312524680972 0
3667 5.866972100879034 0.5005110487372655 0
3668 1.439023679378644 1.058998525418141 0
3669 1.438304790520955 1.094759797197564 0
3670 1.624223046496077 1.019828444645941 0
3671 9.449999999986506 0.05454944973912736 0
3672 0.3802797249160737 1.847542986628139 0
3673 0.3135019667416704 1.780772371655208 0
3674 7.252037115169451 1.942191312841009 0
3675 5.348143786883329 1.942298623995994 0
3676 2.733741246108831 0.2200472614739172 0
3677 2.823782771444292 0.1513881506789011 0
3678 8.549999999983097 0.05509639781323825 0
3679 5.616538848559443 0.6435173278169084 0
3680 8.549012196641904 1.94263028662154 0
3681 5.180599039282389 0.9226904124109618 0
3682 5.277484314878608 0.9204772074481286 0
3683 5.174821310493442 0.8212230320088048 0
3684 5.104495897176487 0.8984582860434288 0
3685 11.64697855618976 1.424169889271488 0
3686 11.74329092863315 1.434270094758676 0
3687 11.58358752910612 1.382895327811935 0
3688 2.787088388814696 0.7473491498223158 0
3689 2.856031131692721 0.8120851406893019 0
3690 3.42989821561773 1.826677545527632 0
3691 3.453298308761407 1.930320934558954 0
3692 3.047445333029376 1.676421879164276 0
3693 1.869874318340512 1.011399269206482 0
3694 1.218844075542911 1.055198068455179 0
3695 9.623878323369013 1.423206095681023 0
3696 9.736870329451534 1.399617451199848 0
3697 9.700427092216387 1.501151164515448 0
3698 8.802100986667508 0.6402942739984817 0
3699 1.77919295918011 1.250628075947292 0
3700 1.75219144004187 1.259320453119433 0
3701 1.749227707589973 1.221495255324039 0
3702 1.510057697814054 1.020828485560123 0
3703 1.477521070456787 1.020828485560123 0
3704 5.049400907927684 0.8479439617695628 0
3705 4.946989799149497 0.8451317834459009 0
3706 4.865133387942258 1.594785249466703 0
3707 9.934859796422494 0.4052160857921696 0
3708 5.635916640907176 1.371924901957756 0
3709 2.915018186923739 0.7434379004830978 0
3710 2.847469519671495 0.6776909781630728 0
3711 6.16917301491659 1.41155510309569 0
3712 6.111210035026425 1.359235643432131 0
3713 6.264857740463063 1.427036005070862 0
3714 2.143151750320813 1.340820038734666 0
3715 2.478230370203726 0.5680377266071379 0
3716 8.543318080162189 1.429276046916106 0
3717 7.277856408067226 0.9181732243490478 0
3718 6.05225738747559 0.9633508861221791 0
3719 6.270718843849215 0.5596354954529161 0
3720 0.2510703683831323 1.844339763161632 0
3721 0.2505207348848499 1.748343471967356 0
3722 2.120534893840757 1.484493754442295 0
3723 2.101415982634144 1.439777991258057 0
3724 9.494050556930869 0.9168360929264947 0
3725 10.97320456840484 1.117579746001665 0
3726 11.02871080495086 1.203954922120724 0
3727 4.425046319090319 0.8056803875717062 0
3728 4.360289770451733 0.888933120649035 0
3729 7.442248397401639 0.8311044470372411 0
3730 7.359911841117063 0.7830434481344535 0
3731 7.419772474957957 0.7456208202815582 0
3732 3.883157714018581 0.8427693881218153 0
3733 3.835641002611173 0.9077186181930086 0
3734 3.809282162524117 0.8183590998258705 0
3735 3.149999999997673 0.05380742913217711 0
3736 3.950121874530391 0.8657203135778402 0
3737 11.0410638161975 0.07868318768720049 0
3738 11.0065941063214 0.1946891620341501 0
3739 1.947537481956965 1.941175588197372 0
3740 1.951423089256321 1.854846221212888 0
3741 10.36267612613717 1.92527085560714 0
3742 10.41254840553958 1.824028066898439 0
3743 3.110202175895803 0.5606558887986014 0
3744 2.191501469184752 0.8533585531287475 0
3745 2.770144532538151 0.0667148069463758 0
3746 2.670144532538351 0.0667148069463758 0
3747 1.12392698894698 1.396473316931285 0
3748 3.578613271084868 1.612640517186563 0
3749 9.225703559437148 0.2377623209731228 0
3750 2.818225062616061 1.532193132113644 0
3751 2.729878668591967 1.493574647771269 0
3752 6.558113836634557 0.6413609538353604 0
3753 11.94432538136613 0.0570132967469128 0
3754 2.125025368474754 1.53301858372413 0
3755 2.070669731644273 1.515348045472165 0
3756 6.175747439536929 0.5737478591752868 0
3757 6.166903379976692 0.6719784620843072 0
3758 2.038378196070472 0.9763863117446658 0
3759 10.65234377878396 0.9583298173791657 0
3760 11.86988507087401 1.50350896012652 0
3761 4.383106426184926 0.6515014872118006 0
3762 10.98687084385137 1.348834492209021 0
3763 11.95068996526556 0.6770762908189513 0
3764 11.91869058924057 0.5943291048679045 0
3765 2.137615977402951 1.068480924944276 0
3766 2.12558753731751 1.091175643492585 0
3767 8.765302740032922 1.752457487961423 0
3768 8.732601592469598 0.7999532330774415 0
3769 8.725066047139297 0.904358519391136 0
3770 6.035397383016868 1.410847375900554 0
3771 6.042706226706835 1.305639204282329 0
3772 2.899009937213811 0.4633111378737661 0
3773 1.961920228448892 1.056251585018025 0
3774 1.896560963242459 1.145108943091403 0
3775 3.622017875992066 1.673644029008483 0
3776 3.706894199442587 1.724118793018643 0
3777 8.877603615259911 1.015541370319409 0
3778 8.961076711244324 1.073809800083083 0
3779 1.985450902943211 1.006412781229351 0
3780 1.979830025999585 1.01674109786142 0
3781 5.774701651156594 0.9237667034801264 0
3782 5.682020207895686 0.981454958964284 0
3783 2.215561959166972 1.163516764309835 0
3784 2.239882893502826 1.133562059539574 0
3785 4.400531159092733 0.9679116812616304 0
3786 4.3240517003343 0.974551987243603 0
3787 1.995585084742592 1.055960044023334 0
3788 6.225180250429111 0.9363190804681149 0
3789 6.234598885501023 0.8378252382721668 0
3790 6.200074761667022 0.7521655311872351 0
3791 6.126893196073203 0.8028205147326449 0
3792 6.633566620462711 0.6192870642199668 0
3793 1.670304696520737 1.015900187086279 0
3794 0.5987135785711938 1.426084935309879 0
3795 12.13690049503144 1.928762373548106 0
3796 2.043097674107528 1.161524357557397 0
3797 2.315881218495027 1.095265409523047 0
3798 2.356780933055364 1.076810611382313 0
3799 7.496290118688277 0.2931187383921602 0
3800 7.423903987581501 0.2509843988035577 0
3801 3.238161749318091 1.189349832006852 0
3802 12.25093606406386 0.9882032098681908 0
3803 1.575283832652878 1.096743363502532 0
3804 1.541399259322523 1.108053604960093 0
3805 2.032736033240484 1.276648870288522 0
3806 5.172942572714577 0.2518049903333265 0
3807 5.100457558146739 0.2915736367084453 0
3808 2.567042955897522 1.179402190779256 0
3809 6.641154276499055 1.376904722760999 0
3810 6.720394078583839 1.332215795206772 0
3811 10.55417001541274 1.112535580279442 0
3812 10.60183476547141 1.046860616911831 0
3813 1.645359443709987 1.015900187086279 0
3814 9.200654907987179 0.1638600445644518 0
3815 8.353190678743991 0.6445439577827876 0
3816 8.367841738104104 0.7297820199944061 0
3817 2.194329077202568 0.1354241451747138 0
3818 2.250924985235157 0.1998387804959695 0
3819 1.931373233640312 1.034241179792993 0
3820 12.47745882034773 1.424099844270103 0
3821 2.191991522868987 1.146285866205139 0
3822 2.15591118179841 1.151995165313993 0
3823 5.530311919460722 1.097242340964735 0
3824 5.537854226064848 1.200450837621859 0
3825 2.067448247251481 0.9465514772190045 0
3826 2.061268416654315 0.9340825830482813 0
3827 6.687582305647418 1.152000677000504 0
3828 6.707376026226111 1.237045970783288 0
3829 6.622877229574593 1.205327693139817 0
3830 10.41982113101488 1.758402512907328 0
3831 10.37943037398413 1.653347958340687 0
3832 2.252161955418118 1.932287793035812 0
3833 2.154547452018996 1.189332277568681 0
3834 8.77784751682837 1.822091989458057 0
3835 11.56520934344042 0.9534714028383546 0
3836 11.66457518029895 0.9710575624999591 0
3837 11.59606710333603 1.021772323031011 0
3838 6.568193886474989 1.266066264393905 0
3839 6.548400165896297 1.181020970611121 0
3840 4.948765246077496 0.9531009842042317 0
3841 7.741282473232861 1.586953328903984 0
3842 5.865746238545047 0.5910953381372439 0
3843 1.449237684112186 1.93164497805335 0
3844 1.143245140766503 1.33887036565742 0
3845 7.296574367386642 0.7669531350370731 0
3846 5.967985231127308 1.573008905523796 0
3847 6.022716502411523 1.476512606846311 0
3848 2.712051344990469 0.6888335816957698 0
3849 2.772432475847268 0.6191754100365268 0
3850 2.783156101710529 0.6798993356959415 0
3851 12.84192418174793 1.837631287156165 0
3852 12.78397442046833 1.884813587691639 0
3853 12.84479040577014 1.944790405769151 0
3854 12.73918401469941 1.940023181922488 0
3855 7.195464045201799 1.226792363904683 0
3856 12.83931014541967 0.1606898545801258 0
3857 12.94479040576928 0.1552095942302946 0
3858 12.94479040576953 1.844790405768888 0
3859 2.076274685455229 1.36477985160166 0
3860 12.27031511176737 1.933389166116049 0
3861 10.7740452196826 0.2015064896843102 0
3862 1.240985722392143 1.030366597807177 0
3863 2.014578158845485 0.8743309484406038 0
3864 2.675569866048895 0.163222173959627 0
3865 2.605425333509368 0.09650736701325115 0
3866 2.587466409052983 1.241537629145959 0
3867 4.283899817813574 1.077167838844328 0
3868 10.22784769795955 1.665203801229448 0
3869 0.5474983867986235 1.359102506021843 0
3870 6.164196125811918 1.087207077616112 0
3871 6.192227436339844 1.016208618485279 0
3872 6.128464505817936 0.9683697598347408 0
3873 12.8447904057689 0.05520959423047996 0
3874 12.78442058043826 0.1147866131023838 0
3875 12.7396301746686 0.05957701887190379 0
3876 10.9994706341118 0.2652607588652532 0
3877 11.02345254294168 0.3528696081029156 0
3878 8.745167242284822 0.7229866420219748 0
3879 2.309219707618829 0.2761723246216989 0
3880 2.35862237061508 0.3352347342714122 0
3881 1.784297217971621 1.389587009106424 0
3882 2.260130379184731 0.6826510400063806 0
3883 2.648878954245968 0.6399016517375475 0
3884 3.072360137565642 0.5007137744352208 0
3885 9.94411443163288 1.930721128837328 0
3886 5.155429605246747 0.6436277986767203 0
3887 5.173463174751408 0.731433537668545 0
3888 2.387674011229275 0.08745962611203624 0
3889 2.314676108933959 0.1528501128002415 0
3890 3.019129453230316 0.2966089494366239 0
3891 2.154832425369075 1.052250403108106 0
3892 1.700048145818196 1.105077244966991 0
3893 12.20334357199964 1.904527277032243 0
3894 7.371714482295154 0.2048615757393819 0
3895 7.370767995079691 0.3029256982251963 0
3896 6.46808537864325 1.023796345612778 0
3897 6.354698147149851 1.044240326678799 0
3898 9.56832667258961 0.9578003194157074 0
3899 5.55572250125787 1.27905184129953 0
3900 11.8841178172624 0.5168789401130514 0
3901 11.81813196062046 0.5840942458917253 0
3902 3.730639192863439 0.8196342302082265 0
3903 9.115027432830388 0.2290039377316008 0
3904 2.69776882952764 1.542770703214426 0
3905 2.682154182675633 1.458918579588768 0
3906 5.227070303345412 0.3030265177804292 0
3907 5.225824180198385 0.2060830157740151 0
3908 10.82352598888689 0.7920977154004347 0
3909 7.423580606554283 0.6650617114264599 0
3910 6.326666836621923 1.115238785809632 0
3911 6.260911870423093 1.055156398249486 0
3912 1.534383377756427 1.019702082398916 0
3913 2.312475102902664 0.7318109010634988 0
3914 7.319050289830324 0.852436761792756 0
3915 5.685017720042517 1.063280429444898 0
3916 5.611134920203043 1.04341711539027 0
3917 2.946321057923688 1.276723377777977 0
3918 2.859702192668207 1.272445582107364 0
3919 9.615475010336049 0.6395141874669551 0
3920 1.980172099171591 1.026362912589714 0
3921 3.160256445129852 1.183209007221509 0
3922 1.950670673246357 1.172819257647627 0
3923 7.425396622389108 1.33534506253821 0
3924 11.45419033581623 0.06717119297251147 0
3925 5.185815850833595 1.279424868517708 0
3926 5.189896465814073 1.3670735747956 0
3927 8.821860382574212 0.796982046372433 0
3928 1.935782931249574 1.256572954050954 0
3929 11.52401788962188 1.322318107177487 0
3930 4.93956051703267 1.084682758802307 0
3931 8.222803070680129 1.371071771849504 0
3932 1.593252004998546 1.126649674601683 0
3933 1.883111665365834 1.009210275819752 0
3934 3.366527204839117 0.2329470000814674 0
3935 2.280091989485772 1.112740560719947 0
3936 8.863459409965257 1.771189084343822 0
3937 5.871707303246653 1.431320001066068 0
3938 5.88227042228956 1.527697324051002 0
3939 10.35669166438182 0.9452961758083347 0
3940 10.45701411186628 0.9871650259939984 0
3941 11.72981426354256 0.9753225916347575 0
3942 11.83070962551921 0.9573470176239227 0
3943 11.10375367831211 0.375017441896738 0
3944 11.14185515742883 0.2833578640654806 0
3945 8.807683306623645 0.9555301154678332 0
3946 8.879215041395256 0.9339598922794753 0
3947 0.9555907013607619 1.773885045373659 0
3948 9.442895441420403 1.940654173362486 0
3949 6.373753462748271 1.169920069146145 0
3950 2.534487089005014 0.5864103237117959 0
3951 2.592300764294732 0.5997222321873515 0
3952 2.490799128235067 0.1923376817122387 0
3953 2.554116617847476 0.1502616270364249 0
3954 1.380635744438822 1.499389505652876 0
3955 5.359297332796215 0.05933830513461789 0
3956 1.636020113058824 1.03572863173222 0
3957 6.511768311172291 1.112302556797989 0
3958 11.8205098490987 1.76166359836225 0
3959 1.887889024098935 1.03054984631653 0
3960 1.901731658961886 1.034188176697052 0
3961 8.195377008471095 1.044450560633775 0
3962 2.82269862386196 1.190895471031714 0
3963 2.815229326551362 1.118093276460149 0
3964 3.385979822848005 0.1625108666099991 0
3965 12.33349197167093 0.9362908699434176 0
3966 12.27365868376216 1.837916443148292 0
3967 1.919783970485288 1.149544959623689 0
3968 1.937104348831396 1.160285134059833 0
3969 7.240059782298703 0.0593915283667189 0
3970 5.688475100785217 1.143221202254986 0
3971 2.429781855126997 0.2260430478011012 0
3972 2.43636529556697 0.14121388613521 0
3973 2.003321040544539 1.065225599614412 0
3974 2.013139755720002 1.082543801989935 0
3975 5.003860235326299 1.003615308478098 0
3976 8.889342026351923 0.8529080179790785 0
3977 12.55489710377803 1.375919119674056 0
3978 12.61403230934693 1.302844292892478 0
3979 2.702598203532681 0.5665229927736137 0
3980 1.918687306197152 1.040140350619879 0
3981 6.410385317472278 1.238638482959277 0
3982 6.44357868310043 1.302857587808156 0
3983 6.360247177776014 1.299736528902224 0
3984 12.60219075403794 0.6934565372354191 0
3985 12.54141587861211 0.6172978667783021 0
3986 9.548345816954059 1.446046214200428 0
3987 10.53966034229128 0.9809558444233797 0
3988 12.32431691320763 0.8598575586280295 0
3989 5.632000707542896 1.203843589548555 0
3990 2.129170961159931 0.8097925349251163 0
3991 3.024702941800935 0.4460102420188704 0
3992 7.64688101176548 1.059609115485466 0
3993 4.004857343825287 1.227420380100526 0
3994 1.360838198695339 1.112105754371192 0
3995 10.46080648365311 0.8473042703180835 0
3996 10.37418962904019 0.8392386238233002 0
3997 1.481007741841626 1.056145023463115 0
3998 1.457907265259507 1.035316537902992 0
3999 6.085210201564857 0.883461348105015 0
4000 7.54463427241086 1.051398513887908 0
4001 7.499683943860685 1.108163134702478 0
4002 7.451544541817309 1.041259307681621 0
4003 1.711597004576291 1.176067467640988 0
4004 8.443854952776228 1.439862325392466 0
4005 1.198620494882205 1.024831470648003 0
4006 11.67093989335433 0.8438073679761555 0
4007 11.58042840090012 0.8389370371447833 0
4008 3.558399415645143 0.3704684199510866 0
4009 3.514918859325319 0.2883817773045017 0
4010 1.717924550399453 1.261449576991729 0
4011 1.74788980198959 1.290582397614982 0
4012 1.509573998100782 1.069952293058826 0
4013 1.524947226981278 1.040530567959039 0
4014 0.2570258001207363 1.938384331424742 0
4015 0.357025800121498 1.938384331424742 0
4016 11.91709008567818 1.443728350161636 0
4017 1.435537007993804 1.023681987515149 0
4018 1.399987465068885 1.023681987515149 0
4019 12.63918401470001 1.940023181922488 0
4020 7.598741609722104 0.9927052884646079 0
4021 1.727624177874773 1.31725002965147 0
4022 12.63963017466822 0.05957701887190379 0
4023 1.811216394301623 1.426971948953604 0
4024 9.542895441419798 1.940654173362486 0
4025 7.340059782298276 0.0593915283667189 0
4026 1.4447741875688 1.479935163096469 0
4027 5.259297332796643 0.05933830513461789 0
4028 11.83107967495815 0.868925740255182 0
4029 11.73617897659794 0.8480723971109541 0
4030 2.533799591279367 0.4571899046957541 0
4031 2.590056310080655 0.475562501800412 0
4032 2.531914620423447 0.5293782198313051 0
4033 10.51790628131248 1.529234245466473 0
4034 7.551261599875367 0.8413812152462681 0
4035 2.118417854942983 1.114149456798205 0
4036 2.548691284336933 0.05375426002317373 0
4037 2.448691284337345 0.05375426002317373 0
4038 4.179300262223361 1.752615310615993 0
4039 4.260647106976855 1.710002021079915 0
4040 8.320223983381343 1.622600415273003 0
4041 5.117808803021609 1.596881171252318 0
4042 4.227645167004624 1.335765021725493 0
4043 2.753409334236568 1.293427989549277 0
4044 4.270020952530999 0.4603054270026329 0
4045 4.272006362008621 0.5499972593922962 0
4046 1.801357733353794 1.230840677274797 0
4047 1.804321465805691 1.268665875070191 0
4048 1.842001179164543 1.275729244219096 0
4049 1.85603978660976 1.235948848269128 0
4050 2.123114647923941 1.379556389705397 0
4051 2.0898127457893 1.397956228222048 0
4052 10.89014878692134 1.456589626014724 0
4053 10.88634540517313 1.539741740629266 0
4054 1.256648036115909 1.256106145165223 0
4055 1.211093677700055 1.252420321246278 0
4056 1.234426757803858 1.20878455939564 0
4057 10.63347745426435 0.2588582466800675 0
4058 10.68684456616387 0.2074072214539352 0
4059 10.54639698733978 0.2979838198196 0
4060 12.94479040576953 1.944790405769151 0
4061 12.94479040576928 0.05520959423047996 0
4062 2.024492712348295 1.487132507736613 0
4063 2.028983186982292 1.535657337018448 0
4064 2.054576020165432 1.42500145315432 0
4065 2.070082599211634 0.9217520612062277 0
4066 2.078204361897817 0.9055736811631537 0
4067 2.319114018457599 0.9892437079877321 0
4068 6.462054445986117 1.369638752490363 0
4069 6.51219258568238 1.308540706547416 0
4070 11.81360505872341 1.438440481538653 0
4071 3.463297545870304 0.2255622452365366 0
4072 5.954212694091932 1.422916167696509 0
4073 2.313885260407593 0.6768995241970979 0
4074 7.48567829910237 1.600211246064832 0
4075 2.025805450841809 1.588922041530296 0
4076 2.522744714633032 0.3985797804831092 0
4077 1.530245255362099 1.134453149742119 0
4078 1.509040190370311 1.160506498594806 0
4079 2.468881918062292 0.3354761088397436 0
4080 2.644749529175971 0.5879302364861591 0
4081 1.876778964438681 1.020609545026234 0
4082 5.055178636716629 0.9494113421717199 0
4083 7.341193881797647 0.9342635374464282 0
4084 7.439441316964115 0.9265108808785934 0
4085 7.398247435201018 0.9922473434348853 0
4086 7.548454519437843 0.9367876490876204 0
4087 7.499301950805009 0.8890882530256981 0
4088 0.7414567342445328 1.630360978829426 0
4089 2.646020013581445 0.5263435732234177 0
4090 7.489914663310572 0.3879315884183918 0
4091 7.353297106650842 1.049011964249456 0
4092 4.275636751789994 0.3771380480038952 0
4093 1.553118065521963 1.144259139704805 0
4094 5.104324319559267 0.3853360279821984 0
4095 2.053977912217099 0.9742951236545516 0
4096 2.072239280050914 0.9651634008354217 0
4097 2.378372292135342 1.12062231961229 0
4098 8.328398326561031 1.554183707267093 0
4099 8.325747475940933 1.473057207832955 0
4100 2.820140389703684 1.616196454046191 0
4101 0.6842643615278014 1.587239112696136 0
4102 0.610231071690226 1.552365988372136 0
4103 2.460411969269033 1.423668521254912 0
4104 2.517470617766507 1.399697340950213 0
4105 2.025386201428757 1.449185545078529 0
4106 8.949825694675777 1.637719106432043 0
4107 1.52746310219526 1.385843033114323 0
4108 1.491165055361067 1.362925439021031 0
4109 1.828403957817804 1.224395286832593 0
4110 0.1990846065534224 1.133290713284943 0
4111 9.028710469007153 0.375825871194866 0
4112 2.064501333913822 0.8899732291545195 0
4113 10.53389706665124 0.4065793672682301 0
4114 9.076833738527222 0.299725251508095 0
4115 8.917576676733468 1.702545967658199 0
4116 2.955553200519845 0.4133914243906768 0
4117 2.198910633959445 1.1855123005022 0
4118 2.420804921536425 1.371297090903942 0
4119 2.178117888316982 1.206563175673378 0
4120 2.412070894252927 0.3386167179646132 0
4121 6.586669649360676 1.332847429076112 0
4122 6.585152975706445 1.419379164914511 0
4123 2.780839001792204 1.238902369770104 0
4124 2.271221881191092 1.001299525819661 0
4125 2.267123748466972 1.028665309829581 0
4126 1.169502549866838 1.291582180558382 0
4127 1.216641675085967 1.178081236467099 0
4128 2.334685062821593 1.148537509983669 0
4129 10.79618754211206 1.348065635276203 0
4130 10.84576519794556 1.40233040373669 0
4131 4.271990008440621 1.601336738882818 0
4132 10.86668814632627 1.613573213815634 0
4133 2.268935929515109 0.967820539050781 0
4134 2.29299561011782 0.9798854349905214 0
4135 12.56748534682005 1.237902415201121 0
4136 4.313589130214915 0.6303459169206718 0
4137 6.050686077730857 0.7978016410200832 0
4138 2.512122548677364 1.329405893675764 0
4139 2.444357444352298 1.310519636500799 0
4140 1.451833490834138 1.339622184200553 0
4141 1.44850423971315 1.385051820159769 0
4142 11.44987364524618 1.280102248176473 0
4143 11.51925551480407 1.245554116093697 0
4144 10.91537605540035 1.372291457838713 0
4145 0.6759281975663559 1.735147683163949 0
4146 0.139490615245065 1.19941440018887 0
4147 2.029578051672253 0.8832830929227151 0
4148 0.5640453463040105 1.626464130692263 0
4149 2.013020994120143 1.057822154659767 0
4150 2.053749818954886 0.9212757883592896 0
4151 6.457084968072687 1.173041128052077 0
4152 6.385820064581988 1.498362414169633 0
4153 2.311596898760097 0.2219079199198005 0
4154 2.372970831317632 0.2291836569259709 0
4155 11.69895650364695 0.9070216714421008 0
4156 1.73024498009156 1.198960469457911 0
4157 2.048219225984488 0.8871795353402732 0
4158 2.427404663985729 0.2803074525029996 0
4159 0.6187358248496244 1.692025817030659 0
4160 1.703578212936464 1.207294630679257 0
4161 2.129115409723216 1.601176573168707 0
4162 1.458345111835948 1.301125623566332 0
4163 3.009649136684314 0.3650456442493685 0
4164 2.046281893582871 0.9061515727029896 0
4165 2.306912167938394 1.125358637869473 0
4166 8.29553394226884 1.403992548592104 0
4167 11.79049594343733 1.374489484793793 0
4168 6.503518917651318 1.438320540284094 0
4169 11.07500416019299 0.2279379722055041 0
4170 1.445256900642997 1.430736901639943 0
4171 10.50752312517882 0.8986342264613332 0
4172 2.064736663851956 1.627864333091111 0
4173 6.313942690950444 1.361311012446063 0
4174 6.344355592916786 1.429680626375902 0
4175 9.555517982273813 1.86999801327076 0
4176 7.352485019706991 0.1358516665255905 0
4177 5.245145557585952 0.1367690492980741 0
4178 1.674311535401983 1.219164583461731 0
4179 1.641752327518705 1.226713429881181 0
4180 9.584789054189205 1.344512500884828 0
4181 10.26350835121981 1.7275970667444 0
4182 10.33262497773389 1.784916157223168 0
4183 0.6869723452683406 1.661345378523918 0
4184 1.692959510917252 1.242057585278654 0
4185 6.434905015069369 1.432637421544834 0
4186 1.487353091165881 1.457553336436773 0
4187 8.378432552717069 1.435880302779334 0
4188 1.534513855430321 1.426540266415699 0
4189 10.30423704994893 1.656897337717105 0
4190 2.198199690574196 0.8798133698318564 0
4191 2.203325012139326 0.9069740105354168 0
4192 2.229182197903405 0.9109969601944459 0
4193 8.413641419104131 1.370797666151616 0
4194 2.262374607771164 0.9433497012623051 0
4195 2.254333490081067 0.9178755786149915 0
$EndNodes
$Elements
2184
1 8 2 100 1 1 7 11
2 8 2 100 1 7 8 12
3 8 2 100 1 8 9 13
4 8 2 100 1 9 10 14
5 8 2 100 1 10 2 15
6 8 2 200 2 2 16 41
7 8 2 200 2 16 17 42
8 8 2 200 2 17 18 43
9 8 2 200 2 18 19 44
10 8 2 200 2 19 20 45
11 8 2 200 2 20 21 46
12 8 2 200 2 21 22 47
13 8 2 200 2 22 23 48
14 8 2 200 2 23 24 49
15 8 2 200 2 24 25 50
16 8 2 200 2 25 26 51
17 8 2 200 2 26 27 52
18 8 2 200 2 27 28 53
19 8 2 200 2 28 29 54
20 8 2 200 2 29 30 55
21 8 2 200 2 30 31 56
22 8 2 200 2 31 32 57
23 8 2 200 2 32 33 58
24 8 2 200 2 33 34 59
25 8 2 200 2 34 35 60
26 8 2 200 2 35 36 61
27 8 2 200 2 36 37 62
28 8 2 200 2 37 38 63
29 8 2 200 2 38 39 64
30 8 2 200 2 39 40 65
31 8 2 200 2 40 3 66
32 8 2 200 3 3 67 79
33 8 2 200 3 67 68 80
34 8 2 200 3 68 69 81
35 8 2 200 3 69 70 82
36 8 2 200 3 70 71 83
37 8 2 200 3 71 72 84
38 8 2 200 3 72 73 85
39 8 2 200 3 73 74 86
40 8 2 200 3 74 75 87
41 8 2 200 3 75 76 88
42 8 2 200 3 76 77 89
43 8 2 200 3 77 78 90
44 8 2 200 3 78 4 91
45 8 2 200 4 4 92 146
46 8 2 200 4 92 93 147
47 8 2 200 4 93 94 148
48 8 2 200 4 94 95 149
49 8 2 200 4 95 96 150
50 8 2 200 4 96 97 151
51 8 2 200 4 97 98 152
52 8 2 200 4 98 99 153
53 8 2 200 4 99 100 154
54 8 2 200 4 100 101 155
55 8 2 200 4 101 102 156
56 8 2 200 4 102 103 157
57 8 2 200 4 103 104 158
58 8 2 200 4 104 105 159
59 8 2 200 4 105 106 160
60 8 2 200 4 106 107 161
61 8 2 200 4 107 108 162
62 8 2 200 4 108 109 163
63 8 2 200 4 109 110 164
64 8 2 200 4 110 111 165
65 8 2 200 4 111 112 166
66 8 2 200 4 112 113 167
67 8 2 200 4 113 114 168
68 8 2 200 4 114 115 169
69 8 2 200 4 115 116 170
70 8 2 200 4 116 117 171
71 8 2 200 4 117 118 172
72 8 2 200 4 118 119 173
73 8 2 200 4 119 120 174
74 8 2 200 4 120 121 175
75 8 2 200 4 121 122 176
76 8 2 200 4 122 123 177
77 8 2 200 4 123 124 178
78 8 2 200 4 124 125 179
79 8 2 200 4 125 126 180
80 8 2 200 4 126 127 181
81 8 2 200 4 127 128 182
82 8 2 200 4 128 129 183
83 8 2 200 4 129 130 184
84 8 2 200 4 130 131 185
85 8 2 200 4 131 132 186
86 8 2 200 4 132 133 187
87 8 2 200 4 133 134 188
88 8 2 200 4 134 135 189
89 8 2 200 4 135 136 190
90 8 2 200 4 136 137 191
91 8 2 200 4 137 138 192
92 8 2 200 4 138 139 193
93 8 2 200 4 139 140 194
94 8 2 200 4 140 141 195
95 8 2 200 4 141 142 196
96 8 2 200 4 142 143 197
97 8 2 200 4 143 144 198
98 8 2 200 4 144 145 199
99 8 2 200 4 145 5 200
100 8 2 300 5 5 201 210
101 8 2 300 5 201 202 211
102 8 2 300 5 202 203 212
103 8 2 300 5 203 204 213
104 8 2 300 5 204 205 214
105 8 2 300 5 205 206 215
106 8 2 300 5 206 207 216
107 8 2 300 5 207 208 217
108 8 2 300 5 208 209 218
109 8 2 300 5 209 6 219
110 8 2 200 6 6 220 284
111 8 2 200 6 220 221 285
112 8 2 200 6 221 222 286
113 8 2 200 6 222 223 287
114 8 2 200 6 223 224 288
115 8 2 200 6 224 225 289
116 8 2 200 6 225 226 290
117 8 2 200 6 226 227 291
118 8 2 200 6 227 228 292
119 8 2 200 6 228 229 293
120 8 2 200 6 229 230 294
121 8 2 200 6 230 231 295
122 8 2 200 6 231 232 296
123 8 2 200 6 232 233 297
124 8 2 200 6 233 234 298
125 8 2 200 6 234 235 299
126 8 2 200 6 235 236 300
127 8 2 200 6 236 237 301
128 8 2 200 6 237 238 302
129 8 2 200 6 238 239 303
130 8 2 200 6 239 240 304
131 8 2 200 6 240 241 305
132 8 2 200 6 241 242 306
133 8 2 200 6 242 243 307
134 8 2 200 6 243 244 308
135 8 2 200 6 244 245 309
136 8 2 200 6 245 246 310
137 8 2 200 6 246 247 311
138 8 2 200 6 247 248 312
139 8 2 200 6 248 249 313
140 8 2 200 6 249 250 314
141 8 2 200 6 250 251 315
142 8 2 200 6 251 252 316
143 8 2 200 6 252 253 317
144 8 2 200 6 253 254 318
145 8 2 200 6 254 255 319
146 8 2 200 6 255 256 320
147 8 2 200 6 256 257 321
148 8 2 200 6 257 258 322
149 8 2 200 6 258 259 323
150 8 2 200 6 259 260 324
151 8 2 200 6 260 261 325
152 8 2 200 6 261 262 326
153 8 2 200 6 262 263 327
154 8 2 200 6 263 264 328
155 8 2 200 6 264 265 329
156 8 2 200 6 265 266 330
157 8 2 200 6 266 267 331
158 8 2 200 6 267 268 332
159 8 2 200 6 268 269 333
160 8 2 200 6 269 270 334
161 8 2 200 6 270 271 335
162 8 2 200 6 271 272 336
163 8 2 200 6 272 273 337
164 8 2 200 6 273 274 338
165 8 2 200 6 274 275 339
166 8 2 200 6 275 276 340
167 8 2 200 6 276 277 341
168 8 2 200 6 277 278 342
169 8 2 200 6 278 279 343
170 8 2 200 6 279 280 344
171 8 2 200 6 280 281 345
172 8 2 200 6 281 282 346
173 8 2 200 6 282 283 347
174 8 2 200 6 283 1 348
175 9 2 10 12 1137 619 432 1268 1269 1270
176 9 2 10 12 451 663 1254 1271 1272 1273
177 9 2 10 12 543 1049 667 1274 1275 1276
178 9 2 10 12 649 1137 432 1277 1270 1278
179 9 2 10 12 1193 614 748 1279 1280 1281
180 9 2 10 12 1194 613 749 1282 1283 1284
181 9 2 10 12 667 1049 395 1275 1285 1286
182 9 2 10 12 1178 751 628 1287 1288 1289
183 9 2 10 12 843 461 1020 1290 1291 1292
184 9 2 10 12 1020 461 656 1291 1293 1294
185 9 2 10 12 1254 663 701 1272 1295 1296
186 9 2 10 12 830 869 425 1297 1298 1299
187 9 2 10 12 547 614 1193 1300 1279 1301
188 9 2 10 12 548 613 1194 1302 1282 1303
189 9 2 10 12 350 630 629 1304 1305 1306
190 9 2 10 12 423 960 638 1307 1308 1309
191 9 2 10 12 137 887 584 1310 1311 1312
192 9 2 10 12 635 958 272 1313 1314 1315
193 9 2 10 12 143 855 570 1316 1317 1318
194 9 2 10 12 538 1178 628 1319 1289 1320
195 9 2 10 12 624 746 1084 1321 1322 1323
196 9 2 10 12 252 253 597 317 1324 1325
197 9 2 10 12 281 840 553 1326 1327 1328
198 9 2 10 12 423 646 960 1329 1330 1307
199 9 2 10 12 76 77 594 89 1331 1332
200 9 2 10 12 510 1029 640 1333 1334 1335
201 9 2 10 12 402 603 689 1336 1337 1338
202 9 2 10 12 1060 133 134 1339 188 1340
203 9 2 10 12 617 869 830 1341 1297 1342
204 9 2 10 12 424 546 772 1343 1344 1345
205 9 2 10 12 233 879 588 1346 1347 1348
206 9 2 10 12 269 966 878 1349 1350 1351
207 9 2 10 12 464 1010 570 1352 1353 1354
208 9 2 10 12 422 535 897 1355 1356 1357
209 9 2 10 12 432 755 844 1358 1359 1360
210 9 2 10 12 112 113 598 167 1361 1362
211 9 2 10 12 140 1158 670 1363 1364 1365
212 9 2 10 12 621 133 1060 1366 1339 1367
213 9 2 10 12 1084 746 540 1322 1368 1369
214 9 2 10 12 603 1135 689 1370 1371 1337
215 9 2 10 12 453 580 822 1372 1373 1374
216 9 2 10 12 562 264 876 1375 1376 1377
217 9 2 10 12 1188 756 623 1378 1379 1380
218 9 2 10 12 1108 264 562 1381 1375 1382
219 9 2 10 12 352 534 976 1383 1384 1385
220 9 2 10 12 19 20 646 45 1386 1387
221 9 2 10 12 568 878 966 1388 1350 1389
222 9 2 10 12 486 689 1135 1390 1371 1391
223 9 2 10 12 416 754 757 1392 1393 1394
224 9 2 10 12 500 864 624 1395 1396 1397
225 9 2 10 12 356 624 864 1398 1396 1399
226 9 2 10 12 572 1123 703 1400 1401 1402
227 9 2 10 12 464 587 847 1403 1404 1405
228 9 2 10 12 481 676 839 1406 1407 1408
229 9 2 10 12 455 816 576 1409 1410 1411
230 9 2 10 12 467 567 947 1412 1413 1414
231 9 2 10 12 434 686 758 1415 1416 1417
232 9 2 10 12 509 758 686 1418 1416 1419
233 9 2 10 12 400 1027 575 1420 1421 1422
234 9 2 10 12 566 1239 950 1423 1424 1425
235 9 2 10 12 419 533 971 1426 1427 1428
236 9 2 10 12 587 1184 925 1429 1430 1431
237 9 2 10 12 464 570 937 1354 1432 1433
238 9 2 10 12 424 519 639 1434 1435 1436
239 9 2 10 12 460 589 842 1437 1438 1439
240 9 2 10 12 247 1165 662 1440 1441 1442
241 9 2 10 12 587 925 670 1431 1443 1444
242 9 2 10 12 443 564 1040 1445 1446 1447
243 9 2 10 12 272 958 271 1314 1448 336
244 9 2 10 12 545 1188 623 1449 1380 1450
245 9 2 10 12 384 831 782 1451 1452 1453
246 9 2 10 12 376 744 607 1454 1455 1456
247 9 2 10 12 493 607 744 1457 1455 1458
248 9 2 10 12 467 852 567 1459 1460 1412
249 9 2 10 12 143 570 1010 1318 1353 1461
250 9 2 10 12 426 657 745 1462 1463 1464
251 9 2 10 12 137 584 973 1312 1465 1466
252 9 2 10 12 226 585 1203 1467 1468 1469
253 9 2 10 12 424 772 519 1345 1470 1434
254 9 2 10 12 442 700 652 1471 1472 1473
255 9 2 10 12 441 698 653 1474 1475 1476
256 9 2 10 12 440 699 654 1477 1478 1479
257 9 2 10 12 471 615 850 1480 1481 1482
258 9 2 10 12 375 850 615 1483 1481 1484
259 9 2 10 12 419 971 571 1428 1485 1486
260 9 2 10 12 506 801 764 1487 1488 1489
261 9 2 10 12 543 667 666 1276 1490 1491
262 9 2 10 12 472 681 744 1492 1493 1494
263 9 2 10 12 493 744 681 1458 1493 1495
264 9 2 10 12 226 856 585 1496 1497 1467
265 9 2 10 12 414 664 704 1498 1499 1500
266 9 2 10 12 422 897 565 1357 1501 1502
267 9 2 10 12 430 712 546 1503 1504 1505
268 9 2 10 12 383 640 1029 1506 1334 1507
269 9 2 10 12 383 566 990 1508 1509 1510
270 9 2 10 12 705 1058 1149 1511 1512 1513
271 9 2 10 12 576 677 941 1514 1515 1516
272 9 2 10 12 576 941 1163 1516 1517 1518
273 9 2 10 12 436 1042 931 1519 1520 1521
274 9 2 10 12 408 1058 705 1522 1511 1523
275 9 2 10 12 483 1261 626 1524 1525 1526
276 9 2 10 12 383 889 566 1527 1528 1508
277 9 2 10 12 528 642 1083 1529 1530 1531
278 9 2 10 12 470 738 588 1532 1533 1534
279 9 2 10 12 1260 69 964 1535 1536 1537
280 9 2 10 12 378 611 799 1538 1539 1540
281 9 2 10 12 380 610 800 1541 1542 1543
282 9 2 10 12 379 612 798 1544 1545 1546
283 9 2 10 12 400 575 1160 1422 1547 1548
284 9 2 10 12 446 659 694 1549 1550 1551
285 9 2 10 12 233 588 998 1348 1552 1553
286 9 2 10 12 455 576 1163 1411 1518 1554
287 9 2 10 12 246 247 662 311 1442 1555
288 9 2 10 12 67 68 641 80 1556 1557
289 9 2 10 12 450 660 714 1558 1559 1560
290 9 2 10 12 485 716 708 1561 1562 1563
291 9 2 10 12 453 1173 580 1564 1565 1372
292 9 2 10 12 433 708 716 1566 1562 1567
293 9 2 10 12 476 788 584 1568 1569 1570
294 9 2 10 12 526 961 896 1571 1572 1573
295 9 2 10 12 466 714 660 1574 1559 1575
296 9 2 10 12 139 140 670 194 1365 1576
297 9 2 10 12 76 594 639 1332 1577 1578
298 9 2 10 12 527 902 962 1579 1580 1581
299 9 2 10 12 548 1101 613 1582 1583 1302
300 9 2 10 12 547 1100 614 1584 1585 1300
301 9 2 10 12 486 743 689 1586 1587 1390
302 9 2 10 12 436 689 743 1588 1587 1589
303 9 2 10 12 465 811 664 1590 1591 1592
304 9 2 10 12 422 643 535 1593 1594 1355
305 9 2 10 12 684 1080 1125 1595 1596 1597
306 9 2 10 12 32 1131 596 1598 1599 1600
307 9 2 10 12 416 1262 754 1601 1602 1392
308 9 2 10 12 358 603 710 1603 1604 1605
309 9 2 10 12 9 909 661 1606 1607 1608
310 9 2 10 12 587 670 1158 1444 1364 1609
311 9 2 10 12 399 1080 684 1610 1595 1611
312 9 2 10 12 463 661 909 1612 1607 1613
313 9 2 10 12 421 644 872 1614 1615 1616
314 9 2 10 12 734 1260 964 1617 1537 1618
315 9 2 10 12 281 553 980 1328 1619 1620
316 9 2 10 12 362 950 1239 1621 1424 1622
317 9 2 10 12 446 694 711 1551 1623 1624
318 9 2 10 12 419 825 637 1625 1626 1627
319 9 2 10 12 476 584 887 1570 1311 1628
320 9 2 10 12 691 912 1207 1629 1630 1631
321 9 2 10 12 590 754 1262 1632 1602 1633
322 9 2 10 12 359 756 1031 1634 1635 1636
323 9 2 10 12 270 958 620 1637 1638 1639
324 9 2 10 12 473 839 676 1640 1407 1641
325 9 2 10 12 756 1096 1031 1642 1643 1635
326 9 2 10 12 361 983 893 1644 1645 1646
327 9 2 10 12 1 7 862 11 1647 1648
328 9 2 10 12 1 862 283 1648 1649 348
329 9 2 10 12 593 1139 959 1650 1651 1652
330 9 2 10 12 460 1196 589 1653 1654 1437
331 9 2 10 12 532 648 1007 1655 1656 1657
332 9 2 10 12 508 1177 573 1658 1659 1660
333 9 2 10 12 372 872 644 1661 1615 1662
334 9 2 10 12 464 1184 587 1663 1429 1403
335 9 2 10 12 443 1040 619 1447 1664 1665
336 9 2 10 12 557 906 868 1666 1667 1668
337 9 2 10 12 469 851 769 1669 1670 1671
338 9 2 10 12 368 1007 648 1672 1656 1673
339 9 2 10 12 453 954 1017 1674 1675 1676
340 9 2 10 12 452 951 1016 1677 1678 1679
341 9 2 10 12 376 607 711 1456 1680 1681
342 9 2 10 12 507 813 908 1682 1683 1684
343 9 2 10 12 355 709 606 1685 1686 1687
344 9 2 10 12 507 671 813 1688 1689 1682
345 9 2 10 12 371 972 863 1690 1691 1692
346 9 2 10 12 372 637 825 1693 1626 1694
347 9 2 10 12 427 599 1056 1695 1696 1697
348 9 2 10 12 632 1000 805 1698 1699 1700
349 9 2 10 12 494 623 896 1701 1702 1703
350 9 2 10 12 359 896 623 1704 1702 1705
351 9 2 10 12 242 680 1164 1706 1707 1708
352 9 2 10 12 577 662 1165 1709 1441 1710
353 9 2 10 12 470 588 879 1534 1347 1711
354 9 2 10 12 606 506 1069 1712 1713 1714
355 9 2 10 12 458 601 1126 1715 1716 1717
356 9 2 10 12 375 615 732 1484 1718 1719
357 9 2 10 12 1253 506 606 1720 1712 1721
358 9 2 10 12 514 657 886 1722 1723 1724
359 9 2 10 12 426 886 657 1725 1723 1462
360 9 2 10 12 513 632 805 1726 1700 1727
361 9 2 10 12 258 678 1168 1728 1729 1730
362 9 2 10 12 522 1045 723 1731 1732 1733
363 9 2 10 12 129 677 1169 1734 1735 1736
364 9 2 10 12 419 673 533 1737 1738 1426
365 9 2 10 12 503 844 755 1739 1359 1740
366 9 2 10 12 436 931 747 1521 1741 1742
367 9 2 10 12 438 764 801 1743 1488 1744
368 9 2 10 12 769 851 1038 1670 1745 1746
369 9 2 10 12 518 628 827 1747 1748 1749
370 9 2 10 12 354 827 628 1750 1748 1751
371 9 2 10 12 229 230 631 294 1752 1753
372 9 2 10 12 502 957 634 1754 1755 1756
373 9 2 10 12 377 609 761 1757 1758 1759
374 9 2 10 12 262 1108 633 1760 1761 1762
375 9 2 10 12 17 18 627 43 1763 1764
376 9 2 10 12 502 704 664 1765 1499 1766
377 9 2 10 12 393 1144 1114 1767 1768 1769
378 9 2 10 12 442 748 700 1770 1771 1471
379 9 2 10 12 441 749 698 1772 1773 1474
380 9 2 10 12 474 766 675 1774 1775 1776
381 9 2 10 12 479 675 766 1777 1775 1778
382 9 2 10 12 480 674 767 1779 1780 1781
383 9 2 10 12 475 767 674 1782 1780 1783
384 9 2 10 12 445 620 958 1784 1638 1785
385 9 2 10 12 1259 714 815 1786 1787 1788
386 9 2 10 12 498 860 1031 1789 1790 1791
387 9 2 10 12 803 435 959 1792 1793 1794
388 9 2 10 12 395 672 655 1795 1796 1797
389 9 2 10 12 379 671 1039 1798 1799 1800
390 9 2 10 12 580 952 692 1801 1802 1803
391 9 2 10 12 267 268 726 332 1804 1805
392 9 2 10 12 465 1053 811 1806 1807 1590
393 9 2 10 12 552 761 1105 1808 1809 1810
394 9 2 10 12 424 639 594 1436 1577 1811
395 9 2 10 12 505 802 627 1812 1813 1814
396 9 2 10 12 352 717 965 1815 1816 1817
397 9 2 10 12 508 573 1041 1660 1818 1819
398 9 2 10 12 129 130 677 184 1820 1734
399 9 2 10 12 258 259 678 323 1821 1728
400 9 2 10 12 123 1151 692 1822 1823 1824
401 9 2 10 12 32 33 1131 58 1825 1598
402 9 2 10 12 393 708 1144 1826 1827 1767
403 9 2 10 12 242 243 680 307 1828 1706
404 9 2 10 12 580 1173 952 1565 1829 1801
405 9 2 10 12 609 1105 761 1830 1809 1758
406 9 2 10 12 274 963 750 1831 1832 1833
407 9 2 10 12 541 732 1088 1834 1835 1836
408 9 2 10 12 71 72 618 84 1837 1838
409 9 2 10 12 615 1088 732 1839 1835 1718
410 9 2 10 12 378 749 613 1840 1283 1841
411 9 2 10 12 380 748 614 1842 1280 1843
412 9 2 10 12 379 1039 788 1800 1844 1845
413 9 2 10 12 564 791 669 1846 1847 1848
414 9 2 10 12 906 482 868 1849 1850 1667
415 9 2 10 12 524 566 950 1851 1425 1852
416 9 2 10 12 426 745 1012 1464 1853 1854
417 9 2 10 12 462 833 845 1855 1856 1857
418 9 2 10 12 253 808 597 1858 1859 1324
419 9 2 10 12 252 597 809 1325 1860 1861
420 9 2 10 12 231 727 1070 1862 1863 1864
421 9 2 10 12 366 1094 701 1865 1866 1867
422 9 2 10 12 414 630 664 1868 1869 1498
423 9 2 10 12 102 103 658 157 1870 1871
424 9 2 10 12 450 714 1259 1560 1786 1872
425 9 2 10 12 599 629 1056 1873 1874 1696
426 9 2 10 12 262 263 1108 327 1875 1760
427 9 2 10 12 454 1127 1115 1876 1877 1878
428 9 2 10 12 533 863 972 1879 1691 1880
429 9 2 10 12 352 1050 534 1881 1882 1383
430 9 2 10 12 569 618 1046 1883 1884 1885
431 9 2 10 12 415 754 590 1886 1632 1887
432 9 2 10 12 447 632 736 1888 1889 1890
433 9 2 10 12 388 736 632 1891 1889 1892
434 9 2 10 12 758 1071 1218 1893 1894 1895
435 9 2 10 12 523 1089 722 1896 1897 1898
436 9 2 10 12 509 881 905 1899 1900 1901
437 9 2 10 12 122 123 692 177 1824 1902
438 9 2 10 12 730 1005 916 1903 1904 1905
439 9 2 10 12 204 205 657 214 1906 1907
440 9 2 10 12 463 697 661 1908 1909 1612
441 9 2 10 12 113 806 598 1910 1911 1361
442 9 2 10 12 112 598 807 1362 1912 1913
443 9 2 10 12 382 835 795 1914 1915 1916
444 9 2 10 12 493 952 607 1917 1918 1457
445 9 2 10 12 509 686 881 1419 1919 1899
446 9 2 10 12 440 813 699 1920 1921 1477
447 9 2 10 12 522 723 1077 1733 1922 1923
448 9 2 10 12 381 946 716 1924 1925 1926
449 9 2 10 12 374 679 738 1927 1928 1929
450 9 2 10 12 489 730 916 1930 1905 1931
451 9 2 10 12 465 995 544 1932 1933 1934
452 9 2 10 12 512 912 691 1935 1629 1936
453 9 2 10 12 524 990 566 1937 1509 1851
454 9 2 10 12 369 723 1045 1938 1732 1939
455 9 2 10 12 500 782 831 1940 1452 1941
456 9 2 10 12 456 1120 1128 1942 1943 1944
457 9 2 10 12 498 1031 812 1791 1945 1946
458 9 2 10 12 457 1129 1118 1947 1948 1949
459 9 2 10 12 32 596 777 1600 1950 1951
460 9 2 10 12 432 619 755 1269 1952 1358
461 9 2 10 12 463 627 802 1953 1813 1954
462 9 2 10 12 501 902 1030 1955 1956 1957
463 9 2 10 12 1123 414 703 1958 1959 1401
464 9 2 10 12 356 746 624 1960 1321 1398
465 9 2 10 12 19 646 898 1387 1961 1962
466 9 2 10 12 407 1071 758 1963 1893 1964
467 9 2 10 12 432 844 634 1360 1965 1966
468 9 2 10 12 366 1040 1094 1967 1968 1865
469 9 2 10 12 110 883 600 1969 1970 1971
470 9 2 10 12 371 655 672 1972 1796 1973
471 9 2 10 12 381 875 946 1974 1975 1924
472 9 2 10 12 544 1083 750 1976 1977 1978
473 9 2 10 12 443 791 564 1979 1846 1445
474 9 2 10 12 205 745 657 1980 1463 1906
475 9 2 10 12 513 805 753 1727 1981 1982
476 9 2 10 12 360 753 805 1983 1981 1984
477 9 2 10 12 607 1074 711 1985 1986 1680
478 9 2 10 12 268 878 726 1987 1988 1804
479 9 2 10 12 542 711 1074 1989 1986 1990
480 9 2 10 12 402 1195 603 1991 1992 1336
481 9 2 10 12 575 1027 645 1421 1993 1994
482 9 2 10 12 511 805 1000 1995 1699 1996
483 9 2 10 12 501 1030 819 1957 1997 1998
484 9 2 10 12 115 601 890 1999 2000 2001
485 9 2 10 12 392 644 882 2002 2003 2004
486 9 2 10 12 250 891 604 2005 2006 2007
487 9 2 10 12 255 605 892 2008 2009 2010
488 9 2 10 12 449 731 864 2011 2012 2013
489 9 2 10 12 581 1164 680 2014 1707 2015
490 9 2 10 12 499 736 790 2016 2017 2018
491 9 2 10 12 392 569 1046 2019 1885 2020
492 9 2 10 12 506 1253 684 1720 2021 2022
493 9 2 10 12 378 799 698 1540 2023 2024
494 9 2 10 12 380 800 700 1543 2025 2026
495 9 2 10 12 379 798 699 1546 2027 2028
496 9 2 10 12 578 1168 678 2029 1729 2030
497 9 2 10 12 576 1169 677 2031 1735 1514
498 9 2 10 12 359 623 756 1705 1379 1634
499 9 2 10 12 462 688 833 2032 2033 1855
500 9 2 10 12 685 1261 483 2034 1524 2035
501 9 2 10 12 453 822 954 1374 2036 1674
502 9 2 10 12 438 653 698 2037 1475 2038
503 9 2 10 12 439 654 699 2039 1478 2040
504 9 2 10 12 437 652 700 2041 1472 2042
505 9 2 10 12 444 694 659 2043 1550 2044
506 9 2 10 12 137 138 887 192 2045 1310
507 9 2 10 12 508 795 835 2046 1915 2047
508 9 2 10 12 490 854 600 2048 2049 2050
509 9 2 10 12 423 1094 669 2051 2052 2053
510 9 2 10 12 266 999 715 2054 2055 2056
511 9 2 10 12 384 718 831 2057 2058 1451
512 9 2 10 12 1113 875 686 2059 2060 2061
513 9 2 10 12 496 1028 859 2062 2063 2064
514 9 2 10 12 265 266 715 330 2056 2065
515 9 2 10 12 378 613 1219 1841 2066 2067
516 9 2 10 12 380 614 1220 1843 2068 2069
517 9 2 10 12 231 232 727 296 2070 1862
518 9 2 10 12 415 590 1258 1887 2071 2072
519 9 2 10 12 489 601 853 2073 2074 2075
520 9 2 10 12 419 637 673 1627 2076 1737
521 9 2 10 12 458 1122 601 2077 2078 1715
522 9 2 10 12 488 849 604 2079 2080 2081
523 9 2 10 12 487 605 848 2082 2083 2084
524 9 2 10 12 434 1113 686 2085 2061 1415
525 9 2 10 12 452 814 951 2086 2087 1677
526 9 2 10 12 534 685 976 2088 2089 1384
527 9 2 10 12 526 718 961 2090 2091 1571
528 9 2 10 12 354 628 751 1751 1288 2092
529 9 2 10 12 629 630 1123 1305 2093 2094
530 9 2 10 12 540 969 1023 2095 2096 2097
531 9 2 10 12 366 701 663 1867 1295 2098
532 9 2 10 12 424 927 546 2099 2100 1343
533 9 2 10 12 445 949 620 2101 2102 1784
534 9 2 10 12 75 76 639 88 1578 2103
535 9 2 10 12 804 993 1124 2104 2105 2106
536 9 2 10 12 527 962 721 1581 2107 2108
537 9 2 10 12 634 957 759 1755 2109 2110
538 9 2 10 12 516 953 1057 2111 2112 2113
539 9 2 10 12 233 234 879 298 2114 1346
540 9 2 10 12 239 948 951 2115 2116 2117
541 9 2 10 12 510 640 1138 1335 2118 2119
542 9 2 10 12 447 728 938 2120 2121 2122
543 9 2 10 12 471 922 615 2123 2124 1480
544 9 2 10 12 126 944 954 2125 2126 2127
545 9 2 10 12 482 579 868 2128 2129 1850
546 9 2 10 12 490 600 883 2050 1970 2130
547 9 2 10 12 580 692 1151 1803 1823 2131
548 9 2 10 12 449 864 831 2013 2132 2133
549 9 2 10 12 388 790 736 2134 2017 1891
550 9 2 10 12 530 1026 702 2135 2136 2137
551 9 2 10 12 75 639 934 2103 2138 2139
552 9 2 10 12 375 732 652 1719 2140 2141
553 9 2 10 12 598 916 917 2142 2143 2144
554 9 2 10 12 413 917 916 2145 2143 2146
555 9 2 10 12 472 616 923 2147 2148 2149
556 9 2 10 12 454 828 1127 2150 2151 1876
557 9 2 10 12 355 606 1069 1687 1714 2152
558 9 2 10 12 110 600 1127 1971 2153 2154
559 9 2 10 12 489 890 601 2155 2000 2073
560 9 2 10 12 445 958 635 1785 1313 2156
561 9 2 10 12 530 702 1015 2137 2157 2158
562 9 2 10 12 25 935 1004 2159 2160 2161
563 9 2 10 12 270 271 958 335 1448 1637
564 9 2 10 12 478 661 697 2162 1909 2163
565 9 2 10 12 377 1267 609 2164 2165 1757
566 9 2 10 12 355 908 709 2166 2167 1685
567 9 2 10 12 488 604 891 2081 2006 2168
568 9 2 10 12 487 892 605 2169 2009 2082
569 9 2 10 12 385 784 762 2170 2171 2172
570 9 2 10 12 516 1057 742 2113 2173 2174
571 9 2 10 12 115 1126 601 2175 1716 1999
572 9 2 10 12 497 785 728 2176 2177 2178
573 9 2 10 12 386 728 785 2179 2177 2180
574 9 2 10 12 506 679 801 2181 2182 1487
575 9 2 10 12 71 618 1034 1838 2183 2184
576 9 2 10 12 358 1135 603 2185 1370 1603
577 9 2 10 12 250 604 1120 2007 2186 2187
578 9 2 10 12 255 1118 605 2188 2189 2008
579 9 2 10 12 376 796 1155 2190 2191 2192
580 9 2 10 12 99 931 974 2193 2194 2195
581 9 2 10 12 376 711 694 1681 1623 2196
582 9 2 10 12 273 274 750 338 1833 2197
583 9 2 10 12 458 1126 829 1717 2198 2199
584 9 2 10 12 367 845 833 2200 1856 2201
585 9 2 10 12 379 1190 612 2202 2203 1544
586 9 2 10 12 377 761 659 1759 2204 2205
587 9 2 10 12 102 658 1136 1871 2206 2207
588 9 2 10 12 380 1161 610 2208 2209 1541
589 9 2 10 12 378 1162 611 2210 2211 1538
590 9 2 10 12 566 889 1091 1528 2212 2213
591 9 2 10 12 550 804 1124 2214 2106 2215
592 9 2 10 12 607 952 1074 1918 2216 1985
593 9 2 10 12 402 689 1085 1338 2217 2218
594 9 2 10 12 389 789 854 2219 2220 2221
595 9 2 10 12 225 226 1203 290 1469 2222
596 9 2 10 12 474 873 621 2223 2224 2225
597 9 2 10 12 133 621 873 1366 2224 2226
598 9 2 10 12 564 669 1094 1848 2052 2227
599 9 2 10 12 456 817 1120 2228 2229 1942
600 9 2 10 12 457 1118 818 1949 2230 2231
601 9 2 10 12 545 623 1264 1450 2232 2233
602 9 2 10 12 391 1251 622 2234 2235 2236
603 9 2 10 12 442 652 732 1473 2140 2237
604 9 2 10 12 373 720 968 2238 2239 2240
605 9 2 10 12 539 968 720 2241 2239 2242
606 9 2 10 12 375 970 719 2243 2244 2245
607 9 2 10 12 537 719 970 2246 2244 2247
608 9 2 10 12 528 757 642 2248 2249 1529
609 9 2 10 12 268 269 878 333 1351 1987
610 9 2 10 12 374 653 801 2250 2251 2252
611 9 2 10 12 841 1150 443 2253 2254 2255
612 9 2 10 12 472 1155 616 2256 2257 2147
613 9 2 10 12 403 921 920 2258 2259 2260
614 9 2 10 12 597 920 921 2261 2259 2262
615 9 2 10 12 386 785 849 2180 2263 2264
616 9 2 10 12 387 848 786 2265 2266 2267
617 9 2 10 12 559 1070 727 2268 1863 2269
618 9 2 10 12 514 821 696 2270 2271 2272
619 9 2 10 12 468 696 821 2273 2271 2274
620 9 2 10 12 467 820 695 2275 2276 2277
621 9 2 10 12 515 695 820 2278 2276 2279
622 9 2 10 12 33 34 1131 59 2280 1825
623 9 2 10 12 18 898 627 2281 2282 1763
624 9 2 10 12 20 960 646 2283 1330 1386
625 9 2 10 12 420 750 1083 2284 1977 2285
626 9 2 10 12 420 1083 642 2285 1530 2286
627 9 2 10 12 599 1014 629 2287 2288 1873
628 9 2 10 12 364 642 757 2289 2249 2290
629 9 2 10 12 464 847 1010 1405 2291 1352
630 9 2 10 12 427 1056 888 1697 2292 2293
631 9 2 10 12 366 755 1040 2294 2295 1967
632 9 2 10 12 420 635 1001 2296 2297 2298
633 9 2 10 12 571 593 959 2299 1652 2300
634 9 2 10 12 447 938 1000 2122 2301 2302
635 9 2 10 12 430 546 942 1505 2303 2304
636 9 2 10 12 501 962 902 2305 1580 1955
637 9 2 10 12 278 279 649 343 2306 2307
638 9 2 10 12 616 1155 796 2257 2191 2308
639 9 2 10 12 558 931 1042 2309 1520 2310
640 9 2 10 12 445 991 617 2311 2312 2313
641 9 2 10 12 591 965 717 2314 1816 2315
642 9 2 10 12 569 1034 618 2316 2183 1883
643 9 2 10 12 420 985 635 2317 2318 2296
644 9 2 10 12 494 896 961 1703 1572 2319
645 9 2 10 12 495 762 784 2320 2171 2321
646 9 2 10 12 402 1085 1154 2218 2322 2323
647 9 2 10 12 496 838 1028 2324 2325 2062
648 9 2 10 12 204 657 986 1907 2326 2327
649 9 2 10 12 508 835 735 2047 2328 2329
650 9 2 10 12 392 1116 644 2330 2331 2002
651 9 2 10 12 414 704 703 1500 2332 1959
652 9 2 10 12 131 132 675 186 2333 2334
653 9 2 10 12 260 261 674 325 2335 2336
654 9 2 10 12 370 669 791 2337 1847 2338
655 9 2 10 12 244 245 676 309 2339 2340
656 9 2 10 12 600 1115 1127 2341 1877 2153
657 9 2 10 12 450 735 835 2342 2328 2343
658 9 2 10 12 227 228 682 292 2344 2345
659 9 2 10 12 104 105 683 159 2346 2347
660 9 2 10 12 614 1100 940 1585 2348 2349
661 9 2 10 12 422 565 1091 1502 2350 2351
662 9 2 10 12 613 1101 941 1583 2352 2353
663 9 2 10 12 382 870 743 2354 2355 2356
664 9 2 10 12 349 1255 1075 2357 2358 2359
665 9 2 10 12 385 762 668 2172 2360 2361
666 9 2 10 12 8 9 661 13 1608 2362
667 9 2 10 12 427 893 599 2363 2364 1695
668 9 2 10 12 502 811 957 2365 2366 1754
669 9 2 10 12 538 628 1081 1320 2367 2368
670 9 2 10 12 434 876 715 2369 2370 2371
671 9 2 10 12 120 121 681 175 2372 2373
672 9 2 10 12 409 925 1184 2374 1430 2375
673 9 2 10 12 503 771 574 2376 2377 2378
674 9 2 10 12 3 959 1139 2379 1651 2380
675 9 2 10 12 376 694 796 2196 2381 2190
676 9 2 10 12 404 1074 952 2382 2216 2383
677 9 2 10 12 431 666 667 2384 1490 2385
678 9 2 10 12 947 1054 390 2386 2387 2388
679 9 2 10 12 229 631 918 1753 2389 2390
680 9 2 10 12 432 634 759 1966 2110 2391
681 9 2 10 12 491 918 631 2392 2389 2393
682 9 2 10 12 573 810 1041 2394 2395 1818
683 9 2 10 12 519 833 688 2396 2033 2397
684 9 2 10 12 374 801 679 2252 2182 1927
685 9 2 10 12 465 664 630 1592 1869 2398
686 9 2 10 12 143 144 855 198 2399 1316
687 9 2 10 12 202 203 696 212 2400 2401
688 9 2 10 12 207 208 695 217 2402 2403
689 9 2 10 12 555 1016 951 2404 1678 2405
690 9 2 10 12 224 1203 656 2406 2407 2408
691 9 2 10 12 382 660 835 2409 2410 1914
692 9 2 10 12 536 1087 796 2411 2412 2413
693 9 2 10 12 616 796 1087 2308 2412 2414
694 9 2 10 12 1054 823 390 2415 2416 2387
695 9 2 10 12 387 665 894 2417 2418 2419
696 9 2 10 12 449 668 762 2420 2360 2421
697 9 2 10 12 437 970 652 2422 2423 2041
698 9 2 10 12 439 967 654 2424 2425 2039
699 9 2 10 12 440 654 968 1479 2426 2427
700 9 2 10 12 441 653 969 1476 2428 2429
701 9 2 10 12 221 222 852 286 2430 2431
702 9 2 10 12 34 690 1131 2432 2433 2280
703 9 2 10 12 396 602 1138 2434 2435 2436
704 9 2 10 12 417 591 1078 2437 2438 2439
705 9 2 10 12 474 621 933 2225 2440 2441
706 9 2 10 12 281 282 840 346 2442 1326
707 9 2 10 12 460 870 795 2443 2444 2445
708 9 2 10 12 463 787 627 2446 2447 1953
709 9 2 10 12 385 780 1017 2448 2449 2450
710 9 2 10 12 37 38 687 63 2451 2452
711 9 2 10 12 391 1059 821 2453 2454 2455
712 9 2 10 12 523 706 1089 2456 2457 1896
713 9 2 10 12 446 979 659 2458 2459 1549
714 9 2 10 12 69 70 964 82 2460 1536
715 9 2 10 12 554 1017 954 2461 1675 2462
716 9 2 10 12 444 659 761 2044 2204 2463
717 9 2 10 12 555 951 948 2405 2116 2464
718 9 2 10 12 505 627 898 1814 2282 2465
719 9 2 10 12 384 782 1016 1453 2466 2467
720 9 2 10 12 230 1070 631 2468 2469 1752
721 9 2 10 12 559 631 1070 2470 2469 2268
722 9 2 10 12 554 954 944 2462 2126 2471
723 9 2 10 12 492 719 955 2472 2473 2474
724 9 2 10 12 25 26 935 51 2475 2159
725 9 2 10 12 391 622 907 2236 2476 2477
726 9 2 10 12 561 1136 658 2478 2206 2479
727 9 2 10 12 604 1128 1120 2480 1943 2186
728 9 2 10 12 355 993 908 2481 2482 2166
729 9 2 10 12 482 936 579 2483 2484 2128
730 9 2 10 12 605 1118 1129 2189 1948 2485
731 9 2 10 12 499 724 736 2486 2487 2016
732 9 2 10 12 500 624 1141 1397 2488 2489
733 9 2 10 12 888 1056 1172 2292 2490 2491
734 9 2 10 12 789 1115 854 2492 2493 2220
735 9 2 10 12 205 206 745 215 2494 1980
736 9 2 10 12 558 974 931 2495 2194 2309
737 9 2 10 12 448 721 1076 2496 2497 2498
738 9 2 10 12 418 972 672 2499 2500 2501
739 9 2 10 12 491 956 720 2502 2503 2504
740 9 2 10 12 547 832 1028 2505 2506 2507
741 9 2 10 12 452 782 760 2508 2509 2510
742 9 2 10 12 500 760 782 2511 2509 1940
743 9 2 10 12 391 937 1059 2512 2513 2453
744 9 2 10 12 444 796 694 2514 2381 2043
745 9 2 10 12 422 1091 889 2351 2212 2515
746 9 2 10 12 408 705 804 1523 2516 2517
747 9 2 10 12 494 1119 623 2518 2519 1701
748 9 2 10 12 753 1022 1005 2520 2521 2522
749 9 2 10 12 385 1017 945 2450 2523 2524
750 9 2 10 12 540 1023 770 2097 2525 2526
751 9 2 10 12 625 885 1211 2527 2528 2529
752 9 2 10 12 551 800 1104 2530 2531 2532
753 9 2 10 12 550 799 1103 2533 2534 2535
754 9 2 10 12 549 798 1102 2536 2537 2538
755 9 2 10 12 582 828 1175 2539 2540 2541
756 9 2 10 12 611 1103 799 2542 2534 1539
757 9 2 10 12 610 1104 800 2543 2531 1542
758 9 2 10 12 612 1102 798 2544 2537 1545
759 9 2 10 12 455 784 945 2545 2546 2547
760 9 2 10 12 438 801 653 1744 2251 2037
761 9 2 10 12 498 768 780 2548 2549 2550
762 9 2 10 12 453 780 768 2551 2549 2552
763 9 2 10 12 353 857 724 2553 2554 2555
764 9 2 10 12 136 737 1230 2556 2557 2558
765 9 2 10 12 475 874 633 2559 2560 2561
766 9 2 10 12 262 633 874 1762 2560 2562
767 9 2 10 12 379 813 671 2563 1689 1798
768 9 2 10 12 384 1016 939 2467 2564 2565
769 9 2 10 12 73 74 688 86 2566 2567
770 9 2 10 12 595 722 1089 2568 1897 2569
771 9 2 10 12 514 986 657 2570 2326 1722
772 9 2 10 12 482 741 1047 2571 2572 2573
773 9 2 10 12 378 698 749 2024 1773 1840
774 9 2 10 12 380 700 748 2026 1771 1842
775 9 2 10 12 371 863 707 1692 2574 2575
776 9 2 10 12 235 1140 645 2576 2577 2578
777 9 2 10 12 785 1128 849 2579 2580 2263
778 9 2 10 12 786 848 1129 2266 2581 2582
779 9 2 10 12 411 940 1100 2583 2348 2584
780 9 2 10 12 942 1078 430 2585 2586 2304
781 9 2 10 12 410 941 1101 2587 2352 2588
782 9 2 10 12 465 630 995 2398 2589 1932
783 9 2 10 12 484 827 725 2590 2591 2592
784 9 2 10 12 354 725 827 2593 2591 1750
785 9 2 10 12 592 1077 723 2594 1922 2595
786 9 2 10 12 556 1075 1255 2596 2358 2597
787 9 2 10 12 415 752 754 2598 2599 1886
788 9 2 10 12 459 783 939 2600 2601 2602
789 9 2 10 12 484 693 861 2603 2604 2605
790 9 2 10 12 390 861 693 2606 2604 2607
791 9 2 10 12 504 907 725 2608 2609 2610
792 9 2 10 12 519 934 639 2611 2138 1435
793 9 2 10 12 17 627 787 1764 2447 2612
794 9 2 10 12 67 641 803 1557 2613 2614
795 9 2 10 12 270 620 966 1639 2615 2616
796 9 2 10 12 454 789 775 2617 2618 2619
797 9 2 10 12 501 775 789 2620 2618 2621
798 9 2 10 12 468 1247 740 2622 2623 2624
799 9 2 10 12 525 715 999 2625 2055 2626
800 9 2 10 12 495 784 773 2321 2627 2628
801 9 2 10 12 455 773 784 2629 2627 2545
802 9 2 10 12 513 753 1005 1982 2522 2630
803 9 2 10 12 135 136 1230 190 2558 2631
804 9 2 10 12 456 785 774 2632 2633 2634
805 9 2 10 12 497 774 785 2635 2633 2176
806 9 2 10 12 496 786 776 2636 2637 2638
807 9 2 10 12 457 776 786 2639 2637 2640
808 9 2 10 12 583 1179 829 2641 2642 2643
809 9 2 10 12 575 814 1160 2644 2645 1547
810 9 2 10 12 477 1079 594 2646 2647 2648
811 9 2 10 12 119 651 1145 2649 2650 2651
812 9 2 10 12 447 736 724 1890 2487 2652
813 9 2 10 12 222 1209 852 2653 2654 2430
814 9 2 10 12 453 768 1173 2552 2655 1564
815 9 2 10 12 721 953 1076 2656 2657 2497
816 9 2 10 12 401 1148 1175 2658 2659 2660
817 9 2 10 12 518 1072 628 2661 2662 1747
818 9 2 10 12 400 1160 760 1548 2663 2664
819 9 2 10 12 106 1142 650 2665 2666 2667
820 9 2 10 12 467 739 1241 2668 2669 2670
821 9 2 10 12 468 855 1247 2671 2672 2622
822 9 2 10 12 499 790 778 2018 2673 2674
823 9 2 10 12 458 778 790 2675 2673 2676
824 9 2 10 12 470 1068 645 2677 2678 2679
825 9 2 10 12 492 1198 719 2680 2681 2472
826 9 2 10 12 491 720 1197 2504 2682 2683
827 9 2 10 12 405 1179 1153 2684 2685 2686
828 9 2 10 12 502 664 811 1766 1591 2365
829 9 2 10 12 388 632 1048 1892 2687 2688
830 9 2 10 12 626 1211 885 2689 2528 2690
831 9 2 10 12 980 1150 841 2691 2253 2692
832 9 2 10 12 599 893 983 2364 1645 2693
833 9 2 10 12 401 1175 775 2660 2694 2695
834 9 2 10 12 363 1089 706 2696 2457 2697
835 9 2 10 12 388 1122 790 2698 2699 2134
836 9 2 10 12 455 1163 773 1554 2700 2629
837 9 2 10 12 548 977 836 2701 2702 2703
838 9 2 10 12 406 1166 774 2704 2705 2706
839 9 2 10 12 411 776 1167 2707 2708 2709
840 9 2 10 12 431 702 895 2710 2711 2712
841 9 2 10 12 412 781 1180 2713 2714 2715
842 9 2 10 12 405 778 1179 2716 2717 2684
843 9 2 10 12 417 1019 591 2718 2719 2437
844 9 2 10 12 612 925 1102 2720 2721 2544
845 9 2 10 12 587 1158 847 1609 2722 1404
846 9 2 10 12 459 781 783 2723 2724 2600
847 9 2 10 12 494 783 781 2725 2724 2726
848 9 2 10 12 364 757 754 2290 1393 2727
849 9 2 10 12 106 650 900 2667 2728 2729
850 9 2 10 12 482 1047 936 2573 2730 2483
851 9 2 10 12 433 946 726 2731 2732 2733
852 9 2 10 12 449 762 731 2421 2734 2011
853 9 2 10 12 406 1191 1166 2735 2736 2704
854 9 2 10 12 461 843 823 1290 2737 2738
855 9 2 10 12 518 823 843 2739 2737 2740
856 9 2 10 12 445 985 991 2741 2742 2311
857 9 2 10 12 227 682 856 2345 2743 2744
858 9 2 10 12 559 1080 631 2745 2746 2470
859 9 2 10 12 451 1082 867 2747 2748 2749
860 9 2 10 12 95 96 741 150 2750 2751
861 9 2 10 12 467 1241 852 2670 2752 1459
862 9 2 10 12 460 763 1196 2753 2754 1653
863 9 2 10 12 525 726 946 2755 2732 2756
864 9 2 10 12 412 1180 1248 2715 2757 2758
865 9 2 10 12 440 908 813 2759 1683 1920
866 9 2 10 12 591 717 1078 2315 2760 2438
867 9 2 10 12 445 635 985 2156 2318 2741
868 9 2 10 12 411 1167 1243 2709 2761 2762
869 9 2 10 12 388 853 1122 2763 2764 2698
870 9 2 10 12 581 1180 826 2765 2766 2767
871 9 2 10 12 379 699 813 2028 1921 2563
872 9 2 10 12 548 1097 977 2768 2769 2701
873 9 2 10 12 481 839 765 1408 2770 2771
874 9 2 10 12 77 858 594 2772 2773 1331
875 9 2 10 12 481 765 943 2771 2774 2775
876 9 2 10 12 263 264 1108 328 1381 1875
877 9 2 10 12 381 815 714 2776 1787 2777
878 9 2 10 12 418 672 1086 2501 2778 2779
879 9 2 10 12 278 649 1107 2307 2780 2781
880 9 2 10 12 461 1109 656 2782 2783 1293
881 9 2 10 12 381 716 815 1926 2784 2776
882 9 2 10 12 513 1048 632 2785 2687 1726
883 9 2 10 12 560 1149 1058 2786 1512 2787
884 9 2 10 12 703 704 1152 2332 2788 2789
885 9 2 10 12 119 903 651 2790 2791 2649
886 9 2 10 12 410 1163 941 2792 1517 2587
887 9 2 10 12 354 865 725 2793 2794 2593
888 9 2 10 12 504 725 865 2610 2794 2795
889 9 2 10 12 414 1123 630 1958 2093 1868
890 9 2 10 12 679 1098 738 2796 2797 1928
891 9 2 10 12 577 817 1166 2798 2799 2800
892 9 2 10 12 450 835 660 2343 2410 1558
893 9 2 10 12 475 633 932 2561 2801 2802
894 9 2 10 12 578 1167 818 2803 2804 2805
895 9 2 10 12 224 225 1203 289 2222 2406
896 9 2 10 12 397 702 1026 2806 2136 2807
897 9 2 10 12 609 928 1105 2808 2809 1830
898 9 2 10 12 589 1186 842 2810 2811 1438
899 9 2 10 12 532 1229 648 2812 2813 1655
900 9 2 10 12 455 945 1228 2547 2814 2815
901 9 2 10 12 377 979 765 2816 2817 2818
902 9 2 10 12 545 765 979 2819 2817 2820
903 9 2 10 12 535 643 1066 1594 2821 2822
904 9 2 10 12 423 669 1073 2053 2823 2824
905 9 2 10 12 491 631 956 2393 2825 2502
906 9 2 10 12 585 856 1099 1497 2826 2827
907 9 2 10 12 433 726 878 2733 1988 2828
908 9 2 10 12 485 708 1130 1563 2829 2830
909 9 2 10 12 451 1254 1082 1273 2831 2747
910 9 2 10 12 508 735 1177 2329 2832 1658
911 9 2 10 12 96 1186 741 2833 2834 2750
912 9 2 10 12 421 882 644 2835 2003 1614
913 9 2 10 12 430 1078 717 2586 2760 2836
914 9 2 10 12 415 899 752 2837 2838 2598
915 9 2 10 12 719 1198 850 2681 2839 2840
916 9 2 10 12 720 851 1197 2841 2842 2682
917 9 2 10 12 465 544 963 1934 2843 2844
918 9 2 10 12 447 1000 632 2302 1698 1888
919 9 2 10 12 435 996 959 2845 2846 1793
920 9 2 10 12 469 856 682 2847 2743 2848
921 9 2 10 12 132 873 675 2849 2850 2333
922 9 2 10 12 261 874 674 2851 2852 2335
923 9 2 10 12 21 1082 960 2853 2854 2855
924 9 2 10 12 477 594 858 2648 2773 2856
925 9 2 10 12 460 1238 870 2857 2858 2443
926 9 2 10 12 619 1040 755 1664 2295 1952
927 9 2 10 12 100 101 747 155 2859 2860
928 9 2 10 12 470 645 1027 2679 1993 2861
929 9 2 10 12 368 1015 702 2862 2157 2863
930 9 2 10 12 370 697 802 2864 2865 2866
931 9 2 10 12 277 278 759 342 2867 2868
932 9 2 10 12 451 867 608 2749 2869 2870
933 9 2 10 12 495 731 762 2871 2734 2320
934 9 2 10 12 603 1195 710 1992 2872 1604
935 9 2 10 12 459 939 1231 2602 2873 2874
936 9 2 10 12 447 724 857 2652 2554 2875
937 9 2 10 12 439 699 798 2040 2027 2876
938 9 2 10 12 438 698 799 2038 2023 2877
939 9 2 10 12 437 700 800 2042 2025 2878
940 9 2 10 12 388 730 853 2879 2880 2763
941 9 2 10 12 489 853 730 2075 2880 1930
942 9 2 10 12 464 937 792 1433 2881 2882
943 9 2 10 12 743 870 1042 2355 2883 2884
944 9 2 10 12 719 1037 955 2885 2886 2473
945 9 2 10 12 396 1138 640 2436 2118 2887
946 9 2 10 12 505 898 646 2465 1961 2888
947 9 2 10 12 562 1218 1071 2889 1894 2890
948 9 2 10 12 447 857 728 2875 2891 2120
949 9 2 10 12 73 688 904 2567 2892 2893
950 9 2 10 12 474 675 873 1776 2850 2223
951 9 2 10 12 475 674 874 1783 2852 2559
952 9 2 10 12 395 655 924 1797 2894 2895
953 9 2 10 12 518 827 861 1749 2896 2897
954 9 2 10 12 484 861 827 2605 2896 2590
955 9 2 10 12 580 1151 822 2131 2898 1373
956 9 2 10 12 463 802 697 1954 2865 1908
957 9 2 10 12 416 757 877 1394 2899 2900
958 9 2 10 12 610 932 1104 2901 2902 2543
959 9 2 10 12 246 662 901 1555 2903 2904
960 9 2 10 12 540 746 1185 1368 2905 2906
961 9 2 10 12 636 1025 517 2907 2908 2909
962 9 2 10 12 572 703 950 1402 2910 2911
963 9 2 10 12 352 691 1050 2912 2913 1881
964 9 2 10 12 372 989 637 2914 2915 1693
965 9 2 10 12 503 574 1093 2378 2916 2917
966 9 2 10 12 507 804 705 2918 2516 2919
967 9 2 10 12 543 666 1064 1491 2920 2921
968 9 2 10 12 358 905 797 2922 2923 2924
969 9 2 10 12 409 1102 925 2925 2721 2374
970 9 2 10 12 434 1218 876 2926 2927 2369
971 9 2 10 12 1183 636 517 2928 2909 2929
972 9 2 10 12 423 638 1254 1309 2930 2931
973 9 2 10 12 396 1245 602 2932 2933 2434
974 9 2 10 12 616 1087 923 2414 2934 2148
975 9 2 10 12 611 933 1103 2935 2936 2542
976 9 2 10 12 615 922 1088 2124 2937 1839
977 9 2 10 12 720 956 1036 2503 2938 2939
978 9 2 10 12 523 989 706 2940 2941 2456
979 9 2 10 12 443 619 1137 1665 1268 2942
980 9 2 10 12 508 763 795 2943 2944 2046
981 9 2 10 12 467 947 820 1414 2945 2275
982 9 2 10 12 464 793 1184 2946 2947 1663
983 9 2 10 12 381 881 686 2948 1919 2949
984 9 2 10 12 394 1041 810 2950 2395 2951
985 9 2 10 12 396 640 771 2887 2952 2953
986 9 2 10 12 103 919 658 2954 2955 1870
987 9 2 10 12 492 658 919 2956 2955 2957
988 9 2 10 12 368 648 1015 1673 2958 2862
989 9 2 10 12 426 1065 886 2959 2960 1725
990 9 2 10 12 622 886 1065 2961 2960 2962
991 9 2 10 12 398 1020 1099 2963 2964 2965
992 9 2 10 12 406 1105 928 2966 2809 2967
993 9 2 10 12 392 882 569 2004 2968 2019
994 9 2 10 12 575 645 1140 1994 2577 2969
995 9 2 10 12 351 1152 704 2970 2788 2971
996 9 2 10 12 276 957 811 2972 2366 2973
997 9 2 10 12 471 900 650 2974 2728 2975
998 9 2 10 12 476 1090 670 2976 2977 2978
999 9 2 10 12 485 1130 1255 2830 2979 2980
1000 9 2 10 12 589 741 1186 2981 2834 2810
1001 9 2 10 12 382 911 660 2982 2983 2409
1002 9 2 10 12 537 710 1195 2984 2872 2985
1003 9 2 10 12 571 1225 593 2986 2987 2299
1004 9 2 10 12 431 690 666 2988 2989 2384
1005 9 2 10 12 472 651 903 2990 2791 2991
1006 9 2 10 12 420 1001 750 2298 2992 2284
1007 9 2 10 12 606 709 1244 1686 2993 2994
1008 9 2 10 12 539 1244 709 2995 2993 2996
1009 9 2 10 12 502 634 1159 1756 2997 2998
1010 9 2 10 12 3 67 803 79 2614 2999
1011 9 2 10 12 581 826 1164 2767 3000 2014
1012 9 2 10 12 367 625 845 3001 3002 2200
1013 9 2 10 12 532 707 1229 3003 3004 2812
1014 9 2 10 12 350 995 630 3005 2589 1304
1015 9 2 10 12 425 1207 912 3006 1630 3007
1016 9 2 10 12 504 793 792 3008 3009 3010
1017 9 2 10 12 464 792 793 2882 3009 2946
1018 9 2 10 12 485 815 716 3011 2784 1561
1019 9 2 10 12 265 715 876 2065 2370 3012
1020 9 2 10 12 357 1028 832 3013 2506 3014
1021 9 2 10 12 451 997 663 3015 3016 1271
1022 9 2 10 12 582 1232 828 3017 3018 2539
1023 9 2 10 12 552 837 1221 3019 3020 3021
1024 9 2 10 12 378 1219 766 2067 3022 3023
1025 9 2 10 12 380 1220 767 2069 3024 3025
1026 9 2 10 12 134 135 1060 189 3026 1340
1027 9 2 10 12 533 673 1045 1738 3027 3028
1028 9 2 10 12 622 1251 886 2235 3029 2961
1029 9 2 10 12 448 794 894 3030 3031 3032
1030 9 2 10 12 517 894 794 3033 3031 3034
1031 9 2 10 12 441 746 1194 3035 3036 3037
1032 9 2 10 12 278 1107 759 2781 3038 2867
1033 9 2 10 12 520 846 779 3039 3040 3041
1034 9 2 10 12 577 1165 817 1710 3042 2798
1035 9 2 10 12 578 818 1168 2805 3043 2029
1036 9 2 10 12 478 884 840 3044 3045 3046
1037 9 2 10 12 837 981 1221 3047 3048 3020
1038 9 2 10 12 576 816 1169 1410 3049 2031
1039 9 2 10 12 471 650 922 2975 3050 2123
1040 9 2 10 12 460 795 763 2445 2944 2753
1041 9 2 10 12 381 714 881 2777 3051 2948
1042 9 2 10 12 765 1033 943 3052 3053 2774
1043 9 2 10 12 350 629 1014 1306 2288 3054
1044 9 2 10 12 602 1004 935 3055 2160 3056
1045 9 2 10 12 449 831 718 2133 2058 3057
1046 9 2 10 12 392 845 1116 3058 3059 2330
1047 9 2 10 12 437 1199 970 3060 3061 2422
1048 9 2 10 12 440 968 1200 2427 3062 3063
1049 9 2 10 12 424 594 1079 1811 2647 3064
1050 9 2 10 12 432 1107 649 3065 2780 1278
1051 9 2 10 12 472 923 651 2149 3066 2990
1052 9 2 10 12 407 1104 932 3067 2902 3068
1053 9 2 10 12 469 1099 856 3069 2826 2847
1054 9 2 10 12 529 599 983 3070 2693 3071
1055 9 2 10 12 473 901 662 3072 2903 3073
1056 9 2 10 12 614 940 1220 2349 3074 2068
1057 9 2 10 12 613 941 1219 2353 3075 2066
1058 9 2 10 12 521 644 1116 3076 2331 3077
1059 9 2 10 12 401 1088 922 3078 2937 3079
1060 9 2 10 12 235 236 1140 300 3080 2576
1061 9 2 10 12 404 952 1173 2383 1829 3081
1062 9 2 10 12 228 918 682 3082 3083 2344
1063 9 2 10 12 491 682 918 3084 3083 2392
1064 9 2 10 12 104 683 919 2347 3085 3086
1065 9 2 10 12 492 919 683 2957 3085 3087
1066 9 2 10 12 405 923 1087 3088 2934 3089
1067 9 2 10 12 583 829 1242 2643 3090 3091
1068 9 2 10 12 374 1023 969 3092 2096 3093
1069 9 2 10 12 436 747 1085 1742 3094 3095
1070 9 2 10 12 462 618 904 3096 3097 3098
1071 9 2 10 12 118 119 1145 173 2651 3099
1072 9 2 10 12 561 1085 747 3100 3094 3101
1073 9 2 10 12 499 778 824 2674 3102 3103
1074 9 2 10 12 405 824 778 3104 3102 2716
1075 9 2 10 12 253 254 808 318 3105 1858
1076 9 2 10 12 251 252 809 316 1861 3106
1077 9 2 10 12 498 812 768 1946 3107 2548
1078 9 2 10 12 404 768 812 3108 3107 3109
1079 9 2 10 12 479 913 675 3110 3111 1777
1080 9 2 10 12 131 675 913 2334 3111 3112
1081 9 2 10 12 480 914 674 3113 3114 1779
1082 9 2 10 12 260 674 914 2336 3114 3115
1083 9 2 10 12 559 1125 1080 3116 1596 2745
1084 9 2 10 12 509 871 758 3117 3118 1418
1085 9 2 10 12 448 894 665 3032 2418 3119
1086 9 2 10 12 713 1078 942 3120 2585 3121
1087 9 2 10 12 407 758 871 1964 3118 3122
1088 9 2 10 12 113 114 806 168 3123 1910
1089 9 2 10 12 111 112 807 166 1913 3124
1090 9 2 10 12 408 1103 933 3125 2936 3126
1091 9 2 10 12 245 901 676 3127 3128 2339
1092 9 2 10 12 401 775 819 2695 3129 3130
1093 9 2 10 12 501 819 775 1998 3129 2620
1094 9 2 10 12 620 1114 966 3131 3132 2615
1095 9 2 10 12 244 676 915 2340 3133 3134
1096 9 2 10 12 481 915 676 3135 3133 1406
1097 9 2 10 12 462 1046 618 3136 1884 3096
1098 9 2 10 12 420 642 985 2286 3137 2317
1099 9 2 10 12 575 1237 814 3138 3139 2644
1100 9 2 10 12 393 830 1061 3140 3141 3142
1101 9 2 10 12 39 40 779 65 3143 3144
1102 9 2 10 12 546 927 942 2100 3145 2303
1103 9 2 10 12 106 107 1142 161 3146 2665
1104 9 2 10 12 105 900 683 3147 3148 2346
1105 9 2 10 12 235 645 1068 2578 2678 3149
1106 9 2 10 12 441 969 1185 2429 3150 3151
1107 9 2 10 12 503 1206 771 3152 3153 2376
1108 9 2 10 12 535 777 975 3154 3155 3156
1109 9 2 10 12 493 681 926 1495 3157 3158
1110 9 2 10 12 121 926 681 3159 3157 2372
1111 9 2 10 12 466 905 881 3160 1900 3161
1112 9 2 10 12 361 707 1077 3162 3163 3164
1113 9 2 10 12 552 1216 761 3165 3166 1808
1114 9 2 10 12 68 1260 641 3167 3168 1556
1115 9 2 10 12 224 656 1109 2408 2783 3169
1116 9 2 10 12 533 1045 863 3028 3170 1879
1117 9 2 10 12 725 907 1226 2609 3171 3172
1118 9 2 10 12 439 1178 967 3173 3174 2424
1119 9 2 10 12 473 676 901 1641 3128 3072
1120 9 2 10 12 393 1061 1130 3142 3175 3176
1121 9 2 10 12 135 1230 1060 2631 3177 3026
1122 9 2 10 12 31 32 777 57 1951 3178
1123 9 2 10 12 534 1050 899 1882 3179 3180
1124 9 2 10 12 612 1190 925 2203 3181 2720
1125 9 2 10 12 473 662 928 3073 3182 3183
1126 9 2 10 12 381 686 875 2949 2060 1974
1127 9 2 10 12 372 644 1035 1662 3184 3185
1128 9 2 10 12 454 1175 828 3186 2540 2150
1129 9 2 10 12 452 1160 814 3187 2645 2086
1130 9 2 10 12 428 1098 679 3188 2796 3189
1131 9 2 10 12 375 719 850 2245 2840 1483
1132 9 2 10 12 373 851 720 3190 2841 2238
1133 9 2 10 12 446 1188 979 3191 3192 2458
1134 9 2 10 12 433 878 1144 2828 3193 3194
1135 9 2 10 12 120 681 903 2373 3195 3196
1136 9 2 10 12 130 913 677 3197 3198 1820
1137 9 2 10 12 16 17 787 42 2612 3199
1138 9 2 10 12 259 914 678 3200 3201 1821
1139 9 2 10 12 492 955 658 2474 3202 2956
1140 9 2 10 12 77 78 858 90 3203 2772
1141 9 2 10 12 523 722 1143 1898 3204 3205
1142 9 2 10 12 397 895 702 3206 2711 2806
1143 9 2 10 12 640 1117 771 3207 3208 2952
1144 9 2 10 12 243 915 680 3209 3210 1828
1145 9 2 10 12 375 652 970 2141 2423 2243
1146 9 2 10 12 374 969 653 3093 2428 2250
1147 9 2 10 12 373 654 967 3211 2425 3212
1148 9 2 10 12 373 968 654 2240 2426 3211
1149 9 2 10 12 419 571 996 1486 3213 3214
1150 9 2 10 12 746 1097 1194 3215 3216 3036
1151 9 2 10 12 34 1024 690 3217 3218 2432
1152 9 2 10 12 435 825 996 3219 3220 2845
1153 9 2 10 12 458 829 1179 2199 2642 3221
1154 9 2 10 12 495 773 836 2628 3222 3223
1155 9 2 10 12 410 836 773 3224 3222 3225
1156 9 2 10 12 551 871 1224 3226 3227 3228
1157 9 2 10 12 496 776 838 2638 3229 2324
1158 9 2 10 12 411 838 776 3230 3229 2707
1159 9 2 10 12 387 1008 665 3231 3232 2417
1160 9 2 10 12 406 774 837 2706 3233 3234
1161 9 2 10 12 497 837 774 3235 3233 2635
1162 9 2 10 12 466 660 1146 1575 3236 3237
1163 9 2 10 12 370 884 697 3238 3239 2864
1164 9 2 10 12 527 859 902 3240 3241 1579
1165 9 2 10 12 357 902 859 3242 3241 3243
1166 9 2 10 12 101 1136 747 3244 3245 2859
1167 9 2 10 12 472 903 681 2991 3195 1492
1168 9 2 10 12 871 978 1224 3246 3247 3227
1169 9 2 10 12 572 950 1172 2911 3248 3249
1170 9 2 10 12 209 739 1062 3250 3251 3252
1171 9 2 10 12 201 1063 740 3253 3254 3255
1172 9 2 10 12 512 729 1075 3256 3257 3258
1173 9 2 10 12 641 734 1121 3259 3260 3261
1174 9 2 10 12 471 683 900 3262 3148 2974
1175 9 2 10 12 497 728 857 2178 2891 3263
1176 9 2 10 12 526 896 860 1573 3264 3265
1177 9 2 10 12 359 860 896 3266 3264 1704
1178 9 2 10 12 385 668 1003 2361 3267 3268
1179 9 2 10 12 364 991 642 3269 3270 2289
1180 9 2 10 12 417 1078 713 2439 3120 3271
1181 9 2 10 12 423 1254 701 2931 1296 3272
1182 9 2 10 12 371 707 1067 2575 3273 3274
1183 9 2 10 12 279 841 649 3275 3276 2306
1184 9 2 10 12 361 1229 707 3277 3004 3162
1185 9 2 10 12 478 697 884 2163 3239 3044
1186 9 2 10 12 4 984 78 3278 3279 91
1187 9 2 10 12 275 811 1053 3280 1807 3281
1188 9 2 10 12 377 659 979 2205 2459 2816
1189 9 2 10 12 408 804 1103 2517 3282 3125
1190 9 2 10 12 553 840 884 1327 3045 3283
1191 9 2 10 12 456 1166 817 3284 2799 2228
1192 9 2 10 12 573 1177 729 1659 3285 3286
1193 9 2 10 12 561 658 1154 2479 3287 3288
1194 9 2 10 12 457 818 1167 2231 2804 3289
1195 9 2 10 12 38 846 687 3290 3291 2451
1196 9 2 10 12 445 617 1170 2313 3292 3293
1197 9 2 10 12 459 826 1180 3294 2766 3295
1198 9 2 10 12 397 596 895 3296 3297 3206
1199 9 2 10 12 638 960 1082 1308 2854 3298
1200 9 2 10 12 479 677 913 3299 3198 3110
1201 9 2 10 12 480 678 914 3300 3201 3113
1202 9 2 10 12 669 505 1073 3301 3302 2823
1203 9 2 10 12 478 1018 661 3303 3304 2162
1204 9 2 10 12 610 1161 932 2209 3305 2901
1205 9 2 10 12 424 1079 927 3064 3306 2099
1206 9 2 10 12 377 765 839 2818 2770 3307
1207 9 2 10 12 476 670 925 2978 1443 3308
1208 9 2 10 12 520 779 910 3041 3309 3310
1209 9 2 10 12 515 987 695 3311 3312 2278
1210 9 2 10 12 207 695 987 2403 3312 3313
1211 9 2 10 12 203 986 696 3314 3315 2400
1212 9 2 10 12 514 696 986 2272 3315 2570
1213 9 2 10 12 547 1193 832 1301 3316 2505
1214 9 2 10 12 356 864 731 1399 2012 3317
1215 9 2 10 12 549 1006 865 3318 3319 3320
1216 9 2 10 12 368 992 924 3321 3322 3323
1217 9 2 10 12 1152 524 950 3324 1852 3325
1218 9 2 10 12 467 695 1062 2277 3326 3327
1219 9 2 10 12 468 1063 696 3328 3329 2273
1220 9 2 10 12 531 1050 691 3330 2913 3331
1221 9 2 10 12 387 894 1013 2419 3332 3333
1222 9 2 10 12 367 833 772 2201 3334 3335
1223 9 2 10 12 521 1189 706 3336 3337 3338
1224 9 2 10 12 264 265 876 329 3012 1376
1225 9 2 10 12 237 238 814 302 3339 3340
1226 9 2 10 12 29 1066 1009 3341 3342 3343
1227 9 2 10 12 481 680 915 3344 3210 3135
1228 9 2 10 12 72 904 618 3345 3097 1837
1229 9 2 10 12 127 128 816 182 3346 3347
1230 9 2 10 12 250 251 891 315 3348 2005
1231 9 2 10 12 254 255 892 319 2010 3349
1232 9 2 10 12 369 1143 722 3350 3204 3351
1233 9 2 10 12 248 249 817 313 3352 3353
1234 9 2 10 12 256 257 818 321 3354 3355
1235 9 2 10 12 353 981 857 3356 3357 2553
1236 9 2 10 12 611 1162 933 2211 3358 2935
1237 9 2 10 12 110 111 883 165 3359 1969
1238 9 2 10 12 568 966 1114 1389 3132 3360
1239 9 2 10 12 22 23 867 48 3361 3362
1240 9 2 10 12 563 1009 643 3363 3364 3365
1241 9 2 10 12 124 125 822 179 3366 3367
1242 9 2 10 12 114 115 890 169 2001 3368
1243 9 2 10 12 561 747 1136 3101 3245 2478
1244 9 2 10 12 461 866 1109 3369 3370 2782
1245 9 2 10 12 577 1191 662 3371 3372 1709
1246 9 2 10 12 240 241 826 305 3373 3374
1247 9 2 10 12 108 109 828 163 3375 3376
1248 9 2 10 12 116 117 829 171 3377 3378
1249 9 2 10 12 105 106 900 160 2729 3147
1250 9 2 10 12 427 648 893 3379 3380 2363
1251 9 2 10 12 559 727 1125 2269 3381 3116
1252 9 2 10 12 428 1125 727 3382 3381 3383
1253 9 2 10 12 446 711 1096 1624 3384 3385
1254 9 2 10 12 542 1096 711 3386 3384 1989
1255 9 2 10 12 395 1086 672 3387 2778 1795
1256 9 2 10 12 522 1077 707 1923 3163 3388
1257 9 2 10 12 515 1012 745 3389 1853 3390
1258 9 2 10 12 358 978 905 3391 3392 2922
1259 9 2 10 12 451 608 997 2870 3393 3015
1260 9 2 10 12 579 936 810 2484 3394 3395
1261 9 2 10 12 470 879 1068 1711 3396 2677
1262 9 2 10 12 466 881 714 3161 3051 1574
1263 9 2 10 12 642 991 985 3270 2742 3137
1264 9 2 10 12 377 839 1267 3307 3397 2164
1265 9 2 10 12 352 965 691 1817 3398 2912
1266 9 2 10 12 413 916 1005 2146 1904 3399
1267 9 2 10 12 479 941 677 3400 1515 3299
1268 9 2 10 12 417 729 1019 3401 3402 2718
1269 9 2 10 12 480 940 678 3403 3404 3300
1270 9 2 10 12 122 692 926 1902 3405 3406
1271 9 2 10 12 9 10 909 14 3407 1606
1272 9 2 10 12 477 858 984 2856 3408 3409
1273 9 2 10 12 450 1259 735 1872 3410 2342
1274 9 2 10 12 72 73 904 85 2893 3345
1275 9 2 10 12 119 120 903 174 3196 2790
1276 9 2 10 12 507 1187 671 3411 3412 1688
1277 9 2 10 12 448 665 1106 3119 3413 3414
1278 9 2 10 12 383 1117 640 3415 3207 1506
1279 9 2 10 12 423 1073 646 2824 3416 1329
1280 9 2 10 12 481 943 680 2775 3417 3344
1281 9 2 10 12 535 1002 777 3418 3419 3154
1282 9 2 10 12 470 1027 770 2861 3420 3421
1283 9 2 10 12 358 710 1224 1605 3422 3423
1284 9 2 10 12 440 709 908 3424 2167 2759
1285 9 2 10 12 470 1023 738 3425 3426 1532
1286 9 2 10 12 272 1001 635 3427 2297 1315
1287 9 2 10 12 208 209 1062 218 3252 3428
1288 9 2 10 12 201 202 1063 211 3429 3253
1289 9 2 10 12 398 1099 769 2965 3430 3431
1290 9 2 10 12 477 647 1079 3432 3433 2646
1291 9 2 10 12 667 924 992 3434 3322 3435
1292 9 2 10 12 462 904 688 3098 2892 2032
1293 9 2 10 12 549 1102 1006 2538 3436 3318
1294 9 2 10 12 74 75 934 87 2139 3437
1295 9 2 10 12 483 717 976 3438 3439 3440
1296 9 2 10 12 472 744 1155 1494 3441 2256
1297 9 2 10 12 97 98 842 152 3442 3443
1298 9 2 10 12 399 684 1253 1611 2021 3444
1299 9 2 10 12 519 688 934 2397 3445 2611
1300 9 2 10 12 493 926 692 3158 3405 3446
1301 9 2 10 12 208 1062 695 3428 3326 2402
1302 9 2 10 12 202 696 1063 2401 3329 3429
1303 9 2 10 12 483 626 885 1526 2690 3447
1304 9 2 10 12 503 1021 1206 3448 3449 3152
1305 9 2 10 12 490 742 1057 3450 2173 3451
1306 9 2 10 12 349 735 880 3452 3453 3454
1307 9 2 10 12 449 1095 668 3455 3456 2420
1308 9 2 10 12 363 706 1189 2697 3337 3457
1309 9 2 10 12 483 885 712 3447 3458 3459
1310 9 2 10 12 638 1082 1254 3298 2831 2930
1311 9 2 10 12 592 723 1262 2595 3460 3461
1312 9 2 10 12 382 743 911 2356 3462 2982
1313 9 2 10 12 431 992 702 3463 3464 2710
1314 9 2 10 12 349 880 1255 3454 3465 2357
1315 9 2 10 12 518 861 823 2897 3466 2739
1316 9 2 10 12 390 823 861 2416 3466 2606
1317 9 2 10 12 141 142 847 196 3467 3468
1318 9 2 10 12 468 740 1063 2624 3254 3328
1319 9 2 10 12 467 1062 739 3327 3251 2668
1320 9 2 10 12 1201 365 927 3469 3470 3471
1321 9 2 10 12 564 1094 1040 2227 1968 1446
1322 9 2 10 12 578 678 1243 2030 3472 3473
1323 9 2 10 12 429 671 1187 3474 3412 3475
1324 9 2 10 12 690 895 1131 3476 3477 2433
1325 9 2 10 12 469 682 1197 2848 3478 3479
1326 9 2 10 12 471 1198 683 3480 3481 3262
1327 9 2 10 12 542 1031 1096 3482 1643 3386
1328 9 2 10 12 35 1064 1024 3483 3484 3485
1329 9 2 10 12 581 680 1248 2015 3486 3487
1330 9 2 10 12 245 246 901 310 2904 3127
1331 9 2 10 12 226 227 856 291 2744 1496
1332 9 2 10 12 384 961 718 3488 2091 2057
1333 9 2 10 12 500 831 864 1941 2132 1395
1334 9 2 10 12 139 670 1090 1576 2977 3489
1335 9 2 10 12 647 1201 927 3490 3471 3491
1336 9 2 10 12 531 752 899 3492 2838 3493
1337 9 2 10 12 429 1149 737 3494 3495 3496
1338 9 2 10 12 560 737 1149 3497 3495 2786
1339 9 2 10 12 531 869 752 3498 3499 3492
1340 9 2 10 12 520 1086 1049 3500 3501 3502
1341 9 2 10 12 519 772 833 1470 3334 2396
1342 9 2 10 12 428 679 1147 3189 3503 3504
1343 9 2 10 12 416 592 1262 3505 3461 1601
1344 9 2 10 12 470 770 1023 3421 2525 3425
1345 9 2 10 12 364 754 752 2727 2599 3506
1346 9 2 10 12 493 692 952 3446 1802 1917
1347 9 2 10 12 574 771 1117 2377 3208 3507
1348 9 2 10 12 351 1159 844 3508 3509 3510
1349 9 2 10 12 563 1029 930 3511 3512 3513
1350 9 2 10 12 379 788 1190 1845 3514 2202
1351 9 2 10 12 429 1039 671 3515 1799 3474
1352 9 2 10 12 111 807 883 3124 3516 3359
1353 9 2 10 12 512 691 965 1936 3398 3517
1354 9 2 10 12 389 721 962 3518 2107 3519
1355 9 2 10 12 608 867 1204 2869 3520 3521
1356 9 2 10 12 378 766 1162 3023 3522 2210
1357 9 2 10 12 380 767 1161 3025 3523 2208
1358 9 2 10 12 506 1147 679 3524 3503 2181
1359 9 2 10 12 609 1267 928 2165 3525 2808
1360 9 2 10 12 371 1067 655 3274 3526 1972
1361 9 2 10 12 8 661 1018 2362 3304 3527
1362 9 2 10 12 114 890 806 3368 3528 3123
1363 9 2 10 12 251 809 891 3106 3529 3348
1364 9 2 10 12 254 892 808 3349 3530 3105
1365 9 2 10 12 551 1051 800 3531 3532 2530
1366 9 2 10 12 597 808 920 1859 3533 2261
1367 9 2 10 12 487 920 808 3534 3533 3535
1368 9 2 10 12 488 809 921 3536 3537 3538
1369 9 2 10 12 597 921 809 2262 3537 1860
1370 9 2 10 12 382 795 870 1916 2444 2354
1371 9 2 10 12 492 683 1198 3087 3481 2680
1372 9 2 10 12 491 1197 682 2683 3478 3084
1373 9 2 10 12 585 1099 1020 2827 2964 3539
1374 9 2 10 12 505 646 1073 2888 3416 3302
1375 9 2 10 12 395 1049 1086 1285 3501 3387
1376 9 2 10 12 371 672 972 1973 2500 1690
1377 9 2 10 12 666 690 1024 2989 3218 3540
1378 9 2 10 12 484 1065 693 3541 3542 2603
1379 9 2 10 12 403 920 733 2260 3543 3544
1380 9 2 10 12 487 733 920 3545 3543 3534
1381 9 2 10 12 502 1159 704 2998 3546 1765
1382 9 2 10 12 367 885 625 3547 2527 3001
1383 9 2 10 12 483 976 685 3440 2089 2035
1384 9 2 10 12 359 1031 860 1636 1790 3266
1385 9 2 10 12 7 8 1018 12 3527 3548
1386 9 2 10 12 437 800 1051 2878 3532 3549
1387 9 2 10 12 512 1019 729 3550 3402 3256
1388 9 2 10 12 476 925 1190 3308 3181 3551
1389 9 2 10 12 18 19 898 44 1962 2281
1390 9 2 10 12 534 595 1052 3552 3553 3554
1391 9 2 10 12 397 975 596 3555 3556 3296
1392 9 2 10 12 486 911 743 3557 3462 1586
1393 9 2 10 12 512 965 1019 3517 3558 3550
1394 9 2 10 12 500 1141 760 2489 3559 2511
1395 9 2 10 12 126 127 944 181 3560 2125
1396 9 2 10 12 430 1202 712 3561 3562 1503
1397 9 2 10 12 367 1265 885 3563 3564 3547
1398 9 2 10 12 506 684 1147 2022 3565 3524
1399 9 2 10 12 239 240 948 304 3566 2115
1400 9 2 10 12 1132 505 669 3567 3301 3568
1401 9 2 10 12 476 887 1090 1628 3569 2976
1402 9 2 10 12 280 281 980 345 1620 3570
1403 9 2 10 12 238 239 951 303 2117 3571
1404 9 2 10 12 2 1111 10 3572 3573 15
1405 9 2 10 12 125 126 954 180 2127 3574
1406 9 2 10 12 468 1059 855 3575 3576 2671
1407 9 2 10 12 570 855 1059 1317 3576 3577
1408 9 2 10 12 703 1152 950 2789 3325 2910
1409 9 2 10 12 641 1260 734 3168 1617 3259
1410 9 2 10 12 352 976 717 1385 3439 1815
1411 9 2 10 12 489 916 806 1931 3578 3579
1412 9 2 10 12 598 806 916 1911 3578 2142
1413 9 2 10 12 598 917 807 2144 3580 1912
1414 9 2 10 12 490 807 917 3581 3580 3582
1415 9 2 10 12 413 742 917 3583 3584 2145
1416 9 2 10 12 490 917 742 3582 3584 3450
1417 9 2 10 12 435 872 825 3585 3586 3219
1418 9 2 10 12 529 1014 599 3587 2287 3070
1419 9 2 10 12 433 716 946 1567 1925 2731
1420 9 2 10 12 132 133 873 187 2226 2849
1421 9 2 10 12 261 262 874 326 2562 2851
1422 9 2 10 12 38 39 846 64 3588 3290
1423 9 2 10 12 475 932 1161 2802 3305 3589
1424 9 2 10 12 2 16 1111 41 3590 3572
1425 9 2 10 12 418 910 593 3591 3592 3593
1426 9 2 10 12 99 100 931 154 3594 2193
1427 9 2 10 12 395 924 667 2895 3434 1286
1428 9 2 10 12 567 852 1209 1460 2654 3595
1429 9 2 10 12 444 1252 796 3596 3597 2514
1430 9 2 10 12 4 92 984 146 3598 3278
1431 9 2 10 12 372 1035 989 3185 3599 2914
1432 9 2 10 12 98 99 974 153 2195 3600
1433 9 2 10 12 463 909 787 1613 3601 2446
1434 9 2 10 12 474 933 1162 2441 3358 3602
1435 9 2 10 12 386 938 728 3603 2121 2179
1436 9 2 10 12 279 280 841 344 3604 3275
1437 9 2 10 12 389 953 721 3605 2656 3518
1438 9 2 10 12 391 907 792 2477 3606 3607
1439 9 2 10 12 504 792 907 3010 3606 2608
1440 9 2 10 12 503 755 1021 1740 3608 3448
1441 9 2 10 12 550 1103 804 2535 3282 2214
1442 9 2 10 12 397 1026 897 2807 3609 3610
1443 9 2 10 12 735 1259 880 3410 3611 3453
1444 9 2 10 12 7 1018 862 3548 3612 1647
1445 9 2 10 12 490 883 807 2130 3516 3581
1446 9 2 10 12 142 143 1010 197 1461 3613
1447 9 2 10 12 483 1202 717 3614 3615 3438
1448 9 2 10 12 567 866 1054 3616 3617 3618
1449 9 2 10 12 461 1054 866 3619 3617 3369
1450 9 2 10 12 275 276 811 340 2973 3280
1451 9 2 10 12 489 806 890 3579 3528 2155
1452 9 2 10 12 426 1012 693 1854 3620 3621
1453 9 2 10 12 515 745 987 3390 3622 3311
1454 9 2 10 12 206 987 745 3623 3622 2494
1455 9 2 10 12 21 22 1082 47 3624 2853
1456 9 2 10 12 499 982 724 3625 3626 2486
1457 9 2 10 12 100 747 931 2860 1741 3594
1458 9 2 10 12 37 687 1043 2452 3627 3628
1459 9 2 10 12 495 977 731 3629 3630 2871
1460 9 2 10 12 488 891 809 2168 3529 3536
1461 9 2 10 12 487 808 892 3535 3530 2169
1462 9 2 10 12 584 788 1039 1569 1844 3631
1463 9 2 10 12 349 729 1177 3632 3285 3633
1464 9 2 10 12 592 1156 983 3634 3635 3636
1465 9 2 10 12 528 877 757 3637 2899 2248
1466 9 2 10 12 488 1250 1032 3638 3639 3640
1467 9 2 10 12 259 260 914 324 3115 3200
1468 9 2 10 12 130 131 913 185 3112 3197
1469 9 2 10 12 243 244 915 308 3134 3209
1470 9 2 10 12 436 1085 689 3095 2217 1588
1471 9 2 10 12 608 1004 1245 3641 3642 3643
1472 9 2 10 12 466 797 905 3644 2923 3160
1473 9 2 10 12 429 1187 705 3475 3645 3646
1474 9 2 10 12 373 1038 851 3647 1745 3190
1475 9 2 10 12 386 849 1032 2264 3648 3649
1476 9 2 10 12 249 250 1120 314 2187 3650
1477 9 2 10 12 255 256 1118 320 3651 2188
1478 9 2 10 12 357 859 1028 3243 2063 3013
1479 9 2 10 12 109 110 1127 164 2154 3652
1480 9 2 10 12 115 116 1126 170 3653 2175
1481 9 2 10 12 521 706 1035 3338 3654 3655
1482 9 2 10 12 384 783 961 3656 3657 3488
1483 9 2 10 12 488 921 1250 3538 3658 3638
1484 9 2 10 12 92 93 1192 147 3659 3660
1485 9 2 10 12 23 1204 867 3661 3520 3361
1486 9 2 10 12 390 693 1055 2607 3662 3663
1487 9 2 10 12 419 996 825 3214 3220 1625
1488 9 2 10 12 510 935 1234 3664 3665 3666
1489 9 2 10 12 544 750 963 1978 1832 2843
1490 9 2 10 12 490 1057 854 3451 3667 2048
1491 9 2 10 12 426 693 1065 3621 3542 2959
1492 9 2 10 12 510 1234 930 3666 3668 3669
1493 9 2 10 12 29 30 1066 55 3670 3341
1494 9 2 10 12 128 1169 816 3671 3049 3346
1495 9 2 10 12 478 840 1157 3046 3672 3673
1496 9 2 10 12 248 817 1165 3353 3042 3674
1497 9 2 10 12 257 1168 818 3675 3043 3354
1498 9 2 10 12 482 1208 741 3676 3677 2571
1499 9 2 10 12 124 822 1151 3367 2898 3678
1500 9 2 10 12 389 962 789 3519 3679 2219
1501 9 2 10 12 241 1164 826 3680 3000 3373
1502 9 2 10 12 357 832 1030 3014 3681 3682
1503 9 2 10 12 541 1030 832 3683 3681 3684
1504 9 2 10 12 398 769 1081 3431 3685 3686
1505 9 2 10 12 538 1081 769 2368 3685 3687
1506 9 2 10 12 417 1176 729 3688 3689 3401
1507 9 2 10 12 267 726 999 1805 3690 3691
1508 9 2 10 12 568 1114 1144 3360 1768 3692
1509 9 2 10 12 35 36 1064 61 3693 3483
1510 9 2 10 12 608 1204 1004 3521 3694 3641
1511 9 2 10 12 400 1084 770 3695 3696 3697
1512 9 2 10 12 540 770 1084 2526 3696 1369
1513 9 2 10 12 385 1003 780 3268 3698 2448
1514 9 2 10 12 393 1130 708 3176 2829 1826
1515 9 2 10 12 530 888 1171 3699 3700 3701
1516 9 2 10 12 27 28 1181 53 3702 3703
1517 9 2 10 12 541 1217 732 3704 3705 1834
1518 9 2 10 12 480 1220 940 3706 3074 3403
1519 9 2 10 12 479 1219 941 3707 3075 3400
1520 9 2 10 12 568 1144 878 3692 3193 1388
1521 9 2 10 12 387 786 1008 2267 3708 3231
1522 9 2 10 12 507 705 1187 2919 3645 3411
1523 9 2 10 12 573 1176 810 3709 3710 2394
1524 9 2 10 12 517 1025 733 2908 3711 3712
1525 9 2 10 12 403 733 1025 3544 3711 3713
1526 9 2 10 12 416 1156 592 3714 3634 3505
1527 9 2 10 12 365 942 927 3715 3145 3470
1528 9 2 10 12 494 781 1119 2726 3716 2518
1529 9 2 10 12 121 122 926 176 3406 3159
1530 9 2 10 12 353 724 982 2555 3626 3717
1531 9 2 10 12 448 1076 794 2498 3718 3030
1532 9 2 10 12 413 1005 1022 3399 2521 3719
1533 9 2 10 12 478 1157 862 3673 3720 3721
1534 9 2 10 12 528 1044 877 3722 3723 3637
1535 9 2 10 12 356 731 977 3317 3630 3724
1536 9 2 10 12 539 709 1200 2996 3725 3726
1537 9 2 10 12 440 1200 709 3063 3725 3424
1538 9 2 10 12 537 1199 710 3727 3728 2984
1539 9 2 10 12 536 1222 824 3729 3730 3731
1540 9 2 10 12 429 705 1149 3646 1513 3494
1541 9 2 10 12 486 797 1146 3732 3733 3734
1542 9 2 10 12 97 842 1186 3443 2811 3735
1543 9 2 10 12 358 797 1135 2924 3736 2185
1544 9 2 10 12 136 973 737 3737 3738 2556
1545 9 2 10 12 274 1053 963 3739 3740 1831
1546 9 2 10 12 232 998 727 3741 3742 2070
1547 9 2 10 12 508 1041 763 1819 3743 2943
1548 9 2 10 12 525 999 726 2626 3690 2755
1549 9 2 10 12 625 1116 845 3744 3059 3002
1550 9 2 10 12 94 95 1208 149 3745 3746
1551 9 2 10 12 366 1021 755 3747 3608 2294
1552 9 2 10 12 525 946 875 2756 1975 3748
1553 9 2 10 12 455 1228 816 2815 3749 1409
1554 9 2 10 12 228 229 918 293 2390 3082
1555 9 2 10 12 103 104 919 158 3086 2954
1556 9 2 10 12 436 743 1042 1589 2884 1519
1557 9 2 10 12 433 1144 708 3194 1827 1566
1558 9 2 10 12 393 949 830 3750 3751 3140
1559 9 2 10 12 384 939 783 2565 2601 3656
1560 9 2 10 12 513 1005 730 2630 1903 3752
1561 9 2 10 12 141 847 1158 3468 2722 3753
1562 9 2 10 12 528 994 1044 3754 3755 3722
1563 9 2 10 12 391 792 937 3607 2881 2512
1564 9 2 10 12 385 945 784 2524 2546 2170
1565 9 2 10 12 413 1022 742 3719 3756 3583
1566 9 2 10 12 516 742 1022 2174 3756 3757
1567 9 2 10 12 435 803 641 1792 2613 3758
1568 9 2 10 12 355 1124 993 3759 2105 2481
1569 9 2 10 12 39 779 846 3144 3040 3588
1570 9 2 10 12 398 843 1020 3760 1292 2963
1571 9 2 10 12 596 1131 895 1599 3477 3297
1572 9 2 10 12 372 825 872 1694 3586 1661
1573 9 2 10 12 74 934 688 3437 3445 2566
1574 9 2 10 12 537 1037 719 3761 2885 2246
1575 9 2 10 12 539 720 1036 2242 2939 3762
1576 9 2 10 12 504 1006 793 3763 3764 3008
1577 9 2 10 12 637 1143 673 3765 3766 2076
1578 9 2 10 12 459 1231 826 2874 3767 3294
1579 9 2 10 12 498 1210 860 3768 3769 1789
1580 9 2 10 12 349 1177 735 3633 2832 3452
1581 9 2 10 12 517 733 1013 3712 3770 3771
1582 9 2 10 12 394 810 936 2951 3394 3772
1583 9 2 10 12 418 1086 910 2779 3773 3591
1584 9 2 10 12 591 1019 965 2719 3558 2314
1585 9 2 10 12 368 924 1007 3323 3774 1672
1586 9 2 10 12 525 1113 715 3775 3776 2625
1587 9 2 10 12 526 1095 718 3777 3778 2090
1588 9 2 10 12 449 718 1095 3057 3778 3455
1589 9 2 10 12 40 1139 779 3779 3780 3143
1590 9 2 10 12 448 1106 721 3414 3781 2496
1591 9 2 10 12 527 721 1106 2108 3781 3782
1592 9 2 10 12 590 722 1258 3783 3784 2071
1593 9 2 10 12 647 927 1079 3491 3306 3433
1594 9 2 10 12 434 715 1113 2371 3776 2085
1595 9 2 10 12 710 1199 1051 3728 3785 3786
1596 9 2 10 12 437 1051 1199 3549 3785 3060
1597 9 2 10 12 573 729 1176 3286 3689 3709
1598 9 2 10 12 418 593 1225 3593 2987 3787
1599 9 2 10 12 510 930 1029 3669 3512 1333
1600 9 2 10 12 360 988 753 3788 3789 1983
1601 9 2 10 12 516 753 988 3790 3789 3791
1602 9 2 10 12 513 730 1048 3752 3792 2785
1603 9 2 10 12 31 777 1002 3178 3419 3793
1604 9 2 10 12 370 1132 669 3794 3568 2337
1605 9 2 10 12 223 224 1109 288 3169 3795
1606 9 2 10 12 522 707 863 3388 2574 3796
1607 9 2 10 12 1174 595 534 3797 3552 3798
1608 9 2 10 12 651 1153 1145 3799 3800 2650
1609 9 2 10 12 485 1259 815 3801 1788 3011
1610 9 2 10 12 20 21 960 46 2855 2283
1611 9 2 10 12 3 803 959 2999 1794 2379
1612 9 2 10 12 374 738 1023 1929 3426 3092
1613 9 2 10 12 431 895 690 2712 3476 2988
1614 9 2 10 12 484 725 1226 2592 3172 3802
1615 9 2 10 12 563 643 1249 3365 3803 3804
1616 9 2 10 12 494 961 783 2319 3657 2725
1617 9 2 10 12 361 1077 983 3164 3805 1644
1618 9 2 10 12 650 1142 1148 2666 3806 3807
1619 9 2 10 12 531 691 1207 3331 1631 3808
1620 9 2 10 12 386 1032 1212 3649 3809 3810
1621 9 2 10 12 355 1069 764 2152 3811 3812
1622 9 2 10 12 388 1048 730 2688 3792 2879
1623 9 2 10 12 643 1009 1066 3364 3342 2821
1624 9 2 10 12 30 31 1002 56 3793 3813
1625 9 2 10 12 127 816 944 3347 3814 3560
1626 9 2 10 12 501 789 962 2621 3679 2305
1627 9 2 10 12 542 1074 812 1990 3815 3816
1628 9 2 10 12 404 812 1074 3109 3815 2382
1629 9 2 10 12 477 984 1192 3409 3817 3818
1630 9 2 10 12 520 687 846 3819 3291 3039
1631 9 2 10 12 390 820 947 3820 2945 2388
1632 9 2 10 12 369 722 1246 3351 3821 3822
1633 9 2 10 12 496 859 1235 2064 3823 3824
1634 9 2 10 12 349 1075 729 2359 3257 3632
1635 9 2 10 12 421 1121 734 3825 3260 3826
1636 9 2 10 12 457 786 1129 2640 2582 1947
1637 9 2 10 12 456 1128 785 1944 2579 2632
1638 9 2 10 12 238 951 814 3571 2087 3339
1639 9 2 10 12 511 938 1212 3827 3828 3829
1640 9 2 10 12 428 727 1223 3383 3830 3831
1641 9 2 10 12 272 273 1001 337 3832 3427
1642 9 2 10 12 369 1246 723 3822 3833 1938
1643 9 2 10 12 240 826 948 3374 3834 3566
1644 9 2 10 12 439 1213 751 3835 3836 3837
1645 9 2 10 12 511 1212 1215 3829 3838 3839
1646 9 2 10 12 562 876 1218 1377 2927 2889
1647 9 2 10 12 442 732 1217 2237 3705 3840
1648 9 2 10 12 473 928 1267 3183 3525 3841
1649 9 2 10 12 389 1057 953 3842 2112 3605
1650 9 2 10 12 136 137 973 191 1466 3737
1651 9 2 10 12 368 702 992 2863 3464 3321
1652 9 2 10 12 276 277 957 341 3843 2972
1653 9 2 10 12 366 663 1021 2098 3844 3747
1654 9 2 10 12 499 824 982 3103 3845 3625
1655 9 2 10 12 487 1236 733 3846 3847 3545
1656 9 2 10 12 454 1115 789 1878 2492 2617
1657 9 2 10 12 417 1266 810 3848 3849 3850
1658 9 2 10 12 125 954 822 3574 2036 3366
1659 9 2 10 12 739 1257 1241 3851 3852 2669
1660 9 2 10 12 1257 220 1241 3853 3854 3852
1661 9 2 10 12 497 981 837 3855 3047 3235
1662 9 2 10 12 201 740 1256 3255 3856 3857
1663 9 2 10 12 209 1257 739 3858 3851 3250
1664 9 2 10 12 495 836 977 3223 2702 3629
1665 9 2 10 12 516 1022 753 3757 2520 3790
1666 9 2 10 12 529 983 1156 3071 3635 3859
1667 9 2 10 12 222 223 1209 287 3860 2653
1668 9 2 10 12 634 844 1159 1965 3509 2997
1669 9 2 10 12 560 1230 737 3861 2557 3497
1670 9 2 10 12 24 25 1004 50 2161 3862
1671 9 2 10 12 70 71 1034 83 2184 3863
1672 9 2 10 12 94 1208 906 3746 3864 3865
1673 9 2 10 12 531 1207 869 3808 3866 3498
1674 9 2 10 12 710 1051 1224 3786 3867 3422
1675 9 2 10 12 588 738 1098 1533 2797 3868
1676 9 2 10 12 417 810 1176 3850 3710 3688
1677 9 2 10 12 505 1132 802 3567 3869 1812
1678 9 2 10 12 517 794 1183 3034 3870 2929
1679 9 2 10 12 360 794 988 3871 3872 3788
1680 9 2 10 12 232 233 998 297 1553 3741
1681 9 2 10 12 145 1256 1247 3873 3874 3875
1682 9 2 10 12 483 712 1202 3459 3562 3614
1683 9 2 10 12 429 737 1182 3496 3876 3877
1684 9 2 10 12 498 780 1003 2550 3698 3878
1685 9 2 10 12 477 1233 647 3879 3880 3432
1686 9 2 10 12 269 270 966 334 2616 1349
1687 9 2 10 12 266 267 999 331 3691 2054
1688 9 2 10 12 740 1247 1256 2623 3874 3856
1689 9 2 10 12 572 1172 1056 3249 2490 3881
1690 9 2 10 12 367 772 1265 3335 3882 3563
1691 9 2 10 12 453 1017 780 1676 2449 2551
1692 9 2 10 12 417 713 1266 3271 3883 3848
1693 9 2 10 12 394 763 1041 3884 3743 2950
1694 9 2 10 12 234 235 1068 299 3149 3885
1695 9 2 10 12 357 1030 902 3682 1956 3242
1696 9 2 10 12 401 819 1088 3130 3886 3078
1697 9 2 10 12 541 1088 819 1836 3886 3887
1698 9 2 10 12 93 929 1192 3888 3889 3659
1699 9 2 10 12 589 1047 741 3890 2572 2981
1700 9 2 10 12 452 1016 782 1679 2466 2508
1701 9 2 10 12 523 637 989 3891 2915 2940
1702 9 2 10 12 535 975 897 3156 3892 1356
1703 9 2 10 12 223 1109 866 3795 3370 3893
1704 9 2 10 12 497 857 981 3263 3357 3855
1705 9 2 10 12 583 1145 1153 3894 3800 3895
1706 9 2 10 12 273 750 1001 2197 2992 3832
1707 9 2 10 12 68 69 1260 81 1535 3167
1708 9 2 10 12 360 805 1011 1984 3896 3897
1709 9 2 10 12 504 865 1006 2795 3319 3763
1710 9 2 10 12 356 1097 746 3898 3215 1960
1711 9 2 10 12 496 1008 786 3899 3708 2636
1712 9 2 10 12 409 793 1006 3900 3764 3901
1713 9 2 10 12 351 704 1159 2971 3546 3508
1714 9 2 10 12 486 1146 911 3734 3902 3557
1715 9 2 10 12 816 1228 944 3749 3903 3814
1716 9 2 10 12 830 949 1170 3751 3904 3905
1717 9 2 10 12 582 1148 1142 3906 3806 3907
1718 9 2 10 12 376 1155 744 2192 3441 1454
1719 9 2 10 12 507 993 804 3908 2104 2918
1720 9 2 10 12 431 667 992 2385 3435 3463
1721 9 2 10 12 405 1087 824 3089 3909 3104
1722 9 2 10 12 536 824 1087 3731 3909 2411
1723 9 2 10 12 360 1011 1183 3897 3910 3911
1724 9 2 10 12 28 29 1009 54 3343 3912
1725 9 2 10 12 712 885 1265 3458 3564 3913
1726 9 2 10 12 471 850 1198 1482 2839 3480
1727 9 2 10 12 469 1197 851 3479 2842 1669
1728 9 2 10 12 824 1222 982 3730 3914 3845
1729 9 2 10 12 527 1106 1235 3782 3915 3916
1730 9 2 10 12 556 1130 1061 3917 3175 3918
1731 9 2 10 12 441 1185 746 3151 2905 3035
1732 9 2 10 12 548 836 1101 2703 3919 1582
1733 9 2 10 12 410 1101 836 2588 3919 3224
1734 9 2 10 12 593 910 779 3592 3309 3920
1735 9 2 10 12 485 880 1259 3921 3611 3801
1736 9 2 10 12 400 770 1027 3697 3420 1420
1737 9 2 10 12 532 1067 707 3922 3273 3003
1738 9 2 10 12 406 837 1105 3234 3923 2966
1739 9 2 10 12 552 1105 837 1810 3923 3019
1740 9 2 10 12 138 139 1090 193 3489 3924
1741 9 2 10 12 547 838 1100 3925 3926 1584
1742 9 2 10 12 411 1100 838 2584 3926 3230
1743 9 2 10 12 498 1003 1210 3878 3927 3768
1744 9 2 10 12 203 204 986 213 2327 3314
1745 9 2 10 12 206 207 987 216 3313 3623
1746 9 2 10 12 648 1229 893 2813 3928 3380
1747 9 2 10 12 538 769 1038 3687 1746 3929
1748 9 2 10 12 442 1193 748 3930 1281 1770
1749 9 2 10 12 441 1194 749 3037 1284 1772
1750 9 2 10 12 545 1033 765 3931 3052 2819
1751 9 2 10 12 422 1249 643 3932 3803 1593
1752 9 2 10 12 36 37 1043 62 3628 3933
1753 9 2 10 12 460 842 1238 1439 3934 2857
1754 9 2 10 12 478 862 1018 3721 3612 3303
1755 9 2 10 12 595 1258 722 3935 3784 2568
1756 9 2 10 12 826 1231 948 3767 3936 3834
1757 9 2 10 12 387 1236 848 3937 3938 2265
1758 9 2 10 12 521 1035 644 3655 3184 3076
1759 9 2 10 12 95 741 1208 2751 3677 3745
1760 9 2 10 12 438 1205 764 3939 3940 1743
1761 9 2 10 12 423 701 1094 3272 1866 2051
1762 9 2 10 12 354 751 1110 2092 3941 3942
1763 9 2 10 12 584 1039 1182 3631 3943 3944
1764 9 2 10 12 526 1210 1095 3945 3946 3777
1765 9 2 10 12 34 35 1024 60 3485 3217
1766 9 2 10 12 356 977 1097 3724 2769 3898
1767 9 2 10 12 443 1137 841 2942 3947 2255
1768 9 2 10 12 237 814 1237 3340 3139 3948
1769 9 2 10 12 636 1183 1011 2928 3910 3949
1770 9 2 10 12 713 942 1227 3121 3950 3951
1771 9 2 10 12 557 1214 906 3952 3953 1666
1772 9 2 10 12 503 1093 844 2917 3954 1739
1773 9 2 10 12 108 828 1232 3376 3018 3955
1774 9 2 10 12 535 1066 1002 2822 3956 3418
1775 9 2 10 12 511 1011 805 3957 3896 1995
1776 9 2 10 12 439 751 1178 3837 1287 3173
1777 9 2 10 12 585 1020 1203 3539 3958 1468
1778 9 2 10 12 656 1203 1020 2407 3958 1294
1779 9 2 10 12 274 275 1053 339 3281 3739
1780 9 2 10 12 582 1175 1148 2541 2659 3906
1781 9 2 10 12 543 1043 687 3959 3627 3960
1782 9 2 10 12 446 1096 756 3385 1642 3961
1783 9 2 10 12 556 912 1075 3962 3963 2596
1784 9 2 10 12 506 764 1069 1489 3811 1713
1785 9 2 10 12 98 974 842 3600 3964 3442
1786 9 2 10 12 484 1226 1065 3802 3965 3541
1787 9 2 10 12 223 866 1209 3893 3966 3860
1788 9 2 10 12 532 1007 655 1657 3967 3968
1789 9 2 10 12 117 1242 829 3969 3090 3377
1790 9 2 10 12 468 821 1059 2274 2454 3575
1791 9 2 10 12 665 1235 1106 3970 3915 3413
1792 9 2 10 12 557 929 1214 3971 3972 3952
1793 9 2 10 12 418 971 972 3973 3974 2499
1794 9 2 10 12 442 832 1193 3975 3316 3930
1795 9 2 10 12 668 1095 1210 3456 3946 3976
1796 9 2 10 12 596 975 777 3556 3155 1950
1797 9 2 10 12 602 1245 1004 2933 3642 3055
1798 9 2 10 12 515 820 1055 2279 3977 3978
1799 9 2 10 12 579 810 1266 3395 3849 3979
1800 9 2 10 12 666 1024 1064 3540 3484 2920
1801 9 2 10 12 583 1153 1179 3895 2685 2641
1802 9 2 10 12 543 687 1049 3960 3980 1274
1803 9 2 10 12 601 1122 853 2078 2764 2074
1804 9 2 10 12 446 756 1188 3961 1378 3191
1805 9 2 10 12 78 984 858 3279 3408 3203
1806 9 2 10 12 469 769 1099 1671 3430 3069
1807 9 2 10 12 434 758 1218 1417 1895 2926
1808 9 2 10 12 636 1215 1133 3981 3982 3983
1809 9 2 10 12 706 989 1035 2941 3599 3654
1810 9 2 10 12 432 759 1107 2391 3038 3065
1811 9 2 10 12 514 1251 821 3984 3985 2270
1812 9 2 10 12 400 760 1141 2664 3559 3986
1813 9 2 10 12 355 764 1124 3812 3987 3759
1814 9 2 10 12 622 1226 907 3988 3171 2476
1815 9 2 10 12 496 1235 1008 3824 3989 3899
1816 9 2 10 12 392 1046 845 2020 3990 3058
1817 9 2 10 12 452 760 1160 2510 2663 3187
1818 9 2 10 12 394 1196 763 3991 2754 3884
1819 9 2 10 12 444 761 1216 2463 3166 3992
1820 9 2 10 12 509 978 871 3993 3246 3117
1821 9 2 10 12 510 1138 935 2119 3994 3664
1822 9 2 10 12 660 911 1146 2983 3902 3236
1823 9 2 10 12 474 1162 766 3602 3522 1774
1824 9 2 10 12 475 1161 767 3589 3523 1782
1825 9 2 10 12 550 1205 799 3995 3996 2533
1826 9 2 10 12 479 766 1219 1778 3022 3707
1827 9 2 10 12 480 767 1220 1781 3024 3706
1828 9 2 10 12 404 1173 768 3081 2655 3108
1829 9 2 10 12 27 1181 930 3703 3997 3998
1830 9 2 10 12 561 1154 1085 3288 2322 3100
1831 9 2 10 12 794 1076 988 3718 3999 3872
1832 9 2 10 12 532 655 1067 3968 3526 3922
1833 9 2 10 12 542 812 1031 3816 1945 3482
1834 9 2 10 12 834 1216 1221 4000 4001 4002
1835 9 2 10 12 649 841 1137 3276 3947 1277
1836 9 2 10 12 565 897 1026 1501 3609 4003
1837 9 2 10 12 410 773 1163 3225 2700 2792
1838 9 2 10 12 456 774 1166 2634 2705 3284
1839 9 2 10 12 412 1119 781 4004 3716 2713
1840 9 2 10 12 23 24 1204 49 4005 3661
1841 9 2 10 12 457 1167 776 3289 2708 2639
1842 9 2 10 12 454 775 1175 2619 2694 3186
1843 9 2 10 12 549 1213 798 4006 4007 2536
1844 9 2 10 12 438 799 1205 2877 3996 3939
1845 9 2 10 12 541 819 1030 3887 1997 3683
1846 9 2 10 12 558 870 1238 4008 2858 4009
1847 9 2 10 12 362 1171 888 4010 3700 4011
1848 9 2 10 12 234 1068 879 3885 3396 2114
1849 9 2 10 12 277 759 957 2868 2109 3843
1850 9 2 10 12 563 1181 1009 4012 4013 3363
1851 9 2 10 12 458 790 1122 2676 2699 2077
1852 9 2 10 12 458 1179 778 3221 2717 2675
1853 9 2 10 12 142 1010 847 3613 2291 3467
1854 9 2 10 12 370 802 1132 2866 3869 3794
1855 9 2 10 12 517 1013 894 3771 3332 3033
1856 9 2 10 12 461 823 1054 2738 2415 3619
1857 9 2 10 12 459 1180 781 3295 2714 2723
1858 9 2 10 12 511 1000 938 1996 2301 3827
1859 9 2 10 12 282 283 1157 347 4014 4015
1860 9 2 10 12 518 843 1072 2740 4016 2661
1861 9 2 10 12 439 798 1213 2876 4007 3835
1862 9 2 10 12 476 1190 788 3551 3514 1568
1863 9 2 10 12 26 27 1234 52 4017 4018
1864 9 2 10 12 220 221 1241 285 4019 3854
1865 9 2 10 12 444 1216 834 3992 4000 4020
1866 9 2 10 12 362 1172 950 4021 3248 1621
1867 9 2 10 12 547 1028 838 2507 2325 3925
1868 9 2 10 12 144 145 1247 199 3875 4022
1869 9 2 10 12 390 1055 820 3663 3977 3820
1870 9 2 10 12 509 905 978 1901 3392 3993
1871 9 2 10 12 230 231 1070 295 1864 2468
1872 9 2 10 12 572 1056 1123 3881 4023 1400
1873 9 2 10 12 236 237 1237 301 3948 4024
1874 9 2 10 12 117 118 1242 172 4025 3969
1875 9 2 10 12 351 844 1093 3510 3954 4026
1876 9 2 10 12 107 108 1232 162 3955 4027
1877 9 2 10 12 24 1004 1204 3862 3694 4005
1878 9 2 10 12 409 1184 793 2375 2947 3900
1879 9 2 10 12 360 1183 794 3911 3870 3871
1880 9 2 10 12 354 1110 865 3942 4028 2793
1881 9 2 10 12 549 865 1110 3320 4028 4029
1882 9 2 10 12 486 1135 797 1391 3736 3732
1883 9 2 10 12 466 1146 797 3237 3733 3644
1884 9 2 10 12 365 868 1227 4030 4031 4032
1885 9 2 10 12 428 1147 1125 3504 4033 3382
1886 9 2 10 12 684 1125 1147 1597 4033 3565
1887 9 2 10 12 536 796 1252 2413 3597 4034
1888 9 2 10 12 138 1090 887 3924 3569 2045
1889 9 2 10 12 369 673 1143 4035 3766 3350
1890 9 2 10 12 577 1166 1191 2800 2736 3371
1891 9 2 10 12 93 94 1214 148 4036 4037
1892 9 2 10 12 633 1108 1071 1761 4038 4039
1893 9 2 10 12 680 943 1248 3417 4040 3486
1894 9 2 10 12 678 940 1243 3404 4041 3472
1895 9 2 10 12 551 1104 871 2532 4042 3226
1896 9 2 10 12 407 871 1104 3122 4042 3067
1897 9 2 10 12 280 980 841 3570 2692 3604
1898 9 2 10 12 425 1061 830 4043 3141 1299
1899 9 2 10 12 520 1049 687 3502 3980 3819
1900 9 2 10 12 482 906 1208 1849 3864 3676
1901 9 2 10 12 402 955 1037 4044 2886 4045
1902 9 2 10 12 488 1032 849 3640 3648 2079
1903 9 2 10 12 530 1134 888 4046 4047 3699
1904 9 2 10 12 629 1123 1056 2094 4023 1874
1905 9 2 10 12 562 1071 1108 2890 4038 1382
1906 9 2 10 12 427 1134 648 4048 4049 3379
1907 9 2 10 12 529 1156 877 3859 4050 4051
1908 9 2 10 12 397 897 975 3610 3892 3555
1909 9 2 10 12 365 1227 942 4032 3950 3715
1910 9 2 10 12 430 717 1202 2836 3615 3561
1911 9 2 10 12 399 1036 956 4052 2938 4053
1912 9 2 10 12 101 102 1136 156 2207 3244
1913 9 2 10 12 396 1206 997 4054 4055 4056
1914 9 2 10 12 556 1255 1130 2597 2979 3917
1915 9 2 10 12 560 1058 1060 2787 4057 4058
1916 9 2 10 12 621 1060 1058 1367 4057 4059
1917 9 2 10 12 507 908 993 1684 2482 3908
1918 9 2 10 12 6 1257 209 4060 3858 219
1919 9 2 10 12 5 1256 145 4061 3873 200
1920 9 2 10 12 5 201 1256 210 3857 4061
1921 9 2 10 12 6 220 1257 284 3853 4060
1922 9 2 10 12 123 124 1151 178 3678 1822
1923 9 2 10 12 350 1044 994 4062 3755 4063
1924 9 2 10 12 140 141 1158 195 3753 1363
1925 9 2 10 12 241 242 1164 306 1708 3680
1926 9 2 10 12 247 248 1165 312 3674 1440
1927 9 2 10 12 257 258 1168 322 1730 3675
1928 9 2 10 12 128 129 1169 183 1736 3671
1929 9 2 10 12 249 1120 817 3650 2229 3352
1930 9 2 10 12 256 818 1118 3355 2230 3651
1931 9 2 10 12 96 97 1186 151 3735 2833
1932 9 2 10 12 602 935 1138 3056 3994 2435
1933 9 2 10 12 529 877 1044 4051 3723 4064
1934 9 2 10 12 421 1112 882 4065 4066 2835
1935 9 2 10 12 534 1052 685 3554 4067 2088
1936 9 2 10 12 514 886 1251 1724 3029 3984
1937 9 2 10 12 586 1133 1215 4068 3982 4069
1938 9 2 10 12 398 1072 843 4070 4016 3760
1939 9 2 10 12 361 893 1229 1646 3928 3277
1940 9 2 10 12 842 974 1238 3964 4071 3934
1941 9 2 10 12 593 779 1139 3920 3780 1650
1942 9 2 10 12 109 1127 828 3652 2151 3375
1943 9 2 10 12 389 854 1057 2221 3667 3842
1944 9 2 10 12 116 829 1126 3378 2198 3653
1945 9 2 10 12 552 1221 1216 3021 4001 3165
1946 9 2 10 12 26 1234 935 4018 3665 2475
1947 9 2 10 12 387 1013 1236 3333 4072 3937
1948 9 2 10 12 546 712 1265 1504 3913 4073
1949 9 2 10 12 558 1042 870 2310 2883 4008
1950 9 2 10 12 662 1191 928 3372 4074 3182
1951 9 2 10 12 3 1139 40 2380 3779 66
1952 9 2 10 12 622 1065 1226 2962 3965 3988
1953 9 2 10 12 522 863 1045 3796 3170 1731
1954 9 2 10 12 462 845 1046 1857 3990 3136
1955 9 2 10 12 425 869 1207 1298 3866 3006
1956 9 2 10 12 391 821 1251 2455 3985 2234
1957 9 2 10 12 409 1006 1102 3901 3436 2925
1958 9 2 10 12 523 1143 637 3205 3765 3891
1959 9 2 10 12 350 994 995 4063 4075 3005
1960 9 2 10 12 617 830 1170 1342 3905 3292
1961 9 2 10 12 365 1201 868 3469 4076 4030
1962 9 2 10 12 563 889 1029 4077 4078 3511
1963 9 2 10 12 557 868 1201 1668 4076 4079
1964 9 2 10 12 283 862 1157 1649 3720 4014
1965 9 2 10 12 487 848 1236 2084 3938 3846
1966 9 2 10 12 713 1227 1266 3951 4080 3883
1967 9 2 10 12 543 1064 1043 2921 4081 3959
1968 9 2 10 12 442 1217 832 3840 4082 3975
1969 9 2 10 12 353 1222 834 4083 4084 4085
1970 9 2 10 12 536 1252 834 4034 4086 4087
1971 9 2 10 12 443 1150 791 2254 4088 1979
1972 9 2 10 12 579 1227 868 4089 4031 2129
1973 9 2 10 12 416 877 1156 2900 4050 3714
1974 9 2 10 12 651 923 1153 3066 4090 3799
1975 9 2 10 12 541 832 1217 3684 4082 3704
1976 9 2 10 12 353 834 1221 4085 4002 4091
1977 9 2 10 12 592 983 1077 3636 3805 2594
1978 9 2 10 12 536 834 1222 4087 4084 3729
1979 9 2 10 12 527 1235 859 3916 3823 3240
1980 9 2 10 12 658 955 1154 3202 4092 3287
1981 9 2 10 12 422 889 1249 2515 4093 3932
1982 9 2 10 12 650 1148 922 3807 4094 3050
1983 9 2 10 12 435 1121 872 4095 4096 3585
1984 9 2 10 12 534 899 1174 3180 4097 3798
1985 9 2 10 12 444 834 1252 4020 4086 3596
1986 9 2 10 12 412 943 1033 4098 3053 4099
1987 9 2 10 12 600 854 1115 2049 2493 2341
1988 9 2 10 12 604 849 1128 2080 2580 2480
1989 9 2 10 12 605 1129 848 2485 2581 2083
1990 9 2 10 12 620 949 1114 2102 4100 3131
1991 9 2 10 12 370 791 1240 2338 4101 4102
1992 9 2 10 12 526 860 1210 3265 3769 3945
1993 9 2 10 12 617 991 1263 2312 4103 4104
1994 9 2 10 12 22 867 1082 3362 2748 3624
1995 9 2 10 12 563 1249 889 3804 4093 4077
1996 9 2 10 12 529 1044 1014 4064 4105 3587
1997 9 2 10 12 473 1267 839 3841 3397 1640
1998 9 2 10 12 396 771 1206 2953 3153 4054
1999 9 2 10 12 555 939 1016 4106 2564 2404
2000 9 2 10 12 524 1092 990 4107 4108 1937
2001 9 2 10 12 530 1015 1134 2158 4109 4046
2002 9 2 10 12 16 787 1111 3199 4110 3590
2003 9 2 10 12 554 945 1017 4111 2523 2461
2004 9 2 10 12 512 1075 912 3258 3963 1935
2005 9 2 10 12 569 882 1112 2968 4066 4112
2006 9 2 10 12 408 933 1058 3126 4113 1522
2007 9 2 10 12 621 1058 933 4059 4113 2440
2008 9 2 10 12 554 1228 945 4114 2814 4111
2009 9 2 10 12 525 875 1113 3748 2059 3775
2010 9 2 10 12 555 1231 939 4115 2873 4106
2011 9 2 10 12 394 936 1047 3772 2730 4116
2012 9 2 10 12 578 1243 1167 3473 2761 2803
2013 9 2 10 12 221 852 1241 2431 2752 4019
2014 9 2 10 12 590 1246 722 4117 3821 3783
2015 9 2 10 12 571 959 996 2300 2846 3213
2016 9 2 10 12 435 641 1121 3758 3261 4095
2017 9 2 10 12 364 1263 991 4118 4103 3269
2018 9 2 10 12 590 723 1246 4119 3833 4117
2019 9 2 10 12 282 1157 840 4015 3672 2442
2020 9 2 10 12 647 1233 1201 3880 4120 3490
2021 9 2 10 12 586 1212 1032 4121 3809 4122
2022 9 2 10 12 581 1248 1180 3487 2757 2765
2023 9 2 10 12 144 1247 855 4022 2672 2399
2024 9 2 10 12 533 972 971 1880 3974 1427
2025 9 2 10 12 425 912 1061 3007 4123 4043
2026 9 2 10 12 363 1052 1089 4124 4125 2696
2027 9 2 10 12 663 1206 1021 4126 3449 3844
2028 9 2 10 12 608 1245 997 3643 4127 3393
2029 9 2 10 12 415 1174 899 4128 4097 2837
2030 9 2 10 12 399 1253 1244 3444 4129 4130
2031 9 2 10 12 567 1209 866 3595 3966 3616
2032 9 2 10 12 546 1265 772 4073 3882 1344
2033 9 2 10 12 383 1029 889 1507 4078 1527
2034 9 2 10 12 633 1071 932 4039 4131 2801
2035 9 2 10 12 631 1080 956 2746 4132 2825
2036 9 2 10 12 363 1261 1052 4133 4134 4124
2037 9 2 10 12 515 1055 1012 3978 4135 3389
2038 9 2 10 12 663 997 1206 3016 4055 4126
2039 9 2 10 12 369 1045 673 1939 3027 4035
2040 9 2 10 12 402 1037 1195 4045 4136 1991
2041 9 2 10 12 655 1007 924 3967 3774 2894
2042 9 2 10 12 516 1076 953 4137 2657 2111
2043 9 2 10 12 752 869 1263 3499 4138 4139
2044 9 2 10 12 574 990 1092 4140 4108 4141
2045 9 2 10 12 429 1182 1039 3877 3943 3515
2046 9 2 10 12 567 1054 947 3618 2386 1413
2047 9 2 10 12 570 1059 937 3577 2513 1432
2048 9 2 10 12 538 1038 967 3929 4142 4143
2049 9 2 10 12 407 932 1071 3068 4131 1963
2050 9 2 10 12 465 963 1053 2844 3740 1806
2051 9 2 10 12 399 1244 1036 4130 4144 4052
2052 9 2 10 12 373 967 1038 3212 4142 3647
2053 9 2 10 12 548 1194 1097 1303 3216 2768
2054 9 2 10 12 579 1266 1227 3979 4080 4089
2055 9 2 10 12 553 1150 980 4145 2691 1619
2056 9 2 10 12 364 752 1263 3506 4139 4118
2057 9 2 10 12 421 872 1121 1616 4096 3825
2058 9 2 10 12 787 909 1111 3601 4146 4110
2059 9 2 10 12 563 930 1181 3513 3997 4012
2060 9 2 10 12 27 930 1234 3998 3668 4017
2061 9 2 10 12 70 1034 964 3863 4147 2460
2062 9 2 10 12 396 997 1245 4056 4127 2932
2063 9 2 10 12 370 1240 884 4102 4148 3238
2064 9 2 10 12 418 1225 971 3787 4149 3973
2065 9 2 10 12 421 734 1112 3826 4150 4065
2066 9 2 10 12 636 1011 1215 3949 4151 3981
2067 9 2 10 12 403 1250 921 4152 3658 2258
2068 9 2 10 12 477 929 1233 4153 4154 3879
2069 9 2 10 12 30 1002 1066 3813 3956 3670
2070 9 2 10 12 617 1263 869 4104 4138 1341
2071 9 2 10 12 485 1255 880 2980 3465 3921
2072 9 2 10 12 516 988 1076 3791 3999 4137
2073 9 2 10 12 751 1213 1110 3836 4155 3941
2074 9 2 10 12 530 1171 1026 3701 4156 2135
2075 9 2 10 12 545 979 1188 2820 3192 1449
2076 9 2 10 12 590 1262 723 1633 3460 4119
2077 9 2 10 12 10 1111 909 3573 4146 3407
2078 9 2 10 12 399 956 1080 4053 4132 1610
2079 9 2 10 12 571 971 1225 1485 4149 2986
2080 9 2 10 12 569 964 1034 4157 4147 2316
2081 9 2 10 12 477 1192 929 3818 3889 4153
2082 9 2 10 12 36 1043 1064 3933 4081 3693
2083 9 2 10 12 401 922 1148 3079 4094 2658
2084 9 2 10 12 405 1153 923 2686 4090 3088
2085 9 2 10 12 557 1201 1233 4079 4120 4158
2086 9 2 10 12 553 884 1240 3283 4148 4159
2087 9 2 10 12 565 1026 1171 4003 4156 4160
2088 9 2 10 12 538 967 1178 4143 3174 1319
2089 9 2 10 12 350 1014 1044 3054 4105 4062
2090 9 2 10 12 693 1012 1055 3620 4135 3662
2091 9 2 10 12 528 1083 994 1531 4161 3754
2092 9 2 10 12 540 1185 969 2906 3150 2095
2093 9 2 10 12 531 899 1050 3493 3179 3330
2094 9 2 10 12 383 990 1117 1510 4162 3415
2095 9 2 10 12 406 928 1191 2967 4074 2735
2096 9 2 10 12 427 888 1134 2293 4047 4048
2097 9 2 10 12 557 1233 929 4158 4154 3971
2098 9 2 10 12 393 1114 949 1769 4100 3750
2099 9 2 10 12 520 910 1086 3310 3773 3500
2100 9 2 10 12 560 1060 1230 4058 3177 3861
2101 9 2 10 12 353 1221 981 4091 3048 3356
2102 9 2 10 12 445 1170 949 3293 3904 2101
2103 9 2 10 12 394 1047 1196 4116 4163 3991
2104 9 2 10 12 734 964 1112 1618 4164 4150
2105 9 2 10 12 595 1174 1258 3797 4165 3935
2106 9 2 10 12 545 1264 1033 2233 4166 3931
2107 9 2 10 12 398 1081 1072 3686 4167 4070
2108 9 2 10 12 628 1072 1081 2662 4167 2367
2109 9 2 10 12 537 970 1199 2247 3061 3727
2110 9 2 10 12 539 1200 968 3726 3062 2241
2111 9 2 10 12 586 1032 1250 4122 3639 4168
2112 9 2 10 12 362 888 1172 4011 2491 4021
2113 9 2 10 12 402 1154 955 2323 4092 4044
2114 9 2 10 12 386 1212 938 3810 3828 3603
2115 9 2 10 12 737 973 1182 3738 4169 3876
2116 9 2 10 12 556 1061 912 3918 4123 3962
2117 9 2 10 12 574 1092 1093 4141 4170 2916
2118 9 2 10 12 586 1215 1212 4069 3838 4121
2119 9 2 10 12 554 944 1228 2471 3903 4114
2120 9 2 10 12 411 1243 940 2762 4041 2583
2121 9 2 10 12 764 1205 1124 3940 4171 3987
2122 9 2 10 12 555 948 1231 2464 3936 4115
2123 9 2 10 12 412 1248 943 2758 4040 4098
2124 9 2 10 12 544 995 994 1933 4075 4172
2125 9 2 10 12 94 906 1214 3865 3953 4036
2126 9 2 10 12 358 1224 978 3423 3247 3391
2127 9 2 10 12 584 1182 973 3944 4169 1465
2128 9 2 10 12 636 1133 1025 3983 4173 2907
2129 9 2 10 12 403 1025 1133 3713 4173 4174
2130 9 2 10 12 353 982 1222 3717 3914 4083
2131 9 2 10 12 236 1237 1140 4024 4175 3080
2132 9 2 10 12 595 1089 1052 2569 4125 3553
2133 9 2 10 12 648 1134 1015 4049 4109 2958
2134 9 2 10 12 118 1145 1242 3099 4176 4025
2135 9 2 10 12 107 1232 1142 4027 4177 3146
2136 9 2 10 12 574 1117 990 3507 4162 4140
2137 9 2 10 12 558 1238 974 4009 4071 2495
2138 9 2 10 12 565 1239 1091 4178 4179 2350
2139 9 2 10 12 544 994 1083 4172 4161 1976
2140 9 2 10 12 668 1210 1003 3976 3927 3267
2141 9 2 10 12 400 1141 1084 3986 4180 3695
2142 9 2 10 12 624 1084 1141 1323 4180 2488
2143 9 2 10 12 588 1223 998 4181 4182 1552
2144 9 2 10 12 727 998 1223 3742 4182 3830
2145 9 2 10 12 28 1009 1181 3912 4013 3702
2146 9 2 10 12 791 1150 1240 4088 4183 4101
2147 9 2 10 12 589 1196 1047 1654 4163 3890
2148 9 2 10 12 93 1214 929 4037 3972 3888
2149 9 2 10 12 553 1240 1150 4159 4183 4145
2150 9 2 10 12 511 1215 1011 3839 4151 3957
2151 9 2 10 12 606 1244 1253 2994 4129 1721
2152 9 2 10 12 565 1171 1239 4160 4184 4178
2153 9 2 10 12 665 1008 1235 3232 3989 3970
2154 9 2 10 12 569 1112 964 4112 4164 4157
2155 9 2 10 12 733 1236 1013 3847 4072 3770
2156 9 2 10 12 537 1195 1037 2985 4136 3761
2157 9 2 10 12 403 1133 1250 4174 4185 4152
2158 9 2 10 12 351 1093 1092 4026 4170 4186
2159 9 2 10 12 412 1033 1264 4099 4166 4187
2160 9 2 10 12 524 1152 1092 3324 4188 4107
2161 9 2 10 12 685 1052 1261 4067 4134 2034
2162 9 2 10 12 428 1223 1098 3831 4189 3188
2163 9 2 10 12 415 1258 1174 2072 4165 4128
2164 9 2 10 12 539 1036 1244 3762 4144 2995
2165 9 2 10 12 551 1224 1051 3228 3867 3531
2166 9 2 10 12 521 1116 1211 3077 4190 4191
2167 9 2 10 12 521 1211 1189 4191 4192 3336
2168 9 2 10 12 92 1192 984 3660 3817 3598
2169 9 2 10 12 351 1092 1152 4186 4188 2970
2170 9 2 10 12 549 1110 1213 4029 4155 4006
2171 9 2 10 12 588 1098 1223 3868 4189 4181
2172 9 2 10 12 550 1124 1205 2215 4171 3995
2173 9 2 10 12 412 1264 1119 4187 4193 4004
2174 9 2 10 12 566 1091 1239 2213 4179 1423
2175 9 2 10 12 582 1142 1232 3907 4177 3017
2176 9 2 10 12 575 1140 1237 2969 4175 3138
2177 9 2 10 12 586 1250 1133 4168 4185 4068
2178 9 2 10 12 623 1119 1264 2519 4193 2232
2179 9 2 10 12 583 1242 1145 3091 4176 3894
2180 9 2 10 12 363 1189 1261 3457 4194 4133
2181 9 2 10 12 362 1239 1171 1622 4184 4010
2182 9 2 10 12 626 1189 1211 4195 4192 2689
2183 9 2 10 12 625 1211 1116 2529 4190 3744
2184 9 2 10 12 626 1261 1189 1525 4194 4195
$EndElements
